0.00738344118135,0.0127828386718,0.00520833333333,-0.0382846846847,-0.0120978669041,-0.0560785968296,-0.0414745014765,-0.032966601757,-0.0233235063627,0.0109548724657,-0.156313277408,-0.0214669666317,0.04463987532,-0.0216328837565,-0.01248,0.0048309178744,-0.0419555618605,-0.0116429495472,0.0246523388116,-0.027021016346,-0.0156504456319,-0.00931933467028,-0.0278347662624,-0.026883234751,-0.00861801974065,0.00653346543373,0.0511150301513,0.0042735042735
0.0146586510747,0.0604961555201,-0.0414507772021,0.0140439754792,0.00815094931128,0.00395897986029,0.0144230214499,0.0397713439377,0.0716414488767,0.0144405166239,0.0603008614409,-0.0109689534741,0.0559462915601,0.0302669883667,0.00947828904731,0.00961538461538,0.00912506709608,0.0458115183246,-0.108266502159,0.015873015873,0.023848914589,0.0419147416051,0.0633932076953,0.0502508522545,-0.0434782608696,0.0129875811382,0.0549752388169,0.0468085106383
0.0616021426832,0.0284541723666,0.00540540540541,0.0231021638879,0.0101257458263,0.0118301044357,0.018949691186,0.0163956818038,0.0362070809712,0.026693390425,0.0252627324171,0.0147874744177,0.090321929559,0.0124239992084,0.00625952973277,0.0261904761905,-0.00904255319149,-0.0112640801001,0.0674507090972,0,0.0170828536471,0.1072,0.0307693017718,0.0406657173916,0.0181761381386,0.0224355167835,-0.018045633521,-0.00203577235772
0.157033639144,0.0762170790104,0.0215053763441,0.029341654748,0.0400777311733,0.0526381956929,-0.0372057198352,-0.0134434664081,0.0161376344086,0.0450552375882,-0.0123398383599,0.00911040906494,0.0657164013328,0.0323729678659,0.084137491028,0.0116009280742,0.0346678512596,0.143037974684,-0.0379131561892,0.0234375,0.0152681054961,0.0483071841453,0.0671654488144,0.032176433374,0,-0.0188069567788,0.00408818996369,0.00203992518102
-0.00297343729351,-0.0428871585713,-0.0368421052632,-0.0197333333333,-0.0134857650258,0.00925594171743,-0.0579710144928,0.00272435819472,-0.0105819209996,-0.0132671039504,-0.0187210601948,-0.0397111913357,0.00269237450061,-0.0237839771102,-0.0201559511549,-0.0447266055046,-0.0158676207513,-0.0675526024363,-0.013135735938,-0.0419908396947,0.00751424857514,0.00768018905081,0.00699406322767,0.00890871771481,-0.0401801902318,-0.022363804645,0.00610081300813,-0.0528455284553
-0.0473192391809,0,0.0109289617486,0.00446709810435,0,-0.00733684397373,-0.0564061538462,0.0353301344408,0.00800848762791,0.0218569830479,0,0.00751879699248,-0.0213945430922,-0.0155059642468,-0.0234234234234,0.016806754971,0.00896151818661,-0.0510688836105,0.0532423208191,0.00796817828321,-0.026865419828,0.0267735000977,-0.00867873273003,-0.00661194388325,-0.0325627352116,0.00980295024218,-0.0282892014894,0.0257510729614
0.0217739130435,0.0268595041322,-0.00540540540541,0.0356348708592,0.0078195319532,0.0314239732968,0.0108651701514,-0.00918953115115,0.0344956371168,0.0427578947368,-0.0126916975145,0.0130567164179,0.0327934147637,0.0236198064883,-0.00299815498155,-0.00354003029994,0.042626022412,-0.0225281602003,0.0252754374595,0.00790518833321,0.00460458214564,-0.0167491435097,0.0140083806514,0.00443730177919,0.0288525082607,-0.00323774535187,0.00207568258023,-0.00418410041841
0.0637935729847,0.0611167002012,-0.00814782608696,0.00430797181238,0.0348683598474,0.0214976710856,0.0376387096774,0.0344410075958,0.0487052413929,0.0141931315742,0.0149973219068,-0.011049756316,-0.00792732570596,0.00439468788093,0.0240573675688,0.050945971564,0.00851880011059,-0.0102432778489,0.0246523388116,0.0313727458682,0.0167908553794,0.0359078590786,0.0120905903126,0.0199079646018,0.0700865680793,0.0129875811382,0,0.00840336134454
-0.091456,-0.0287982934345,0.00273533047526,-0.0214200550919,-0.0336935219979,-0.045609350426,-0.0155439770198,-0.0345745167249,-0.0488999467969,-0.0435362503484,-0.0401461335498,-0.0484172764761,-0.0373617829993,-0.0273492808704,-0.0705519162714,-0.0135287729944,-0.00844684314229,0.0103492884864,-0.0360888340531,-0.05323226301,-0.0330321485623,-0.0401756516864,-0.044369089889,-0.0303619275034,-0.0480341600502,-0.0833342330573,0.00622742723603,-0.0458333333333
-0.00936883629191,-0.016961561928,-0.0109289617486,-0.00875276587402,-0.00775886128942,0.0386010669828,-0.0157894072025,-0.00795627835608,0.020565637288,-0.00813786500718,0,0.031311252638,0.0360299726298,-0.00562584825533,0,-0.0034267491232,-0.00170203207078,0.056338028169,0.07488,-0.0281062046985,-0.0139750029685,0.0456536552127,-0.00356982150892,-0.0156634786095,-0.00458577549763,0.0419598951739,0.0123777727927,-0.0109205240175
0.0539003057669,0.103525322741,0.0276243093923,0.0485723569885,0.0273402340234,0.0619478117937,0.0855525751761,0.0588235294118,0.0327578146411,0.0327975491019,0.00879641376977,0.0227704676143,0.101602425292,0.0248871766648,0.0917854828257,0.0137614678899,0.0102382580249,0.0521212121212,0.186067281929,0.0495867768595,0.00787451046095,0.043660398436,0.0519672102945,0.0295418181818,-0.00921380342926,0.0167806477138,0.0488796777852,-0.00661900792586
0.00607246474597,0.0273340832396,0.0322580645161,0.0210458238456,0.0418355054211,0.00999645287156,0.0295567667262,0.0656549261484,0.0634063343896,0.0666612487048,0.0567619686426,0.0426747092385,0.0121481364994,-0.00552029298364,0.0318320100913,0.0339366515837,0.0574316799452,-0.0103686635945,0.0296184738956,0.0236220472441,0.0468727272727,0,0.0630348126495,0.0242861784942,0.0883741881112,0.0660037020773,0.0446507350657,0.0488888888889
-0.0539199248877,0.0684331544947,-0.0026,0.0185534632692,-0.0018395879323,0.0247544246139,0.0287082438593,0.00236928726762,0.0321174311927,0.0357142857143,0.0186052046969,-0.00355871886121,0.127092639347,0.0321824681145,0.0225082698116,0.0240700218818,0.0415363676135,-0.0093131548312,0.0475377864456,0.0307692307692,-0.0208958778899,0.0627062706271,0.0144223558053,-0.00215172413793,0.0256465028103,0.0061948240889,-0.00371154623968,0
0.0253065853831,0.0569788891166,-0.0287246841789,0.0141733711635,0,0.00160973735318,0.00930980208298,-0.0354595260808,-0.0200105243696,0.00862528735632,0.014215056276,-0.0321428571429,-0.0148878243788,0.0118333908786,0.0439552711161,-0.00641025641026,0.0306702654771,-0.021151586369,0.0635326972306,0.0261134328358,0.00457650827116,0.0491858317945,0.0331775116298,-0.0194349220391,-0.0208398417161,-0.0369245598852,0.00932537313433,-0.00423728813559
0.00622234513274,0.037037037037,0.0376344086022,0.0399202871706,0.0292594737858,0.0643067479574,0.0460754061736,0.0269607950393,0.0997736046208,0.0598242287215,0.0299900161278,0.0387424354244,0.0561483295435,0.0903337883112,0.0210185933711,0.0354821505376,0.00297349513977,0.0732292917167,0.0428884026258,0.0581821566962,0.0318643896779,-0.02496,0.0565732402739,0.0572612704051,0.0765989125666,0.022363804645,-0.00739373720883,0.0127659574468
-0.0429435206816,-0.0276738967838,-0.00776787564767,-0.0172714541926,-0.0213165075034,-0.0211406192156,-0.0264318112134,-0.0167037387399,-0.00411712698434,-0.0430107526882,0.00193863475376,0.00355240796421,-0.0388539251408,-0.0126702325405,-0.0205859065717,-0.00415369329793,-0.0415431383467,-0.0246085011186,-0.0738564834243,-0.0274915600911,-0.0220553363549,-0.0320807351493,0.0158683851339,-0.02708,-0.0316231400877,-0.00937407890859,-0.0186160703645,0.0336134453782
0.0063895469883,0,-0.00783704297841,-0.0097625,0.00362432479526,0.0185118834349,-0.0588165025032,-0.0291300843308,0.0248446381958,-0.00843146067416,0.00193488372093,0.00531258141616,0.0234000758176,0.00394782341415,-0.010576663972,-0.00938312305839,0.00929524168413,0.0756880733945,0.0530131400091,-0.00352793514027,0.039096090391,0.00661185047046,0.00854700854701,0.00856528114679,0,-0.00946278379053,-0.0189813465462,-0.0243902439024
0.0509345127693,-0.005,-0.00526315789474,0.0216867165705,0.00362859821522,-0.00454385553471,-0.0576920857997,-0.0249959827885,-0.0282892014894,-0.0283196751033,-0.017417462027,-0.0299323943662,-0.0415880926724,-0.00688869966226,-0.0318649145503,-0.0178964210526,0.009201857484,-0.00533049040512,0.143072289157,-0.0283687943262,-0.0217090069284,-0.0229894736842,-0.0296610169492,-0.0191048183276,-0.00408038355605,-0.041404280427,-0.0947747613919,-0.0375
0.0666576160739,-0.0100502512563,0.010582010582,0.075293129224,0.0162091096234,0.0745845235641,0.040812078318,0.0410234576718,0.0395044973123,0.0408068067321,0.0157608284829,0.0235964387555,0.00435683918344,0.0207901810229,0.0439552711161,0.0160789128899,0.0577444814404,-0.0042872454448,0.00734048560136,0.0401401459854,0.0325434765502,0.0470608515773,0.0327510917031,-0.00433590070372,0.024582607805,0.0232554235609,-0.0940170940171,0
0.0596919943999,0.00683326825459,-0.00784921465969,-0.0179476278567,0.0124097780199,0.0113274077593,0,-0.049261863613,0.048,-0.00559330237895,0.0407069767442,-0.0124141843972,0.036662585272,0.0349198259671,-0.0158313123147,0.0042194092827,-0.00574193360343,-0.0182992465016,0,0.0105319889515,0.012893853152,0.122242344419,0.0211416490486,0.0108660869565,0.0120088973308,-0.0357144810163,0.00943396226415,0.021645021645
-0.0214388662023,0.0672871824704,0.0290194025566,0.0365629643496,0.047281959881,0.00700936689881,-0.0588235294118,-0.0207266588034,0.106870229008,0.0225351097009,0.0130144088098,0.0754041663315,0.0749839705733,-0.00937468652252,0.0963104935314,0.0283596638655,0.0375674249531,0.122807017544,0.131352765321,0.0486111111111,0.0169760923951,0.0773857551529,0.0124223602484,0.0387166923585,-0.0237204420572,0.0808116323383,-0.00233271028037,0.0296610169492
-0.0904571954587,-0.0914789244186,-0.0179446153846,0.00176084159198,-0.0300875010035,-0.0347759788312,-0.0104125,-0.021160622349,-0.103448275862,0.0165200373772,0.0404475346769,0.0267112566578,-0.113357400722,-0.0614937079417,-0.131743256743,-0.0531155107097,-0.0139291112775,-0.109375,-0.129149463254,-0.12582781457,-0.0097381879387,-0.0386029411765,-0.0858895705521,-0.00828154606527,-0.0242841242538,-0.0249231318145,-0.0281029391927,-0.0246913580247
0.0211186829499,-0.0555944405559,0.0600477909231,0.0088,0,0.00144041335217,-0.0157894072025,0.0297296775626,-0.0230769230769,-0.00813445261551,0.0406390990196,0.0276449499706,-0.0623141198131,-0.0493874388174,-0.0252409032072,-0.0323625154046,0.0113035629862,-0.00986842105263,0.118528351982,-0.0265212121212,0.0126403182727,-0.0428439912188,0.0492170022371,-0.00418203195981,-0.033197656331,0.063895047246,-0.0578311023379,0.0253164556962
-0.0678604466764,-0.110217046056,0.0689655172414,-0.106454747518,-0.0896690999983,-0.129497137236,-0.0855654093458,-0.031495583308,-0.098431496063,-0.0928882438316,-0.0695961143528,0.00474430379747,-0.0769143633892,-0.131498029181,-0.1412025083,-0.0735787265618,-0.0782122113614,-0.077519379845,-0.152255001695,-0.0933857953979,-0.091537053347,-0.158996744599,-0.138592750533,-0.0838577236318,-0.098708821045,-0.0510495169693,-0.0741807706158,-0.0452674897119
0.0094988303679,0.0743693479296,-0.0345585253456,0.0527375,0.0227297523366,0.0809952242879,0.122807017544,0,0.0611357983287,0.0722891566265,0.0601919977577,-0.0157480711762,0.0833231071297,0.0647142687418,0.0268018211494,-0.00120144635658,0.0530283237794,-0.015606242497,0.1562,0.0214662418283,0.0228970824112,0.041259787103,0.0420792079208,-0.0549201095473,0.042843754184,-0.0221515107906,0.0303914288745,0.00431034482759
-0.0783652833368,-0.146195591981,0.00715605859262,-0.0352533276339,-0.0555437024394,-0.0428179792123,-0.0520875,-0.0189719074484,-0.0699527239686,-0.0505707865169,-0.04646397885,0.0240026214467,-0.104893520616,-0.0642177265474,-0.130678490755,-0.0144578313253,-0.051795474281,0.0475609756098,-0.0878740702301,-0.046225210084,-0.0238781677526,-0.0330348090571,-0.0783847980998,-0.0411585129628,-0.0913111082581,-0.0258910613155,-0.0294950326865,-0.0472103004292
0.0272,0.0945647943962,-0.0592379146919,-0.00577230769231,-0.00393448795181,-0.0303511085469,-0.0494507668166,-0.0607734534138,0.0265486725664,-0.0147883056881,0.00904553961323,-0.06875,0.0585927613262,0.0110181011662,0.0901741892022,0.0207804400978,-0.0166921910713,0.0209545983702,0.0149819836905,-0.00439826888648,-0.0305829363889,-0.0716470074268,-0.00257731958763,-0.00252121212121,-0.0201098901099,-0.0232554235609,-0.0110498214349,-0.0135135135135
-0.019878356327,0.0124437070396,0.00755261439752,0.0154739357027,-0.0236056774584,0.0148324443783,0,0.00588139536105,-0.0172413793103,0.0150102823317,0.0160741885626,0.0184536912752,0,-0.00726535041162,-0.0792725988701,-0.0239521417047,0.00771687067589,-0.0205245153934,0,-0.0132814159292,-0.00630850310706,-0.0368,-0.00258397932817,-0.0101265412596,-0.0102532882616,-0.0204061757039,-0.0390975561793,0.0228310502283
-0.0337520811261,-0.0935268640993,0.007504,-0.00571735075764,-0.014130308544,0,0.0115699956994,-0.00877051020355,-0.0526315789474,0,0,0.011534791525,0,-0.0256385885707,-0.0262703739214,0.0392638807634,-0.00765777660417,0,0.0655829596413,-0.0089686742147,-0.00634855297321,0.030584326754,-0.0181347150259,0.0332438537336,0,-0.0138894574632,0.0116279069767,-0.0290214285714
-0.0559210526316,0.089617768595,0.0248137972653,-0.0172384198524,-0.0347522186445,-0.0178612559415,-0.108575503655,0.0707954347952,-0.0138962962963,-0.0414110429448,0.0193692323294,0.0113980456026,-0.0184498904164,-0.0501268107106,0.0115202835762,-0.00708383864716,-0.0108004883699,0.0512223515716,0,-0.0452491963743,-0.00159860639761,0.0666540248412,-0.0369393139842,-0.0841504950495,-0.0414542158339,-0.0140850917458,-0.0229885057471,-0.0482723614616
-0.103700016592,-0.0369755866319,-0.0217955572085,-0.042878886172,-0.0762784264269,-0.0528846153846,-0.224353846154,0.00275437379804,-0.0281692256843,-0.0524641975309,-0.0327961268073,0,-0.0714111724586,-0.0659683444372,-0.0265745157208,-0.00118716040363,-0.08112855244,-0.0675526024363,-0.0273540241978,-0.0379149794501,-0.0287997106198,-0.0903111111111,-0.115068493151,-0.0351478041271,-0.102705258536,-0.0321396991152,-0.0235294117647,-0.0024193236715
0.00823768974454,0.14742800886,-0.0173227722772,0.0733195166777,0.032106051264,0.0750391121816,0.0247932245076,0.0796721488378,0.120781609906,0.0846796889658,0.0499880001371,-0.0515299234265,0.0445066235299,0.0875731838047,0.0625,0.0380952380952,0.0899877731664,0,-0.0351541373716,0.0640477954506,0.0477778873224,0.015341020129,0.0959752321981,-0.00838995356842,0.0783273110509,0.0332069608452,0.0301108433735,0.00242519099348
-0.0450748186909,-0.016731016731,0.015113289216,0.00948460118527,-0.0311073181139,0.0389576397177,0.00805156095767,-0.0127251085791,-0.0732827586207,0.0270223520593,0.022106122449,0,-0.0697752291658,-0.022076477873,-0.0368,0.0045871559633,-0.0233669592145,-0.0154394299287,-0.11677877429,0.00925925925926,-0.0157242403174,-0.0902704263305,-0.00847457627119,0.0593169779256,-0.0446961499529,-0.0178593985912,-0.017534666991,-0.048309178744
-0.0472024610652,-0.143979057592,-0.0223363877464,-0.0169142857143,-0.00229014357439,-0.0437446465461,-0.175988326325,0.0180429330695,-0.0372095792341,-0.0116960158692,-0.0266117181011,-0.0560246004064,-0.0874730021598,-0.0491426208536,-0.0419190932187,-0.0936073059361,0.00159345148062,-0.0940892641737,0.008250475989,-0.0366972477064,-0.0335441794263,-0.0496138791918,0.048433048433,-0.018670853671,-0.128651551967,-0.0581782770067,-0.0505904761905,0.010152284264
0.121582080517,0.132772680938,0.00761827411168,0.0439677431197,-0.0114990730114,0.0637237338504,-0.00971642938696,0.0683523477192,0.120781609906,0.068052715292,0.0803439561522,0.0107913669065,0.150690335306,0.0712383126767,0.123508414074,0.0856423173804,0.0477759472817,0.375499334221,0.122954259337,0.0333257142857,0.042973408143,0.0304986642921,0.054347826087,0.0434782608696,0.0671139532446,0.0887985693383,0.0689551400369,0.0201005025126
-0.0401223461677,-0.0235095613048,-0.0403021045759,-0.0402874156039,-0.053475338826,-0.0460863276567,-0.166658823529,-0.0521327816279,-0.0862068965517,-0.0304754813318,-0.0538019868153,-0.0444868327402,-0.0793623585876,-0.0521528429706,-0.0816085693537,-0.0162412993039,-0.0486342335676,-0.0590513068732,-0.0730568011958,-0.0552999469121,-0.012676969119,-0.0885720457982,-0.0489690721649,-0.0520833333333,-0.100636592267,-0.0602819088574,-0.061579174565,-0.00985221674877
0.112933458294,0.050109434397,0.0288670703745,0.030534351145,0.0589498018494,0.0257661830531,0.082333342745,0.0700021425128,0.0707471698113,0.034286027758,0.0133885571181,0.0465580530594,0.10342580525,0.050886702804,0.119699515667,0.0176867924528,0.0127760584604,0.116255144033,0.149566619633,0.0195123474134,0.0433381184394,0.0647072766058,0,-0.021978021978,0.111897583781,0.0377342900907,0.0125,0.0945273631841
0.0901894736842,0.049473453269,0.0255102040816,-0.011117037037,0.0278452251008,0.0298268705072,0.0434873346725,0.0186927193923,0.0176212695772,0.00277571514444,0.0280391597757,-0.00889964412811,0.0234539778959,-0.0157036055886,0.0276306497175,0.0475106326964,0.0394365295854,0.119815668203,0.0412063826056,0.10048689368,-0.0138459807271,0.104407836153,-0.00813008130081,0.0140404494382,0.0880422823012,0.0218222129672,0.0678913580247,0.113636363636
0.00347597713579,0.00909375979931,0.00746666666667,-0.00373934825078,0,-0.00152385072162,0.041675,-0.0206429156429,0.0303101666505,0.0275392725542,-0.00480769230769,-0.0107720237616,0.099208639024,0.0558589099943,0,0.0154867256637,0.0379326001801,0.0641975308642,0.019703603907,-0.00869565217391,0.00311720374894,0.0865752872405,0.0327868852459,0.0110803815197,0,0.0177898188052,0.00867522474196,-0.0285714285714
0.0103148333462,0.0107727366895,0.00740342754201,-0.0169142857143,-0.0361067163694,-0.00305235277321,-0.0599995200038,-0.0117118736907,-0.00840336134454,-0.0375250939414,-0.00161030595813,0.00725954921103,-0.0485957478721,-0.0151223636965,-0.0335881797096,-0.00762701525054,-0.0073107436791,-0.0162412993039,-0.0259289843105,-0.0131649122807,0.00777654832939,0.00723495037566,-0.0767195767196,-0.0328768564465,-0.0635823536847,-0.00349224110009,-0.0802295941758,0.0210084033613
0.0374095238095,0.0515474482476,-0.00490196078431,0.0860387425201,0.0187296233839,0.0183800653821,0.0212679041029,0.0331784834869,0.0466033898305,0.0417691731736,0.0339019851117,0.0054083038798,0.102195246916,0.034529097764,0.0486222222222,-0.00439078707493,0.00589316124406,0.112421383648,0.0596812478806,0.0444447604961,0.01388874637,0.0108665622986,0.0315186246418,0.0566574806005,0.0308546744832,0.0210505165118,0.0591953106308,0.0617283950617
0.0951086956522,0.00175421498879,-0.022163546798,-0.00528450704225,0.0482696212589,0.0255644347894,0.072925,0.0298157248157,0.00405508699651,0.00802573711861,-0.00156001560016,-0.00896344086022,0.0132303511407,0.0197733997258,0,0,0.0146428757063,0.00636042402827,0.08128,0.0255320887291,0.0426186536311,0.0390817163159,-0.00277777777778,0.0107239065905,0.0419223286441,0.0103082639749,0.0794164705882,-0.0213209302326
-0.0389645228355,0,0.0277036666855,-0.0035341693003,-0.0285082640278,0.00586299504482,-0.145629936855,-0.0200452519276,-0.0282322580645,0.0159236750076,0.00312490610258,0.00542786380575,-0.019586391869,-0.0145424952233,-0.0529795710774,-0.0165363025999,-0.00433239416005,0.0849719101124,0.00577093814738,-0.0331952411302,-0.0175164413813,0.0102577590742,-0.008356545961,0.0291820867144,-0.0229814891287,0.00680587780356,-0.0272565569196,0.0178250069703
0.0965806001396,0.0168304309758,0.00490196078431,0.0106514794985,0.0406363104397,0.00728602587244,0.0227179752911,0.00681707515014,0.0456500956023,-0.0104438206002,0.00781788228246,0.0251798561151,0.0266369101184,-0.0110708173255,0.0873612602936,0.0212986547085,0.0101504560723,-0.0226537216828,0.04590260409,-0.025751249794,0.0222846867497,0.0814024125662,0.0365168539326,-0.0283546391753,-0.00588051528015,-0.0135140517688,0.0448181280364,-0.0350194552529
-0.0227185948835,0,0.00975609756098,0.0087845589724,-0.00433188937021,0.00289332947556,-0.0444533333333,-0.0316016443656,-0.0396825396825,-0.0184738006383,0,0.0192954385965,0.00326075523299,0.00994820157816,-0.00963121501482,-0.00768212106629,0.0315569655253,0.0596026490066,0.0220846813898,0.0264319043658,-0.00290426554942,0.00938929459915,-0.0162601626016,0.0159236750076,-0.0236796864891,0.00684670758156,0.0080472195055,0.0120967741935
0.00579540274793,-0.00497512437811,-0.0169043478261,-0.0714261821669,-0.0631902610442,-0.0533907848082,0.0116373175564,-0.0909068208208,-0.0413223140496,-0.0456946236559,-0.0557272781311,-0.0172117513577,-0.0647235618928,-0.0406351108448,-0.00324162580002,-0.0243362831858,-0.076489550049,-0.1375,-0.123726947426,-0.0600862495193,-0.0408169199752,-0.0962792176817,-0.0165289256198,-0.0417752824009,-0.0424303241442,-0.0408180802612,-0.0531914893617,-0.0517928286853
0.069403081704,0.0250961538462,-0.0172028807749,0.0206409625245,0.00698863509501,-0.0304868457273,-0.0229793103448,0.00512735995898,0.00430344827586,0,-0.0213087406755,0,0.0242134369629,-0.0269551205986,0.0293529019346,-0.031746031746,-0.0015122931099,0.0442028985507,0.0675357311136,-0.0228239110423,-0.00607839768788,-0.0240168910003,-0.00560224089636,-0.0517752511161,-0.00632723677706,-0.0531864062593,0.0309033707865,-0.0168067226891
0.0972878072406,0.166119500985,0.025,0.0606588235294,0.060044345898,0.0220149064544,0.105881356411,0.102037748911,0.0815524913476,0.0816852656439,0.0988293561459,0.0157646676418,0.111492156147,0.0765201987138,0.139176928062,0.120607025761,0.0573170451851,0.271339347675,0.126379284979,0.0747663551402,0.044344241044,0.225347034433,0.0929577464789,0.0747218390805,0.0573276290916,0.0561741050308,-0.0299769810268,0.0405948717949
0.073875862069,0.0307271557272,0.0243902439024,0.0363924752651,0.0566432396252,-0.0461572043736,0.127658488013,-0.0902756252092,0.00793650793651,-0.00781666666667,0.0701261451108,0.0120662068966,0.0364668811134,0.00121628389497,-0.022187455554,0.0386642234721,0.0185498690512,0.0518558951965,0.0918234064786,-0.0347826086957,-0.0366054304545,-0.00573782551125,-0.0335051546392,-0.0267462952189,-0.0240891297802,0.0141850325509,0.0786516853933,0.0102702596148
0.0137690094533,0.074527860153,-0.0238095238095,0.021747273564,0.0742141103809,0.0354817234277,0.16981003917,-0.0152692216831,0.0669228346457,0.0131192151988,0.0327380138391,-0.0477003003756,0.0146625708585,0.139535991615,0.0681454545455,0.0251492957746,0.0588197690111,0.0404774260509,0.10288311999,0.0540540540541,0.0227977808543,0.1069103285,0.101333333333,0.0576879120879,0.141970070966,-0.0244751332411,0.0442666666667,0.0569105691057
0.110885870667,0.0517103638608,0.0634146341463,0.045826393908,0.0249516262784,0.0560751418956,0.120966961503,0.0723535789255,0.0885614084806,0.0751425918557,0.102092161017,0.0715565554392,0.112734082397,0.0139632107023,0.0532443657656,0.0392542323913,0.0621733851221,-0.00199501246883,-0.0169215750081,0.025641025641,0.0772628022092,0.0495956152664,-0.00484261501211,0.0389653567391,0.118916545645,0.0860252703005,-0.0249297752809,0.05
-0.0611313868613,-0.00959878461432,-0.0206385321101,0.0140819678699,0.0430788040058,0.00294881429129,0,-0.0192782591487,0.00677969778819,0.0120442909136,0.0500540670431,-0.0317169461554,0.018175698418,-0.00105137296941,-0.0151916736699,0.0377715395982,0.0161871980295,0.0149925037481,0.120600242745,0.05,0.00414094815331,-0.106985926256,-0.0462287104623,-0.04,0.0386507696951,0.0197999988883,0.0460274331358,-0.003663003663
0.00651117589893,-0.00244038488356,0.00936764639758,0.0154271604938,0.00537791950358,-0.014700721758,-0.0503651777544,-0.0466842430809,0.020202129035,0.0190476190476,0.00118998581171,-0.0172413793103,0,0.0477124048125,0.0256662728108,-0.0272975829628,0.0122562120101,-0.0295420974889,0,-0.015873015873,-0.0329681370422,0.086358125936,-0.0433673469388,0,-0.0697606835123,-0.0388365919732,-0.00977998935937,0.00735294117647
0.00646905474558,0.0388620954777,0.01392106201,-0.0136754464459,-0.0249969996743,-0.00746002868501,0.0378727272727,-0.0103076179739,-0.0528055593693,-0.0327177570093,0.00475428571429,0.0578919298246,0.0127548209366,-0.0121432370147,-0.04,-0.0224509222839,-0.00242524712961,0.0172501268392,-0.0500196927924,0.0483870967742,0.0142054309327,0.01798608376,0.056,0.03125,0.0299906279288,0.0370372470738,0.0963006273605,-0.0255474452555
0.0878261703761,-0.0724618179372,0.0160145866743,0.0878251779974,0.00182876435316,0.0225482969974,0.0437958761803,0.00260374288039,0.0174272748559,0.00483868474346,0.0130351699349,-0.0149227593307,0.015123901749,0.0327899905289,-0.0468666666667,-0.0114832711706,0.0364117556547,-0.0822942643392,-0.0242537313433,0.0115323076923,0.008404809134,0.0528759350013,-0.0227272727273,0.0151595959596,0.0291325447376,-0.00973931873985,0,0.0149812734082
0.0668900745183,0,0.0157693693694,0.0509917325404,0.0054938304109,0.011770061743,-0.027960995586,0.0233774665523,0.0205479452055,0.0384615384615,-0.0339089622959,0.016835016835,-0.00994131675554,-0.0218255883545,0.0272784500245,-0.00968055710444,-0.00820115089286,-0.0375,0.157637561079,0.0646452601993,0.00694024371661,-0.0908868201862,-0.0077519379845,-0.0273669463328,0.0377389074726,-0.0327855273185,-0.0608144144144,0.00369003690037
-0.0479418085634,-0.0100826925867,0.0487803147483,0.0242631774153,-0.0272666969242,-0.0377959841767,-0.0791477459123,0.0253811017057,0.0134228187919,-0.0162074074074,0.016945212803,0.0413880794702,0.0451174623796,-0.0628817857953,-0.061142506979,-0.112413079043,-0.0141668163583,-0.0344438170525,0.103964030097,-0.0392914285714,-0.0372410187741,-0.0447318781999,-0.0078125,-0.0383671064262,0.027264207208,-0.0203426796613,-0.0599484314568,0
0.0619899288071,0.0865391661171,-0.0274874334463,-0.00657684210526,0.0429796855933,0.0226604056661,0.0312564453528,0.012374213906,0.0264900662252,0.0305845857302,0.0285714285714,-0.033383868703,0.0263887090509,0.0162277145354,0.0765102618029,-0.011013215859,0.0107808362285,-0.0964912280702,0.00648325160003,0.0074349884609,0.0100311986473,0.00550070521862,-0.0157480314961,0.0159659574468,0,0.00692364178896,-0.030612244898,0.0257352941176
0.0219097449313,0.0432964661451,0.00217739130435,0.0264900100874,0.0268930986424,0.00442975269596,0.166672727273,-0.0244502940059,0.0870916129032,-0.0182649736254,0.0555555555556,0,0.0326991976586,0.0117199643531,0.0210185933711,0.00668151447661,0.0236932081072,0.168932038835,0.0483937567099,0.0479766670209,0.00850738737379,-0.0219525880208,0.0426666666667,0.0287830049591,0,0.0584173544631,0.0131536842105,0.0358422939068
-0.11072,0.0213316095669,0.032534377321,0.00128825540489,0.0296571830703,0.0294204121893,0.0194804182835,0.0100279224615,0.0504500911577,0.00698051706431,0.0109684210526,0.0345368421053,0.0475201563645,-0.0200034824291,0.115993665875,-0.0542053097345,0.0150503046454,0.0669988925803,0.0523040567152,-0.0211267605634,-0.0210937317341,-0.0251703119398,-0.0460358056266,-0.0305344754584,-0.0354012883249,0.00973931873985,-0.0259658221956,-0.0155737024221
-0.0120546959338,-0.102215189873,0.0105075630252,-0.00515463917526,-0.00507713337239,-0.0157178525691,0.0382163657765,-0.02977622421,-0.045197740113,0.00230578219227,-0.0325482601362,-0.0158982916332,-0.0107988338192,0.0053720735786,-0.0161404753459,0.0152065781644,0.00227843123648,0.0991177996886,-0.0262744217382,0.00719424460432,0.00718434729441,0.0890834191555,0,-0.0629923905192,-0.00458577549763,0.0257246219834,0.0453288732635,-0.0122995073448
-0.0528136951375,-0.0427916813535,-0.0166319613074,-0.0181388601036,-0.0460091593065,-0.0333791993111,0.0245299409573,-0.0127901879486,-0.0414201183432,-0.052984722468,-0.024645916742,-0.0080749804846,0.0130859190795,-0.0181612158763,-0.0540231957214,-0.0334119815668,-0.0193399492269,-0.0571293673277,-0.0360547355474,-0.0357142857143,-0.00142756867506,0.00790273556231,-0.0160857908847,0.0252236424589,-0.0506903154288,0.0282157150551,-0.0331591836735,-0.00355871886121
-0.137377427418,0.0511120930918,-0.00422831550676,-0.0079113790454,0.0410787456924,-0.0060135377226,-0.065863788569,0.00777538795994,0.0154271604938,0.0754138183404,0.0597620991768,0.0228013029316,0.0194102450718,0.0642053215031,-0.0173421420404,-0.0143027686346,0.0800444789607,0.0956434651978,0.0934683786586,-0.0148148148148,0.00285446954837,0.0209087253719,0.0245231607629,-0.0136741973841,-0.0194115862906,0.0487773567078,0.0501190496293,-0.0142857142857
0.049760392288,0.00364349775785,-0.0233578824361,-0.0106382978723,-0.0188725853466,-0.00151004422968,0,-0.048844296756,-0.00607905691943,-0.0158263589239,-0.0151808583745,-0.0414012738854,-0.0126937741147,-0.00613863159256,0.0656151011701,0.0241838436447,0.0182597658697,0.00776965265082,-0.0256728174458,0.015037593985,0.0185225529013,-0.105093868977,0,0.00831471829238,-0.0940612434272,0,0.0326756396031,-0.0308
-0.161101969319,-0.0387461602904,0.0130434782609,-0.0188215053763,0.010490625577,-0.00604931164688,-0.0384615384615,0.00270225928178,-0.0122324757552,0.0137856964204,-0.00881755899518,-0.0132890365449,0.00855590241646,-0.0072076400985,-0.0805629701529,-0.0247915462414,0.00949578708038,-0.110204081633,0.0672954562467,0.0111051851852,-0.0125872435006,-0.12036969119,-0.0212765957447,-0.0412131868132,0.00546280173444,-0.0116235231907,-0.0365001012162,-0.00560450274244
0.0366995697292,0.109666642458,0.00644120171674,0.0150707509951,0.0103817148932,0.00456459640133,0.1,-0.0134796962376,0.024767924547,0.0136127478014,0.0377813333333,-0.00673400673401,0.112530092858,0,0.0515307468989,0.0169491525424,0.0104504504505,0.123853211009,0.054776265956,-0.0109832145536,-0.00425237341772,0.0423615743829,0.00815217391304,-0.00572151620179,0.032615708513,0.0147027498303,-0.0656646464646,-0.015037593985
0.0735473632812,0.0181949080437,0.00426437777611,-0.0458797211978,0.061650253999,0.0166705753596,0.0181818181818,0.0109320806076,0.0211529723407,0.011182062883,-0.0342679768121,0.00847186440678,0.00764585866496,-0.0217597354145,0.147079124051,0.0130933333333,-0.0392978518083,0.0235827664399,0.0129662876521,0.0333274074074,0.0810833818084,0.00624,0.0431266846361,0.0806912705878,0.0736776336342,0.0985524934704,0.156766761226,-0.00763358778626
-0.0659503098527,-0.0133701870541,-0.0148653422833,-0.0183943006635,-0.0387134738374,-0.0149074412257,0.0952428571429,-0.0405435401527,-0.00296331360947,-0.0243398230088,0.0110900615168,-0.013445414307,-0.024624698327,-0.0116475632885,-0.136754006892,-0.0376028909103,-0.0161481392518,0.00753212228622,-0.0948536169095,-0.0286739995642,-0.0276341461281,-0.040387979011,-0.0129198966408,-0.0346622521077,-0.0588208269525,-0.0184693052235,-0.0257046728972,-0.0307692307692
-0.0869803396433,0.0271027428497,-0.00862068965517,-0.017291146011,0.00167533869227,0.0257193314535,-0.0163042769379,0.0507061237628,0.0148416134913,0.0158767015935,0.0153473684211,-0.0494011568004,0.0757181799119,-0.00750891683875,-0.0197706102275,-0.0280811293404,0.0339194655451,0.0839929639402,0.0849952860976,-0.0332046240863,0.0378896601988,-0.00969345484673,0.0261780104712,0.0138076127504,0,0.0322548513578,-0.00959236294432,-0.0436507936508
-0.00593333333333,-0.135426577862,0.0108730434783,-0.0146581332933,-0.0117238384716,-0.0707905675992,-0.0331490247557,-0.0268100749591,-0.0116959064327,-0.0156285714286,-0.0215845238342,0.00895770609319,-0.0595504960917,-0.0302313851586,-0.11616781951,-0.0113085427136,-0.0317494391791,-0.119675456389,-0.0495956152664,-0.0343572519084,-0.0208583478905,-0.016313896093,-0.0688775510204,-0.0217982700893,-0.0312566100978,-0.0390587306461,-0.058111605275,0.0311170124481
0.0179733082959,0.0910491562729,0.0301074232863,0.00595238095238,0.0152639458439,0.00952039719507,-0.0171427787759,0.0798915957169,0.0325396449704,0.0158767015935,-0.00663304229889,0.0177620398211,0.0824731583966,0.0133602054416,0.0400087770626,0,0.0426232415834,0.0322580645161,0.0466980800338,0.0592952366497,0.00132809767716,-0.0365708453819,0.00821917808219,-0.0111420116233,-0.0161241560012,0.0162585297944,0.0231322288215,0.0261602451839
0.0999407075565,-0.0613274157757,-0.0229677729678,0.00739408284024,0,0.00471530700198,0.00580462416454,-0.0408187432819,0.037254038987,0.00892857142857,0.00221866666667,-0.0104712334275,0.00798468166587,0.0494536044995,-0.0302412265279,0.0216030934752,0.00209985752865,0.0116071428571,-0.0131021971377,-0.0149253731343,-0.026593040272,0.0723870056497,-0.0380434782609,0.00562476338135,-0.0437194851309,0.00533130920246,-0.0402013282519,-0.0117647058824
-0.0267129851461,0.0429113833369,0.0106871794872,0.0205627502209,0.00666773521398,0.00625756964069,0.231219566333,-0.0159548705091,0.0414320441989,0.0199079646018,0.0421252048788,0,0.0369286881198,0.0230368732615,0.0594676916383,-0.0124378109453,0.0177822103627,0.0728155339806,0.148897058824,0.00378181818182,-0.0150291590211,0.112611129404,0.0310734463277,0.0168157616393,0.0457182640984,-0.0106060741442,0.0183289493525,0.00793650793651
0.0110153846154,-0.0340019233411,0.00633909060773,0.0100650128,-0.028182020826,-0.00466399197593,-0.0328676056338,0.048645492535,-0.015915186908,0.0216989907123,0.0191592793823,0.0299852697997,-0.0610596123548,-0.00102581467612,-0.0160175234445,0.0277078085642,-0.00719293216231,0.0711641299877,-0.0138666666667,0.0339685069797,0.0319003241678,0,-0.0520547945205,0.0633650099614,0.0109256034689,0.00804208434932,0.0282818643984,0.00393700787402
-0.0108953679469,0.0407452179478,-0.00420168067227,0.0227921266878,-0.00683203355397,-0.00624779563662,-0.00484662076358,0.0077353150956,0.00809060092982,-0.00637280213061,0.0313051146384,-0.0222630136986,0.0243888162644,-0.0368874931459,-0.010852173913,-0.00612941176471,0.0331224570154,0.0134408602151,-0.0727720689862,-0.0474510948905,-0.0537623837591,-0.023157738976,0.0260115606936,-0.015552202676,0.124320308014,0.0425504275648,-0.015008,-0.0196078431373
0.0659076923077,0.0284913910905,-0.014764556962,0.0153226309644,-0.0103102987512,0.0267302134564,-0.00976386433614,-0.0460373705456,0.0133647058824,0.0619623931624,0.0182284581601,0.00175412050191,0.0158657600518,0.0191501475079,0.0713833602926,-0.00369717128912,0.0130295145947,0.0856384994316,-0.0101749837978,-0.0344768397048,-0.015626918536,0.0147693705976,0.0253521126761,-0.04736,0,-0.0255091518433,-0.0101523667197,-0.004
0.0670284625599,0.148807546668,-0.0128479217202,0.00411743016171,0.019101910191,0.00612339631214,0.0738919168154,0.024129546129,0.0369394699292,0.0181054908829,0.0178830445072,-0.0192335664336,0.0599032548373,0.00626682240618,0.00512012603387,-0.0235168316832,0.00494110801212,-0.0244328097731,-0.0229817324691,0.0198349206349,0.00288810742608,0.0437378713241,0.010989010989,0.0138076127504,0.0144337638931,0.0183242726066,-0.0025600210053,0.0301172690763
-0.0241315874905,-0.0331347944255,0,-0.0491803278689,-0.0408897612038,-0.0258758626106,-0.0321028701023,-0.0471220583768,-0.0330749438166,-0.0217297816903,-0.0156188476178,-0.0106952176691,-0.0368647290867,-0.0580890665375,-0.0382053291536,-0.0367534332136,-0.0334642819705,0.0372093023256,-0.00522718134298,-0.0350134475545,-0.0230239711447,0.00564931350114,-0.0135869565217,-0.0435965401786,-0.0521312980264,-0.0565554925333,-0.066830094931,0.00585109037377
0.0495120869372,0.0622607655502,0.0151808583745,0.061783908046,0.0603854024557,0.0343729530911,0.009474845593,0.0851657649615,0.0421052631579,0.0484846917667,0.0297714285714,0.0270299878342,0.0510220948813,0.048447764073,0.0715692265906,0.00131368421053,0.0234262429698,0.0958951362539,0.0578684990569,0.0524129032258,0.0294569847721,0.0610822726303,0.0743801652893,0.105408066516,0.0599968759763,0.0681193407895,0.0523281440082,0.0193798449612
0,0,-0.0042735042735,0.00541270817276,0.00336115533684,0.00907000759893,-0.0046985915493,0.0101249344591,0.0227232323232,0.0134781858091,0.00961840815345,0.00701754385965,0.0461162079511,-0.00209530039453,-0.0197706102275,0.0183968849343,0.00994625690712,-0.00818382121498,0.0248997006941,0,-0.00572186866813,0.0444980565608,0.0205128205128,-0.0128824742268,0,-0.0153046317779,-0.00522726891953,-0.0228136882129
0.00470178033705,-0.0527560385113,0.0107330472103,-0.0376849794132,-0.0584388523802,-0.0149743668961,0,-0.0175410334891,-0.0197531644569,-0.0190054388164,0.0267299342286,0,-0.0301516771348,-0.0273677957248,-0.0505527183399,0.0425827975903,0.0206909301675,-0.0384005077753,-0.126196097925,-0.0191510752556,-0.01150959372,-0.025086616194,0.0402010050251,-0.0365617271573,-0.0235923431721,-0.0362687517999,-0.0210526315789,0.0194552529183
-0.112682721632,0.0278768426058,0.0127388102291,0.00978347461041,-0.0106393844478,0.0212788896948,-0.0660342114499,-0.0153081673924,0.00252293208235,0.0135689922481,-0.0539059990721,0.00348432055749,-0.0263180557709,-0.0162382451743,-0.116974194866,0.0259881188119,0.000964376802087,-0.0145214521452,0.111071606343,0.03125,0.0291090172622,0.0514642974663,-0.0531400966184,0.0135632024421,-0.0144883791126,-0.00268941349053,-0.010752688172,-0.0190839694656
0.0476444444444,0.0225524778812,-0.0167714322132,-0.013846044747,-0.0107537982415,-0.00148756682054,0.0252484848485,-0.0129512708435,-0.0100502512563,-0.0191265189246,0.021614077441,0.0104166666667,0.0589588013656,-0.01209604042,-0.0121057907317,0.00965019956613,0.00578557665033,0.0465505693235,0.025024,0.0189333333333,0.00141545811937,0.0219690805533,0.015306122449,-0.0320852869708,0.0147013782542,-0.0323463717586,-0.0163130434783,0
0,0.0486342815133,0.0149219107142,-0.0070202247191,0.00544404633527,0.0119182637781,0,-0.0446214766044,-0.0304568527919,0.00585109037377,0.00191998818469,0.0103092783505,0.0116096485367,0.0155923241123,0.0305182641274,-0.00955796331271,-0.001915811278,-0.08896,0.0536338661339,0.0408983845257,0.0183608589689,0.0358892699657,0.0201005025126,-0.00553365274119,-0.00965891940839,0.00557361820715,-0.013807856865,-0.0466926070039
-0.0277730640873,-0.00566251415629,-0.00420168067227,-0.0198064615412,-0.0306364281142,-0.013250128227,-0.0738919168154,-0.0384602178807,-0.0261780104712,-0.0135689922481,0.0134325883068,0.0153034013605,-0.0412820555161,-0.0120668316832,-0.0532454745134,-0.0458384479391,-0.016330268972,0.0154548647699,-0.0509037037037,-0.00357714285714,-0.0208011509571,-0.057703677427,-0.0467980295567,-0.0527822222222,-0.190246875952,-0.0304709916719,0.0140011831986,-0.0673502040816
0.0363625785432,0.042412409155,0.027429535865,0.00433132313148,0.00558569491041,-0.00298401147401,0.0372384563339,0.0314285422788,0.0268817204301,0.00589707158215,-0.0132545454545,0.0351786537451,0.0358772972321,0.0255299847727,0.06872,0.0240222989073,0.0185527286775,0.0210999654099,0.0658091908092,0.0215054996731,0.0339907323689,0.0293637846656,0.00516795865633,0.0264071620277,0,0.0285701911417,0.00277571514444,0.0503319048819
0.0977376073654,-0.0135796045786,0.00615685862223,0.0215540229885,0.049903281336,-0.0134778956718,0.0256369230769,-0.00553926199226,0.0261780104712,-0.013675,0.0345488382377,-0.00970873786408,0.0277177346946,0.023809774539,0.00583876038626,-0.00987654320988,0.00863087568135,0.0409891598916,0.0824253075571,0.0105319889515,0.0219201165915,0.0357186395221,0.025706940874,0.0914277355178,-0.0361336946703,0.0361138012829,0.0771346462385,0
-0.0593740411169,-0.00822828208239,0.00816326530612,0.063288746467,-0.0105643920826,0.00911128291953,-0.0199920799683,0.0139252908148,-0.030612244898,0.0277291967658,0.0389520179532,-0.0212444444444,-0.00224886343413,0.00316800724116,-0.00580486715785,-0.0199501246883,0.0209128774731,0.0227790432802,-0.00211073226173,-0.0347222222222,-0.0174255625426,-0.00688559322034,-0.0100250626566,-0.0104711164723,-0.0437558575445,0.010719768807,-0.0179068320948,0.025
-0.0339803185995,0.00829654842312,-0.00202105263158,0.0224846560847,-0.0249077490775,-0.00150321979983,-0.0102122032155,0.00549361612376,-0.0263157894737,0.0154142106691,0.00178286733067,0.005011031749,0.0225231068591,-0.00210191735876,-0.0409461786062,-0.0127226463104,0.0204844878878,0.0467706013363,0.0317279531403,0,-0.0150086405138,0.0416592592593,0,0.0290875844437,-0.026135783563,-0.0159135788129,0.0104166666667,0.0528455284553
0.0803692030617,0.0714700142413,-0.0223155462376,0.0142323709855,0,0,0.0103175683199,0.0136638812057,0.0702702702703,0.00759010978335,-0.0160343617913,-0.04153089701,0.055059547408,-0.0316876444901,0.048782391508,0.0322144329897,-0.0109482295889,0.113373860182,0.0308048152237,0.0215827338129,0.0138512829014,0.0577995221299,0.00253164556962,0.0257152728649,0.0268371946745,0.0242563739377,-0.0103092783505,0.042471042471
-0.0302146280475,-0.0026090381018,-0.0331950207469,-0.0127591836735,0.00182206804723,-0.00753712715017,-0.0357182215583,-0.0188696497493,-0.0277818181818,0.0112933746339,-0.00544347826087,-0.0329262611473,0.00208925162706,-0.0490656932758,-0.0290243357892,-0.0287121672153,0.0415126648015,-0.018837018837,-0.00994441327962,-0.0140845070423,-0.031420889123,0.00419490158116,-0.0757575757576,-0.0275728217631,-0.00653394589076,-0.0473683044124,-0.0989666666667,-0.0129659259259
-0.0167597765363,-0.0166822960367,-0.00214248927039,-0.0258399001133,-0.0419012976111,-0.0166860766679,-0.0581968253968,-0.00274680806188,-0.00778808431412,0.02048721188,-0.0218581146065,-0.0286738351254,-0.0229188540573,-0.0309651070667,-0.0359469609872,-0.0218529562982,0.0292298362644,-0.0578742348358,-0.0462552796951,-0.0357142857143,-0.0310287263076,-0.0167630676949,-0.0273224043716,-0.0257649484536,0,-0.0110455594432,-0.0809256039362,-0.0206349587541
0.00972465034965,0.0588264819555,0.0215053023473,0.0477455607239,0,0.0169692264819,-0.0168538568366,0,0.0418848167539,0.0492729927007,0.018628099469,0.00184206642066,0.051180497989,0.0141981990281,0.040387979011,-0.0302213513195,0.0197929487347,0.0614294152392,0.0337545906243,0.0148148148148,0.0160087496431,0.0297946511248,0.00842696629213,-0.0158813470362,0.0131538382489,0.0139635104491,0.0912109807394,0.0383141762452
-0.0506979764095,0.00739511732638,-0.0547366577292,0.0227889530692,-0.0133063191326,0,-0.102856672655,0.00826312139411,0.035175879397,0.00695650238191,0.027431158848,-0.0460377047152,0.0324493253111,-0.018665909736,0.00894085281981,-0.0772379403794,0.0219381400942,0.0531441291041,0.0408024659109,0.0109430656934,0,-0.028932613985,-0.041782729805,-0.00536774193548,-0.032457652906,-0.00826365753844,-0.0864641546321,-0.0147601476015
0.0279851809632,0.00122347183662,0.0311802897807,0.0519762376238,0.0443235843647,0.0288311917088,0.0382163657765,0.0409867654017,0.0315495145631,0.0138168875526,0.0729390864678,0.0250934362934,0.0196469489943,0.0380534761833,0.0650609709914,0.0205580512377,-0.00908356122505,0.0274768824306,0.0744905130007,0.0361012915598,0,0.0978811482107,0.00581395348837,0.0216214346254,-0.00670929866862,-0.0166650291708,0.0220871777271,0.00561498127341
0.0197937458416,0.0453071391644,0.0107956430388,0.0423531006234,0.0627247444777,0.0339303889581,0.0306697881237,0.0104969657208,0.0400039153089,0.0732454562304,0.0116219830606,0.0188324484594,-0.00385645123254,0.00571778867588,-0.022187455554,0.0158296767302,0.0666697659479,0.00899974286449,-0.00182191908811,0.0557494397181,0.0329514872943,0.00193490771979,0.0664739884393,0.0925791104414,0.027018469657,0.0254211886059,0.0246913580247,0.0316604295283
0.101940955798,0.0374533519176,0,0.0428931571762,0.0677067706771,0.0698934623806,0.1131,-0.0103879240383,0.0633484162896,0.0317461929965,0.124579018602,0.0129419976103,0.0715648456322,0.0467013176997,0.107927272727,0.0240770538244,0.0390627166794,0.185779816514,0.138952590443,0.0363091026223,0.0429948861724,0.15281010151,0.00813008130081,0.0460088949497,0.105251258863,0.0192834142222,0.0301108433735,0.0397111913357
0.0220051312414,0.0519199098552,0.0192341880342,-0.023812987013,-0.0130042462845,-0.0200015478412,0.0588189997048,-0.00787741043605,-0.0340425531915,0.0215434906756,-0.0320607909541,0,0.00361282944326,0.0435270575032,0.0103058947092,0.0207491468861,0.00601339190385,0.00365355684505,0.030489809336,0.0254777070064,0.0186173387507,-0.0419225978266,0.0188172043011,-0.0393481481481,0.0238210354061,-0.0162146414297,0.0204727061774,0.0347222222222
0.0689871584436,0.0912162162162,-0.0062926413664,0.0199592725828,-0.00824067190738,0.0244987496161,0.0909090909091,-0.0185155445554,0.0198202643172,-0.0496963855422,0.0180722020617,-0.0036496350365,-0.00179991194675,0.0573469429169,0.0862841920603,-0.0216802168022,-0.0426002084715,0.0856531049251,0.0155913549725,0.0434782608696,-0.00652349412755,-0.00174848688635,0.0316622691293,0.028915551169,0.017436474926,0.0164818893557,-0.0429847242853,-0.0318818791946
0.0322449532584,-0.0363965868761,0.0126582278481,-0.0869565217391,0.069774488852,-0.0292230872667,0.0370333333333,-0.0107847194818,-0.036713733784,-0.0792441730734,-0.0976326739282,-0.003663003663,-0.0648617795478,0.0374820074849,0.149530474311,0.0554016620499,-0.0413760065879,-0.0376725838264,-0.00153127331265,-0.0119047619048,0.0249634111711,0.0420820982664,0.0409207161125,0.0351324210495,0,0.0756789482788,0.155690114396,-0.0329262611473
0.00783129894562,-0.0153201159784,0.00833333333333,0.011900952381,-0.0279529495952,0.062931757025,0.0223286511738,0.013626655899,0.00223856502242,0.0172172591181,-0.0131251770483,-0.0367647058824,-0.019268384036,0.00760294498502,-0.00202924189604,-0.0157480314961,-0.00977140851178,0.0604632096741,0.084467164766,0.0240963855422,-0.0384597351338,-0.0235745377753,0.0687960687961,-0.0814473741367,0.0342931610047,-0.0301519659082,-0.0155358800902,0.0465949820789
0.0193610001736,0.0362898412319,-0.0227239669421,-0.00234918531458,-0.0287567866016,0.0386045585086,-0.0131003909157,-0.0241943999155,-0.0201307208258,0.06768171186,-0.036534413472,-0.0229007633588,0,0.0556555104738,-0.0264859228363,-0.0253354666667,0.0156275415087,0.0587553150367,-0.0552251794909,0.0323482352941,-0.0266683216157,0.0362376412429,-0.064367816092,-0.00247485734103,-0.0165866961234,-0.04663187566,-0.0157978947368,-0.0171232876712
-0.0399029043523,-0.00399339553815,-0.0126849465203,0.00471698113208,0.0180965464968,-0.00247744327854,0.137160576423,-0.00275437379804,-0.00228675799087,-0.00159238898919,0,0.02734375,0.0176808396277,0.0277041069208,0.0920629820051,-0.0177817078669,-0.00404901525978,0.0649872216137,0.0779504893495,-0.0113960633439,0.00822061301635,0.0149508029135,-0.0565110565111,-0.00246519492423,-0.0336978078874,0.0298913914074,0.0668583260605,-0.00871358885017
0.0158349966733,-0.0481899841937,-0.00214474639916,-0.0516431924883,-0.00324166705443,-0.00620899061842,0.00778835109214,-0.0138099066352,-0.022883378978,-0.0222172557067,-0.0103447705116,-0.0304182509506,-0.0347473175071,-0.00521207916268,0.0287381688,0,-0.035772894075,0.00291395269112,-0.0153101189205,-0.011527430674,0.00271485036702,-0.0229561859997,-0.0390625,0.0123722772277,0,0.00791478166579,0.0150295136661,0.0210896902346
0.0311763164789,-0.0305804204302,-0.0107261802575,-0.00247920792079,0.0405203535416,0.0187514107897,0.0463319032219,-0.00560631748461,-0.0304413318645,0.0324675324675,0.0296193470698,-0.0470588235294,-0.0119945858772,0.0795434248241,-0.0260761786719,-0.00418050139276,0.00843261180053,-0.0504187318407,-0.158193520393,0.00875106122944,0.00677550726205,-0.0721188952365,0.0189701897019,-0.0171032453917,-0.00581215830866,-0.0130906557673,0.0172879695327,-0.00171842125555
0.0170223577236,0.0706944096265,-0.028202938992,0.00124665507357,-0.00934677274631,-0.00367967080794,-0.0184560340781,-0.0253480325099,0.0434782608696,0.0235874213836,0.0118415281906,0.00411522633745,0.0364351818116,0.000811515643343,0.0057268722467,-0.0209768301579,0.0493287423779,0.0124190064795,0.0771874060393,-0.0462427745665,-0.0215321281546,0.0560596241089,-0.0132978723404,0.0273510260615,-0.0292489540896,-0.0397884146287,-0.012132038835,-0.00862344827586
-0.0520443001083,-0.0325060485444,-0.00892857142857,-0.0285025457199,-0.0251498271515,-0.0270997974663,-0.0187940414858,-0.0115639448481,-0.0254666666667,-0.015365860852,-0.0317857830861,0.0184393442623,-0.0449272305421,-0.0186103632327,-0.0532437825473,-0.00143085714286,-0.0350603534323,-0.0277333333333,-0.0326979822952,-0.0272775757576,0,-0.0428264585982,-0.0323450134771,-0.0169375958841,0.0602416440831,-0.0331459837713,-0.0344057615498,-0.03651905814
-0.00588545326774,0.0441253579639,0.0247783783784,-0.00765714285714,0.00644192204655,-0.00253075685958,-0.0114942528736,-0.00877051020355,0.00950122375762,0.0202783657494,-0.0258986602998,0.0221360873596,0.061351590106,-0.0107169787104,0.0502236158947,0.0157390918205,-0.0255964620597,0.00475406838545,0.0305878473081,0.0591953106308,-0.012379497686,0.00893020699762,0.00278551532033,0.0344746051263,-0.0284005183095,0.0171411522396,-0.0101781584861,0.014440433213
-0.00592029689847,0.0341870436899,-0.028574844572,-0.0269903423767,0.00161555859862,0.0152312514834,0.0775162790698,-0.00294937088866,-0.00941180013854,0,-0.0124085106383,0.00787401574803,0.0154119328034,-0.000835184794772,-0.0325012236907,-0.0352135211268,-0.00169767611778,0.0236578707916,0.0078,0.00293647058824,-0.00417668004871,-0.0567382324906,-0.025,0.0261942857143,0.0409229588761,0.0533718762715,0.0179990457544,0.0231288256228
-0.0773777777778,-0.0661512027491,-0.00452488687783,0.0105680540408,-0.0272051368706,0.00124955660895,-0.0395655814837,-0.0177538547681,0.00712971830772,0.00458962490336,-0.0233363782079,-0.0058625,-0.0284570616684,0.00500718210074,-0.158099767277,-0.0262774336407,-0.00169625790008,-0.0369777777778,-0.0123834094066,-0.0498489142471,-0.00699342970999,0.00943169241134,-0.002849002849,-0.0185614160133,0.033715358829,0.00799920951102,0.0176808080808,-0.0260842464953
0.0451370489908,0.0104395824167,0.05,0.0209150764237,-0.00492680847032,0.00623998582919,-0.0374561797753,-0.0210809357354,-0.00236226415094,0.0152256078554,0.0496232375104,0.0569777822484,0.0117134219222,0.0555959302326,0.0868337239349,-0.00299850794245,0.0161590809118,0.0575964556027,0.0047020053852,0.0401185185185,-0.00563320924352,0.0130142537064,0.0228571428571,-0.014191908494,0,0.0211649170335,-0.00744810938716,-0.00178857142857
-0.0699207227139,-0.0309555854643,-0.0194770562771,0.0345731822242,-0.00496707133222,-0.00744154784195,-0.0116731880877,0.0215349118277,0.0118241582001,-0.017990961341,0.0332722473478,-0.0353189591078,0.0115778061934,-0.0416676228724,-0.138228464005,0.0526341116009,0.0259390822013,-0.078722290103,-0.01876,-0.0296737313886,0,0.00550588235294,0.0223463687151,0.0311866904046,-0.0217324866719,-0.0181343759,-0.015008,0.00536960392015
0.00441052579414,0.00535130718954,0.0353199635498,-0.0420831683168,0.0465056935983,0,0.0669356438918,0.0210863135251,-0.0116859813084,-0.0061068553115,-0.0982947704123,0.0308286114177,-0.0171748121076,-0.0081977681636,0.0225202104453,0.0228571428571,-0.0579132211747,-0.0197044334975,-0.0923321511557,0.0122324757552,0.0538210141652,-0.0054757336079,0.0218579234973,0.0302286122522,0.0111076399736,0.0448533921128,0.13706507261,-0.0195758007117
-0.0176139727649,-0.0412823534192,0.00212877738583,-0.0322978079496,-0.0364991313359,0.0350037083615,0.0627274901034,0.0324483465089,-0.0189126010879,-0.0122887562796,0.0375877438331,0.0186916446853,-0.0407655422125,-0.0124103628945,0,-0.0153653631285,-0.0216430067489,-0.0469655972169,0,0.0543809275211,-0.00134506504127,-0.0937411764706,-0.0374331550802,-0.0316098181135,-0.0384668200076,0.00505284647938,-0.0067,-0.00362977460552
0.0851790467581,0.00661157024793,0.0212765957447,0.0400577624732,0.0181263147905,0.00120729674575,0.034725,0.0228585128959,0,0.038877663757,0.0452869565217,0.0256881488092,0.0161917947971,-0.00920877849221,0.0294283742235,0.0496477722503,0.0442480656338,0.0632731697424,0.0877122069523,0,0.00404063003401,0.0141759268875,-0.0388888888889,0.0209902880757,0.0171376546406,0.0879379440803,0.00898879636421,0.0327869807999
0.0289258110797,0,-0.00833333333333,-0.0077062742875,0.024266339387,0.00964672750329,0.0134174136445,-0.0307261873295,0.0192771827554,0.0224574850299,-0.00346066817516,-0.0232530182555,0.0478013940281,0.0143692578488,0.0119468487139,0.0148627027027,0.0110155541516,0.0497806599275,-0.0241958792683,0.0429847242853,0.0187670188918,0.0420357380574,0.0173410404624,-0.0137058359391,0.0224827561999,-0.0184765231462,0.0222789212612,-0.00176085152974
-0.0300917596258,-0.0109469074986,0.00420168067227,-0.0284564625231,-0.0284388224052,-0.00358295898475,-0.00330596902243,0.00864410965671,0.0023678576562,0.0366007927361,-0.0173968211567,0.00549157509157,-0.0114017437961,0.0566628286006,-0.110589085652,-0.033286888494,-0.023470246648,0.0535973837209,0.0446409681378,-0.0384615384615,-0.00526260531772,-0.0672169811321,-0.0113636363636,-0.0208296296296,-0.0274812042981,-0.00705813349819,-0.0239685439005,-0.0106007067138
-0.0145156054352,0.0266059341876,0.0125523012552,0.0106524406872,-0.00324715873611,-0.0167883324569,-0.00996675091893,-0.00571335292197,-0.0117962264151,0,0.0336255819486,0.00546741119828,0.0307645446238,-0.0441625611983,0.026412027631,0.0110192837466,0.0480686770013,-0.0120710467322,0.0569507453014,0.0485668571429,-0.00264742228144,-0.0329224610198,0.00574712643678,-0.00473567948679,0.0339057839278,-0.00474153070021,0.0468714285714,0.0374971428571
-0.0336,0.0734367225079,0.0144661157025,0.0329358989494,-0.00327339932339,0.0170749931181,-0.00671676049192,-0.0028730914464,0.0167103263401,0.0112994350282,0.0239836930613,0.036231884058,0.0559719535783,0.0198058751274,0.0515307468989,-0.012263760218,0.00982741791448,0.175772386106,0.0523875220357,0.027248075196,0.01591347023,0.00430306661583,0.00571428571429,-0.0142442346574,0.0218512069378,0.0095242296402,0.0447728606324,-0.00860312179861
-0.0565348656019,-0.0482867848727,0.0183266205243,-0.0765306122449,-0.00163421801097,-0.021582789446,0.0270325054933,0.0115254795423,0.0164281690141,-0.0251441340782,-0.0468278430617,0.0157314685315,-0.0229727151307,-0.0388345693008,-0.00734140678923,0.00414014706791,-0.0437971215979,-0.041122327791,-0.036997924329,-0.0132584117068,-0.00260852958793,-0.0275517952056,0.0227272727273,0.0120442909136,0.0267466336998,-0.0353739388811,-0.0265275201797,0.0208333333333
-0.029935483871,-0.039168729959,-0.0059968,-0.0220994475138,0.00328952545841,-0.0269590989923,-0.0197367901663,0.00284853910637,0.0138568641362,-0.0372448698905,-0.0403536842105,-0.0137694010861,0.00180968376102,-0.00674076318872,-0.0419721871049,0.0343384615385,-0.00254223071066,0.013314754606,-0.0132728304027,-0.0376344086022,0.0143953141251,0.00870050195204,-0.0222222222222,-0.0357180952381,-0.0156201695439,0.0317830287357,-0.0503146341791,0.00169795918367
-0.159138068635,-0.019812436634,-0.00201528526266,0.0197694915254,-0.00327873995984,-0.0478580827526,-0.0503354353411,0.0142073121247,-0.0136674757812,-0.0416666666667,0.0548447673704,-0.0401369358099,-0.0415085512294,-0.0169456584481,0.113420427553,0.01195434147,0.0306103966673,-0.0715049656226,-0.0598988273166,0.0111731843575,-0.00903026533107,-0.0280880238859,-0.0482954545455,-0.00246519492423,0.00528934362551,-0.0568704300904,-0.0596063915458,-0.00169508100531
0.0564414072387,-0.0269361720467,0.00403225806452,0.00831471829238,0.0360746045487,-0.0291071641842,0.0424027069888,0.00280065815467,0.00231317251981,0.00310062111801,0.0294655929722,-0.00727272727273,0.00752501559237,-0.0137902109634,0.0694518518519,0.0354309711286,-0.0321784249728,0.0799736712194,0.0414169825935,0.0414320441989,0.00390476190476,0.0889179656389,-0.0686567164179,0.0222732673267,-0.0105394695737,0.0150738670267,-0.00703103873081,0.0544217687075
-0.0106612362242,-0.0380458853751,-0.00200481927711,0.0274725274725,-0.020569067404,0.0708461470873,0.0271158586689,0.0027928363747,0.020733640553,0.0526367932473,0.0319838383838,-0.0128234432234,0.0373306059831,-0.0209830655519,-0.0130215548291,-0.00506971877256,0.0434822084829,0.0263598963888,0.0886992601871,-0.0185634740094,0.00908142232495,0.0244501332219,0.0641025641026,-0.0145201531047,0.0319219648376,-0.00990140287245,-0.0283686870215,0.0322580645161
0.0162247245429,0.00718265113495,-0.0160965276571,0.00266951871658,-0.00808090208304,0.0178136256595,-0.00330297029703,0.0445659039254,-0.0045146889921,-0.00882823529412,0.00815923826229,0.0185529307694,0.0135178962936,-0.0250034751182,-0.00437907028969,-0.00254777589356,-0.0122562120101,-0.0308788598575,-0.00424262035739,0.00540540540541,0.00128628081091,0.0836860625223,-0.0451807228916,0.0122810328018,-0.0154591861383,-0.0200008421407,0.0413584764634,-0.020315
-0.0478970570714,-0.0106971428571,0.0163598646712,-0.0213334243559,0.00652051538654,-0.00499822643578,-0.0231735713207,0.0160021710771,-0.0090703276928,-0.0267016104527,-0.0210330097087,0.00182441333162,0.0026624,0.0476271095824,-0.0175933235593,-0.0510856727166,-0.0198499091821,0.0585171568627,-0.0183065535295,-0.0322580645161,0.0102684916072,0.0202352941176,0.018927444795,-0.00484660194175,0,0.00765231588897,0.00466542056075,-0.0414674104432
0.0112001001126,0.0541564622707,-0.00201528526266,0.027248075196,-0.0291289285215,-0.0201014389422,-0.0711862476305,-0.0105016518663,0.00457667579561,-0.0152487804878,0.0115675727139,-0.00727272727273,0.0398937867821,0,0.0179083916887,-0.00538359167395,0.0303778615663,0.0201157742402,0.0315948212447,-0.03056,0.00253891810827,-0.00539667896679,-0.0278637770898,0.0487801070821,-0.0471221315363,-0.00506138043075,0.018604789617,-0.0183002151087
0.0110141699152,0.0102573094288,0.0362903225806,0.0610124605303,0.00332831951867,0.0410275915101,0.010948873142,0.0132651998068,0.0205048583321,0.0650207555208,0.0359529411765,0.047619047619,0.0562743990768,0.00699152001769,0.0726852373971,0.0270636580539,0.039313825258,0.0492268406866,0.0501301386958,-0.0200528139957,0.0228134639047,0.0597783239809,0.0286624203822,0.0581353813181,0.00549280785472,0.0941483024334,0,0.0508474576271
-0.0354978884877,-0.0390072460624,0.0019486381323,-0.002504,0.00499186628816,-0.0295619713276,-0.0577644541099,-0.00523474562408,0.0223214285714,0.0029023255814,0.0031495109173,-0.0034965034965,0.00968131842588,-0.0138944025407,-0.028702097461,-0.067191709495,-0.0165494364959,-0.0398864250946,-0.0543577903779,-0.0204725146199,-0.00619206525769,-0.0273499037283,-0.015479876161,-0.0241792556334,-0.0327938816621,-0.023258728878,-0.0433683533761,-0.0290322580645
0.0141506440764,-0.0193696947806,-0.0116504492413,0.0125353886131,0.00495120209474,-0.0101487113592,0.0536367816092,0.0421030375643,0.0262008733624,0.00579712833451,0.0188679245283,0.0157866666667,-0.0048,0.0211309829719,-0.0106077826487,0.00141016949153,0,-0.0391494155753,-0.0280769783139,0.0149302205622,-0.00124778735382,-0.015836595132,0.00314465408805,0.00676036036036,0.0113136946891,-0.0190444490785,-0.0787701049352,-0.00830830564784
-0.0335377299462,-0.00718265113495,0.00982000842434,-0.0272316831683,-0.0246656244572,-0.0153874139057,-0.0654547358683,-0.012624213241,-0.0234076595745,-0.017291146011,-0.0123407407407,-0.0034542409789,-0.00722894353328,-0.0931007004152,-0.0576554893058,-0.0394923317175,-0.0312501269917,-0.0839806536714,0.00724048762468,-0.0147105882353,-0.0162290495837,-0.00534857142857,-0.0376175548589,-0.0447425691541,-0.0726377884045,-0.0315557099933,-0.0284852102401,-0.0351732935968
0.0636410721222,0.079673514817,0,0.00508907924307,-0.0016999919048,-0.0234376312121,0.0116731880877,-0.00767593928656,-0.00435731366384,0.00880238734258,-0.0343798281009,0.0190669506189,0.0364079083802,0.0494283917274,0.0521274743136,0.0176211867752,-0.034741535893,0.04176,-0.0229223208391,0.0149302205622,0,0.039479731593,-0.0293159609121,0.0304411037336,0.00602228244505,-0.0100254964204,0.0293204082329,0.0104166666667
0.0271471179013,0.0201451827671,-0.0272373540856,0.0607597397863,0.00844956211482,-0.0106629059858,0.0230769940831,0.0128891240826,0,0.0145302325581,0.0404504854369,-0.00510476190476,-0.0093639695137,0.00724484399788,0.0560551724138,-0.00721271506543,0.00771380270917,0.0720319459376,0.0380991704516,0.00293647058824,0.0101512134202,-0.00517309988062,0.00671140939597,0.0136436363636,0.0538947919784,-0.00506138043075,0.0207255604192,-0.0137457044674
0.0476444444444,0.0756631578947,0.004,-0.0119294011624,0.0385326707515,0.0727764208916,-0.030072270894,-0.0178133347871,0.0328263731339,0.0171920558948,-0.00621090192448,-0.00512548410389,0.0307290780142,0.0539542535132,0.0693798652108,0.0276139534884,-0.00765475543595,0.0845272206304,0.115815736187,0.0645164317487,0.0351763831227,0.0729333333333,0.00666666666667,0.0112070944782,0.0284182686334,-0.00763283533476,0.0761508722913,-0.01393728223
-0.0606369138526,-0.0320977022742,0.0219155378486,-0.00725024154589,0.0128993294826,-0.0276364402385,-0.046511627907,0,0,0.00845524937577,0.0125144599853,0.0309278350515,0.032113879317,0.010236782678,-0.00957545556695,-0.0452617714552,-0.0437014084752,0.0228533685601,0.0228134417836,-0.0137697576628,-0.0182049999193,-0.0113499855018,-0.0596026490066,-0.12638181328,-0.0110462908626,-0.00513057485759,-0.0117886792453,-0.00353356890459
-0.0376347323418,-0.0268532373519,0.00779724663627,-0.0754221914246,0.00955511389696,0.00774916050761,0.0406536585366,0.00259025416869,0.00211525423729,-0.0782122905028,-0.0850050448098,0.00499733333333,-0.00666666666667,-0.0135107370912,0.00582054949933,-0.019256934535,-0.0698928884668,-0.0761978561281,-0.0742641700726,-0.00279776536313,0.00618085578551,0.00490216617086,0,-0.0152364244757,-0.0223568012845,-0.0128839016344,0.0190930058501,0.0478695035461
-0.027906394694,0.0616714457881,-0.0328850046112,-0.0315789473684,-0.0488983115015,0.0128159546233,-0.00781872556648,-0.025840234366,-0.0317091981706,-0.0454593939394,0.00337295474079,-0.0348233096473,-0.0425020134228,-0.0445196064547,-0.0249129517925,-0.0468302114804,-0.00866756892769,-0.00726967705858,0.0534583661316,-0.0392158620319,-0.0245715499355,0.0114242828552,0.0352112676056,-0.0309278350515,-0.0400057125515,-0.041777156251,-0.0796324884965,-0.00338410391636
0.0114572605561,0.0259913101343,-0.016,0.0461913043478,0,0.00506967745096,0,-0.00265209278536,0.0240139737991,-0.0634923859931,-0.0437656565657,0.0137457044674,-0.00700931959133,0.0143339175015,0.0353568374994,-0.00475183455299,-0.0262399148336,0.0709759188847,0.0888535135311,0.0145819922192,0.00126036345365,0.0016077170418,-0.00340136054422,0.0079829787234,-0.0297530496876,0.0299728770933,0.0101781584861,0.0101867848877
0.113656611938,0.0476899011865,0.0284552845528,0.0129912228207,0.0132630640385,0.0403041083873,0.0551245830696,0.00797743525457,0.0341152549774,0.115254862399,0.0440110196562,-0.00508745762712,0.0611687108943,0.0247384752916,0,-0.127388535032,0.0598816639925,0.0547008547009,-0.0046843298723,-0.0229885057471,-0.00880307459403,0.0016051364366,0.00682593856655,0.00526857934109,0.0122661760196,0.00528900137238,0.0604536441457,-0.013445414307
0.0510285714286,0.0241797458213,-0.0217359683794,0.0179446153846,0.00655258567859,0.0363143758393,0.0559699821792,-0.0105523992576,0.0144363362848,-0.0091137221336,-0.00336727590617,-0.00340716431254,0.0133038165989,0.075862936711,0.039832896143,-0.014598540146,-0.0282516093293,0.0302954743798,-0.0468239455619,0.0441129411765,0.0634514125629,-0.00801282051282,-0.0305084745763,-0.0551141422116,-0.00605877006968,-0.00262837134056,-0.0118727292075,-0.015329513675
0.0145707606155,-0.00416,-0.0262657736864,0.0226741467976,0.0211377544648,-0.00934248495031,-0.0106006767472,0.0213346410581,0.00202926829268,0.0184049079755,0.0439874600003,-0.0307693149246,0.0196937232165,0.0256356279092,-0.0109315145286,0.0203674074074,0.0377909262463,0.0294046466602,0.00981224643834,0.0366243904198,0.00119021642102,0.033967109896,0.034965034965,0.0194488888889,0.0426889667784,0.0342988685551,0.0144153846154,-0.0276816608997
0.0573924226997,0.0250999714367,-0.0290456431535,-0.0295566502463,-0.00637517199205,-0.00708054788686,0.0178542347022,-0.0522201244668,0.0182588827874,-0.00904096385542,-0.0534922437802,-0.0511437069311,0.0214661681242,0.0218781120056,0.0221518987342,-0.0199608565107,-0.0560190928979,0.0836957799459,0.0219253168893,-0.00815652173913,0.0011927641616,0.0500781218701,-0.0236486486486,-0.0108991350446,-0.0116922739646,-0.0204090401306,0.0379149794501,-0.0284697508897
0.0384654368538,0.00950855072969,0.00641367521368,0.010152284264,0,0.0285088391188,0.0245642105263,-0.00275437379804,-0.0219155378486,-0.00607905691943,0.0479509476764,0.0167256505576,0,-0.0152873349451,-0.00725474793217,-0.0388918518519,0.0801161787427,0.0490291788697,-0.0190473288026,0.0356209780646,-0.0404740041796,0.0253328755103,-0.0276816608997,-0.0633650099614,0.0236612011757,-0.0416641080749,-0.0342358665634,0.0347956043956
-0.0108828266068,-0.0458183825559,0.0148585482512,0.0100502512563,0.0528980044005,-0.0046247337613,-0.00342738787017,0.0580114720867,0.0162933321168,-0.00305322594851,0.0294117647059,0.00731263564939,0.00209747194127,0.0186295988517,0.0145689815677,-0.0250451639157,-0.00549417376079,0.0483921000931,0.0291102274139,0.0185142857143,-0.00248319102421,0.0276093023256,-0.00355871886121,0.00589176470588,0.0231142893259,-0.00271864745001,0.00472054952038,0.0336312456814
0.0132228142885,0.0522852183975,-0.00418410041841,0.00248358208955,0.0136926246876,0.00696559102778,0.0309278350515,-0.018278442067,0.0320642310677,-0.0245398773006,-0.00793904761905,-0.00181198348307,0.0230641509434,0.0289611083094,0.0250951965867,0.0790513833992,-0.00276459819928,0.0239668606371,0.0283169811321,0.0181860496044,0.0149238301603,-0.0240431618206,0.00357142857143,0.0497024589244,0.0339057839278,0.0490461089414,0.0682317862844,0.013698630137
0.0043338527464,0.00268022816301,0.00840336134454,0.0322621628274,-0.00449775112444,-0.0115240586085,-0.013336,0.0319144894916,0,0.0062893081761,-0.00159744408946,-0.00545745454545,0.065566998141,-0.0251836155138,0.104860365199,-0.0348014652015,0.0304714719215,0.00337121941822,0.0435663329713,0.00254693877551,0,-0.00434088969688,-0.00711743772242,0.0222840232467,0.081959097272,0.0337687677178,-0.0638735779635,0.0185783783784
-0.00867878787879,-0.0669294037012,0.00833333333333,-0.0144230769231,0.00451807228916,-0.0256394837526,-0.0202703250549,0.0283505510434,-0.0116505216327,-0.0125,0.0208307692308,0.009143719616,-0.00192000590771,-0.0151944220574,-0.0126382306477,-0.0455409352286,0.0188183648336,-0.0532782950946,-0.0109995217599,-0.0152672377292,0.0134820748298,0.0131167088985,-0.00716845878136,0.0272391183036,-0.0100979819814,-0.0251287541842,-0.00469837062916,0
0.0415240144772,0.0387115730708,0.0392595041322,0.0414595121951,0.0510465920886,0.0382793575363,0.041379424495,0.0626599724355,0.00392928543587,0.101265822785,-0.0125538776863,0.0163014492754,0.0385387283237,0.0432083007988,0.153846153846,-0.222664724182,0.0026361333143,0.0280876090043,0.0133405393105,0.015503940068,0.00604632838317,-0.00577460644402,0.0649819494585,0.0106101246053,0.0102009914089,0.0283506609077,0.0307289617817,0.0315118580746
-0.00211317210613,-0.0331317845904,-0.00596737664453,-0.0515224413019,-0.00713217846905,0.0115166285256,0.026495434425,-0.0283014498124,0.015655626319,0,-0.0588208360678,-0.00890982933285,0,0.0473345952054,0.00416,0.0588278622112,-0.060525039705,0.0959660716047,-0.0372771929825,0.0178158486141,-0.0108171828172,-0.0303355406755,0.0542372881356,0.005257764862,0,-0.0300722679995,-0.0137688073394,0
-0.0209882352941,-0.0271357519017,-0.0179968,-0.0222183593812,-0.0158311345646,-0.0296096607854,-0.00322837876547,0.00242678477019,-0.0308286114177,-0.0344827586207,-0.0219728542008,0.00359712230216,-0.0259769173227,-0.0338981886149,-0.042879399476,-0.0314048309179,-0.0168057278694,-0.0250179985601,0.0478467504446,-0.02,-0.0218709476737,-0.0074396245851,0.0192926045016,0.0208876412005,0.0101137600783,-0.00258517138729,0.0116391563844,-0.0096463022508
0.100845991156,0.0469889481994,-0.0142598313325,-0.0555555555556,-0.00585320663083,-0.075120924705,-0.00646990291262,-0.0242134204861,-0.0616272338043,-0.0297619047619,-0.0535382676748,-0.0125476702509,-0.0285714285714,-0.00584674694682,0.183530021087,-0.0473777451481,-0.0142465647862,0.067288166882,-0.0108798486282,0.00510204081633,-0.0086978428854,-0.0240236777368,-0.0347003154574,-0.0127835794022,-0.00499843798813,-0.0518156193003,0.0505671703276,0.00486753246753
-0.0721334381277,0.00140025850926,-0.0185917355372,0,-0.00440516194618,0.0228427850028,0.0749157656918,0.0397001555045,0.0148271186441,0.0582773006135,-0.0766427833155,0.00181779112244,0.0372517647059,0.0500039350643,0.139191047762,0.0366492146597,-0.0433525023086,0.0705699213007,0.120882212282,0.00253401015228,0.00250809297442,0.0399747942184,-0.016339869281,-0.0310878251787,0.0301412872841,0.0273258997805,-0.00875276587402,-0.0064620522444
0.00842352941176,-0.00842565702198,0.0210525606651,-0.0374331550802,0.00442465326035,0.0074495495063,-0.0424218181818,0.00954499356565,0.0793322065376,-0.0318795681371,0.0573157774911,0.0144927536232,0,-0.0280121015549,-0.0332281520099,-0.0126303030303,-0.00301841693991,0.0462880685031,0.0176438108624,-0.0151899349466,-0.00125090909091,-0.0236688631372,-0.0199335548173,0.0187035832848,-0.0195062480951,-0.0372377833821,-0.0331162317571,0.00813270408508
0.020812917075,-0.0112814579115,0.0144296431187,-0.0222222222222,0.0147121113715,-0.0098566379413,0.0379745874061,-0.00709106104222,0.0193424196284,0.0299401197605,-0.0130811606166,0.0553542857143,0.0075675087108,0.0518692997399,-0.0132826247375,0.076726656682,-0.0575747795929,-0.0267912291538,0.00577108047451,0.0128576364324,-0.0112639603202,0.0197044334975,-0.0237288135593,0.005257764862,-0.0199098539012,0.0248641405494,0.0228385230212,0.00967741935484
-0.0775314285714,-0.0200043885313,0.0223609756098,0.0198818181818,0.00578838982579,0.0398029904383,0.0426803837064,0.00476113553082,-0.00379507793572,-0.0436093023256,-0.0568181818182,0.0287675905722,-0.0375263413843,0.0383615691188,-0.0460795029627,0.00475061187881,-0.00964841711602,-0.0303054343514,-0.00765062161301,0.0253807106599,0.103797287231,-0.0267412225646,-0.0173611111111,-0.0104438206002,0.0253889214862,0.0727782014963,0.0424142857143,0.0638977635783
-0.0464839684821,-0.0247788931597,-0.0178957681248,0.00278998457932,-0.0201704388246,-0.0263141653681,-0.0204701754386,0.0260706216841,-0.0247589325987,-0.015192779053,0.032134939759,-0.0115157894737,-0.00390175438596,-0.00792030911028,0.0459232903148,-0.0401854947915,0.0487011026768,-0.0184897324716,-0.137067879117,-0.0173306930693,-0.0160552994689,0.0030485421715,-0.0282685512367,-0.047501646431,-0.0247602845654,-0.0251287541842,-0.0192821609176,-0.027027027027
0.0232316407671,-0.0822331917499,0.0445344129555,-0.13056,-0.0220540479485,-0.0196569345957,0,0.0415677057562,-0.05078125,0.0185185185185,-0.159538306376,0.0532447340958,-0.0645794585658,-0.029255732105,0.0315391933577,0.00985221674877,-0.0928789004846,-0.0477619404851,-0.248324838211,0.01259853944,-0.0244739799279,-0.196345074813,0,0.00278339183775,-0.015223837993,-0.0154624183361,-0.0240071546351,-0.0571012345679
-0.0340308817554,0.0619162775183,-0.00968682170543,0.0958471353208,0.003003003003,0.0576397756478,-0.0208907961571,-0.0177394388779,0.0864197530864,0.0212072727273,0.0995333333333,-0.00947869694457,0.0502093730858,-0.0410940644869,0.0065677314776,0.0682926829268,0.0784964228018,0.0425420168067,0.119047619048,-0.0124417910448,-0.00358286263575,0.102254545455,-0.0109090909091,-0.00553365274119,0.0154591861383,-0.0340295322372,0.0357940553233,0.013093323976
0.0610474287517,0.0260709097334,0.00978157406944,-0.0116618619795,0.0494731690465,0.0308101416716,0.0213365333255,0,0.0265151515152,0.0385805986022,0.0168556357242,-0.00956940240996,0.0298805733245,0.0457117041979,0.03251332741,0.0251105022831,-0.0316437073693,0.0554156171285,-0.0318978723404,0.0579387725492,0.0491604611484,0.00862144805138,0.0147058823529,0.0416711111111,0.0863001316228,0.0569094187188,0.0280742010395,0.0355412873442
0.00882105158828,0.0478322427582,-0.0193798449612,0.0265535176567,-0.0128516369721,-0.0252857714718,0.0208979603533,-0.0474044817024,-0.0147601476015,-0.0171428571429,0.0289785940016,-0.00644124042832,0.00194043153712,-0.010926709957,-0.00314626079006,-0.0200410513712,0.00980056350478,0.0579952267303,0.120859413461,-0.00714666666667,-0.00800200620098,0.0408634976014,0.0326086956522,0.00532477728095,0.0140143939505,-0.0358967493403,-0.0252100840336,0
-0.0657759001818,-0.0484972428149,0.0256948616601,-0.0919540229885,0.0289418107042,-0.0235840805555,-0.0321614035088,0.0165892417435,-0.0112359550562,-0.0232558139535,-0.0704255278051,0.0372798373545,-0.0154470565342,-0.0193397082244,-0.0474237928244,-0.0250036363636,-0.0744321165966,-0.101812166328,-0.117647058824,0.0191847258886,0.0161292793724,0.0131143419785,-0.0315789473684,0.00266526330085,0.0414765119995,0.0106342472933,0.00862068965517,-0.0015575701905
-0.0422757387738,0.0434849357129,0.0211914568279,0.0126582278481,0.0154749848086,-0.0434782608696,-0.00604711529398,0.0186491536922,0.00757575757576,-0.00298095238095,0.038961038961,0.021875,-0.00980705882353,-0.0168979340117,0.0110727231536,-0.0349614357536,-0.0349629682171,0.0232733361239,0.0805688888889,0.0117685148932,-0.00226545390122,-0.0145574855252,0.0253623188406,0.00792374244451,-0.0309778551879,0.0342131507214,0.0299076923077,0.01875
-0.0196003074558,0.0517139914668,0.011320754717,0.03437,-0.00831105969336,-0.0429301977134,-0.0303903474537,-0.00915182219317,-0.105263157895,-0.0208908460458,-0.01666,0.0214067278287,-0.0613831647783,-0.0286542737455,-0.0361034086771,0.0169043478261,-0.0108719619757,-0.0256074613434,0.00769964792208,-0.0418604651163,-0.00113718793447,-0.0360500251805,-0.0141342756184,-0.0052409668912,0.0274033180696,0.010178542347,-0.0352666241768,-0.021472392638
0,-0.0150381198853,0.0261194029851,-0.0332279551804,0.0419035614675,-0.0026375795528,0.0626932597034,0.0092363516411,0.00840336134454,-0.0396390243902,0.0402505745724,0.0164646706587,-0.0126582278481,-0.0117969546061,0.0669785552391,-0.0308751767228,0.00366588436364,0.02040302267,-0.0204081632653,-0.00485436893204,0.00227318287208,0,0.0537634408602,0.0290278457927,0.0400016661576,0.0075559270117,0.0430109006827,0.00156489028213
-0.0300162401299,-0.034654168442,-0.0127243636364,0.0375,0.0187642372685,0.013222773882,-0.0412955752212,0,-0.108333333333,-0.0317461929965,0.00815313025457,-0.0117820601639,-0.0541333333333,0,-0.168087366214,-0.0343137254902,0.0474454130959,-0.0171151156093,0.0208333333333,-0.0707356097561,0.0442699292043,-0.0306064695894,0.0238095238095,0.0307689783058,-0.0213743107753,0.0550002105352,0.0268009131577,0.0172169445182
0.010334276312,-0.0761733117552,-0.0515652255905,-0.0451855421687,-0.0315820058364,0.00261004277102,-0.0923074650893,-0.0320395489459,-0.00467289719626,0.0393444686923,0.0323099897213,-0.0342748954394,-0.0180651037713,-0.0208983836066,-0.106131535012,-0.0177705583756,0.00696821011834,-0.0552532440352,0.0357224489796,-0.0314961952596,-0.0250000903444,-0.014057307105,-0.00664451827243,-0.0199003391018,-0.00873100324684,0.00237076535011,0.0763121369455,-0.0323101538462
0.0586857142857,0.0715451686109,0.0291230163168,0.132492782298,-0.0122229614266,0.0208343830302,0.0406778557889,-0.0165458090985,-0.0140845070423,0,0.0919799357493,0.0555555555556,0.0460046821856,-0.0182888842742,0.110126350485,0.0180920644633,0.0588228412321,0.0645990252548,0.120684763076,0.0785954627446,0.0122608885808,-0.00710609028379,0.0133779264214,0.00760196871497,-0.0132118576422,-0.0141869669435,0.0279880597015,0.0270296395031
0.0602364117234,0.0348517500186,-0.0396196226415,-0.0222842218795,0.0357623940202,0,-0.0032599263585,0.0168241787483,-0.0047619047619,-0.0126183602189,-0.0215053763441,-0.00292397660819,0.0293279280421,-0.0186371534336,0.0567102137767,-0.00761827411168,-0.0130711010441,0.144581321791,-0.00219427799814,-0.0150753768844,-0.0088096693994,0.0447768041474,0.00990099009901,0.037787557834,-0.00892583191543,-0.0119878990076,0,0.0108334365325
0.0136435371379,-0.0294772368232,0.0117877821995,-0.00284445741063,-0.00531684304475,0.00510023609157,-0.0555529411765,-0.0189094961126,0.0382775119617,0.0255592360856,0.0494417582418,0.00439648093842,-0.0313333333333,0.00316389921711,-0.0341544129125,-0.0255755522273,0.0231745818499,0.0530143262308,-0.0176210211734,-0.0127591836735,0,0.00689412901243,0.0490196078431,0.0072854368932,-0.0180265120599,-0.00242830570488,0.00181197295979,-0.0076545363664
0.0335995178545,0.0650364396434,0.00970560091464,0.031424,-0.00934459641342,0.0126940736436,0.0207611882043,0.0385522160748,0.0322580645161,0.0218119467262,0.00175917704023,-0.0116788593959,0.0794112975806,0.116718080943,0.0505220286388,0.0446238094438,-0.00647212009804,0.0407458563536,0.0762254620595,0.0387639845539,0.0133319542081,0.0187091146969,0,0.0313213250262,0.0321147590318,0.0170313210748,0.00543768115942,-0.0169777777778
-0.0173469387755,0.0054187363229,0.00769230769231,-0.0110803815197,0,-0.0150403284465,0.0406778557889,0.0069635748284,-0.00446428571429,0.0121951219512,0,0.0413590342311,0.00817107263721,-0.00564855281603,0.0660923076923,0.0603015075377,-0.00325438736571,-0.00457863304579,-0.00416,-0.00995024875622,-0.00986832511884,-0.0300954664155,-0.01246105919,-0.0116785046729,0.0222293188192,0.00956978285659,0.0324265731847,0.0188383518703
-0.103743262622,0.00677146311971,-0.00190534351145,-0.0392158620319,0.00943274157652,-0.0203572571447,-0.074923583261,0.0276493335527,-0.0448430493274,-0.0120481927711,-0.0296193470698,0.0212789135408,-0.0837825215513,0.00284032010615,0.0484876471946,-0.00947867298578,-0.0424838406718,-0.0555962935804,-0.0795040702656,-0.00502512562814,0.0310082656799,-0.0344721045198,-0.018927444795,-0.00236027476019,-0.00436005052769,-0.00237076535011,0.0541041650378,-0.0107833855985
-0.120662068966,-0.0107408805463,0.00190898077558,0.0466474479181,-0.00801148526528,0.00260486464755,0.09507069034,0.00672535338129,0.0140845070423,0.0213365853659,0.0394857034522,-0.0180577777778,0.0176919727718,-0.016993653222,-0.0172043602731,-0.00478468899522,0.064845372721,0.0588692030776,0.0477381818182,0.00252121212121,-0.0633724605127,-0.0267885714286,0,0,0.0262066519331,-0.0213755910993,0.0297960264901,-0.0109059190031
-0.112059229514,-0.0393020674344,0,-0.0529205701195,0.0255724401716,0.0233076865241,0.0321569959022,0.0178184435405,-0.0694444444444,-0.0149206682778,-0.0328127072556,-0.0014121672694,-0.0231861676041,-0.0172944401214,-0.00655407108646,-0.0528846153846,-0.0512844131145,-0.0578628091461,0.0412039093736,-0.00755267527527,-0.00573430786065,-0.150453285734,-0.0096463022508,0.0355333798417,0.00850803610598,-0.0315557099933,-0.0257236050089,-0.00314961423525
0.0125777275297,0.0183426611302,0.00954503816794,-0.0294117647059,0.00131036828909,0.0303854097785,0.0436112149533,0.028445628648,0.0646766169154,0.0484848484848,-0.0160629489311,-0.00991728045326,0.0267062631528,-0.014659723213,-0.0132228142885,0.0228385786802,-0.0304008132774,0.105639283945,0.0604266666667,0.0126862944162,-0.00345889399755,-0.0259316598474,-0.0194805194805,-0.00228467655717,0.0548488723093,-0.03257969742,-0.00660069492116,0.015797828241
-0.0404745289602,-0.0332234159487,-0.0226842414087,-0.0333381818182,0.00261730694216,0.0122806322545,-0.0477565319559,-0.0170222949898,-0.0420560747664,-0.0115606936416,-0.0780367969893,-0.0200286581486,0.00867746667915,-0.0297628959276,-0.0379428571429,-0.0421798200688,-0.0383281007946,-0.0133751439908,-0.02358798974,-0.0150376542863,-0.00115824915825,-0.0310495544077,-0.0264900662252,-0.0389871559633,-0.00799760071978,-0.0181343759,-0.0282366949459,0.00466812981183
-0.0130181818182,-0.0401232303968,-0.00193732475876,0,0.0183109727783,0.0291316088131,0.0156714340528,0.00649245252394,0.019512195122,0.0350877192982,0.013776291173,-0.00729695135054,-0.00860281602971,-0.0766860178787,0.0324899025897,-0.00259481865285,0,-0.0044755789064,0.0362109817657,-0.00508907924307,-0.00810944085309,0.0183362624487,0.0170068027211,0.0405688188303,0.0121057139978,0.00527503977389,0.0410257532328,0.0417931888545
-0.325620809078,-0.0597203117836,0.00387596899225,-0.00939942018518,0.0218146860904,-0.0613216515701,-0.0185185185185,-0.00860076331774,-0.00478468899522,0.00282033898305,-0.0213622637289,-0.0132376470588,-0.0057745731498,-0.0265805700801,-0.0853995282748,-0.0935068821065,-0.0688394257154,-0.104052645296,-0.0291047372869,0.0102302208909,0.0303725885446,0.0157049991371,0.0066889632107,-0.045871559633,0.0238969444272,0.0262456400939,0.045977132288,0.0118871010689
0.0487325174825,-0.00633914421553,0.0135166023166,-0.0316455696203,-0.00753847638346,-0.0276364402385,0.0251547169811,0.0303676966096,-0.0240384615385,-0.0140800634594,0.0317523809524,0.0417288625427,0.0145359789024,0.0853231269926,0.039311884769,-0.0286534264914,0,0.121154825104,0.0159997952026,-0.0126542284728,-0.00340006558885,-0.015462165836,0.0265780730897,0.0552923076923,0.0661520695314,0.0102306307238,0.00156735087561,0.0176211867752
0.0605334444676,-0.0702981229297,0.00571122068961,-0.0228810457516,0.00254001434075,0.00516610700507,0.00613989236783,-0.010524614442,0.00985221674877,-0.00571428571429,-0.0788487455462,0.0257511319053,0.0487080303265,-0.0597437368522,-0.00472054952038,0.0353983971606,-0.0428021706956,-0.0540312641889,-0.0157478330982,0.0615384615385,-0.0318548188829,0.0157049991371,0.00970873786408,0.0182231682071,-0.0364965168117,-0.0506308603494,-0.0203737698998,-0.00288600954923
0.0438156989881,0.00347497140846,-0.0208303030303,-0.0167171463125,0.00378218493915,-0.0257060671624,0.0243877453957,0,-0.00487804878049,-0.00862528735632,-0.00416867083534,-0.0362622845462,0.0163868315186,0,0.097382262625,-0.0170940950158,-0.00406822523674,0.11903455842,-0.0200189437575,0.0144927536232,0.00234797726252,-0.0242976891708,0.00320512820513,0.0335605062711,0.0265188270655,-0.015998419022,0.0160051609732,0.0506536628739
-0.0756705882353,0.0650506290273,0.00193113522279,0.0136054421769,-0.0163518670596,-0.0237467242964,-0.0297642857143,-0.0170222949898,-0.00980392156863,-0.0260824398026,-0.00629930767992,0.0173661762458,0.00269033125913,0.0468209738437,0.114700504239,-0.0492709531407,-0.0367359894015,-0.0637867647059,-0.0653065489407,0.0380952380952,0.00351956221791,-0.0249608173216,-0.0255591054313,0.0173158973791,-0.0147670812823,0.0650386836159,0.0157429524587,-0.00826446280992
0.031870481621,-0.00963081861958,-0.00192741312741,0.0838872483221,0,0.0378330326562,-0.0306700139141,-0.0173170712856,0.029702970297,0.0386857142857,0.0590784810127,0.0327192778817,-0.120643561012,-0.00958265329914,-0.00193865884575,0.082312195122,0.10169625077,-0.0181949080437,0.00438780358291,-0.0045871559633,0.00467240716358,0.0348871822349,0.0327868852459,-0.0191590184918,-0.014976715887,-0.0127242493593,0,-0.00416888888889
-0.0836787053483,-0.0568507667373,0.00773691996311,0.00310094415328,0.00767341927563,-0.00520649636385,0.0221467793752,0.114538640323,-0.00480769230769,-0.0114613705965,0.0039776638874,0.0151493112948,0.0152451405429,0.0258009840156,-0.00388484908855,0.0056338282088,-0.0192263928894,-0.0787280847943,0.0130224275141,0,0.0162793035195,-0.04268538227,-0.00952380952381,-0.00433146839555,-0.00760221414487,-0.0051526924663,0.0139510423592,0.00976515428765
-0.00969200947663,0.0430491297643,0.00575506869845,-0.015437037037,-0.0126835211697,0.0261771707383,0.00309845968659,0.00790738375334,-0.0531400966184,0,0.0178666666667,0.0176412866025,-0.0210162162162,-0.0125760183592,-0.019525,0.0252146788333,0.0313705731825,-0.0477568740955,0.0558149755535,0.00230046082949,-0.0160185329595,-0.0211525749654,0.0160256410256,-0.0239685439005,0.0268115768559,0,-0.0214019395814,0.0110497237569
-0.0193562418443,0.0082375802636,-0.00190534351145,-0.0313481196144,-0.00514598810376,-0.0229592885993,0.0617259259259,0.0117627701324,-0.00510204081633,0.0318888435425,-0.058478984992,-0.0346666666667,-0.0122686514422,0.0382163137875,0.0318723067901,-0.0409879781421,-0.0456310180364,-0.118693009119,-0.105702690046,0.0114979733259,0.00116363580132,-0.0143655227454,0.018927444795,0.0245571428571,0.0149325064696,0.0259056279399,0.00312,0.00546448087432
-0.0148591705478,-0.00980433234173,-0.0095632594623,-0.0194175762722,0.00517260627411,-0.0104401710841,0.0174419010277,-0.0116260159789,-0.025641025641,-0.0393258426966,-0.0227774133922,0.00828729281768,-0.090066521326,-0.052143805871,0.00578220366206,-0.0370326474423,-0.0278834820677,0.0658734264528,0.0363636363636,-0.0363636363636,-0.015101960436,-0.0997819993771,-0.00928792569659,-0.00653941075587,0.018376652463,-0.0328264891649,-0.0155714171784,-0.00815217391304
-0.00506528590725,0.0875893877206,0.011583011583,0.0462048644481,-0.00771281190611,0.013187897764,0.0257143444899,-0.017647656023,0.0526315789474,0.00584795321637,0.0317692761405,0.0219178082192,0.0511985649166,0,0.0806083089699,-0.0118343195266,0.0245886306163,0.143261608154,0.201768421053,0.00707169811321,-0.0235825015094,0.0189580017989,-0.01875,-0.0350877192982,0.0397103770287,-0.00522434332907,0.00157974683544,0.00684712328767
-0.0807783685937,0.00455199782127,0.00191145038168,-0.0252367204377,-0.00259921153105,-0.00520649636385,0.00835656458287,-0.00798628682209,-0.01,-0.0203534883721,-0.0513315854836,0.033509919571,0.0227219598859,-0.0161856627777,0.0337622771917,0.059880239521,-0.0239985393957,-0.0270289393618,-0.0109546165884,-0.028103149801,-0.0181170622413,0,-0.015923566879,0.0227345454545,-0.013884670456,-0.0314929998364,0.023699270014,-0.00407946466278
0.0439384615385,0.0166537567777,-0.00952682810871,0.0323626271204,0.00260598503741,0.0418868497915,0,-0.0442656224741,0.0707070707071,-0.00296262534184,0.0454649350649,-0.0116711007442,-0.0380914285714,0.0427622629431,-0.0996723042073,-0.00282937853107,0.0163924204108,-0.0707584902916,0,0.00723279896983,0.0270595211319,-0.0186052828139,-0.0323624595469,0.0133261274586,-0.00352004224051,0.00541798845197,0,0.00136393442623
0.194765385522,-0.0118857142857,-0.00384615384615,0.0438873674602,0.0155330870922,0.0577845475758,-0.0718211531959,0.0947365651417,0.00943396226415,0.0386857142857,0.0558901278,0.0118089238845,0.0395998431689,0.0946406372301,-0.0381561912207,-0.00282834143158,0.0403201068841,0.0353732978557,0.00368411109012,0.0358813397129,0.0287435497229,0.0405452155262,0.0167224080268,0.0263157894737,-0.0530092285954,-0.00808545797923,0.00154074074074,0.0136425945814
0.0572330767713,-0.0301488164084,0.0135166023166,0.00901385712364,-0.0229493742193,-0.0118723000092,-0.00297857142857,-0.0519215648573,-0.00467289719626,-0.0171920558948,-0.0196141176471,-0.00129494432154,0,-0.0345818699307,0.00792380952381,0.0198818181818,-0.0077514808408,0.0445956160242,0.00550588235294,0.0438837649285,-0.0151332773415,-0.0389653567391,-0.0164473684211,0.0982974358974,0.0149325064696,0.00271864745001,0.106315208173,0.0444167847468
0.0500280007467,0.00465097789792,-0.00761902439916,0.0178571428571,0.0182743407199,0.0336495976931,-0.0119355508909,0.0324526935265,-0.018779342723,0.00583093098977,0,0.00519480519481,0.0222285714286,0.0417895057874,-0.00393075818278,0.0640715947481,0,0.0753979739508,0.047549960219,0.00884955752212,-0.0118210649176,0.121635646579,0.0100334448161,-0.0389102635937,-0.0661789196825,0.035228336034,0.0278552773494,-0.0347958762887
-0.0238222222222,-0.0293593954022,-0.0172774901267,0.00876725146199,-0.0384653258167,0.011631307791,-0.0694910707164,0.00589646632946,0.0813397129187,-0.0376766964716,-0.0039936255592,-0.0335917312661,0.00931298563363,-0.0515790867714,-0.0513774000152,0.0523560209424,0,0.0116404252456,0.0244158513157,-0.0219298245614,0.00358715147562,0.0192461908581,-0.0264900662252,0.00404207907965,-0.0354344751245,0.0078526298153,-0.00947863188567,-0.0413864702515
0.0407029684939,0.0254779666544,-0.01953125,0.011594256669,0.00533814662621,0.0344853148305,-0.0162312109902,-0.0488305837143,0.0353982300885,-0.00301686746988,0.0662746987952,-0.030750802139,0.0892243957553,-0.0332331390691,0,0.0149253731343,0.0234361070572,0.0531426671101,0.00342353736453,-0.00896860986547,0.00595985813636,-0.0614295224838,0.00680272108844,0.0302451612903,0.0367362032031,0,-0.0164158327424,-0.00418050139276
0.0155744159594,-0.0434488789951,0.0239043824701,0.0257926683905,0.0424402169761,-0.00667144392691,-0.046201980198,-0.0472276400111,0.0128205128205,0.0181269758404,-0.00941912389493,-0.0110345071106,-0.0621459733762,-0.0468729807597,-0.04168,0.0196078431373,0.0267192319108,-0.0219148667425,-0.042441759388,0.00678371040724,0.0331758968561,0.0176038173846,0.0472972972973,-0.0215294824909,-0.0629973556362,0.0181815000175,-0.0709339172541,-0.0223776724535
-0.0230895149479,0.032456468437,-0.0369618677043,-0.0111731843575,-0.0038232743352,0.0290869217063,0.0588205984205,0.0301752333751,-0.0042194092827,0.00297212093589,0.00189808731202,-0.0446305040569,0.018075947171,0.0327880619871,0.0413223140496,0.0456692307692,0.00743450035507,0.00225995996642,0.0212650069219,0.0516891746128,-0.00687811926903,-0.0420759140739,0.00967741935484,-0.0119936,0.0630324350577,-0.0204090401306,0.028445508982,0.0157390918205
0.0157862245348,0.0675817098696,0.0141381361192,0.0254192090395,0.0255413590995,-0.00869955345564,0.0392156862745,0.0313793309528,-0.0508474576271,0.0295857988166,0.0265593121539,0.0116788593959,0.00887217884949,0.0412689587002,-0.00627972850195,-0.011490616977,0.0110725737028,0.105141090066,0.0677111111111,0.00640683760684,-0.00231114455403,-0.018059138718,-0.00638977635783,0,-0.0118663950114,0,0,0.0366197183099
-0.0852578572669,-0.0412095162689,0.00199521912351,-0.052337420771,0.00622930042924,0,-0.0125811320755,-0.0101439565414,-0.03125,0.00574712643678,-0.0314263406324,-0.00144069596697,-0.0351871793248,0.0365851849654,-0.0336138973297,0.0674381395349,-0.04014659337,-0.0303719249155,-0.0276396028888,-0.0254777935551,0.0266204906205,-0.0499865265427,0.0578778135048,0.00404207907965,0.00401129661102,0.0078161322865,-0.00436913101804,-0.0176652173913
-0.0338838268793,0.00766810853323,0.0139132758226,-0.00872558139535,0.0321775707598,-0.0263135563256,0.0318497626746,0.00615021000717,-0.00921658986175,-0.0200045714286,0.00382903101698,-0.00433757225434,-0.0212717066605,0.0117694195422,0.0173915463172,0.0174292546554,0.0304163934848,0.0313232730115,0.0451422333526,0.00653945634669,0.0101464431226,-0.0111331725996,0.0851063829787,-0.00605161290323,-0.01594374261,0.0232534860644,0.0248514619883,-0.0138312892532
0,-0.0183024390244,0.0078431372549,0.0410559111128,0.0239794626206,0.0495464416184,0.0216074074074,-0.00203632661224,-0.0418604651163,0.0320747851885,0.0475251861586,0.0290276436056,-0.0155290960926,0.0319699605414,0.0726710792626,0.0128480097576,0.040591119484,0.00402238544946,-0.0191898091259,-0.021645021645,-0.0256697588126,0.0224453209035,-0.00840336134454,0.00608845789358,0.0323914803197,0.00505284647938,0.0271064812701,0.00701488250184
0.0482365654779,-0.00465097789792,-0.00778210116732,0.0197229057934,-0.0257563322803,-0.0128709925196,-0.0241739597004,-0.0428574031227,-0.00970873786408,0.00564971751412,-0.0127012335354,-0.00704994538775,-0.0220882165894,-0.0281632233529,-0.0239169790153,-0.0253700646768,0,0.0362886837369,0.00814349251425,-0.00442477876106,-0.020618321134,0.0246177584514,-0.0141242937853,-0.0322580645161,-0.0705911179173,-0.00502744357879,-0.00694222222222,-0.0153225626741
0.125492033739,0.0702104716642,0.013728627451,0.00552486187845,0.00841237969951,0.0239115043007,0.0216743570882,-0.0426445563664,-0.0245098039216,-0.0252853932584,0.0220586937724,0.0426136363636,0.00968517378732,0.107244843998,0.0938846947572,0.0282031347614,0.063831955543,0.066169878978,0,0.0355555555556,0.0105261929945,0.0695461701691,-0.0200573065903,0.0666666666667,-0.00421813005022,0.0580822150862,0.0125851466626,-0.0113154428638
-0.0966774918811,-0.0116804119864,0.00579959520435,-0.0302241758242,0.0214562806825,-0.0191083238625,0.00605818181818,-0.0423173122423,0.0150753768844,-0.0403460073591,-0.0287825681579,-0.020438147139,-0.0351486571971,-0.023561626389,-0.0112,-0.0295358649789,-0.0266706487623,0.012769982658,0.0712081357056,-0.023608583691,0.0115747955748,0.037504,0.0409356725146,0.0097625,0.0635664456005,0.00954693272126,0.0220994475138,-0.0200286581486
0.152286135693,0.00592810753663,0.0173107692308,-0.0849862209007,0.00583675024086,0.00865492667742,-0.0903616635221,0.0325570194196,-0.0148514851485,-0.0270223520593,-0.0888888888889,0.0305981209416,-0.0298012850314,0.00536081129553,-0.0113268608414,0.0195617391304,-0.0479424297161,0.0126089663761,-0.00906823411126,0.0285750455386,0.0171635290224,-0.00481154771451,0,-0.00966811502705,0.00398282407119,0.023639635909,0.0837794594595,0.0189804822902
-0.06432,-0.00146390901242,0.00566803578666,0.049535849094,0,0.0214585740878,0.0463630367233,0.022522921023,0.0653266331658,0.00925432098765,0.0508097560976,0.0080971834757,0.0648490582265,0.00799833935533,-0.00381073356621,-0.036244046888,0.0503566498629,0.0320266461696,0.0426926829268,0.0384615384615,-0.0348735017483,-0.0314882538895,-0.0280898876404,0.0527375,0.035715613959,0.0369491564981,0.0386555158325,0.0128916905444
0.114569083447,-0.0514247049094,-0.0169142857143,-0.0176991985803,0.00463339384962,-0.0210077771455,-0.0569618811092,-0.0462519810761,0.0188679245283,-0.00305322594851,-0.0464218071081,-0.00936869476561,0,-0.01322478924,-0.0498026041539,-0.0398230088496,-0.0376719466444,0,-0.0248699427374,-0.0185218106996,-0.0221451544155,0,-0.0173410404624,-0.0408221422719,-0.0613075431499,-0.0222708209857,0.0108024217093,-0.0579893815884
0.0136544952439,-0.0200919394468,0.0133812210135,0.0120120697277,-0.00115300613089,0.00429725072832,-0.0201341741364,0.0092363516411,0.00925925925926,0.00613496932515,-0.0547571756825,-0.0283805405405,0.00961150149422,-0.00536081129553,0.0302451612903,-0.00460829493088,-0.0391406621305,0.0310327706058,0.0270010938609,0.0146784559445,0.00953815062115,0.002496,0.05,0.0425595127567,0.0122411506682,-0.00911201058912,0.00712971830772,-0.033033033033
-0.0202815196004,0.0110405629474,-0.00188377358491,-0.0148321178973,-0.00115433708863,-0.0192307692308,0,-0.0297475077627,0.0183486238532,0.0121951219512,-0.0150179226237,-0.0180784825112,-0.00952,-0.0215653747549,0.0450127749111,-0.0254666666667,-0.0259274332405,-0.0234047676379,-0.0233575005606,0,-0.00472205430951,0.0224719101124,0.0644257703081,0.0333891402178,-0.0403229869999,0.00919580284199,0.0200452830189,0.0357118012422
0.00695195427159,0.03124,-0.0189035345073,-0.0331373493976,-0.024302430243,0.00217786863939,0.0205478889099,0.033017656298,0.0225225225225,0.0271036144578,0.0108757032606,-0.0184158640227,0.0673035872939,0.0578526242427,0.0299623672667,0.00475061187881,-0.0152081967424,0.0102569160215,-0.0119580606895,0.00206280991736,0,0.00974025974026,-0.0157894736842,-0.0233365122772,-0.0168016486618,-0.0296111569376,0.00231584243393,-0.00299850794245
0.037664927892,-0.0151274194174,0.00577724615878,-0.0124611213015,0.00355336886702,-0.00652641762063,-0.0234925543824,-0.0251141366379,0,-0.0234605206359,-0.0193863405955,0.0115440381969,0.00300540540541,-0.0338534243017,0.0363517884987,-0.0118165931597,-0.01158555689,0.0898618636208,0.0242055730911,0.0226837861733,-0.00949285965002,0.031412317586,0.0213903743316,0.00918823529412,-0.0170887681401,-0.00469700743693,0.0530527279304,-0.0360903123977
0.00657943372514,0.0322949076444,0,0.0031596373988,-0.00472104952563,-0.00656223539373,0.0412371134021,-0.00702461542321,-0.0132158590308,0,-0.00219427799814,0.00142881923839,0.0239496432344,-0.0107794089684,-0.0175383440749,0.1004784689,0,-0.00470261554998,0.0191904104668,-0.00403225806452,-0.0143697840352,0.0023381294964,0.00261780104712,0.0163905760017,0.00434646781576,0.0613214480077,0.0251934724092,-0.0140381005631
-0.0688160987074,-0.0074396245851,0.00383141762452,-0.0062893081761,-0.0118814139111,-0.0132182683429,0.00659801980198,-0.0165109335983,-0.0446428571429,0.00901385712364,0.0220121796498,0.0356102564103,0.00585263157895,0.0054484353976,0.0321371428571,0.0195617391304,0,-0.0312289069883,0.0695655400141,-0.0242914979757,-0.0145792852151,0.0747652371553,-0.0391644908616,-0.0214940300733,0.0389624440447,0.02889106806,0.0117538461538,0.00157974683544
-0.0634119410048,0.0375153751538,-0.00763358778626,-0.0158278481013,-0.0048120196635,-0.0312461761043,-0.0262269540379,0.0311742693464,0.0140186915888,0.00297142857143,-0.0474003268988,-0.0288836949297,-0.00872786638202,-0.0460739266008,-0.0501594472495,-0.0852881374435,-0.0507815337476,-0.148404477681,-0.0135458581934,-0.0248962655602,-0.0135651446703,-0.0326117201848,-0.00271739130435,-0.0311441398146,-0.0208398417161,-0.0172793248331,-0.0369604444174,-0.00631913129638
0,-0.0217101363367,-0.0615384615385,-0.0514472100178,-0.053141777113,-0.0322614200374,-0.0336727272727,-0.0488376052051,-0.0645161290323,-0.0445058492859,-0.0294079318883,-0.0509915014164,-0.0557103946285,-0.0539729927714,-0.0200508265137,-0.0116513255061,-0.0411498299048,0.00381804298026,-0.0357098901099,-0.0276629787234,-0.0199979220779,-0.0539607662659,-0.0354223433243,-0.0585922377081,-0.0723448945136,-0.0747265357493,-0.00658245614035,-0.00794660208993
0.00749473684211,0.0296144815572,0.0102491803279,0.0508531571697,0.00383305983492,0.0309568048155,0.0801451711364,-0.0122229643308,0.0147783251232,0.00310062111801,0.016313104189,0.0268656716418,0.0683213147744,0.0150118341466,0.0288120672837,0,0.0171663232435,0.00755270593349,0.0569797972431,-0.00437638293701,0.0535678694559,0.104530252356,0.0197740112994,0.0301106498914,0.114687379086,0.0831379671785,0.023184187847,0.00801025641026
-0.115680374457,-0.0459761659556,0.010138709489,0.00322064516129,-0.0355735565017,-0.0161679500737,-0.0322605619082,0.00989937112477,-0.0533980582524,-0.024767924547,-0.0137613668891,0.0450558139535,-0.0581439156097,-0.0532577169712,-0.154479441284,0.00707169811321,-0.0295376406979,-0.104891333657,-0.0754713726302,-0.00658991328321,-0.0702167481736,-0.0666703369302,-0.00831024930748,0.00585109037377,-0.0123418697933,-0.00219399495455,-0.045310817155,0.0381558999196
0.0464083175803,0.129501118051,0.0220915662651,0.0321545062611,0.0197583960534,0.0704201896947,-0.06,0.0514710065334,0.0410256410256,0.0317461929965,0.0930076799428,0.0305981209416,0.0308666666667,0.0593780169825,0.0748044417701,0.110074417141,0.0739123723843,0.0627786480299,-0.069970519088,0.0553061946903,-0.00520779220779,0.00460095558308,0,-0.0135689922481,0,0.0219770863795,0.00451978218266,0.00459664219698
0,0.018670853671,-0.0334018596405,0.0467341893293,-0.009042757731,-0.00876882822997,0.00708936170213,-0.0303022736069,-0.00492610837438,0.0307693822493,0.0404428285469,-0.0512821620128,0.0119748216172,-0.00294923865153,-0.0377891442095,-0.0210970464135,0.00809669493323,0.0235827664399,0.106572506219,0.00209979739974,0.0366497386824,-0.0114497093535,0,-0.0176786410331,0.00416536499011,0.00645098195464,-0.0056225073071,-0.0487804878049
0.00812934694246,-0.0340436938748,-0.00202926829268,-0.0297619047619,-0.0104270979371,-0.0530998073768,-0.0352057329739,-0.0312491952721,-0.029702970297,-0.0567119126539,-0.0266009658801,0.00853487006514,-0.0354993662729,-0.0355027456512,-0.0309690045488,-0.0172413793103,-0.0401583249599,-0.0768719539211,0.0311661469287,-0.0460251046025,0.0025228886025,0.00231646471846,-0.00558659217877,0.0220032,-0.024901482941,-0.00854737766453,-0.0441194570136,0.00320512820513
-0.0559985664367,0.0298321076731,0.00203339459586,0.0490797546012,-0.00132818923534,0.0327137658502,0.0145926581236,0.0173668797654,-0.0714285714286,0.00632911392405,0.0399330415667,-0.00140818371381,0,0.0245422120077,-0.0192134494146,0.0263157894737,0.0251030931481,-0.25,0.0247208791209,0.0153473684211,-0.00503726656059,0.0555851851852,-0.0168539325843,0,-0.0340454382303,0.0409491520502,0.0426036309655,-0.0239642172524
0.0338838268793,0.0644704931285,0.00406504065041,0.0233918128655,-0.00790373654212,-0.00452326930232,0.0359742042423,0.0317065629668,0.010989010989,0.0157182389937,0.0222058452767,-0.0183638418079,0.0981602544282,0.0269404164512,0.0347830926343,0.0555555555556,-0.0122407297517,0.0888728901688,0.034865565107,0.0410403146102,0.0354435919989,0.0679279178128,0.00285714285714,-0.00195380992936,0.0396493352784,0.0186352081292,0.00340704364503,0.00981999298198
-0.0184522170201,0.0358205176888,-0.0080971659919,0.0171428571429,0.0425401526951,0.0249983510323,0.0555583333333,0.01182265594,0.0326086956522,0.00619198113675,0.00988464749184,-0.00431425453641,0.0195484941425,0.0320704670856,0.0315163901363,0.0303611336032,0.00826394322119,0.0357037907728,-0.00777610133802,0.0124481327801,0.00244676656953,-0.0246017978237,0.0569800569801,0.0333299869491,0.00423599804085,0.00406349597587,-0.027149321267,0.00486484243719
-0.0855780022447,0.0405694385043,-0.00203755102041,-0.0393258426966,-0.00509441818315,0.0243886743887,0.0624945723827,0.028036993313,0,0.0369232586991,-0.0136955419038,0.014450867052,-0.00821588140725,-0.00564855281603,0.00510962225293,-0.0157171417435,0.0122908511449,-0.0147538657966,0.054825880623,0.0102426229508,0,-0.0442468337375,0.0512129380054,-0.00189449140192,0.0673187192703,-0.00202523013979,0.00697302325581,0.0225806451613
-0.0137056356756,-0.0297986025483,-0.0245397970068,0.0204631578947,-0.0102533172497,-0.0281424712608,0.0123864083874,0.0136382080831,0.0368421052632,-0.065282209055,0.0059619047619,0.022792022792,-0.0138131986157,0.00284032010615,-0.0354817792764,0.0179673228497,0.0121484645025,-0.0850251979842,-0.0346455445545,-0.0243408497877,0.0146326036628,0.0352430359761,-0.00512820512821,0.00950260378644,0.0225145115475,0.00202934002036,-0.0207816010406,0
0.00466659753189,0.011801373801,-0.0167714322132,0,-0.0181447350421,-0.013358326331,-0.0366972477064,0.00224178446043,-0.00507614213198,0.0222274144885,0.00787684850321,-0.0389972144847,-0.0364133229804,0.0113359933293,-0.0104875359669,-0.0333364705882,-0.0120026507262,0.0601148792195,-0.0128327152187,-0.0124740539677,-0.0168271728272,0,-0.0154639175258,-0.00188022032325,-0.0308359402365,-0.0364370951244,0.00353962264151,-0.00315457413249
-0.0323080099092,-0.0303555941023,-0.0255862666567,-0.0200528139957,0,-0.00676959360601,-0.00634666666667,-0.024608465376,-0.0204081632653,0.00621118012422,-0.0273910838077,-0.0173913043478,-0.0203545564904,-0.0336131590782,0.0148653422833,-0.00202515870234,-0.0202383152304,-0.0463890744452,-0.0129829110978,0.00631917918039,-0.0171151727978,-0.027615883218,-0.020942408377,-0.0358518590076,-0.0454511465603,-0.00209827573395,-0.0117546194978,-0.00316455696203
-0.0190933333333,-0.0313367466535,0,0.00291929824561,-0.0211019632679,-0.0159107065644,-0.00639487183419,0.0206429156429,0.0260416666667,0.0277728395062,0.0100635490912,0,0.0178077362703,-0.0144967389388,-0.0125589117395,-0.0731707317073,-0.0123994076227,0.0189134495641,-0.0368336842105,-0.00836820083682,-0.00746398266537,0.0634102621555,-0.00802139037433,0.0137017183508,-0.00951784105597,-0.0273703992625,-0.0428062645541,0.0253968253968
0.0486080904741,-0.0373177099917,0.0240664365289,0.00292013023967,0.018865483153,0.0161679500737,-0.0128566247116,-0.00449765488022,-0.0203045685279,0.00901385712364,0.0079553277748,0.0147492625369,0.0116606142026,-0.00882169865993,0.018793220339,-0.0241263157895,-0.0251030931481,0.00794438927507,-0.0300587535847,-0.0379746835443,-0.00250392670702,0.0329224610198,0.0215633423181,-0.00579455879809,0.00479805968575,0.0151512389674,0.0670848538332,0.0123839009288
0.0509177641813,0.0439240590064,-0.0042735042735,0.0145302325581,0.0132330903457,-0.0113668843304,0.00977196150629,0.0045179751733,0.0725388601036,0.00892380952381,-0.0138309175078,0.046511627907,-0.00576829306249,-0.00296673788762,-0.0246752555366,0.0224719909105,0.0214542763444,-0.121030693444,0.036615046242,0.0175438596491,0.0301517822088,-0.00994441327962,-0.0105540897098,0.0368961960507,0.0143516817967,0.0277170263272,0.0104754170423,-0.00611620795107
0.11673574107,0.0136239782016,0,0.0716381507766,0.0417752932919,-0.00459606517517,-0.0129057731464,-0.0134849402787,-0.0338164251208,0.0206537847966,-0.0120240866504,-0.0277777777778,-0.0550645393549,-0.0178606334842,-0.0138642504298,0.0945093433296,0.0084099868594,-0.0359544749095,-0.0407652173913,-0.0818965517241,-0.00731832906938,-0.0100442979293,-0.0186666666667,-0.0618063711978,-0.0094281058431,-0.0124469293265,-0.0126746543779,0.04
0.0532826720862,0.0427294323581,0.0321922746781,0.00534759358289,0.00751952067567,0.0254025231237,0.0130745098039,0.0569464779567,0.01,0.0260069364162,-0.00202515870234,0.00857142857143,-0.00613984716639,0.0333338247652,0.0313563778264,0.0100369477912,-0.0125027294691,0.0900635005813,0.0424976430488,0.0328638497653,0.0589700860984,0.00811696758416,-0.0190217391304,0.00200559522745,0.023814186675,0,0.0256747270473,0.00295857988166
0.0112416107383,-0.00701459875896,-0.00415799032685,0.0132936170213,-0.0149267989778,-0.0270246715424,-0.0193547887618,-0.00215482411248,-0.0346534653465,-0.0112676564176,0.0183024390244,-0.0226628895184,-0.0123444444444,0,-0.0272634573069,0.00596741460808,0.0295376406979,-0.014276337381,-0.0217391304348,-0.0318181818182,0.0139196371406,0.0342709677419,-0.00277008310249,-0.0239042300926,0.00929645357512,0.00840371815875,-0.0568863583411,-0.00589970501475
0.0258835241414,0.0271094339623,0,0.0393744435672,-0.0151529845318,0.0347172459095,0.00986839508317,-0.0215986302743,-0.025641025641,0.00855160593325,0.0438989806086,-0.0376811594203,0.0499949375063,0.0175988015409,0.0474206896552,0.0177833992095,0.0860636713202,0.0115698351923,0.03056,-0.0140845070423,0.00228618815214,-0.00194620490044,0.0166666666667,0.0163264239907,0.0184342860031,-0.0124987718781,0.0253298438212,0.0474777448071
0.00719715348536,0.00346824207154,-0.0104417187751,-0.0075797979798,-0.0205189434037,0.0156616336866,0.0162839966541,-0.0331111732967,0.0105263157895,0.0508474576271,0.0497072266378,0.0240963855422,0.0595287840314,-0.0317006316291,0.0493823908978,0.0524304541529,0.018869970719,0.0514276310376,0.0862529972917,0.0047619047619,0.00456953742922,0.0039,-0.0355191256831,-0.024096230707,0,-0.0105498425874,0.00941180013854,-0.0254957507082
0.0143717382577,0.0446091209982,0.0084388185654,0.007637690128,0.0523656927427,0.0506641096669,0.0128230769231,0.00228273275722,0.0208333333333,-0.00537634408602,0.00547327189746,0,0.0196584048782,0.00892669683258,0.0372452565004,0.0239822878229,0.00740694361832,0.141336672406,0.0173736282933,0.0568720379147,0.00227059783594,0.00776969817711,0.0226628895184,0.0432062998762,0.0271447180696,0.0405125387403,0.0780907341379,-0.00290697674419
0,-0.0186182144459,-0.00418410041841,0.0126222222222,-0.004979580139,0.00838273966861,-0.0284809405546,-0.00455506751261,0,0,-0.0289913043478,0.0117647058824,-0.0247934703916,-0.0294995622784,-0.0286004645761,-0.0306278360442,-0.00367934965009,-0.0619171695008,0.00975602141642,0.00448430493274,-0.0136040318294,-0.0134921419393,0.016620498615,-0.0118405937969,0.0220308480186,-0.0225410543318,-0.0205423058029,-0.0174927113703
0.0106063004591,0.00222857142857,-0.0105008403361,-0.0149626532176,-0.017497749775,-0.0332656221717,-0.0456076987422,-0.0228836411178,0.0255102040816,-0.0189232432432,-0.00372539537549,0.0174418604651,-0.0141153020858,0.0182407003483,0.00413490758731,0.0092907063197,-0.0073796364453,0.0127183685403,0.0241466732624,-0.03125,0.0252866095995,0.00195380992936,-0.0136239782016,-0.00597846220667,0.0603424843708,-0.0146747785189,-0.0551843008717,-0.0237388724036
-0.00697055137845,0.0133702035464,0.0106122781749,0.0101266232977,0.0279844137442,0.0430094104757,-0.010238935806,0.00468307694881,-0.0348258706468,0.0798945670284,-0.0131056179775,-0.06,0.0200526071484,-0.00596889205164,0.042642389363,0.0368325210535,0.0297380014203,0.0476362324071,0.0165132075472,0,0.0179353477676,-0.0176,-0.00276243093923,0.0261010371018,0.016261159346,0.0127646917589,0.058414953271,0.0151975683891
-0.0440097799511,-0.0230680507497,-0.0231058823529,-0.0150376542863,-0.0247510634758,-0.0164890327985,-0.0206897122475,0.00466124796591,-0.0257731958763,0.015306122449,0.0322610026231,0.0121580547112,-0.0449392753491,-0.0330333401514,-0.0687587732864,-0.0195354018768,0.00721979799213,-0.0670341026524,-0.0533677833215,-0.0138248847926,-0.0330380910186,-0.0576140065147,-0.0387811634349,-0.0137017183508,-0.0239959641157,-0.0336113342274,-0.0551909750429,-0.0269461077844
-0.0240079201386,0.00561522734472,-0.00645503155258,0.0458017131876,-0.0329942126104,-0.00419813010823,-0.0246423229361,-0.018562628677,-0.015873015873,-0.0100502512563,0.0293998270598,0.00900900900901,0,-0.00932235400771,-0.0379397562658,-0.00181449275362,0.0465953295605,0.128267611874,0.041662745098,-0.018691588785,-0.00455533424718,-0.00421257290992,0.00576368876081,-0.00991746031746,-0.016394363665,0,0.0163588785047,0
0.173626373626,-0.0201305767138,0.015154978355,-0.0121616045221,-0.0157496188592,0.00842486863722,0.0360952026131,-0.042550587123,0.00537634408602,-0.00507614213198,0.0160800918862,0,0.00881994811795,-0.0219390556369,0.00310707456979,0.0381155371776,-0.0136978370617,0.00903200471235,0.0188236002771,0.0142857142857,-0.0160185329595,0.0338973858336,0.00286532951289,-0.00401441598584,0.0124978579997,0.00434617046362,-0.0206932572202,0.0523076923077
0.0224719101124,0.00683830620416,0.0213218888805,0.04679408867,0.0746700462127,0.0542805786877,0.0487861987072,0.027160472057,0.0160427807487,0.0280571428571,0.0105447858143,0.0178571428571,0.0291567833078,-0.00320445348864,-0.0372223545919,0.0244755244755,0.00347495333466,-0.0269832003632,0.00462634503961,0.0422535211268,0.0488379105585,0.00409169595552,0.00857142857143,0.032193262594,0.00823658170576,0.0281406192467,0.0446046948357,0.00584795321637
0.0629050436743,0.0680347139581,-0.00626636737748,0.0164744149625,-0.0496247766528,-0.0257461399946,-0.0598005055136,-0.0384638494751,-0.0157894736842,-0.019851195439,0.0278315747295,0.00584795321637,-0.00850534388513,-0.00321475502159,0.0225479143179,-0.00341296928328,-0.0346058003907,0.0231317912139,-0.0505818829172,0.00900900900901,-0.0177401817143,-0.0183898437908,-0.0113314447592,-0.0409326812715,-0.0367394442641,-0.00421246720091,0.0471872460683,-0.0377906976744
0.0222016038174,0.070060059244,0.0567260504202,0.0115703703704,0.0208813797253,0.0223563647804,0.0742047372304,0.0475012944348,0.00534759358289,0.0202532465954,0.00337865276221,0.046511627907,0.0400012342885,0.0193507380117,0.0441283244144,0.0205479452055,0.0215101976514,0.0905003909304,0.0218034742992,0.03125,0,0.0124540954814,0.00573065902579,0.0243902439024,0.0466099725824,0.00845701344576,0.0257510729614,0.0543806646526
-0.0564056016598,-0.017853968254,-0.027832913454,-0.0274600547737,-0.0127808471455,-0.00993685290252,-0.0526340720156,-0.0167037387399,0.0159574468085,-0.00247742919079,0.00168363795308,-0.0333333333333,0.00549890714166,0.00632779843422,-0.032193262594,-0.0352375838926,-0.0105286259995,0.0166099061959,-0.0829415511541,0.012987012987,-0.040631613707,0.0103033170373,0,-0.033726984127,-0.0121436817334,-0.0733738925945,-0.0376569037657,-0.0286532951289
0.0429435206816,0.0424079437319,-0.0224980858958,0.0305921151703,0.0103595368678,0.0200796451582,0.0104166666667,-0.009711472625,-0.0157068062827,0.022384079602,0.0370424242424,-0.0431034482759,0.0382523335989,0.0817670682731,0.0353398264942,0.0139130821929,0.0567401821201,0.102027622686,0.0129157088756,0,0.00235465298204,0.00608772568812,-0.00854700854701,-0.0308040055721,0.0245859271412,-0.0090501358473,0,-0.0147492625369
-0.102971210225,-0.0155040682675,0.0104635983264,-0.013698630137,-0.028212008567,-0.00393560836888,-0.0309278350515,-0.00245058354521,-0.0106382978723,0.0340633929475,-0.0129973350788,0.0510510510511,-0.0263177839251,-0.0145388716817,0.0622526088521,0,-0.00671666345205,-0.0240520505573,0.0153142857143,-0.0042735042735,-0.0117378036884,0.0303061646669,0.0316091954023,-0.0275389830508,-0.0600008773661,0,-0.0456486956522,0.00898203592814
-0.00822561692127,-0.00196537909139,0.00620784693053,-0.0115777777778,-0.00263457884737,-0.00395115858166,0.0106382978723,-0.0147396219462,0.0215053763441,-0.0188236002771,-0.0115105868978,-0.00285714285714,0.0108097063574,0.0501514086023,-0.0132355787844,-0.0308748703255,0.00338104104081,-0.00382513661202,-0.0326751141699,-0.0128755364807,-0.0237544322391,0.00391526955125,-0.008356545961,0.00653941075587,0.0085169931514,-0.0251142079276,-0.0159489168149,-0.0296735905045
-0.0165136255924,-0.000984624706506,-0.0164609053498,0.00468385830017,-0.00793731426685,-0.0238137892205,0.0666694736842,0.00249335476431,-0.0526315789474,-0.0119866167352,-0.0133058590505,-0.0171919770774,-0.0160459721433,-0.0224739830676,-0.0172384198524,0.0106194990995,0.0134672085425,0.00570488206253,-0.0233725646652,-0.0130434782609,0.0121662177138,0.00585,0.0449438202247,0.0302958940544,0,0.00936806023959,-0.00231111111111,0.0244648318043
-0.0184474060688,-0.00295678544352,0.0376569037657,-0.00698930345661,0.0106634919416,0.00813375804528,-0.0164525882827,0,-0.0111111111111,-0.0315572815534,0.0134852924512,0.0116618075802,-0.0271663634051,-0.0229906751108,-0.0584859523928,-0.0105079103549,0.00332487138589,-0.0113450419985,-0.0718127659574,0.00440528634361,0.0144215784216,0.0136203211214,0.0188172043011,-0.0125983193277,-0.0084450665772,0,-0.0417631860299,0
0.0718778766493,-0.00790814386739,-0.00806451612903,0.0399023474178,0.055414819506,0.00604622436043,-0.00333913936893,0.0124357670426,0.0168539325843,0.0300753085727,0.0465944668072,0.0259365994236,0.0307204987682,0.0529445012843,-0.0424285790004,0.0141593321326,0.01324421755,0.0134061569017,0.0515853367809,0.0131578947368,-0.028433106567,0.0114756510225,0.00527704485488,0.051063482121,-0.0042584965757,0.0232008315878,0.00968519250289,0.0626865671642
-0.00636942675159,-0.0279502312153,0,-0.00225373274486,-0.00500450045004,-0.00200329574461,-0.0167838475601,0,-0.0276243093923,0.0048661989925,-0.0190778529021,0.00561797752809,0.00812682926829,0.0363119950533,0.0886447291949,0.0261808758977,0.0261422020883,0.0661440470358,-0.0108991350446,0,0.0219509327322,0.136387878788,-0.00524934383202,0.00809711354096,0.00427670892602,0.00907066718099,0.0431653020036,0.0140449438202
0.00324114088159,0.00410019186795,-0.0121951219512,-0.00904977375566,0.0251242340908,-0.00401463398841,-0.0204778716119,-0.0221138197116,-0.0340909090909,-0.00241744277944,0.00161814815391,-0.00279329608939,-0.010751647586,-0.00808455672631,0.0148972950986,0,-0.0286634148442,-0.00352328431373,-0.0055184329766,0.012987012987,0.0190910713931,-0.00503455926274,-0.00791556728232,0.0100368832971,0.0042584965757,0.00898534487979,0.0137930527152,-0.00831024930748
0.0564290329528,-0.0143182472581,-0.00411522633745,-0.0182648401826,-0.0122483557083,-0.0181451743978,0.0487861987072,-0.0150729422742,0.0294117647059,-0.0364116504854,-0.0339883495146,-0.0112044817927,-0.0135880730176,-0.00271681649921,0.0332648664897,0.0272108843537,-0.0360662461617,-0.00712272610812,-0.00553132645463,-0.0042735042735,-0.00468335753522,-0.0368353344768,0.0132978723404,0.0139196376314,0,-0.0133617423532,0.0476152467474,-0.0139664804469
0.0800543662929,0.0643190992139,0.00413223140496,0.0186046511628,0.0446694460989,0.0349083589363,0.0332171874626,0.0255105758895,-0.0114285714286,0.0201512147152,0.0318394519755,0,0.0358216060218,0.0381456760501,0.0321939393939,0.0264900662252,0.0408197296318,0.0501651527663,-0.0195029771455,0.0128755364807,0.00235465298204,0.015671608566,0.0236220472441,0.0117583575946,0.0254193968121,0.0225724279522,-0.010819047619,0.0368271954674
-0.0505883093186,-0.0204601027995,0.0493827160494,0.0205442922374,-0.0451311288483,-0.0158737267748,-0.038585308258,0.00497430681702,-0.00578034682081,0.00493829111424,0.0357037106301,0.0453257790368,-0.00266168796974,-0.0157510981714,0.0330217483207,-0.041935483871,-0.00980608806143,-0.0460487517201,0.0255636363636,-0.00423728813559,-0.00939258426791,0.00683820628589,-0.0282051282051,-0.00581705426357,-0.00825931297018,-0.00441334488413,-0.0765896662069,-0.00546448087432
-0.0503015441713,-0.0607010036171,-0.0196078431373,0.031320022622,0.0174106183277,0.0604817475539,0.0234141094692,0.0816830698657,0.0581395348837,0.0343981696243,0.00314484335972,-0.0162601626016,0.00799677441032,0.0906673067068,-0.00532011640597,-0.03367003367,0.033006946188,-0.0680026788934,0.0415558628515,0.114893617021,-0.0142165532835,-0.0102311811572,-0.0527704485488,-0.00974350017466,0.0249957159993,-0.0576502222056,-0.0213232227488,0.0274725274725
0.00935101186322,0.0317830508475,-0.0059968,0.00217267565354,0.0171126760563,0.0114089186969,0.0392156862745,-0.0114438633764,0.0604395604396,0.0118803301865,0.0156149219254,0.030303030303,0.0396857142857,0.0268952145313,0.0517942857143,0.0365825783972,0.0351442876355,0.124758167044,0.0531914893617,0.0114503816794,0.00480719280719,-0.0480777689804,0.050139275766,0.0255874015748,0.0447154018479,0.0211783635117,0.0411581940603,0.0267379679144
0.0802682522124,0.018477146687,0.00603297856586,-0.010825974026,0.012024279351,-0.00940119651592,0.00628679245283,-0.0138866502176,-0.0155440414508,-0.0164356807512,-0.0076948071129,-0.00802139037433,-0.00763967132925,0.0023804559355,0.0475269471488,0.0067227071535,-0.00926128833652,-0.0648220955376,-0.0353454545455,0.022641509434,0.0167466683635,0.0198234832032,-0.0185676392573,0.00960617153527,0,0.0138235077248,-0.00697302325581,-0.0078125
-0.028544,-0.0262193548387,0.0140032,-0.026258297622,0.0189965792474,-0.00189685977923,-0.00312000780002,-0.0211274984388,-0.00526315789474,0.0190931516684,0.00930239480852,0.0134770889488,-0.0025569309444,0.0106895017537,0.0218866045682,0.00167212466678,0.0311507612582,-0.0146092805718,-0.0994839833802,-0.0369003690037,-0.0117654421428,-0.00706841866787,-0.00540540540541,-0.0095147710128,0.0505894276418,0.00227377994863,-0.0187352927952,0.00524934383202
-0.100006588049,0.0227911167647,0.00394476072659,0.0224719909105,0,0.00950232347135,-0.00940436513012,0.0215835038834,-0.010582010582,0.0210811094374,0.0107650563322,0.00531914893617,-0.0642722292145,0.0011777014241,-0.00635429777904,-0.0133333333333,0.0151074066129,-0.0203722468135,-0.0029023255814,0.0153256704981,0.03809527579,0.0356393173314,0.0054347826087,0.0134388128639,0.00740274378789,0.00226862160232,-0.0238662573126,0.00261096605744
0.0391625796062,0.0414831320931,0.00589074769117,0.0197838058332,-0.0163149296153,0.00188864867491,-0.00949364685153,-0.0328626691646,0.0427807486631,0.0252256880734,0.0379913046016,0.00529100529101,-0.0137373777334,0.0516379915831,0.0502809275718,0.0844594594595,0.0119040431484,0.0359300996244,-0.0116617531813,-0.00754716981132,-0.0114648030166,0.0172284644195,-0.00810810810811,0.0132606060606,-0.0257343305848,-0.0022634866077,-0.0464584979619,0.046875
-0.0408565793181,0.0728946386366,0.013675,0.0387931034483,0.0355485280066,0.0112741621661,-0.00639487183419,0.0291257507865,0.0153846153846,0.017897155784,-0.0307536614848,0.00263157894737,-0.00277772206735,-0.0267856173235,-0.0106407812318,0.0218068535826,-0.0117640039379,-0.00546534237217,0.0206535898356,0.0456273764259,0.037119032375,0.0473880273759,0.0190735694823,-0.00747661315405,-0.00377639597322,0.011335469555,0,0.00746268656716
-0.0754259694477,0.0307942028986,0.00385355266728,0.0290456431535,-0.00916151285797,0.0334574050432,0.0128643417732,0.00471620648563,-0.00505050505051,0.0153881859804,0.0453174396009,0.00524934383202,0.0167529790336,0.0091779973554,0.0245777541831,0.0182926829268,0.0624987421763,0.0201849405548,0.0693635203374,0.0181818181818,0.0335591934488,-0.0210090984285,0.0534759358289,-0.0188383613157,0.0113721335992,0.0538139961707,0.0487220512821,0.00246913580247
0.0549686234014,0.026364924752,0.019193799021,-0.00201935483871,0.00924622224193,-0.00719169938697,-0.0222247619048,0.0328626691646,-0.00507614213198,-0.00649696969697,0.0346822413052,0.00522193211488,-0.0439516966502,0.00908899921494,0.0494732195974,0.0179640718563,-0.0336114557388,0.0934894079867,0.0351305069794,-0.0107142857143,0.0108231806046,-0.00494254815816,0.0482233502538,0.0422327592561,0.0561699680642,0.0106396321819,0.0195598256828,-0.0147783251232
-0.0453279120548,-0.041095890411,-0.00188624667044,-0.0383807301195,0,-0.0434802927895,-0.0097402850397,-0.0204552832332,0.0612244897959,0.00653945634669,-0.0279286164407,-0.0363636363636,0.011493063817,-0.0157679622183,0.0114286759193,-0.0250023529412,0.00869266954136,0.0427718832891,-0.0313314618007,-0.0180505415162,-0.0149894991635,0.00993419656124,0.0242130750605,0.0239380510113,-0.0177243250075,0.0273668534147,0.0743364054239,0
0.031627099929,0.0133942857143,0.00943698113208,0.00840336134454,0.00685465710237,0.0416702292687,0.0622978683223,-0.00231981076972,-0.0240384615385,0.012987012987,0.00286896551724,-0.0161725067385,-0.00568635071284,0,0,0.0377098949258,-0.0143645496323,-0.0189416307063,-0.0323448739844,0.0147058823529,-0.00217549210571,-0.0164361679768,0.0189125295508,-0.026981294964,0.0180441453034,0.0245911823786,0,0.0125
0.0477828746177,0.0907389029231,0.00560446922028,0.00833333333333,-0.0204457924654,-0.0309097624897,0.00308888888889,-0.00465040960974,0,-0.0235076923077,0.0229273257413,-0.0246575342466,-0.0114274546913,-0.00228785820846,0.06215649407,0.0218,0.011661089124,0.0418094267988,0.00278104610119,0.0108695652174,0.0108939326445,-0.0183349004188,0.0255220417633,0.0480652068472,-0.0212730790546,-0.00400184596935,0.0067,-0.00740740740741
0.0163443998541,0.0048594884096,0.0353189591078,0.0578512396694,0.0301616118864,0.0506567285179,0.0276922395268,0,-0.0394088669951,0.021881914685,-0.0280067226891,0.0449438202247,-0.0375711417007,0.0229366243939,0.0265872340426,0.0640138014539,0,-0.0431980800853,-0.141671111111,0.0250896057348,0.0431025526198,0.00679176281074,0.0294117647059,0.0440887644761,0.014493617444,0.0281119472394,-0.0110899828293,-0.0124378109453
-0.0192404336277,0.05626208997,0.0179532697931,0.01366875,0.0157636959272,-0.00893114210363,-0.00599280001725,0.0210287878725,-0.0564102564103,-0.0128480097576,-0.0259364798318,0.0510752688172,-0.00300540540541,-0.031389082817,0.0790224167661,-0.0147080213904,-0.00576333776667,0.0161177946026,-0.0485284066196,-0.013986013986,-0.0247908337798,0.0388324324324,-0.0351648351648,0,-0.0142865536015,0.0332053673348,0.0313901345291,-0.0302267002519
0.058780469951,-0.0273924563591,0.00352732690701,0.025051329638,0.0376906619549,0.0324325580585,0.0602459283034,0.0274595522144,0.0380434782609,0.0542335938693,0.0251359756877,-0.00255754475703,0.0030144650951,0.00694299759557,0.0720366329635,0.0176412866025,0.0260878087025,0.092064362772,-0.0204188253733,0.031914893617,0.00847368087399,0.019522957166,-0.00455580865604,-0.0135135135135,0.0108677295982,0.0245732788676,-0.0130434782609,0.0155844155844
0.077157079646,0.0179880613757,-0.00879013345481,-0.0432360902256,-0.014955380039,-0.0314137304227,0.019881772996,0.0155916351534,0.0732984293194,-0.0473283950617,-0.0620471830108,-0.0025641025641,0.0450486486486,0.013795841675,-0.0291259352693,0.0133333333333,-0.0480220053103,0.0523231477606,0.0659777777778,0.0171821305842,0.0315110496466,0.0191491099134,0.0045766590389,0.027397260274,0.0143377981309,0.0184494047527,0.0969162995595,0.0332480818414
0.0114890885751,0.0730224321133,-0.00886241134752,0,-0.00867419193602,-0.00900581601408,0.0167131291657,-0.0438602673432,-0.0390243902439,0.0151222984788,0.0307792284516,-0.0205655526992,-0.034489536243,-0.00680129516959,0.0519089379042,0.00263157894737,0.00889901077513,-0.0276054097056,-0.0488648919094,-0.0202702702703,-0.0427705193877,-0.00624974960939,0.0250569476082,-0.00666666666667,-0.0105989265438,-0.0181151902751,0.00401606425703,-0.0247524752475
-0.032552826956,0.0028607581009,-0.00179176589119,0.00785857087174,-0.0131303900251,0.0127227209034,0.0137030437327,-0.0229361179361,-0.0355329949239,0.014890212766,0.0328261118753,0,-0.0327322597581,0.0114131159195,0.016449122807,-0.00262467191601,0.0617635067273,0.0425836537675,-0.0102794520548,0,-0.0127646480437,-0.0126184237049,0.00444444444444,0.00335033557047,0,-0.00922625614126,-0.0819968,0.00507614213198
0.0190213826577,-0.031415144367,0.0179211469534,0.0272905334598,0.0266101821201,0.00718458180639,0.0162161811542,0.0446020310228,0.0473684210526,0.0125786585448,0.0202405560257,0.0262467191601,0.0338399167017,0.011284326592,-0.00107702079479,-0.0394736842105,0.0914144157644,-0.00541452505199,0.0968863495438,0.0137931034483,0.010776533811,0.00800261309815,0.0907079646018,0.0367948457249,0.0178606400063,0,0.0435728328616,0.030303030303
0.0154479917611,-0.0117993543393,-0.0088,0.00569565296593,-0.0194403259754,0.0124790196124,-0.0478722385697,-0.0269658683764,0.0251256281407,-0.00206708759284,-0.00142775556825,-0.00511508951407,-0.00296786774238,0.053571234647,-0.0361743890302,-0.0109589041096,-0.0228434127818,0.0164109037832,0.0473238981648,-0.00340136054422,0.0106616383053,0.0426928062216,0.0121703853955,0.00161032258065,-0.0245603571016,-0.00185992535207,0.0167014055903,-0.0514705882353
0.00456389452333,0.072386519945,0.0177619388648,0.0452830188679,0.0198257449193,0.0422497629767,0.0474836927739,0.06235362032,0.0539215686275,0.0414937759336,0.0226997290194,0,-0.0597059834938,-0.0105910365301,0.106988684441,0.0387811634349,0.00779394136322,0.0700950902387,-0.0180626506024,0.037542662116,0.0168758614159,0.0379535389636,0.0420841683367,0.019323721285,0.0143794072686,0.0205224408224,0.067758298946,0.0361757105943
0.0845532559313,-0.000694778472556,-0.0209423498992,0.00361010830325,-0.0172837458138,-0.0304055342212,0.0133312,0,-0.0418604651163,0.0478087649402,0.0305176821474,-0.0385604113111,0.0126971428571,-0.0235549050147,0.0526383976576,0.048,0.0154629742589,0.0264408255051,0.0552043660921,-0.00328947368421,-0.0248971385018,-0.020472323066,-0.0211538461538,-0.00947364163954,0.0106462621411,-0.0127968272736,-0.0423076923077,-0.0124688279302
-0.0247265534094,0.0132277961992,0.0106951566627,-0.0260776978417,0.00330231478551,0.00523024892839,-0.010522127415,-0.019565909285,0.0291262135922,-0.0190114068441,0.0067316140369,0.0213903743316,0.0266445475167,-0.0285081752954,-0.0259569230769,-0.00636335877863,0.00761590114346,-0.0110247349823,-0.0232558139535,0.029702970297,-0.0191487405123,0.00298028427327,-0.0314341846758,-0.00079617021711,-0.0140358640859,0.0203672975434,0.0341397590361,-0.0126262626263
0.0359720813697,0.0872862270392,0,-0.036012504506,0.0470897523529,-0.0415963427856,0.0877657707111,0.00665080502452,-0.00943396226415,-0.0116279069767,-0.0508104778161,0,0.0381765818054,-0.0135466830669,0.109816656348,0.0307298965017,-0.0125958099131,0.0893239959983,-0.0297523809524,-0.025641025641,0.0195225732006,0.0357333333333,0.0425963488844,0.0279290230971,0.0213486325362,0.0417433408122,0.0912587456039,-0.00255754475703
0.00771622711045,0.10239979287,0.0193974761271,0.0306513409962,-0.00417783937413,0.00542302511502,-0.0586795918248,-0.0176183041596,0.0190476190476,0.00392156862745,0.0366288974824,0.00523560209424,0.0176398962359,-0.00228785820846,0.0878381455506,0.0658406277578,0.0306103966673,0.0501180792443,0.128823275354,-0.00657894736842,0.0170230676183,0.00286891275563,0.00972762645914,0.00776149068323,0.01393811439,-0.0209038785439,0.0516042704626,0.0025641025641
-0.074,-0.141049541284,0.00692041522491,0.0371747211896,0.00209768347167,-0.0323742467565,0.0753224408884,0.033630770093,0.00934579439252,0.01953125,0.00542606336494,0,-0.0144520398289,0.0091779973554,-0.12019215674,0.002331002331,-0.0123734203699,-0.0412293853073,-0.0298956521739,0.023178807947,-0.0167381332443,-0.00861879263552,-0.0134874759152,-0.0231051417076,-0.00686854601643,0.0142324544316,-0.065992376332,-0.0179028132992
-0.00826905276149,-0.0333925763894,-0.00343642611684,0.0286738351254,-0.0104865898455,0.0241670113103,-0.00241739130435,-0.0065065336442,-0.0138888888889,0.00574406130268,0.0945993279971,0.0286458333333,0.0322628322882,0.065906301485,-0.0334629979896,0.0127888372093,0.0350855636951,0.00905655459995,0.00840788081963,0,-0.0361682712373,0.0448004143391,0.046875,0.0599315587051,0.0657356722039,-0.0596472461978,0.0199304347826,0.015625
-0.0360898512849,0.034546161734,-0.0275862068966,-0.01393728223,-0.00423095308321,0.00725693651936,0.0217918097662,0.0283835304574,-0.0469483568075,0.0019078153381,-0.019757037037,0.00759493670886,-0.00851929881978,-0.0298497398845,-0.0230769230769,0,-0.0145269827756,-0.00225995996642,-0.0722133333333,-0.0129449838188,-0.00882909859527,0.0636286381984,-0.00932835820896,-0.00148571428571,0.0259756444951,-0.00932952485098,-0.0586172401641,0.0102564102564
0,0.0547371659033,-0.00886241134752,-0.017667844523,-0.00212446505357,-0.00720465281127,0.00474313695381,-0.0148633639496,-0.0295566502463,0.00950266159696,0.0176403733617,-0.0175879396985,-0.00860281602971,0.0373601933235,0.0452787401575,0.0172234529937,0,0.0584390370179,-0.00599754732889,0.0196721311475,-0.00891144826769,-0.0442091947135,-0.0263653483992,-0.0044733127313,-0.00632516008121,-0.0244807592271,-0.00377358490566,-0.00253807106599
0.0173003679556,-0.0430499522027,-0.016102995054,-0.026981294964,-0.0191915986858,-0.0272252166839,0.00943017088647,0.0129327925751,0.0304568527919,-0.0489643659943,-0.029702852662,-0.0358056265985,-0.0260115907648,0,-0.092275428172,-0.0361173814898,-0.0319411850221,0.0743197798838,0.0512,-0.0514469453376,-0.00224509236258,0.0149768381457,0.00386847195358,-0.0179640718563,0.0159179218511,0.00965046333929,0.0246242424242,0.0127226463104
-0.0255092328193,-0.0469506620162,0.00182109090909,0.0184843430221,0.0217377692436,0.033582201794,0.123835745487,0.0148949829625,-0.0344827586207,0.0257458241452,-0.020412161583,0.0212201591512,-0.0326350535728,-0.0423692999093,-0.0269807337379,-0.0480112412178,0.0152275116384,-0.00990296235167,-0.0372448698905,-0.0135593220339,-0.0202700172973,0.0133832057925,-0.0173410404624,0.00761951219512,0.0172413793103,-0.00955822206764,-0.0332716206385,0.0301507537688
-0.00143257146578,-0.00346426477642,0.0127012335354,-0.00181198348307,0,0.00180441324556,-0.0353463029583,-0.0125802877633,0.015306122449,-0.0096555984556,0,0.0207792207792,-0.0184084986086,-0.00885308189504,0.0383864849006,0.0110721005109,0.00499970415952,0.0439168798322,-0.00297142857143,0.00687285223368,0,-0.0211642003319,0.0254901960784,0.0211849226867,0.00463017726482,0.0250951064868,0.0458889609516,0.0585365853659
0.0305836322139,0.0877455699362,0.0250896057348,0.0181818181818,0.00212446505357,0.0252279052472,0.0344845422147,-0.00212279617745,0.0100502512563,-0.00584485253755,-0.0208375,0,0.0562499296876,-0.0133900937198,0.0780219202565,-0.0620457420925,0.037313338688,0.0975193414278,0.0835816903561,0.0170648464164,0.00689391623357,-0.0121428077216,0.0611854684512,0.00592591187932,0.0368034179408,0.0470805790629,-0.00365629643496,0.00921658986175
-0.170906099722,-0.0576242297102,0.0157370629371,0.01964,0.0594506446517,0.0522802105943,-0.004165,0.0425538380888,0.0248756218905,0.0490164705882,0.0558513014949,0.0127226463104,-0.0414212527559,0.0407209686296,-0.0418987943582,-0.0233463519509,0.0407710706612,-0.0470360986378,0.0303073044306,0.0671140939597,0.027398248091,0.0902819120995,0.0198198198198,-0.0117820046374,0.0295916546342,0.0359727485603,-0.0403668539689,0.0114155251142
0.0225139281081,-0.0192,0.00171841179095,0.0350263678497,0.0320641089776,0.0371611068624,-0.0188284203708,-0.00816557051504,-0.0388349514563,0.0485982761818,0.0654954780674,-0.00753768844221,-0.00925555555556,0.0108726117007,-0.0457286815787,-0.0146061399334,0.0529940364668,0.0246920080025,0.0160340874089,0.0314465408805,-0.028887747827,0.104133877236,-0.0212014134276,0.0148983251307,-0.00575138269543,-0.0572918189633,-0.1108983223,-0.020316027088
0.0029855202269,-0.0219873749911,-0.0137457044674,-0.0050734485914,-0.0135904773445,-0.00482921205953,0.0341116688927,0.0185191988362,0,-0.0178253627818,0.00709219858156,-0.0151898734177,-0.0124597665055,-0.0193560199838,-0.0145866666667,0.00808625336927,-0.00437610049865,-0.0579818116426,0.0421052631579,-0.0731707317073,0.0434794186007,0.0602181818182,-0.0306859205776,0.0190872695149,0.0173381089733,-0.00920925702481,-0.0494656362473,0.073732718894
-0.0747879148683,-0.0580716513163,0.0243902439024,0.0425142857143,-0.00984663069465,0.0501596677242,0.0371134632799,-0.0262619704593,-0.0252525252525,0.0399275206607,0.0586816901408,0.025706940874,-0.0220882165894,-0.0153530180577,0.0169133764512,-0.0160427807487,0.0285715347261,-0.0236984919142,-0.0075797979798,0.0263157894737,-0.00219457335234,-0.0482096309507,-0.0465549348231,-0.0230548613481,-0.0227208998006,-0.0223057753957,-0.0475076923077,-0.0171673819742
0.0377221909435,0.0436163455431,0.0136054421769,0.013050605026,0,-0.0215690074083,0.00397933038462,0.0248959120475,-0.0673575129534,0,0.0332595414973,-0.0325814536341,0,0.0133656956175,0.049896215871,0.0217391304348,0.0170929673926,0.0746927374302,-0.00508093671628,0.0192307692308,-0.00219940009718,-0.010147601476,0.056640625,0.0221263581185,0.0348776969243,0.00760489146619,0.0546278208919,0.00873362445415
-0.0276701286622,0.110938969734,0.00671140939597,0.0402603291732,0.00994455101593,0.018895998375,-0.0594058464858,0.0323906247176,0.00555555555556,0.00523840904268,0.0214661681242,-0.0103626943005,-0.00322839126244,0.00219734394046,0.069310318607,0.0531914893617,0,0.0884493424131,0.0409205486627,0.0251572327044,-0.0088096693994,0.0125232991612,-0.0166358595194,-0.0144254301309,-0.0449388877336,-0.0113196514488,-0.0472936936937,-0.0281385281385
0.00350737345556,0.0661586479397,0.0133333333333,0.0108334365325,-0.00590608846848,0.00464012838851,-0.0252631153463,0.0137232318211,-0.0331491712707,0,-0.0210150554116,-0.0287958115183,-0.0161709365862,0.0109626310314,0.0333392592593,-0.00757575757576,-0.0273110512091,0.0580509587602,0.0589678271535,0.00613496932515,0.00222383941072,0.024708048093,0.0093984962406,0.0351390099233,-0.0500048383975,-0.040075599784,0.0401851907889,-0.075723830735
0.0815791564064,-0.0523209642006,-0.00822105263158,-0.0183767678451,-0.00396395368733,0.00922747206953,0.00863583821021,-0.0154748296595,0.0628571428571,-0.0225722222222,0,0.0404312668464,0.0723666291669,0.00651152973458,0.0152314538698,0.0229007633588,-0.0259163651367,0.0493590322289,0.067281420765,0.00609756097561,0.0487790494093,0.0526315789474,0.0391061452514,0.00423648263314,0.0216710382235,-0.00994160271092,0.03864,0.0120481927711
0.0721210340776,-0.0109104651736,0.0132669631391,0.0202833579616,0.0437388457831,0.0289629950057,0.00428608871279,-0.0235753421774,0.0268817204301,0.049733711499,0,-0.00259067357513,0.0245373028844,0.00215472046303,-0.0520809797099,-0.0310965174129,0.0376935561861,0.0201742122809,0.0130504347826,0.0454545454545,-0.00211218848734,0.00416,0.0286738351254,-0.00140620352092,0.0393984712529,-0.0220884417012,-0.0131290568786,0.0309523809524
-0.0550075352788,-0.107068693413,0.0392797662068,0.0229333333333,0.013331626495,0.0400001910913,0.002128781017,0.0281716451422,0.0157068062827,0.0186152788231,0.019313371033,0.038961038961,0.0568884864946,0.0365567209856,-0.0744881176555,-0.0449274350243,0.0149545403646,-0.0717433010773,-0.0493593177043,0.0173913043478,0.0974543738422,0.0124548544721,0.0209059233449,0.00423357796012,0,0.0677620839443,-0.0133037222041,-0.00230946882217
0.0194273287423,0.0145302325581,-0.00314959836322,0.00896863131511,-0.0169190232986,0,0.00851235491465,0.00586987739643,0.0154639175258,-0.00830830564784,-0.0231512358778,-0.0125,0.0141653748878,0.0435695432087,-0.0342021221799,0.030911827957,-0.01263083718,-0.0157619804679,0.0564295930308,0.00569800569801,-0.00578930647061,-0.0430426229508,0,0.0421303370787,0.00874486419082,0.0461557895555,0.103370414848,0.0138888888889
0.00312877764346,0.0071702334452,-0.00631909935141,0.040002465191,0.0631040781297,-0.037033124021,0.0295341772152,0.0252911732728,-0.0203045685279,0.0217782828229,0.0538756762908,0.020253164557,-0.0363215847956,-0.0139184431462,0.02916,0.00260756736911,0.0575712792416,0.0929481262692,0.034188034188,0.00849858356941,0.0116492632462,0.00430325622191,-0.00682593856655,0.0404357539008,-0.00577672826397,0.0183815447681,0.00203339459586,0.0525114155251
-0.0221166796626,0.0597392665963,0.0699521273078,0.0270632478632,0.0179844934468,0.025143702149,-0.0163918301505,0.00379444926279,-0.020725388601,0.0409809836066,0.0490797546012,0.0471464019851,0.023196602423,-0.00604714121767,0.0283467423271,0.00130247345118,0.020160053442,-0.0630647749345,0.0433851239669,0.0280898876404,0.0499052371623,0.019186157583,0.00171821305842,-0.0103626943005,0,0,0.00406504065041,-0.0281995661605
-0.165059804277,-0.0657698056801,-0.040121152758,-0.0110957250391,0.0265043891268,-0.0317441113789,-0.045835,0.0132337455449,-0.031746031746,-0.0220472996467,0.00584795321637,-0.0402843601896,0.0198254058905,-0.034480546715,-0.098431496063,-0.0753246753247,0.025691825055,-0.112670978209,-0.0138519250754,-0.00273224043716,-0.00731488656911,0.0376499571551,0,-0.0444984293194,-0.0465142228634,-0.0108322895258,-0.0647773279352,0.0245535714286
0,0.0402206896552,0.00774241486068,-0.0294508374773,-0.0137734446005,-0.0104332865574,0.0174707728747,-0.020522369416,0.00546448087432,-0.0724613783224,-0.0310046511628,0.0296296296296,0.04722,0.0210091119549,0.0305748861127,0.0252808988764,0.00192829479458,0.0811387358102,0.0100368832971,-0.0219178082192,-0.0570889765129,0.0665290322581,0.0634648370497,0.0438354242831,0.0060937382451,0.00547391973838,0.054116017316,-0.0174291938998
-0.0116339642299,-0.0303737491602,-0.0107551194959,-0.0115606936416,0.00523612844851,0,0.0085802427807,0.0190479105452,-0.0326086956522,0.03125,0.00799677441032,0.00479616306954,0.0132636886232,-0.030867719783,-0.0381288135593,0.00136767123288,0.00961316519234,-0.026120454759,0.0397613049342,0.0112044817927,0.0371103896104,0.0529423151374,0.0112903225806,-0.00393909106943,0.00303256895979,0.0145196886979,-0.0349107682603,-0.0133037694013
0.0862614195362,-0.0171030559405,0.0481391304348,0.0277754385965,0.0190935760243,0.0572280526242,-0.0468051860514,0.0299049888369,0.0505617977528,0.0117818181818,0.0198380952381,0.0620525059666,-0.0785309722837,0.0530779202669,0.015407820914,-0.0246238569058,-0.026665078118,-0.0510853835022,-0.0573673197176,0,0.00941677362802,-0.0341253791709,0.0239234449761,-0.00790933774053,-0.00906191758128,0.0429356537669,0.0340425531915,0.0494382022472
-0.0143943069707,-0.0434831002115,-0.0666688790071,-0.0156449858207,-0.0425829455589,-0.0242171458495,-0.0156267578094,0.00544376397395,-0.048128342246,-0.0199667752859,-0.0389044012588,-0.047191011236,-0.0113624741762,-0.0322563242406,-0.0737460260166,-0.0673213291923,-0.00391365478455,-0.0503024757257,-0.0547571756825,-0.0221606648199,-0.0298506999795,-0.0167257500416,-0.0404984423676,-0.0185880873054,-0.0548770803554,-0.037735958075,-0.0637827160494,-0.0449678800857
-0.106252051198,0.115162328847,0.0111136507937,0.0028901734104,0.0533774087741,0.00876073908438,0.0952380952381,-0.0180508556512,-0.0786516853933,-0.011881865893,-0.0121457096495,0.0117924528302,0.0143689159693,0.00833160180619,-0.0257647746519,0.230078147556,0.041256493032,0.157053769772,-0.0042986829275,0.0906515580737,-0.0307691815877,0.047256097561,0.0275974025974,0.0148784522253,0.103222896361,0.0481265761979,0.103292823586,0.0269058295964
-0.0450748186909,-0.0176695652174,-0.00471207607642,0.0864553314121,0.011822803902,-0.0115779845627,0.0931677018634,-0.00735175867852,-0.0243902439024,0.020618556701,0.0737702499336,-0.018648018648,-0.00283511462838,0.0206619254643,0.0468769230769,0.041564792176,0.0396218350696,0.0425851819296,0.0668137931034,0.0467532467532,0.0337282478198,-0.00720870589866,-0.0252764612954,0.0560045056192,0.0175489229339,0.0221105095815,0.0159362549801,0.0174672489083
0.00422995577774,0.0746937185752,0.018927444795,0.0384594164456,0.0434047395796,-0.0190316564765,-0.00946818181818,0.0333345456589,0.1125,0.026936026936,0.045801386866,-0.00712589073634,0.0426169485978,-0.00202387283579,0.074624891619,0.0539906103286,0.00362954690491,0.08164714235,0.0141446007447,0.00248138957816,0.0230334318186,-0.0163606320836,0.030794165316,0.010101010101,0.0459716685313,0.0349411062442,-0.0156862745098,-0.019313304721
-0.0298678920161,0.0244468971879,0.0325102167183,0.0102171345433,0.0192019662813,0.0343257577945,0.0344167733587,0.0663070223434,0.0224719101124,0.0442596721311,0.0182452022038,0.0741626794258,0.0108980332532,0.0263686379,-0.00454017094017,0.0267260579065,0.0217015826045,0.0256604857237,0.0697111094113,0.0717821782178,0.0394001865061,0.0147872994842,0.0471698113208,0.028752,0.0357183208924,0.0385868284876,0.0776924302789,0.0240700218818
-0.0308861259128,-0.0163217392703,-0.0224911004711,-0.0480405522944,-0.0266852556615,-0.00576996454264,0.00184546862038,-0.0806711997455,-0.0659340659341,0.0109915503712,-0.0250924731183,-0.00668151447661,0.021561092998,0.0138359397911,-0.0115395711126,0.0238611713666,-0.0265485401744,-0.01111933284,-0.0316544704789,-0.0715935334873,-0.0397130220305,-0.0200508265137,-0.0195195195195,0.00607337822916,-0.018566867632,-0.0263175047647,-0.00924507432141,0.025641025641
0.0728031768659,0.0281010920029,-0.0138012269939,-0.003981947372,0.0128993294826,-0.0304774741887,0.0350568783127,-0.0310800665862,0.0235294117647,0.0155279503106,-0.0294089100262,0.00896860986547,-0.0527745587872,0.0136471190732,0.0488652314705,0.0582610169492,-0.0418202216109,0.123586870791,-0.00769230769231,0.00995024875622,-0.0338342223097,-0.0538887963646,0.00153139356815,0.048309178744,-0.0108114116339,0.00795013027074,0.0335820895522,-0.0458333333333
-0.110193621868,-0.0434879394508,-0.0124416486677,0.032,-0.00795749885339,0.0254448381397,0.0374331550802,-0.00943243680267,-0.00574712643678,0.0275229357798,0.0322,-0.00888888888889,0.0612803593991,0.0269220873389,-0.091097006718,-0.0700701822946,0.0379516197845,-0.117498830051,0.0290728682171,0.012315270936,0.0116751777958,0.064829251119,-0.00305810397554,0.0195834101382,0.0245859271412,0.00946278379053,-0.0198527075812,0.0240174672489
-0.0142933333333,0.00259325753042,0.00157227950292,-0.015503875969,-0.0176607925782,0.00438272331411,-0.0945030927835,-0.0247612634672,0.028901734104,-0.0342285714286,-0.0477092177344,-0.0201793721973,0.0078803397806,-0.00561680029155,0.00682275417675,0.00968957535341,-0.0511883054671,0.0396695900469,-0.0433173836011,-0.0170316301703,-0.0230776853903,0.0848762516531,0.0184049079755,-0.0101677019981,-0.0506678949793,-0.00937407890859,0.0294658431946,-0.0618336886994
0.00963099231685,0.0906784719459,0.0251572327044,-0.00918845144357,0.0179783036702,-0.00726954011136,0.0588251367365,-0.0156259262746,0.101123595506,0.0169516596651,-0.0327583815029,0.0434782608696,0.0416623698051,0.00753136925241,0.0769308737077,0.0628980810235,-0.0327549534701,0.0599509563512,-0.0216566929134,0.0321782178218,0.0177163164198,0.0833297052549,0.0316265060241,0.0171251141553,0.0955076515484,0.0425851836503,0.0518753434695,0.0204545454545
-0.0813504823151,-0.051063376963,0.0260760736196,-0.00794703670895,0.0144399325006,0.0161044356838,0.0161290322581,0.0218253827678,-0.0357142857143,0.0242424242424,0.0796879033877,-0.0197368421053,-0.019998019998,-0.04112198826,-0.0774722689076,-0.127380746047,-0.00398382224677,-0.110547648572,-0.0100571752344,-0.0359712230216,0.00386806770244,0.0659285455934,0.0262773722628,0.0404039678492,0.00769100981412,-0.00151101281176,-0.0561197278912,0.0022271714922
0.0625364601563,0.0287879273333,-0.00747621530352,-0.00400321282395,0.00474732820369,-0.0043212400565,0.029980952381,-0.019417778656,-0.00529100529101,-0.00295857988166,0.0332102340657,0.00671140939597,-0.0255122188651,0.0116934661691,0.0407065716409,0.0149406896552,0.014000838495,0.0924924050106,0.0426796747967,-0.0199004975124,0.0250471636169,-0.0265047976323,-0.0341394025605,-0.0355969180636,0.0229039054542,0.016666709199,-0.0270298319861,-0.0444444444444
-0.0441418688921,0.00973232220994,0.00452048192771,-0.0120664879357,0.00315245165485,-0.0202579729894,-0.0325315514131,-0.0475240943835,-0.0585106382979,-0.0207715133531,-0.00179142345308,0.00666666666667,-0.047120468189,-0.00770553964556,0.0612693611181,0.081540351602,-0.0236705133891,-0.0185322743462,-0.0487299765457,-0.0279187817259,-0.0300752114639,-0.0196742898085,-0.0220913107511,0.00111677452609,-0.0298524767939,-0.00596149501745,0.00185481481481,0.0395348837209
0.0564043653073,-0.00226697921165,0.00299849355684,-0.0257780749592,-0.0172651569388,-0.00443449474862,-0.0212389079803,0.0207903371888,0.0282485875706,-0.0181818181818,-0.0071527932817,0,0.00824836071248,-0.0388363272227,-0.00102928174608,-0.0439791312739,-0.0282811379393,-0.0444595381331,0.0102426229508,0.0130548302872,0.00775436041829,0.060187654321,-0.0180722891566,-0.0201152713023,-0.0153820196282,-0.011994495158,0.0591495478017,-0.0357941834452
-0.0242496737712,0.0892158832712,-0.0194343331914,0.00278551532033,0.0159734363977,0.0103868640378,-0.0325496816641,0.0957218959655,-0.00549450549451,-0.00463209876543,0.00540540540541,-0.0154525386313,0.0108980332532,0.012123624605,0.118674292961,-0.0602393169583,0.0249464905159,0.0578200207153,-0.0608456335761,-0.020618556701,-0.0057702205471,0.0509390371143,0.00920245398773,0.0330655107239,-0.0156294625007,0.0242802192887,-0.085517387735,0.0185614849188
-0.0149336899588,-0.00110686968738,0.0472585365854,0.0208311111111,-0.0235872198782,-0.0102800861804,0.0299035066863,-0.0315966933153,0.0331491712707,0.00620156577133,-0.0250924731183,0.0493273542601,0.021561092998,-0.0119784029443,0.00553804007699,0.0128186480186,-0.0141996454375,0.109338401874,0.00431272807697,0.0157894736842,0.0212759800391,-0.013846044747,-0.0182370820669,-0.0430412116246,0.0211653260026,-0.0533354958642,-0.0190839694656,-0.0159453302961
0.035411245616,-0.00777087979997,-0.0378456178268,-0.0231271251747,-0.0177099921151,-0.0118700182763,-0.0562585208835,-0.0383882552912,0.00534759358289,-0.00308167169595,-0.018379465822,-0.042735042735,-0.0184748950398,-0.0282819049866,0.00917140307201,-0.0149579101642,-0.0617282232874,-0.0120281753518,-0.0344087205461,-0.0129533678756,-0.00378748524203,0.00140224719101,-0.0495356037152,-0.029992101514,-0.0492239940335,-0.0187775112681,-0.00583346303502,-0.0439814814815
0.0560533216783,0.0615228222897,0.0226904140625,0.0320311977716,0.0295031911294,0.0450484910402,0.0711506597682,0.04191642374,0.031914893617,0.063372026886,0.0131056179775,0.0580357142857,0.120968132155,0.0103979123258,0.0436366175221,0.00583925233645,0.0526321643064,0.0681252846582,-0.0333970009693,0.00262467191601,-0.0019025225806,0.0813421180188,0.0342019543974,0.0428062645541,0.0435994172799,0.0175439067763,0.00391388207004,0.0193704600484
0.0323848939472,-0.015807717727,0.0325443786982,0.0283423014139,0.0748432961321,0.00718134518178,0.0197515544008,-0.0363993323483,0.0154639175258,0.0813953488372,-0.0129360826206,0.0464135021097,0.0215827959217,0.018514625503,-0.0104474450032,0.0418119243892,0.0583333626826,0.0250594505945,0.00690133160308,0.0183246073298,0.060952441264,-0.00258989939237,0.0409448818898,0.0034225832111,-0.0104444810331,0.0391845764354,0.058479349772,-0.00950118764846
-0.0424934856685,0.0149789636695,-0.00286532951289,0.0249322834646,0.00740340371664,0.0313864214511,0.00880139605437,0.0159055252266,0.0152284263959,0.0215053763441,0.0505617977528,-0.0141129032258,-0.0258169741323,0.0101038395573,0,-0.0300986044122,0.0157470881864,0.0133433595187,-0.0274600547737,0.00771208226221,0.010773868147,0.0546123372949,0.0151285930408,0.00341090909091,0,-0.00150899298852,0.00736646079864,0.0287769784173
-0.0748377642872,-0.00105317166698,-0.0344827586207,-0.00640001311142,-0.0249978821337,-0.0290486597386,-0.0244314136126,-0.0410961297243,0.04,-0.0263157894737,0.017822459893,-0.0306748466258,0.00241156161627,-0.0340026174572,0.0792225352113,-0.0310363218391,0.00387901661687,-0.0219303092979,0.0470590006927,-0.00765306122449,-0.0284191567261,-0.00615540017993,0.00596125186289,-0.0135900093499,-0.050133109555,-0.0166163756914,-0.0585007429594,-0.00932400932401
-0.0252290983143,0.0190176254325,0.0163714285714,0.0244824742268,0.0377087994439,0.035613719987,0.032200311699,0.0306108692088,-0.00480769230769,0.0108108108108,0.0385346088535,-0.0042194092827,0.076923742601,0.0331295264764,-0.0326265125651,-0.0260973211812,0.00772152890188,0.00447149221928,-0.0853863744229,-0.0179948586118,0.014623695127,0.040940780384,0.0237037037037,0.0413317266007,0.013891639122,-0.0184339546977,0.00970560091464,-0.0188235294118
-0.0206592386258,0.0331604568185,-0.0102512204949,-0.0188659499189,0.00290959328491,-0.0247593701486,0.00173032689036,-0.037624714509,0,-0.0133689839572,0.0118016544981,0.0169491525424,-0.0334846719434,-0.00601563871068,-0.0286651700915,-0.00121608032366,-0.0249043014165,-0.0290076335878,0.0270308519672,-0.0157068062827,-0.0144129249072,-0.00953514272202,-0.0376266280753,-0.0264608132996,-0.0164355572916,-0.012517462242,0.00577230769231,0.0143884892086
-0.0583076558426,-0.00401843601957,0.0177514792899,-0.00769230769231,0.0130377915067,0.0324421925883,-0.0484402054536,0.0164619182672,-0.0048309178744,0.0569105691057,-0.026664,0.0145833333333,0.0115482465621,0.00403633189144,0.0223555555556,-0.0280507317073,0.0078580633162,-0.00690168818272,-0.0765544378608,0,0.0164531765206,-0.00842549520964,0.0706766917293,0.0339713993723,-0.00557515770823,0.0221865732795,0.059270181965,0
-0.0336018122326,-0.0146046559592,0.0145348837209,0.0258397932817,-0.00142847331914,-0.00956383452055,0.0381817626447,0.0161953123588,-0.0339805825243,0.0128205128205,-0.0205478889099,-0.0164271047228,-0.00913148183156,0,0.0205842716167,0.0188226224795,0.0311871824107,0.0810126160359,0.0569860560741,0.0106382978723,0.0269770890576,0.012132038835,0.00983146067416,0.0120499663526,0.0140083558614,0.018602805044,0.0108303249097,0.0189125295508
-0.110561270999,-0.0163516253516,0.00859598853868,-0.0327455919395,-0.0386789727789,-0.0344838322288,-0.0577932640375,-0.051795025003,-0.035175879397,-0.0405063291139,-0.00349929091107,-0.0167014613779,-0.0460864660407,-0.0522125233855,-0.0282836027517,-0.0307901477833,-0.018902474099,-0.0256845091268,-0.0563764705882,-0.0631578947368,-0.056042062115,0,-0.00139082058414,-0.030303030303,-0.0552517571498,-0.053271533569,-0.0107142857143,-0.0116009280742
-0.101317715959,-0.0805106722521,0.00426363636364,-0.0416666666667,-0.0298115583282,-0.0385715667712,-0.0204490402245,0.0273140212226,-0.0260416666667,-0.0395778364116,0.00175157894737,0.00636942675159,-0.0531391304348,-0.0699111486765,-0.0530849315068,-0.0762390368265,-0.040461618139,-0.0879141744992,-0.322079260589,-0.0393258426966,-0.0500922150739,-0.0215789796795,-0.033426183844,-0.0435285714286,-0.0409341253998,-0.0273303059597,-0.0794223826715,0.0093896713615
0.178233952428,0.0824836204278,-0.033946174945,0.0625,-0.00614256955557,0.023775298988,0.0322611495425,-0.0409003778958,-0.00534759358289,0.0412087912088,0.0210158207098,-0.0274261603376,0.0688774807373,0.0204968221337,0.0452051940837,0.0178839458244,0.0542152519646,-0.024097012595,0.0613030577965,0.0614035087719,0.057224025974,-0.0196078431373,-0.00432276657061,-0.00349498902215,-0.00305104864124,0.00661184173896,0.0294149019608,0.00232558139535
0.0987278761062,-0.0240099406766,-0.0322107590963,-0.0255754475703,-0.0108177892534,0.0101607181302,-0.00183970317691,0.006395541394,0.0215053763441,-0.023746701847,-0.0411664937674,0,-0.0143226593578,-0.0468707579032,0.0086588714678,0.132432432432,-0.0342836718659,-0.0123548966277,-0.0288810332478,0.0110192837466,-0.0191938579655,0.002496,0.00144717800289,0.0269263628052,0.0672781848976,0.0443333268802,-0.00952682810871,-0.0348027842227
-0.0561288698716,0.0417128697962,0.0196647027783,0.0577427821522,0.0734398439844,0.0488470466139,0.0773480662983,0.0402552550849,0.0315789473684,0.0621621621622,0.0536674165794,0.0347071583514,0.0169540279981,0.0936741599918,0.072035479834,0.0429594272076,0.0512822222741,0.111253104863,0.0817967690514,0.0299727520436,0.0391389432485,0.0785559244127,0.0346820809249,0.0330655107239,0.0315185796213,0.0298748176023,0.0596184615385,-0.0120192307692
0.0952,0.0287407679975,-0.0311548961424,0.0446650124069,-0.0101948836917,-0.0273964131107,0.00854564102564,-0.00203632661224,0.0561224489796,0.0127226463104,0.00339831143854,-0.020964360587,0.054762700678,0.00214088145976,0.0512001310723,0.0263139588101,0.0412732445471,0.0528677173262,0.0618443335019,0.0026455026455,-0.00564971751412,-0.00694012844417,0.0167597765363,0.0386332490358,0.0111117880916,0.0152665278099,0.0308500011615,0.00973236009732
0.027270513757,-0.0139752941327,0.0229683970146,-0.00950118764846,0,0.0197204080335,0.0423742947448,-0.0367359580244,0.0386473429952,0.0376884422111,0.0067654822335,0.0278372591006,-0.0361217657002,-0.00854523151132,-0.0167452462594,-0.0189503125089,0,-0.0427364890851,0.0161968476212,0.00791556728232,0.0246212121212,-0.0093132068724,0.00686813186813,-0.01806421775,-0.00824037179593,-0.0165414219392,-0.0088,0.00722891566265
0.0210950462195,-0.00505266430876,-0.0224526946108,-0.031175059952,0.00735605568577,-0.0110502405131,0.00975609756098,-0.02965997511,0,-0.00968523002421,-0.0100840607302,-0.0125,0.00936675350516,0.0237071677222,0.00620188830657,0.0227272727273,-0.0342337238275,-0.0156207312174,0,-0.00261780104712,-0.0221811460259,0.00470789964503,-0.0136425648022,-0.00216796536797,0.0110809846051,0.0107031748975,0.0124305152952,-0.00717703349282
0.00522284122563,-0.00306001536518,-0.0015338400396,-0.0247524752475,-0.0291953410795,-0.00698525934633,-0.0418666666667,-0.0174682873204,-0.0186046511628,-0.0220048899756,-0.035653747107,-0.00632911392405,-0.013915571073,-0.0400018436389,-0.0176934513553,0.0166648888889,-0.0205227352293,-0.0430836040684,-0.0159386910707,-0.0262467191601,0.0396975425331,0.0105244247496,0.00138312586445,-0.0216851078008,-0.0410964049096,-0.00605169549397,-0.0333305263158,-0.00240963855422
-0.0928299272601,0.0193960450354,0.0337423312883,0.0126903553299,0.0300733425733,0.00703439642974,0.0117620009923,0.00888744291603,0.00473933649289,0.035,0.0334564322716,0.0297239915074,0.035288337738,0.0219305966765,0.0461981035623,0.0284153502345,0.0133341490746,0.0308117514587,0.00971396615646,0.0161725067385,-0.00545454545455,0.0486074074074,-0.00414364640884,0.0266074444082,-0.00285926912381,0.0319654837378,0.0671475364137,0.012077294686
0.0170548555428,0.0530449600882,0.0103881305638,0.00501253132832,0.0321176783887,0.0391057426848,0.0614632046023,0.0374467616534,0.0330188679245,0.0265700483092,0.00511071860792,0.0288659793814,0.0590973801771,0.0343328148001,0.0613748502994,0.0435724439064,0.0244362037134,0.0988414432307,0.102564102564,0.0344827586207,0.0219378427788,0.0739605261299,0.0110957004161,0.0453527590401,0.0515751433734,0.0265485186786,0.0153088435374,0.0334128878282
0,0.0475379317897,0.0176211039739,0.0124688279302,0.00141230470474,0.00806598417143,-0.0078234741784,-0.0042455923549,-0.00913242009132,-0.0376470588235,0.0305083918416,0.00200400801603,-0.0214608520993,0.0560201470655,0.0803928471489,0.0122199592668,0.0183475140127,0.0156946620075,-0.0174325581395,-0.0205128205128,0.00178890876565,0.0215744053883,0.0384087791495,-0.0144661157025,-0.0190728773673,-0.00143744570255,0.00502243210068,0.013856812933
-0.00838443248655,-0.0426510558227,-0.0389632578049,0.00985221674877,0.0282537207174,0.0399986241471,0.0110384718757,0.0213222781832,-0.0276497695853,-0.00488997555012,0.0411156812745,0.002,-0.0021947310665,-0.00589744937704,-0.00325849925222,0.00201207243461,0.0144166042242,0.0226591926921,-0.0148069604075,-0.00785340314136,-0.00357142857143,-0.0201143504687,-0.00132100396301,0.00943902537199,0.027783278244,0.0143878789935,0.00500266666667,0.0113895216401
0.0422766279657,0.0426463808207,0.055557957958,0.0146341463415,0.0343351884578,0.0141016842645,0.0218433969964,0.0396631927361,0.0142180094787,-0.012285012285,0.00157725118483,0.0439121756487,0.0285705243336,0.0138359397911,0.0975799894381,0.0271068273092,0,0.0634407354775,-0.0300205646634,-0.0158311345646,0.00179211469534,0.021552290588,0.0436507936508,0.00934411739295,0.0324268247499,0.048227800925,-0.0331674078477,0.0225225225225
0.0918997457319,-0.00635349151122,-0.00284494373839,0.00961538461538,0.00929497191745,-0.0341341312776,0.00763235709025,-0.042165456664,0.018691588785,-0.0174129353234,0.0441691966415,0.0229445506692,-0.00854615384615,0,0.0274404680078,0.0166193808319,0.0177608960019,-0.0113585229829,-0.0309695060334,0,0.0214669051878,-0.0190907453624,-0.00506970849176,0.0113185185185,-0.00785208790893,0.0392421421132,0.017152611588,0
0.0148591705478,-0.019217481936,0.0156895504946,-0.0333333333333,0.00789555133056,0.0130885853691,0.00606181818182,0.0104804539534,0.00917431192661,0.00759493670886,0.0392699957221,0.00560747663551,-0.00431378938466,0.0233916742142,0.00115958403639,0.00096,0.0471190441068,-0.0699271764316,-0.0159694107063,-0.0428954423592,0.00350262697023,0.00819672131148,0.00636942675159,0.0325533549488,-0.0158284622953,0.009114414855,-0.00168903422858,0.00220264317181
-0.0439248251748,0.0195940298507,-0.00842696629213,-0.0615763546798,-0.00783369995049,-0.0155025518175,0.00150361264625,0.00207435065416,-0.00909090909091,-0.00251256281407,-0.0813908869556,-0.0185873605948,-0.0649326361887,0.0114308219813,-0.0162376472859,-0.0211335579382,-0.0283330656681,-0.0463416080909,-0.0584311688312,-0.0140056022409,0.0506108202443,0.0122016260163,-0.0518987341772,0.000983643769626,0,-0.0399989568324,-0.0641891891892,-0.0373626373626
-0.00514285714286,0.0100596081554,0.0028328611898,0.0262467191601,0.0250004737331,0.0538035750559,0.0406015526034,0.00414011326167,-0.0366972477064,0.0226700251889,0.063288447371,-0.0151515151515,-0.00925833333333,0.00753136925241,0.0412754716981,0.0107964840769,0.0343061777797,0.0475205647732,0.0275859025004,0.0255681818182,0.00332225913621,-0.120481153535,-0.00934579439252,0.0246047244094,0.0187659874746,0.0120955692592,0.0234685920578,-0.013698630137
0.0667432510052,0.0407652173913,0.0169491525424,0.0537084398977,0.0474996148513,0.0348729810696,0.0260115907648,0.00824976807881,0.00952380952381,0.0246305418719,0.05655,0.0173076923077,0.0607457376208,0.0523345958505,0.122310084149,0.0446601941748,0.0746265727678,0.096904920953,0.181195369714,0.0443213296399,0.0761589403974,0.0479412022561,0.00269541778976,0.0297806413535,0.0526274017475,0.00398367164346,0.0335067837551,0.0162037037037
-0.0481369804006,0.0469888376445,0.0138888888889,-0.0169902912621,0.0134778183701,0.036099836245,0.00845071374728,-0.00204830494551,-0.0660377358491,0.00480769230769,0.00140619401421,-0.00378071833648,-0.0682811174283,0.0142109652136,-0.0686174472372,0.0910780669145,0.00771689080782,-0.0470003924594,-0.00283636363636,0.026525198939,0.0138461538462,-0.0305079546564,0.00268817204301,-0.0167880597015,0.0175062203974,-0.0211626891475,0.00512218430034,0.0182232346241
0.0101821473017,0.0207801327886,0.0397282191781,0.0617283950617,0.003627941535,0.0301979363682,0.0656447660835,0.0286912236028,0.030303030303,-0.0167464114833,0.0182818565401,0.0284629981025,-0.0189106382979,0.0297703744728,0.053085931812,0.0741042589438,0.0321586028534,0.0631212723658,0.028480781854,-0.0180878552972,0.0303490136571,0.00225798564669,0.0576407506702,0.0512302049937,0.031937754724,0.0189185559807,0.0882849893786,0.0156599552573
0.00492776346735,0.0276952583466,0,-0.0162790697674,-0.00481784163008,-0.0202931638722,-0.0235910630762,-0.0119537924216,0,-0.00973236009732,-0.0276199505413,-0.0110701107011,0.019275143566,0.00510512249812,0.0462946502058,0.0341012328009,-0.0237399515921,0.018553396113,-0.0443215260788,-0.0263157894737,-0.020618556701,0.0313827344737,-0.0114068441065,0.0108303249097,-0.0119070933375,0.0198941628748,-0.0140430226695,0.0352422907489
-0.00490359968795,0.0364525224659,0.00131541224683,-0.00945626477541,-0.0460056025014,-0.0184128303511,-0.034901439032,-0.0282248339663,-0.0343137254902,-0.012285012285,-0.0369340069682,-0.0391791044776,0.00236595744681,-0.010154269156,0.023598857186,-0.0184049079755,-0.0227937209362,-0.0127468722952,0.101454383557,0.0405405405405,0.00300751879699,-0.00869565217391,-0.0115384615385,-0.0580342857143,0.00241143748101,-0.00390078300389,-0.0189873417722,-0.00212765957447
-0.0950834359951,-0.0611617802482,-0.00526315789474,-0.0668257756563,-0.0342613463296,-0.0128948602017,-0.0528501283451,0.0103717532708,-0.0558375634518,-0.0422885572139,-0.0457203539823,-0.0194174757282,-0.0849055001783,-0.0512797055949,-0.02208956325,-0.071095,-0.0559893573949,-0.0645838314604,-0.0105263157895,-0.0519480519481,-0.0284857571214,-0.0701754385965,0.0453955901427,-0.0293853582781,0.0264422284761,-0.0430810432855,-0.0354838709677,-0.0191897654584
0.0277227722772,0.0912047363923,0.0608465608466,0.0204603580563,0.0617564311217,0.0296921256314,0.0763594713656,0.0287501283161,0.010752688172,0.0883116883117,0.0510045106535,0.0455445544554,0.051541130843,0.039640066096,0.0392863205145,0.0378483267934,0.0939057878584,0.0157767679636,-0.0132936170213,0.00821917808219,0.0432098765432,0.150943396226,0.0322580645161,0.05859375,0.065571244197,0.045020576699,0.0267558528428,0.0282608695652
-0.0645472061657,-0.00298983646645,-0.00872618453865,0.0250626566416,0.00619073647187,0.00922392567301,0.00136207218328,0.0698595183282,0,0.0143198090692,0.00146823183945,0.00757575757576,0.00490589678205,-0.0294649595062,0.0075675087108,-0.00405316045381,-0.0225902540863,0.00777285372775,-0.0269626869534,0,0.00443786982249,0.00410491803279,0.0252403846154,0.00922804428044,0.00879175178215,0,-0.00977198697068,0.00211416490486
-0.178166838311,0.0104814371257,0.00628728294383,-0.00977995110024,-0.0258328511201,-0.00228490561866,-0.0476828857579,-0.007464799523,-0.0585106382979,-0.00941176470588,-0.0220264317181,0.00563909774436,-0.0195102248681,-0.0142870795107,0.0422122560232,0.0496352151476,0.0215703282305,0.0404649936882,0.0332411445591,-0.0244565217391,0,-0.00816321199535,-0.00351699882767,-0.0201125554295,-0.0392151006511,0.0339406412574,-0.0115105263158,-0.0232067510549
0.0139411027569,-0.0074050194844,0.031252,-0.00740740740741,0.0429316959929,-0.00801917806195,0.00143175965665,-0.0300736991892,0.0621468926554,0.0261282660333,0.0210234234234,0.018691588785,0.0149193584497,-0.0144897518498,0.0576056776156,0.0162778294574,0.00150948014728,0.0240653831796,-0.0482490005319,-0.0111420612813,-0.0176730486009,-0.0102978745819,0.00470588235294,0.0223880597015,0.0340141129659,0.0568190034664,0.0565722287595,0.0129589632829
-0.0655028580256,0.0835816903561,-0.0060625336969,0.0149253731343,0.0169469854591,0.040416302061,0.0614262155129,0.0426356455034,-0.0265957446809,0.087962962963,0.0279387577912,-0.0146788990826,0.0416736519813,0.0367614507828,-0.0110678998224,0.0190706563791,0.0316258465299,0.0813836920153,-0.0197227280102,0.0535211267606,0.0164917541229,0.110197455958,-0.00234192037471,-0.0109489051095,0.0460508910748,0.0585433485999,-0.0110261139499,0.0426439232409
-0.0183501405191,0.0592217775349,0.00731707317073,0.0710784313725,-0.0440445302945,-0.0432842177596,-0.0457583265231,-0.0260213919005,0,-0.0404255319149,-0.0185957081545,-0.0130353817505,-0.0964711662262,0.0159584562566,0.0335642920876,-0.127245508982,-0.0131391256707,-0.0852877437997,0.0603402298851,-0.024064171123,-0.0324483775811,-0.0262230638318,0.0293427230047,0.0184501845018,-0.00209225463429,-0.0654644790045,-0.0334369426752,0.0245398773006
-0.018861569552,0.0650238023902,-0.00968523002421,0.0480549199085,0.0485667314303,0.076565101098,0.0578267330587,0.0229004252303,0.0218579234973,0.0554323725055,0.0612243469986,0,0.0468748535161,0.0174526219264,0.091593127851,0.0626058319039,0.0680482547177,-0.00182952511319,0.0596295268489,-0.00821917808219,0.032012195122,0.0423138461538,-0.0159635119726,0,0.0399110655431,0.0446863735852,0.00988465269284,0.0059880239521
-0.0422245108136,-0.0451750033211,-0.0207804400978,0.0414847161572,-0.013061648014,0.0571126755669,0.04,0.0410447388319,0.048128342246,-0.0210084033613,-0.00824174012804,-0.0169811320755,0.0522356649682,0.037736321418,-0.0747544472867,-0.0782877524297,0.0235454436897,-0.150177354062,-0.0204602743314,0.0165745856354,-0.01329394387,0,-0.00579374275782,0.0289855072464,0.050509582364,-0.00115465796422,0.0326263422477,0.107142857143
0.0440860215054,0.00127672111828,0.0374531087079,0.0293501048218,0.024065901056,0.0183486841673,0.0435907692308,0.0161295999437,0.00510204081633,0.0407725321888,0.0692474919723,0.0499040307102,-0.0307319148936,0.03305898105,0.0189625971477,0.015761821366,0.0541262052637,0.0797387040715,0.135769667803,0.0163043478261,0.0179640718563,0.105162478746,0.004662004662,0.0704225352113,0.0480757570165,0.0150454502036,0.00789634654952,0.00537634408602
0.0192241675249,0.0229843719349,-0.0120336711746,-0.010183299389,0.00234664981892,0,0.028254517686,0,0,0.0371134020619,0.00129948455852,-0.0310786106033,0.0195102248681,-0.0320010586582,-0.0355987055016,-0.00776,0.0102711336224,-0.0578843749551,-0.0620724153658,-0.0106951871658,0.0176470588235,-0.0300553454281,-0.0208816705336,-0.00164210526316,-0.0293595335476,-0.00456119393813,0.0141090909091,-0.00713012477718
-0.0301448299091,-0.00624021221516,-0.0328886082561,-0.0390946502058,-0.0304800495245,-0.0360361523564,-0.0250896057348,-0.0370372702883,0.0964467005076,-0.0397614314115,-0.041399138113,-0.00943396226415,0.0669876239116,-0.0297538871041,-0.0209718120805,0.00868810938399,-0.0444731805499,-0.0805076343446,0.0073568627451,-0.0621621621622,0.0693641618497,-0.0240909441403,-0.031990521327,-0.0181244991776,-0.0132320242976,0.0206184572524,-0.0262775238887,-0.0143626570916
0.0310817850321,0.00502512562814,0.0377833753149,0.0492505353319,0.0241882118021,0.0363452497355,0.0747558823529,-0.0146528890488,0.0138888888889,0.0124223602484,0.0458817813765,0.0266666666667,0.0156914657476,0.04599949442,-0.00771070065371,0.00689062103789,0.0146278957366,-0.0161244836682,0.0486616110497,0.0345821325648,0,-0.0546763889202,0.0391676866585,0.0369127516779,0.0363993529004,0.0190790704884,0.0365104761905,0.0346083788707
-0.00757830919502,0.005,-0.0206291262136,-0.0551020408163,-0.0141690423428,0.00601311835601,-0.0627146520277,-0.0408921809716,0.0547945205479,-0.0143149284254,-0.0438689937941,-0.00371057513915,0.0198676022983,-0.00977389692045,-0.0578595983154,-0.0453365889979,-0.0445604441864,-0.0796337823939,0.00231646471846,0.0306406685237,-0.027027027027,-0.0205253731343,0.00353356890459,-0.0242692556634,-0.0572983711572,0.00330549691895,-0.0137849585667,-0.0140845070423
0,-0.103235820896,0.0359335099212,0,0.0143726895901,-0.0169326579969,0.00608175182482,-0.0271308307411,0.030303030303,-0.00829875518672,-0.0215902834008,0.048417132216,0.00216623939283,-0.013159158198,-0.0421660243211,-0.0197132616487,-0.0137188971083,-0.0407064082365,-0.00231111111111,0.027027027027,-0.0152777777778,-0.019041581841,-0.00704225352113,0.0398008894172,0.0392125239232,0.00329275778171,0.0357167701863,-0.00357142857143
0.106058034957,0.017335960801,0.0311004784689,-0.0863930885529,-0.0625761586026,-0.0699100559006,-0.0918965822458,-0.0318744087123,-0.063025210084,-0.0669456066946,-0.071728393427,-0.0106571936057,-0.0755922899285,-0.0283315291647,0.0650718699665,0.0036563071298,-0.0625867006494,0.0212168665495,-0.11601627465,-0.00526315789474,-0.0451339915374,-0.0388348308044,-0.0673758865248,-0.0334952893262,-0.0962256732848,-0.0722102954862,-0.0374835682553,-0.0698924731183
0.0684258975146,0.0456770410701,-0.0255220417633,0.0307328605201,0.0125937122128,0.0217857883034,0.003994669513,0.0102900765602,0.00448430493274,0.0112107623318,0.0445766290083,-0.0664272890485,0.0420560354616,0.0120085286423,0.0431267466332,-0.0346083788707,0.0281894681398,0.131164095372,0.0603719070736,0.031746031746,-0.0295420974889,-0.113130947456,0.0152091254753,-0.00824818481848,0.00208923614092,-0.0271232762439,-0.018691588785,0.00770712909441
-0.0384836300976,0.0156453389406,-0.0142857142857,-0.0275229357798,-0.00497363911561,0.0202590044795,-0.0397877561934,-0.0611007072599,-0.00892857142857,-0.0133037694013,-0.0227573775417,-0.0173076923077,0.00448788835167,-0.0355939820484,-0.0783821924302,0.0301886792453,-0.0461757258486,-0.0218056175503,-0.00990099009901,-0.0025641025641,-0.00913242009132,0.0296090037029,0.00624219725343,-0.0349443329269,-0.0312503570001,-0.0278774169445,0.00793904761905,-0.0019120458891
-0.0398745519713,0.105258833871,0.0314009661836,0.0801886792453,0.0437503750375,0.028209828288,-0.0552496627076,0.0281988520616,0,0.0539325842697,0.0349344978166,0.013698630137,0.0133874402346,0.0808437505344,0.0345840286625,0.00640879120879,0.0468996560146,-0.111509210749,-0.074992,0.0514138817481,0.0215053763441,-0.070796460177,-0.0198511166253,-0.0120717241379,0.00860264506277,0.0610960837352,0.061414648404,-0.00574712643678
-0.0208430549075,0.0673673725758,0.00936768149883,0.0393013100437,0.0275438223306,0.0132132604507,0.0263157894737,0.0928270360061,0,0.0426439232409,0.0604759493671,0.019305019305,0,0.00975405232222,0.0578138279114,0.0946316209378,0.0260099720772,-0.0171764437343,-0.0324321519381,0.0122249388753,0.0390977443609,0.0166704761905,-0.0341772151899,0.0296712870402,0.0938161325398,-0.0352531369988,0.0474777448071,0.00578034682081
-0.035583796664,0.0462414864131,0.0858468677494,0.0483193277311,0.0862464471947,0.0431302154085,0.105411965812,0.0675669620545,0.0225225225225,0.079754601227,0.0583576835176,0.0625,0.0418520192529,0.0579707306373,0.110160737611,0.104738293916,0.0309864520584,0.266136368035,0.0949622796668,0.0531400966184,0.0434153400868,0.100705945833,0.0484927916121,0.0491552542373,0.0799172661486,0.0523768689173,0.0835671388102,0.0727969348659
0.0331082194037,-0.017159897227,0.0106837606838,-0.0060120240481,0.0300442448248,0.0288451699921,0.0206196088862,0.00361605269105,0.0484581497797,0.00757575757576,0.015037593985,0.0374331550802,-0.0084558068027,0.0289207391802,-0.0207704615385,0.0443955387757,0.012295498425,0.0690003057169,0.0586775510204,-0.0275229357798,0.0249653259362,-0.0425529017675,-0.005,0.0129240376762,0.00361280616058,0.0243050885124,0.00653805289005,0.0607142857143
-0.0320471938776,-0.0253968683968,0,-0.0120967741935,0.0166666666667,-0.0140197337094,-0.0643939393939,-0.00720604793309,0.0252100840336,0.0225563909774,-0.00864,-0.0292096219931,0.0191897327254,-0.0147934104371,-0.0274953998371,-0.0273775216138,-0.00539778430764,-0.0317728143678,-0.00963851705632,-0.0165094339623,-0.0108254397835,-0.0133403495797,-0.0226130653266,-0.0271157202789,-0.0125894402556,-0.0146903493597,0.0181818181818,-0.00841750841751
-0.00724757041674,0.0673217239031,0.0126849894292,-0.0224489795918,0.00614815579919,0.0464473692254,0.0269894736842,0,-0.0122950819672,0.00183823529412,0.00124333500705,0.00530973451327,0.0209221407161,0,0.0545242120173,0.0274062222222,0.00949853427592,0.105638586957,0.00730313458634,-0.0191846522782,0.00820793433653,0.0112576576577,0.0308483290488,0.0327868852459,0.012749955053,0.00688199208851,-0.00510204081633,-0.0424448217317
0.00365024058404,0.0122075081058,0.00208768267223,-0.00835073068894,-0.0122211739171,-0.0317032848272,-0.00656925789147,0.0326690645151,0.00829875518672,-0.00733944954128,0.0174149253731,-0.012323943662,0.0307326861223,-0.0285298941132,-0.0823446937015,0.00504802312678,-0.0322583577026,0.00649168503306,0.0652052930992,-0.0464547677262,-0.0135685210312,0.00446148583158,0.0511221945137,0.00476444444444,-0.00719467032235,-0.0170845075016,0.0025641025641,0.0336879432624
-0.0183501405191,0.00602692498183,0.025,0.0378947368421,0.037112187783,0.0402252735982,0.0330698412698,0.0070287299336,0.0493827160494,0.0129390018484,0.0611206628447,0.0249554367201,0.0397646755701,0.00154903523679,-0.00333356483089,-0.00286944045911,0.0388888628007,-0.0193494445993,0.0113487940092,-0.0025641025641,0.0206327372765,0.0110828875108,0.0628706998814,0.0505527948113,0.0308001788109,0.0289684514574,0.0422015345269,0.0548885077187
-0.0676995621421,0.0499533265987,0.0467479674797,0.0750507099391,0.0576535822334,0.0179849960707,0.0448132703577,0.0785337703937,0.0313725490196,0.0456204379562,0.0357180381899,0.0695652173913,0.0172083866793,0.0354938735059,-0.0134002990947,0.0273381294964,0.048127665441,0.0159690363093,-0.0291585351854,0.0231362467866,0.0539083557951,0.0657964912281,0.0334821428571,0.0421051618522,0.0579913362341,0.076575978514,0.0588916635256,0.0422764227642
-0.00812861271676,-0.025216326978,-0.0407766990291,-0.0339622641509,-0.0150376279078,-0.0326852682704,-0.0183823529412,-0.032360112788,-0.00760456273764,-0.0261780104712,-0.0100111056532,-0.0536585365854,0.0263165017797,-0.0387508655411,-0.0140115069297,-0.0168067226891,0.00637824410692,0.0333009204374,0.00232056284735,-0.0226130653266,0.0230179028133,-0.0308672864705,-0.0561555075594,-0.0317505760448,0.00830729712251,-0.0104598124387,-0.0231750139977,-0.0265210608424
-0.073210708432,-0.0131748272717,-0.0080971659919,0.005859375,-0.00763131495893,0.0319609153903,-0.0305857677903,0.0150476958216,0.0363954022989,-0.0250896057348,0.0741571700545,0.0163216494845,0.0109845912427,-0.00465019800113,-0.0232417182782,0.02849002849,0.037388423944,-0.0384927745478,-0.0414817217938,-0.00642879177378,0.0225,-0.00849254015273,-0.0286041189931,-0.0104298311293,-0.0181218663896,0.0634240399954,0.0189836659239,-0.0224358974359
-0.0306543525251,0.0247263703638,0.0336751020408,0.00582524271845,0.0749982690577,0.0203553409584,0.0611698017568,-0.0032943598794,0.0406655546486,0.0275735294118,0.0376568407417,0.0211340945178,0.005439142259,-0.0529598320684,0.0392235397651,0.0470914127424,0.011607445288,0.100553715795,0.0216307692308,0.00517465495401,-0.00916968215159,-0.0203511080048,0.0471142520612,0.0376530120482,0.0520153833415,-0.00298181611185,0.00814713267123,0.0704918032787
0.131157510643,0.0497111969112,-0.0404753556164,-0.0279938223938,0.0161018149966,0.0290555072338,-0.00970777641532,-0.0776851455637,0.0142096318569,-0.00178890876565,-0.0231870593757,0.00413774834437,-0.0108129495936,0.0180923421621,0.0687008397614,0.00793650793651,-0.0277791388998,0.036388222252,-0.0435201638406,0.0411841259905,0.0215926184751,0.0491858317945,0.0281214848144,-0.0159674520349,0.0047838730131,-0.00598146786095,0.0369515011547,-0.0176122511485
0.0340501792115,0,0.00926090534979,-0.0357498085399,-0.00528221836268,0.00800660966555,0,0.0250887111998,0.00175412050191,-0.0206107526882,-0.0330253869969,-0.0123647318908,0.00819672131148,-0.0282714118415,0.0880965079365,0.0892388451444,0.0397533736817,0.00244493029598,0.0504282385541,-0.00865069696059,-0.0477062801932,0.0125066666667,-0.0481400437637,0.000736283185841,-0.0119070933375,0.0110331382698,0.011135857461,-0.00857241910824
0.0175043327556,0.00781535057262,0.0336374578798,-0.00205973562881,0.0132756708993,0.0117042157825,0.0416676470588,0.000873983993607,0.0786741258741,0.0201281172964,-0.0106706692349,0.0459085141903,0.0379382113821,0.0590209812835,0.0335497784977,0.0120481927711,-0.0382334644811,0.00814943364368,0.0281029391927,0.072319201995,-0.0336071361899,-0.00412178356027,0.067816091954,-0.00368342365032,0.0136582057143,0.0625005221605,0.0143154185022,0.0290867924528
0.201498892863,0.033302189781,0.00986193293886,0.00619196068848,-0.0497824063593,-0.0132211186116,0.0447048991013,0.0358082906079,-0.0178307479267,-0.0107623472823,-0.00754951456311,0.0151649036423,0.0365577787108,0.0164819637825,0.0924500691038,0.0119047619048,0.0248453335461,0.0549216650965,0.0933900924279,-0.0151181395349,-0.000657217847769,0.0309950413223,0.00645855758881,0.0022201183432,0.0522976918799,0.00280084292634,0.0228030797882,-0.0550038869413
0.243549759002,-0.0233960430171,-0.017578125,-0.0430769937674,-0.00551525740809,-0.0180083830265,-0.0202702702703,0.0219218749059,-0.023102310231,-0.104259806723,-0.0456520945181,0.00707421383648,-0.00755665983545,-0.0162147134624,-0.00646201550388,-0.0305882352941,-0.0763641430524,-0.0758001742026,-0.170826666667,-0.0247915462414,-0.00131319901584,-0.0340648206338,0.0106951871658,-0.0309986349832,-0.00979023866546,0.0102421192452,0.00636942675159,-0.0258690714555
-0.0380756953944,-0.0316469247105,-0.0109328031809,-0.004287252797,-0.0258791272172,-0.0780381953994,0.0114951724138,-0.0140270759984,-0.0354756756757,-0.0222672064777,-0.0444190534505,-0.030443753872,-0.0253826895783,-0.0125600507137,-0.016253869969,0.00970873786408,-0.0209961175818,0.0082792517656,0.00250852254454,-0.0290556900726,-0.0348444810987,-0.0124546890975,-0.0518518518519,-0.0159927079881,-0.0205330075185,-0.059907605186,-0.0147679324895,-0.0124468215062
-0.0238208106186,0.0196063199159,0.00201004701902,-0.00538041830858,-0.0265666489039,0.00832565201698,0.0335208786174,-0.0125502758073,0.0297752147817,-0.0113888198758,0.0607865348529,0.0120760064412,0.02604375,-0.00397566644623,-0.00396352038442,0.00961538461538,0.00268080111311,0.0279348777775,-0.0175477993071,-0.0162114713217,0.0102190735695,-0.0672268907563,-0.00892857142857,-0.0170253869969,0.00698639759883,0.0274504623514,0.0235546038544,0.00840336134454
-0.0569382056574,-0.0315956043956,-0.0180541335139,-0.0184,-0.0243627414284,-0.0229365126324,-0.0219892441906,-0.0186440472804,-0.0340136054422,-0.0397906425812,-0.00337078045702,-0.0143198272965,-0.0418780875572,-0.0191539342639,-0.0219009721025,-0.0345238095238,-0.0180487220574,-0.0359695668689,-0.00765714285714,-0.0405577501805,-0.0303449436602,-0.0382846846847,-0.018018018018,-0.0165391709249,-0.040862315348,-0.0486641466739,-0.0282443514644,-0.0216666666667
-0.0114572605561,0.0538993185422,0.0500493564055,0.0143347551661,0.0699306065097,0.00375756584824,0.0410333895447,0.0595850049184,0.0792225352113,0.0316266636888,0.050732715702,0.0419693843027,0.0648984055133,0.013831488607,0.0413873354406,0.0147965474723,0.0197407033187,0.00663848890799,0.0732630262747,-0.0118869471851,0.024340472879,0.0163971282543,0.00917431192661,0.0200198815307,0.0434098412684,-0.00300873055559,-0.0290618369203,0.0511073253833
0,-0.0619099575055,-0.0233463035019,0.00543304347826,-0.00840418999296,0.0130947066134,-0.0280769141053,0.002444589309,-0.00162871550725,-0.0264287526427,-0.0032188785942,0.0232378289547,0.0335820895522,-0.00882447111743,-0.040392922066,-0.0643985419198,0.000668081072541,-0.0807258925394,0.0239598982126,-0.0147080213904,-0.0305509512006,-0.0230486779821,-0.0647727272727,-0.013347533193,-0.0523892205197,-0.00100650159363,-0.0509977827051,-0.0032414910859
0.0609454356036,0.0200845989508,0.0229099601594,0.0421639648242,0.0593234129495,0.0489386599335,0.051112,0.0243891817823,0.00408366013072,0.039633510764,0.0635055956847,0.0314162379001,0.0318902527076,0.0307666853131,0.0468421418516,0.0792207792208,0.0980656628082,0.0779572667217,0.0116921418627,0.0474920976762,-0.0259092436975,0.0448150943396,0.0267314702309,0.0739845014918,0.0552855894574,0.0135946767893,0.0572411214953,0.0479661788618
-0.0328955443722,0.00891142582813,0.00973708317494,-0.0373443983402,-0.0177809449034,-0.0105624707268,0.00158562233774,0.00793805989395,-0.043123245726,0.0454282649163,-0.0111303823974,-0.00770583938691,-0.0192447633868,0.00549958724432,-0.0103761564226,0.0108303249097,-0.0127579421322,-0.0141359251191,-0.0947941637811,-0.00259067357513,0.0618236528269,-0.0338635345787,0.0414201183432,-0.0288854018024,0.0123231478313,-0.00745167206619,-0.0441989731695,0.00465477691826
-0.00558446503363,0.00464535315985,0.0298923357495,0.0312482758621,0.0117644503334,0.024910776787,0.0548795315001,0.0440929207272,0.00340136054422,0.0049966113832,0.0276355739847,0.0392,0.00713437742569,0.0374997624432,-0.019657184078,-0.00178666666667,-0.00430899062259,0.0733564013841,-0.0153338128556,-0.00519480519481,0.0399469627049,-0.0233570093458,-0.0431818181818,-0.0389027747945,0.0517514793887,-0.0350344190407,0.058961496345,0.0393835235627
0.034205488194,0.0120303600819,-0.0327700374532,0.0135858116377,-0.00715349967582,0.0104157627636,-0.0240120252222,-0.0211154198309,-0.0322061016949,-0.0248524850895,0.0338628942424,-0.0263334107711,0.033061691734,0.0195778884163,-0.0100278074866,-0.00298056336846,-0.0117416707066,0.0274978225706,0.0817146462131,-0.0391644908616,0.00455833333333,-0.00359805857946,0.0403800475059,-0.00952380952381,-0.0397973233027,0.0082991031727,0.0447580786026,-0.0185747399703
-0.176354436628,-0.0301688331442,0.00677482009708,-0.0268041237113,0.0108118861552,-0.0128847986525,-0.00307534849849,0.0100165337456,-0.00700527356994,-0.040774786177,0.029863583815,0.0175438596491,-0.0034285651592,-0.0125545714234,-0.0918299439081,-0.066985645933,-0.0525338684338,-0.00381998723001,0.0120019645159,0.0380434782609,-0.0272196736543,-0.0408125633855,-0.0216894977169,0.024041025641,-0.00226035859949,-0.0699600243285,-0.0167189412229,0.00757003187892
-0.0969433623015,-0.0292192712072,-0.107692307692,-0.0677966101695,-0.116755873305,-0.0852920292885,-0.0380446585457,-0.0343247807376,-0.0917110171739,-0.0892668892955,0.0140318264274,-0.0804597701149,-0.0642219005103,-0.0695605343309,-0.110779611336,-0.0769230769231,-0.102310260485,-0.105148578312,-0.18365737511,-0.0772272251309,-0.0166566111588,-0.0838486431066,-0.197199533256,-0.12676274989,-0.0966784013253,-0.0530958941883,-0.102019302052,-0.0323053731695
0.0295337647254,0.04174925592,0.073275862069,0.0727272727273,0.0837539600267,0.0799230500175,0.0149643912651,0.0276444273957,0.12815573796,0.0875166161337,0.0784163519061,0.084375,0.127452941176,0.0996812608772,0.0501672240803,0.129166666667,0.064706993765,0.162949515906,0.0899903396002,0.0354633428955,-0.000678590785908,0.0614639434846,0.109011627907,0.0170265232975,0.0685626779516,0.119158883102,-0.0106490142467,-0.00465838509317
0.0755842062853,-0.0293577324999,-0.0411630522088,0.0116508474576,-0.00186387041407,0,-0.0389687203791,-0.00230554511046,0.00860862955905,-0.0429184549356,-0.0547503100081,-0.0338628242075,-0.0315234234375,-0.000732618970564,-0.0429961783439,-0.0387463714637,-0.0221004408413,-0.034660351913,0.123841014453,-0.0191780821918,0.0196621230233,-0.0180221735334,-0.0222804718218,0.00440387044388,-0.0187762002223,-0.0229645791322,-0.0394755980861,0.0132592823713
-0.0100389571471,0.0360096845158,0.0376962719225,0.0628273303913,0.0625002798787,0.0431735208467,-0.045477738501,0.0408336749207,0.087033447099,0.0695067264574,0.0334871073116,-0.0014914260897,0.0392835016835,0.0416973631294,0.070719655826,0.0595020442759,0.0324875181169,0.0152793514251,0.0201401316388,0.0530726256983,0.0093085106383,0.0498079149122,0.0656836461126,0.0412294736842,-0.00159608194678,0.00854556283931,-0.0610192996649,-0.0161650699493
-0.0472226426517,0.00463243057286,0.0151345870683,0.0108390318645,0.00614495001433,0.0346269177032,0.0103329411408,0.00148014230511,-0.00627941907838,0.0492645702306,0.00174850893379,-0.00970755454226,-0.0259178817834,0.0519657115134,-0.0287527226073,-0.0036231884058,0.0123123032841,0.00226445349744,-0.0243956828115,0.0397877984085,0.0085628458498,-0.026207293298,-0.00125786163522,0.00168222182683,-0.00479152067274,0.0317801297469,0.0053050397878,0
0.00698967434472,0.0613431734317,-0.0208731610338,0.00877037037037,0.0331593542388,0.0179580662569,0.0454526859521,0.0539532649603,0.0331727439551,0.0319680830659,0.0629371509611,-0.0392156862745,0.0376921726081,0.0427244944025,0.0432026705988,0.0915141818182,0.0304041010927,0.0863304686233,0.00118857142857,-0.00255102040816,0.0306999667668,0.0217926417014,0.0869017632242,0.0428945909431,0.0617975055671,0.0102665108043,0.0382564643799,0.0328638497653
-0.123205552926,0.0160821071955,0.0263958962097,0.00772948054799,-0.00591140195101,0.0288694024158,0.0206530614374,0.00911492569082,-0.0122324159021,-0.0154888913671,-0.0164447584799,-0.00313971742543,0.0245743589744,-0.0332899351519,-0.0375754601227,0.00277712628729,0.0990165082941,-0.00760267088595,-0.00237432080727,-0.0281329923274,-0.0266159695817,-0.0539620338548,-0.0463499420626,-0.0056464516129,0.060468027256,0.0447156489366,0.050826024551,0.017423030303
-0.104354084203,-0.0684346531184,-0.00593470870867,-0.00287478868616,0.0144422148264,0.0070148364671,-0.0436626198083,0.00556100102982,0.0185758513932,0.0363831447522,0.0150501470901,-0.0401587401575,-0.0208566909586,0.0291394142475,-0.0804818097443,-0.106312292359,0.00715947121989,-0.136492624866,-0.0584008421438,-0.0315789473684,-0.0345041666667,-0.0570230536787,-0.048602673147,-0.0543351881073,0.00997823002693,-0.0505825355657,-0.0193470749157,-0.0111678465142
-0.0449979911611,-0.0670326053739,-0.0398009316602,0.0298061538462,-0.0100512614333,-0.0108345687887,-0.0484409368009,-0.00414830242877,-0.0729483282675,0.00284478178368,-0.020595689495,-0.0131255299433,-0.0479233226837,0.00257346265348,-0.00952792936688,0.0167276332094,0.00414817248065,0.0572141903269,-0.0468413292503,0.00815217391304,-0.0910326731947,-0.102669811151,-0.00383141762452,-0.0360232287527,-0.00917534151155,-0.0625012942728,-0.0468558261027,0.00526987951807
-0.0138830458561,-0.00541102362205,0.0207253542378,-0.0242764134848,-0.0194578129759,-0.000782194231444,0.0175541087849,0.000696328786133,-0.00492065573771,0.00378430090339,-0.00924879293362,0.0307578131442,-0.0268456375839,-0.00385028541451,-0.00875169378591,0.00182913036356,-0.0112102480018,0.0251642099251,0.023900183586,-0.00269541778976,-0.014093768546,-0.0297929540165,-0.0115384615385,-0.0115644128114,-0.0113967012838,0.0284155962729,-0.0245775411696,-0.0232198031099
0.209470989761,0.0321614278205,-0.00609136066378,-0.00478316521824,0.0396920069253,0.0344561135928,0.0345025559493,-0.0214993586347,0.0477787091366,0.00188501698023,0.084040632882,-0.0233883870968,0.0609213793103,0.0186832098758,0.052075625173,0.0358871046229,0.0334128830136,0.0346072664545,0.0298336487698,0.027027027027,0.00376101879787,0.106639922248,0.00907911802853,0.0522022650552,0.0244981649093,0.0265672683665,0.054374535809,0.0191705521472
0.149559082892,-0.00671293313452,-0.0398381371389,0.0144215384615,-0.011620726883,-0.00302937098444,-0.0872724070951,-0.000708602433543,-0.0062893081761,-0.00564441112988,-0.042286556258,-0.0313790670574,0.00758221870905,-0.0442758098614,0.0150979865772,-0.0593062213094,-0.0190524528081,-0.0388347503702,-0.0201512147152,-0.0236842105263,-0.00674542728636,-0.0671574856118,-0.0668380462725,-0.0461906534688,-0.0801705987151,-0.0952369328623,-0.0654089366721,-0.0662152791155
0.03083768027,0.0443984555985,0.0351080851064,0.027489709937,-0.0142724707779,-0.0364457720701,0.0280165924644,0.0113482110296,0.0158227848101,-0.016081765119,0.0073589437659,0.0468897485282,0.0204283870968,0.0178700796909,-0.0107425077488,0.0486891385768,0.0335475910927,0.0392725157036,-0.010282818644,0.0256043126685,0.00528180494273,0.0312888105444,-0.0426997245179,0.0224200575138,0.00306038602787,0.0102964641676,-0.0242261625328,0.00725351458954
0.0331894627177,0.0480652068472,-0.00925137224851,-0.00830405904059,0.0178852546829,-0.0102457245953,-0.0319904910043,0.0182323554821,-0.0358280373832,-0.0298092307692,0.00974024709059,-0.0154736156352,-0.00842656847472,0.0130043495453,0.0384321315718,-0.0654761904762,0.0387259130328,-0.0215948910407,-0.0272624509608,-0.0118244663852,-0.015015015015,-0.0257944215679,0.0230215827338,0.0991214035088,-0.0320109336209,0.0486973041951,0.00689877384557,0.11759872
-0.0900316911553,0.0925909203784,0.00414937759336,0.0241860825095,0.0518854470882,0.0127394749139,0.0887382240017,0.0234170958079,0.0549274440774,0.0574827472472,0.062700883986,0.000828454363546,0.0510094775609,0.11745712537,0.0691847862465,0.0248397452229,0.0328945783077,0.129144370861,0.118822202475,0.0132978723404,0.0594512195122,0.0264773905415,0.0872011251758,0.079011752928,0.0913373315544,0.0237582054206,0.101369863014,-0.00357795685378
0.0848504036726,0.0149281485996,0.0247933884298,0.000909719759811,-0.0190949745846,0.0251584444557,0.0882509274874,-0.0235541201688,0.0413501778871,0.0103107933433,-0.0226928620964,0.0107424793388,0.0202191786141,-0.0103395277351,0.0331076395577,-0.0254806965625,-0.0169858962326,0.000975948499948,0.0345965266004,0.0301816272966,0.00287769784173,-0.0257944215679,-0.0401034928849,-0.00148165680473,-0.0144328346989,0.0242621937244,0.044776119403,0.0114942528736
0.0161972858602,0.00198998391727,0.0181451612903,0.00272087114338,0.0097333452729,0.0391088668197,-0.0232438208627,-0.019985431135,0.0397082352941,0.0176237476809,0.0356024326905,0.0188075470908,0.0386521921145,0.0348242270224,-0.0233066549823,0.0446428571429,0.0167390216919,0.0136687072853,0.073818171081,0.0802569788677,0.0100430416069,0.0187016508494,0.0862533692722,0.0177778199178,0.0344106395192,0.0175071594968,0.0190476190476,-0.0113636363636
0.0897472716829,0.0365053968254,-0.00990099009901,0.0425354462052,-0.00160787201801,-0.0118063108194,0.0253834165063,0.00351560047712,0.0452570404367,0.00911578357817,0.0687605381166,-0.0112359550562,0.0467588500135,0.0235563450419,0.123790751726,0.004884004884,0.109931032749,0.0115606936416,0.024706464652,-0.00235849056604,-0.0227272727273,0.142188906721,0.00620347394541,-0.000726639246904,0.00495185908158,-0.0384606205251,-0.0268710280374,0.00862068965517
0.0706285413098,0.0206750889436,0.016,0.0381944444444,-0.0144787048337,-0.0141894527957,0.0211457626783,0.0350378479825,0.0148871770223,-0.0171620844258,-0.0174847356814,0.072238961039,-0.0574292690184,-0.0410966207786,-0.0696779618549,-0.00911397326853,-0.0291868544297,-0.00571428571429,0.0262038614805,0.00590827423168,0.0348837209302,-0.0548844222828,0.0406905055487,0.0502584708038,0.0323953397668,0.0536842310549,0.0288115799502,0.00925811965812
0,-0.0446368127674,-0.0157480314961,-0.00752642140468,0.0253034097099,0.033331216135,-0.04192,0.0182821721019,0.0946645333333,0.0670941176471,-0.0106761687415,-0.00757003187892,0.0270777143865,-0.032571587434,-0.143365805115,-0.0570193079282,0.0147855487217,-0.061783908046,0.0551618639193,0.0176282352587,0.00983146067416,0.0524149684531,-0.00355450236967,0.0048510294568,0.00750338512639,0.0179819255316,-0.010499902917,0.0225829471649
0.173046153846,0.03023358662,0.0270016,0.00926842024387,0.011148906895,-0.0359228350552,0.0822351774256,0.0505307593503,0.00365603635768,-0.0111958810624,0.0129496551938,0.011442882005,0.0470824858757,0.0360303922019,0.0349735686575,0.0533159947984,0.00631377404407,0.0515627603375,0.00967745932617,-0.0207852193995,0.0180806675939,-0.0282701948421,-0.0214030915577,0.00414299974382,0.0176015028661,0.00686935336178,0.0908,0.0207039566089
-0.0210890777463,0.0228634146341,0.0593946494338,-0.00918330550918,0.0133846392271,0.0501894334163,0.034095691453,0.0518993292231,-0.0351961165049,0.0574912891986,0.0937501065342,0.0482654600302,-0.0404675676726,-0.0604318183079,-0.0333901420561,0.00123456790123,0.0120653165391,0.00582522462066,-0.00767021746601,-0.0283018867925,0.0280043715847,-0.027692089494,0.00364520048603,0.0185577802801,0.0126416946073,0.0721253131351,-0.0270253440438,-0.0141977165087
0.0502679528403,0.0484388636396,-0.000917647058823,-0.0336984447494,0.0606047042499,-0.0108601743792,0.00800830222636,-0.0234661693552,0.0150943700012,0.0329489291598,0.0162358610243,-0.0438860431655,-0.00843485145664,0.0248778543699,0.030378088146,0.0184956843403,-0.0367189326454,0.0415041189062,0.00676486229115,0.152912621359,-0.00332119954413,-0.0227919188972,-0.0217917675545,-0.0182196637632,-0.0433639095252,0,-0.0222222222222,-0.0240065843621
-0.0432697214001,0.0227433998654,0.00735969477874,0.0627725374334,0.0175842107855,0.0182998080786,0.0990662422925,-0.00493054119345,-0.0161070951318,0.0111642743222,0.0555909974789,-0.0353637747043,0.0607258060857,0.0266417407435,-0.0452343657108,0.0266343825666,0.0450497195586,0.0231680842735,0.0537429673488,0.0410509473684,-0.0206677333333,0.0466470127253,0.110148514851,0.070791399817,0.151098590701,-0.0154555671584,-0.00909090909091,0.00983838070373
0.00714666666667,-0.0145923395777,-0.0109588880966,-0.0319921666837,0,-0.0222851751309,-0.00425102040816,-0.0674902105587,0.0314841309824,-0.018927444795,-0.0205830309123,-0.015600624025,0.0095807563665,0.0173030574253,0.0321516944885,-0.0171,-0.0506866165038,-0.0362347826087,0.0191301103974,-0.00100950618323,0.0319956781437,-0.0222840232467,-0.0434782608696,-0.0160492610028,0.0113367927183,0.120960367276,-0.00229357798165,-0.0347947499454
0.0969074348655,0.0676963211367,0.0775622122811,-0.0322033898305,-0.00791785613072,-0.0117652637819,-0.0798475970298,0.016599920806,0.0207590149138,-0.0313517684887,0.12113930397,0.0618066561014,-0.00264783386008,0.0464837910739,0.00327868852459,0.0671866271737,-0.023952328169,0.0864724405186,-0.00178444785066,0.0131562753036,0.0197889182058,-0.0156808402013,-0.00699300699301,0.0123950553373,-0.0206465722226,-0.0140028469079,0.0459770114943,0.0136997995095
-0.0430626629333,-0.0455736762456,0.0188517307945,-0.0280210157618,-0.0428175785128,-0.00669644999376,-0.0153132364275,-0.0411498542274,-0.051433492823,-0.0390028733648,0.000550385402086,-0.0044776119403,-0.0548685948763,0.0482115372451,0.0457516339869,0.0370995274644,-0.0771984470772,-0.0250878198261,-0.0752068388605,-0.0609375599402,-0.0666225097025,0.0897302904564,-0.056338028169,0.00386804123711,-0.0204839375671,-0.0267332124178,-0.0263736263736,-0.0576113798009
0.0472202603168,-0.0249135223956,0.00588594666315,0.0198198198198,0.0235038069034,0.00898798783566,0.0485406586546,0.0803805335351,0.0264796439251,0.0535405872193,-0.00661157024793,0.033731934033,0.0552449438202,0.0511634923628,0.025,0.0113829909012,0.029916026831,0.0638863334356,0.0793774704782,0.0648919148936,0.0720697745588,0.023900183586,0.0174129353234,0.0224615713241,0.0276773549527,0.0351920658098,0.0248306997743,0.0233974622158
0.0645534251855,-0.0432920292883,-0.0242461538462,-0.00883392226148,-0.0140742900627,-0.0386025979249,-0.00359622213305,-0.0598984131559,0.004914004914,0.0155724590164,-0.0160851913478,-0.0137769557963,-0.0106477222393,-0.0491635452097,0.00609756097561,0.0230430868167,0.0161394753306,-0.00250608506277,0.0340837341721,-0.0179820467246,-0.0290875543246,-0.057060796228,-0.0293398533007,-0.0257366234643,-0.0305220013717,0.0547266043976,-0.0209268722467,0.0368731563422
-0.0787401574803,0.0215121661721,-0.00514138112578,0.0124777183601,-0.00826648969935,0.0440147114118,0.0266132611637,-0.0288397980591,0.0635696821516,-0.000805812178611,-0.00169109509907,-0.0272070588235,0.0062765829215,-0.0925538337694,-0.0378812121212,0.0445268052608,0.0132341517721,0.0401338866459,-0.0390328382069,0.0244150956909,0.0213049267643,0.020634892688,-0.0201511335013,-0.0309278350515,0.0234573333785,0.0157239366646,0.0506205635466,0.00142247510669
-0.0220060909716,-0.00580973805053,-0.0275624081827,-0.00704225352113,0.030304903772,-0.00739620625422,0.0153764391027,0.0276247453798,0.0206896551724,0.0185770597738,-0.0474308728907,-0.0211640467592,0.060607486631,0.0603973076667,-0.0637784284181,-0.0215654964895,-0.0135841724077,-0.011251475888,-0.0424089092211,0.0427027490808,-0.0013037809648,0.0175093584502,-0.00514138817481,0.0239361702128,0.00241103320545,0.0208970750613,0.00321027837259,-0.0170454545455
-0.0582621798091,-0.0211822015278,0.000884321155966,-0.0221645390071,-0.0250013236618,0.0193743872667,-0.0718297338501,0.0174726667115,0.018018018018,0.00872451543158,-0.0148182713155,-0.0239370179917,0.0630251253444,-0.0472844202188,-0.0849441008499,-0.0389544143142,-0.0127128812163,-0.0430907317073,-0.046181129435,0.023808,-0.0169712793734,-0.0304489353045,-0.015503875969,-0.0227283116883,-0.00060048368631,-0.0841540856289,-0.05656188954,0.0361271676301
0.03808,0.0231355223881,0.00796601769912,0.0262934198273,0.018854399722,0.0277773194321,0.0689969230769,0.00132078898273,0.0265486725664,0.0196528301887,0.0439220216606,0.0253164556962,0.018179265544,0.0456852931169,0.0193,0.0138666784996,0.0429195136683,0.053530064272,-0.00593197829579,0.00186046788535,0.000665073041169,0.00409176750367,-0.0393700787402,-0.0285725220705,0.04996913244,0.0496681631856,0.0124416289593,-0.00976290097629
0.00914508836827,0.00291757500502,-0.0377537661053,0.00883392226148,-0.00666240272892,-0.034849718473,-0.0484082326442,0.0026380936005,-0.0247862068966,-0.0215883072793,-0.00403366366217,-0.0192913580247,-0.0217379152024,-0.0318229649126,-0.0351683104322,-0.055233292148,0.0205766183803,0.00967739438092,-0.000750693437158,-0.0538533761981,-0.140014184457,-0.0557800146285,-0.0491803278689,-0.0588214693767,-0.0705281990171,-0.0970029607767,-0.0636854769796,-0.00422535211268
-0.00448019549944,0.114906629927,0.0310218978102,0.0472854640981,0.0268283522026,0.0221068390286,0.0164986372126,0.0105269587402,0.0132596919508,0.0228539295243,0.0324083333333,0.0291122317699,0.0682552380952,-0.0306410082667,0.104673210238,-0.0367483296214,0.0146164647821,0.0814694403337,-0.00621379002992,0.0667321950653,0.0254641975309,0.0518637378041,-0.0172413793103,0.00218139534884,0.0413345872292,0.0253274787994,0.00954653937947,-0.029702970297
0.0479697248645,0.121332938117,0.012389380531,0.0301003344482,0.0551497099859,0.0634469674953,0.0910723831,-0.0488271533186,0.0828790977171,0.060092449923,-0.0140152340671,0.00917431192661,0.00594115192731,0.0408030309385,0.0262281589933,0.0554913294798,0.0551411617099,0.0849321478708,0.0540571706792,0.0183992911121,0,0.0794655538216,0.0438596491228,0.0623616390293,0.0586490639344,0.01703649612,-0.00945626477541,-0.030612244898
0.0587546359555,0.00348853660171,0.025351048951,-0.0600649350649,0.0110041401715,0.0196605693323,0.0181825033818,0.0308006657754,-0.0130900513032,0.00872093023256,-0.0039786278373,0.0257575757576,0.0915829738056,-0.0651572381111,-0.0307073776849,-0.00383439211391,0.0160073605843,0.0129328654237,-0.0123501811198,0.0623321587457,-0.00752444541827,0.0444097915956,0.0896358543417,0.0382252977205,0.0139895975574,0.0477382114463,0.0369909307876,0.0421052631579
0.117348820059,0.0904348664903,-0.0383644830493,-0.00777340241796,0.0183692063523,-0.0299202840444,-0.0340909312279,-0.0013278039782,0.0459167346939,0.0014409221902,0.083904109589,-0.0443131462334,0.0338272976159,0.116473745919,0.12098350126,0.0500284112399,0,0.0134387096774,-0.0346092307692,0.00170068027211,-0.0265364348307,-0.0230803925533,-0.0218508997429,-0.00197344060322,0.0286977521153,-0.126299562437,-0.040274412473,-0.02886002886
0.0680636911146,-0.00478384245303,0.000887943262411,0.0739788671594,0.0207058657534,-0.0130224046361,0.00840403926322,-0.033246357336,0.0741464572042,-0.0266198561151,-0.00631911532385,0.0139103554869,-0.0130869246984,-0.0206349819183,-0.00758484390857,0.0219895287958,0.0259499551128,0.0948288484432,-0.0229098141207,-0.0415972835314,0.0350479750779,-0.00746660723099,0.0354796320631,-0.0210804133447,-0.0166300411559,-0.0192128406126,0.0263788968825,-0.0193164933135
-0.0499768268191,-0.00213675213675,0.0124003367223,-0.00162074554295,-0.0366477013896,-0.00625001399591,-0.016668,-0.00962705004593,-0.0717516029088,0.00443459504461,-0.0312674085851,0.0426829268293,-0.0689665050753,-0.0502420512066,0.0527510703364,0.0286885245902,-0.09620512194,-0.0551171945412,-0.0784958442609,-0.0398569209664,-0.0564345445483,-0.0701751571924,-0.208121827411,0.0477804528247,-0.0152778858063,-0.0727603527565,-0.0864485981308,-0.0954545454545
0.0200016261485,-0.0711982869379,-0.04112120228,-0.0178571428571,-0.0271755436413,-0.147448666871,0.0144081551297,0.0361101605392,-0.0352250489237,-0.0331114444285,-0.039933514165,-0.0511695906433,-0.0669504273504,-0.0529026152454,-0.0145243451263,0.0577689243028,-0.0284861244407,-0.0102584615385,-0.0232353982301,-0.0461254612546,-0.0462519936204,-0.0363987648571,-0.0288461538462,-0.00577932514253,-0.0271473142812,-0.00100650159363,0.00894936061381,-0.0435510887772
0.0800318852132,-0.0368875740518,-0.0127737226277,-0.0165289256198,-0.0188533135771,0.0467204990286,-0.0843789473684,-0.116622150741,0.0233249492901,-0.0243531202435,-0.0495726495726,-0.0670274268105,0.051905890802,-0.0522522154016,0.0213695167216,-0.0216572504708,0.0380661352794,0.0278549800103,-0.395236576597,-0.0183767891683,0.0225739130435,-0.0391521509515,0.036303630363,-0.0633054263566,-0.0814349641353,-0.00704921730959,-0.0405577501805,0.015761821366
0.105469038305,0.0275264847143,0.0295748613678,0.0277297478992,0.0170835625378,0.006264977488,-0.0291963929874,0.0349011108101,-0.00396432739636,-0.0132617784711,0.00359712230216,0.0710157833404,-0.00580319977149,-0.0209107248003,0.0339117666073,-0.0365736284889,0.0406343196059,-0.010713011076,-0.0430738991826,0.0236453574705,-0.00490335882696,-0.0887986287077,-0.0589171974522,-0.0131045228038,-0.0464962111554,-0.1064906314,0.0409533230189,-0.05
-0.0178929096007,0.0285409701022,0.013466427289,0.00163532511572,0.00489789336836,0.00622346245345,-0.0366541628979,0.0263939138493,0.0706484706841,0.00711589832841,0.00716845878136,-0.0292984170219,0.0277348581199,0.036892782025,-0.0551302778845,0.0274717282717,0.000951517678748,0.0496814274009,0.0724162116126,0.00769972311796,-0.0139700720196,0.00159489633174,-0.0338409475465,-0.0356404912475,0.011052639085,0.106696592439,-0.00634720812183,-0.016333938294
-0.242828008158,-0.130804745994,-0.0726305436591,-0.098774333093,-0.10863584244,-0.0533628283272,-0.180487165258,0.00857002938296,-0.122676579926,-0.182103610675,-0.11743772242,-0.0587768816863,-0.133520606273,-0.177903696483,-0.15878560422,-0.123966260742,-0.117507688546,-0.20510057262,0.0547263681592,-0.138489609917,-0.0866666666667,-0.114833414993,-0.133099824869,-0.158696811594,-0.197428555308,-0.0502572199516,-0.141760698362,-0.0922509225092
0.126324295206,0.00716715865312,0.00955108378058,0.103260869565,-0.0515639063906,-0.0114391095304,-0.135714285714,-0.0453260297807,-0.00847457627119,-0.0460652591171,0.0255387096774,0.0514782129664,0.00491802633701,0.0296128572326,0.0992082890841,0.0599334073252,0.0533692761675,0.0900789986663,-0.00345469040659,0.0310421286031,0.0255474452555,-0.00899467238636,0.0969696969697,0.0490998092676,-0.0560877015686,-0.0269976299999,0.0937476190476,-0.0569105691057
0.0586687923475,0.0970223088801,0.0671696239627,0.0377668308703,0.0428366371282,-0.0859492635243,0.0192826446281,0.0845693123992,0.0459384615385,0.0191130784708,0.0825687207667,0.0593900481541,0.0538335349644,-0.134955371237,0.0966440894569,0.0816753926702,0.0808610039278,0.0497210084034,0.0312444444444,0.00967569892473,0.00533807829181,0.0272754776699,0.0128913443831,0.0426928270796,0.109507738857,0.0566038441263,-0.0122427477393,0.144396551724
-0.00670130261276,0.0176905660377,-0.0328,0.00395443037975,0.00157740668274,0.0126566408733,0.0121621753105,-0.0191512019266,-0.00817161703226,-0.065153113766,-0.052663387251,-0.0030303030303,0.00618946601924,0.0281346681818,-0.0138394917285,-0.00726118102614,0.0274612510446,-0.00333662085484,0.0808085161402,-0.0394019840715,0.0115030088496,0.106182460751,-0.0109090909091,-0.0165391709249,0.0413173903923,-0.0220584332639,-0.0619856749311,-0.00564971751412
0.057534869618,0.031862745098,-0.00183317787985,0.00866951447693,0.0544181116075,0.0517875291875,-0.0480641367841,0.0627613083158,0.0123584137729,-0.03273331824,0.0843449616921,0.0303951367781,0.0430782068655,0.0447743132588,0.0280674223159,0.0424191457195,-0.0506905405911,0.0642570281124,-0.0545099290215,0.0620842572062,0.0796165593933,0.0176128450889,0.0275735294118,0.0224179630654,-0.0242467707234,0.0590764855506,0.142440275924,0.0757575757576
-0.175973048527,-0.0909584197268,0.10009021107,-0.0070325,-0.126402981538,0.00764008650188,-0.0687215357324,0.112861390523,-0.0681571811307,0.0731423580786,-0.106660594781,0.0494088495575,-0.171090265487,-0.0452376356125,-0.0739954022989,-0.10009354537,0,-0.270756226415,-0.0115347307157,-0.0438413361169,-0.0559144246353,-0.0393253904363,-0.0483005366726,-0.0712621096471,-0.126509208027,-0.115619229501,-0.101544473008,-0.140845070423
0.163100208768,-0.0142072744091,-0.0409001669449,-0.037765586487,0.0145535101455,0.0429637517964,0.0376481474119,-0.0872647418608,0.0622288209607,0.0203459130757,-0.0184686210751,-0.043569971688,0.0569379972413,-0.0174570246631,0.0605145824851,0.0883575883576,0.018446302369,0.0840943525886,-0.004992,0.099343231441,0.10643762206,0.00819122637952,-0.00375939849624,0.0674592039371,0.100003781755,0.0997705358798,0.0929924875365,0.0758196721311
0.00164535188094,0.0319558897243,0.0426443270401,0.0834015809015,0.125740328134,0.0605835651549,0.190133167063,0.0245484533229,0.130522293077,0.0907295564978,0.0490580645161,0.0146950944248,0.188553535354,0.0583761359147,-0.0051218667191,0.0649474689589,0.0200186617375,0.073981579068,0.0636349992496,0.0665359547741,0.0512024189885,0.0357194805195,0.0396226415094,0.0702987164645,0.122253402493,0.0948906006864,-0.0013109947644,0.0971428571429
-0.00164264914508,0.0400708778911,-0.0492474123539,-0.00981012505374,0.0299831947288,0.0677816663597,0.0634126210609,0.0479182802284,-0.0490909090909,0.0219378427788,0.0839216747435,-0.0680666972532,-0.0538265679019,0.0719435370975,0.0463247058824,0.0264566816143,-0.0158876865689,0.0911146666667,-0.0787357132778,-0.0446927374302,-0.0730638251645,0.0673902576037,0.0199637023593,0.039849989845,-0.0153631124471,-0.0828570557786,-0.0380058464081,-0.0885416666667
0.00501084436467,-0.0116754341393,0.0122914664914,-0.00533658536585,0.0174690186953,0.0249646943009,0.0366991162377,0.0433229129739,0.0525797323136,0.0161001788909,0.0260056737589,0.00854826237546,0.0748527842548,0.0313174515075,0.032323786565,0.0371348446552,0.0522325879333,0.0539696815652,0.220510688576,0.0545808966862,0.0230878980892,0.0117474578501,0.17615658363,0.0872971892658,0.0425538534533,-0.0197304099469,0.0245231607629,0.00571428571429
-0.026640869177,0.0460739951083,-0.000868689167474,0.0076628446441,0.0157371892824,-0.013917437863,0.0320787326737,0.0242216314284,0.0254343693869,0.00792112676056,-0.00172810900635,0.0161775038521,0.00974706434867,0.0260293921082,0.0456103968527,0.0202190395956,0.0509915748937,0.0357471911155,0.102239113677,-0.00831940850277,-0.0132283433193,0.013060117411,0.0302571860817,0.0248062663185,0.032655040567,0.0487300080646,0.0305829787234,0.0587121212121
-0.0170489296636,-0.0169413737401,-0.00781111111111,0.0372636194843,0.0190125894173,0.0331682695152,-0.00750353697749,-0.0157652087719,0.00708590669845,-0.021832694264,0.00461442159084,0.00985717647573,0.0455172916053,-0.0169115580026,0.113279166667,0.0528488852188,0.0120230589554,-0.000931343283582,-0.101652462429,0.0764213627905,0.0118309148265,-0.00858227430269,0.00440528634361,-0.00700737425249,0.0217390519057,0.00101056843624,0.00774195146725,0.0178890876565
0.00692229913666,0.0953494270874,0.00874889413978,0.0322580645161,0.04630293138,0.0225418005687,0.123110257547,0.0514871711064,0.054529386766,0.0776771428571,0.0672028187964,-0.0352864864865,0.0686027109263,0.0150543483947,0.0625741521855,0.0450974117647,0.0589736417429,0.138188402333,0.0608320961726,0.00346320826072,0.0607949358754,0.021659915284,0.0248538011696,0.0904414722859,0.123791307668,-0.0151364249756,0.0294515328072,0.0474516695958
-0.118955661981,0.0235964143921,0.0407617821172,-0.0767045454545,-0.0449133598618,-0.0634613934753,-0.024039249261,-0.031556717775,0.00500149457682,-0.0712511300761,-0.0360594497821,0.0412464326804,-0.017282962963,0.0911027284783,-0.052284911203,-0.00862979880213,-0.00560930974741,-0.0106684027322,-0.037341707342,-0.0327869305083,-0.0536381441433,-0.0947604736213,-0.0727532097004,0.00882447058824,-0.0814695731782,-0.0348366455211,-0.0161711442786,-0.0536912751678
0.0568122041031,0.0947737704918,-0.0266666666667,0.00461538461538,0.00484031604807,0.0313841214056,0.024631368877,0.0292127483294,-0.00912731502382,-0.0205159971682,0.0217755443886,-0.0171910313901,0.0590441617647,-0.033010491316,0.105113319607,0.0124899318698,0.0165182755389,0.0638515790423,0.0623337942772,-0.000890634634269,-0.0427031055901,-0.07968,-0.144615384615,-0.0204090771694,0.00125014984673,-0.053078104522,-0.00505690024152,0.0478723404255
-0.0370831259333,-0.0421136487514,0.0196931506849,-0.0336906584992,-0.0440468088199,-0.0414924434513,-0.0951923809172,-0.065501332247,0.00251122278057,-0.075593442623,-0.0240445901639,0.042585603146,-0.033215658363,-0.016065800099,-0.0620089862247,-0.0257938098206,-0.0768926673296,0.00233951384005,-0.103000567404,-0.0464285714286,-0.0340607092434,0.0356397774687,-0.0341726618705,-0.0428571428571,-0.0867136455376,-0.0313895502858,-0.0597185458064,-0.0592216582064
0.0788317394676,0.0977038806418,0.00503777660752,-0.0253565768621,0.133190021635,0.00721476549104,0.228479684149,0.0957934081153,0.0509621399661,0.0364548357909,0.0307968920913,-0.0196925102174,0.157057332081,0.0122444387083,0.0997217700587,0.0828856485035,-0.0103042347821,0.178069852392,0.0377860465116,0.161048689139,-0.0528979977861,0.0262296457949,-0.0521415270019,0.0373134328358,0.10109333623,0.0162033923416,-0.0864864864865,0.0305755395683
0.165788212746,0.013796874911,-0.00417844053007,0.0479661788618,0.0336704444255,0.0673343897402,-0.0121100513634,-0.00532962797293,0.0158982511924,0.0475285171103,0.0380219115508,0.0156238095238,0.00742141470081,-0.0181444889793,-0.00458726065226,0.0729978738483,0.0273313335631,-0.00528052247602,-0.00279665118947,-0.0282270967742,0.0549645390071,0.011184721711,0.0216110019646,0.043764028777,0.0117868769368,0.0318900575686,0.0636071005917,-0.022687609075
0.00917933963557,-0.00965898555366,-0.0251677852349,0.0263770692035,-0.0110614769093,-0.0335559576163,0.00700455832193,-0.109326112541,0.0093896713615,-0.0245023593466,0.0340144427002,-0.038095282749,-0.00947369218837,-0.0287485682321,-0.0107463840268,-0.0330250990753,0.0118250430482,0.0119421240163,0.0182651685393,0.0215767921352,0.00336134453782,0.0442440296848,0.0134615384615,-0.00746606085336,-0.0042933605885,-0.0242826468866,0.0542443488052,0
0.112136844963,0.0460992907801,-0.0189328743546,-0.0302343525132,-0.00870291638696,-0.0305558727962,0.0608703455587,0.0577631677893,0.0124031007752,-0.0167442109681,-0.0465594764701,0.0251345317709,-0.039318205584,0.192389970311,0.156752121471,0.0341530054645,0.00625970140829,0.0983628572987,0.019296975689,0.012186530868,0.052762479062,0.0741271470343,0.0664136622391,0.0387740740741,0.0467991855726,0.0769224906783,0.118733509235,-0.0160714285714
-0.0994873046875,0.0152542372881,-0.0026301754386,-0.00233702551772,0.0106603904195,-0.0071630855089,-0.0704911937647,-0.0329927689308,-0.0183767228178,-0.0189215045169,-0.0153936305732,-0.0482924219911,-0.0287628064046,0.0212786756102,-0.0313073345259,-0.0227878467635,-0.023640575743,-0.0286566890444,-0.0216510201961,-0.00481540930979,-0.0509149414987,-0.0887342479583,-0.0409252669039,-0.0222841026994,-0.0176473054877,-0.0420168215899,-0.102596226415,-0.070780399274
-0.0468347566762,0.0809696160267,0.0131911863624,-0.015625,-0.0024836212031,-0.0346313396756,0.0502645502646,0.0247060874606,0.0234009360374,-0.0289296492646,0.0134788256421,-0.00234067427407,0.0523927584444,-0.029514602465,-0.0350877711361,-0.0158832123735,-0.0654215943399,0.0172095712752,-0.0428616953474,-0.0209677419355,0.00754535798204,0.0463726828496,0.0686456400742,0.0558385815717,-0.0275457399162,-0.0394735141105,-0.0630750340605,-0.0625
0.0396785892057,0.0683390661448,-0.0329861111111,0.0626971428571,0.0167927491148,0.0837060887672,0.0319052896725,0.0929978947973,0.030487804878,0.0168834429131,0.129786272522,-0.0774660406886,0.0238103896104,-0.0357787253793,0.0555024773244,-0.0123626373626,0.0686364761046,0.111781402507,0.0982557386752,0.0461285008237,0.0249584026622,0.13293376945,-0.0538194444444,0.0474905968618,-0.007387923379,-0.0696342839784,-0.0196353876811,-0.0479166666667
-0.0779016483141,-0.0444530281443,0.0439870736086,0.00373532933273,-0.0452595635234,-0.047587065783,-0.0480058896702,-0.0115546119987,0.0110958579882,-0.0390625,-0.0103570621469,0.109416263839,-0.0613115760579,0.00927808998905,-0.0426096719633,-0.0709318497914,0.0199913712519,-0.113586086957,-0.0631578947368,0.0188976377953,-0.00649350649351,0.0638830479624,0.0678899082569,-0.0108183499791,-0.0365988481857,0.0981594838454,0.081547540023,0.0853391684902
-0.00163180537012,-0.0453857791225,-0.0447118903362,0.00744047619048,0.000639653602972,0.0137579332278,0.0128205128205,-0.0170042083613,-0.0124371471109,0.0386178861789,-0.009515501796,-0.0229357798165,0.0247756756757,0.0422767378085,-0.0416666666667,0.0344311377246,0.00417059686909,-0.0282054904177,0.00140224719101,0.00540834621329,0.0114379084967,-0.0257411764706,-0.0223367697595,-0.00833333333333,0.0296173890937,-0.0346359694684,-0.0515894179894,-0.0181451612903
0.0199108469539,-0.0566567353407,-0.0180017742549,0.0391420974889,0.0653013055344,0.0628578799228,0.0936708860759,0.0389203295219,0.0459259259259,0.00880469667319,0.0220933717579,-0.0242579029734,0.0813177307097,-0.0158724257356,0.0499003952569,0.0300283646889,0.0863791387079,0.0302839422425,0.0981814264941,0.0530374211067,0.0145395799677,0.00629538392181,0.0193321616872,0.063025210084,0.0856790123457,-0.00347382641395,0.0376592193232,0.0903490759754
-0.121940559441,0.0197402904597,-0.0439962691164,-0.0284293144896,-0.0294462138522,-0.0483872365878,-0.00308703703704,-0.0707610618154,-0.0269121813031,-0.0116392033198,0.000940602210979,-0.0240577694406,-0.0294707317073,-0.00179010964422,-0.118588324584,-0.0537402479748,-0.0244646381356,-0.0257176002132,0.0204341855751,0.0109477372263,-0.0628993630573,0.061248,-0.0206896551724,-0.0148205533597,0.0276514290046,-0.0255517931443,0.0577935483871,-0.00376647834275
0.01850008296,0.0477759472817,0.0882069596058,0.0424287255932,0.0383889425578,0.0508476120205,0.0626935372715,-0.0212751494019,0.0880628820961,0.00490834921821,0.048356056338,0.0657355013778,0.0575898994011,0.0466758079401,0.0218891804713,0.0623608017817,0.0399682034976,0.051537848862,0.0363013040274,0.0454885724056,0.0450311572216,0.0294445784586,-0.0193661971831,0.0190555361195,0.045402012676,0.0274142551718,0.00889658733741,-0.00189035916824
-0.00912274985746,0.0432402515723,0.038766465175,0.021052655217,0.0506870097899,-0.0141122216347,0.0167510658418,0.00343193332244,0.0354526131934,0.073240625,0.00895728362367,0.0408648152534,0.0287144781897,-0.0154368202932,-0.01462907357,0.0174703004892,0.015824848911,0.00418506078667,0.0410586198368,-0.0234806629834,0.0365840650407,0.0286023930522,-0.00359066427289,0.0187023622047,0.0788217894851,0.0440824477179,-0.0843848866499,0.00757575757576
0.02934648582,0.0418218033799,0.00084681818922,0.00756124542817,0.00226946412857,0.0415798405036,-0.0616040820677,-0.0330679967427,-0.0355286821705,-0.0145587109135,0.0159786950732,0.0474074074074,-0.039462529769,-0.0418102717668,-0.0233298380994,-0.0824175824176,0.0252222877137,-0.0214285714286,0.00696424328819,-0.035360678925,-0.0909805063285,0.0478400774554,0.00540540540541,0.0299500986279,-0.0228634813868,0.0177785429829,0.033012452297,-0.0093984962406
0.00894425810573,0.0690783763202,-0.0101694915254,0.0252376534789,0.0147221920191,0.0589007445426,0.0045801554688,-0.0117926464922,0.0180833027908,-0.0424746703227,-0.0144167758847,0.01414427157,0.0280569363182,-0.0381832655227,0.0559184467639,0.065119760479,-0.0535448231319,0.0705596107056,-0.0460826095291,0.0674486803519,-0.0155306512934,-0.0392830937305,-0.00358422939068,0.00891257035647,0.0035617859693,0,0.00665993429547,-0.00379506641366
0.0477283520659,0.0277412719892,-0.0111287671233,0.00998111508302,0.0234371651451,-0.00247131087098,-0.0425526094545,-0.00954712414457,0.00394736842105,-0.0665366503941,0.00975106382979,0.0111576011158,-0.0165684210526,-0.0472582143218,0.048844050463,0.0340823612087,-0.0435785656218,0.0403418181818,0.0277640366065,0.0192307692308,0.0236648885748,0.0320495594246,-0.0125899280576,0.0116217486775,0.0172315559817,0.0382107632223,0.0383576719577,-0.0209523809524
-0.0219838331948,-0.0204091950924,0.0450215826541,0.0500658761528,0.0163567119057,0.0204448191673,0.103173333333,0.0819295509546,0.0996068152031,0.0227272727273,0.0544351567587,0.0537931034483,0.0604542632672,0.124998391311,-0.0392156862745,-0.00271831612277,0.0871311372399,0.0289450320524,-0.125729498827,-0.010781671159,-0.027397260274,-0.00856528114679,0.0145719489982,-0.0275735294118,0.079222961435,0.0273381116584,0.0471358922515,-0.0505836575875
-0.0655028580256,-0.129032258065,0.0903050998441,-0.0941028858218,-0.100856567446,-0.0807516774319,-0.0215827586564,0.0367483030527,-0.144219308701,0.0494933333333,-0.214405186075,0.0674073298429,-0.123364578217,-0.0846557971533,-0.0938775510204,-0.0909705436296,-0.139706074291,-0.150743099788,0.0981161290323,-0.0626702997275,0.18661971831,0.030230565078,0.13644524237,0.0964083175803,-0.0683289409394,0.115660378334,0.201946472019,-0.0450819672131
0.208546867251,0.0864197530864,-0.0554699088146,0.110109695291,0.0835300115716,0.00198080113822,-0.0279406211066,-0.0128891829436,0.135097493036,0.0336878285857,0.0492845786963,-0.0637646241713,0.0373151704181,0.0790003186883,0.161034234234,0.258620689655,0.0119650858189,0.176252,0.0648774832362,0.0101744186047,-0.0281899109792,0.0733788624868,0,-0.0400855172414,0.0649165378209,-0.0201835712961,0.00404858299595,0.0107296137339
0.210655905889,-0.0923295454545,0.107803561958,-0.0243284085624,-0.0693823603273,-0.0059327816477,0.00151225507549,0.0467901244162,-0.0944785276074,0.0279329608939,-0.0590909090909,0.0694172305616,0.00822116487468,-0.107144408378,-0.0203670539159,0.0113162596784,-0.0447629708529,-0.034006318374,0.0563197928467,-0.0273381294964,0.146564885496,-0.01855,0.086887835703,0.0660087536533,-0.00698135498506,0.0749064024804,0.0514096774194,0.0254777070064
-0.0870007344218,-0.00234616588419,-0.0428478804963,-0.0447570332481,0.0295868745171,-0.0424402218772,-0.0453172753079,-0.0738055114252,-0.020325203252,-0.0280811594203,-0.0182492753623,-0.0569494740472,-0.0805308868502,-0.0479981838525,-0.039603960396,0.030035335689,0.0203355021546,-0.0385055427845,0.025028900929,-0.0650887573964,0.00332996005326,0,0.0247093023256,-0.0037930867153,-0.0178073567767,0.0435551264972,-0.0527310492518,0.0952380952381
-0.0193676133903,-0.00706006957168,-0.040971168437,-0.0174029451138,-0.0229898693387,0.0429366747134,-0.00474494271512,0.0505048683375,0.0110650069156,0.000933458987451,0.00273198230116,-0.0038961038961,0.0365853983019,-0.0252124887155,-0.0195892783505,0.0863350485992,-0.00259876478102,0.065790389016,-0.0403429627415,0.00474683544304,-0.0524230365781,-0.00597330480412,-0.0354609929078,-0.0680754794591,-0.0715633052965,-0.0667779210244,-0.0101214574899,0.0189035916824
-0.0548965169107,-0.0236966824645,0.00791139240506,-0.0136239782016,-0.0258830771664,-0.00199132382351,-0.0349774022401,-0.0502131636925,-0.06292749658,-0.00465698324022,-0.0730626591604,-0.0417209908735,-0.0181809781228,0.0301736188772,-0.0588854828778,-0.0578947368421,-0.0286711766624,-0.060653946835,0.0608424778761,-0.0236220472441,0.00630364145658,0.0290337873333,0.0441176470588,-0.0744101633394,-0.0395681932817,-0.00983902920373,-0.0316989775051,0.0649350649351
0.0506743223394,0.0444996763754,0.00313971742543,0.0234806629834,-0.0175119214993,-0.00598803679929,-0.0461278722424,-0.0146228016091,-0.0043795620438,0.0252587842975,0.00705881688582,0.00680272108844,-0.0141620915033,-0.0251036373135,-0.033519612996,0.0368715083799,-0.0321999222787,-0.00343039372728,-0.0271081925202,-0.00645161290323,-0.0452341876307,-0.0515607684933,-0.0521126760563,-0.0264690196078,0.0363837471651,-0.0542012676986,-0.0728601019812,-0.00696864111498
0.110630997013,-0.00542338599735,0.0125195618153,0.0357614035088,0.0270444111364,0.0448451883748,0.0604497409326,0.0125570683189,0.0733137829912,-0.0109489051095,0.037382208054,-0.00473081081081,0.0629834810904,0.0600846272157,-0.0115607150256,0.0387931034483,0.0249530499561,0.0584880733945,0.163984579715,0.038961038961,0.0575790087464,-0.0153862311611,0.0401188707281,0.102718867724,0.0573038161024,0.112703698341,0.152619589977,-0.019298245614
-0.0715184803753,-0.0334878504673,0.00309119010819,-0.055373608207,-0.00658163118734,-0.135809635558,-0.0390898768144,0.0980835384792,-0.0573770491803,-0.0433594095941,-0.143018918919,0.029193242844,-0.0332632293249,-0.060729701784,0.0175457638283,-0.0414937759336,-0.0441835756304,-0.0655496155153,0.0239380510113,0.03125,-0.0158500519367,-0.0593733333333,-0.0442857142857,-0.0867593252832,-0.0761723456552,-0.0360522777545,-0.0523731225296,-0.0322003577818
0.0233546955879,0.146655733562,-0.0354391371341,-0.006208,0.0174696861472,0.031132646012,0.13220356909,0.00102652654579,0.0449275362319,-0.0501447253921,0.024968225985,-0.0428770448549,0.0645161290323,0.0603472377544,0.0448257471264,0.0800865800866,0.0481126839631,0.142031899856,-0.0530532374101,0.00606060606061,0.0112044817927,0.0609097481112,0.0284005979073,0.0750016,0.0681818840517,0,0.015642987517,0.0129390018484
-0.0846630938761,-0.0245970208326,-0.0407335463259,0.00902263319654,0.00592030468395,-0.019410566043,-0.0104784556628,-0.0358989102509,0.0110957004161,-0.00812184060401,0.0365384615385,-0.0130933293931,0.0161624242424,-0.0467483158214,0.00330209602129,-0.0175350701403,0.00900188071747,0.00609136066378,-0.04179126249,-0.0301204819277,-0.0360110803324,0.0668056223612,0.00581395348837,-0.0297673975555,-0.00841115916626,-0.0356188873541,-0.00205338809035,-0.0401459854015
0.0880863101112,0.0605187319885,0.059115991186,0.072213480055,0.0612110543819,-0.00439726707487,0.0295007742819,0.0638308783726,0.0699588477366,0.0614125877791,0.146567717996,0.0754189944134,0.0178926299065,-0.0341149542921,0.114035087719,0.0790413054564,0.0740402827878,0.0827445687272,-0.0237859643781,0.0201863354037,0.0215517241379,-0.123290416312,0.0187861271676,0.0738238560708,0.0988020511249,0.0470914644388,0.0195456790123,-0.0475285171103
0.176783555018,0.0237782608696,-0.000784905660377,0,0.0238506657579,0.0250350248142,-0.0110213143402,0.00700064810897,-0.0269230769231,-0.0270010059803,-0.0323624595469,0.027921038961,0.0214827957166,-0.0176617351742,0.0305102362205,0.0420604914934,-0.00332205855304,-0.0214366875129,-0.056852884228,0.0700152207002,-0.00633023909986,-0.0223142857143,0.0141843971631,0.00268,-0.0172574371336,-0.00352748617225,-0.0151346359389,-0.0339321357285
-0.0011302918208,0.0444580815309,-0.00786781070929,-0.0153944994427,0.0400863357995,0.0316095748402,-0.0237735653929,0.0489067608491,0.0131752305665,0.00198216369818,-0.0066889632107,-0.0385334565089,0.0678792106151,0,0.0324737841051,-0.0231292517007,-0.0583326172125,-0.0104746666667,0.0398330072474,-0.0113798008535,0,0.0730588269675,0.0167832167832,-0.0195903549915,0.0291129040432,0.00796531273243,-0.0122950819672,0.115702479339
-0.0642937969345,-0.109275730623,-0.0103105341024,0.0136818383654,-0.05,-0.0271581207137,0.00913242009132,-0.0201184592188,-0.0507152145644,-0.00197824249771,-0.0488215488215,-0.0289093298292,-0.0859444326271,-0.011234317323,-0.0693788260926,-0.0863509749304,-0.0327435984896,-0.0596726703789,0.0931640806159,-0.0187050359712,0.00707714884886,-0.0574498216182,-0.0041265474553,0.00363305557412,-0.0193093259464,-0.0201936257584,-0.00414937759336,-0.00555555555556
0.0944920844327,-0.0320958630528,-0.00160256410256,-0.054628277635,-0.0537290571162,0.0322119734825,-0.0558081447964,0.00483185956729,-0.0712328767123,-0.0475719287563,-0.0212389380531,-0.0121786197564,-0.0225284838171,-0.0113656465593,0.134193240557,-0.00609756097561,-0.0137236311556,0.0122824773265,-0.062496969697,0.00293255131965,0.00281321468808,-0.0948150074402,0.0124309392265,-0.0398189468685,-0.0471599340168,0.0456989693584,-0.02396,-0.0409683426443
-0.0235548189443,-0.01179070091,0.0321027287319,0.012236587069,-0.0260716957727,0.0145624011861,-0.0335463687494,-0.01538553979,-0.0516224188791,-0.00520125735901,-0.0289330922242,0.058904109589,-0.103204892349,-0.0528740773876,0.0297984642222,-0.000511247443763,-0.0788503879713,-0.0323558627205,-0.0242423458833,-0.0438596491228,0.0623674143042,-0.0236848825332,0.0190995907231,-0.0433552597847,-0.0389222661397,-0.0257073044711,-0.0138723822794,0.00194174757282
0.111356856291,0.00596569012296,0.0147757387247,0.0483546523623,0.0452119380992,0.0266591138021,0.0611584279781,0.00976578505509,0.144634525661,-0.00627615062762,0.0391061452514,-0.00776196636481,0.144133949377,0.0849548953856,0.0697873290721,0.0424552429668,0.044310898118,0.0616492177234,0.0455418781221,0,0.0343007915567,0.0472601843981,-0.0120481927711,0.0502446498607,0.0869988402348,0.0131928036559,0.0790025974026,-0.0290697674419
0.00411903549776,0.0252038248138,0.015325651708,0.0384369388207,0.0614691056133,0.0466029464175,0.0677570093458,-0.0386853474325,0.0380434782609,-0.00947536842105,0.10752688172,0.000650847457627,0.00390468444947,0.0738225574165,0.0556882172642,-0.0230618253189,0.0810028316512,0.0354330708661,0,0.0107033639144,0.00956734693878,0.0329207186676,-0.00406504065041,0.0506566604128,0.0772763961055,-0.00173545369614,0.0100301063673,0.0758483033932
0.0216168879056,0.0672438846058,-0.0603772855821,0.010488350883,-0.0198402586338,0.00254567757896,-0.0496,-0.00402349433298,-0.0471204188482,0.0350708354021,0.00647249190939,-0.0482085193053,-0.0369642311006,-0.0499981419609,-0.00828817879509,-0.0100452034154,-0.0276544535463,0.0152091254753,-0.0485134210326,0.018154311649,-0.0397988226923,-0.0720244212053,-0.0258503401361,-0.05,-0.0456875136093,-0.0808703777476,-0.0546161741667,-0.038961038961
0.184299571396,0.0392953929539,0.0160642363833,-0.00976800976801,0.0188736721858,0.0247455671183,0.0437452570932,0.0303035221555,0.0453296703297,-0.0574948665298,0.0096463022508,0.0260096109619,0.0272727272727,-0.0197360700684,0.0858650455927,0.0460428209031,0.0348618275551,0.0627355805243,0.0645195663177,-0.00594353640416,0.0236842105263,0.0203563169723,0.0153631284916,0.0112781954887,0.016556096412,0.000946512483926,-0.00525378151261,0.042471042471
0.020419047619,-0.0208604954368,-0.00553485465947,-0.0203462392109,0.0185240552397,0.00742969642272,-0.0860295129759,0.0078418604814,0.00919842312746,-0.0348583877996,-0.0509554140127,0,0.0757120943953,0.00447288517418,-0.0552823572091,0.0272824489327,-0.0124106034901,-0.00352422410682,-0.0508370661395,0.0612855007474,0.012853470437,0.117211440245,-0.0137551581843,-0.0706319702602,-0.0123258642827,0.0359175434323,0.00422387197275,-0.0333333333333
0.0541700888524,0.039282023968,-0.00556311605723,-0.0283187195154,0.0289926588371,-0.00737490313131,0.00965600599325,-0.00972605523357,-0.0377604166667,-0.020316027088,-0.0184563758389,-0.0166767356123,-0.0201082413954,0.00445296756159,-0.00370488888889,-0.0169971671388,0.00718089263412,0.0353668818859,-0.0442795185805,-0.0394366197183,-0.00317157360406,-0.0368285714286,-0.0432357043236,-0.0309984,-0.00757529476449,-0.0994524551921,-0.0399580062385,-0.0210727969349
-0.224528101427,-0.0627802047096,-0.0391698939474,-0.0466321243523,-0.016393442623,-0.0154803645164,-0.0549819569836,0.0314343190575,0.00270635994587,-0.0599078341014,-0.0410256410256,-0.031887109905,-0.0167910322455,-0.0731716086536,-0.0698885589752,-0.0547550432277,-0.0597149628674,-0.0691729200028,0.0247862068966,0.00879765395894,-0.0490143358224,0.045192963721,-0.0276967930029,-0.0670810037878,-0.0300843336411,-0.0466069517941,-0.062429901301,-0.0880626223092
0.0530209617756,0.0123034725321,-0.0282861896839,0.0271739130435,0.000520052005201,-0.0314455204583,0.0430017443531,0.059046482207,0.0863697705803,-0.0674039215686,0.0730837789661,-0.0357382320821,0.0806435820542,-0.0191367699088,-0.0151865901667,-0.025406504065,0.0502379540757,0.0348623853211,-0.289163761659,0.0348837209302,-0.00468647925033,0.0421320013055,0.047976011994,0.0221238938053,0.0189816377978,0.0998935018212,0.0292037383178,-0.0128755364807
0.0329169919334,0.0189061240717,0.00513698630137,0.0410052910053,0.0255092860998,0.0181816278242,-0.0452702283204,-0.0530569778476,0.072049689441,0.10118496964,0.0581395348837,0.0101744186047,0.0482887081922,-0.0146335868503,-0.00649350649351,-0.0469238790407,0.084836944747,0.0274836879433,0.0266222331623,-0.0238764044944,0.0221934334294,-0.00319997821291,-0.0400572246066,0.0119064935065,0.0822354652901,0.0125613298509,0.0612940954263,-0.0434782608696
0.0984170970315,-0.0682581118536,-0.00511073253833,-0.0393900889454,-0.0446712283369,-0.0274239953275,-0.0745138523379,-0.00664828680719,-0.0336037079954,-0.0262529832936,-0.0565149136578,0.0280564028777,-0.0762130653266,-0.0643566144744,-0.093137254902,-0.0634573304158,-0.03910124243,-0.0698891183584,0.0187203747764,-0.0330935251799,-0.0664463157895,-0.0832479543188,0.00447093889717,-0.104812654866,-0.0738871802427,-0.0267170665227,-0.052404795559,-0.0431818181818
0.017048277971,0.0519214793741,0.013698630137,0.113756613757,0.0648243564498,0.0459022494386,0.140897553006,-0.039197412329,0.0731414868106,0.104164705882,0.0648918469218,0.00769881897698,0.0435154400501,0.0846556761,0.027027027027,-0.122663551402,0.0883107150803,-0.012987012987,0.107506246153,-0.0684523809524,0.0465093203559,0.046566034362,0.0489614243323,0.0585403898869,0.0398910255136,0.00196003963012,-0.0259611738149,0.0356294536817
0.0419438493629,-0.000677213601392,0.0101351351351,-0.00178242280285,0.0329350497535,0.0833862352565,0.0721732620197,0.0258717940063,0.00558659217877,0.0477266108353,-0.0375,0.0159711111111,0.0599479130828,0.00244024948288,0.0666666666667,0.0306258322237,0.0127293022755,0.0958646616541,0.0664029294448,0.0654952076677,0.0127957040223,0.00223538457158,0.00990099009901,0.0767494356659,0.0392308722009,-0.0283756903164,0.0127481116999,0.160550458716
0.241568372831,-0.0263859269283,-0.00585150501672,-0.0059488456384,0.0357484920236,0.00520647693195,0.00972386520501,0,0.0388888888889,-0.00317966101695,-0.0811688311688,-0.0225553220017,0.0377055984955,-0.0851574212894,0.0805921052632,-0.0290697674419,-0.00785498489426,0.0334490566038,0.05270257841,0.127436281859,0.0106382978723,-0.167592447898,-0.00980392156863,-0.0566037735849,-0.0138422471455,-0.0241685027537,-0.0102993135011,0.132411067194
-0.0719930273097,-0.0326626461013,0.0496201182572,-0.00897571176609,0.0111929103358,-0.0184216046827,-0.0214826666667,-0.0164896251476,0.00855614973262,-0.00956260924567,-0.0106007067138,0.0223776223776,-0.00473933649289,0.101062636927,-0.0981747336377,0.00133067198935,-0.047505722049,0.0995849300117,-0.0068295666356,-0.00265957446809,0.0256568421053,0.00933542683551,-0.0919377652051,-0.0311111111111,0.0701827223153,0.0257995550302,0.0277457160614,-0.0610820244328
0.0132740592324,0.0323287356322,0.0160256410256,0.0175111111111,0.0345953797543,0.0486800646067,-0.00832642946426,-0.00394413415691,-0.0371155885472,0.122317596567,0.00357142857143,-0.00273597811218,0.0349219047619,0.036230464925,0.0869212987967,0.146843853821,0.0457183488894,0.0566024976875,0.00802017506561,0,0.0153965520426,0.0290492213524,0.0436137071651,0.00114862385321,-0.0107295108407,-0.0311879938254,-0.095611420673,-0.0669144981413
0.0434406475932,0.00417536069549,0.00157728706625,-0.00237388949449,-0.0503782812015,-0.00223634163365,-0.0603059910266,-0.00792127164605,0.0396475770925,0.0248565965583,0.0658362989324,-0.0281218106996,-0.0107374101381,0.0606062896885,-0.0194111801242,-0.0341830822711,0.0174883625926,0.06,-0.0852218181818,-0.0293333333333,-0.0404295232551,-0.0474868137827,-0.0238805970149,-0.0045818930916,-0.0498187946817,-0.0176526041658,-0.080847761194,-0.0378486055777
0.226726282127,0.0582119936665,0.0566929133858,-0.0797145315546,0.0328641037083,0.0156949011003,0.0251834608396,0.0279449262399,0.0021186440678,-0.0457104477612,-0.0717863105175,0.0275240960046,0.0325581395349,-0.0219783744485,-0.0134587660602,0.113377324535,-0.0570310869743,0.0592991913747,0.0807428725891,0.0123626373626,0.0302809424296,0.0148182649347,-0.0565749235474,0.0747966401903,0.0739939530527,0.0433408585916,0.0311253718547,0.0269151138716
-0.146564001062,0.0124416372583,-0.014156780924,-0.0478345678961,0.0822714101177,-0.0237311361048,-0.000793027444074,0.0145624672817,0.154334038055,-0.0381216627514,-0.0467625899281,-0.0267868131868,0.108859459459,-0.00674131918507,-0.0489579454254,-0.0511853448276,-0.0886504459484,0.0298992366412,-0.0701202018567,-0.0881953867028,-0.0453664361574,-0.0995954307473,-0.0097244732577,0.00214132762313,0.0476376550339,-0.00101363976881,-0.0341207349081,0.0241935483871
-0.010097010493,0.166882276843,-0.0158621123361,-0.00203557587028,0.0327585928805,-0.0373087124147,-0.0832673538682,-0.0126790763632,-0.0695970695971,-0.020325203252,-0.00943396226415,-0.036697289143,0.0480698453244,0.0339390337409,0.0945148955475,-0.0181714934696,-0.0290907023171,0.0203819440327,-0.0185434235717,-0.0014880952381,0.00401606425703,0.207951820876,0.0163666121113,-0.00534017094017,-0.0646360487233,0.0486818707477,-0.0190217391304,0.00984251968504
0.0134,0.0565410199557,-0.00154836806921,0.0639455782313,0.0378201624239,0.045213380343,0.0588249949135,-0.059850417219,0.0935039370079,-0.0124481327801,0.0514285714286,-0.00805744534206,0.0109829457364,0.0262571497509,0.0493447023528,0.0156159629844,0.0561795618589,0.0187661016949,0.0440908577969,-0.026825633383,0,-0.0293042010503,0.0676328502415,0.0483333218761,0.0172745398266,-0.0270804284653,0.0290836565097,0.0448343079922
0.127125095154,-0.0215101783841,-0.0376910769231,-0.0569063938619,-0.0595602440121,-0.0365165689606,-0.0457509803922,-0.010309449132,-0.036903690369,-0.0525210084034,-0.0760869565217,-0.0118168389956,-0.00032051085443,0.0191890135118,0.022778571966,0.0535307517084,-0.040779195866,0.027332118995,0.0373961646543,-0.0290964777948,0.00666666666667,-0.0314447181568,-0.0211161387632,0.0245901639344,-0.00631949166858,0.0337978224873,0.0471085805838,-0.0149253731343
-0.12674470959,-0.0369981452027,0.0711417155662,0.0203390051135,0.00833283328333,0.0816337275002,-0.0205499859247,-0.0249996745318,0.00560747663551,0.0432354767184,0.0803921568627,0.050822122571,-0.0306807286673,0.200835883275,-0.014367816092,0.0248648648649,0.0757856515666,0.0161943169977,0.120929332619,0.0110410094637,0.0834437086093,0.0116862823326,0.0770416024653,0.034,-0.0170891924643,0.0769230769231,0.0604092544987,0.0189393939394
0.027498496176,0,0,-0.00398671520182,-0.00165239746408,0.0091628929779,0.0332182282772,-0.0373928220584,-0.0408921933086,0.0382572382695,0.0780399274047,-0.0099573257468,-0.0197823936696,-0.0644584439799,0.201893877551,0.00949367088608,0.0188991907608,-0.0204894520301,0.0228114668118,0.0635731669267,-0.0287276283619,0.0539279317767,0.0071530758226,-0.0125709864603,0.0319454884509,-0.0372767575176,0.00727274137744,0.0111524163569
0.0578461710016,-0.097995545657,0.00597014925373,-0.106737939147,-0.0852661425083,-0.12072672025,-0.0118436548223,0.0677034412514,-0.0852713178295,0.0624377685777,-0.0740740740741,0.020832183908,-0.0716448032291,-0.00744950371871,-0.0412371534139,-0.0135841170324,-0.0522762810361,0.0139453676278,-0.104464436396,-0.0627068205607,-0.0660802355391,-0.0316802045494,0.00710227272727,-0.0597468211607,-0.0470225228516,-0.0688614523325,-0.127557405646,-0.0551470588235
-0.0235070890212,-0.0333333333333,-0.00964272997033,0.0283794215139,-0.0300084714469,-0.0176180988596,0.105306092256,0.0301443185699,-0.0720338983051,-0.114645086705,0.0527272727273,-0.0584085105233,-0.0152173913043,0.0900558570837,0.00126502341811,-0.0487288135593,0.121887060338,0.00401054073532,-0.0396323785226,-0.0641627543036,0.00943396226415,-0.0842712006311,0.00423131170663,-0.117706666667,0.0838808595071,-0.0597617849354,-0.0634484158862,-0.0603112840467
0.0993954768716,0.0893997445722,-0.0322108977248,-0.0537400769674,0.0188084334516,-0.0773041272475,0.0185921221901,-0.0353175389605,0.00799086757991,-0.00979152956088,0.0155440414508,-0.0545602391629,0.0419426048565,0.0464726190842,0.0909666112107,0.0167037861915,-0.0452028147526,0.143265753425,0.0978716981132,-0.0652173913043,-0.064085447263,-0.00548571428571,-0.060393258427,-0.0330577887928,-0.0140354307777,-0.0105927818497,-0.0279800364773,-0.11801242236
0.0153423177946,-0.0656506447831,-0.0534043343653,-0.0468138717592,-0.0155664089117,-0.0147444043883,-0.0380240072858,-0.0742687885075,0.0486976217441,-0.0461538461538,-0.047619047619,-0.0664032460436,0.0222457627119,-0.0263156491033,0.0179511457567,0.0169769989047,-0.122093374276,0.0424355127824,-0.0225479143179,-0.0304114490161,-0.0542082738944,-0.285911284762,-0.085201793722,-0.0170939836992,-0.0519426539934,-0.115631181937,-0.0636363636364,-0.0892018779343
-0.0394081524104,-0.0457957340025,-0.0188074978806,-0.00241674718196,-0.0679077950843,0.00884258832717,-0.0545454890406,-0.0621469496449,-0.166306695464,-0.0529953917051,-0.0285714285714,0.0321761655223,-0.104663212435,-0.040541688009,-0.0409556313993,-0.0296176628971,-0.0614935074282,-0.0359187739464,0.0175823557544,-0.0405904059041,0.0565622926094,-0.133470327548,-0.0588235294118,0.040991719768,-0.104707730791,0.00121121413002,-0.024274433657,-0.0257731958763
0.0179704016913,-0.0368178442416,-0.02,-0.0605314744555,0.0294424828366,-0.0465260397527,0.0426421689914,-0.0385522990051,-0.0440414507772,-0.0401479318735,-0.0533088235294,-0.0213289861578,0.0474537037037,-0.0774637432911,0.0664294187426,-0.0721420643729,-0.00705687077798,0.037754565123,-0.111232444985,-0.0423076923077,-0.0128479510659,-0.00445714285714,0.0277777777778,-0.0250577565632,-0.0380789269593,0.00362720998104,-0.0563848925636,-0.0238095238095
0.109825446274,-0.0102399888164,-0.00765170068027,-0.0309278350515,0.0659222010988,-0.010608990732,0.0705700532927,0.142856183984,0.0948509485095,-0.00633512057819,-0.0155339805825,-0.00754267566495,-0.0497237569061,0.0992368774486,0.0444938820912,-0.0137559808612,-0.0822344991874,0.042603318255,0.0206541518267,0.0140562248996,0.00939868760817,0.0224141889565,-0.0506756756757,-0.0208097511682,-0.0254485408694,-0.040964544879,0.0316345353519,-0.0271002710027
-0.0347977187667,0.0813793103448,0.040272781117,-0.00709219858156,-0.058208300315,-0.348821235283,-0.0404494382022,0.00328893918008,-0.0693069306931,-0.107142857143,0.0828402366864,0.0785459459459,-0.0139534883721,-0.029514602465,0.0404685835996,0.0448756822317,0.00885089799307,0.00045987144169,-0.0464304761905,0.0277227722772,-0.0945558739255,0.00878596491228,-0.0711743772242,-0.02,-0.0207912942256,-0.0263814390453,-0.0289581709252,0.00278551532033
0.0139177399252,-0.00637755102041,-0.0131795716639,0.133034285714,0.0888471657221,0.0208558989062,0.0811859484778,0.0338801482196,0.172872340426,0.109997714286,0.0473588342441,0.0391543168731,0.200471698113,0.128802251037,0.105423132037,0.047011027278,0.0811390947967,-0.0151452848864,0.0586787688964,0.0655105973025,0.101265822785,0.147810117424,0.134099616858,0.145408163265,0.121975260501,0.127742389767,0.080701754386,0.169444444444
0.134649092854,0.0686788189987,0.025041736227,-0.120566267065,0.120620762328,-0.0494622089999,0.093863447719,0.0253696357055,0.00566893424036,-0.0682091494654,-0.0330434782609,0.0195930906925,0.0117878192534,0.058635630069,0.0569452695485,0.125277161863,-0.00811310338206,0.193849021435,0.0495245283019,0.00542495479204,0.0186781609195,0.0890181818182,0.00337837837838,0.0233870824053,0.0598577951981,-0.0160199338621,0.0146077922078,0.121140142518
-0.0447797127036,-0.126727565907,0.0488599348534,0.0358422939068,0.00514431826385,0.0769250411291,-0.0231033663366,0.0402070356791,0.100338218715,0.0897767955801,0.104316546763,0.0916482975885,0.052427184466,0.00149775821764,-0.0845386488225,-0.0463054187192,0.0920241581133,-0.0889929742389,0.115732550948,0.107913669065,0.0366713681241,0.113040381105,0.0016835016835,0.0772560134825,0.0332222811768,0.0709318198287,0.072002744327,0.152542372881
-0.0623582290179,-0.052956258597,-0.027950310559,0.0519031141869,0.00432987976126,0.10924210348,-0.0472962673473,0.000990918935753,0.0420081967213,-0.0874506209392,0.0374592833876,-0.0677048803844,-0.0156826568266,-0.0119592986334,0.00382775705685,0.00929752066116,-0.00561763960998,-0.00514138817481,0.0292093119183,-0.0551948051948,0.00952380952381,0.075,-0.0571428571429,0.0343434343434,-0.079180643654,-0.00108627869083,-0.0104501492537,-0.0551470588235
-0.00900477118473,-0.118374299638,-0.0351437699681,0.0230263157895,-0.0466480368081,0.0454567662974,-0.107800851064,-0.0396045904839,-0.150442477876,0.0777777777778,-0.0455259026688,-0.0363108628158,-0.150890346767,-0.0620265337363,-0.0619623442705,-0.0839303991812,-0.0291908291959,-0.083548664944,-0.00195380992936,-0.073883161512,-0.0309973045822,-0.0232558139535,0.00713012477718,-0.069334375,-0.0641628928951,-0.0228256750399,-0.012066394127,-0.0642023346304
-0.0272371781831,-0.121911037891,0.0579470198675,0.0787781350482,0.0662000410567,0.0217372255098,-0.0492858192141,0.0216496591127,0.0902777777778,0.0231958762887,0.144736842105,0.0278836809449,0.0518763796909,0.0387108079551,-0.0558943089431,-0.0480446927374,0.116393085118,-0.0460526315789,0.0892104206405,0.157699443414,0.0848400556328,0.0282666666667,0.0725663716814,0.0891901965327,0.119870379985,-0.00333671188683,-0.047325917132,0.035343035343
0.0316246863091,0.102252908068,-0.0234741784038,-0.0141591654247,-0.0165823080085,-0.156913585894,-0.0133786042666,-0.063570849473,-0.015923566879,-0.0680100755668,-0.0387931034483,0.012462170088,-0.0577124868835,0.043477385062,0.0947255113025,0.0504694835681,-0.0608173804229,0.126108374384,-0.0702097998779,-0.00320512820513,-0.108332307692,0.0781527860107,0.0313531353135,-0.0443159922929,0.00874486419082,-0.15736740993,-0.00481025641026,0.132530120482
-0.114129333063,-0.0493616349118,0.0312512820513,0.0612257732133,-0.0128426930122,0.0294423817032,-0.0237274898,-0.0603465027464,-0.0960086299892,0.0486486486486,0.104633781764,0.0637220144498,-0.0456570155902,-0.0342264777422,-0.0747311701082,-0.0189944134078,0.0342278520604,-0.121609798775,0.0222668302294,-0.0787781350482,0.00431343860424,-0.0751679466694,-0.0208,0.00403225806452,0.00454168798649,0.0728480219158,0.00322062021416,-0.040780141844
-0.0828629544877,-0.00626820946362,0.039625747163,-0.017094017094,0.0297973778308,0.0602639016067,0.0364583333333,0.0103214789547,0.0883054892601,0.069587628866,-0.0473612990528,0.0238268469183,0.0548424737456,0.00616392492354,0.00425250457387,-0.0506833712984,-0.00357760113225,-0.0438247011952,0.130678787879,0.0663176265271,-0.0157503040798,0.0246711748532,-0.0277777777778,0.0291180722892,0.0295926002723,0.0333342343897,0.0417336545327,0.0961182994455
-0.109506251559,-0.0747733333333,-0.00373572496263,0.00724637681159,-0.0740740740741,0,-0.0326633165829,-0.0499432555123,0.00657894736842,-0.0228934939759,-0.00142045454545,0.000663829787234,-0.108407079646,0.00152967849436,0.0021164021164,0.0461907618476,0.0385995741846,-0.0791666666667,0.0226198261168,0.0180032733224,-0.0203613327841,-0.101983465081,-0.0168067226891,-0.0331706799287,-0.0491000871236,-0.0155328122862,-0.00924501508786,0.0151770657673
-0.0396313937922,-0.0428431659698,-0.0112539999952,0.0143884892086,-0.00875,0.0211964186968,-0.0233766233766,-0.0119476275395,-0.0588235294118,0.0764489794308,0.027027027027,-0.0285703958223,-0.0694789081886,-0.0244647483977,-0.006864625132,-0.0189220183486,0.0311145268824,-0.00565610859729,-0.00573429359164,-0.0289389067524,-0.0022283566701,0.0993721103955,0.0461538461538,-0.0484358451086,-0.0113353837087,-0.0546104176163,-0.0513195678247,-0.0132890365449
0.0571836099585,0.0885028060992,-0.0366081942337,-0.0468085106383,0.0390920554855,-0.0443390515246,0.125885106383,0.0253931929317,0.0983796296296,-0.0469627435743,-0.0526315789474,-0.0102610123119,0.117333333333,0.0188106179216,0.12759181507,0.0514319111631,-0.0720870849169,0.151308304892,-0.0123571338197,-0.0596026490066,0.01265,0.0143426441151,0.0179738562092,0.0307511673363,0.133758510529,0.0205378455045,0.0491803278689,0.043771043771
-0.00137986017417,0,0.0175228139326,0.00967142857143,-0.0315533980583,-0.104640576555,-0.081101204537,0.0153298088037,-0.110642781876,0.0120192307692,0.0497076023392,0.0269534506742,-0.120525059666,0.00307597125102,-0.0565771289596,0.0572540300167,0.0108409816288,-0.0177865612648,0.06672217952,-0.080985915493,-0.036004072295,-0.0848571532027,-0.0208667736758,-0.0401251028807,-0.0348316845104,-0.0075464342992,-0.034375,-0.0338709677419
0.0596309147296,0.101870654206,0.0410229102167,0.0633751668388,0.0288220551378,-0.0143349806236,-0.0359897172237,0.0603954893642,0.0296208530806,0.0332541567696,0.0473537604457,-0.0161507402423,0.0800542740841,0.0291408220214,0.0914551455913,0.00946372239748,0.0303839233513,0.109657947686,0.000780608874922,-0.0344827586207,0.0182926829268,-0.0973747205571,0.0229508196721,-0.0160754830876,-0.00349396641792,-0.0506970876232,-0.0906148867314,0.0133555926544
0.12031643919,0.0788789429972,-0.00817961852239,0.0589062330215,-0.026796589525,-0.0022363456669,0.0146666666667,-0.0273817229639,-0.00805523590334,0.0896551724138,-0.0159574468085,-0.0287277701778,-0.0540201005025,-0.0342775115455,-0.0169421245421,-0.040625,0.0303559463434,-0.0888485947416,-0.00313,0.0615079365079,0.0217077844311,0.0684931506849,0.0192307692308,-0.00544836601307,0.0502337122126,-0.0373825050596,-0.00889964412811,-0.0790774299835
-0.0150280644577,0.0062893081761,-0.0457259370315,0.058245026178,0.0375469336671,0.00224135811842,0,-0.00675766696625,0.0556844547564,-0.0147679324895,0.0310810810811,-0.0316912676056,0.0531208499336,-0.0478385445992,0.02002721567,-0.0456026058632,0.0303025990936,0.028855721393,0.104236259492,-0.0280373831776,-0.0146519974775,0.0336615384615,0.0518867924528,-0.00656824809332,-0.0678518855879,-0.00277520814061,0.0323160712849,-0.00894454382826
0.0715336134454,-0.00703,-0.0180687911154,-0.008658017225,0.0120627261761,-0.00782720983415,0.0459921156373,-0.0102024291498,0.0769230769231,-0.0139203426124,0.00262123197903,-0.0225443171425,0.16393442623,-0.0145861476276,0.00685005567131,-0.0597269624573,-0.0212419203359,-0.0232108317215,-0.00780355747742,-0.00769230769231,0.0371722977876,0.0340933896926,0.0284005979073,0.0463064232742,0.0477311195645,0,-0.0469538697847,0.057761732852
0.0207822762474,-0.0157356214186,-0.00079872,-0.0580152793665,0.0238379022646,0.0124005700409,0.0464824120603,-0.106530186518,-0.00816326530612,-0.00325559740386,-0.0352941176471,-0.0156261904762,-0.0151679306609,-0.0378292456554,0.0616780492902,0.0205686630369,-0.100166511444,0.10297029703,-0.00500828610407,-0.0290697674419,0.000717993655047,0.0854746780786,0.0232558139535,0.0210747800636,0.0227793657502,-0.00973557467064,0.043795620438,0.0221843003413
-0.165058100451,-0.0975218576859,-0.0240191846031,0.00066119205298,0.0011641443539,0.0512246883966,-0.00960384153661,-0.00384552877165,-0.0545267489712,0.031588671024,0.0365853658537,-0.0642467897165,-0.014301430143,0.00171025933851,-0.0568126829988,0.0669828097214,0.0333947020117,-0.0511669658887,-0.0531967756184,-0.0339321357285,0.0207747851003,0.0151866060853,0.09375,-0.0247677609614,0.0144782398955,-0.0351120804671,0.013986013986,0.0016694490818
0.0436495384881,-0.0106288600477,0.0500396389964,-0.0145599095274,-0.038511627907,-0.0360178176154,-0.0363636363636,-0.0321743786062,-0.0435255712731,0.0359029117684,-0.0980392156863,0.0210016155089,-0.0758928571429,0.056311759611,-0.0326086956522,-0.000555555555556,0.0296234583919,-0.00946073793756,-0.00607438940238,0.0413223140496,0.011225811957,-0.0476124133607,0.0181818181818,-0.0116418850508,-0.00439203695009,0.0553140682882,-0.0603475862069,0.185
-0.0565918170547,0.00268432918986,0.0109375,0.040968210577,0.0291698916409,0.00439759036145,0.0830188679245,0.0186163456311,0.00341296928328,0,0.0434782608696,0.0213594936709,0.0652173913043,0.0613887790093,-0.0571161048689,0.0344635908838,0.0191792976188,0.0124164278892,0.0779144583733,0.0694444444444,0.00832978024126,0.0457138677589,-0.00510204081633,0.0449678800857,0.0374859183455,0.0386199590662,0.0770644464277,0.0857946554149
-0.0182529715838,0.0312514285714,0.0224123647604,0.00387096774194,0.0728554641598,0.0404810877749,-0.0150987224158,-0.1292427103,-0.047619047619,0.0285423503239,-0.05,0.0457023029618,0.0578231292517,-0.00304320462034,0.0635551142006,0.058570660935,-0.00256541890514,-0.0264150943396,0.0602445706406,-0.0111317254174,0.0550584390272,0.0396062110932,0.0153846153846,-0.00102295081967,0.0233793175788,0.0610881843091,0.0647361219383,-0.0116580310881
0.0730306996668,-0.0216463769401,0.00982493142865,-0.0025706940874,-0.00328587075575,0.0630893647322,-0.0389150943396,0.0269847770631,-0.0654761904762,-0.0515362561526,0.0204678362573,0.0281481481481,-0.130760986066,-0.0610672093323,0.0765639589169,-0.0137055837563,-0.0111492741373,0.015503875969,-0.0180449197861,-0.0525328330206,-0.00913241055978,-0.0144483878021,-0.0353535353535,0.0420495720212,-0.0176520831356,0,-0.0352000901122,0.00393184796855
0.149760195171,0.00973592920354,-0.00823233532934,-0.0231958762887,0.0549450549451,-0.0069213864462,0.0331288343558,0.0233591025434,0.00764331210191,-0.0470203502953,-0.0171919770774,0.00216023054755,-0.0098643649815,-0.00975834838438,0.0251517779705,0.0751415337108,0.00607001631867,0.00858778625954,-0.0197445236394,-0.0376237623762,0.00197392813806,-0.132010103424,0.119109947644,0.00492283464567,0.012684764757,-0.0675842035811,-0.0132670335444,-0.0313315926893
0.0925903599932,-0.0157756132857,-0.00603772855821,-0.0224274406332,-0.03125,-0.0219141740351,0.0700712589074,0.00570520396104,-0.0126422250316,-0.0482456140351,0.00728862973761,-0.0165337357685,-0.0323785803238,0.0246322863746,0.000846023688663,0.0234561991383,-0.0431023301432,0.0378429517502,0.0437511111111,-0.0246913580247,-0.0275952693824,0.00462061778643,0.0245614035088,-0.0284050485327,-0.0240080898276,-0.022818063641,0.00168336587124,0.00943396226415
-0.0788294749851,-0.0195903549915,0.0326487074883,0.025641025641,0.0268817204301,0.0213839121526,0.0210876803552,0.0226964220592,0.112676056338,-0.0230414746544,-0.0665701881331,0.0445894736842,0.117117117117,0.0240375245248,-0.125105663567,-0.066417212348,-0.0207217429048,-0.107566089335,-0.00598695304117,-0.042194092827,-0.0385145945946,-0.103984812307,0.0753424657534,0.0141129032258,0.0577539626064,-0.109890059042,0.0285208053691,0.0814419225634
0.0379722574926,-0.0844699953206,0.0544117647059,-0.0302631578947,-0.0324607329843,-0.00896990740741,-0.188043478261,-0.0374492974697,-0.0586881472957,0.00235849056604,0.0403100775194,0.0125962352372,0.0149769585253,-0.0375572557827,-0.137198067633,-0.0120240480962,-0.0119595831409,-0.0183861082737,-0.0234323460619,0,-0.0646522160531,0.0341408007689,-0.0329087048832,0.0238568588469,-0.0616790648247,-0.00308784770777,-0.0587277226172,-0.0765432098765
-0.117989198172,-0.0277777777778,-0.0418410041841,0.0407055630936,0.00541125541126,0.0191143552311,0.0174029451138,-0.0057627545967,-0.0330073349633,0.0152922352941,0.0521609538003,-0.0843124636489,-0.0102156640182,-0.0227650850988,-0.187010078387,-0.012677484787,0.0791441644932,-0.047866805411,0.0671760948905,0.0220264317181,0.0818946138478,0.0610425819534,0.121844127333,0.0368932038835,0.03448282654,-0.0294123781763,-0.0155951905586,0.0588235294118
-0.546736798032,-0.034693877551,0.0647755458515,-0.0280323337679,0.00753498385361,0.0750233970625,0,0.0985501846231,-0.0644753476612,0.0567806382955,0.0028328611898,0.0467925093344,-0.0355504587156,0.0515796034331,-0.115702479339,-0.0318438623523,0.0215697428492,-0.0295081967213,0.0886296561192,0.0366379310345,0.0187488888889,-0.00465819962575,-0.0851272015656,0.0224719101124,0.0500010472022,0.0622030005507,-0.0352112676056,0.0113636363636
-0.103054096184,-0.0835078224101,-0.00341872490092,-0.0201207459378,0,0.0707056350123,-0.114473684211,0.0474927511312,-0.0243243243243,0.0142526315789,-0.0254237288136,-0.00792964144732,-0.0321046373365,0.0363927460821,-0.0264797507788,0.00106100795756,0.0177375645723,-0.0326576576577,-0.0277295313468,0,0.000682754664218,-0.025,0.0171122994652,0.0265582417582,-0.101191361271,0.0795784745878,0.00912116788321,-0.0848938826467
-0.0115216271885,-0.0703592703866,-0.0363500685871,0.061601710173,-0.0128205128205,-0.0128627056208,-0.0594353640416,-0.0642325819856,0.0484764542936,0.0140558080965,0.0130434782609,-0.046511627907,-0.259213759214,-0.0656471881406,-0.0864,-0.0577636459989,0.0207463233076,0.0151338766007,0.0576466019417,-0.035343035343,0.00476730245232,0.0112205128205,0.01261829653,0.0285459003805,-0.0154519373933,-0.0792760630423,-0.0813716640048,0.00818553888131
-0.052288858501,0.233250620347,0.0142348592343,-0.0554481552012,-0.138528138528,-0.0330142294018,-0.0300157977883,0.0699872881458,0,-0.0565049040512,0.0386266094421,0.00685853658537,0.0762852404643,-0.0539220751692,0.213660245184,-0.164229471316,0.102438327132,0.0252293577982,-0.040162441618,0.00431034482759,-0.0257605703166,-0.0776517840842,0.0176531671859,-0.118821691141,-0.0246635806454,-0.0166163756914,-0.00984566929134,0.0365358592693
-0.0521506115157,0.111671629779,0.00421052158819,0.0307178492482,0.0854271356784,0.105121496843,0.14006514658,0.114467112237,-0.0752972258917,0.0824878327464,-0.0330578512397,-0.0113538366133,0.00924499229584,-0.0362708085945,0.038961038961,0.00471063257066,0.046460513488,-0.139821029083,0.109385400488,0.0708154506438,0.0577580428581,0.0704435989355,0.0561224489796,0.0846456692913,0.0747125350074,0.105990711874,0.111332362091,0.0770234986945
0.110039869518,0.00633338449465,-0.00838573485872,-0.0245043708609,0.00925925925926,-0.108943571136,0.04,0.00338545182683,0.12,0.0104384133612,0.014245014245,0.0114842266462,0.00916030534351,0.0698927387225,0.0347222222222,0.0750167448091,0.0148000509895,0.146944083225,-0.0598068965517,0.0260521042084,0.025,0.0962976660092,0.0212560386473,0.0136130671506,0.0374326532846,-0.0527788304537,0.0357782777196,-0.0436363636364
-0.0962580813688,-0.0440633093525,0.0140944168069,0.0108621978137,-0.0561926605505,0.054742689353,-0.0741758241758,0.0247468976002,-0.0752551020408,0.00929586776859,-0.0519662921348,0.00681423989613,-0.0953101361573,-0.18425484295,-0.179865771812,-0.0286604361371,-0.00694519447953,-0.0861678004535,0.00802476380494,0.033203125,-0.026314762516,-0.0307352086808,-0.0491958372753,-0.0537152319209,-0.0783504183312,-0.00439839968389,0,0.0342205323194
-0.0225449815738,0.0112887882765,0.0159821920976,0.033579619696,-0.0267314702309,0.0371980016012,-0.0845697329377,-0.0823274400629,0.0565517241379,-0.0736951053349,0.0192592592593,0.00676571428571,0.0401337792642,-0.0184797954237,0.0769230769231,0.059653624118,0.0111893187815,0.0173697270471,0.0460479399223,0.0132325141777,-0.00197863996979,-0.033237301572,0.0437810945274,0.0444638872827,-0.0581659002946,-0.0220916358874,0.0276339278312,0.00735294117647
-0.0132327936719,0.0520929457221,0.0191518467852,0.0123467314846,-0.0187265917603,-0.0275239227372,0.0210696920583,0.0275117675702,0.0300261096606,0.0530387678033,0.0436046511628,0.0141909056799,-0.0032154340836,0.0020931005706,0.0683890577508,-0.0466101694915,0.0138304178002,0,0.00217043478261,-0.0466417910448,0.0488771466314,0.075,0.0276453765491,0.0135884057971,0.00712685497946,-0.019577255075,0.067227071535,-0.0498783454988
-0.106982319449,-0.20159122675,-0.0261734228188,0.0224636713736,0.0508905852417,0.0343070013385,-0.0365079365079,0.0617000403227,0.0912547528517,0.053516983869,-0.0153203342618,-0.0220913107511,0.0516129032258,-0.0167030586164,-0.250355618777,-0.000634920634921,0.00341101326005,-0.106097560976,0.0141050381086,-0.0156555772994,0.0579345088161,0.046511627907,-0.0380333951763,0.0375334583972,-0.0188690226001,0.127495698744,0.0913388128222,0.0345710627401
-0.089932885906,0.0287928614966,-0.0544462528504,-0.0395470579255,0.0714285714286,-0.0837475567725,0.120263591433,-0.0328952649064,-0.0452961672474,-0.0707187250996,-0.012729844413,-0.0180722891566,0.10736196319,0.0318459276805,0.136622390892,-0.0343074968234,-0.0142757159981,0.196452933151,0.0304803756486,-0.0477137176938,0.097619047619,-0.0222222222222,0.0549662487946,-0.00430800439896,0.0865392008893,-0.0858318379785,-0.0216427628116,0.0928217821782
-0.0616703539823,-0.176533603387,0.00728862973761,0.0307179084967,-0.0779661016949,0.0515828547416,0.0676470588235,0.012471659919,-0.0158150851582,-0.0589480110577,0.0659025787966,-0.00920245398773,-0.0221606648199,-0.0349770278702,-0.111853088481,-0.0473684210526,-0.0144824635344,-0.216647662486,0.00363341680671,0.0793319415449,-0.00542299349241,0.0610727272727,0.0018281535649,0.0216276816609,0.00442402723971,0.0849496346536,-0.00147728613569,-0.0407701019253
0.0525591904902,-0.028758109787,0.00506628075253,0.029804469047,-0.0416666666667,0.0154905813269,0.00550964187328,-0.137737648477,0.0383189122373,0.0728929384966,-0.0456989247312,-0.0015479876161,-0.056657223796,-0.0980817901448,-0.0093984962406,-0.0165745856354,0.0132957926429,-0.0334788937409,-0.0113770235747,0.0116054158607,-0.0163576881134,0.0963861615175,-0.0739051094891,0.0296345068457,-0.0627747805781,0.0549450295212,0.101922840586,-0.0177095631641
-0.00830688818368,-0.0659508674006,0.0014398831506,0.0350975369458,-0.0191815856777,0.0635586041046,-0.0041095890411,0.0415586523524,0.0119047619048,0.03503014862,0.0366197183099,0.0472855813953,0.0975975975976,0.0945641340182,-0.0872865275142,-0.0449438202247,0.0345306253969,-0.078313253012,0.0271933054393,0.0401529636711,0.0687361419069,0.0903663415854,0.04039408867,0.0345394736842,0.0329011804732,0.00650904313996,0.0147431635389,0.0444711538462
0.113411764706,0.128239769452,-0.0467300684629,-0.069600542154,-0.0495436766623,-0.0239036147055,0.0839064649243,0.0822942476842,0.0152941176471,-0.0379471391953,-0.0896739130435,-0.0370096663327,0.0437756497948,0.0410362556387,0.0623700623701,0.100735294118,-0.10814437306,-0.0445254901961,-0.124233398724,-0.0294117647059,-0.0435684647303,0.0324656709572,-0.106060606061,-0.0794912559618,-0.109213256976,0,-0.0330230552667,-0.0978135788262
0.0377852916314,0.0932333961347,-0.000752941176471,-0.0326097186701,0.00274348422497,-0.0816325993393,0.0824873096447,0.0230418443349,-0.018539976825,-0.0341151385928,-0.010447761194,-0.00461184272018,0.0301441677588,0.0477182122492,0.00587084148728,0.00267201068804,-0.0247009965937,0.0414700015596,0.00814139534884,0.0189393939394,-0.0482637744035,-0.0206022407019,0.0275423728814,-0.0233146804836,-0.020435413914,-0.106079324718,-0.0450841530055,-0.0790816326531
0.11998045125,0.123831775701,-0.0309445664066,-0.00264375692664,0.00136798905609,-0.0168886188137,-0.0457209847597,-0.0281545999787,-0.00708382526564,-0.0165580573951,0.0165912518854,-0.016215000729,-0.10941475827,-0.0138619075295,0.0389105058366,0.157228514324,0.0107450851161,0.0886699507389,0.0207575164798,-0.00371747211896,-0.0074083123343,-0.0620153939927,-0.0762886597938,0.0167978542205,-0.0612768695486,-0.0202601251877,-0.0643755407738,0.0360110803324
0.126618181818,0.0727650727651,-0.000623052959502,-0.0287597389103,-0.0299453551913,-0.0329113481174,0.0834398034398,-0.0121897227314,0.0311533888228,0.0257257476557,0.0278931750742,0.0235478806907,0.04,-0.00980098465706,0.110486891386,0.0591134139321,-0.0243282549454,-0.101055806938,0.0623296042117,-0.118805970149,-0.0145579793341,-0.00506256422656,0.00821428571429,0.024,0.0579984615658,-0.0312574635777,0.0544342507645,0.0211764705882
-0.0691369182106,-0.0397271317829,0.0573566084788,0.0254366812227,0.0781883731411,0.112190754129,-0.00943396226415,-0.0146376914796,-0.00664206642066,0.0364145658263,0.0565819861432,0.0131288343558,0.0243956043956,-0.0126536491046,-0.0640809443508,-0.0240041746391,0.0519234311275,-0.0721476510067,0.0621170864534,-0.00542005420054,0.0231149221735,0.0499415222443,0.0260361317747,0.00815217391304,0.0168037182696,0.067089894912,0.0155452436195,0.0381231671554
-0.0247572815534,-0.0514646999561,0.011320754717,0.0443947620569,-0.00710553814002,0.0100865529795,-0.0375457875458,0.0180944020643,-0.00724368499257,0.0273648648649,0.00808743169399,0.0479593072545,-0.0188800686548,0.0683554590447,-0.0036036036036,0.023881661023,-0.0177558603594,-0.144665461121,-0.0527159109117,0.0160081743869,0.0246879839665,-0.0148282097649,0.0196789228379,0.010781671159,-0.00619696240289,-0.029719959953,-0.0146218871373,-0.0092816787732
-0.0349854227405,-0.0244663829787,-0.0202891791045,-0.0363914373089,-0.0107345821932,-0.00346189765664,-0.0106565176023,-0.0173991106286,-0.0203928905519,-0.0240052614272,-0.0186470078057,0.000231133710852,-0.0596982287339,-0.0153813540829,-0.00542495479204,0.000870322019147,-0.0685702280454,-0.0443974630021,-0.0373815967524,0.0130740864901,0.00657894736842,-0.048825256975,0.0155747418317,0.0433333333333,-0.0185002255835,0.0179083894107,0.0125202875029,-0.00997963340122
0.0263797804141,0.0392583829734,-0.00261842418472,0.0129059557812,0.0208510638298,-0.0498386914348,-0.0661665704943,-0.0298944451999,-0.0246371275783,-0.116071428571,-0.000220945647371,-0.0229924898902,0.0174418604651,-0.0190568761794,-0.141818181818,-0.084347826087,0.0263930981782,-0.0774336283186,-0.012651555087,-0.0112508272667,-0.0165165165165,-0.0511462755693,0.0461743623937,0.00255591054313,-0.0427784457794,0.0305543845627,-0.0467139912984,-0.0444353013783
0.0448704142437,-0.0356767501754,0.000596658711217,0.0285117493473,-0.0604418507712,-0.0133605040373,-0.0368692070031,-0.0553477329572,-0.0528686117094,-0.0432628168477,-0.0313812154696,0.0688268684957,-0.0530285714286,-0.0595529734528,0.0296610169492,-0.0037037037037,0.00252123000863,-0.114509352518,0.06780565937,-0.0441767068273,0.00763358778626,-0.227376265009,-0.0135436583811,0.0210325047801,-0.0422562977529,0.0411045062683,0.0648570742253,0.0101184068891
-0.0858870413632,-0.0957560900873,-0.00107334525939,-0.0358448415922,-0.121561668146,-0.0272236058567,-0.0271599657827,-0.0139202207204,-0.0012404382882,-0.00199203187251,-0.0793976728268,0.0191414029653,0.0152063721941,-0.0684069271795,-0.0864197530864,-0.0897912496426,-0.0676469376937,-0.184833240171,-0.00566666666667,-0.0175070028011,-0.00356506238859,0.0310611325205,-0.0146987562591,-0.0212234706617,-0.066757622619,-0.0187687653586,0.0142115948568,-0.0524296675192
0.1040288635,0.0457240996889,-0.029847182426,-0.0315955766193,0.0378787878788,-0.0344318450272,-0.00747417014729,0.0299192825956,-0.0192506727386,-0.0339321357285,-0.0681536555143,-0.0331125827815,0.0104612458393,0.0181769954539,-0.0247747747748,-0.0302649492093,-0.0280508066424,0.106312292359,-0.0487763995977,-0.0598717034925,-0.034168157424,-0.0732608962052,-0.0816393442623,-0.0682397959184,-0.0405948405304,-0.0404590294462,0.00400355871886,-0.0515069725596
0.0591639433551,0.0322246853389,-0.0370415948806,-0.0714518760196,-0.0211678832117,-0.0831549330234,-0.0673311184939,-0.0180030865043,0.0468552131701,-0.0723140495868,0.0303191489362,-0.0294183696384,-0.0270588235294,-0.00321301415463,0.0461893764434,0.0302375809935,-0.00818633890036,-0.141141141141,-0.0114537444934,-0.040940106141,-0.0365808483052,0.0906225895317,-0.0103534451981,-0.017659137577,-0.0252825795423,-0.0382668937336,-0.048737261852,-0.0362817168603
-0.0087420453815,-0.00446286829366,0.0172523961661,0.0227219489342,0.039025602784,0.0195303379032,0.0591308477796,0.0135417877485,0.0209677419355,0.0211581291759,0.0054207537429,0.00497454881999,0.0290205562273,0.00178955163201,-0.088851214128,-0.00775681341719,0.0387522763285,-0.157342657343,0.0427807486631,0.0529644268775,-0.0190329712583,0.0404146543537,-0.00757575757576,0.0228539576366,0.051084494734,-0.0240633261265,0.0349324639031,0.0935039370079
-0.0486349782764,0.023966000387,0.0365577889447,0.0448923499771,0.00478468899522,-0.0204551031425,-0.0937219730942,0.0328872068353,-0.0067140600316,-0.0425299890949,0.0775353016688,0.0532980315414,-0.00846063454759,0.0225232896468,-0.100667134423,0.0141559264737,0.050504806153,-0.0380082987552,0.0218803418803,0.00187687687688,0.0247917687408,-0.041020063317,0.0336241366776,0.0207084468665,-0.0649710443871,0.0610325260085,0.0121512151215,-0.0654815481548
0.0438279599209,0.0636920384952,0.0247242758454,0.0149057430951,0.0630952380952,-0.0197232400223,0.125680356259,0.0348268870763,-0.0248508946322,0.0343963553531,-0.0254944007624,0.0251366120219,-0.0163545863949,0.0195820650113,0.133620689655,0.0078125,0.0141025172133,0.187025534852,-0.0259284041485,0.0198576245785,0.0564161407535,-0.0645670886076,0.050641814665,0.00493860117459,0.0377057200085,0.0444105878136,0.0393508225878,0.047435588731
0.131056549562,0.122717552229,0.0408042578356,-0.00755939524838,0.057110862262,-0.0185970124843,0.0395604395604,0.0175001502159,0.0609582059123,0.044924025545,0.00244498777506,0.00970149253731,0.113012048193,0.0298342503032,0.152851711027,0.157622739018,-0.0613145296588,0.00755813953488,0.0259316503521,-0.00955180014695,0.052679217958,0.0771429190032,0.00652719665272,0.0181963076106,0.0513858250907,-0.0277605771974,0.0320855614973,-0.00873563218391
0.051151781075,-0.00732600732601,0.00681818181818,0.0498367791077,0.0281779661017,0.0344547442975,0.0143763213531,0.0408224384215,-0.00576479631053,-0.0265542676502,0.0560975609756,0.0195333122162,0.0197012340333,0.00732686031717,0.0194591029024,0.0280357142857,0.0231634518922,-0.0201961915753,0.0960830264479,0.0200296735905,0.023301805675,0.0504924623116,0.0276022613901,0.0185233498565,0.04764483098,0.0240209724319,0.040414507772,0.0459183673469
-0.0207612456747,0.0535793357934,-0.00462753950339,0.0167910447761,0.0294663094993,0.0766024285628,0.0254272613589,0.0319590198315,0.00599149594124,0.0136393158692,0.0108545034642,-0.0244407622204,0.0422505307856,0.0244641146081,0.00808799741184,0.00660066006601,0.0122430019624,0.133686690224,-0.0714722052535,-0.0265454545455,-0.00932694731535,-0.030844590716,0.0467637540453,0.00409836065574,0.0186138283382,0.0123926417525,0.0260956175299,0.00133037694013
-0.066913455606,-0.0372653404315,0.00986506406622,-0.00316004077472,-0.00460368294636,0.0216536046736,-0.0317073170732,-0.0522601560245,0.0441882804995,-0.0173002990175,-0.0105094813799,0.00212314225053,0.00122224485639,-0.00129177840277,-0.120346598203,-0.0288179465056,-0.00273142207066,-0.0353246753247,-0.0271381578947,0.0366081434442,0.00339270568278,-0.0409674234946,0.0316895965373,0.00612244897959,-0.018968692936,0.022512292715,0.0254319549602,0.0403011514615
0.0116013464775,0.00101862630966,-0.00348079946104,0.0290418243174,0.0737985119646,-0.0121108005517,0.0375734676742,0.0150394477318,-0.0211591536339,0.0495544446859,0.0334795659201,0.0290254237288,0.0860630722279,0.107592055929,0.0908427581175,0.0575692963753,0.00925826424078,0.23155627356,-0.062045646661,0.076036036036,0.0404902789518,0.124034997427,0.0292178603536,0.0940669371197,0.0608347812033,0.0611376017966,0.0545248012117,0.0483184333759
-0.0339889476499,0.0308184329118,-0.00732394366197,-0.0335883931233,-0.064606741573,-0.0268196630168,-0.014768359296,-0.0128040528818,-0.0375939849624,-0.00248498653966,-0.0647899910634,-0.0304714844554,-0.0206069689022,-0.0478414862731,-0.0267558528428,-0.0104166666667,-0.062015567368,-0.0358548316572,-0.0185652487383,0.0217682518419,-0.0350962710212,-0.00457875457875,-0.0780317367885,-0.0353418308227,-0.0368976611083,-0.0809822716091,-0.0305206463196,0.0010152284264
-0.0922679461155,-0.00183330982936,0.0309875141884,0.0297172236504,-0.01001001001,0.00157424334755,0.0164271047228,0.0264943657604,-0.0041015625,-0.0124558854059,0.0384615384615,0.0408791675515,-0.0436113236419,-0.0312488356207,-0.020618556701,-0.0353140916808,0.0236913646366,-0.105215419501,0.0424242424242,-0.0419534578827,0.0103561505431,-0.0533578656854,0.0426338228328,0.0128528528529,-0.0136149838645,0.0199459125186,0.032962962963,0.00912778904665
-0.0300196516907,0.0189319016671,-0.0124408235165,0.0122828040743,-0.041456016178,0.0117914363941,-0.107474747475,-0.0286989590383,-0.0149048833105,-0.0344755097751,-0.00828157349896,-0.00540650821177,0.0146,-0.00348081385659,0.0642105263158,0.0327349524815,-0.0278530068652,0.0329447541814,-0.000880902043693,0.0232637700992,0.00283333333333,0.000719144800778,-0.0231712857792,-0.0455407969639,-0.0311180250398,0.0131103851444,-0.0433847257081,0.00341708542714
0.0144613664943,-0.0726566833056,-0.0133779264214,0.0265364506264,0.0337552742616,-0.0341853305313,0.00294250792214,-0.0301068400883,-0.0340434003584,-0.0470280862182,0.00255161215495,-0.0184615384615,-0.0341021092056,-0.0787044482326,-0.0916584240026,-0.0263292433538,0.0276829259376,-0.190382728165,0.0298007406101,-0.0471414242728,0.0157055010803,-0.00922562977062,0.00589147286822,-0.033175944334,-0.0693082691003,-0.0205778777207,0.0206146926537,0.0402644230769
0.180084016252,0.0294557416268,0.000225988700565,-0.00826446280992,0.0255102040816,0.0104580801235,0.0340780862108,-0.00747277089062,0.00989282769992,-0.00411240575737,-0.0277649236465,-0.00783699059561,0,-0.00137550621422,0.037386569873,-0.0141769493305,-0.0909092202719,0.121818181818,0.0666095890411,-0.0245614035088,-0.0535056860018,0.0781776836823,-0.122071516646,-0.0546202287624,0.034770081723,0.00758100849073,-0.03323540213,-0.0179087232813
-0.00379318394024,0.0254175744372,-0.00926344328965,-0.00794573643411,-0.000995024875622,0.0265918696787,-0.000436490615452,0.0496140697066,0.015306122449,0.0461114934618,-0.026653974298,-0.0488678251711,-0.0265306122449,-0.00862448697063,0.0517844646606,0.0150909897914,-0.0466675745352,0.0383576445165,0.00272917001124,-0.0143884892086,0.0135707494165,-0.0420545454545,-0.0105337078652,-0.0337139749864,-0.00927843615811,0.0343952878456,-0.0131054131054,-0.00411764705882
-0.0502020971238,-0.0695467422096,-0.0111744583808,0.0181676108615,-0.0667330677291,0.0259030589118,-0.039519650655,-0.0068037123846,-0.0301507537688,-0.00833333333333,0.00611246943765,-0.00298970213708,-0.0358490566038,-0.0365365559509,-0.0385894876913,-0.0842151289899,0.00388477041926,-0.102497398543,0.0166506564201,-0.0302919708029,-0.0205526181136,-0.0154117714047,-0.0626330731015,0.02307259426,-0.0331559924823,-0.0340828795877,-0.0300230946882,-0.0232329198661
0.0555075860368,0.083574364439,-0.00841789667897,0.0308902532617,-0.013447171825,0.0455098104342,-0.0634235053421,0.0351835741105,0.108393782383,0.0389208314905,-0.0797083839611,-0.0265437583296,0.0676233963905,-0.00325015189336,0.00795847750865,0.029602750191,-0.0250764215888,0.0266666666667,0.0188976377953,0.0398946179902,-0.0417936438833,0.118072289157,0.0463751656256,0.0313531353135,0.00418681571731,-0.035068091072,-0.000595238095238,-0.0139084861923
-0.184468855907,-0.0574599606631,-0.011512966624,-0.00241950493207,-0.0199048031155,-0.0195245784102,0.043932038835,-0.0160995718093,-0.0084143605086,-0.0532141336739,0.058357538949,-0.000114090131204,-0.0230142566191,-0.0260859986046,-0.00446275317542,-0.0182711927286,0.0431872285385,0.0316205533597,0.016228748068,0.00506695620702,0.0115402089959,-0.00387931034483,0.0175470332851,0.00533333333333,-0.0059949431627,-0.0138244413306,0.0700813976573,-0.177228127555
-0.0312388049008,-0.0192279028171,-0.00211764705882,-0.0126865671642,-0.037527593819,0.0486731845651,0.0186003255057,0.0185460964129,0.0537431642467,-0.00494604316547,0.000499001996008,0.0443861250571,0.0329372524494,-0.0104175307097,0.00137931034483,0,0.00837217081416,0.0339354132458,0.0121673003802,0.0406913935902,-0.0185950413223,-0.00259627866724,0.0204444444444,-0.0387267904509,0.0411750606705,-0.0590098698851,-0.00649350649351,0.0968944099379
0.010576140818,0.00501519756839,-0.036783777411,0.00831443688587,-0.0506880733945,-0.00492089993509,-0.0239671307921,-0.049089579918,-0.0246957766643,0.00790781744239,0.00598503740648,-0.0124549328089,-0.0256306760848,0.00864883812194,0.0426997245179,0.00623523854511,0.0176610932845,0.0344097406035,-0.0455296769346,-0.00346020761246,0.00109839816934,0.031010845987,0.0174216027875,0.000413907284768,0.0020171907238,0.0297946496094,-0.0112044817927,-0.0385050962627
-0.00204918032787,-0.00453651897777,0.0134638922889,0.0438530734633,0.0202947571877,0.0193621900326,-0.0149672591207,0.00694419714398,-0.0422018348624,0.0266756332661,0.0146256817055,0.0144927536232,-0.00372825186413,0.0152795458065,0.00924702774108,-0.00610271336025,0.0330746495074,-0.068065506653,0.0275503778338,-0.0270833333333,0.0103319008869,0.0452433851747,-0.0333904109589,0.0064818645704,0.00452308063432,-0.0296325951178,0.0202077431539,0.0164899882214
-0.0508213552361,-0.0475467112259,-0.0157004830918,-0.0152603231598,-0.0165758939143,0.0493625678372,-0.0244539411206,-0.00633877826134,-0.0116858237548,0.0598253275109,0.0117273393599,-0.00392584514722,0.035343035343,-0.0491930143092,-0.0772251308901,-0.016625732099,0.0133524067554,-0.0719384953322,0.0125631990195,0.0724482512491,-0.0171945701357,-0.0295974235105,-0.0550930026572,0.00794738284461,-0.0452958783724,-0.0175530514721,-0.023509811181,0.0199304750869
0.0441165108553,-0.00622009569378,0.00736196319018,-0.00911577028259,0.0154105465928,0.0153286498751,0.000243368216111,-0.0365836552251,-0.0232603217678,-0.00061804697157,-0.011108427916,0.00832056054303,-0.016265060241,0.0193069229445,0.0336879432624,0.0265129682997,-0.0266358686784,0.0656804733728,0.0364654259343,0.00732113144759,0.017955801105,0.0475092097839,-0.00524934383202,-0.0108754758021,-0.00314423033733,0.0327963457709,-0.00549763033175,-0.0081799591002
-0.0195352967293,-0.0844166265447,-0.0219244823386,-0.0301747930083,-0.0282191131136,-0.0350074227172,-0.0413625304136,-0.0262902268939,-0.0464377852749,0.00329828901257,-0.0644688644689,-0.014657980456,-0.0620534803021,-0.0367422933702,-0.0408233276158,-0.0646640464159,-0.052401048267,-0.0932815102721,-0.00642335766423,-0.00792864222002,-0.0583446404342,-0.00990099009901,-0.0350546551074,-0.0599230346344,-0.0423346700912,-0.0291481554469,-0.0468928707587,-0.0371134020619
-0.0636226415094,0.00929009640666,0.0271481942715,0.0552077404667,-0.039775500244,0.000674068738703,-0.0543147208122,0.0139999509009,-0.0378772112383,0.0262995685227,-0.00365439832942,0.0104683195592,-0.117519042437,-0.0727485762338,-0.0675965665236,-0.0348174087044,0.0153600457036,-0.113900796081,-0.0243902439024,-0.036963036963,-0.0182516810759,-0.027008,-0.151171875,-0.0321637426901,-0.038716821099,-0.0629705188619,-0.038,-0.0185581727338
-0.0218425082615,-0.081104550191,-0.0264306498545,0.00359582883855,-0.106734434562,0.00471530273276,-0.0539452495974,-0.017752990012,-0.0482370754921,0.00500500500501,-0.000785957558292,-0.0161395856052,-0.107274969174,-0.183628822556,-0.0951285001918,-0.0324453197885,0.0158853467347,-0.0324809951624,-0.0284638554217,-0.0186721991701,-0.0660469667319,-0.0945537065053,-0.176254026691,-0.28247734139,-0.135959459504,-0.1026323727,-0.070893970894,-0.0758787878788
-0.0318061964403,-0.01701001701,-0.106849315068,-0.061089215335,0.00142247510669,-0.0682753940941,-0.0757446808511,0.044178542619,0.0745454545455,-0.0432270916335,-0.0553224960671,-0.101086233651,-0.00524861878453,-0.0701323042418,-0.0966511233574,0.0156417398757,-0.0470587494847,-0.102857142857,-0.0449542706557,-0.0584918957012,-0.0396018858041,0.0535759689078,-0.0837988826816,-0.0610526315789,-0.0905801890533,0.0449946678645,0.0319982098904,-0.00472193074502
-0.0553191489362,-0.00422995577774,0.0900725041829,0.0574317878268,0.0693181818182,0.0421826580471,0.0435850214856,0.0634597721869,0.0524534686971,-0.0403914220279,0.140716069942,0.0320591861899,0.0502638156068,0.00670365756992,-0.0610042233693,-0.0220464135021,0.067667484537,-0.0525477707006,0.0858626846291,0.0228293413174,0.0566161230501,0.0103426877198,-0.0121951219512,0.0594170403587,0.0679753164347,0.0483323878755,-0.0464006938422,0.0622034791776
0.0424324324324,0.12067966789,0.0473266820159,0.00631540959942,-0.0223166843783,-0.00193495219694,-0.0458823529412,-0.0146458205534,0.0271302250804,0.00130180082447,-0.00243309002433,0.0627240143369,0.0145425700687,0.0382893523205,0.111444277861,0.0624528098371,0.00409823389317,0.264705882353,0.0179372197309,0.0376875228686,0.0164154449721,0.0108851429741,0.13024691358,0.0984126984127,-0.0660323434833,-0.00105992775756,0.0604820372897,0.0918114143921
0.110534958085,0.000344589937974,0.0173424523693,-0.000896539358078,0.0559782608696,-0.0157774201017,0.0342170160296,-0.041842272327,0.0463705732733,-0.035752979415,0.0090243902439,-0.00562113546936,0.0675006515507,0.0235195978593,0.0962230215827,0.0355329949239,0.0196790241348,0.0770764119601,0.00176211453745,0.0405500705219,0.0747587607923,0.00526582278481,-0.0368651010377,0.0215799614644,0.125731176752,0.0742708755078,0.0334476843911,0.157954545455
0.0572762645914,0.0361694798484,-0.012725090036,0.0583273510409,-0.0321667524447,0.0188447160255,0.0524590163934,-0.0201120804996,-0.00822737471952,0.100674157303,0.0394005317863,0.00339174674958,-0.024658203125,-0.0313303767054,0.0377358490566,0.031862745098,-0.0384564842073,0.0382479950648,0.00923482849604,-0.0376143680108,0.0149324260467,0.0350559081293,-0.0445137510632,-0.00490380988306,-0.0184507849627,0.0335790442228,-0.0338174273859,-0.0151128557409
-0.0730899455322,-0.00864361702128,-0.0107003891051,-0.00695268780736,-0.00478596118054,-0.015872927562,0.0113282356273,-0.0189609743755,-0.0214932126697,-0.0075541037158,-0.01,0.00292957746479,-0.0332916145181,-0.0161718587803,-0.0442687747036,0.0320190023753,-0.0301812635194,-0.0243612596554,-0.0228031953522,-0.0394366197183,-0.00800819443151,-0.00953771289538,0.00148367952522,0.0318423047763,-0.0125355116312,-0.0250821696303,-0.0186815546489,-0.0171383021124
0.0816326530612,0.0608651911469,-0.0317109144543,-0.00136612021858,0.0358001602992,0.0789600140203,0.0182021842621,0.0201233950308,0.0385356454721,0.0141946101625,-0.0143293399107,-0.0213459161892,0.075867426204,0.0498572808956,0.114971050455,0.0124286503406,0.0023000644666,0.0901339829476,-0.0173900118906,-0.0183284457478,0.0372664977002,0.0129049163146,0.0385185185185,0.0150624540779,0.0143620816624,0.0296482399098,0.00875273522976,-0.00243309002433
-0.0167388591146,0.0398293029872,0.017009393247,0.00923392612859,0.0170234717565,0.00441960870613,0.0671067106711,-0.0332021289116,0.0311688311688,0.000405679513185,0.0023832221163,0.0243370451154,-0.010348977136,-0.023485601845,0.0526706231454,0.0444666727289,-0.0152958819898,0.0759776536313,-0.025563454848,-0.000746825989544,0.00407239819005,-0.00223120452708,-0.0567760342368,0.000723850886717,0.0566349311436,0.00737775350537,0.036442516269,-0.0560975609756
0.066676622116,0.0113999088007,-0.0761357963055,0.0149101999322,0.0461577479077,0.0182501075914,0.0335051546392,0.00807949647424,0.00305865419216,0.00304136253041,0.0266286257727,-0.0708281967948,0.14469844358,0.149118150499,0.0919661733615,0.00121887515236,0.00326260525923,0.0752855659398,0.0462589257994,0.0411061285501,0.0520054078414,0.0783964220897,0.0617059891107,0.0750452079566,0.0657531710686,0.0576422841057,0.0466722478024,0.0335917312661
0.0684586308274,-0.0210399759543,0.0205349905431,0.0100166944908,0.00169696969697,-0.00673681837743,-0.0152119700748,-0.0210409324293,0,-0.0234485546796,0.0166743862899,0.0276203111808,-0.0329296792012,-0.00511452288808,0.0283962568571,0.0115652173913,0.0380849870035,-0.0376629647513,0.0600890207715,-0.0165111270639,0.00197052775874,-0.0178512396694,0.0225071225071,0.0168208578638,0.0268999128166,-0.00603107945741,-0.0151969606079,-0.0177083333333
-0.0149371069182,-0.00568007368744,-0.0029123643103,-0.0361983471074,-0.106485963214,-0.0236743156885,-0.0744492276526,-0.0282501878853,-0.0209865470852,-0.0368453736286,-0.00478359908884,0.0146713615023,0.0191124780316,-0.0663852247745,0.00533417006589,-0.0189117166681,0.0216262553203,-0.00351229302559,-0.00167949615115,-0.0248175182482,-0.0263360410432,0.0114745570821,-0.0247979938702,-0.0254755996691,-0.0848507914203,-0.0242683307628,-0.0373604060914,-0.0222693531283
0.0707635009311,0.0353558746333,-0.00292087095061,-0.0478477105128,-0.0032502708559,0.00550739337845,0.0582763337893,0.0176962858486,-0.00567973616709,-0.0193423597679,-0.0537880521859,-0.0037015615963,0.0403104117267,0.0831231444594,0.0284019975031,0.0484535179182,-0.0220430248503,0.0443101711984,0.0026636758727,0.0112275449102,0.0151049442347,0.0289357454017,0.0542857142857,0.0263113223561,0.0578700988494,-0.00506699832474,0.0548407508964,0.00542299349241
-0.0851552795031,0.0286310766478,-0.00213049267643,0.0167507204611,0.0407608695652,0.0401453238657,-0.0511892450879,0.00103481410304,0.0291136908052,0.011396011396,-0.0244315432995,-0.00568907465459,0.0360547036884,-0.0388334957643,0.0309559939302,0.0140397793749,-0.146590392914,-0.0713596914176,-0.00796979865772,-0.0355292376018,0.0147936672723,-0.0387798603455,0.00433604336043,0.0395302679457,-0.0249984879947,-0.0250010356179,-0.00219956008798,-0.0453074433657
0.0358476474981,-0.0247897941432,0.0408326661329,0.0533215234721,0.0738903394256,0.00576336851463,-0.0179836512262,-0.0239884072953,0.0229185317816,0.0481040086674,0.0109099925614,0.0339794488557,0.0264,-0.00673699399423,-0.0574035914042,0.000906543596506,0.0500268902158,-0.0597092419522,-0.00972515856237,-0.00805832693784,0.018073316283,0.0906143423005,0.0366972477064,0.0192521877486,0.0334828967048,0.0042736858416,0.0420841683367,-0.0189830508475
0.0252998623583,-0.0151627768693,0.00769230769231,-0.00605449041372,-0.0255288110868,-0.014079767773,0.00860155382908,0.00551089886047,0.00735165412218,-0.0252222451933,-0.0225656119696,0.0119706380576,-0.00604053000779,0.0033913444644,-0.0178013741412,-0.00403458213256,-0.0204890188997,0,0.00725875320239,0.0239845261122,-0.0101323061464,-0.0141911599731,0.00937011972931,0.00889790821105,0.0417414153001,0.00496474903754,0.00480769230769,0.0129002533978
0.0456434187816,0.0348679245283,0.0089058524173,-0.0208121827411,-0.0179640718563,-0.0199656668976,0.07015130674,0.0598385651911,-0.00278019113814,-0.0409331919406,-0.00376411543287,0.00122754156902,-0.00823367967065,0.122106189929,0.12146263911,0.0255456349206,-0.0119043982484,0.133627829928,-0.017238943055,0.0275783906309,-0.0212333981897,0.0168847795164,0.0572460030944,0.0188766826551,0.053515870069,0.0503407391266,0.0172248803828,-0.0254719126677
-0.0764198813963,-0.00131271878646,-0.025472887768,0.0181441161223,-0.037093495935,0.0148290603844,-0.0408740359897,0.000199662348784,-0.0284021606552,-0.015922158337,0.0206549118388,-0.0259696834597,-0.0209527574619,-0.080859948825,-0.0121916643039,-0.0483675937122,0.0129079892052,-0.0438382854359,0.0424155283968,-0.0433823529412,-0.0340535868626,-0.0435323905046,-0.0670731707317,-0.054821564161,-0.0359036371536,-0.0602465596465,-0.0500470366886,-0.0546091015169
0.0482557754683,-0.0346136994304,-0.00621118012422,0.0132382892057,0.020580474934,0.01410275781,-0.0375234521576,-0.028026997833,0.010581061693,0.0211235955056,-0.0103652517275,-0.00675134454743,-0.0207954774884,-0.00795792448982,-0.0390355912744,-0.0321897501059,-0.0144437063502,-0.0397350993377,0.00110344827586,0.0157571099154,-0.0443808160344,0.0520950639854,0.0235294117647,0.0226542416452,0.0212407898801,-0.0305040353434,-0.0299069122599,-0.00148111577388
0.049570598636,-0.0344931921331,0.0145833333333,-0.0316582914573,-0.0137021716649,-0.00814398052515,-0.0445558340295,-0.0151318416759,0.0404614019521,-0.00506161971831,0.0366583541147,0.0238479262673,-0.0144329896907,0.0443395910718,0.0131421744325,-0.0533916849015,-0.0172403428394,0.0450928381963,0.0195646183522,-0.00189178963299,0.0350187265918,0.0118158944632,0.0446998722861,0.0639434406913,-0.0197189357329,0.0693218163563,0.037770518579,0.0768850432633
0.0894049696167,-0.0423064869947,-0.0156570841889,-0.0259470679813,-0.0825688073394,0.0447204874062,-0.10929758088,-0.0531576703492,0.00460515094661,-0.0117230701172,-0.0101034399808,-0.0556993361089,0.0248953974895,-0.0207776394331,0.00176886792453,-0.0124826629681,0.0252613159685,-0.0705583756345,-0.00135135135135,0.00833965125095,-0.00940835896508,0.0211301468669,0.00488997555012,-0.0107796810396,-0.0790867079682,-0.00620715189736,-0.0354121581743,0.0126262626263
-0.0145799966864,0.000163612565445,0.00391134289439,0.0131415379151,0.08,-0.0119706193431,0.0418848167539,-0.00153435036046,0.0229202037351,0.0326768128917,-0.00583232077764,-0.0115586272641,0.0308226168606,0.10470883567,-0.0120659211301,0.00543071161049,0.0172841157891,-0.0338612779902,0.00676589986468,0.015037593985,0.0411872146119,0.0164816683485,0.0462287104623,0.0314972383938,0.00299445205971,0.0307645105048,0.0152967570875,0.0711856721832
-0.0432662668834,-0.0147227220677,0.0103896103896,0.00333041191937,-0.018253968254,0.0401404941962,-0.0562185929648,0.00175728833499,-0.00365145228216,0.01755526658,0.00488878024933,-0.00723327305606,0.00039603960396,-0.00209042130029,-0.0381292820971,-0.0418141180853,0.00605506967684,-0.0339174674958,-0.00120967741935,-0.00925925925926,0.013244452241,-0.0153937789543,0.0441860465116,0.00246020260492,0.00477136634892,0.00763048603597,0.00301325833668,0.0156613756614
-0.00374904809326,-0.0190934750125,0.0539845758355,0.0429769392034,0.0563190514686,0.0280033198957,-0.0349417637271,0.0236781069258,0.0103281692487,0.00894568690096,-0.00705424470932,0.0188221007893,0.0306809184481,0.0133914562679,-0.0393310622484,-0.044610749344,0.0172220691215,-0.0871854885898,0.000807428340735,0.00261682242991,0.0426765927978,0.00387164423891,0.000890868596882,0.011260285838,0.0403809821008,0.0456565978637,0.122771880633,-0.00250052094186
0.0201681660493,0.0714285714286,0.040243902439,0.0371859296482,0.0255102040816,-0.00446357515069,0.120689655172,0.026560072656,0.038417147568,0.00844416297235,0.0262126408623,0.0271752085816,-0.0416746687152,-0.0272533266382,0.0267569310123,0.0773143438454,0.0356670863544,0.0564102564103,-0.0839048003227,0.00111856823266,0.0212536322125,-0.00836960160696,0.0932354250111,0.10278372591,0.123858086476,0.0362080330758,0.0538708526579,0.0131606434092
0.0317002881844,0.016429699842,0.0196951934349,0.030523255814,0.023631840796,-0.0331113551789,0.116923076923,-0.0189885058542,-0.00714512543665,-0.00397739166841,-0.0439245643352,0.0338825713623,-0.0314629258517,0.0152838897564,0.0492935635793,-0.00623229461756,-0.00428598018321,0.0570388349515,0.0726552179657,0.0391061452514,-0.0204048451345,-0.012667116813,0.0356197842459,-0.0201941747573,0.055103970851,-0.0291871774621,0.000338524035207,-0.0447422680412
-0.0127932960894,-0.0341933478396,0.00574844791906,0.0133207961135,-0.0303766707169,0.0423308825644,-0.0264462809917,0.0127608474323,0.0163121701583,0.0229087852039,0.0152309612984,0.0141414141414,0.00786261121457,0.0246631641386,-0.0538599640934,0.0105473204105,-0.0629581665423,-0.0516647531573,0.0253147235906,0.0193548387097,0.0141078838174,0.085663092242,-0.0638757861635,-0.0262914519752,0.00962862963869,0.0262556110782,0.000338409475465,0.0133822577164
-0.0561371739007,-0.0468297392984,-0.0203475080018,-0.00479430869162,-0.071679197995,0.0238419305296,-0.0110356536503,-0.0411581650826,-0.0357199055862,0.0632833367578,-0.0113133300541,-0.0216910137229,-0.00533771299528,-0.0534483400251,-0.0512333965844,-0.0262341325811,-0.0217730427625,-0.0205811138015,-0.007740557854,-0.0428973277075,-0.0531914893617,-0.0540220472441,-0.0401007768213,-0.0271370420624,-0.0374255532953,-0.0365189403318,-0.0537889039242,-0.0541001064963
0.0474848612027,0.0194158365693,0.0228704784131,0.0040404040404,0.00701943844492,0.00267449328345,0.0188841201717,0.00635172784594,-0.0280678851175,0.0106280193237,-0.00223880597015,0.0147058823529,-0.0047471620227,-0.0129305637464,0.039,-0.00675936655079,0.00156529311583,0.0828182941904,0.0207128446537,0.00110213078619,-0.0038029386344,-0.0221343241839,0.0481189851269,0.0362622036262,-0.00470766636678,0.00856567733093,0.0175187701108,0.0362530961495
0.00412111499056,-0.0523352103345,-0.0134610997034,-0.0190373007274,-0.0117962466488,0.00288907950344,-0.0176916596462,-0.037867399746,0.00369375419745,0.0133843212237,-0.0408875592122,-0.0144927536232,0.0265450020738,0.00960810780908,-0.0397818415143,-0.150204160996,-0.0597220260511,-0.0764840182648,0.0156805903281,0.045504587156,0.0726184279021,-0.00324140279196,0.0225375626043,-0.00471063257066,0.0111994815265,-0.0110408085269,0.0145818692902,0.0536723163842
0.017898877045,-0.0267389024816,-0.0379278445883,-0.0192489744399,-0.135919696148,0.00332515257962,-0.0165809033734,-0.0640128626453,0.00250920040147,-0.0115094339623,0.0137769690668,-0.0350678733032,-0.00606060606061,0.0224919561996,-0.060808553291,-0.0235670975861,0.00683182436242,-0.0723114956737,-0.00752464971458,-0.038259038259,-0.0168243953733,-0.0257832675202,-0.0275510204082,-0.0283975659229,-0.0118119311186,0.00601142170123,0.00415584415584,-0.000824912353062
-0.0188161505292,-0.00179565451607,0.00600961538462,0.0189832689833,0.0317111459969,-0.0183334520397,0.0639534883721,-0.0333499629205,-0.0397129984982,0.0555449513266,-0.0484615384615,0.0158264947245,-0.0140243902439,0.042300981321,0.0693703308431,0.0302284710018,0.0364946531991,-0.0093271152565,0.124052287582,0.0401459854015,0.0284656519951,-0.00070126227209,-0.094648478489,-0.0292275574113,0.0607555327985,-0.0108839472449,-0.0717365062942,0.0299277605779
-0.0232292677359,-0.060262637165,-0.0513739545998,-0.00678875907799,-0.0611685940353,0.0124883516872,-0.0617486338798,-0.0212493513884,-0.0234578627281,-0.0119349005425,-0.0226354082458,-0.00911713791114,-0.0319521748093,-0.0657483424096,-0.0671989354624,-0.0459456385761,-0.0327327652924,-0.0497646267653,0.000116292592162,-0.0101754385965,-0.0189584833213,-0.0543859649123,0.0113583681038,-0.026523297491,-0.0375571872201,-0.066449242118,-0.0174623815716,-0.0406813627255
-0.0546336332827,-0.0692955589587,-0.0113350125945,-0.0128755364807,0.00388978930308,0.024444698237,0.00174723354688,0.0183900969385,-0.0393238434164,0.0356881405564,0.00771987868762,0.0132774283718,-0.0481260647359,-0.0056441210008,-0.0805991440799,-0.0940517344141,0.0219508801225,-0.0877565463553,0.0436046511628,0.0315490960652,0.012883235486,0.00185528756957,-0.005730002292,-0.00824742268041,0.00268046465102,0.0342028181624,-0.00926451124976,-0.00167119281387
0.0569256443538,0.0837104072398,0.0193630573248,-0.00418679549114,-0.00387471746852,0.0109536040221,0.0563953488372,0.0268379173396,0.0194480459344,0.00530128998056,0.0114911080711,0.035632183908,0.020581655481,0.0244623810641,0.10628394104,0.0814473684211,0.0137806220286,0.21799844841,-0.0209470752089,0.0450171821306,0.034454999195,-0.00555555555556,0.0207468879668,0.0328185328185,0.0459768517875,0.0201125834202,0.00667938931298,0.00878844946642
0.0333918128655,0.0250521920668,-0.0104973756561,-0.0224773609314,0.0567260940032,-0.00868999277816,0.0308200330215,0.0356626926369,0.0501453488372,-0.0121286693619,-0.0146064376522,-0.0149833518313,0.06313020605,0.0417923606849,0.0585553997195,0.0274972624407,0.0275428906138,0.056050955414,-0.011039034938,-0.00920749753371,-0.0020233463035,0.0130353817505,0.0191960252936,-0.00359453630482,0.00697662061637,0.0111701183193,0.0244549763033,-0.112217382286
-0.023824344972,-0.0138863173486,0.0161656984087,0.0157154673284,0,-0.0231597912173,0.00907634810464,0.0259417947922,-0.039446366782,0,-0.0258029096898,0.00394366197183,-0.104742268041,-0.0356147221346,-0.0506790327923,-0.0159857904085,-0.0293806890592,-0.000603136308806,0.017836593786,0.00431463657484,-0.00226138490331,-0.00735294117647,-0.0394416131177,-0.0025974025974,-0.0177824212587,0.00823259240002,-0.00166543301258,0.0264018691589
-0.0513623188406,-0.0720991363124,-0.0285856326125,-0.021986970684,-0.0763803680982,-0.0073663221309,-0.0830687830688,-0.030344540984,-0.0426873198847,-0.0386120996441,-0.058044519583,-0.0289562289562,-0.0667894979272,-0.0449870304172,-0.0711793440335,-0.0600481347774,-0.02248182937,-0.074834037417,0.0217071791973,-0.0251156642432,-0.0273544353263,-0.0359259259259,-0.0343713956171,-0.0422453703704,-0.0338583776989,-0.0406097111359,-0.0389249304912,-0.0525836558161
-0.062393057932,0.0687980574666,0.00127942681679,-0.0174854288093,-0.00531384921953,0.00326172534023,-0.0225043277553,-0.0118546855241,0.0611476952023,-0.00555247084953,0.0574334430153,-0.00196486361535,-0.0140671273445,-0.0231116756528,-0.20848985725,-0.0167712200743,-0.0166617556454,0.00913242009132,0.0516764412969,0.0274576271186,0.0124548011249,-0.0341913177103,0.0253225035834,0.0436555891239,-0.0355342650849,-0.000447947340254,-0.0254580520733,-0.0189812590101
-0.0437984748745,0.0541461567588,0.0230002555584,-0.0262711864407,0.0186978297162,0.0526905829596,0.047225501771,0.00455941292539,0.033865248227,0.0282895961288,0.019801980198,0.0272148233932,-0.0362953692115,-0.0204769501748,0.0707166587565,0.00442708333333,-0.0171269793706,-0.0258564964447,-0.0109427609428,-0.0161662817552,0.00873015873016,0.0413683373111,0.0251630941286,0.00564481111594,-0.0360824445085,0.00201666639149,-0.0492776568375,0.00220426157237
-0.159157521641,-0.0272988505747,-0.000749437921559,-0.0577893820714,-0.0298262864635,-0.00532481363152,-0.064825253664,-0.0518261481387,-0.043903275596,0.0307692307692,-0.0493758668516,-0.0165727170237,-0.0475324675325,-0.117507778777,-0.143173758865,-0.0964480165932,-0.0725128879245,-0.0670205706702,-0.0423404255319,-0.0221327967807,-0.0234461054288,-0.0278838808251,-0.0286363636364,-0.0428900402994,-0.0287963203871,-0.0360009604022,-0.0101998334721,-0.0281036168133
-0.0121595330739,-0.0276957163959,0.01625,-0.0670607796047,-0.0388513513514,-0.0360813704497,-0.0548523206751,-0.0367765691317,-0.0242152466368,-0.0105355575066,-0.0107966151153,0.0157056058695,-0.0305426779384,-0.033684670941,-0.0926021727884,-0.0301291248207,-0.0151506096103,-0.0689900426743,0.0258831370806,-0.0363511659808,0.0264260393168,0.0726915520629,0.0435189518016,-0.00270676691729,0.000270974337499,0.0313140981813,0.00946372239748,-0.0475232587377
0.0556376169375,0.00493733383973,-0.00713407134071,0.0609900990099,0.034446397188,0.0035543707653,0.0293367346939,0.0081065465178,0.0220588235294,0.0165039929015,0.0150442477876,-0.0058690744921,0.0379746835443,0.0348588808726,0.054732041049,0.0547337278107,-0.0192827017022,0.0443086325439,0.0109366540336,-0.00711743772242,0.0137362637363,0.0395604395604,-0.0112107623318,0.0268395657419,-0.00296451813497,0.0148454369815,-0.003125,-0.0385427666315
0.01220460199,-0.021164021164,-0.114222001982,-0.0854796565883,-0.0400951410126,-0.0890979524073,-0.0681536555143,-0.0881973230206,-0.0388489208633,-0.0921787709497,-0.163615228131,-0.0832198001817,-0.186991869919,-0.053687444659,0.0335135135135,-0.00420757363254,-0.0441324991547,0.0563277249451,-0.0109254498715,-0.0483870967742,-0.0794425087108,-0.07681465821,-0.0984126984127,-0.0844346549192,-0.0908116920208,-0.0680413044594,-0.0555903866249,-0.108182317408
-0.181552876123,-0.105984555985,-0.153286713287,-0.132040816327,-0.0916814159292,-0.0543134872418,-0.184840425532,-0.184920395562,-0.165419161677,-0.1175,-0.0993745656706,-0.13907120743,-0.064,-0.115681842522,-0.0449790794979,-0.0352112676056,-0.124506682758,-0.101108033241,-0.107212475634,-0.122410546139,-0.0831861384473,-0.0927480916031,-0.0309356136821,-0.037690457097,-0.138823705203,-0.12437602952,-0.100907280372,-0.159482758621
0.00675612273623,0.0418916000864,0.200198216056,0.205266870444,0.186671862822,0.120647565206,0.0236541598695,0.0621275501858,0.110538116592,0.0771409893223,0.190200617284,0.0699079401611,0.103276353276,0.091193605548,0.0345016429354,0.0391240875912,0.211195263522,0.0254237288136,0.0572537603105,0.0643776824034,0.162018348624,0.0696171644931,0.0908383078121,0.168333333333,0.156024733032,0.193644485741,0.129707112971,0.105860805861
-0.0685991238699,-0.0882901554404,-0.105422515827,-0.0226297307842,-0.0706075533662,0.00252235725751,-0.109561752988,-0.00920068794303,-0.0793458509994,-0.0216467732146,-0.0356564019449,-0.0849690777091,-0.112976113622,-0.177518940611,-0.159343568025,-0.0729137398146,-0.0602547023567,-0.146506386176,-0.0575952271684,-0.0387096774194,-0.0786357176694,-0.136480916271,-0.0813704496788,-0.0998573466476,-0.0934594104123,-0.133104355137,-0.119825708061,-0.0576349784697
0.0714500150105,0.101841327574,0.0993846153846,0.0894211576846,0.139575971731,0.0389981701738,0.139149888143,-0.00165810472708,0.0616228070175,0.0506617038875,0.104537815126,0.102703496914,-0.028384279476,-0.00280533795445,0.103904282116,0.0875890286407,0.125382525515,0.180457746479,0.0865595325055,-0.0385906040268,0.0765209940017,-0.0259624319056,0.048951048951,0.0847860538827,0.16863965442,0.112597565861,0.0945544554455,0.0583479789104
0.066031568133,0.0728285537446,0.0400223901483,0.0241846830341,0.0198449612403,0.00440286186021,0.0687352710134,0.115944984059,0.129725263375,0.0175162369612,0.0368228849665,0.0242504996669,0.087265917603,0.170061534955,0.110096976612,0.149366030375,0.000195852463309,0.0976882923192,0.00560224089636,0.0737347294939,0.029212767651,0.0189480378587,-0.0493827160494,-0.0758217677137,0.060597669469,-0.0235914653528,0.0106286748078,0.0418465626038
-0.0281233572805,0.00192307692308,-0.0131862217438,-0.00339892665474,-0.024931590149,-0.00931506849315,-0.0264608599779,-0.0354268059731,-0.0235874931432,0.0253384912959,0.0140886410332,0.0286197476259,0.168790905959,0.00120521529528,-0.068345323741,-0.0372166323191,0.0275067298219,-0.015625,0.00690807799443,-0.026412027631,-0.0158546017015,0.0532354290959,-0.0418181818182,-0.0534302877015,0.0111629573185,-0.00169130288819,0.00984560304319,0.0130698119222
-0.0502118453079,-0.0579654510557,-0.0332697027543,-0.0251301382158,-0.0598690364827,-0.0193584070796,-0.00339750849377,-0.0432097702436,0.00149812734082,-0.0379173740804,-0.0425470332851,-0.0308587327684,-0.0294724432655,-0.0593917949466,-0.0805295091009,-0.0508687987912,-0.0408205432709,-0.0462387853692,-0.0223525506252,-0.00834724540901,-0.0180746561886,-0.0592592592593,0.00487937110328,-0.00818303273213,-0.0522983156694,-0.0244418798389,-0.0330157323288,-0.0427942101951
-0.0258162490509,-0.00774246128769,-0.0409026798307,0.0163874056343,-0.0454394693201,0.0248166948675,-0.106439393939,-0.0370979643995,-0.0037397157816,-0.0127450980392,-0.0743651753325,-0.0343207621036,0.0100212572123,0.014032252852,-0.0353929214157,-0.0116741841337,-0.0221687754889,-0.0622286541245,0.00101867572156,-0.0972222222222,-0.00712284913966,-0.0516535433071,0.00755327758295,-0.00437784138744,-0.0332804268005,-0.0126524760465,-0.0119156736939,0.00460223537147
0.00906079501169,-0.0188911704312,0.0117647058824,-0.0054347826087,-0.0305767894371,0.0236653824986,-0.0796947859262,0.0388636966867,0.0275900900901,0.00655412115194,-0.013716525147,0,0.0228502705953,-0.00502912943156,-0.023631840796,-0.0292617449664,-0.011943107689,-0.00231481481481,0.0456806874717,0.0111888111888,-0.0403030791552,0.0307695313263,-0.00321285140562,0.0113309656689,-0.000573495965866,-0.00100506765692,-0.056586270872,0.0454842931937
0.0241382639761,-0.0533696107158,-0.0488372093023,-0.0373406193078,-0.0537634408602,-0.0243010752688,-0.113311837863,-0.0419223087857,-0.0392694063927,-0.0726124704025,-0.0516556291391,-0.0582432432432,-0.121693121693,-0.0474128266398,-0.099872611465,-0.123755530973,-0.0729361035228,-0.0750193348801,-0.0290873702422,-0.162747810051,-0.0131866285906,0.00214169288503,-0.0491539081386,-0.0399665551839,-0.102468759325,-0.0347097197806,-0.0742379547689,-0.056338028169
-0.0235693410012,-0.0329427371214,-0.0250611246944,0.0232734153264,-0.0662878787879,-0.0149878774521,-0.0135064935065,-0.0764070686773,-0.0638783269962,0.0204255319149,0.0132681564246,-0.00631367484575,-0.126506024096,0.00464706515306,-0.0171242570054,-0.0798485087581,0.0101641013188,-0.123745819398,-0.0286223410179,-0.0275330396476,-0.0640054472721,0.0208037825059,-0.0358757062147,-0.0160250827382,-0.00287519043113,-0.0601874962287,-0.0116834838024,-0.0474295190713
-0.0503041421261,0.00708733424783,0.0404388714734,0.0484467455621,-0.0689655172414,-0.00503468337436,-0.116903633491,0.180759001553,0.0225426482535,0.0452460383653,-0.0248104755341,0.0180505415162,-0.0724137931034,-0.0660499240228,-0.00503959683225,-0.024867089693,-0.0345634209766,-0.13358778626,0.0347397385921,-0.0118912797282,0.00827498408657,-0.0745715609078,-0.0512745385292,-0.0908125331917,-0.146888991478,0.034101853203,-0.0357334766255,-0.0463091922006
0.0725904839366,0.118955732123,0.0524254293462,0.0199294532628,0.0610021786492,0.0265377263016,0.00655933214073,0.0712964653127,0.0754716981132,0.0482744863355,0.0929328621908,0.0304964539007,0.0966542750929,0.13719896789,0.0926193921852,0.11537108688,0.12395133023,0.100220264317,0.0498614958449,0.0297994269341,0.0908189033189,0.0655655655656,-0.0407659048796,0.0445872274143,0.169169783932,0.0592490157619,-0.00501532460295,0.115735669953
-0.0142180094787,0.0653276526679,0.0306326939593,0.0567179664534,0.11498973306,0.00985869208018,0.200829383886,0.0279438807659,0.0415512465374,-0.0865842055186,0.0394439055933,0.0245010323469,0.124293785311,0.0808448147635,0.023178807947,0.191264585304,0.0312498002952,0.0960960960961,0.0482321899736,0.0183639398998,0.0665564282761,0.069516204791,-0.0225370251127,0.185461323392,0.107396972446,0.0680842674027,0.201624194903,0.125654450262
0.0721153846154,-0.0106646353076,-0.0377777777778,-0.0628375061365,-0.0331491712707,-0.0698557327259,0.0483473112975,0.0540932746197,-0.00585106382979,-0.043125,-0.0183514774495,-0.0114201262932,0.0100502512563,0,0.0880258899676,0.0133686300463,0.0602152803168,-0.00456621004566,-0.0370519532823,0.00109289617486,-0.0281395348837,0.0256829161177,-0.0454545454545,-0.0573899371069,-0.00551630344645,-0.0379138052749,-0.0568632020508,-0.0270348837209
0.0819730941704,0.0798845043311,-0.0109699769053,0.0251440544788,0.00952380952381,0.00874635568513,0.0357647058824,0.0428079753145,-0.0467273051543,-0.00500762029175,0.015525982256,-0.0766512639304,-0.0975124378109,0.0385505775881,0.116597263534,0.0775862068966,-0.0101429283955,0.129357798165,-0.0233166039314,0.00600436681223,0.0233708223658,0.0137016801685,0.0238095238095,0.045871559633,0.0957649421128,0.0265994959604,0.0590560909316,-0.00328652524649
-0.102370689655,-0.0399286987522,-0.0113835376532,0.021972406745,-0.0864150943396,-0.0028901734104,-0.0722398909587,-0.043599986343,-0.00841908325538,-0.0249452954048,0.0340093603744,-0.011186340889,-0.0356486585814,-0.0376698483998,-0.0761854022376,-0.0631515151515,0.0251487034945,-0.0121852152721,-0.0580237661921,-0.072707542051,-0.0151208106002,-0.0952405088955,0.0525783619818,-0.0285486443381,-0.0634150944545,-0.0117567427635,-0.0328978068129,-0.0359712230216
0.0323206205559,0.0369476420349,0.0324771183939,-0.0153333333333,-0.0251961999174,-0.00115942028986,0.0719882468168,0.0295914846018,0.0128301886792,0.0305206463196,-0.00663850331925,0.00922893718369,0.0899390243902,0.0541160270959,0.0697808535179,0.0244533574848,0.027803431029,0.143914473684,0.0565973406069,0.0386190754827,0.00902184235518,0.0571802054155,-0.00992635286583,0.0109998358233,0.0452345743211,0.0196658215943,0.0764776839566,0.0665422885572
0.0203953842025,0.0426141450313,-0.0105804975693,-0.00744752877454,0.135593220339,-0.00591990713871,0.139789858383,0.0616283000714,0.00260804769001,-0.0176393728223,-0.0397934386391,-0.000737463126844,-0.11013986014,0.0726367993978,0.104043126685,0.0886587522102,0.0663010259361,0.0704529115744,-0.177691728515,0.0270422535211,0.00901960784314,-0.0158976895358,0.0831177231565,0.052452094836,0.0718556729881,0.0404754087267,0.0909905871806,0.0454810495627
-0.0494433242746,-0.00927357032457,-0.000578034682081,-0.050136425648,0.0149253731343,-0.0331620737973,0.0108216432866,0.00853519133417,0.0104050538833,0.00199512303259,-0.00980702309396,-0.0160885608856,0.0400785854617,-0.0127303407314,0.02783203125,0.0127610208817,-0.005968732043,0.0114842175957,0.00261608894702,0.0279758639605,-0.00233190827827,0.0444248994831,0.0182143923559,-0.0249961425706,-0.0192972684444,0.00686528622221,0.0110928512736,0.00390407138873
-0.0283131974546,-0.0721095510487,-0.00202429149798,-0.00251346499102,-0.0625,0.0432367149758,-0.0777160983347,-0.0737594317728,-0.0465244575211,-0.00221238938053,-0.00223642172524,0.00990099009901,-0.0272006044579,-0.130993821934,-0.160095011876,-0.0883161512027,-0.0200158265495,-0.103645176283,0.0558382257012,-0.0715048025614,-0.0335021425789,-0.0642239675529,-0.049853372434,-0.0409874980218,-0.0523072827309,-0.0336354197071,-0.0857375050792,-0.0394444444444
0.00673880030372,0.0177470577246,0.0391190959142,0.000359971202304,0.0364705882353,0.0193331789766,0.0662080825451,0.0428175185884,0.00173577627772,0.0139689578714,-0.00576368876081,0.0167855020796,0.0372815533981,0.00178034403946,0.0305429864253,0.0255057167986,-0.00425505895217,0.0148148148148,0.0218707525022,-0.00114942528736,-0.00322450624748,0.0153719008264,-0.0148148148148,0.0285478547855,0.00601166750422,0.0425675190568,0.0284444444444,0.0225563909774
-0.0242292825493,-0.00881057268722,-0.00306748466258,-0.0194314501619,-0.0264850548619,-0.00408858603066,-0.00362903225806,-0.00100022351363,-0.0452445128995,-0.0293024272906,0.00383574879227,-0.0245434623813,-0.0846125046799,-0.0148118350585,-0.0554335894621,-0.0166625827003,-0.0316248794426,-0.0189781021898,0.0123337363966,-0.105293440736,-0.000727860897695,0.00159169425,0.0272556390977,-0.011711856249,0.00244490432916,-0.0356409263934,0.00151253241141,-0.0376131221719
-0.0289855072464,-0.0231481481481,-0.027972027972,-0.0132110091743,-0.0478041197046,-0.0181320561067,-0.0291380008094,-0.0230589380303,0.0211736237145,-0.0198242847488,-0.0115210256312,-0.00179721431781,-0.0314928425358,-0.0354807452053,-0.0842533410808,-0.0499626214802,0.00282374181227,-0.0349702380952,-0.00143334925944,0.0128617363344,-0.00493687277436,0.00496613995485,0.00335468130528,-0.0025974025974,-0.0338666196211,-0.0102928285087,-0.0189859762675,0.00029385836027
0.0590049751244,0.0382938388626,0.0469064748201,0.0663815544812,0.0632653061224,0.0202090592334,0.166319299708,0.130580532868,-0.00888625592417,0.0324063433693,0.038623823434,0.0487621905476,-0.0785472972973,0.137786146196,0.0901015228426,0.096262295082,0.0540393764344,0.094834232845,0.00956937799043,0.0571428571429,0.0344855632371,0.0283018867925,0.0373860182371,0.0579427083333,0.0681437390477,0.0567240898867,0.064438091049,0.0769682726204
-0.0181339847787,0.0295782362607,-0.0351841671248,-0.0228421970357,-0.0157389635317,-0.0187841530055,-0.0250178699071,-0.0776034294598,0.0217174736003,0.0186999109528,-0.034375,-0.0246065808298,0.006416131989,0.00273776336395,0.011641443539,0.0468955616701,-0.00133571421009,0.0760563380282,-0.0207345971564,0.0408408408408,-0.00511046465917,0.0288335517693,0.0049809551714,-0.0132307692308,0.0118139283786,-0.0219199627055,-0.0144628099174,-0.025641025641
-0.0362679425837,-0.087426848732,-0.0108262108262,-0.0223054960742,-0.0296411856474,0.00986193293886,-0.0399560117302,-0.0528901980054,-0.0255460218409,-0.0144230769231,-0.0278317152104,-0.00102669404517,0.0214025500911,-0.0273250372438,-0.0598388952819,-0.0709633184779,-0.0244142471214,-0.0752617801047,0.0204476709014,-0.108482400462,-0.00173858068595,-0.0435329087049,-0.0294460641399,0.0243217960711,-0.0417744894904,-0.0359012751043,-0.0136268343816,-0.045352743561
0.00218449012015,-0.0445005829771,-0.0835253456221,-0.0476364300055,-0.0735530546624,-0.0458409926471,-0.110729285987,-0.0792195144573,-0.0574344606764,-0.0733924611973,-0.00765645805593,-0.0919101453531,-0.0815871600535,-0.0589866369076,-0.0281517747858,-0.0354243542435,-0.112787347215,-0.0297239915074,-0.0214607540906,-0.0485436893204,-0.00981633945535,-0.0330657763887,-0.0802042655452,-0.0433789954338,-0.0950455661901,-0.0877621391101,-0.0807651434644,-0.0809384164223
0.0374516991975,-0.0124059385804,0.088309239472,0.022230739747,0.0260303687636,0.032149307646,0.0124516960069,0.0925227584644,0.0205944798301,-0.0392438382388,0.0207983898021,0.0614389652385,0.0378640776699,0.0417914601901,-0.00692695214106,-0.00306044376435,0.0792123065366,-0.016776075857,0.0422876529747,-0.0122448979592,-0.000719539494723,0.0139944903581,0.0160026126715,0.0318217979316,0.0682229157622,-0.00779791654122,0.0231213872832,0.0389278876835
-0.0211059115653,-0.0242998352554,-0.029454230436,-0.0243719535058,-0.0431289640592,-0.00991600559963,-0.0627650551315,-0.0358882899184,-0.0218431454129,-0.00224159402242,-0.0282615839632,-0.0108149276466,0.00935453695042,-0.0567371355558,-0.0317057704502,-0.00345356868764,-0.0261362497186,-0.0244807121662,-0.00488258544525,-0.0564738292011,-0.0105608448676,-0.0187821488082,-0.0270009643202,-0.0134155744025,-0.0596641909254,-0.0317099074496,-0.0377401129944,-0.0715601965602
0.0223414634146,0.0194174757282,-0.00505801844689,-0.00557263643351,-0.00662836942112,-0.0137857900318,-0.0113122171946,0,0.0452998723947,0.0184722915627,-0.0341562394319,-0.0186325839236,-0.0106580166821,0.016408987076,0.0576293385724,-0.00590424849185,-0.00900804664451,0.0403041825095,-0.0656542056075,-0.00583941605839,0.0114821702919,0.0415320719889,-0.00396432111001,-0.0317286652079,-0.0125096136176,0.00378906583858,0.0157350868953,-0.0191862388356
0.00477144765722,-0.00331262939959,0.0167464114833,0.0131400966184,0.0418149466192,-0.00967741935484,0.0205949656751,-0.05061547243,-0.0307222787386,-0.0240196078431,0.00420168067227,0.0106700141221,0.0388758782201,-0.00717851171582,0.0241486068111,0.0143318269852,-0.026897410017,0.0540935672515,0.00337584396099,-0.0256975036711,-0.000559597090095,0.0028710677891,-0.0550580431177,-0.0372881355932,-0.00512788702107,-0.005931770449,0.0591907514451,0.00303541315346
-0.00617342577643,-0.0220191109265,0.0135294117647,0,0.0204953031597,-0.0249728555917,0.02466367713,-0.0180556779693,0.00314861460957,-0.0153189352084,0.0240585774059,0.00201832013662,0.0410279531109,0.0114405305966,0.00725513905683,-0.0156568228106,0.00057199135568,-0.0485436893204,0.0446105919003,-0.0060286360211,-0.00207966725324,0.031155565766,-0.048438048438,-0.0308517773307,0.00545914302539,-0.0100356887937,0.0277232045405,0.0457296570276
-0.0191131498471,-0.0250637213254,-0.00319210679048,0.0324241846271,-0.0125523012552,-0.0127443702054,-0.0617067833698,-0.0591765294216,-0.0138104205901,-0.0545779137975,-0.00238338440586,-0.00991633095755,-0.0506712862711,-0.0964250811385,-0.0456182472989,-0.0210784947627,-0.0247667548989,-0.051749271137,-0.000238578074675,-0.0523123578469,-0.0246873998076,0.0126306769494,-0.0586499446699,-0.031660899654,-0.0386025232029,-0.0282175148168,-0.0486406117247,-0.0327974276527
0.0445245518316,0.129847494553,0.0203784570597,0.0417513393682,0.11313559322,0.0715628524878,0.0522388059701,0.0992340402333,0.102694674305,0.105745886161,0.0136518771331,0.012676056338,0.0903284671533,0.120548530531,0.135849056604,0.0892998678996,0.0197320486861,0.0860876249039,0.0343634411168,0.096,0.0642669296515,0.0909675563153,0.0540752351097,0.0895122386993,0.118569058378,0.0910607180273,0.121455682072,0.0854388297872
-0.0426266206511,-0.0246818357115,0.0074179743224,0.00638411065792,0.0175104682147,0.0240935672515,0.0474290780142,-0.00416599506528,0.0105830286704,-0.0019516955355,0.0434343434343,0.00417246175243,0.0200836820084,0.0229328280842,-0.0127353266888,-0.0025466893039,0.0469344257981,-0.0438782731776,0.0301072788096,0.0240875912409,0.00833976833977,0.0104712854085,0.00483271375465,0.00836339783536,0.0193497336208,0.0335931932302,0.0099542106311,0.00918836140888
-0.0159781761496,-0.0427046263345,-0.0101954120646,0.0197356828194,-0.0460157126824,0.0170169026953,0.00338552687262,-0.0139478566182,-0.00932977913176,-0.0105108775361,0.0054856405292,-0.0050784856879,-0.000820344544709,-0.0218420730748,-0.086932136848,-0.046443768997,0.00237801093885,-0.039230199852,0.0265397536394,0.0306486101212,-0.0042119773319,-0.0132336460076,-0.0728819829819,-0.0603350138234,-0.0858326340634,-0.0285012000505,-0.030159668835,-0.0349013657056
0.0247524752475,0.0396943411813,0.00286123032904,-0.00933125972006,0.0886274509804,0.00404267265581,0.0814002530578,0.000849151006828,0.044013069383,0.0301383399209,0.0430038510911,-0.00386697602475,0.0808702791461,0.0423015773772,0.0657248157248,0.026010455183,0.0374236453867,0.0454545454545,0.00829060761427,0.0926694329184,0.0194570483735,0,0.0933758978452,0.0574593284874,0.0764375442625,0.0424619535478,0.0508130081301,0.0610062893082
-0.0628019323671,-0.0167255969171,-0.00513552068474,0.00784929356358,0,0.0060395928867,0.0351014040562,-0.0186528562778,-0.00276141384389,0.0170263788969,-0.0116923076923,-0.00745341614907,0.00835548803646,0.0259310675785,-0.0109510086455,-0.00497079657015,-0.00281665526371,-0.00736919675755,0.0185004868549,-0.00632911392405,0.00512975256488,0.0355970439518,-0.00547445255474,0.0220949263502,-0.00447443726207,-0.00518412073934,0.0375241779497,0.0225251926497
-0.0323711340206,0.0185858585859,0,-0.0418830044998,0.014409221902,-0.00578098943858,0.03428786737,-0.0446452102256,0.0149529259738,-0.0542324923367,-0.0161892901619,0.0118898623279,0.0346516007533,0.0137376099788,0.0868298368298,0.0410890470838,0.00511785993284,0.0348923533779,-0.0490758444869,0.0197452229299,-0.0255929150405,-0.0261106019861,-0.017247706422,-0.0241793434748,0.0241505753727,0.0042185385833,-0.0335570469799,0.0202898550725
0.0547624121031,0.0210234034113,0.0154860911959,0.0298049132948,0.0482954545455,0.0140892318014,0.0495446265938,0.118179585603,0.0201891596944,0.00548491647968,-0.0284810126582,-0.0136054421769,0.0160174736076,0,0.00536193029491,0.021113243762,0.00421256088829,0.0746054519369,0.0146336014298,0.0574640849469,-0.0233382115074,0.0406787504821,0.0224047796863,0.00541516245487,0.0279696403008,0.0311328680787,0.0181327160494,0.0252840909091
0.160909090909,0.004662004662,0.00112962439989,-0.00964743027539,-0.0233739837398,-0.00606461572389,0.0538007636237,0.00269570972983,-0.00909252986272,0.00495908752789,0.0394136807818,0.0529780564263,0.0361877463275,0.00216976934528,0.0144,0.0164473684211,0.0307699127958,0.027303070761,0.0276340416162,0.0330773774365,-0.0156940063091,-0.02259049539,0.00876552227904,0.0146890811164,0.0218729431267,0.0256421252314,-0.00189465706707,-0.0435023552231
0.153484729836,0.0135344160866,0.00282087447109,-0.00531349628055,0.00485605272286,-0.0139782560462,0.0191040843215,0.00833843421068,0.0201511335013,0.093017517888,0.0419931056095,0.0159273593331,0.0401106500692,0.0297409587705,0.0509989484753,0.0286638927416,0.00067917373766,0.0832412762363,0.00932076280266,0.0457404230989,-0.00288438426408,0.0325912220571,0.0796524257784,0.0752774650153,0.0550774424028,0.0196245293089,0.0298025816249,-0.0144843568946
-0.0247416459229,-0.0537962609691,-0.0143459915612,-0.0272435897436,-0.0490162236797,0.0129387938794,-0.0168067226891,-0.0466679561381,-0.0746031746032,-0.00428893905192,-0.0436090225564,-0.0284249084249,-0.0668218085106,-0.0640715821747,-0.0660330165083,-0.0286516853933,-0.0398309485862,-0.0437912417516,0.000955312599512,-0.00710770913067,-0.00377661711531,-0.040389501667,-0.0251509054326,-0.00388930441286,-0.0180602346983,-0.0547638230229,-0.0506912442396,-0.0241034685479
0.0121432438704,-0.0233870967742,0.0268264840183,-0.0281896393923,0.0032667876588,-0.00255470398756,0.0157790927022,0.0271309602587,-0.00895749952354,0.00181364769893,0.00251572327044,0.0319710450912,0.0879942999644,0.0235680852637,0.0074986609534,-0.0137651821862,-0.0211836588532,-0.0156838143036,0.0125132555673,-0.0198237885463,-0.00387159219229,-0.00821892648882,0.031647746818,-0.00810932572458,0.00755844410033,-0.00630583960047,-0.00970873786408,0.0204819277108
-0.0475317132814,0.0172997522709,0.0166759310728,0.0024486720663,0.0492040520984,0.0169265033408,0.0977346278317,0.0487503950599,0.00884615384615,0.0364335822584,-0.0272898368883,0.0533391787228,0.0687622789784,0.100325045145,0.083466241361,0.024278676988,0.00505135191784,0.0707456978967,-0.01193967323,0.061797752809,0.0121457489879,0.0796604938272,0.0656885628543,0.0508705526117,0.0597654062825,0.039767532641,0.023137254902,0.0867768595041
-0.0377888318357,-0.0360810097812,0.024056861673,-0.00939496429914,0.0393103448276,-0.00821287779238,-0.00471698113208,0.0109038961942,0.0253526496378,0.0233624454148,0.0696549500161,0.0212264150943,-0.00275735294118,0.0124576455201,0.0632973503435,-0.0610328638498,0.0461133619358,0.0255952380952,0.0297858808565,0.104232804233,0.00968,-0.0123209742432,0.037859824781,-0.00244921481055,0.00920013046772,0.0058660370042,0.0390954388655,-0.0301466594242
0.0881347452681,0.0690526315789,0.0226908702616,0.0185887708649,0.0398142003981,0.0202053660152,0.0648696682464,0.0236335128659,0.0271425915598,0.0283763601451,0.043111245101,0.0180681972558,0.0586789554531,0.0172271045098,0.00922934933087,0.030487804878,0.0428827222246,0.0434126523506,0.0602161605764,0.0637278390034,0.0338325013866,-0.00506512301013,0.0976786252638,0.0616695551704,0.0425550100698,0.0305563194908,0.0676872002951,0.0646877625315
0.0432183908046,0.0153603781016,-0.0357608979379,-0.00651769087523,-0.0469049138481,-0.00974025974026,-0.0584144645341,0.0198228016824,-0.0273303167421,-0.0300829875519,0.0225433526012,-0.017614091273,-0.0737086477075,-0.0391905938652,-0.069044352995,-0.0156213017751,0.0215450276829,-0.041050172433,-0.0227184466019,0.00765765765766,-0.00697424892704,0.00672,-0.0535567151881,-0.0367296966399,-0.0551703995204,-0.0525123185574,-0.0212471929522,-0.0341925302472
0,-0.00543056633049,-0.0278830536004,-0.0309278350515,-0.0398393036491,-0.0253551912568,0.00974889217134,-0.029281177837,-0.00130256791961,-0.00727272727273,-0.0347654041832,-0.0192882368921,0.0375939849624,-0.00553687250905,0.0221021611002,-0.00817504207742,-0.0251155068351,-0.0261020881671,-0.00158950923902,-0.0138578453286,-0.0045535231921,-0.0339536496561,-0.0040626813697,0.000282445982206,-0.00759523189726,-0.00525583863318,-0.0176491351924,-0.00571895424837
0.042529748788,0.0694227769111,0.00389863547758,0.0247582205029,0.0205718270572,0.0180533751962,0.0260386190755,0.0152095019079,0.0536612632756,-0.0314587373411,0.00732064421669,0.0152354570637,0.0196256038647,0.0420271560085,0.100864968765,0.0435151515152,0.0221295456132,0.0851697438952,0.0344278606965,0.038077969175,0.00883857962475,0.00729861505788,0.0201048951049,0.0241423125794,0.0420948514002,0.012488529008,0.0134746676249,0.00903861955629
0.00147960262101,-0.00072939460248,-0.0208044382802,0.0117025292563,-0.0420225486847,-0.0269853508096,0.0635871114913,-0.0636684814408,0.00176834659593,-0.0149054505006,-0.0162790697674,-0.0151432469304,-0.0115487118744,0.0354715754639,0.0484962241914,-0.00778255314206,-0.00226201085082,0.0214050493963,-0.0409772989611,-0.0427947598253,-0.00891484783277,-0.00334075723831,-0.0122822050843,0.00137854976565,0.0420017357606,0.000474403437677,0.02605920936,-0.0171009771987
0.0356690586745,-0.0496350364964,0.00226628895184,-0.0414179104478,-0.0313837375178,0.0092823183156,-0.0769436997319,-0.0728005832379,-0.0121800529568,0.0162601626016,-0.0384160756501,-0.00124671007065,-0.0368484122229,-0.0422367751478,0.00166527893422,-0.0341840318427,-0.0312540102697,-0.0365394948952,0.0529588766299,-0.047901459854,0.0573045905707,-0.048417132216,-0.0644881434355,0.0152808370044,-0.0207041629761,-0.00426760637196,0.128541810643,-0.0289975144988
0.0184770056382,0.0218894009217,0.0104578858112,0.00155702608019,0.0445508100147,-0.00953342305967,0.0307871042695,0.0347989344973,0.0035739814153,-0.00822222222222,0.00737553779963,0.00665742024965,-0.0124416796267,0.0734956749724,0.0290939318371,0.000484848484849,-0.0528250298938,0.0641383156721,0.0415317203277,0.0186871106852,0.0339567290062,0.0172211350294,0.0129829984544,0.0394576271186,0.0123695976155,0.0569046801493,-0.00336803429271,0.0125142207053
0.0104715533916,-0.0161593385945,-0.00391608391608,-0.0167120093276,0.00387733521325,-0.00532216057072,-0.0495914342068,-0.00389228149724,-0.00587606837607,0.0058256777952,0.00884685784015,-0.0263157894737,-0.0251968503937,0.00912635819915,0.014943457189,-0.0170826266053,-0.0446534629464,0.00943396226415,-0.0415218584233,0.0620884289746,-0.0061001560505,-0.0261639091958,-0.0167836435764,-0.0117401513175,-0.0297694888755,-0.0184710460602,0.0307219662058,-0.0199438202247
-0.0730693069307,-0.0217723453018,0.0255546194889,0.0213438735178,-0.00702247191011,0.0145719489982,-0.0151200711533,-0.017856142077,0.0334945369873,-0.00601470260637,-0.00483822195343,0.0358001981039,0.0562197092084,-0.0027136046938,-0.0489454834859,-0.00135584863799,0.0168118567215,-0.0804776739356,-0.0309160305344,0.052258635961,0.0127033970882,0.0426708810747,0,-0.0364308342133,0.00938615881653,-0.00780385505608,0.0235469448584,0.00515907136715
0.0346079897458,0.00351425224522,0.0109529025192,-0.0243808049536,0.0537482319661,-0.008078994614,0.024984948826,0.0184660937158,0.021143847487,0.00537875392201,-0.0437556973564,-0.00846994535519,0.0370143774855,0.0158754963965,0.0958158995816,0.0308565786226,-0.0281611732862,0.0316205533597,0.0173296573454,-0.043771043771,0.0171952078929,0.0435771125426,0.0422098075729,0.0546575342466,0.0344846353404,0.0351597884422,0.0634828188701,-0.00655831194753
0.0255351366233,0.0311284046693,-0.00406283856988,-0.016858389528,0.00167785234899,-0.0138009049774,-0.00910425844347,-0.0292901876315,0.0030549898167,-0.0176103432902,-0.0508420718144,-0.00316891705704,-0.0418879056047,-0.0513387807549,0.0400916380298,-0.0186781609195,-0.00663690593766,0.0388615216201,-0.0572977158343,-0.0228873239437,-0.00672024386864,0.00309368191721,0.05122096486,0.0128588128328,-0.0103066697732,-0.00960934541186,-0.0462760131435,-0.0132032146958
0.0838926174497,0.000754716981132,0.0252923579005,0.000201734920315,-0.00938023450586,0.00126175728378,0.014226437463,0.0149426982793,0.00118443316413,-0.0124801452235,0.00167392032139,0.00718728403594,-0.00985221674877,-0.0352974842017,0.0495594713656,0.000610053684724,0.000596540067608,0.00842992623815,0.0149897330595,0.00990990990991,-0.00627746390458,0.0313047507348,0.0592067988669,0.0291100282124,-0.0017744813882,0.00947693944734,0.0311513063451,0.0110529377545
0.00575851393189,0.0874811463047,0.020424403183,0.0346914078257,0.0612106865066,0.0496047657235,0.0125657510228,0.0133073000588,-0.00980226466115,0.0172334558824,0.0518048128342,0.0157815287498,0.0494402985075,0.0419529944531,0.020636586219,0.086452871601,0.0453100158983,0.0898641588297,0.0218490795064,0.0414808206958,-0.0315154067523,-0.00228852228852,-0.0115004011768,-0.00785046728972,0.0144290264338,0.00759978541782,-0.0183767228178,0.0529344073648
-0.0233331281167,-0.0166435506241,-0.0249545100078,-0.00896686159844,0.0006373486297,0.00130975769483,-0.0196248196248,-0.0212328126462,-0.0143369175627,-0.0173932685792,0.0123927550048,-0.0171575249932,-0.0287407407407,-0.0589912696906,-0.0407813570939,-0.00684624017957,0.00931558935361,-0.0225311601151,-0.00930508810137,0.00599571734475,0.00326134222351,-0.00879513664124,-0.0395021645022,-0.0178347148958,-0.0231955283801,-0.0224055557372,-0.0214154020706,0.0109289617486
-0.00586232980333,0.0250352609309,-0.0210610503866,-0.0129819040126,0,0.00490516677567,0.0300264939653,-0.00913608562691,-0.0117748917749,-0.00597701149425,-0.0225988700565,-0.00756013745704,-0.00122025625381,-0.00447745390189,0.0189353340479,0.0327720646401,-0.0320210962516,0.0191270230505,-0.00679456434852,0.00595998297148,0.0266560716608,0.0874966281926,-0.0171830985915,0.00294117647059,0.0443551586032,-0.0635356278679,0.0213043478261,0.027027027027
-0.0353179887135,-0.00825593395253,0.00816993464052,-0.00637704264647,-0.0328025477707,0.0077014860614,-0.00971706201772,-0.0584853979399,0.00280357455756,-0.00393154486586,-0.00802825947335,-0.00692520775623,-0.0180207697007,0.0134978398391,-0.00525946704067,-0.0212277054382,-0.00758902510216,-0.0279114533205,-0.0185110663984,0.00423190859077,-0.0111173656065,-0.0048955613577,-0.0126110633419,0.010582685197,-0.0223065179729,-0.0191405134065,-0.0181637576274,-0.0171052631579
0.0464703562508,0.0124869927159,0.0289032955159,0.00601684717208,0.0138294369444,0.0119483315393,0.025974025974,0.0342723485625,0.0132797483837,0.031112143023,-0.00453221107154,0.0278940027894,0.0581648522551,0.0448666693319,0.041945717307,0.0193404136389,-0.0150980392157,0.029702970297,0.0557605576056,0.015592077539,0.0379962999858,0.0300032797639,0.0394775036284,0.0268735806207,0.0210609949271,0.00469387118249,0.0696632461338,0.00669344042838
0.0924565039884,-0.0140459061322,0.0102389078498,-0.00737639553429,-0.060409223774,0.0158493777258,0.025035161744,-0.0568047884264,0.0165545783756,-0.00607971177663,-0.00260162601626,0.0101763907734,0.0435038212816,0.0146306233918,0.041948579161,0.0221539811362,-0.0103523790563,0.00961538461538,0.0281553398058,0.0157676348548,0.0216616397039,0.0243657020583,0.0416084892488,0.022361469468,0.0348096527381,-0.00418015835423,0.0390487771923,-0.0031914893617
-0.0463979761973,0.0198054204309,0.00363825363825,0.0168708576019,-0.0051849291393,0.00502617801047,0.00439077936334,0.0260351218624,0.000848176420695,0.0333031264159,0.0107597000326,-0.00188045668234,0.0169014084507,0.00232863991402,0.0441558441558,-0.0450643776824,-0.0271575135788,0.00380952380952,0.0368271954674,-0.0122549019608,0.0128824476651,-0.00762200808206,-0.000804289544236,0.0130993870929,-0.00498377485957,0.0130869639803,-0.037711313394,-0.0314834578442
-0.0267092728807,-0.0831345826235,-0.0227861211807,-0.0140233063401,-0.0194579569145,0.00854344655136,-0.0450819672131,0.0158974376469,-0.0205084745763,-0.00920850690638,-0.000967741935484,-0.0199165657381,-0.00277008310249,0.0273755496508,-0.0230099502488,-0.00539325842697,-0.0719602977667,-0.0545540796964,-0.0455373406193,0.00289495450786,0.00344462109168,-0.0250463589435,-0.0330024148108,-0.00391459074733,-0.024416700241,-0.0402161280143,-0.0310810810811,-0.00909090909091
0.0243449173016,-0.00854700854701,-0.0280869104399,-0.00280448717949,0.020552799433,0.00723140495868,0.0503576537911,-0.000302227416056,0.0216300397993,0.0329718964373,0.0206651598321,0.0151036660717,0.0422222222222,0.0352336397261,0.0833863781031,0.0131043831902,-0.00423351158645,0.0893125940793,-0.037786259542,0.0470103092784,0.0402693424875,0.0266536439926,0.0796337402886,0.0217934976777,0.0102681898711,0.0210775901244,0.0327754532775,0.0797887128162
-0.0540033865506,-0.0254497751124,-0.0250817884406,-0.0210928083568,-0.021875,-0.0153846153846,-0.0223372378099,-0.0225764950504,-0.0155826558266,-0.0012853470437,-0.00411262258779,-0.00162315704044,-0.0122601279318,0.0100330307358,-0.0190951821387,0.00301070472792,-0.028865518013,0.0221096269,-0.0432368107894,0.0240252067743,0.000634598299277,-0.0291036088475,-0.00205602672835,-0.00431235431235,-0.0243501271083,0.00522280020629,-0.0264686022957,-0.0368177136972
-0.0351594962603,-0.0327295104034,-0.00447427293065,0.0603324440796,-0.0127795527157,0.000416666666667,-0.0133741989412,0.00831677996275,-0.0536820371645,0.001287001287,0.0822744599746,-0.00284514293456,-0.0429033998921,-0.00518338864032,-0.0347409404013,-0.00166759310728,0.0617511520737,-0.00630914826498,0.0333747927032,-0.0384615384615,-0.00824454591578,-0.00402258838091,0.0234354880247,-0.00515041554489,-0.0466580721936,-0.0170714683807,0.00568733527535,0.00882117080994
0.000927582322931,0.0230616302187,-0.00112359550562,-0.00367718211728,0.0338007910823,0.00603915035402,-0.0039536853996,-0.0073313383186,0.0196363636364,-0.00556983718937,-0.00528324038744,0.00570652173913,0.0284747674091,-0.0086869273625,0.0381632019857,-0.00155902004454,-0.0865885416667,0.0340136054422,0.0591775325978,0.0256,0.0175214221767,0.0464336569579,-0.0213890286865,0.00129426991411,0.0277734435949,0.00578932168227,0.0115862068966,-0.0429252782194
0.0264777917522,0.00427516517684,0.023340832396,-0.0384615384615,0.00973913043478,0.00434692610226,0.0110575559966,0.00830909846282,-0.0281740370899,0.0129254631624,0.00826202419593,0.022696568495,0.00794956140351,0.0148936359116,0.0173341303048,0.0150568815525,-0.00023758612497,0.0166666666667,0.0350378787879,0.0276911076443,0.0258924082453,0.0491730272029,-0.022370789406,0.0269095182139,0.019933201761,0.0685688243538,0.0470411780747,0.0376522702104
-0.030373379764,0.015479876161,0.0277548777137,0.00707070707071,0.0117120220462,-0.00195795548228,-0.00560852495794,0.00732462278703,-0.0201834862385,0.0155253083794,0.00760901375476,0.0384412153236,-0.0562958933914,-0.0604236743228,-0.0705052878966,0.00208768267223,0.0356463878327,0.0478861087144,-0.016285452882,-0.0277039848197,0.00404312668464,-0.0334504551243,0.0289321409784,0.0132738299577,0.00217068802128,0.0295069681214,-0.000130225289751,0.023212379936
-0.041832934291,0.0190548780488,0.0106951871658,-0.00782347041123,0.0326864147089,0.0100154878678,-0.00564015792442,0.0154486880447,-0.0498127340824,0.042722513089,0.000290444379901,0.00432514947208,-0.0100864553314,0.0486906729359,-0.0442477876106,0.00997807017544,0.00275355667738,-0.0127624536846,0.0133928571429,-0.00780640124902,0.000610128126907,-0.0207380298872,0.00204498977505,0.0338791643139,-0.0182017115005,0.00227489331948,0.022662151602,-0.013037809648
-0.0158256403137,0.016454749439,0.0441798941799,0.0206227254347,0.0220903395978,0.00337354324269,0.023823028928,0.0181964659041,0.0459203783997,0.00743121108656,-0.00406504065041,0.0557314756175,0.0139737991266,0.0271592442645,0.00595238095238,0.0138964281837,0.0116704805492,0,0.0356093979442,-0.0102281667978,0.0396341463415,0.047960137029,0.0612244897959,0.0382304751502,0.0470097322374,0.0290525430532,0.0669893020886,0.00607661822985
0.0654489033077,0.0103016924209,0.0281226247783,0.0152535657686,-0.00548387096774,0.0106979113602,0.0119113573407,0.00556801611226,-0.0032033163746,0,0.0204081632653,0.0257948410318,0.021533161068,0.00127926977898,0.0568704799474,0.00139201199272,0.033476589007,0.0175145954962,0.029776674938,-0.0222575516693,-0.00879765395894,0.00802377414562,0.00961538461538,0.00515518148343,0.0223447677989,0.0132315793384,0.00978753879207,0.0241596638655
0.0482557754683,0.0247632920612,0.0246426811237,0.0138536585366,0.0243269542653,0.00282258064516,0.000547495209417,0.0568187360392,-0.0147448015123,0.00498405103668,0.0428571428571,0.0239766081871,-0.0154581225408,0.0281079774515,0.0236391912908,-0.00502566295979,0.0505581089954,0.0151639344262,-0.0327022375215,0.0174796747967,0.00544378698225,-0.00428066037736,0.00166666666667,-0.00638476030982,-0.00680494836813,0.00130839965079,0.00354609929078,0.0179487179487
0.0703460469816,-0.0202558635394,-0.017316017316,0.00827559661278,0.0161494616846,0.00774024929634,0.0612859097127,0.0126818282508,0.00748273215656,-0.00793493354493,-0.0243835616438,-0.032552826956,0.00485298315729,0.0306561988329,0.037678517168,-0.0161203653949,-0.04375,0.091239402503,0.00889679715302,0.00319616460248,-0.0210687382298,0.0192451176617,0.0080817684811,-0.0208574739282,-0.00975679168989,-0.0371754442975,-0.0288574793875,0.0448362720403
-0.0425368731563,0.00870511425462,-0.00881057268722,-0.0370299675511,0.0392645684014,-0.0124688279302,0.0123743232792,0.00599111662018,0.018472671872,-0.00259948010398,-0.0171300196574,0.000236127508855,-0.00738636363636,-0.00120574193864,-0.0368960468521,0.0411796832332,0.00631808278867,0.0776914539401,0.0345679012346,0.00796495420151,0.0277744378983,0.00741326020776,0.0377269511908,0.048951048951,0.0463307794923,0.00203214834921,0.0204972710734,0.0253134040501
0.0127549448518,0.0355987055016,0.0259259259259,0.0604558969277,0.023688155922,0.00838383838384,0.0252100840336,0.0221909484607,0.021129394166,0.00621491579791,0.0525714285714,0.0339943342776,0.0389238694906,-0.0181079626095,-0.013986013986,0.0475241292488,0.0218662048062,-0.0319258496395,0.0211387657688,-0.00118530225207,-0.0352129153018,0.00778546712803,-0.0356737105203,-0.0233846153846,0.0208383880463,-0.0292913527771,0.0103399096744,-0.0235128144839
-0.0299951326357,-0.0486111111111,-0.020697954272,0.000560747663551,-0.0149384885764,0.018531503556,-0.0310481867859,-0.00714678232301,0.00146493316242,-0.0115560868699,0.0154723127036,-0.016095890411,-0.0278236914601,-0.0245892106531,-0.0650632130743,-0.00460691036555,0.0184322033898,-0.0709219858156,0.00200333889816,0.028085443038,-0.0542015278283,0.00501287553648,0.00235626767201,0.0102919554715,0.0312069777349,0.0167113426497,-0.0884601811552,0.0325066217192
0.0155554161701,-0.0182481751825,0.000983042516589,0.0108350457687,-0.0220041629497,0.00855625491739,0.0128172263522,-0.0146672419693,0.0480892302066,0.0562386615602,0.0181769580326,-0.00475693235874,0.0249362425616,-0.00126471239503,0.00824538258575,-0.00442700472885,0.00208029956314,-0.0583969465649,-0.0078307230923,0.0353982300885,0.0178205128205,0.020202020202,0.0333803479079,-0.0138253638254,0.0108478217383,0.0148408246451,0.00232288037166,0.00652985074627
0.0146995244272,-0.0115241635688,0.028971274245,0.00221770467566,-0.00516874429918,-0.00487567040468,0.0164515312579,0.0189444501489,-0.0174459176553,-0.0240458015267,-0.0186400630087,0.00862671951504,0,0.132523802012,-0.0140660778541,0.00768064679131,0.0147394643969,-0.0247263883259,0.00201511335013,-0.0104050538833,0.00365285300416,0.00907497739627,0.0111464968153,-0.00252977759039,0.0101678436299,0.000224981468632,-0.00321874597657,0.00139017608897
-0.0352425588898,0.000752162467093,0.0159866380339,-0.021759173889,0.0213936430318,0.0148946594806,0.00373505976096,-0.0170006431554,0.0662286931818,-0.0156433320297,-0.00882825040128,0.0210355987055,-0.0218413049489,-0.00631727160127,-0.0378234903782,-0.0376090662922,-0.0069558101473,-0.0544472152951,0.0258086140439,0.0428088621855,0.00953815261044,0.00387168141593,-0.0186726659168,-0.00877100285322,-0.0109960308672,0.0240676023791,-0.00258331180573,-0.0129569643683
0.0824605678233,0.00338218714769,-0.00140911225928,0.013383600377,-0.0188509874327,0.00280003862122,0.0302654428182,0.0456638214091,0.00666111573689,-0.0143027413588,-0.00404858299595,0.0218474077428,0.0412662521198,0.00448581701352,0.0237931034483,0.0112546894539,-0.00185414091471,0.0342857142857,0.0070249959157,0.0230464530068,-0.0206364992541,0.0128044077135,0.00343878954608,-0.0170575692964,0.0111182879042,0.00219644545764,-0.004921004921,-0.00257852789498
0.0824153406773,-0.0325842696629,0.000940733772342,-0.0122767857143,-0.0292772186642,-0.0133834007318,0.0339513604623,0.0155042559572,0.000165425971878,0.00483675937122,0.0165311653117,0.00476348731583,0.0103148751357,-0.0234453676917,-0.0670259346581,-0.0252473206925,-0.0160990712074,-0.0497237569061,0.0131408176509,0.0316789862724,-0.0140898705255,0.0130559665767,-0.0308430431803,-0.0188720173536,-0.0095054767218,-0.0280528852254,0.00065070275898,-0.0108108108108
0.017338861666,-0.0259388308169,-0.0183270676692,-0.0476459510358,-0.048067860509,0.000487947692007,-0.0468095016302,-0.0508908670159,-0.0423420443268,-0.0431207380666,-0.0682484670754,-0.0335170893054,-0.0486297689414,-0.0346798706892,-0.0216606498195,-0.0292842795221,-0.0591567023285,0.0187835420394,-0.00528422738191,-0.029341521665,-0.0360499549376,-0.00120285247874,-0.0622347949081,-0.028299801017,-0.0412116261071,-0.0753085042499,-0.0378462738978,-0.0610596341174
-0.0223363150373,-0.0262321144674,-0.0201053135472,-0.0211587897963,-0.0293729372937,0.0141435817401,-0.00317615440997,-0.0190329741341,0.00345423143351,0.0113183818906,-0.035765379113,-0.0041067761807,0.0183563964982,-0.01697661764,-0.0321033210332,-0.00871269875844,-0.0283166109253,-0.0188762071993,0.0133612363168,-0.00351493848858,0.0646453853346,0.0293010752688,-0.0276520864756,-0.0403868031854,-0.0145249893495,-0.00512347944833,0.0205460935388,0.00328947368421
0.0793135184884,0.0330612244898,0.00366389838788,0.0216161616162,0.036382182931,0.00875252476676,0.0308823529412,-0.00847514486124,0.0349397590361,0.0238341968912,0.0391691394659,-0.0219931271478,0.0343871325568,0.0120477514256,0.0556614563477,0.0182377499451,0.0227168425883,0.0671140939597,0.00476568705322,0.0042328042328,0.0136745703174,0.000261164794986,0.032316442606,0.0177830468287,0.0129461766687,0.0382369711778,0.0527152317881,0.00731399747793
0.0146970304976,0.0253259581193,0.0282307130689,0.0187858414079,0.0360892388451,0.0140160183066,-0.00737042320495,0.0377644015613,-0.0247796441044,0.0238866396761,0.0316961736151,0.0431014289061,-0.00160857908847,0.0515907966652,0.0310581437342,0.0161847216228,0.0161543639219,0.040251572327,0.0592885375494,0.0312609764665,0.0241336633663,0.0193211488251,0.0653643876784,0.0393709959231,0.0340160196944,0.0382427566395,0.0368646200302,0.0550826239359
-0.0098867961837,-0.0131401487419,0.0203550295858,-0.00621118012422,0.00126662444585,0.00724024447579,-0.00455089820359,-0.00212508039443,-0.0221691678035,0.00533807829182,-0.0127318018267,0.0270604087132,-0.0209452201933,-0.0301900358349,-0.0332749562172,-0.00467190486303,-0.00883197173769,-0.0274083031036,0.0161194029851,-0.0115803814714,0.0105135951662,-0.0107581967213,-0.00916784203103,-0.000448279726549,-0.00627571435399,0.0018190870098,0.0162601626016,0.0201708590413
0.011034000699,-0.00312377977353,0.0143818139643,0.053125,-0.0164452877925,-0.0102688573562,-0.0529355149182,-0.0109123742879,0.0179630275549,0.0422812192724,0.0535463975329,0.004373018476,-0.0126165660998,-0.028795305679,-0.0333333333333,-0.0192020482185,0.0456671864558,-0.0526315789474,-0.0443595769683,-0.0782219159201,0.00167424061229,-0.0119109269808,-0.0156583629893,-0.0110998990918,-0.0392277306938,0.0211084883121,-0.0328358208955,-0.00325657129565
-0.043012345679,0.0669800235018,-0.0164646695632,-0.000370919881306,-0.0112540192926,-0.0073571024335,-0.0205792682927,0.0156062316821,-0.00394038033236,-0.0435849056604,-0.0343267695583,0.00413627952542,0.00972222222222,-0.023237683784,0.017616191904,-0.0164237546226,-0.0063911376225,0.0122484689414,-0.0178296956655,0.021308411215,0.0476361031519,-0.0364255765199,0.0421788382743,0.0147392290249,0.0013947286991,0,-0.00123456790123,-0.00700116686114
-0.0391145053924,-0.0326725403818,0.015577772611,0.0191094619666,-0.0146341463415,0.0147282402128,-0.0178988326848,-0.00132464038083,-0.0275197798418,-0.00138094298678,-0.00192890603472,0.010189701897,-0.0308115543329,-0.0512683011997,-0.0408839779006,-0.0266504478602,0.0227272727273,-0.0872947277442,-0.0225352112676,0.0161054172767,-0.00820512820513,-0.0334511830296,0.00786308973173,-0.0284916201117,-0.0177017892644,-0.0424533268443,-0.01891223733,-0.0314923619271
0.00805542129853,-0.0159392789374,-0.0373168498168,0.00946659384671,-0.00891089108911,-0.0104878733964,-0.0647120972002,-0.0355521869273,-0.0233463035019,-0.0136309758989,-0.00607399226946,-0.0431376757163,-0.0508089696282,-0.044530616716,0.0195852534562,-0.0129516019087,-0.0207547169811,0.0236742424242,-0.0339417227025,-0.0403458213256,-0.0401011145582,-0.0658413055712,-0.0227168425883,-0.0423231742381,-0.02308169147,-0.0336597082907,-0.0817689303263,-0.0342149963601
0.0137446060412,-0.0150404936367,0.0237812128419,-0.0135256988278,-0.001998001998,0.00577268855872,-0.00282406099972,-0.0156807848988,-0.00941687794277,-0.00240336471059,-0.0138888888889,0.0266905910059,0.000897129186603,0.0361961277068,0.010922787194,-0.0155386740331,-0.00149860843502,-0.031914893617,0.0374544249254,-0.0289039039039,-0.00383050035911,-0.00527710843374,0.00328715660953,-0.0111684880509,0.0107776633401,-0.0105697553279,0.00905598243688,0.000251256281407
0.0262756844816,0.00861393891934,-0.00580720092915,-0.00712979890311,0.027027027027,-0.00103500188182,0.0218068535826,-0.011738985345,0.00530164533821,0.000401525798032,-0.0295774647887,-0.0150737302021,0.0352554526442,0.0130999535306,0.0335320417288,0.0183561323512,-0.00836192109777,0.0344003822265,0.0178913738019,-0.0201005025126,-0.00805094929104,0.0439063976163,0.0428270535923,0.00461501093029,0.023785039833,0.0288917625892,0.00625509926571,-0.00728460185883
0.0263198320447,0.0182453416149,0.0105140186916,0.0257779414472,0.0110461338532,0.0155411133088,0.0210643015521,-0.022059032369,0.0134569921804,0.0305037126229,0.0258345428157,0.00255073749584,0.0366522366522,0.0116375073717,0.0291997116078,0.0171067738232,0.0227027027027,0.0332563510393,0.024011299435,0.0414201183432,0.024348879467,0.0319073642197,0.0278276481149,0.0228481624758,0.0154234763568,0.0193495664356,0.0182432432432,0.00404858299595
0.0623659132864,0.00762485703393,0.0173410404624,0.0181295997128,0.0179948586118,0.0155815247635,0.0352877307275,0.0248703559685,0.0317602727436,0.0264849074976,0.0192416525184,0.0194690265487,-0.0022271714922,0.0396279455391,0.00700525394046,0.000564397787561,0.0158562367865,0.0679481448368,0.00413793103448,0.00795454545455,0.00733207190161,-0.011806109943,0.0508733624454,0.0290745774731,0.0147926327506,0.00948869714389,0.0311877903119,0.039314516129
0.0103789977927,0.0177828225501,-0.00340909090909,0.00511283497884,-0.00347222222222,0.00949771689498,-0.0256948085999,0.0160834272688,-0.0194782608696,-0.0252324037185,-0.0241532481954,-0.0234375,-0.00920758928571,0.013112861154,-0.0264347826087,0.0161326714801,-0.0239334027055,-0.0240686479699,-0.0300671550672,0.0146561443067,-0.000352195351021,0.0130849841273,0.0145439434864,0.011829562421,-0.00777588055963,-0.00229073783966,-0.0378378378378,-0.0109117361785
0.0733940689783,0.0539033457249,0.0200684150513,-0.0303455534117,0.0326259106747,0.00416138954225,-0.0043057050592,-0.00777497505438,-0.0257183398368,-0.00408719346049,0.00142247510669,0.0366666666667,0.00591382709096,0.00930659702435,-0.0167917113255,-0.00643943599423,0.0223880597015,-0.0190864250483,-0.0207710464201,-0.00518518518519,0.0250146799765,-0.000561564293496,0.0137210731108,0.00681044267877,0.00881474270753,0.0193042813456,0.00294275013376,0.00196126501594
0.0049365608626,-0.00246913580247,-0.00782472613459,-0.00560781476122,-0.00889570552147,-0.0162162162162,0.0256756756757,0.00643674283947,-0.0449663207719,-0.015243306625,-0.0323863636364,-0.00514469453376,-0.00727883538634,0.0116214360862,-0.00508720930233,-0.00871605766007,-0.0171011470282,0.0188019239178,-0.023782741443,-0.0104244229337,0.016154903758,0.0661669682088,0.0143434343434,0.00496054114994,-0.0108739052892,-0.0139803041488,0.0333422245932,-0.00171274773673
-0.0433920799759,0.0102545968883,0.00766110860748,0.00691286156085,-0.0198081089446,-0.00494505494506,0.0034255599473,0.00305969825045,-0.01010293557,0.00277832903354,-0.00352319436289,0.00463262227968,-0.021714608009,0.00118854499607,-0.0383491599708,-0.0188253860895,-0.00572883513686,-0.0150214592275,0.00329218106996,-0.0173062452972,-0.0134175217048,-0.00777865612648,-0.0137422824139,0.00392640789769,0.00588918641316,-0.0025131374017,-0.00980898296335,-0.0291666666667
-0.0624324324324,-0.0238011900595,0.0161001788909,-0.00831074977416,0.0293653299653,0.0101233204491,-0.030987394958,-0.00887266427422,0.0053918736761,0.00593706708886,-0.00942840306423,0.0058981233244,-0.000864802536754,-0.03640811743,-0.00341815419673,-0.0240119485294,-0.0253947930004,-0.0287581699346,-0.00672682526661,0.0267993874426,0.00457142857143,-0.0159342235253,0.013731825525,0.00625768242262,-0.0298598972639,-0.00871195758411,0.0196819603754,-0.0199444584701
0.0971461516287,0.0021513087128,0.0101232394366,0.0275095645837,0.0193251533742,-0.0036443148688,-0.0243902439024,-0.0355243279687,0.0124497222754,-0.00963997639189,-0.0449137418203,0.01460554371,-0.0401038661281,-0.0353156137883,-0.126905487805,0.00412007062978,-0.0267133785855,-0.0417227456258,0.0791212421539,0.0413870246085,-0.0551763367463,-0.021859516176,-0.0304780876494,-0.00155469183787,-0.0253461569398,-0.0120263996514,-0.000511312795603,-0.021123132406
-0.0222017866527,0.0254025044723,-0.0124183006536,-0.0171985815603,-0.0276858260608,-0.0285296269203,0.0130555555556,0.0585842306087,-0.00397275822928,-0.119984108065,-0.0115228900654,-0.0179678470106,-0.0117222723174,-0.0272460166453,0.00261894369271,-0.00246189917937,0.0123734533183,-0.0383895131086,-0.025103321598,-0.0340136054422,-0.0170981336544,-0.0348960402596,-0.034312718307,0.0343677010344,0.00928777239652,-0.0191955606262,-0.0714925182248,-0.0347368421053
0.0102109364504,-0.00488485694348,0.0202956099713,0.00162366949305,0.0294026617146,0.00414156626506,0.0257746092679,0.0602733779078,0.0100664767331,-0.0020316027088,0.0144927536232,0.0323132891076,0.0349756690998,0.0109419769185,0.0840226382238,0.0188036196968,0.0104444444444,0.0340798442064,-0.0100486732611,0.0177909562639,0.0235207644248,0.0526014865638,0.0831914893617,0.0105376344086,0.0282213318693,0.0260154308814,0.0068870523416,-0.00163576881134
-0.0405195726382,-0.04698457223,-0.0149189189189,-0.0185518731988,-0.0423932651834,-0.00468691413573,-0.0358192996525,-0.00930197688635,-0.034035351636,-0.0223931237277,-0.0310559006211,-0.0191749585406,-0.0329121363503,-0.0502173922581,-0.0935742971888,-0.0362210174184,-0.0307895315593,-0.0560263653484,-0.026645519429,-0.047341587764,-0.0490724117295,-0.0498424769147,-0.0422313887252,-0.0479889338157,-0.019489917637,-0.0383826165313,-0.0414500683995,-0.0778263244129
0.0158480802107,-0.00331125827815,-0.0103160667252,0.0293631859057,0.0141287284144,0.0354115652665,0.0462988633213,0.0213864521424,0.0570371812342,0.0300786672837,0.00641025641026,0.0214519708338,0.0325129140079,-0.0177750677882,-0.0509525919362,0.00562537402753,0.0226911731337,-0.0907730673317,0.0627342349682,-0.0156727828746,-0.0153555695406,0.0261599323135,0.0449138638228,0.0364367944562,0.00243310693853,-0.00967627758694,0.03996003996,-0.00562629552858
0.00973346675157,0.00553709856035,-0.00221778664892,0.0171153503298,0.00650154798762,-0.00400218300891,0.0214626391097,0.00766249679423,-0.00920810313076,-0.00404312668464,0.00796178343949,-0.0366232153942,0.0594467333726,0.0287676064618,0.0219421101774,0.00749821471078,0.0255158642112,0.0521119034558,-0.00398650720638,0.0345631067961,0.0272274063658,0.0298050139276,-0.00588812561335,0.00183327941335,0.0056657813161,0.0166103987267,-0.0112529161521,0.0169743895176
0.0977927927928,0.00220264317181,0.00311180262281,0.00858895705521,0.00184558597355,0.0138812785388,0.0142671854734,-0.0108987356449,-0.0111524163569,0.000225529995489,0.0202211690363,0.025558419244,0.0147222222222,0.0103770479813,-0.0132480584742,-0.00295333727112,-0.0279099956729,-0.00782064650678,0.00307881773399,0.0135135135135,0.0116973618716,0.0106789288612,0.0240868706811,0.00441334768568,-0.00140903992203,0.0148973248047,0.00277585010409,0.0175695461201
0.032538673013,-0.00695970695971,0.0427653445602,0.00538755648245,0.00828983727356,0.0187353629977,0.0191815856777,0.0263920060612,0.00093984962406,0.0257046223224,0.00805202849179,0.0447120418848,0.0260060224473,-0.00133923319851,-0.0717592592593,-0.000118483412322,0.0122412641887,-0.0147136100893,0.0288520564764,0.0281481481481,0.0324723247232,0.0278336830386,0.0237131289763,0.0105026256564,0.0126946493722,0.0099436030733,0.0181314878893,-0.0123741007194
0.0102130027023,0.00516414607156,0.00934976625584,0.00518582541054,0.0277101096224,-0.00495137046861,-0.0173149309912,0.0122313340539,0.0018779342723,-0.0591338755771,-0.0129032258065,0.0211486418763,-0.00133404482391,0.042464412892,0.0374064837905,0.024884464984,-0.00065963060686,0.08,0.0293854415274,-0.0212536023055,0.00845842268287,-0.0166645835937,0.0222222222222,0.00371195248701,0.024473235595,0.0114866515485,0.0326264274062,-0.0107808857809
0.0595963966799,0.00954128440367,0.0149473684211,-0.00395528804815,0.0136296296296,-0.0335880575795,0.00561797752809,-0.00887758780584,-0.0215557638238,-0.0551401869159,-0.0354808590103,0.0213977228112,0.0275180336628,-0.00814432048814,0.00576923076923,-0.00913400393109,-0.0171617161716,-0.0469135802469,0.0107230836111,0.011041589989,-0.0438275251034,0.0327077066475,0.00847457627119,0.00433220625528,-0.0064097870726,-0.0141373186178,-0.00105318588731,0.0179675994109
-0.00478912978913,-0.0116321337695,-0.00518564613151,-0.0239986187845,-0.0318620286466,-0.0137918352335,-0.00634840020315,-0.0097039934918,0.00613026819923,-0.0200296735905,-0.0442078089706,0.032096867192,-0.00390015600624,0.00172636652426,-0.0478011472275,-0.0179696616103,-0.00470114170584,-0.0652849740933,0.0405734767025,0.0171095740808,-0.0401531999012,0.0166666666667,-0.0407380343442,-0.0397685428722,-0.00996811275758,-0.022803027866,-0.0192409066948,-0.0529513888889
0.0335733204014,0.0342037513792,0.0200166805671,0.0127366000354,0.030193236715,0.0134253216483,0.0161001788909,0.0281411740957,0.0150418888043,0.0282614181176,0.0567184334909,0.00297951582868,0.0347167841295,0.0159698012851,0.0607429718876,0.0356463878327,-0.230094466937,0.0509977827051,0.00881785615872,0.00214745884037,0.0160895868194,0.00605296343001,-0.00361835840792,0.0359373288046,0.0390920327316,0.0394532258963,0.0917764041924,0.0287198289031
-0.00516115061176,-0.00213371266003,0.0177841373671,-0.0330131004367,-0.00351699882767,-0.01251149954,-0.00955734406439,-0.00171255757384,-0.00769086475333,-0.0181595092025,-0.0316293929712,0.0194949870033,0.0108476286579,0.0577732810953,-0.0246095598675,-0.00608077099587,-0.101957347356,0.00105485232068,0.000409724119093,-0.0114285714286,0.00354699771979,-0.00890448734019,-0.039373088685,-0.0241142252776,-0.00190147081807,0.00509162488611,-0.0226461538462,0.010098010098
0.237374836744,0.0124732715609,-0.0208877284595,0.0354046242775,-0.00323529411765,-0.000186323830818,-0.00964956830879,-0.000488970839309,0.000378071833648,-0.0192451887028,-0.0432200593863,-0.0364232380259,0.00274519590716,0.00722865085535,0.00873362445415,-0.00819577513563,0.00520494469746,-0.0173867228662,0.00136518771331,0.0549132947977,-0.0393839939409,0.0105021398869,-0.0133306804616,-0.0246017123659,0.00323822365273,-0.00875007271529,0.0216597405868,-0.0620405763011
-0.00419268771806,-0.0274551214361,0.00123076923077,-0.00418702023726,-0.0292121569785,-0.0247856876631,-0.0507692307692,-0.047759472637,-0.0117157974301,-0.0150356778797,-0.0420689655172,0.010017010017,-0.0375808860129,-0.0195340755258,0.025012025012,0.0292132216015,-0.0132686084142,-0.0316353887399,-0.0565780504431,-0.0280821917808,-0.00696452036794,0.000250312891114,-0.0118975599919,0.0185555555556,-0.0294119559774,-0.0202098993051,-0.0343892518181,-0.0257053291536
0.103050288541,0.0162866449511,0.00020487604999,0.0238262088297,0.0349544072948,-0.0254156315689,0.0399783900594,0.0282933577482,0.0296367112811,0.0486416558862,0.036717062635,-0.00916916167665,0.0623222136023,0.0260230555865,0.0530267480056,0.0189980775755,-0.0724827812398,0.0664451827243,0.0436416184971,0.0422832980973,0.0177319041948,0.021021021021,0.019387755102,0.0341442129377,0.034408285147,0.0194413179167,0.0446770487618,0.0878378378378
0.0368086696562,0.042735042735,0.0276526013929,0.0239561943874,0.0314243759178,0.0449019607843,0.0202597402597,0.0280144803352,0.0497678737233,0.0185048112509,-0.0135416666667,0.00774315391879,0.0333495618306,0.0321074936231,0.0352049910873,0.036178004661,-0.0604667609618,0.0368639667705,0.100249238438,0.0209601081812,0.0581198803797,0.0370098039216,0.0424424424424,0.0252109704641,0.0349651406573,0.0260451475337,0.0631720430108,0.0819284235433
0.0158072239528,-0.0645491803279,-0.0117600159458,0.0220588235294,0.0279043280182,0.022330643648,-0.0030549898167,0.0184895578796,0.0206969750575,-0.0169573643411,-0.0278071101725,-0.00730884557721,0.031566548881,0.026496664565,0.0232458028412,0.0273106993681,0.0195709446744,-0.021031547321,0.0276868864838,0.00728476821192,0.0110592283116,0.0213850153628,0.0376416362589,0.00812840827246,0.022643587759,0.0092932368141,0.0308010573497,0.00109349371241
0.110601414198,-0.0270171595473,0.0268253327955,-0.00474166121648,-0.000277008310249,-0.000367107195301,-0.041113381001,-0.0207823504636,-0.0350086655113,-0.0174963035978,-0.0199131064446,0.0345478572777,-0.0127883078328,0.0172097396738,0.0138830458561,-0.00844453711426,0.00147655961609,-0.0204603580563,0.00391868723977,-0.034188034188,-0.0187165775401,-0.0311189685015,-0.00111049416991,-0.00765462339253,0.00214200471241,0.0154958311368,0.0045713011484,-0.0125614418351
0.115583852491,0.00450281425891,0.00903555293655,-0.0110070642353,-0.0218897201441,-0.00661035622475,-0.00639147802929,0.00487844717284,-0.0454382183908,-0.00401304238776,0.00960472848171,-0.00255474452555,-0.00462641684016,-0.00478222785471,-0.043153526971,0.00410051519293,0.0199041651309,-0.0109660574413,0.0121980970969,0.0466303607897,-0.00916522169928,0.02388344877,-0.0064850843061,0.000205697829888,-0.00534560148195,0.00243265389737,0.0117647058824,-0.0033185840708
-0.0388659329869,0.0209189391109,-0.0239439361495,0.0270764119601,0.0104815864023,0.00369685767098,0.0217099973198,0.0182080721279,-0.0118532455315,0.0171241500881,-0.00439077936334,-0.0338455909257,-0.0239367882872,0.00961041490326,0.0411968777103,0.022722513089,0.0162631008312,0.0464625131996,-0.0210894191371,0.0107317073171,0.004625,0.010730114299,0.0210742260351,0.00771208226221,0.00788344292793,0.00308859148617,-0.00647213690215,0.034961154273
-0.013237985783,-0.00292718624222,0.010570402872,-0.0192463205564,0.0507429212223,0.0403314917127,0.00341028331584,-0.0157352937264,0.00818735719726,0.0116365436989,-0.00183755972069,0.0159060783942,0.0180952380952,0.0150054902659,-0.0574760516451,-0.0124910412614,0.0330725462304,-0.0277497477296,0.0553982518774,0.0289575289575,-0.023516237402,0.0044957304408,-0.0379908675799,0.049693877551,-0.0216845255863,0.0349672529269,0.0376504361268,-0.00563002680965
-0.0337330687602,-0.0110091743119,0.00769686204855,0.0400725593668,-0.0098719316969,-0.015932023367,0.00915032679739,-0.0130835917162,-0.014164305949,0.00220264317181,-0.105670103093,-0.0203168685927,-0.0240879326473,-0.0111800243409,0.00309323906319,0.00103680663556,0.0846815834768,-0.0114167099118,-0.0114312376064,0.0128205128205,0.0289245667686,0.0511248759328,0.0104423770647,0.00748517546418,0.0147158939957,0.0191253346934,0.00393700787402,-0.0110541925047
0.00700892857143,-0.00371057513915,-0.00352526439483,0.00729348343111,-0.0145513338723,-0.00341788091383,0.010621761658,-0.00318826368365,0.0113026819923,0.017094017094,0.0909839440099,-0.0104642313546,0.0119817876827,0.0120345661125,0.0295154185022,0.00983946141895,0.0139638210092,0.0131233595801,0.0108554572271,-0.00740969435011,0.0173374613003,-0.00710819672131,-0.00131529500188,0.00607873407951,0.00716328275535,0.0202238362076,0.0185479597244,0.00381679389313
0.002061444341,-0.00409683426443,-0.0155267295597,-0.00991657484653,0.000546896363139,-0.00379061371841,0.00358882337862,-0.00295665315656,0.0106080697102,-0.00264105642257,-0.00188679245283,-0.0213420496058,0.0206014681506,0.00360468938315,-0.012836970475,0.0025641025641,-0.0215962441315,0.00103626943005,0.0110890626824,-0.0102643856921,0.0030432136336,-0.00176115249819,-0.0410159924741,-0.0121799175218,-0.00604609410541,0.00388326538515,-0.0107180020812,0.0116784356328
0.0895878956799,0.00224382946896,-0.00219604711519,0.00317965023847,-0.0185843126537,0.0211994926617,-0.0224776500639,-0.0360590769163,0.00693533270853,-0.00361097737121,-0.000378071833648,0.00943025540275,-0.030162412993,-0.0204660167324,-0.00823580407456,-0.0211764705882,0.00767754318618,-0.0310559006211,0.0113137843454,-0.00471401634192,0.0186893203883,-0.0233764400769,0.000196193839513,-0.0316504854369,-0.036487013876,-0.0342012772706,-0.0268223414326,-0.0048322147651
0.0179872911464,-0.0253731343284,0.0218087234894,-0.00633914421553,-0.0108604845447,-0.00851667849539,-0.0120198588973,-0.0561091018255,0.00502606105733,-0.0101473785939,-0.0450075642965,0.0179057999221,0.00239234449761,0.0373885939526,0.00611888111888,-0.0165133779264,-0.02,0.00854700854701,0.0223744292237,-0.0113672245027,0.00035739814153,0.00429041115688,-0.00137308748529,0.0120312813315,-0.0213466228396,-0.00779965428559,0.0126459143969,0.0113299163744
0.00797718525018,-0.0172281776417,0.00117485803799,-0.019298245614,-0.00731981981982,-0.0119899785254,-0.0245966675483,0.000269582601321,-0.0170401926283,-0.000244081034904,-0.0392079207921,0.00516252390057,-0.0360381861575,-0.0123658397705,-0.0447437011295,-0.0245483528162,-0.0330417881438,-0.0598516949153,-0.0146270656543,0.0137336314277,-0.0279861855425,-0.0296797287453,-0.0249459831074,-0.0192193382207,-0.00227743540404,-0.0225206084813,-0.059451382218,-0.0138703654308
0.0867775953149,0.0237631476432,0.00919225503618,0.0522036103431,0.0246738513897,-0.0358630682847,0.0122017353579,-0.0341914247386,-0.0126248351234,0.012939453125,-0.00412201154163,0.0348107285524,0.0215399851448,0.0243270095437,0.0209185993633,0.0177579257,-0.0603015075377,0.016338028169,0.00736543909348,0.0204788909893,0.0335702033815,0.003707582934,0.0193392425463,0.0169696969697,0.014258317714,0.0336897930795,0.0111211983659,0.0154179064106
0.026525150649,-0.00456621004566,0.0736434108527,0.0270479134467,0.00276778300581,-0.0131504790532,0.0171443878918,0.0303444556622,0.0211832061069,0.0241021932996,0.0310430463576,0.0341911764706,0.0305380513815,0.0436612588631,0.0204899777283,0.0118818240206,0.0135472370766,0.00665188470067,0.000337457817773,0.0120407533189,-0.00568990042674,-0.0049590440219,0.0375494071146,-0.00496622963846,0.0414263016116,0.0365846910476,0.0253647586981,0.0386254661694
0.0720746284539,-0.00573394495413,0.0258122743682,-0.00677200902935,0.00248412917472,0.00323624595469,-0.0123781933105,-0.0130882245539,-0.0254158101289,0.00870793127795,0.0228823765556,0.0328830430146,0.00235183443086,-0.0163960559922,0.0611086861632,-0.0101555061885,0.0344706296166,-0.0104625550661,0.000224895985607,-0.00518608907871,0.0087029089175,-0.0114895591647,0.0293333333333,0.0111798762228,-0.0172799499942,0.0387419127538,0.00941330998249,0.00102590407797
0.0257568238213,-0.0203767781622,0.0453985571001,-0.00863636363636,-0.0121145374449,0.0151802656546,-0.0264,-0.0243158657478,0.0109300095877,0.00233317778815,0.0518053375196,0.0278781621063,-0.0140778977006,-0.0112313055832,-0.0119292472234,-0.00320615581917,0.108806528392,-0.0372843628269,0.00112422709387,-0.00858632321374,0.0111097978962,0.00352073005859,-0.0233160621762,-0.00384995064166,-0.00860777503452,0.0535054288616,-0.0149642160052,-0.0228029720728
0.0335284725918,-0.0125588697017,0.0656455142232,0.00259819654593,-0.0189520624303,-0.00766355140187,0.00109559024925,0.0186898166729,-0.0210546282246,-0.00372439478585,-0.0190298507463,0.0393437133769,-0.0475963826749,-0.0385406785336,-0.00124895920067,-0.00739787713091,-0.0279055504446,0.00693641618497,0.0236945536216,0.0231982678627,-0.0188194038574,0.0168402144321,0.0414929897689,-0.0102071152512,0.0003693338905,-0.0120467587507,0.046345222369,0.0047194546408
-0.0470461567269,0.0123211446741,-0.00489654083083,0.0432926829268,0.0264204545455,0.0114899227727,0.0216142270862,0.0150150615959,0.0226700251889,0.0214953271028,0.0338531761126,-0.0109536082474,-0.00349825087456,0.0365090592524,0.0466861192163,-0.0105854396198,0,0.0470723306544,0.000438788942519,0.0341596130593,0.0329997617346,0.00264981092495,0.0605784973622,0.0142170604726,0.0147742304341,0.0121936527436,0.0405049973698,0.00156576200418
-0.0568354865648,-0.0141342756184,-0.0273015873016,-0.00905902980713,0.00249100470523,-0.00837988826816,-0.023835029459,-0.0117793406137,-0.0280409245926,-0.0315645013724,-0.0239146431199,-0.0400651465798,-0.0102808425276,-0.0324619422572,-0.0334528076464,0.00327510917031,0.0186119873817,0.0164473684211,-0.00800438596491,-0.0365390236773,-0.0093414831046,-0.0162881394815,-0.0101200686106,0.0165844027641,-0.0200185445443,-0.000185364768597,-0.0239635995956,-0.00625325690464
0.0838368055556,-0.0362405416169,0.0141971279373,-0.0143025656149,-0.00579790171176,-0.00957746478873,-0.0181069958848,-0.0313179454982,-0.00253411306043,-0.0174775625886,-0.0309084055786,0.0183237190363,-0.0374968330378,0.00571120611703,-0.0317264112073,-0.0260065288357,-0.0139362031589,-0.0323624595469,0.0128219299215,-0.0388349514563,-0.00267753201397,-0.0216884328358,-0.0150753768844,0.00825402990872,-0.0289684433837,-0.0474602270066,-0.00362581580856,-0.0453592029365
-0.0267824248346,0,-0.0524537409493,0.0224382946896,-0.00111080255485,-0.00436101630641,-0.0262643196424,-0.00658039673949,-0.00351768614423,-0.0115384615385,0.0202255931544,-0.0288237254249,0.0157936299026,-0.000352450791755,-0.00851063829787,0.0170930622277,-0.00251256281407,-0.00278706800446,0.0162610498745,-0.00473484848485,-0.0058363487802,-0.00810488676996,0.0221674876847,-0.0183954541077,-0.0229507122258,-0.0027249128745,-0.0203784570597,0
-0.0338561811808,0.00123966942149,0.0298862285617,-0.0054133138259,-0.0202946900195,0.0264711483527,-0.0309899569584,0.0267851977554,-0.0309864679349,0.00851167315175,-0.0114372855509,-0.022473837708,-0.0176211453744,0.00922811246425,-0.0158798283262,-0.0079086115993,0.0232997481108,-0.012297372834,0.0362972508591,-0.0171265461465,-0.00551837501468,-0.0134583032925,0.0039586919105,-0.0203100470958,0.00411211609628,-0.0158065901195,-0.0425599660369,-0.02416918429
0.0202044293015,0.0305406520842,-0.00593569661995,0.0133862900853,0.016458569807,0.0267161410019,0.0251702694699,-0.0210375740275,-0.0182149362477,0.00964552688691,0.0204396451986,-0.0019305019305,-0.00448430493274,-0.0105518323114,0.0082860880942,-0.0456155890168,0.0196923076923,0.0181097906055,0.00735751295337,-0.00613101000323,-0.00271546635183,0.00170523751523,0.018343905366,0.0112168252379,0.000389708142005,-0.000991514721384,-0.000443409821527,-0.0106951871658
-0.150285542531,-0.0128153784541,-0.050422955714,0.00217738423574,0.00502512562814,-0.0133718829057,0.000577700751011,-0.0257901552333,-0.012987012987,-0.021495103893,0.0430839002268,-0.0750835238263,-0.0267620561738,-0.0423043666234,-0.0393598615917,-0.110788863109,0.0389257694629,-0.0539188438021,-0.0621335253575,-0.0227272727273,-0.101456138274,-0.0767315175097,-0.0417508417508,-0.0274338912548,-0.00759968746452,-0.0631208341169,-0.0730841743374,-0.0273115220484
0.0381833903235,0.0137931034483,0.0473362445415,-0.00724217844728,0.0105555555556,-0.0141025641026,0.0153002309469,0.00176573489689,-0.0179615705931,0.0417378569685,-0.020652173913,0.0336501901141,-0.0144296215628,0.00965322137703,0.054029716344,-0.026614481409,-0.014812663375,0.027027027027,-0.00460677854557,0.00598006644518,0.0212121212121,0.0316082265678,0.0467322557976,0.0414460285132,0.000785079012595,0.0292362968101,0.0903326154582,0.0163790582042
-0.0148781919022,0.00960384153661,-0.0370246831221,0.00350160490225,-0.00357339197361,0.0180196916218,0.0113733295422,0.0267178198521,0.0165886856657,0.0208528584817,0.0140584535701,-0.0213352951996,0.00165745856354,-0.0319877488971,0.00598035027766,0.0254657552607,0.00235849056604,-0.012585812357,0.043305785124,-0.0234478203435,-0.008127983486,-0.0154424381077,-0.00335683115139,-0.00792021120563,0.0408077729091,-0.0286116708921,-0.0299572039943,0.0353956834532
0.0148146724824,-0.00475624256837,0.00467613439557,-0.00886885722594,-0.000551724137931,0.00328467153285,0.0109642957548,-0.0122980898711,0.0303347280335,0.0229515721827,0.0204304998176,0.00451043037023,0.0273028130171,0.0277252799279,0.0530785562633,-0.0199973859626,0.00588235294118,0.0550405561993,0.0412970004225,0.0185999323639,0.0110561914672,0.0208713692946,0.019872010778,0.0154740784546,-0.004901242969,0.0228871747054,0.0212669683258,0.061978877154
-0.0383989093801,0.0151334129829,-0.0803309774177,-0.0077746809447,0.000276014352746,0.00291014914514,-0.0339265850945,-0.00115659972603,-0.0412182741117,-0.00695535113305,0.00929567393636,-0.0550046772685,0.00322147651007,0.000370783739448,0.0213709677419,-0.00853560949587,-0.0219298245614,0.048325096101,-0.0176488487676,-0.00796812749004,-0.0168532098289,-0.0218469292363,-0.00247688243065,-0.00242647772493,-0.00624978359475,-0.0358415513384,0.00110766504209,-0.0146558492541
0.118418461781,0.014123185563,0.0262417994377,-0.00561797752809,0.0259381898455,0.0243017772942,0.0336787564767,0.0246369311382,0.0133418043202,0.016041572526,0.0187743535246,0.0407840031677,0.0693069306931,0.0177311204376,0.0461902881958,0.0291902071563,-0.024514200299,0.0240963855422,0.00578213732576,0.0481927710843,0.0276105731484,0.0710352994951,0.0203608674061,0.0472854640981,0.0112454486856,0.0174051312906,0.040495684886,0.00451527224436
0.0201232394366,0.00851063829787,0.0374429223744,0.00252750520369,-0.0080688542227,-0.0127478753541,-0.00306321358953,0.00311250145997,-0.0121212121212,-0.000889481876807,-0.0142559109875,0.0382347346395,0.00025025025025,0.0119777660878,0.0335849056604,0.00771141027317,-0.00551639595464,0.0122762148338,0.00369571912535,-0.00191570881226,-0.0197376798676,-0.000611057225994,0.0223880597015,0.00222965440357,0.00377068384829,-0.0101377038101,0.00287111867291,0.00872554204125
-0.0650984588302,-0.0268507863445,0.0140845070423,-0.0155717039893,-0.00732104121475,-0.00807030129125,-0.00810055865922,-0.0124082285153,0.00973133065369,-0.0213665702203,-0.0119929453263,0.00494686698424,-0.000500375281461,-0.0286957501645,-0.00803212851406,-0.0272373540856,-0.0129429892142,-0.0207175341081,0.0430602434285,-0.0271912987844,-0.0106521174331,0.02304997234,0.0401459854015,-0.00862068965517,0.0167144723603,-0.00320047793804,-0.00169653271127,0.00445609436435
-0.0532572778793,-0.00236499802917,0.0147569444444,0.0013558300693,-0.00163889647637,-0.0180799132164,-0.000281610813855,-0.00314182837842,0.011523151058,-0.00864225608369,-0.00428418421992,0.0211485870556,-0.00475594493116,0.0251123694325,-0.00625690099374,0.000666666666667,-0.0149859506712,-0.00412796697626,0.00392233771328,-0.0427490956922,-0.000919117647059,0.0333263765036,-0.0140350877193,-0.0141187470781,0.0151440978743,0.00299670362601,0.0364312267658,0.0140918580376
0.0476348321179,-0.00790201501383,0.0410607356715,0.0012035504739,-0.00738714090287,-0.00110476891917,0.0154929577465,0.00658794798686,0.0120132560066,0.00734113328745,0.0311939763356,0.0594536689877,0.00477867203219,-0.0421453840509,-0.0037037037037,0.0199866755496,0.0177496038035,0.0155440414508,0.00781402617699,-0.00171762281003,0.0144565645946,0.0142299747533,-0.0148537830729,0.0110015174507,-0.00618593987416,-0.00149387511204,0.0329985652798,0.000257334019557
-0.0135680917196,-0.00238948626045,-0.025472473295,-0.0135236664162,-0.0460308710033,-0.0291244239631,-0.0127600554785,-0.0216255696162,-0.0274252967663,-0.0359826918697,-0.0236439499305,-0.0352207617122,-0.0370463078849,-0.0361061879443,-0.0386617100372,-0.0348791639451,-0.0501401432576,-0.0290816326531,-0.00523357239775,-0.0309704060564,-0.0181370643866,-0.0295360941389,-0.0299984294016,-0.0333958724203,-0.0228857074135,-0.0485144638976,-0.0384920634921,-0.00746076665809
-0.0161698113208,-0.0135728542914,-0.016694772344,-0.010662604722,0.00375613984398,0.00436681222707,-0.0148918235459,0.00552427011149,0.0159932659933,-0.00283486888731,-0.0349002849003,-0.00489082969432,0.0265141668833,-0.0210682821125,0.0135344160866,0.0106930157011,0.0183606557377,-0.00210194429848,0.0290335151988,-0.0078125,-0.0368122443594,0.00279819423199,0.0472797927461,-0.00271739130435,0.00318511557817,-0.0379597183405,-0.0102146099876,0.0264385692068
0.0438409757781,0.0234722784298,0.0284685302693,-0.00246343341032,0.01065054692,0.0189035916824,-0.00285225328009,-0.00780833900909,0.0314830157415,0.0132669983416,0.000738007380074,0.0057925223802,0.0205115219043,0.00358695125301,0.056848531095,0.0574527922861,0.00579523502898,0.028962611901,-0.00719560689263,0.0368647100931,0.0428767123288,0.0125567378525,0.00448361162647,0.00797975866096,0.00803139156021,0.0308183489486,0.0421140414886,0.0333333333333
0.0889599294494,0.0102807433768,-0.0303485075871,-0.00293255131965,0.00256337225862,0.0133580705009,0.0157322654462,0.00174703459584,0.00381526104418,0.00374093991115,0.00479351032448,-0.016404886562,0.0533498759305,0.0345499331863,0.0191335740072,0.036094224924,0.0204865556978,0.00562947799386,-0.0308983406447,0.0666206420435,-0.0210166819913,0.00941559038048,-0.00354009542866,-0.00810967368218,-0.0179711065248,-0.0106459834957,0.0167050115035,0.014173998045
0.0559295439591,0.00547945205479,0.0307824591574,-0.0195046439628,-0.0122159090909,0.00585865983156,-0.00197127569699,-0.00989558806814,-0.0108021604321,0.0167714884696,-0.0304587155963,0.0356635911994,0.0143698468787,-0.0157370951929,-0.0605773999292,0.0292140325144,-0.0357590966123,-0.0407124681934,-0.00019681165125,-0.00906148867314,-0.00483026969006,-0.0304858627499,0.020234785295,-0.0179092855752,0.029433002468,0.00824211576558,0.0202676111767,-0.0180722891566
-0.0242066915924,0.00895289996107,-0.0118451785118,0.0183138616988,-0.0149554213402,0.00691663633054,-0.00395033860045,-0.00117427870423,0.00161779575329,0.00504009163803,0.00832702498107,0.00102792530409,-0.00464468183929,-0.00117000209494,0.0222889226581,-0.00914489311164,-0.00195185426155,0.02175066313,0.0358267716535,0.018288700196,0.0152352703249,-0.0278025474718,-0.00454201362604,-0.00852329038652,0.00494775853766,-0.0399629985515,0.0418514946962,0.0868711656442
-0.00232516251576,0.0466820987654,-0.00641566773594,-0.0164341085271,-0.0143065693431,-0.0193420101229,-0.00878186968839,-0.0250139568487,-0.00767211790834,-0.00455892409391,-0.0161411411411,0.048434023618,-0.0529631357909,-0.00781178891549,-0.0147910442256,-0.000839026728994,-0.00749674054759,-0.000519210799585,-0.0273660205245,0.0307889672867,-0.0393094289509,0.0174945691528,0.00365019011407,-0.0133946421431,0.0158682204299,-0.000946113837413,-0.00629396519807,-0.0142244298939
0.117924141214,0,0.0266779949023,-0.00141866330391,0.0133293838863,-0.00129032258065,-0.00971706201772,-0.00422711212457,-0.00101729399797,-0.0029768719945,-0.000381533765738,0.0142017629775,0.0251293422025,0.0299137288061,-0.0067390490453,-0.0103166986564,0.00689655172414,-0.08,0.0156311059007,0.045426260112,-0.00221177771634,-0.0253826373272,0.0222761024398,0.048632218845,0.0149004551151,-0.0172829291512,0.029433681073,0.0213009619789
-0.0379510820096,-0.00810910431257,-0.0223435948361,0.00236779794791,-0.00701549254604,0.0180878552972,-0.0040404040404,0.00424505645418,-0.0494908350305,0.0167661920073,-0.0320610687023,-0.0288105585064,-0.0259552992069,-0.0168150537718,-0.0177157934414,0.00121212121212,-0.090345727332,-0.00112930547713,-0.0119276644863,-0.00922619047619,-0.00360210584649,-0.0352928576992,0.00489178772606,0.00231884057971,-0.00442168484785,-0.0228845022418,-0.00814332247557,0.0123346041713
-0.000656198019198,0.00891861761427,-0.0110038936855,-0.00771653543307,-0.0108919634972,0.00870195794054,-0.0173862648508,-0.0214319637041,-0.0218555817442,-0.00609893833296,-0.0102523659306,-0.0137553861452,0.000246730816679,-0.0147668771344,-0.012663085188,-0.0152542372881,0.00824668339907,-0.00282645562465,-0.0109034267913,-0.00360468609192,-0.0116796440489,0.00214962608617,-0.0030978020357,-0.0291112396376,-0.00692992534193,-0.0207109191703,-0.0202517788725,-0.0192733717324
0.0082918486394,-0.00478821362799,0.0386853817186,-0.00174575464212,-0.00803571428571,0.00629043853343,0.00589796520201,0.00185178811138,-0.0240963855422,-0.00227272727273,0.00916334661355,0.0468828768274,-0.00518006906759,-0.0232758965338,-0.0174893120871,-0.0231128596017,0.0252489331437,0.00453514739229,0.0340551181102,-0.0382876092855,0.00590883511536,-0.0304632426989,-0.0479431784552,0.00476568705322,-0.00948220884979,-0.0219042520486,0.084729981378,-0.0413372487012
0.112071968378,-0.0151739452258,0.0303230059328,0.0282988871224,0.03300330033,0.0101803893552,0.0134857812958,0.00338752456471,0.0300785634119,0.00797266514806,0.0398736675878,0.016051364366,0.0247954376395,0.01453902451,-0.0114715189873,0.0254215957715,0.0114464099896,0.0428893905192,0.0331239291833,0.0595611285266,0.0381818181818,0.0386912490262,0.0124339446689,0.0146245059289,0.0583458696267,0.0321764270753,0.0178540772532,-0.0124882186616
0.0241185362731,-0.0229237128899,0.0337492002559,-0.000463821892393,-0.0110368864362,-0.0176803394625,0.000578536303153,-0.000308162189184,-0.0409675310525,-0.0201129943503,-0.0280941533789,0.0159557661927,-0.0435518993467,-0.0485677398531,-0.0124049619848,-0.0251595483554,-0.0174897119342,-0.0167748917749,-0.0141883176709,-0.00887573964497,-0.0233059409942,0.04312,-0.0159656125269,-0.00895987534086,0.00750876933006,0.00498774065849,-0.0391297014674,0.0376998329754
0.0227925531915,-0.0280769230769,-0.000464180721027,-0.0120649651972,-0.0229074889868,0.0185385169186,-0.0193697600463,-0.0178001397433,-0.0204498977505,-0.022832103321,-0.016015625,-0.00108847768621,-0.0283329117126,-0.0267786720493,-0.0186385737439,-0.0254311972806,-0.0286212914485,-0.0137589433132,0.0355140186916,-0.00716417910448,0.00868965517241,-0.0251648899455,0.00889235569423,0.0178852201258,-0.0343881962695,-0.0414409378477,0.0240477444269,0.0105771441711
0.0111423147931,0.00910170162248,-0.0326625386997,-0.0201972757163,-0.00120228434025,0.0480650291571,0.00589622641509,0.0124979512984,0.0150777081884,0.0198253481237,0.00396982929734,0.00326899128269,-0.00755011715699,0.0322473824328,0.0156895127993,0.0392714119623,-0.0208408192598,-0.0100446428571,0.0249097472924,0.0183403487673,-0.00820456720908,0.0116829093198,0.0381939075305,-0.00173778721761,0.0171380241267,0.00543642651014,0.0114844017827,-0.00204778156997
-0.0747579431922,-0.0407843137255,-0.0638502160346,-0.0177372962608,0.0228708997893,-0.0585061541055,-0.0175849941383,-0.0651246250228,0.0178244972578,-0.0284656329553,-0.0332147093713,-0.0639255236618,-0.00262329485834,-0.00541560436963,-0.0479674796748,0.00994406463642,-0.0128440366972,-0.0140924464487,-0.0158506516379,-0.0451727192205,-0.0157176340824,0.00340218712029,0.0113196306226,-0.0328820116054,-0.0334975369458,-0.0126136967292,-0.0582952042027,-0.0435476516188
0.0609530691941,0.0028618152085,0.00615384615385,0.0248901903367,0.000588408355399,-0.00107449856734,0.0143198090692,-0.0293801254043,0.0157162101482,0.00262029537875,-0.0134969325153,-0.00629869053539,0.0115728563914,-0.0163310344828,0.00170794192997,0.0164923076923,0.00669144981413,-0.0182961692396,0.0100214745884,0.0111317254174,0.0151281692114,-0.00496972632599,-0.00972017673049,0.0222,-0.0189602446483,-0.0114737448876,-0.0097174734569,0.00166865315852
0.0626907509529,0.0232368528333,-0.0341488277268,0.0174603174603,0.00352837400764,-0.0121907493725,0.0517647058824,0.0234678346814,0.0214412024757,0.00736516987408,-0.125621890547,-0.0353628023353,0.0572022880915,-0.00808967240063,-0.0153452685422,0.0106550429834,-0.00295420974889,-0.000582411182295,0.0132884479093,0.0128440366972,0.0426383331034,0.0234928732767,0.00118976799524,0.00958716493837,0.0295095594347,0.0451059339683,-0.0857713974196,0.0252260828177
0.0140763475453,0.0239043824701,-0.0124890061566,-0.0230889235569,-0.00644594198652,0.0161524500907,0.0240492170022,0.0471908028926,0.0238043713482,0.00896226415094,0.0308202939782,-0.0131419678368,0.00934579439252,0.0459239154074,0.017316017316,-0.0190487600335,0.0451851851852,0.0168997668998,0.0122399020808,-0.0458937198068,0.00555849655903,-0.000599286563615,-0.0398098633393,-0.0062015503876,0.00464271295922,0.0522459043398,0.0453190220632,0.0452646239554
0.0458484763769,0.0509727626459,0.0171001068757,-0.0190035132546,0.0032438808611,-0.00732273620289,0.0289459311851,-0.0304665781319,0.0156415134221,-0.00864890135577,0.024379024839,0.00578237252497,0.0112085769981,0.0324170340181,0.0425531914894,0.0211284807035,0.0435861091425,0.0229226361032,0.010537225773,0.0664556962025,-0.00171097657278,0.0470008185643,0.0162438118812,0.00702028081123,0.000602772754671,0.0338225119812,0.0315649362997,0.0168776371308
0.0202573132039,0.0125879303961,-0.00788091068301,-0.0149763958978,0.0111699000588,0.00611730838431,0.0119426751592,0.0268435048142,0.0260145681582,0.00400848856402,-0.000898069151325,-0.01393728223,0.0257831325301,0.0337838110008,0.0355102040816,0.00897021887334,0.0264855687606,-0.0280112044818,0.0109401709402,0.00682492581602,0.0234673698088,-0.0169363636364,0.00822042928909,0.0369868319132,0.0222891566265,-0.0185622556071,0.0217511520737,0
0.0571161688652,0.0296160877514,0.0480141218005,0.0244587671459,0.0523255813953,0.0307582260372,-0.00813008130081,0.0127489586335,0.00649087221095,-0.0100986378581,-0.0229213483146,0.0397526501767,-0.00681230913789,-0.0369113395313,-0.00472999605834,0.0347321005216,0.00793913331128,-0.0167146974063,0.02806898884,-0.0253463012084,0.0206105886899,-0.000804534988025,0.0418239468519,0.0046685340803,-0.000196425063838,0.0144214138709,0.0411329604907,0.0100458615418
0.072349137931,-0.0145596590909,-0.010611419909,0.00661396999516,-0.0060773480663,-0.00919500346981,0.0285563194077,0.0129080978557,0.00765820233777,0.0149466192171,-0.00689972401104,-0.0283772302464,-0.0149006622517,-0.00119756118283,0.0637623762376,0.0208500400962,-0.0298654414178,0.0246189917937,-0.0394736842105,0.0266102207439,-0.0130001262148,0.000111059694586,-0.00536231884058,0.00520446096654,0.0381139489194,0.00466111258304,-0.00450528504592,0.00540540540541
0.0310107120606,0.0036036036036,0.0131086142322,-0.0216346153846,-0.00583657587549,0.00560322185257,-0.0012853470437,-0.0146057285526,-0.0572,-0.00303880317906,-0.0111162575266,0.0430220356768,-0.0062424969988,-0.000396965241237,0.00148920327625,-0.00763101784312,0.0186062246279,0.00114416475973,0.0674657534247,0.0182621502209,0.00153452685422,0.0101793414891,0.00830540579921,0.00813609467456,-0.027441332324,-0.000231974370495,0.015317667537,-0.0243010752688
0.0430214424951,-0.0143626570916,-0.0109225340279,-0.014742014742,-0.00615040536763,-0.00905450113181,0.00772200772201,-0.0312209678782,0.0326686465846,-0.0351699882767,-0.0192037470726,-0.0010060362173,-0.00169122976564,0.00559619086212,-0.0104089219331,-0.0279316973878,-0.0564596479575,0.00114285714286,0.013795316009,-0.00289268151577,-0.0154494382022,0.000916069694582,0.0143063583815,0.0188921496698,-0.00700525394046,-0.00556867668214,-0.0051431510372,-0.00815516861362
-0.0471246752761,-0.0225865209472,-0.0197077811757,0.0172901080632,0.00759493670886,0.0288174310315,0.0114942528736,-0.00650935720098,0.00575184880855,0.00656136087485,0.16141356256,-0.0474991607922,0.0121006776379,-0.0242549041732,-0.0315552216379,-0.0372266170312,0.135163674762,-0.00279680365297,-0.0213607594937,-0.0107339715695,0.0059655038257,-0.00171148249163,-0.00313434962245,0.0286228622862,0.00470311581423,-0.0165662539635,-0.0206789591591,-0.014
0.0276058879485,-0.00708162504659,-0.0103986135182,-0.00130740317045,-0.0111669458403,0.00563620836892,0.0151515151515,-0.0013125950626,-0.0126633986928,-0.00651859005311,-0.0148026315789,0.00669603524229,-0.00549976087996,-0.0110020360374,0.00737005430566,0.00869985500242,-0.0015503875969,-0.00692576269246,0.0291026677445,0.0131964809384,0.013278329251,-0.00297960119184,0.0217235958268,0.00245012250613,0.0202847669202,0.0204041877285,0.029561851135,0.0216362407032
-0.0199072395167,-0.0183933933934,-0.0162872154116,-0.0165275732286,-0.0104460756635,-0.0169836956522,-0.0126865671642,-0.0118105767999,-0.0318576748035,-0.0204131227217,-0.0267111853088,-0.00630141781901,-0.0266891079586,-0.0123604748761,-0.0388910281094,-0.0153330138955,-0.0121118012422,-0.0132564841499,-0.023723487824,-0.024023154848,-0.0139949109415,-0.0024183908046,-0.0174849629319,-0.0239175977654,-0.0162492831199,-0.0118582008821,-0.012647410699,-0.0145598941099
0.0578675754625,0.0271510516252,0.057504005697,0.0480865224626,0.00941512125535,0.0207325501037,0.0246913580247,0.0451542870268,-0.0232905982906,0.0322500620193,0.0656089193825,0.038400563678,0.00839920948617,0.0429701538605,0.0604967948718,0.0186131386861,0.0581578120088,0.113317757009,-0.0119085934986,0.029359430605,0.0196129032258,0.00242425359721,-0.0209282460137,0.0159184403506,0.0491643995336,0.00400016842814,0.0654318850615,0.0573091560331
0.125438362343,0.012285927029,0.026430976431,-0.0185743768852,-0.00791407574901,-0.00304671631686,-0.0184411113843,0.0222362436948,-0.00678188580179,-0.00720980533526,-0.00724346076459,0.0239185750636,0.0267025967663,0.0280002918808,-0.0256894597658,-0.00668816433775,-0.00564468211527,-0.00734522560336,-0.00749185667752,-0.00691443388073,-0.0192356365477,-0.00919540229885,0.0103242693035,-0.0200704225352,-0.0101870716799,-0.0609328280885,0.012672623883,0.000423459665467
-0.0925321621644,-0.0308937109231,0.00377234705593,-0.0101908767389,-0.051566951567,-0.0213921901528,-0.0413326653307,-0.03667036549,-0.00330396475771,-0.0196078431373,0.00891771382246,0.0306494367131,-0.0529706513958,-0.00700362405997,-0.172159751842,-0.0211614764939,-0.0191216014341,-0.0401691331924,-0.0484082704299,0.0359733101247,-0.0232258064516,-0.0319071925754,-0.0354058721934,-0.0213798059648,-0.0374251497006,-0.0129778352235,-0.0206962939195,-0.0361904761905
-0.034373676289,0.0626185958254,0.0312091503268,-0.0455956855695,-0.0108140582758,0.0260235947259,0.0412856022995,0.0290311549468,0.025635359116,0.0308641975309,0.0421856167135,-0.0234688956759,0.00781053162006,-0.00235100692197,0.0140515222482,0.00270237071613,0.0496497106305,0.0401982378855,-0.0037937575444,-0.0193223186782,-0.0402906208719,-0.0197676202163,0.0299910474485,0.0714154580503,0.0241057542768,-0.00530996063443,0.0978047182176,0.0155906895037
-0.102666529778,-0.0296428571429,-0.0180636983045,-0.0265410958904,-0.0054661402976,0.0109908691241,-0.0102885821832,-0.0109700213384,-0.0286576168929,-0.0194011976048,-0.032767925983,-0.0314403292181,-0.01275,-0.0196405469419,-0.0480369515012,-0.0259708440524,-0.0182820661637,-0.0561143462149,0.0133287173273,0.0316961736151,-0.0203716448727,0.0287237163814,0.0305664203969,-0.0217614804661,-0.00873196659074,-0.0116934340164,0.0252201164005,-0.0458378378378
-0.0384843410337,-0.0287081339713,-0.0382443117638,0.0290237467018,0.0152671755725,-0.00585382170932,0.00836713995943,0.0440555433729,0.00953859804791,-0.00488519785051,0.0195296931048,-0.037729435758,0.00531780197518,0.0580962396612,0.0252304706453,0.0116966419318,0.0141885900089,0.0964666292765,0.000854116843184,0.00636590091337,0.024448503583,0.0015496211509,0.0136350857464,0.00437905062183,0.0153198008426,0.0326660240859,-0.00116448326055,-0.0192612735101
0.0862261068983,0.0117468738158,0.0159395973154,0.00974358974359,0.0108270676692,0.0262449528937,0.0253960271561,0.0558589383109,0.0129641836959,0.0257731958763,0.00938232994527,0.00971388202049,0.0544080604534,0.0189301927556,-0.0246095598675,0.00335653903531,0.0507140775284,0.0158567774936,-0.0100699778119,-0.00825082508251,0.0117953641476,0.00735643094447,0.0117875468035,0.0115102895012,0.0269709543568,0.0338717754432,0.0499854269892,-0.00577634011091
0.00995877068935,0.0131086142322,-0.0104046242775,-0.0196377179617,-0.0086283844094,0.00573770491803,0.019617459539,-0.0207007851026,-0.00737527114967,0.0177075855468,0.0302091402014,-0.00122441840126,0.0140946010511,0.0546282417276,-0.00436681222707,-0.00099120307273,-0.0191400832178,0.0055387713998,0.0162068965517,-0.022462562396,-0.00108445167412,0.0282685512367,0.0160361842105,0.0131034482759,0.00532598714417,-0.0351712280132,0.0201249132547,0.000697188008366
-0.0776125584239,-0.00517560073937,0.00100133511348,-0.00103609048524,-0.00660264105642,-0.0273838630807,-0.0036075036075,-0.00968787164962,-0.013986013986,-0.0136374324007,-0.0233082706767,-0.0218914185639,-0.0153121319199,-0.0176197295261,-0.0107212475634,-0.00781346893216,-0.0113122171946,0.0540811216825,-0.0380047505938,-0.0164539007092,-0.0236124304519,-0.00435280641466,-0.0202347227843,-0.0176991150442,-0.0180854950676,0.0124849195314,-0.00380952380952,-0.0139340455179
0.00305741744438,0.00743218134522,-0.0056685561854,0.0212618841832,0.0172205438066,0.0387129210659,-0.00893072652667,0.0174909848811,0.00332446808511,0.0128724672229,-0.000384911470362,-0.0119964189794,-0.0131578947368,0.0243917511532,-0.028078817734,0.024125,0.00686498855835,-0.00902612826603,-0.0171075837743,-0.0100951831555,0.00194579569145,-0.0284215370456,0.0304281977144,0.004851004851,0.00167441860465,0.0236728633028,-0.0303195848129,0.00471031559114
-0.0257383111831,0.0287716709701,0.0171026156942,0.0236966824645,0.024651024651,-0.0451758631817,0.00949829517779,-0.00291328111537,0.0550033134526,0.00941397975994,0.0192529842126,0.0284523378036,0.0387878787879,0.00279982824881,-0.00557526609225,0.020139143171,0.0130681818182,0.039309683605,0.0143549255338,0.0119463869464,0.0403662089055,0.0125518652545,0.0446285408872,0.0120689655172,0.00520059435364,0.029873607758,0.0683098591549,-0.0178152836381
-0.0700111580283,-0.0315525277877,0.0103857566766,-0.00892857142857,-0.0205797101449,-0.0150388644812,0.0159227985525,0.0207492964544,0.00397822445561,-0.0116577290744,-0.0249338874197,0.0257268722467,0.00326721120187,-0.0453905276866,0.00662589194699,-0.00598229241445,0.0100953449243,0.000461254612546,-0.0283035556342,-0.00518283904405,0.0245333333333,-0.000701675601336,0.00268610897928,0.00885860306644,-0.0140428677014,-0.00444463049238,-0.00619644034278,-0.0157517899761
0.0527677794246,0.020362828582,-0.00424212759015,-0.0128461795128,0.0266350991418,-0.00703379653457,-0.0042745191166,-0.0146027141689,-0.0246089676747,-0.0122670441142,-0.0267338240992,0.00223329324858,-0.0141893463596,0.0219450262265,-0.020253164557,-0.000240731824747,-0.0169350360911,-0.00461041954818,0.00983069361005,0.00520984081042,-0.0130140551796,-0.00631951466127,-0.00484755708636,-0.0175616345829,-0.0174287856072,0.00634425171221,-0.0249403024675,0.0215809893307
0.0960893854749,-0.00979680696662,0.0149106996559,-0.024674666216,-0.0221965984434,-0.0126123013131,-0.00119246362986,-0.0273104816617,-0.0228779131922,-0.0093145450203,-0.0187101910828,0.0236544394926,-0.0136857008023,-0.00536844587119,0.000516795865633,-0.0115579099446,-0.0279582038972,-0.0277906438166,-0.0548043987741,0.0178520011517,0.0677742616034,-0.0214345609919,0.0356364568645,-0.00859401856308,-0.0110623688728,0.00326887344298,0.0265306122449,-0.0173273201994
-0.0561977573904,-0.0164895566141,0.00177591217307,-0.00103968116444,-0.0185731132075,-0.0195975503062,0.00286532951289,-0.0301670838486,0.00262582056893,-0.0106075216972,-0.00851926977688,-0.00669792364367,-0.033971291866,-0.00503637789245,-0.00878099173554,-0.00560292326431,-0.0180127832655,-0.00619342544069,-0.0144955178333,-0.0291371994342,-0.00889108421833,-0.0154050567099,0.0193093204605,-0.00312066574202,-0.016393442623,0,0.0132538104705,-0.00700483091787
0.0144944754663,0.0100596125186,0.0380338436745,0.0117953165655,0.0192249924902,0.010173121542,0.0161904761905,-0.00523407267903,-0.00611086861632,0.0126705653021,0.0143207855974,0.0281523937964,-0.0074294205052,-0.0137451250623,-0.0145909327775,0.00575698187163,0.0168639053254,-0.0273250239693,-0.0292239210374,-0.00174825174825,0.0647894343384,0.0108838082572,0.0455373406193,0.122260869565,0.0152941176471,0.0365361907702,0.0121648136037,0.0447579664315
0.0585548659094,-0.104020656584,-0.0153702841174,0.00445739756558,0.0135573239022,0.0226148409894,0.0492033739456,0.0151698882382,0.00856389986825,0.00986525505294,0.013311819282,0.00295130349238,0.0114770459082,0.0146688271628,0.0306716023268,0.00146145414688,-0.00378236834449,0.0330211927058,-0.00717703349282,0.00321074138938,-0.00573367657384,-0.0120918984281,-0.0260162601626,-0.0247946691461,0.0198918501352,-0.0076339125338,-0.022615662962,0.0104772991851
0.0328978467047,-0.0230547550432,0.00457269000315,0.00204813108039,0.0177377144519,-0.026606772633,0.0294774452881,0.0039646617616,0.0357065099064,0.0333571598761,0.0167197452229,0.0137322216773,0.0115934879132,0.0397551836672,0.0318111852232,0.00802626778548,0.00613317757009,0.0381679389313,-0.0947791164659,0.0296770439337,0.0371895963281,0.00673684210526,0.0444788933938,0.0311457174638,0.0149592880136,0.0287342634359,0.0564590770858,0.0504608294931
-0.0570301850049,-0.0244416350611,-0.0268403704285,0.0214614205416,-0.0125714285714,-0.0136670216542,-0.0338394793926,-0.0425272277983,-0.00294303132226,0.0131427253862,-0.0254502740799,-0.0233833252701,-0.0124359912217,0.0424059885513,-0.0392839383391,0,0.00696661828737,-0.0551470588235,0.0359361135759,-0.011867759254,-0.0114603426756,-0.00742124050461,-0.0197511131408,-0.00169517645246,-0.00876865671642,-0.0206738326693,-0.0304130162703,-0.0142575126124
-0.065053746786,-0.0116630669546,-0.0196774193548,-0.00183425045856,-0.0141782407407,-0.0232139643693,-0.0426582846879,-0.0231603915529,-0.00168669618385,-0.00773782430587,-0.0470068300522,-0.0386393659181,-0.0496296296296,0.000331178420684,-0.0678053830228,-0.034624200748,-0.00807149034304,0.00194552529183,-0.0680942184154,-0.026880183014,-0.03891184573,-0.0448309652131,-0.00174703004892,-0.0284038283421,-0.0231507622812,-0.0482817475421,-0.0593778236737,-0.0195816644415
0.00266171874137,0.0367132867133,0.0131622244159,0.0138656866021,0.0076313472263,0.0156595431098,0.0138367729831,0.0227346034945,0.0485744456177,0.0204128440367,0.0118043844857,0.0276537272415,0.00467653936087,0.0170027465196,0.011660188784,0.00912271932017,0.00435919790759,-0.0140776699029,-0.00919117647059,-0.03261827799,0.00167204108444,0.0388509874327,-0.0257846225645,-0.00540197013028,0.0483622350674,0.00424746580293,0.0212707561411,-0.00567408079891
-0.0558468452591,-0.0514333895447,-0.0248457291328,-0.00922722029988,-0.003204194582,-0.0353709414112,-0.0060143418922,0.00190647634977,-0.0495468277946,-0.0238255787817,-0.0025,-0.00802273107137,-0.0312904059995,0.00753710421068,-0.01317233809,-0.0209287925697,-0.0315393518519,-0.0211718365337,0.071892393321,0.00698663426488,-0.0109693573387,-0.00937172878276,-0.0164071856287,-0.0183706070288,-0.0148869693071,-0.00305463971328,-0.0683955925826,-0.0269344898425
-0.0499918333061,-0.0351111111111,-0.0301415487094,0.0207882920339,-0.010227936879,0.0212485896954,-0.0318827088667,-0.00697475365538,-0.00423818605637,-0.00276306700437,-0.0271512113617,-0.0296545914069,-0.0320341697811,-0.0598589575785,-0.0622914349277,-0.0258031874526,-0.00298775022408,-0.0201207243461,-0.022933794894,-0.00663650075415,-0.0336347197107,0.010955708632,-0.0517472300012,-0.0297803091945,-0.0143656716418,-0.0492571972967,-0.0434155488245,0.00164203612479
0.00349998157904,0.0386918470751,-0.0145947802198,-0.000488758553275,-0.0044286979628,0.0103111765789,-0.0396634615385,0.0268127453145,0.0272398382635,-0.00877395520665,-0.00987548303993,-0.0013891300573,0.0165471594043,0.0058844776737,0.0818505338078,0.00843936639834,0.0326640695235,0.017453798768,-0.0367581930912,-0.00242939568782,-0.00910678642715,0.0239123575119,0.0883410374936,0.0214693056021,-0.0115464698088,-0.00173532282224,0.0547346200241,0.0353629976581
0.0312920674548,0.0119733924612,0.0249172329674,-0.0185819070905,-0.0151245551601,0.0204118826317,0.0387984981227,0.018963543654,-0.00414336026518,-0.00232937339856,-0.0021682567216,0.037732568249,-0.00596852957135,0.0206390433525,0.00219298245614,-0.00669499163126,0.0162507254788,-0.0110998990918,0.0331034482759,-0.00578386605784,0.00981996726678,0.0142145863228,-0.0102642756017,0.0220032840722,0.014745308311,0.0439525394133,0.0361686919228,0.00475005654829
-0.017621720402,0.0385626643295,0.0566133968038,-0.000996512207275,0.00361336946703,0.00553670298268,0.0330120481928,0.023488801969,-0.0104014978157,0.0126079850572,0.0247718383312,0.0514410187668,-0.0237445414847,0.0117982613448,0.0590809628009,0.0112767336358,0.0456881781839,0.0204081632653,0.00155763239875,0.0401102265769,0.0113452188006,-0.0346680846619,-0.0308737632614,0.028116966581,0.0126438950745,-0.00475757644048,0.0315949227373,0.0137325529041
-0.0509144058174,-0.0084388185654,0.0143201930813,0.0133000831255,0.003600360036,0.0120781527531,-0.00676463727548,-0.0169894597498,-0.0292200966996,0.00599492736915,0.0122985581001,0.0242231075697,-0.0215264187867,-0.00333210672194,-0.0609504132231,-0.0173032555755,0.00546149645003,-0.0515,0.0402132859365,-0.00853694436267,-0.0987426035503,-0.0288898506817,-0.0116851168512,-0.0175027348023,-0.0290719344018,-0.0253331756667,-0.0200615220008,-0.0146568954031
-0.0478166244543,-0.0434042553191,0.0152284263959,-0.000656275635767,-0.0325859491779,-0.020358020358,-0.0434476279944,-0.0424498137365,-0.0684278908618,-0.0213156085262,-0.0611646418098,0.00933561537265,-0.04,-0.0441193406995,-0.018701870187,-0.038737446198,-0.0122216186855,-0.0527148128624,0.0177274668945,0.0308788598575,-0.0335111475858,-0.00114459356799,-0.0174237710019,-0.0780976618419,-0.0163147792706,-0.0225610102376,-0.0556844547564,-0.018706333108
0.172815248483,0.067615658363,0.02125,0.0175669019865,0.00803461063041,0.0193479039771,0.0851951878222,0.0319819931237,0.0327754532775,0.0304449648712,0.10620258813,0.021581624788,0.0300595238095,0.0269244534846,-0.0201793721973,0.0310719131615,0.0709375859225,-0.00111296605454,0.0661070304302,0.00345622119816,0.0145768468723,0.0221879690099,0.0315389487017,0.0602139406487,-0.011512195122,0.0178130958606,0.0192224309871,0.0362884703721
0.106481428718,0.0025,0.0364137086903,0.00919651500484,0.00214592274678,-0.01230228471,0.0321266968326,0.0377395961021,0.00157551204141,0.0113636363636,0.0484066155708,-0.00739399426588,0.00288933834152,0.0108939077624,0.0297482837529,0.0186866692986,0.0338896020539,-0.00389972144847,-0.0584645669291,0.0157864523536,-0.0179941414423,-0.0203373015873,-0.0493614931238,0.0120423108218,0.0276352151599,-0.0224312984725,0.00496313102666,0.0150709219858
-0.0110417567929,0.00665004156276,0.0219958665486,0.0115107913669,0,0.0569395017794,-0.00767207365191,-0.0153756813473,0.00719101123596,-0.02,0.00230858022316,0.015962298571,-0.000576202823394,-0.0101006308201,-0.0377777777778,-0.0244154502002,0.0141544574125,-0.0262863534676,0.0137988710015,0.00395591975134,-0.0198863636364,-0.0136708860759,0.0300955825368,0.0144717800289,0.00076834421821,-0.000756461776119,0.0325948920559,-0.02903930131
-0.0486491553315,0.0127993393889,0.000288892098801,0.0101153785364,0.00397675130009,0.00606060606061,-0.0304837640822,0.0186183046485,0.00624721106649,0.00871359779867,0.00115163147793,0.00329193475984,-0.0412222542519,0.00442079636405,0.0317551963048,0.0153601694915,0.000979431929481,0.153934520391,-0.017116931326,-0.0227976358007,-0.00550724637681,-0.00949691991786,-0.054670846395,-0.0415279759074,-0.00575815738964,-0.0146359992456,-0.0986608362941,-0.03103215651
0.0409774147992,0.0648185894823,0.00837545126354,0.00563292129557,0.0347349177331,0.0170682730924,0.0357712462976,0.0176891292619,-0.0223946784922,0.00454648783814,0.021472392638,-0.00238627889635,0.031268791341,0.0152433267531,0.0212646894236,0.0339071465832,-0.0300880626223,0.0408163265306,0.0398657154847,0.0285138248848,0.0364325269601,-0.00531743975123,0.0164478047486,0.0163717545891,0.0289575289575,0.0204874393127,0.0347180109157,0.0327222093293
0.00631007719328,-0.00650842266462,0.00386653300874,0.00482340127587,-0.000883392226148,0.00329055610398,0.0123185217774,0.0124584207481,0.00771149920617,0.0117673681828,0.0337837837838,-0.0109134399761,-0.0177842565598,-0.0200192753158,0.0619178082192,0.0131180625631,0.0327868852459,0.0239120038259,0.0357142857143,0.00280033604032,-0.0025309336333,0.0140680686105,-0.0249249641133,0.00113895216401,-0.00675422138837,-0.00953616213061,-0.0319413919414,-0.0152808988764
0.0209016993082,-0.00423892100193,-0.0285306704708,0.00216785382471,0.00618921308576,0.0152509019351,-0.00630160799652,0.0177392936849,0.0229574611749,0.0080518899575,0.0152505446623,-0.0201027811366,0.0281982784209,0.0177056194896,0.0257997936017,0.0135707171315,0.0002442002442,0.0401681457263,0.00915643872979,0.0265289025412,0.0109952072174,0.0422661131207,0.00950214132762,0.0281163660003,-0.00736683037401,0.0255901469266,0.0181625548661,0.0109539023277
0.0602440472534,0.00270897832817,-0.046402349486,-0.0105067985167,0.00849443468073,0.000161524794056,-0.00743494423792,-0.000843897740927,0.0448844884488,-0.0115376081651,-0.00286123032904,-0.0436526299553,0.0121247113164,-0.0040145663658,-0.0241448692153,-0.00589608156246,0.008056640625,-0.0139200718455,-0.003861003861,0.00979325353645,-0.00515895147797,0.0157752033522,-0.0213442927217,-0.00553272209927,-0.00133206470029,-0.0158109345094,-0.0261632228334,0.0268623024831
0.0191752517597,0.0339637205712,0.020942408377,0.00187382885696,0.0127795527157,-0.0229328165375,0.0262172284644,0.00618857734937,0.0128448094336,-0.00246913580247,0.0100430416069,0.0137096774194,0.0433542498574,0.00973983972329,0.0128865979381,0.0161868281231,-0.0118672802131,0.040072859745,0.00949612403101,0.00808189655172,0.035599159075,-0.00121329774327,0.0188295854782,0.0184390398983,0.0192454268293,0.0607428976072,0.0225919706915,0.00967245548472
0.0251712344989,0.00597237775289,-0.0187028657617,0.000467581047382,0.00057355893318,0.0295867768595,0.00708458565908,0.0486611475343,0.0149688149688,-0.000900090009001,0.00674715909091,-0.0106603023071,0,0.00332768043479,-0.012213740458,-0.00291828793774,0.028431372549,0.0170753064799,-0.0627759646765,0.0382148583645,-0.00257138990391,0.0508940719145,0.0332402606036,-0.0131106602154,0.02710787063,0.01774803028,-0.0397074190178,0.0230785978663
-0.011745245532,0.0152133580705,0.0298186289579,0.0140208755258,0.0174835196331,-0.00401348531064,-0.000852696653166,-0.00960259481335,-0.00778369520688,0.00225225225225,-0.00141093474427,0.0374718559022,-0.00656096227447,0.0122685574112,0.0530654301906,-0.00158536585366,-0.00691134413727,-0.0107619457598,0.0124948791479,0.0169884169884,-0.00149253731343,0.0112172521894,0.0290824861665,0.0105962359639,0.00436840189297,-0.00674289854079,0.0160111922898,-0.0119174292403
-0.00307640518781,0.0131578947368,-0.00671641791045,-0.00337993547396,0.0185915492958,0.0130560928433,0.00512054619159,-0.0121143653779,-0.00454170107349,-0.00179775280899,-0.0233133168492,-0.0196868702527,0.0374243258118,0.0281701362032,0.00880626223092,0.0260168559912,0.00455963522918,0.0578764142733,0.0260975116326,0.0268286509744,0.0300312542465,0.0112025605853,0.0335125672127,0.0203442879499,0.0242841609279,0.0636706150218,0.0541615667075,0.0357527460694
0.0103175943122,0.0263347763348,0.0492862509391,0.00092492677663,-0.016592920354,-0.0127287191726,0.0131606877521,0.00953782892736,0.00207382828702,-0.0038271049077,0.000361663652803,0.0286211258697,-0.0358090185676,-0.0117878002241,0.0480116391853,0.0322619047619,0.0453893932155,0.0115178938708,-0.0626971608833,0.0382055706187,-0.00065963060686,0.0233958851458,0.000120992135511,0.0243865030675,0.0198159943383,-0.00176063679453,0.0149492017417,0.0210022873778
0.0803702397089,0,0.00128884433625,0.0642230093947,-0.000843644544432,0.01982272361,-0.00712340247224,0.0264572261789,0.0612582781457,0.0684745762712,0.00253073029646,0.00906994619523,-0.00302613480055,0.00838027156654,-0.00740397963906,0.0559335716757,0.0443327239488,-0.00650671004473,0.0652082456878,0.000474833808167,0.0572937293729,-0.00209434262385,0.00169368497459,-0.0270998652493,-0.0171755725191,0.00198420986674,-0.135993135993,-0.0030549898167
-0.0127609112236,0.00281195079086,0.0131578947368,-0.0202604920405,-0.00928792569659,0.00837547408344,0.00126608989238,-0.00972956790739,-0.0341263650546,-0.0109983079526,-0.0191128741435,0.0114259597806,0.0278697571744,0.0185425785945,-0.00885780885781,-0.000655307994758,-0.00131291028446,-0.0216946377405,-0.0317930489731,-0.00522069292833,-0.0143588462979,0.0184812928935,-0.0311594202899,0.00831024930748,0.0116504854369,0.0087989308801,0.00562727573651,0.0296220633299
-0.00883484497676,0.0108657553453,0.0292207792208,0.010635155096,0.00198863636364,-0.00391788120984,0.00421496311907,-0.0177979187846,-0.0411871592974,0.00106928999145,-0.00772058823529,0.0509112818196,-0.000805369127517,0.0188316728379,-0.0208137347131,0.0120218579235,0.00372480280456,0.0326359832636,-0.0126453191923,-0.00214694656489,0.00823410184951,0.00891211351859,0.00324108701072,-0.00564713064713,0.0148316175188,0.00131096805003,-0.0149769585253,0.0232142857143
0.0582149976728,0.0176837725381,0.0208476203539,-0.0362467114879,0.00255174369152,-0.004877281309,0.000209863588667,-0.0278520431873,-0.0246367656349,-0.00854518265328,-0.0407558354946,0.00831302852229,-0.0220311660398,-0.0061601578599,0.00876666266362,-0.00572354211663,-0.0512988430474,0.0810372771475,-0.0342904358604,-0.00765001195314,-0.00113079532605,0.0139007385575,0.0647365805169,0.00260936300844,0.0139270976616,0.0341964611226,-0.00551378446115,0.0168702734148
0.0251369294606,0.018398637138,-0.0268708853957,0.0162268729148,0.0175339366516,0.00695652173913,0.00503566932438,0.000844290485591,0.0302245250432,0.0135746606335,0.0448049439938,-0.0157782515991,0.0552197802198,0.0266594619727,0.0604761904762,0.012816335397,0.0255407271054,0.0161169415292,0.00128342245989,0.00915442062154,0.0236477987421,0.0235869103272,0.0400280079356,0.00842008573178,0.0103442428353,0.00821433084797,0.0233534946237,-0.00324180015256
0.0354977373734,-0.0137169621947,0.000552257351926,-0.0202954782868,-0.014730405781,-0.0133458941749,-0.0265135699374,-0.0124024612636,-0.0232606873428,-0.0104166666667,-0.00295748613678,-0.00707683419988,-0.0213486071336,-0.0160038188845,-0.0561293219578,-0.0193029490617,-0.0213147857303,-0.0483216525267,-0.0134586626789,-0.0188589162091,-0.014131236176,-0.00477475607224,-0.0196364452424,-0.0156368604828,-0.0127559583753,0.00271580178825,0.0174027253325,-0.0210445762388
0.017644667511,-0.0050881953867,0.0731337105009,0.00959634424981,-0.00169252468265,0.00922978994271,0.00450353849453,0.0178151408285,-0.00686547951083,0.00601503759398,-0.0767519466073,0.0690909090909,0.0428305400372,0.0260816563889,0.00951474785918,0.0225259704757,0.0247592847318,0.0562015503876,0.0591165006496,0.0340632603406,0.00822634924592,0.0235711305799,0.0252947235893,0.000925354719309,0.0181910914655,-0.0227092795533,-0.00774568339519,0.00586281024038
-0.0260042559403,0.00715990453461,-0.030988813167,-0.00875075437538,-0.00480361684092,0.00709555345317,0.0151579846285,0.0241029280183,-0.00626485201987,0.0422805893658,0.0100401606426,0.00272108843537,-0.0104591836735,0.0322954108755,-0.0245051837889,0.00139022564432,-0.0154362416107,-0.0051376146789,0.0241259456144,0.0254117647059,-0.025219433799,-0.00703484817607,0.00223264121456,0.00169491525424,-0.00968442143931,0.0108723458685,0.0256952349976,0.0231202642316
-0.03695991671,0.0118483412322,0.00199044585987,0.013698630137,0.0789324247587,0.00454047283545,0.0143007360673,0.0238158362507,0.00804347826087,0.00184388444991,0.0270377733598,-0.00502035278155,0.030162412993,-0.000869029094859,0.00676328502415,0.0192225544639,-0.0040899795501,0.018443378827,0.00618886005191,-0.00229463056448,-0.00634115409004,-0.0130282730765,-0.00245043439519,-0.0423011844332,0.0414769853313,0.027624419774,-0.0182337085778,0.024876566654
-0.0382555282555,-0.00836400133824,-0.00132432790359,-0.0142642642643,-0.0113157894737,-0.00561097256858,-0.00704955421937,0.000273668660818,-0.0178995039896,-0.0106339468303,0.00542005420054,-0.00818219009955,-0.0267767767768,-0.00956763459628,-0.0364683301344,-0.00199077954736,-0.0228154232261,-0.0246287576965,0.0605158730159,0.00206991720331,0,0.0390933666043,-0.0089325591782,0.00481850305172,-0.01489396147,-0.00328354017476,-0.0214793281654,-0.00778210116732
0.0321130214853,0.00742240215924,0.0161782256995,0.00563594821021,-0.00958211338834,0.00736677115987,0.00856128628106,0.0188779712874,0.014053579271,-0.00268706076891,-0.00269541778976,0.0109995875155,0.0326562098226,0.00322199740104,0.00846613545817,0.0199475065617,0.0179780527668,0.0148533234311,0.00523854069224,0.0174431948588,-0.00536056158264,-0.00910946567941,0.000901306894998,-0.000639386189258,-0.00295809367297,0.00288256266323,0.0122132365077,0.00261437908497
0.00742574257426,0.00234427327528,-0.0519378833355,0.00742199333535,0.00913732867509,-0.00980239614128,-0.00724637681159,-0.0115465572549,0.0177566045907,0.00663212435233,0.0100386100386,-0.0282877736978,-0.0166832669323,0.00671015898552,0.0375308641975,0.018013381369,0.0158256880734,0.0475667764362,-0.00763074632421,-0.013986013986,-0.00436288977287,-0.00504899545186,0.0011256190905,0.0107165706974,-0.0161529586286,-0.0131373926198,-0.0169574433393,-0.0311044887316
0.107051597052,0.0427664550618,0.00013764624914,0.00195459329424,0.00905459387483,0.0213702074167,0.000834202294056,0.0141263897084,0.0208510638298,-0.000411776816965,0.0183486238532,-0.0153953813856,0.0157001772601,0.0205808826337,0.0533079485959,0.00444893832154,0.0112892300745,0.0101292350681,0.0333833458365,0.0116678105697,0.0228122180693,0.0124876179341,-0.00910726332359,0.0194651052382,-0.0113921929972,0.0345322197063,-0.00912257422458,-0.0184544405998
-0.0827470389359,-0.015700096123,0.00330305532618,0.00810324129652,-0.0300870942201,0.0110769230769,0.0347989164409,-0.00214301762229,-0.000416840350146,-0.010710607621,0.0116366366366,0.0123667377399,-0.00149588631264,-0.00170399431234,-0.0605512878446,-0.0224481578418,0.0113864701942,-0.0826417704011,-0.0528130671506,0.00293984622343,-0.0109627016129,-0.0206495589415,-0.0287075910587,-0.00512263272276,-0.0160989662769,0.00744049194035,-0.0262805490459,0.0131218174696
-0.0097994934912,-0.00618489583333,0.00411522633745,-0.015331944031,-0.0152380952381,-0.0127814972611,-0.00382601691502,0.0209392950957,-0.00688073394495,-0.00666250260254,-0.0330241187384,0.00435270991295,-0.00349563046192,-0.013372661298,0.00481000481,0.0147255689424,0.0046357615894,-0.0120618168112,-0.00881394903238,-0.0252536640361,0.0059880239521,-0.0141248720573,-0.00116822429907,0.0249648931191,-0.00723389596969,-0.0227554472296,0.0606842014784,-0.0144983568529
-0.0232709678996,-0.0301342941369,0.0337431693989,0.00226757369614,0.0049737496546,0.00416152897657,0.0301192642005,0.00157767951052,0.0186857022885,0.00398239362817,0.031465848043,0.0314553334265,0.0280631420697,0.0167246755448,0.0186692197224,0.0186726202557,-0.0204350692156,0.049599389546,0.0115986854823,0.030071709461,-0.0637031408308,0.0321843853821,0.0610526315789,0.0316638757802,0.00971547536433,0.023285314986,0.0452188006483,0.033150255002
0.0111996931134,-0.0226274907126,-0.0141403462403,-0.0126696832579,-0.0200714874897,-0.0151957022256,-0.0102040816327,-0.0136516844417,-0.0160758450124,0.000417536534447,-0.0245535714286,-0.0197885605855,0.00999268827687,-0.0380038630458,-0.0225563909774,-0.017931858936,-0.016375056079,0.00109051254089,-0.0135677431684,0.00449135414327,0.00892736372244,0.049784751559,-0.0167548500882,-0.0107717279032,-0.020618556701,0.0199588174732,0.00170569080478,-0.000949307005886
-0.00058553320633,-0.00691085003455,0.00924932975871,0.000763825236786,0.00645342312009,0.0141832917706,0.0160586835845,0.0247534386931,0.0155006284039,-0.00104340567613,0.00305110602593,-0.0208794247788,0,0.02859661179,0.0206730769231,0.00415905863258,0.00980615735462,-0.000726216412491,0.0451375435878,0.0131902526269,0.0301649014613,0.0184958072082,0.0195067264574,0.0244630071599,0.0354385964912,0.0268113359523,0.0475232198142,0.00209045990118
0.0450299539551,0.0114822546973,0.00146101739939,-0.0184704625248,-0.0147755784778,-0.00968188105118,-0.00858536585366,-0.00285710295904,0.0309405940594,-0.00313348652601,-0.0174904942966,0.00847337946618,-0.0156853281853,0.00630626181879,-0.0178991992463,-0.0210122234569,0.00451671183378,-0.0101744186047,-0.0137164040778,0.0105913503972,-0.00937011972931,0.0143894637817,-0.022102485155,-0.0211124053582,-0.0318536089461,0.0127697394291,-0.00605881483671,0.0032239711739
-0.0262864903706,-0.0522910216718,-0.0718832891247,-0.0384136858476,-0.0223542727787,-0.0256052141527,-0.0643574099587,-0.058868672836,-0.0502200880352,-0.0299664710813,-0.0441176470588,-0.0697381319143,-0.0519735229223,-0.03958929891,-0.0834580335731,-0.0526261479723,-0.00517086330935,-0.0653450807636,-0.00469836496899,-0.0631004366812,-0.0387545980032,-0.0497970872562,-0.0214775666254,-0.0548862115127,-0.039201960098,-0.0617243353427,-0.0608088016652,-0.034404536862
0.0411307718507,-0.00398912518739,0.0127179194055,-0.000646935144752,-0.00318379160637,-0.0111482720178,0.027345393353,0.0124548381913,-0.00442384663998,0.0358608770793,0.0275303643725,0.0361282553063,-0.0129299198345,0.0142343192563,0.019366924997,0.0250517372835,0.00090395480226,0.0278868813826,0.00585347432024,0.0410160801678,0.0273336066694,0.0306461057974,0.0480349344978,0.0284859930752,0.0329690346084,0.0334930856117,0.0221624188697,0.00234925606891
0.0140202202732,0.0142128279883,0.00324537886271,-0.0171548794303,0.00667828106853,-0.00177162183927,-0.0257985257985,0.00464727997437,-0.0141768937791,-0.0129301355579,-0.000788022064618,0.0079907017289,-0.0117893633744,-0.00321822594554,-0.0189938398357,-0.00127510360217,-0.0196432603296,0.00496752006114,0.0193354608598,-0.0179091112604,0.0158307835573,0.0257575757576,-0.00964912280702,-0.00428462127008,-0.0118144947981,-0.0130026924664,-0.00619482731919,-0.00625
0.0517951238997,0.0140136543299,0.0614627285513,-0.00790383665404,0.0383616959908,0.0309777347531,0.0235393022278,0.0250336473755,0.0268297918008,0.0173251637439,0.0122239747634,0.0723551455751,0.00503711558855,0.0331483171655,0.0094191522763,0.0107458240238,0.0149700598802,0.00152091254753,0.0475138121547,0.028493275587,0.0133577789419,0.0043353028065,0.00564658990257,0.0205932073152,0.0206995003569,0.00983133567492,0.041608228144,0.0206367924528
-0.0229535014497,-0.0170092133239,0.00914270571088,-0.00248962655602,-0.0197222222222,-0.0137715179969,-0.00944558521561,0.00424735111436,-0.00919732441472,0.00768431983385,-0.0128554733152,0.00577956989247,-0.0295436560274,-0.0212939223117,-0.0082944530845,0.00221052631579,0.0213297027456,-0.0356871678056,-0.0553797468354,-0.00664893617021,-0.0142155595761,-0.0216932500901,-0.0220191566663,-0.0254479747026,-0.0234265734266,-0.0447818093499,-0.00134649910233,-0.00154053533603
0,0.0299206921413,0.00840336134454,0.0254575707155,-0.01445168603,0.00380831482069,0.0157545605307,0.00449372413479,0.0225738396624,0.0228771640561,0.026045777427,0.00881999198183,0.0350638760533,0.0127632549975,0.0507056978568,0.0148093687638,0.0142190624306,0.0314960629921,0.0214033128606,0.037260151718,0.00721027792344,0.0128761171704,0.0135089496792,0.00525339925834,0.00895094880057,0.0126381289561,0.00883895131086,0.019093539055
-0.0237095062264,0.005600280014,0.0178385416667,0.0225539509979,0.0166762507188,0.00742965539045,0.0197959183673,-0.00342100423027,-0.0082525273365,0.0128954261535,0.0361538461538,0.0315273546165,0.0126050420168,0.00315277914869,0.0293532338308,-0.00455392258332,0.102300109529,0.0160305343511,-0.0187682215743,0.0346311034631,0.0042951971886,0.00871985157699,0.00311007441964,0.0112204119275,0.0390347764372,0.0124804000509,-0.00653400653401,0.0157077971234
0.0227540692422,0.00174034110686,0.0131764103876,0.0274516026658,-0.0158371040724,-0.00156911972383,0.046227736642,-0.00844984042976,0.017890576243,0.0274517604933,-0.0219005196733,-0.0039809939643,0.016856846473,0.00171324057139,0.0589656839053,-0.0100852568101,0.0268282988871,-0.0015026296018,0.00185701021356,0.0112266112266,0.00155520995334,-0.014897921648,0.036872993024,0.0302477580179,0.0442281420765,-0.0220685180922,0.0739910313901,0.00279485746227
0.06726004222,0.0403057678944,0.00227272727273,-0.00818532818533,0.0591954022989,0.012101210121,-0.00344299923489,0.0167773896111,-0.0206417330881,0.0104549854792,0.00417457305503,0.00296544610624,-0.0341749553685,-0.00285148034299,-0.0187129164765,0.0735216888982,-0.00445132572092,0.00601956358164,-0.0164967562558,-0.00740131578947,0.0710403726708,0.00560119492158,-0.00683468603161,-0.00958984951313,-0.00784955028618,-0.000406604106701,0.0107167710508,0.00520252694166
0.0412846932406,0.0257181028724,0.0182665658856,0.000622858922454,0.0103092783505,-0.0344720496894,0.0120921305182,0.0694099059646,0.0143989983306,0.0272082774478,0.0347694633409,0.0230106697519,0.0256139424346,0.0308765199957,0.0213953488372,0.00929458957049,0.0114696734059,0.0400149588631,0.00358085186581,0.0252692626346,0.0260964117434,0.000185666542889,0.0167741935484,0.0286012215105,0.0428547881985,0.0500305077126,0.000688515560452,0.0384473197782
0.052351859461,0.00846629762292,0.00519609056044,-0.0256769374416,-0.0171858216971,-0.00739787713091,-0.0170680826854,0.0188583843571,-0.0158403620654,-0.0188397686999,-0.0054784514244,0.016210103041,0.00437693099897,-0.00222031106839,0.00728597449909,0.0233617681272,0.000960984047665,-0.0546565983459,-0.00788732394366,0.0228282828283,-0.00117744024491,-0.0185632077223,-0.0105752961083,-0.011585807386,-0.0134344871187,-0.0226601748548,0.0499518370717,0.00142399430402
0.0239520191514,0.00258314497901,0.0288,0.0145344194218,0.0136612021858,0.0251134154245,0.0140845070423,0.022595803415,-0.0255016722408,-0.0131178707224,0.00697759823724,0.0242364288364,-0.00974109202769,0.0127853392523,0.0230560578662,0.0139244103438,0.0328341013825,0.00418410041841,0.0126821881507,0.0323918625321,0.0262878698574,0.0342349158313,0.0356990166738,0.00981684981685,0.0296379365588,0.0319057056431,-0.019003931848,-0.00657660860291
0.0146464046608,-0.0183574879227,-0.000957052278981,-0.00519521410579,0.0123989218329,-0.00489963647858,-0.017503805175,-0.000940277230125,0.00622050622051,-0.000385282219226,0.00401167031364,-0.0205239647471,-0.0064716541548,-0.0112500173826,-0.0207688908529,-0.0173766816143,-0.00167317345231,-0.0333333333333,0.0170093457944,-0.0262100631337,0.00333103606708,-0.00731528895391,0.0139318885449,-0.00435287289611,-0.00995798973082,-0.0117154963974,0.0114896459586,-0.0236178207193
0.0678561307096,0.00770997375328,0.00850197581128,0.00648836841272,0.0066560170394,0.00365311308767,-0.00135553834237,0.0105880745643,0.0916648902153,0.0150317980343,-0.000363240101707,0.024651793418,0.0369984366858,-0.00915867345504,0,0.00998288648032,-0.036312849162,0.0583855799373,0.014519389818,0.00392927308448,0.00824270177447,0.054347826087,0.0176081424936,0.0320606237249,0.021845041647,0.0336197885237,0.0340774006076,0.0113615539674
-0.00939259669528,-0.0226273807586,-0.0137734504868,-0.0209119496855,-0.00925681036763,-0.00221554043361,-0.022105875509,0.0130382209137,-0.0273384104667,-0.0197455857224,-0.0417877906977,-0.0212919523638,-0.0525125628141,-0.0425772312025,-0.0103790613718,-0.0283347453638,-0.0135265700483,-0.0255460940392,-0.0364130434783,0.00293542074364,-0.031452253889,-0.0669229425127,-0.0243048609722,-0.0090369951991,-0.0301445709013,-0.0462492380523,0.00587559075233,-0.0110527269433
0.0407687827606,0.0163224516989,0.0397303154346,0.000963545848723,0.0162840363054,-0.0203013481364,0,-0.0220635662018,-0.0140534029311,0.00251791594034,-0.00417140690178,0.0249508357915,0.00662954123575,0.0241478283559,0.102143182855,0.0204417748498,-0.00822722820764,0.0338145896657,-0.00601616845272,0.0224390243902,0.0271981242673,0.00430711610487,-0.00153767298821,0.0286406383585,0.00126863304789,0.0201052052748,0.0393650793651,-0.0214364235984
-0.0219865696698,-0.0334316617502,-0.0462019453451,-0.0195732392107,0.00367743630155,-0.0111704711025,-0.0410469958358,-0.0246764766085,-0.0262675626145,0.000193199381762,-0.032749428789,-0.00527641203981,0.0321390937829,-0.0138969310944,-0.0285477865122,-0.00218361340549,-0.0452301007308,-0.00661889011393,-0.0259126158502,-0.0209923664122,-0.015635699612,0.00335633041208,-0.0187885010267,-0.0127441473888,-0.0212226797593,-0.00579734908585,-0.014050091631,-0.0164763152968
-0.00882869583627,0.00847744998305,0.0297438387763,0.0121093110784,0.00130855796912,0.0108055009823,0.0163358147229,0.00192768087554,0.0106649937265,0.0152598029747,0.0129921259843,0.0265220012055,0.0048494129658,0.0135055783911,0.0336456558773,-0.000856327307326,0.0254447662391,0.0318203175002,0.0139805825243,0.00155945419103,0.0202898550725,0.0853001300873,0.0125562414984,0.0166970674898,-0.000161812297735,0.00680301337687,-0.00309789343247,0.0371216447744
0.0748031496063,0.00437121721587,0.0308889412874,0.0140662894099,0.00940930475693,-0.00356333009394,-0.00732451678535,0.0105818463926,0.00351748396441,0.00266362252664,0.00582977069569,0.0510863182619,0.0218440436881,-0.00173812282735,0.0284260403791,0.0377106942196,-0.00302602380472,0.0200752958049,-0.00478743776331,-0.00467107824056,0.00125,0.0116438356164,0.0323447349385,0.000828043058239,0.0105195015375,0.00482646079186,-0.00770665009323,0.00770925110132
0.0596178015533,0.00535654502846,0.025846294602,0.0172193877551,0.0388399792853,0.0264954486346,0.0213158434105,0.0176103912056,0.00907216494845,0.0218216318786,0.00772797527048,0.0292737430168,0.00869997514293,0.000290191526407,0.0396676268735,0.0063320179866,0.0285309591259,0.050618807096,0.0188570329036,0.0187719984357,0.0313244807627,-0.0050778605281,0.0217217217217,0.0572255929399,-0.00896860986547,-0.000960655591825,0.0760365777277,-0.0271402550091
0.0405502671249,0.038628038628,0.0416945373467,-0.0282131661442,0.0174476570289,0.00300870942201,-0.0537828617299,0.000701579685873,-0.0169595422967,-0.00389972144847,-0.0402607361963,0.00488493269648,-0.0399211434204,0.0162460110241,-0.0473988439306,0.0612803209922,0.0295101318119,0.0123787219806,-0.0336166194523,0.00767754318618,0,0.010547805376,0.0193004800627,-0.00586931003,0.0449256625727,0.0242317993275,-0.0454016298021,-0.0230293952443
-0.0157974727941,-0.0573901891632,-0.0795162671233,-0.0311290322581,-0.0379715825576,-0.00110514682665,-0.050901378579,-0.0299130801879,-0.0394928289337,-0.0233035048471,-0.0507391130643,-0.0663281840769,-0.0295174537988,-0.0291178989438,-0.0351941747573,-0.0159821275133,-0.0422319892987,-0.0254461335096,-0.0435802227868,-0.0782857142857,-0.00759326510399,-0.0430976430976,0.0144175317186,-0.0339805825243,-0.0699041138262,-0.116598708565,-0.060487804878,-0.00670755078574
-0.0436986186109,0.0047619047619,-0.0287175909778,0.0371233560846,-0.004329004329,0.0273431326063,0.00804469273743,0.0460122937762,0.0175286734473,0.0351212063371,0.0147306397306,-0.0510239500174,-0.024332187252,0.00852690385181,0.0117400419287,-0.00550122249389,0.0245411013567,0.000339097999322,-0.00899060073559,0.0221120066129,-0.0267243291195,0.0110837438424,-0.0113700966458,0.0165693331522,0.00149650814766,0.0125403842884,0.0514018691589,-0.0250819988424
-0.0551564586417,-0.0308056872038,-0.00742159444577,-0.0136436597111,-0.0237851662404,-0.0110769230769,-0.0283750831301,-0.0407640188999,-0.0180774138664,0.00534759358289,-0.00912484446288,0.0052426237503,-0.0447275684467,-0.0309037900875,-0.00455864069623,-0.0103608745281,-0.0153846153846,0.0450847457627,0.0111340206186,-0.015163768702,-0.0173179902017,-0.0229685053071,-0.0411155836688,-0.0112224448898,-0.012950356965,0.0065074100508,-0.0382716049383,0.00336433801702
-0.0435863867176,-0.012923506811,0.0194163048722,0.00618388934093,0.00130992926382,0.011356565028,0.0606890257814,-0.0129649852459,-0.0558804418454,0,0.0117203850984,0.0295936931474,-0.0411464245176,-0.00992779783394,0.003746877602,-0.0309644219679,-0.0114715189873,-0.0347064547519,0.0103996737357,-0.00862245945391,0.0234202898551,-0.0315227070347,-0.0283858070965,0.00932306445075,-0.0129520605551,-0.00437974472345,-0.0494223363286,0.0315581854043
0.082067583047,0.00813871196037,0.00697977049568,-0.00371987708232,0.0204081632653,0.00338409475465,-0.0339858033986,0.0360004080255,0.00527643955036,-0.00935436537051,0.0244104261481,0.0248556956061,0.0432080497189,0.028258887876,0.0141020323517,0.0386376121589,0.00280112044818,0.0450268817204,-0.00726538849647,0.0244357009733,0.00487141724255,-0.00919455682236,0.0136817199877,-0.0131191432396,0.0218132242672,0.0228307582396,0.0263335584065,-0.0217973231358
0.0471076436122,0.00842400842401,0.00716635338346,0.00308441558442,-0.00333333333333,0.00122642955695,-0.00868403473614,-0.0166703274231,-0.00433591967138,-0.00425847065358,0.0032310177706,0.00873563218391,0.0868085106383,-0.00709219858156,0.0531697341513,0.028649506347,0.000997605746209,0.0263665594855,0.0166700548892,-0.00444713968061,0.025817361894,0.0456570155902,-0.0186726202557,0.0123440043407,-0.0223482321548,-0.00163840772639,-0.00302631578947,-0.012118842846
-0.0127837677995,-0.00870170553428,-0.0101481395078,0.000809192425959,0.00823257010548,0.00903383861583,-0.0132524707996,-0.0150427482092,-0.0311712124685,0.0146894756415,-0.0354267310789,-0.0080902461258,-0.117462803446,-0.00119047619048,-0.0155339805825,-0.00762704601937,-0.00717560294997,-0.00563909774436,-0.0177964407119,0.0182741116751,-0.034838993296,-0.0211217607384,-0.0141675284385,-0.00187592121131,0.00153531218014,-0.029947851999,-0.0267916061766,-0.0162247724575
0.012432155658,0.00860252808989,0.051850106057,0.017787839586,0.0252615463128,0.0311077389985,0.0309583428181,0.0324843404209,0.0248403122782,0.0130108118014,0.00709515859766,0.0445720850086,0.0464359656906,-0.00536352800954,-0.0197238658777,-0.0110535405872,-0.00803051596065,-0.00756143667297,0.0168973941368,0.0895314057827,0.0126394898656,0.0210335448776,0.0347214937585,0.017988991811,-0.00868676545733,0.0103620368804,-0.000678058041768,-0.00442477876106
0.0713100825376,0.0123585726719,0.0276719695272,0.0359072132189,0.016674962668,0.0272259013981,0.0231839258114,0.0359233816301,0.0150046168052,0.0256874095514,0.0120182345628,0.0376113493896,-0.0423968343697,0.0281605751947,0.0454728370221,0.0151065316102,0.0459421169804,0.0120634920635,-0.00780780780781,0.00585651537335,0.0323850219274,0.0266382525306,0.0447080291971,0.037715943558,0.003264604811,0.0382999442597,0.0546885601846,0.00161616161616
0.0543506996242,0.0237310866575,0.0242014608089,0.0144171779141,0.028641370869,0.0159025787966,0.0101424255503,0.0290113618085,0.0113713895838,0.021164021164,0.0176085176085,0.000953895071542,-0.0212514757969,0.00961538461538,0.0150500384911,0.0239139784946,0.0145123839009,0.0348180677541,-0.0286521388216,0.0191048034934,0.0319137348873,0.027330911607,0.0349344978166,0.0429533612911,0.0383627333448,0.0122964298976,0.0236747297993,0.0453812020976
0.0740123846495,0.00234799345652,-0.0348057477382,-0.00181433323254,-0.0116611137554,-0.00282047666056,0.0134586626789,-0.00969149223402,0.0179896559478,-0.00172711571675,0.0241448692153,-0.0302837780601,0.023220747889,0.0178932178932,-0.0269614349096,-0.0105855666639,0.0137325958421,-0.00848742043043,-0.00685500623182,0.0153544009998,0.00707198648934,0.0104394679239,-0.0523206751055,-0.0208358718167,0.000989609104404,-0.0242941287442,0.0223730517848,0.0318348446845
-0.00553630909947,0.00670241286863,0.0456550507278,-0.00560436231445,-0.0170960751264,0.00410125866214,-0.0246627318718,-0.0073397523282,0.0260658272587,-0.00276816608997,-0.0176817288802,0.00818956103953,-0.0271146478043,-0.00368585199887,0.00350740452065,0.00220769296086,0.00263405456256,0.00244573524916,0.0234260614934,-0.0119570951292,-0.0106907032806,0.0651558073654,-0.0617393885426,-0.00609756097561,0.0182896688087,0.00755134484833,-0.0307351856405,-0.00355272999252
0.0441974822149,0.0156458055925,-0.0412360261548,-0.0199543031226,-0.015923566879,0.000845070422535,-0.0194510481954,-0.00672183874815,-0.0258342303552,0.0279319916724,-0.0392,-0.0421314848912,-0.064525901242,-0.0130904951622,0.0345631067961,-0.0394814877573,0.02533308313,-0.0433058859408,-0.0163498875945,-0.00302544936821,-0.0859201186566,-0.011733416771,0.00105451861225,-0.0509578064355,-0.0797734627832,-0.0567148903506,-0.0677321156773,-0.0240195158566
0.0615369791959,0.133071124222,0.029699703003,0.00994715573516,0.00970873786408,0.0108359133127,0.0286532951289,0.0374458795707,-0.00530386740331,0.0437130801688,0.0203996669442,0.0502035278155,0.0168393782383,0,-0.0142642642643,0.0126135661992,0.0572840409956,0.0331526936564,-0.00373987118221,0.0564084255623,-0.00359295317571,0.0324521133449,0.0217002001475,-0.000263852242744,0.0640056268683,0.0523942350292,0.00544217687075,0.0167275523938
0.005888493045,0.0624819207405,-0.0635615853007,-0.00754078177901,-0.00887573964497,-0.0229709035222,-0.08356545961,-0.0471835085677,-0.0217729393468,-0.02425614489,-0.0342717258262,-0.0473729543497,-0.0509554140127,-0.0230680507497,0.022086824067,-0.0121951219512,-0.0318504414056,0.0206726319037,0.0244004171011,0.00827982426495,-0.0107014074677,-0.0282122048451,0.0101041344469,0.00435471100554,-0.038671294001,-0.0269322880309,-0.00541271989175,-0.00945537065053
-0.174131766245,-0.091206098557,-0.0355920602327,0.028221429679,-0.0485074626866,0.00840695354802,-0.00888473228899,-0.0232766997438,-0.0161253690665,-0.00795492210805,-0.027460920997,-0.0362793851718,-0.044966442953,-0.0548996458087,-0.0577496274218,-0.105379188713,0.00107276953335,-0.120012091898,0.071661237785,-0.0189374895257,-0.0685479129924,-0.0123067213632,-0.0521588241298,-0.0286427539088,-0.0357572631941,-0.0184532796511,-0.0530612244898,-0.0190912562047
0.0662715051193,0.0173756740563,-0.00508634965697,0.0193032725079,-0.00235294117647,0.0289670764448,-0.0240622788393,0.0058410334484,0.0496306555863,0.0407617774808,-0.0134665508254,-0.00281458895274,-0.00948699929726,-0.024047470331,-0.00474495848161,0.0075899457861,0.0403643507769,0.0109927859842,0.0161474164134,0.00102494021182,0.031305225953,-0.00958466453674,-0.0494292483308,-0.00541052346815,0.0228204671064,-0.0422982126312,-0.0201149425287,-0.00155702608019
0.052405065453,-0.0291519434629,0.0186660325764,-0.00325491936677,-0.0374737945493,-0.00865146937654,-0.0219966159052,-0.0422757892055,-0.00967670991863,-0.0091492776886,-0.0180537208278,-0.0145830883218,-0.0248315005321,-0.00032,-0.0317798967024,-0.00244570534142,-0.011330472103,-0.065582738702,-0.00205645915124,-0.0303754266212,-0.00856793145655,0.00290322580645,0.0188059363317,-0.0115599075207,-0.0667596304689,-0.0198536162699,-0.00542521994135,-0.0222222222222
0.036618415501,-0.00151653017895,0.0369981325864,0.00504675671664,0.00544514021236,0.0184236043773,0.117399901137,0.0451120760474,0.0630690650677,0.00761380204115,0.0560538116592,0.0483351235231,0.0363768643143,0.0576184379001,0.0771396096036,0.037854270864,0.0204896683452,0.00254910017855,0.0234170101161,0.0529743048222,0.0149382716049,0.0775168864587,0.0206827532525,0.0309576224546,0.0945087784834,0.0664547257865,0.06236178682,0.0655901116427
0.0858230860149,0.0558930741191,0.0357906584131,0.00118150937823,0.0129975629569,0.0110174102285,0.0488829904888,0.0524475786227,0.0325882598705,0.0172025723473,0.0348195329087,0.0441712204007,0.03861003861,-0.0208837772397,0.0582857142857,0.0336388547671,0.034030968181,0.00326441784548,0.0593080724876,0.0345980277453,0.0551027855492,-0.0170149253731,0.00926026800305,0.0520485786734,-0.0174061433447,0.0177130906142,0.0627255065223,0.0323666978485
-0.050514880534,-0.0106444188723,-0.0232532869716,-0.00354034518366,-0.0248596631917,-0.0146643347235,-0.060944749051,-0.049613406645,-0.0323690066761,-0.0126442231705,-0.0574476815757,-0.0189707806367,-0.123352483947,0.0197836166924,-0.0741540676746,-0.044428192705,-0.0210630245187,0.0104844540853,-0.0221185415587,-0.0345718901454,-0.01106755822,-0.0426662617674,-0.0565630397237,-0.048078142839,-0.0937825633901,-0.0849248183367,-0.0707756594411,-0.0467560710402
0.0780934448882,0.0636813027043,0.0419401490711,0.00473723168024,0.0287828947368,0.00955761878755,0.00673703121491,0.0392105499506,0.0190257160778,0.0118456859292,0.0156726164562,0.0500111135808,0.0412490362375,0.00757805395574,0.0618195956454,0.0681144169138,0.00420238695579,0.0275491949911,0.0404665135183,0.00920348058902,0.0055957099557,0.0607454401269,0.0299771167048,0.0418443496802,0.0203142966654,0.0364360457543,0.0216413715571,0.0471482889734
-0.00362323943662,-0.0267905959541,0.000320307495195,-0.0172388389568,-0.0122568611777,-0.00703272923992,-0.0263216596029,-0.0245586996133,-0.0248256052524,-0.0291093181459,-0.0257179597085,-0.0121718882303,-0.00259163272862,-0.028880866426,-0.0238008055657,-0.0317957904165,-0.0272849012387,-0.057454735376,-0.0115489130435,-0.0232133974465,-0.02249014607,-0.0394736842105,-0.0284381248611,-0.0209772320287,-0.0229151014275,-0.025205566171,-0.0019257221458,-0.0232389251997
-0.103190786335,-0.027808988764,-0.0263635393318,0.0023988005997,-0.0240086323172,-0.0126668482702,-0.0529209621993,-0.00778198625232,-0.0204081632653,0.0316115365814,0.0219973603168,-0.0128576020572,-0.058277654046,-0.0346964064436,-0.141785446362,-0.0744680851064,-0.00326966098778,-0.034721221726,-0.0226804123711,-0.0149380410796,-0.038069259962,-0.0331569115816,-0.0524811342328,-0.0244316697152,-0.0511341791619,-0.0183699147879,-0.0527839029768,-0.0327137546468
0.00641917319158,-0.00635654435134,-0.00427537820653,0.0163027221059,-0.0199004975124,-0.0303490136571,0.000483792936623,-0.0083043746791,0.0238402061856,0.0156373400727,0.031855359449,-0.0132421578205,0.000788332676389,-0.0259948652118,0.00874125874126,0.0287856071964,0.0321132596685,0.00612323000383,-0.0256680731364,-0.0529036705153,-0.0321785229935,-0.0222186443407,-0.0144805116447,-0.0332128029999,-0.0984602917342,0.0633064408247,-0.0212425432853,-0.0190238278248
-0.0974393108849,-0.0401279441698,-0.0633050754156,-0.024429727741,-0.0324309080654,-0.0446720728411,-0.0427949709865,-0.0907199115587,-0.00188797986155,-0.055365474339,-0.0613266583229,-0.0819491805082,0.0350531705396,-0.060626029654,-0.176776429809,0.00456621004566,-0.10806289729,-0.0756941802967,-0.0184049079755,-0.0465793304221,-0.0457324840764,-0.0696525605137,-0.0400391820742,-0.0573486632498,-0.02,-0.0721411072555,-0.0662999851345,-0.0952007835455
-0.194287548696,-0.00878521660103,0.000587682181476,-0.0485744456177,0.0119498688429,-0.0276991809382,0.151048244506,-0.0250700056665,0.0237494745691,-0.0218966084952,0.0217777777778,-0.00718907260963,0.108828006088,0.030164854437,0.0678947368421,0.0152804642166,-0.0763315828957,-0.0082304526749,-0.0441176470588,-0.0253816793893,0.0337738619677,0.013982300885,-0.0102040816327,0.0834680382072,0.0869066727815,0.0501167311338,0.0859735710874,0.0391859709894
0.0126152222605,-0.0773227383863,0.00364148948667,0.00634215950531,0.0187211981567,0.013172001838,0.0142637700241,0.0131197309468,0.0279203448984,-0.0131291028446,0.0278381905176,-0.0101375814627,0.00720658888126,0.0520939734423,0.0448496796451,0.0281005905887,-0.0361421319797,-0.0116182572614,-0.0403846153846,0.0550225181124,0.0404183884298,0.0602199336708,0.0682989690722,0.0043401600434,0.00548523206751,0.0178419671238,0.0401700630406,0.0170833333333
-0.016711773745,-0.0655846306724,-0.0259831460674,-0.0250512052938,-0.0384506644049,-0.00226757369615,-0.0620943314582,-0.0471373907619,-0.00938685839824,0.0148388197169,-0.0605162928481,-0.0193855157279,-0.0224872231687,0.0333333333333,-0.0245283018868,-0.02585008802,-0.0455024225827,-0.0125944584383,-0.0336673346693,0.0389755011136,-0.0160109221795,-0.0013170892328,-0.0213510253317,-0.0334908845375,-0.0635753252203,0.00635433917179,-0.0215644820296,-0.059606718558
-0.0372307060045,0.00744416873449,0.0258351357847,0.0164835164835,0.0105851220229,0.00454545454545,-0.00230680507497,0.0282681381374,-0.00322580645161,-0.0124369747899,0.00585585585586,0.0394131542957,-0.0407807598466,0.0175383651738,-0.0275628626692,0.00970135058018,0.0489958066652,-0.0094387755102,-0.00995437577769,-0.0121471954269,0.00845105953582,0.0268710847346,0.0499198816714,-0.000558893391086,0.0107550974681,-0.00958019054953,0.00763468740997,0.0426922239164
-0.0392377122381,-0.0204081632653,0.0440435750264,0.0151033386328,-0.00465522257783,0.00573152337858,0.0180346820809,-0.0346281095093,0.018001618123,0.000170183798502,0.0201522615316,0.0428229665072,0.047238372093,0.0123114804555,-0.00845350571855,0.0369253956292,-0.0155691142436,0.0215469138982,0.00502723083368,0.0135623869801,0.0131332082552,-0.0112377588698,-0.0061047194177,0.0262826785964,0.00221680336954,0.0307749625697,0.0328806290207,0.0242322958011
0.0166201909305,-0.0305316091954,-0.0154830023561,-0.0253719655442,-0.0236772873429,-0.00494901019796,-0.0956166250284,-0.00629782623417,-0.00874230081462,0.00425387102263,-0.023266022827,0.000229410415233,-0.060027758501,-0.0145941015506,0.00351053159478,0.0376998546512,-0.0583458003847,0.0252100840336,-0.0339724885369,-0.0515611061552,-0.030987654321,-0.02435460302,-0.0471296952516,-0.0546247105299,-0.0692324706923,-0.00447875789114,0.0131487889273,-0.0516010605752
-0.0167567567568,0.039273805113,-0.0602849002849,-0.0144624779045,-0.0508982035928,-0.00889223813112,-0.0838774485183,-0.0529063531475,-0.020845860894,-0.006099627245,-0.0494382022472,-0.0283256880734,-0.0771502399409,-0.0601666152422,0.00549725137431,-0.00192593889521,-0.0635497049478,-0.0168032786885,-0.02761596548,0.0120391271633,-0.0383488342464,-0.0519221168248,-0.0779719846287,-0.0456772334294,-0.0484790874525,-0.0529134653765,-0.0612021857923,-0.00516129032258
0.0588176809797,0.00891265597148,0.0403832161048,0.0441871840861,0.0829652996845,0.0196167883212,0.104989035088,0.00698272463913,0.0225179119754,-0.0165359699966,-0.0274231678487,-0.00637318541249,0.028,0,0.036282306163,0.0135075870538,0.0142995637421,0.0125052105044,-0.24916796095,0.0089219330855,0.0401430842607,0.040196594699,0.0149233664964,0.020081534048,0.0417082917083,0.0366448638854,0.0835273573923,-0.00626891482923
0.100998105422,0.03074204947,0.00186501923301,0.0132729544035,0.0894261578794,0.0435495898583,0.154800297693,0.0681873256327,0.0736736736737,0.0604957531635,0.00194457948469,-0.00213802114265,0.138521400778,0.0518713066316,0.0613908872902,0.0303764604068,0.0573476702509,0.0555784273364,0.0552600472813,0.0274502579219,0.00165584002038,0.16571042862,0.0105974301232,0.0411486086442,0.136657875809,0.0181088598814,0.0210851463873,0.0374157058951
0.0284556108525,-0.0270826191292,-0.0159394997091,-0.000308213900447,-0.0104278074866,0.00142918393597,-0.0773361976369,-0.0140652539366,-0.0177139660638,-0.0050670153645,0.015526443474,0.0160695155339,-0.0440874914559,-0.0205992509363,-0.0429281518301,-0.0329245758441,-0.142372881356,-0.0604524180967,-0.0378045365444,0,0.00648524923703,-0.0156340474812,-0.0251671254424,-0.0216093261302,-0.0778316810799,0.00214325517596,0.0297251085098,0.00335500104844
0.0863414634146,0.0274841437632,0.0513123669898,0.019577616772,0.0067549310997,0.00627943485086,0.060302677532,0.0308917667188,0.0294229309036,-0.00821422704124,0.0262780697563,0.0340909090909,0.0189488737934,0.0044614404079,0.0269121813031,0.01016154247,0.0745718050066,-0.00622665006227,0.0672293364377,-0.00215169445939,0.0131396083386,-0.0172058823529,0.00820223208283,0.0431560592851,0.0647301006404,0.0476901222645,-0.0132839443096,0.0486938349007
-0.0520251459362,-0.0377229080933,0.00877192982456,-0.00604777744179,-0.147879763822,-0.00553113033612,-0.088713219148,-0.0550818114702,0.0169647796423,0.0104356468445,-0.0428305400372,0.0116687436275,-0.020701754386,-0.0469543147208,-0.0487356321839,0.00833978161809,0.0152035311427,-0.0263157894737,-0.0103626943005,-0.00197663971249,-0.0240678388827,-0.0115217716594,0.0298746332355,-0.0250731299624,-0.0822771213749,-0.00387850919131,-0.0221359223301,-0.0235153447589
0.137906533911,0.0841054882395,0.0508361204013,0.00882263462124,0.0223622047244,-0.0330861380491,0.0898795180723,0.0175432221021,0.0223028105168,-0.0106557377049,-0.0175097276265,0.0380739081747,0.038337513436,0.0472703062583,0.0855485741904,0.0602830832196,-0.0427536231884,0.0677820677821,0.0418848167539,0.0563557796183,0.052133912599,0.0387526491069,0.0242165242165,0.0300042863266,0.0697565543071,0.0706976142198,0.103124172624,0.00612244897959
0.0242644487737,-0.0470085470085,-0.0192022066624,0.0150784077201,0.0218730745533,-0.0234513274336,0.046650453239,0.0553412736677,0.0172046825115,-0.0227009113505,0.00148514851485,-0.00215749730313,0.0258799171843,0.0308328035601,0.0111308993767,-0.021391234419,0.0456724703507,0.0184813177983,-0.110288283523,0.01568092722,-0.0632742288074,-0.0116584086272,0.0744721203692,0.0131779719795,0.0479212253829,-0.0587564520483,-0.00360014400576,0.0296146044625
0.0725157179028,0.00310451879959,-0.0318009734992,0.0086155674391,0.000301477238468,0.0066455218245,0.0139416983523,0.0250309502793,-0.00662598081953,-0.0101729399797,0.014335145823,0.0337297297297,-0.0121089808274,0.0265186555658,0.0237780713342,0.00279398471526,-0.0593629343629,0.0366863905325,-0.0169441141498,0.0214801141131,0.00544535200311,-0.0123857269242,0.0110614262179,0.0216319824754,0.05282940071,0.010573856461,-0.0033722750813,0.0195035460993
0.0185676392573,0.0312929848693,-0.00357501955089,-0.0175257731959,-0.0235081374322,-0.0195048762191,-0.0158333333333,-0.0215914624584,0.0184307530279,-0.0339157245632,-0.0297270955166,0.0181970299101,-0.0248552945182,0.0444577951337,0.0167741935484,0.0263050069655,0.0164186762442,-0.0167427701674,-0.0087692772906,0,0.00154738878143,-0.0244849208719,-0.0130353817505,-0.000670061645672,-0.00932169773899,-0.00241458920213,0.0129305135952,-0.0102415458937
-0.0242336309524,-0.0176725575192,0.0579661397018,-0.00119922050667,0,0.0231063504208,-0.0264606265876,0.0273234185064,-0.0279214064116,0.0198581560284,0.0160723254646,0.0497124075596,0.00803072625698,-0.00143802128272,0.0524534686971,0.00998083679336,0.010095911156,0.0205108359133,0.0201342281879,-0.00689995071464,0.0177674777907,0.0373431282522,0.0267688679245,-0.00281614590318,-0.0278278278278,-0.0016136223699,0.00548795036984,-0.0107379929715
-0.013237458347,-0.0478615071283,-0.0387876218737,-0.0256641152634,-0.0608024691358,-0.0237810349985,-0.0797999565123,-0.0516633547377,-0.011524822695,0.019297635605,-0.0346020761246,-0.0143835616438,-0.0727398683755,-0.0429147465438,-0.0590836012862,-0.0181041979603,-0.031984007996,-0.0481607887751,0.0391746411483,-0.0449958643507,-0.0409867172676,-0.0444083800531,-0.0642012174113,-0.0584991931146,-0.0640444810544,-0.037979286732,-0.0323920265781,-0.0465758831656
0.0272125928273,-0.00891265597148,-0.0318632855568,0.0244916820702,-0.000657246138679,0.00137888769726,-0.00401701323251,0.0210378357785,0.0260089686099,-0.0278014668259,-0.0179211469534,-0.0135014394917,0.0145685468808,0.00210653024376,-0.00897052541649,0.0254428341385,-0.014713474445,0.0498007968127,-0.0218705035971,0.0142040533518,0.00580398364332,0.0365910143585,-0.0040500736377,0.0102842451078,-0.004400440044,-0.0121802679659,0.0095646842428,0.0200786586628
-0.0241257518139,-0.00323741007194,0.0143491629655,-0.0132310930687,-0.0115093719171,0.0108629130967,-0.110083036773,0.00211160108548,0.0414335664336,-0.02,-0.0604796663191,0.0184160209319,-0.0228276877761,-0.0036036036036,-0.0189655172414,-0.011777638191,-0.0309143306261,0.00303605313093,-0.0311856428361,0.0129803586678,-0.0056393442623,0.0214477211796,-0.0887245841035,-0.0449597059239,-0.0251933701657,-0.0176453080488,-0.0184622859225,-0.0302353896104
-0.0262678121977,0.0440274269217,-0.012125294712,0.00319975620905,-0.0362608117099,-0.00257302860602,0.0647827246068,-0.0448058853563,-0.00436461306027,-0.0300751879699,-0.0138734739179,-0.0168972332016,0.0361718161266,0.0141651597348,0.00439367311072,0.00675353567456,-0.0535279805353,-0.00605372682558,-0.0829031278469,0.01062215478,-0.00817726193616,-0.0029163021289,0.0144692359703,0.019689119171,0.0129222398549,0.0199099722992,0.00123747061007,0.0085792006696
-0.0208092531311,-0.0331835464915,-0.00329582907149,-0.0235419198056,-0.0541939937867,-0.0450682852807,-0.0768652979469,-0.00910747350298,-0.0450177035913,-0.0169804355851,-0.0219471018571,-0.00432204241632,-0.0887272727273,-0.0374442793462,-0.0218722659668,-0.0256491200379,0.023421879463,-0.0654739246289,-0.126158940397,-0.0488822155489,-0.0297872340426,-0.0216437554841,0.00759797387363,-0.000871080139373,-0.0850492390331,-0.0352209883051,-0.0112470646397,-0.0697095435685
-0.0330313577582,-0.0164461923489,0.00490307867731,0.000777725929382,-0.0259124087591,-0.0336882250119,-0.0694331434771,-0.0142010317728,-0.00776836158192,-0.0240330454375,0.00517836593786,0.000706642438926,-0.0654429369513,-0.036739734486,-0.0393559928444,-0.039931961769,0.0519118057494,-0.0525458248473,-0.0053050397878,-0.0138572180319,-0.0461896929825,-0.108968609865,-0.130572827094,-0.103458297007,-0.0785225048924,-0.0567407575466,-0.07725,-0.0321141837645
0.0461036789298,-0.0537986186841,-0.0133893112448,0.0141436120609,0.0153615586362,0.0345337937839,-0.00786942582338,0.000846499422567,0.0126334519573,-0.0132743362832,-0.00457927876359,-0.0233027337839,-0.0469684030743,-0.0358974358974,-0.0358472998138,0.0250569476082,-0.0289201379676,-0.0296646603611,-0.112,0.0202774813234,0.0037361689898,-0.0528434826371,-0.0217589774802,-0.018152350081,0.0509689408017,-0.0319435104237,-0.0407748577621,-0.00276497695853
-0.00730533753217,-0.0338071456012,-0.017596319724,0.0177777777778,0.0029520295203,0.0162136385312,-0.0690364277321,-0.0155231472811,-0.0105429625725,-0.00643400272958,0.0149511213341,-0.0415203470357,-0.035394265233,-0.032579787234,-0.0115886045389,0.000329218106996,0.00737704918033,-0.0562693841382,-0.048477048477,0.0127266387727,-0.0118826055834,-0.0115125752745,-0.0171099704464,0.00775833608452,-0.0525385198282,-0.013003805559,-0.0160994209857,-0.0184842883549
-0.0436513687601,0.0194831013917,-0.028564738937,0.0105405812378,0.0187637969095,-0.00453621148131,0.21962764279,0.00774128223617,0.0177588350204,-0.0266875981162,0.0249291784703,-0.0634698275862,0.0738504412448,0.0477663230241,0.0791402051783,0.0585815369426,-0.0417683753729,0.0253521126761,0.0743913435528,0.0285763470477,-0.00420168067227,0.0304604909514,0.0799177084982,0.04914004914,0.0903758997601,0.0749125339718,0.0510980335869,0.0141242937853
-0.0715028393186,-0.00546021840874,-0.0277175222945,0.020414245269,0,0.00298554368322,-0.0256144890039,-0.0440966027074,-0.0225091607049,0.03125,0.0149253731343,-0.0508572086066,0.00173010380623,0.0003279763857,-0.0190131281123,-0.0187315404943,-0.0925559015001,0.00641025641026,0.123793537558,-0.0328033472803,0.0130947184636,-0.00469483568075,-0.0864595545135,0.000312256049961,-0.135207823961,-0.0263324547086,-0.0551686467295,-0.0227483751161
-0.00757579192188,-0.00862745098039,-0.0505701536936,0.00730140186916,0.0173347778982,0.0311765627448,0.0658523632501,0.00684493000589,0.043020349875,0.0537634408602,0.0337690631808,0.00375803127652,0.0315198618307,-0.00426229508197,0.0392247346562,0.0103762376238,0.0417966313163,0.000454959053685,0.0814040328603,0.0477591278768,0.00172339508832,0.0443745632425,-0.0157202438242,-0.00483845793663,0.0418433700876,-0.0170209946053,-0.0254372019078,0.0536817102138
0.132677021471,0.103639240506,0.020365535248,0.0388518411134,0.0631877884274,0.0548465512002,0.0435974090683,0.0434508895806,0.00222488447715,0.0269016697588,0.0474183350896,0.0154589371981,0.151527835915,0.0800131708923,0.082593250444,-0.00752587017874,0.0751497005988,0.119599818099,0.0790745856354,0.0891824938068,0.0663799283154,0.0583807293409,0.0857235984355,0.0542659974906,0.0629579375848,0.100094131629,0.0499777547086,-0.00495942290352
0.0105427457117,-0.00752688172043,-0.0208546571136,-0.00795422830031,-0.0200333889816,0.0265015123146,-0.122941036047,-0.0158622843266,0.0046106557377,-0.0184281842818,-0.0120724346076,-0.0105851569933,-0.0199927299164,-0.0219512195122,-0.0151763740771,-0.0158767772512,-0.00556947925369,-0.00528025995126,0.02816,-0.04033358605,-0.0259478354396,-0.0256045519203,-0.0447313119183,-0.0206783695329,-0.0301250957365,-0.0353593241805,-0.0223163841808,-0.0206162211146
-0.0161919243925,-0.00108342361863,0.0284855612178,-0.00407933605289,-0.0350936967632,-0.0159955100323,-0.0166031573217,-0.00805897593089,-0.00475947645759,-0.0139885882569,-0.00661914460285,0.0278879673038,-0.0148367952522,-0.0149625935162,-0.0433152852978,-0.0138855445862,-0.0198823858863,-0.0114332380563,-0.0877684407096,-0.0191183441302,-0.023740510697,-0.0314679643147,0.00675675675676,-0.0132158590308,-0.00473808897078,-0.0236934486556,-0.00953481652702,0.0129539671524
-0.0175010141988,-0.0133767172813,0.0165163257528,-0.00522598870056,-0.00776836158192,-0.00513332382718,0.0653196789372,0.0191527092372,0.00888129803587,-0.0280007466866,-0.0205023065095,0.00947257630686,0.0210843373494,0.0237341772152,-0.00435350457118,-0.00919746052417,0.0191428571429,-0.00660883932259,0.0388945752303,-0.00128865979381,0.0123002969037,0.0150728521186,0.0232558139535,0.00969827586207,0.0494578153928,0.0174000221718,0.0316511085181,0.00844941767527
-0.0684845531947,-0.0428728471968,-0.0404949381327,0.0254153059776,0.035231316726,0.0372653002723,0.0795011691348,0,0.0496021669206,0.0251584405608,0.00156985871272,-0.0610518999073,0.11209439528,0.0176197836167,-0.083078268474,-0.0364741641337,-0.00532660499019,-0.0282744282744,-0.0423645320197,0.00677419354839,-0.00586592178771,-0.00461969971952,-0.0251677852349,0.0028967830462,0.0211693548387,0.018452631928,-0.0869503746642,0.0122282608696
-0.111196808511,0.0267993874426,-0.0458512439755,-0.0361395735253,-0.154348573393,-0.00317811247755,-0.109506618532,-0.0535321400057,-0.00596774193548,0.0256650430873,-0.0569487983281,-0.0118445404072,-0.0550397877984,-0.0170109356015,-0.0767763471626,-0.0179043396709,-0.0777903043968,-0.0423620025674,-0.0394375857339,0.0208266581224,-0.0323124473167,0.00281783523952,-0.025974025974,-0.0404378230465,-0.124383020731,-0.0114896546591,-0.0212139981418,-0.0223713646532
-0.0663295330999,-0.0529455630127,0.0768600682594,-0.0172389024565,0.0630081300813,-0.0568339340172,0.102702702703,-0.0364015699103,-0.0444588674347,-0.0615525114155,0.001108033241,0.0903983019104,-0.101052631579,0.0169962917182,-0.0444214876033,0.00885493532425,-0.0388141809291,0.032618409294,-0.0531952873974,-0.0180477087257,0.0264227642276,0.0438016528926,-0.0552610441767,-0.0237642585551,0.0510146561443,0.0145290015341,0.0219901914254,0.0647597254005
-0.196796179773,-0.0153543307087,-0.0611054766734,-0.0220727963748,-0.116634799235,-0.0189594356261,0.00490196078431,-0.0440215847771,-0.00747155714043,-0.00681198910082,-0.0232429441063,-0.112561548151,-0.0245901639344,-0.0966271649954,-0.0664864864865,-0.0150589450133,-0.0352941176471,-0.0571181306794,-0.20814479638,-0.0385168611156,-0.0619519094767,0.0300870942201,-0.0567930624044,-0.0804933463161,-0.127111826227,-0.130866654143,-0.0729102167183,-0.226305609284
-0.0676393719534,-0.00399840063974,0.0440183634891,-0.0358744394619,-0.0744588744589,0.0274157303371,0.0731707317073,-0.0215546468142,-0.00940975192472,-0.00215559474819,0.0730878186969,-0.00851612903226,-0.0868347338936,-0.0494450050454,-0.0196873190504,-0.120915603704,-0.00988793671721,-0.0610371730151,0.06,-0.0500332446809,-0.0500603136309,-0.0601076095311,-0.0753560483144,-0.0707730321214,-0.0761904761905,-0.0504430847558,-0.178493905493,0.0861111111111
0.123495007133,0.0236852669611,-0.0548370408691,-0.0282170542636,-0.0177736202058,-0.0771361913094,-0.0456818181818,-0.0343784270369,-0.0587219343696,-0.0718774548311,-0.119324181626,-0.0904476834982,-0.0486415425066,-0.0544939844303,0.00354400472534,-0.0835817928841,-0.0206391478029,-0.0581622678397,0.0503144654088,0.00174978127734,-0.0536507936508,-0.0865227347072,-0.082082277247,0.0281101614435,-0.0921183904223,-0.00614014134971,0.00569105691057,-0.0818414322251
-0.1071968206,-0.0305882352941,0.026135741653,0.0280791320996,-0.0409523809524,0.00979617633117,-0.0316742081448,0.00207532581875,-0.00128440366972,-0.0169276343631,0.0395683453237,-0.00400629560738,-0.0428374021188,-0.0063622754491,-0.0559152442613,0.00325344322742,0.0537049626105,-0.0160871821484,0.0911035072712,-0.0071615720524,-0.0353908084535,0.0698299015219,-0.00785896346644,-0.0351006835396,-0.108058608059,-0.0284728701897,-0.173403395311,0.00696378830084
-0.0645101650442,-0.143203883495,-0.118682490999,-0.066573556797,-0.119662363456,-0.102331403536,-0.163797343827,-0.0476041051388,-0.0874517729193,-0.117305208782,-0.0547866205306,-0.113489441172,-0.0899903753609,-0.195103578154,-0.111596009975,-0.138903902281,-0.134838709677,-0.151371308017,-0.199137593101,-0.0893736805067,0.0497304816554,-0.220920502092,-0.0931278098908,-0.134979896611,-0.0521560574949,-0.231405704307,-0.198533007335,0.040387275242
0.161473733819,0.0679886685552,0.12407323347,0.016791354946,0.0885504794134,0.122537911801,0.197941176471,0.113727542299,0.126837125025,0.108266276518,0.0835875533862,0.194133851888,0.175039661555,0.171736078615,0.0975438596491,0.163444639719,0.11744966443,0.0689869484152,0.149779735683,0.101816074189,0.0619513003147,0.199570354458,0.247639282342,0.200752545374,0.227036395147,0.152157037968,0.190054911531,0.0781706992821
-0.103592931937,-0.0583554376658,-0.00363440570736,-0.0188031393067,-0.0440414507772,0.00854037267081,-0.10606432605,-0.00845732184808,-0.0141147043059,0.00990099009901,-0.0653153153153,0.00882073551364,-0.0666066606661,-0.11821086262,-0.0824808184143,-0.0950582649978,-0.0687354020687,0.021511627907,-0.0872711792252,-0.00964404699281,0.0131024801123,-0.140938395415,-0.126963103122,-0.0379723502304,-0.153248587571,-0.0602552978914,-0.0410151243271,-0.0429099876695
-0.0807251169956,-0.0929577464789,-0.00864631180762,-0.0123312781203,-0.126829268293,-0.0375673595073,-0.0999725350179,-0.0409975605047,-0.0610728524828,-0.0420479302832,-0.0409638554217,-0.0478880817864,-0.0356798457088,-0.10597826087,-0.0940766550523,-0.0761893406462,-0.068792547474,-0.0774046670461,-0.118936567164,-0.0154036827195,-0.0638953040801,-0.0346049614342,-0.107498916342,-0.0774094654148,-0.19224353628,-0.104319817583,-0.0457097032879,0.0582324143262
0.0545769334625,0.0709109730849,0.0738620877623,-0.00269951071368,-0.0527622594662,0.0347144456887,-0.15837656393,0.0167596947459,0.0185292414592,0.0286559017512,0.00753768844221,0.0497315625883,0.071,0.12462006079,0.0430769230769,0.031104801239,-0.021161985379,0.0117211597779,0.00952885124404,-0.00179823772703,0.0404605263158,0.0865903692507,-0.0104419621175,0.019937694704,0.0934434692824,-0.0990359573463,0.0179271708683,-0.0109569028488
-0.04325004142,-0.100531657806,-0.0569796954315,-0.0639485704619,0.0157273918742,-0.0647804576376,-0.0529369108049,0.0316169535699,0.00454803865833,-0.0198982975901,-0.0473815461347,-0.0306864064603,-0.00980392156863,-0.0842342342342,-0.0737463126844,-0.0374264613844,-0.0231918238994,-0.0878048780488,0.0550603041426,0.0118897495947,-0.0143850774581,-0.0457074721781,-0.0213496932515,-0.0710649562207,-0.0727101038716,-0.0852196147262,0.00660429279031,-0.0888724766125
0.121328998843,0.12896292316,0.0711882653748,0.0621724200253,0.218064516129,0.0330633162506,0.397013782542,0.116073516018,0.0858328617242,0.0372208436725,0.107984293194,0.0842821438489,0.143328618576,0.225774717167,0.109872611465,0.103511053316,0.0865191146881,0.15307486631,0.0661033797217,0.0845647142603,-0.0797113071371,0.169720949604,0.0744734202608,0.0664182376151,0.244399185336,0.185416972631,0.159650082012,0.182653336936
-0.0498396007216,-0.0937648738696,0.00439698492462,-0.0163348647269,-0.102224576271,-0.0500880140823,-0.215401479857,-0.0563811393786,-0.0495135510771,-0.0219660722053,-0.0177200236267,0.00153668843642,-0.0346391752577,-0.0862760834671,0.0466284074605,-0.0246288003771,-0.0148148148148,-0.023768115942,0.108624708625,-0.0037754432042,-0.0304984315092,-0.142068719957,-0.0959159859977,0.0201438848921,-0.208674304419,-0.00645434599291,-0.0049504950495,-0.0849897189856
-0.0950892824161,0.00735294117647,-0.0630393996248,0.0193738107594,-0.0519174041298,0.0185309973046,0.041564792176,0.0346743625086,0.0233960884665,-0.00689348454525,0.0330727600722,-0.112773302647,0.0136693720632,-0.0368906455863,-0.017135023989,-0.00942370424067,0.0936090225564,-0.0279097387173,0.0824222035324,0.0116987971659,0.0133021750854,0.0188835858062,0.0614352090862,0.0425146080999,-0.047569803516,-0.0450877701083,-0.0101871594409,0.0469413233458
0.0101480985582,-0.0114702815433,0.0415164864504,-0.0132360427626,-0.025513378967,-0.00430036387694,-0.00134138162307,-0.00837728526001,-0.0157170923379,-0.00559785042544,0.00640279394645,0.0311284046693,-0.015592077539,-0.0209758321933,-0.0146443514644,-0.00902549091353,-0.0271570986593,-0.0219914477703,-0.00660450660451,-0.0166123778502,-0.0177399325883,-0.00325865580448,-0.0274805447471,-0.00792423656745,-0.0390879478827,-0.0200088460161,0.0134035423648,0.0393512997854
0.092015614771,0.0822784810127,0.0462701871315,0.0326741186586,0.0619412515964,0.0357142857143,-0.017797179315,-0.0199155840172,0.0255851932499,0.0231929745553,0.0503181029497,0.0714185883997,0.0577910958904,0.0945505356311,0.0552016985138,0.0685538461538,0.0787985865724,0.0687070580887,0.0614000782167,0.052666445843,0.0565288062128,0.0919493257049,0.154538634659,0.0578609000584,0.127118644068,0.0751316383331,0.0883325460557,0.0217989903626
-0.0625915893246,-0.0511695906433,-0.0623545265221,-0.0284762697752,-0.0481058328322,-0.0386527666399,-0.148376068376,-0.0212428745593,-0.0907643312102,-0.0376320422535,-0.0440528634361,-0.076180537438,-0.0704168352894,-0.0697872340426,-0.075117370892,-0.0127850725639,-0.0664919751065,-0.041496201052,-0.0560058953574,-0.0534927627439,-0.0242735042735,-0.062125748503,-0.0526315789474,-0.0357274401473,-0.0561403508772,-0.0531696278646,-0.106119791667,-0.0785986975073
-0.0713975540239,0.0123266563945,0.0203814998693,-0.0154268083648,-0.11813013266,-0.0368702035369,-0.0839020473705,-0.0575674228984,0.00330803658299,0.00251543562772,0.00806451612903,0.0129906805987,0.0100130605137,-0.0182982616651,-0.00362581580856,-0.00921712752304,-0.0108771929825,-0.0353658536585,-0.00468384074941,-0.00814494680851,-0.0115627189909,-0.0662410215483,-0.029263831733,-0.024064171123,-0.0966542750929,0.00160456032936,-0.0398154891964,0.000487448208628
0.0887904501165,-0.105530187722,0.00640204865557,-0.0154944289694,-0.110315186246,-0.0235579421445,0.0736196319018,0.0343784270369,-0.0574088440652,-0.0184762773723,-0.105714285714,-0.00627265124059,-0.0202586206897,-0.0279589934762,-0.0262008733624,0.0786622703721,-0.0141894288755,0.0303413400759,0.103921568627,-0.0212837271661,-0.0506912442396,-0.0241452991453,0.0129533678756,-0.047553816047,-0.106407995297,-0.0716848295778,-0.173957016435,-0.0845310596833
0.0208657082393,0.0113442994895,-0.0243002544529,0.0201591511936,-0.0644122383253,-0.058896576193,0.0285714285714,-0.0129054761074,-0.0417695473251,-0.0183592842203,-0.0485623003195,-0.0140272127928,-0.0510338759349,-0.0316395014382,0.0186846038864,-0.00731441048035,0.0230298668586,-0.060736196319,0.0355239786856,-0.00856164383562,-0.0548917102315,-0.0271513028246,-0.0513833992095,-0.0232175878364,0.117105263158,-0.0228654729088,-0.0728497092133,0.0321979776477
0.12020286241,0.0902972518228,0.0363802321033,0.0140405616225,0.0877796901893,-0.00207351555137,0.0825396825397,0.0261519084771,0.0581919690788,0.0016571969697,-0.0120886501007,0.0587565798833,0.07046824293,-0.0376237623762,0.0939104915627,0.0647751017266,0.0780865283152,0.100587851078,0.0126929674099,0.0193436960276,0.0689450809957,0.0751744316903,0.0490196078431,0.0437526293647,0.045347467609,0.0966881384605,0.0802244965335,0.0469193091003
-0.0326816577098,-0.0180041152263,-0.0615249119275,-0.0239316239316,-0.0949367088608,-0.0349452210049,-0.0949413489736,-0.0582976764801,-0.0558035714286,0.0363980146537,-0.00883752549286,-0.063020693362,-0.0809874404504,-0.0473251028807,-0.0690811535882,-0.030778764718,-0.0619902120718,-0.0445103857567,-0.0189701897019,-0.0374449339207,-0.0866752910737,-0.0908519991627,-0.0542056074766,-0.0509875050383,-0.11323943662,-0.0982285883799,-0.0544009779951,-0.00590987441517
-0.123135461008,-0.0984808800419,-0.0709210349913,-0.0604203152364,-0.226398601399,-0.0428655314151,-0.209801539085,-0.0578481278466,0.0505050505051,-0.0401368301026,-0.0898491083676,-0.0973755915675,-0.118284637135,-0.0836933045356,-0.129682997118,-0.100916453538,-0.0302608695652,-0.108074534161,-0.177486187845,-0.0517514522091,-0.081141238365,-0.041906516233,-0.14871541502,-0.100658313867,-0.228081321474,-0.155805461697,-0.188106011635,-0.0713401040377
0.011391630573,-0.0825101685067,-0.0633477633478,-0.106803355079,-0.141242937853,-0.0415132924335,0.0845720143516,-0.0118511459182,-0.0171849427169,-0.0570206699929,-0.121326299925,-0.0845249443915,0.0646712987707,-0.0542133176193,0.0190397350993,0.055469953775,-0.159253945481,-0.00278551532033,-0.266162888329,-0.037497679599,-0.0565954635543,-0.0444604662341,-0.143644805572,-0.0750885478158,-0.0897119341564,-0.0777345424384,-0.117436305732,-0.0474793278208
-0.0549236243224,-0.0405319822673,-0.00523802187644,-0.0275459098497,-0.025,-0.0573927885641,-0.248582230624,-0.0486925613664,-0.0110324729392,-0.0236835474931,0.0831903945111,0.0114543561263,-0.0848393574297,-0.0286604361371,0.0194963444354,-0.0625491297024,-0.1045221843,-0.0488826815642,0.0177345537757,0.00906460945034,-0.0179738562092,-0.0299295774648,0.0504913588614,-0.0411028848609,-0.0379746835443,-0.074544433915,0.0789354984213,-0.0613273592831
0.148110402682,0.0726072607261,0.0371689639151,0.0886266094421,0.303643724696,0.0823902218198,0.452201257862,0.0905270559187,0.0271521784887,0.0650322580645,0.12034837688,0.0799588194921,0.104772353264,0.103912764593,0.135458167331,0.0927168183996,0.248689852311,0.13436123348,0.162450815065,-0.0120412844037,0.128357499406,0.138449572206,0.0912903225806,0.0947816826411,0.18984962406,0.255271550909,0.104515050167,0.137529832936
0.128277359626,0.128,0.0531581305062,0.0492805046324,0.0797101449275,-0.00167294019239,0.249891728021,0.0882677082709,0.0549180327869,0.0695420402229,-0.00918727915194,0.0986653956149,0.154419066534,0.0993608367228,0.0891228070175,0.0821091865819,0.0675314765357,0.0990291262136,0.066247582205,0.0671309731089,0.0389719823046,0.084491004327,0.0493644694059,0.0573929961089,0.150078988942,0.102170818136,0.121498864497,0.0729084710202
-0.0294473342003,-0.0463720676487,-0.0269388912519,-0.00413300770242,-0.0479386385427,-0.00963552576456,-0.138946638947,-0.0273564920862,0.00543900543901,-0.00498414136837,-0.0228245363766,-0.0339840925524,0.00559139784946,-0.0565539112051,-0.0515463917526,-0.0424475737007,-0.0511079342387,-0.0394581861013,-0.0684807256236,-0.0224800580131,-0.0135847526358,-0.0285594288114,0.00056338028169,-0.0202391904324,-0.120192307692,-0.0179138813724,-0.0708741140736,-0.0584209239795
0.133602642174,0.0732265446224,0.0206906600612,-0.0152801358234,0.126888217523,0.0501269035533,0.134808853119,0.0929833943047,0.0322642967543,0.0243624772313,0.000729927007299,0.0462574850299,0.062874251497,0.0991596638655,0.0774456521739,0.0744815911976,0.0045197740113,0.0748007357449,0.0676728334956,0.0374629080119,0.0705035971223,0.108300907912,0.0743243243243,0.0870892018779,0.183450429352,0.160056834001,0.137304758445,0.0939771547248
0.0149455718794,0.0442430703625,-0.0289793004996,-0.0201149425287,0.0840035746202,-0.0324269889225,0.195035460993,-0.0390566019395,-0.0355605465095,-0.00577906201378,-0.016776075857,-0.0273286593218,0.0446680080483,-0.0045871559633,0.00756620428752,-0.0158526979126,-0.0232470941132,0.0205362236167,0.111263109895,0.00303897032535,0.0243855606759,0.0360834796177,-0.0264675052411,0.00172748866336,0.349604221636,0.0538502917201,0.0590865538167,0.0393925011865
0.00232906144646,-0.0500255232261,-0.040135254337,0.0258064516129,-0.0643033800495,0.0559950041632,-0.118991097923,-0.0255179971339,-0.0438579468271,-0.00894254415381,0.00816023738872,-0.0604589585172,-0.0312018489985,-0.00614439324117,-0.0613266583229,0.0048024012006,-0.0318618042226,-0.0324203465623,-0.00656544932294,-0.0139012653716,-0.0258669165886,-0.0143072289157,-0.0180349932705,-0.0125026945462,-0.0723362658847,-0.0026110788271,-0.08082026538,-0.0783105022831
0.035104535183,0.0961848468565,0.0128656762138,-0.0306842004955,0.0651982378855,-0.0149812734082,0.104075446278,-0.012608691139,-0.0154252080373,-0.0471464019851,-0.00735835172921,0.0241114764365,0.0290258449304,0.0170015455951,0.0186666666667,-0.004779448372,-0.0705789056305,0.0612362796072,-0.0495662949195,-0.015181637448,0.103521262267,0.0338044308633,0.0819627192982,0.0578476315215,0.276606954689,0.0284230707152,0.0954724409449,-0.000990834778301
0.0588430067458,-0.0102941176471,0.0313019809466,0.0570192685804,0.0835401157982,0.0204122473484,0.0918242830995,0.0163721295333,0.0480313337456,0.0220170454545,0.0363232023721,0.0194159914386,0.0127511591963,0.158054711246,0.0903141361257,0.0624312156078,0.0503412969283,0.0615133369624,0.0308561495002,-0.0315654248486,0.0197035745423,0.0210604101238,0.0686597415759,0.0561287659926,0.125877011969,0.0690899903919,0.152440850554,0.0443838333747
-0.0189271271155,-0.0430906389302,0.0156891495601,0.00651041666667,0.0832061068702,-0.0121592469112,0.00111763062308,-0.0393056010481,-0.00413060582219,-0.00972897845726,0.0121602288984,0.0197960407918,-0.0488363220145,0.080927384077,-0.077430972389,-0.0309822017139,-0.0089358245329,-0.045641025641,0.163153456998,0.0308887625545,0.0107729138167,-0.0385380857608,0.0602181128497,0.0257913247362,-0.0454545454545,-0.060203087852,-0.00129937629938,-0.109924026591
-0.0225391680173,0.0662525879917,0.0177566045907,0.0358528922565,-0.0507399577167,0.0426841373834,0.0399106893665,-0.00402318445278,-0.0140233063401,0.0776608187135,0.0734982332155,-0.0289705882353,0.0437224227838,-0.0202347227843,0.00975927130774,0.0163265306122,0.0549180327869,0.00591080064481,0.00797390358826,-0.00367647058824,0.002030113348,-0.0365073391043,-0.00782647584973,0.00914285714286,0.00345622119816,0.0213506861632,-0.0169138693729,0.0829554547879
-0.0327644145738,-0.0412621359223,-0.0236879432624,-0.0228367528992,-0.0274684484039,0.00971058644326,-0.0764895330113,-0.0299660557666,-0.013421474359,0.0266985022791,-0.0151415404872,-0.0240799636529,-0.121445042275,-0.0210656753408,-0.0302835051546,-0.0257219353605,0.0167055167055,-0.0438034188034,-0.0542970154621,0.0531365313653,-0.0533513422252,0.0236328125,-0.0322289835474,-0.036617591544,-0.10447761194,-0.0159431210319,-0.0918475383801,-0.00837438423645
0.137548571429,0.0835443037975,0.0425686473921,0.0184407522366,0.0580152671756,0.00622289270224,0.0494042429526,0.0152712873053,0.0272081218274,0.0363636363636,-0.0133689839572,0.0740223463687,0.0568678915136,0.0561181434599,0.0963455149502,0.0635979978408,0.0519679021781,0.0893854748603,0.0456273764259,0.0485283812193,0.0574282147316,0.130700248044,0.110852352119,0.0828761755486,0.110683760684,0.0767008839896,0.0944331098805,0.0409836065574
0.032295010323,0.0303738317757,0.0196488294314,-0.002689135891,-0.021645021645,-0.00412293853073,-0.0199390750485,0.00102448144774,0.00434868551097,0.00734394124847,-0.030487804878,0.00534604825892,0.0165562913907,0.0119856172593,-0.0351515151515,-0.0081203285042,-0.0581184162732,0.0189743589744,-0.0527272727273,-0.01888053467,0.0236127508855,-0.0212622342221,0.107547169811,0.0220734575719,-0.0130819545979,-0.123413064449,0.0271637816245,0.0479599141016
-0.0539464720195,0.0621315192744,-0.00492004920049,-0.0158188028042,-0.0302359882006,-0.0340609710199,-0.0392766318169,0.0153697699834,-0.0462507380437,-0.0257189145403,-0.0125786163522,0.0215579189422,-0.0289087947883,-0.0426371891038,0.00376884422111,0.00120941482929,-0.0374084072503,-0.0256668344238,-0.0975047984645,-0.0160081743869,-0.0227385071676,-0.0355172413793,-0.0626537951921,-0.0313329792884,-0.0163742690058,-0.0160211097902,-0.0635208711434,-0.0309653916211
0.00940775870051,-0.00597779675491,-0.0545254772696,0.0135159817352,-0.123954372624,-0.0150009740892,-0.0332352941176,0.00975543028287,0.00268262484523,-0.00249428393265,0.0467091295117,-0.0748452447946,-0.0251572327044,-0.0655670103093,-0.0187734668335,-0.0288050548225,0.0088141025641,-0.0490702479339,0.044661846023,-0.0100380754586,-0.0310234361828,-0.0121558813014,-0.0529079159935,-0.0391081871345,-0.0792707094728,-0.0655319496316,-0.104097452935,-0.0352443609023
0.0334839968814,0.0249140893471,0.0252760023242,0.0264912596864,0.0208333333333,0.0330300632911,0.0526315789474,0.0446375096255,0.00349866227619,0.00625130235466,0.0317782285328,0.0170316301703,0.0266666666667,0.0441306266549,0.0446428571429,0.0125334864141,0.106036536934,0.0315046170559,0.0228013029316,0.000524475524475,0.043326953193,-0.0635179153094,-0.090618336887,-0.00209205020921,0.0331467929402,0.0792522058181,0.0735475896168,-0.001217730151
-0.0236670052363,-0.0276613579212,-0.0351374327005,-0.0059691011236,-0.0238095238095,-0.00114876507754,-0.0578034682081,-0.0318880641583,-0.0211238720263,0.0147028370263,-0.0452162516383,-0.0409688995215,-0.0414746543779,-0.0240912933221,0.00976800976801,-0.0394973070018,0.00143626570916,-0.0242232754081,-0.0410031847134,0.0132797483837,0.011841227485,0.00309178743961,-0.0490035169988,-0.0299218601105,-0.02,-0.0261409075456,-0.0875071963155,-0.026091197269
0.0269122385286,0.00129310344828,-0.0352422907489,0.019427764041,-0.00174216027875,0.0155261644623,0.0647239263804,-0.0431505811105,0.00209511837419,0.00102040816327,0.0130404941661,-0.0265045213595,0.0100524475524,-0.016890428757,-0.00302297460701,0.0193802262666,-0.0383650053783,0.00215866162979,0.0381901203819,-0.0124159337817,-0.0029668699522,-0.00712772105567,-0.00295857988166,0.0102161100196,0.0425170068027,-0.00276363636364,0.00315457413249,0.0115172759139
0.0742489291493,0.0559621179509,0.0493150684932,0.0232155232155,0.0183246073298,0.0486976217441,0.0653990204552,0.0247863247863,0.0206983065022,0.0403669724771,0.0338753387534,0.0512491992313,0.073128515794,0.117621145374,0.146149181322,0.123721289326,0.0417598806861,0.138933764136,-0.00679728108757,0.017635760433,0.0553810547198,0.0250291036088,0.0435212660732,0.0690392843252,0.178221859706,0.12153692282,0.15251572327,0.00173267326733
0.0470287171364,-0.0578883000408,0.0552654482158,0.0374195733153,0.0556983718937,0.00395968322534,0.0310978907518,0.0413167582181,0.00307251126587,-0.0295904369978,0.089121887287,0.0489031078611,0.0145161290323,0.042569964525,0.0301587301587,0.0102198557197,0.101288475304,0.0326241134752,0.11191626409,-0.0396362388469,0.0950814536341,-0.00870717395419,0.000947867298578,-0.0520283791159,-0.0176531671859,0.0716547019218,0.169440654843,0.0758586607363
0.0395384628838,0.0311553440069,-0.0288659793814,-0.00277460421087,0.113636363636,-0.00304768734313,0.0385523210071,0.0332250458294,0.0177659791709,0.0016155088853,-0.0348977135981,0.0225127087872,0.0461049284579,-0.0351606805293,-0.00513610683102,0.0194678228343,-0.0243743906402,0.0334706959707,-0.00941346850109,-0.0150080400214,0.0318981547704,0.0811533320603,0.0366950757576,0.0589138361159,0.00951374207188,0.0507232809076,0.0527298180121,0.0339917317409
-0.0102751969448,-0.017205203525,-0.0208067940552,-0.00621931260229,0.0619533527697,-0.0618593778097,0.0780303030303,-0.0346559299664,-0.0024077046549,-0.00322580645161,-0.00810473815461,-0.0166193181818,0.0296352583587,0.0360501567398,-0.031491997935,-0.010173448966,0.0193204530313,-0.0412476186257,-0.0105994152047,0.0206783965173,-0.0170501802052,0.00918403391028,0.0452158026947,0.0128669807901,0.128795811518,0.0150476674465,0.0449911347518,0.0310972900933
-0.0311413685544,-0.00725875320239,-0.038016767852,-0.0148221343874,-0.0830473575841,0.000766724170979,-0.0459123916608,-0.0226365722553,0.0372083668544,-0.0149676375405,-0.00188560653677,-0.0381337570417,-0.0365313653137,-0.0510590015129,-0.0165245202559,-0.01550126369,0.00915032679739,-0.0420517560074,0.0520871813816,-0.0314554824951,-0.0117049781413,-0.0297514875744,-0.035175879397,0.00429414922169,-0.0602968460111,-0.0407643767657,-0.067868504772,0.00409306333477
0.0593369768319,0.0597849462366,0.0713749060856,0.0244065529923,0.062874251497,0.0216433633404,0.055978394304,0.0393769942594,-0.000387822377351,0.00739219712526,0.0535264483627,0.0626220153176,0.035235541938,0.0681546432842,0.0168021680217,0.0210508300531,0.0524611398964,0.064158224795,0.0424859550562,0.025871559633,0.0353881278539,0.010101010101,0.0672554347826,0.0564760377695,0.0750246791708,0.0408868764785,0.0821387940842,0.0287491954516
-0.0050266237154,0.000405844155844,-0.0301542776999,-0.0137075718016,-0.0211267605634,0.0144356955381,0.010462683097,-0.0117788559824,-0.0131910766246,-0.00591112922951,-0.0017931858936,-0.0115884680611,0.00961894191639,-0.0283582089552,0.0831556503198,-0.0106436473349,-0.00215384615385,-0.0208522212149,-0.0569215223981,0.00590234305133,-0.00633958103638,-0.0108928571429,0.0538934861023,0.00101180438449,0.0352004897459,-0.0123729332317,-0.0473086627418,0.051511991658
0.0124843945069,-0.00121703853955,0.000433839479393,-0.00198544010589,-0.0021582733813,-0.0231010903715,-0.025770823746,-0.0141775992553,0.0159229408296,0.0241952019684,-0.0185628742515,-0.0140120102945,-0.00952729937706,-0.00537634408602,-0.0334645669291,-0.00499788225328,-0.0533456675917,0.0111111111111,0.0314285714286,-0.00177809388336,-0.0104022191401,-0.020942408377,-0.0104690960338,0.0195417789757,-0.0289769367238,-0.00689036733241,0.017656146546,-0.0059500198334
0.0200205507604,0.0154346060114,0.0118531367447,0.000331564986737,0.106705118962,0.046159667045,0.0333018422296,0.015360778951,-0.0251547987616,0.0442442442442,-0.00183038438072,0.030162412993,0.0177580466149,0.0841698841699,-0.0142566191446,0.0120892218628,0.071335504886,0.0434981684982,-0.00415512465374,-0.034022087638,0.0449894884373,0.012539184953,0.0370295015259,0.0171844018506,0.0328867235079,0.0179761778297,0.0576881370635,-0.0225458898643
0.0592937933925,0.012,-0.00614285714286,0.00546900894929,0.0918566775244,0.0325497287523,0.0182857142857,-0.0508551056611,0.010520047638,0.0161042944785,0.0171149144254,0.0142173423423,0.0229007633588,-0.002849002849,0.00929752066116,0.0226278600269,-0.0325326847066,0.0368582711716,-0.00591098748261,0.0352203577356,-0.000268240343348,0.0662902932071,0.037080635668,0.0180311890838,-0.00471698113208,0.0464671103908,0.0756612671724,-0.0244947948561
0.011582967522,0.0209486166008,0.000287480235734,0.00988956650733,0,0.0185639229422,0.00583613916947,0.0291633853624,-0.0276959340012,0.00245283018868,-0.00420673076923,-0.00485773768217,-0.0312722103767,0.00821428571429,0.0102354145343,-0.0184255984207,0.00659962287869,-0.000846381718155,-0.0975865687303,0.0183469896687,0.00630533941508,0.00768573868488,0.00397275822928,-0.0164352959949,0.0192535545024,-0.0325619515357,-0.00533739992375,0.0286670851643
-0.00068814842948,-0.0460704607046,-0.0288834602673,-0.0236657417986,-0.0554892601432,-0.025447042641,-0.0225396116938,-0.0128496722346,-0.00888888888889,0.012610577828,-0.0102595051298,-0.0322175732218,-0.040719002201,-0.0198370527807,-0.03242147923,0.00351965138691,-0.00811738994692,-0.0283778060144,-0.0682170542636,-0.00979534721008,-0.0265297960272,0.0640677966102,-0.0148859996231,-0.019630110318,-0.0345829700668,-0.0403933682722,-0.0274051360675,-0.00345809601302
0.0257311437904,0.0438311688312,0.0377330571175,0.0453025743898,0.0315855969678,0.014467184192,0.0520547945205,-0.0320422371697,0.0112107623318,0.0184014869888,0.0426829268293,0.0616803574002,0.034034416826,0.0350560173473,0.0680628272251,0.0608768267223,0.034309096632,0.03679163034,0.0495008319468,0.0012365306483,0.025472473295,0.00748646065626,-0.0118592195868,0.0172099950356,0.0559903672486,0.0542115492419,0.0453201970443,-0.00326597264748
-0.00498191396477,0.0248833592535,0.0497647226579,-0.0219094834479,-0.0300061236987,0.00504347826087,-0.00217013888889,-0.00138021131257,0.0459584761137,0,0.0514619883041,0.0541604452287,0.0218195266272,0.0429469273743,0.000490196078431,-0.0313287153652,0.0264759586123,0.0195930037,-0.0122869599683,0.045871559633,0.0192307692308,0.0449011857708,0.0346496322106,0.0645843500895,0.0188141391106,0.0471857019586,0.0904806786051,-0.000614376407946
0.0664717507042,0.0880121396055,-0.00529747351263,-0.0174950948332,-0.052398989899,-0.0154005883371,-0.0469769464985,-0.0110495604197,-0.0395066486799,-0.0284723489688,-0.0478309232481,-0.0284573783157,-0.0553745928339,-0.040843655842,-0.0284174424302,-0.0239720461563,-0.050696709161,-0.0226804123711,0.0156500802568,-0.00134952766532,0.00655136268344,-0.0354062641852,-0.0965388213283,-0.00932151589242,-0.0240626748741,-0.0635467471023,-0.0134831460674,0.05
-0.0650425054536,-0.0278940027894,-0.0147480540762,-0.0099850224663,-0.0359760159893,0.0360281195079,-0.0282975810132,0.0268862407468,0.00882825040128,0.00920533533722,-0.00992990654206,0.0157720344599,-0.039846743295,-0.0432809773124,-0.041351487645,0.00374656564816,-0.0237351655215,-0.0295358649789,0.0438561833267,-0.000675675675676,-0.0330643061703,-0.0196078431373,-0.000414164423276,-0.0334721579516,0.0229357798165,-0.00462696889703,-0.0276852987559,-0.0202966432475
0.064179882637,0.0398134863702,0.00970200970201,0.0211800302572,0.0953697304768,0.0491942324003,0.0415688116487,0.0258438741794,0.0342084327765,0.0327624720774,0.0283185840708,0.0133089770355,0.0698324022346,0.0580080262678,0.0236717517096,0.0451227604512,0.0694177863084,0.0430434782609,0.102573807721,0.0588235294118,0.0393107162089,0.04512,0.0638077480837,0.0649537184807,0.0944506726457,0.0725129831154,0.0812759055686,0.0677290836653
0.0256636553162,0.0189720593308,0.0216884008236,0.0237037037037,0.00946372239748,0.00679062247373,-0.0295377677565,0.00529963888672,0.0223076923077,0.0227108868061,0.0292598967298,0.0122328096832,0.0313315926893,0.0586206896552,0.0395683453237,0.0175396825397,0.0113670355968,-0.00500208420175,0.000686577411603,0.0301724137931,0.010621761658,0.0119412124923,0.022005842259,0.0391128427993,0.0612035851472,0.00953522253415,0.00666666666667,-0.0123134328358
-0.00363160854512,0.0135409614083,0.0170630122263,0.00803987779386,0.00125,0.00738718484021,0.00557620817844,0.0329710656316,0.0285929270128,0.026436376454,0.0328874024526,0.00165373362168,-0.00506329113924,-0.0071661237785,-0.0410281759763,-7.79970361128e-05,0.0771960958296,0.00125680770842,-0.00240137221269,-0.00836820083682,-0.00371699564214,-0.0243570347958,0.00285823170732,-0.00879723103548,0.00458494208494,-0.0051519059039,-0.037417218543,0.000566679259539
-0.0289955595449,-0.0177020708083,-0.00832232496698,0.00239272611262,0,-0.0060577076359,-0.0182532347505,0.00415038395322,-0.00237746891002,-0.0178571428571,-0.0194279546681,-0.00889001778004,-0.00545256270447,-0.00853018372703,-0.0103092783505,-0.0144305772231,-0.00576606260297,-0.0209205020921,-0.0140990371389,-0.011564306923,-0.00373086324456,0.00620251201737,-0.00418012540376,-0.0216790339008,0.00480422772039,-0.00517858548906,0.00429996560028,-0.0109495941099
-0.0548276176003,0.0129207752465,-0.0173171706407,0.0243475493316,0.00374531835206,0.00192461908581,-0.0291833372558,0.0568990913699,0.00696608615949,0.0117132867133,-0.00605393505779,0.0016658124039,0.031432748538,0.0258107213766,0.0609375,0.00546102097349,0.0135321734328,0.0346153846154,-0.0129054761074,-0.0208695652174,0.00606921487603,-0.00539374325782,0.0650639190994,0.0240928019036,-0.0578532153956,-0.0630418635235,-0.0142147628018,-0.0347394540943
0.0425002222815,0.0107418596845,-0.0553070353802,0.00916576044741,-0.00808457711443,0.00864414919161,0.0126060606061,0.00902199977469,-0.0156562898234,0.0202177293935,0.0188261351052,-0.0116412946143,0.0230333097094,0.0267741935484,-0.019145802651,0.0227487405542,0.0291553133515,-0.0152829409335,0.0936395759717,0.00339092523817,0.0513412912335,-0.00588782150604,0.00412038695808,0.0152483299448,0.0474498858158,0.00925965034261,0.0128561501042,0.0088985564564
0.00634683724236,0.013616738625,-0.0169321279954,-0.00969827586207,-0.0238244514107,-0.0271385494366,0.00311228154178,-0.0157996478334,-0.0123913445534,-0.0315040650407,0.0114130434783,0.0031063939943,0.00311742293038,0.0179076343073,0.00550550550551,-0.00985145847764,-0.00211808313476,-0.00838926174497,0.0394184168013,0.00836820083682,-0.00586009034306,0.0112219451372,-0.0312221231044,-0.00786725790302,-0.0062984496124,-0.0168202757559,-0.0120068610635,-0.0460603684829
0.0674962745333,0.0212975098296,0.00831995329149,0.00948235659879,-0.014771997431,-0.000815660685155,-0.00429594272076,0.0142350138558,0.010861423221,0.00454704442113,0.00107469102633,0.00348387096774,0.00759668508287,-0.0151234567901,0.0104529616725,0.0284492809949,-0.010612894667,0.0186125211506,-0.0242461921044,0.0151611873604,0.0248065823407,0.00955610357583,0.0154696132597,0.0158592848904,0.000731350560702,0.0482102864328,0.0157986111111,0.0238339839737
0.0113397287463,-0.00705806865576,0.0010133178923,-0.00400369571913,0.00717079530639,-0.00212244897959,0.0270853307766,-0.00626983290033,0.00463134494257,-0.00696378830084,0.0161030595813,0.016587373023,-0.0174777244688,0.00501410216233,0.0285714285714,0.00105812107928,-0.00750871547332,0.0253322259136,0.00446001911437,-0.0130482628518,-0.00515278609946,-0.00229007633588,0.018861080885,0.0166051660517,-0.00316686967113,0.0166179373766,0.000683643821569,-0.000401364639775
-0.0182220797572,-0.0219709208401,0.0166305133767,-0.00711193568336,0.0847896440129,-0.0150523560209,0.0392065344224,-0.0420690431399,-0.00036879955744,-0.0134992987377,-0.00528262017961,0.0230204907665,-0.0177886292292,-0.0221390707827,0.00335249042146,-0.0224235560589,0.022696568495,-0.00405022276225,0.0440849984142,-0.00732717425932,0.0115634786798,-0.00673297628156,0.0834816660733,0.00739913444088,0.0134408602151,0,0.0953031596926,-0.0254968881751
-0.0198929227038,0.0194912454575,-0.0169274537696,0.00529430084086,-0.0190930787589,0.0102990033223,-0.0190882551089,-0.0407777550246,-0.00977679394946,0.000355429180736,0.0350504514073,-0.0204005934718,0.0145596590909,-0.0242346938776,-0.00715990453461,0.0177633611369,0.0428005284016,-0.00772671817812,0.025212636695,-0.000641848523748,-0.00726363419862,-0.00801109228162,-0.000821422704123,-0.00235587583149,0.0221847118399,-0.0072974534192,-0.0625292374864,0.00515039142975
-0.0138653776862,-0.049902786779,-0.0471711763855,-0.0207558859975,-0.00425790754258,-0.00312397237751,-0.102335164835,0.0032722513089,-0.0149031296572,-0.0344643808847,-0.0328373524885,-0.059068534646,-0.0332516625831,-0.0222222222222,-0.0230769230769,-0.0429503718318,-0.0179883455789,-0.0577868852459,-0.0222222222222,0.0130057803468,-0.0184718723762,-0.0111818605374,-0.0499835580401,-0.0472287817752,-0.108516159472,-0.0349881299117,-0.0828343313373,0.00204960032794
-0.0410917351184,-0.031036834925,0.00501138952164,-0.00205631129389,-0.0073304825901,0.0224311396998,0.0107115531752,-0.0348762169874,0.0113464447806,0.000551977920883,-0.00318302387268,-0.0130114017438,0.0278783490224,-0.0133689839572,-0.0349409448819,-0.0114969869965,-0.0118679050568,-0.0113092648978,0.00393939393939,0.012680297987,-0.0169864352927,0.00675357311136,0.0678435444791,-0.01516256014,0.0111140513363,0.0255920096736,-0.0398984403337,0.0368173450603
-0.00313459340154,-0.0242872228089,-0.0276518585675,-0.0114122681883,-0.04,-0.0158090014518,-0.0487004794348,-0.0418797641982,-0.0102842183994,-0.0318131666054,-0.0505588078765,-0.046887741234,0.00704473406129,-0.00135501355014,-0.0132585415604,-0.0223790807732,-0.0446475195822,0.0338319401672,-0.0217325686689,-0.0151823446549,-0.036176031825,-0.0436817472699,-0.0617504051864,-0.0318282753516,-0.037163046323,-0.0436707989842,-0.0408009066868,-0.0323535214046
0.0322486423332,0.00757575757576,0.00699300699301,0.00561167227834,-0.00320512820513,0.0122930667104,0.0331564986737,0.0197407633749,-0.000566786321557,0.0252611585945,-0.00224215246637,0.0125481249109,0.0143406785589,0.020013568521,0.0558139534884,0.0173941581884,0.00901885761137,0.0111068556109,-0.00709657513113,0.0106484424666,0.0212820843544,0.0194127243067,0.0304024874762,0.00443425076453,0.0443055178038,0.00279601820846,0.106734935014,0.0285423037717
0.000178161582075,0.0286430361618,0.00925925925926,0.0122767857143,0.0450160771704,0.026878238342,0.0487804878049,0.00241936378871,0.0175803402647,0.0259355316784,0.00842696629213,0.027460920997,0.0455172413793,0.0349185234453,0.0215369554577,0.0229838709677,0.00541711809317,0.0227272727273,0.0279676817899,0.0185563767888,0.0189441778227,0.0291246599456,0.0724224643755,0.0412543766174,0.0132743362832,0.05266315992,0.0325622775801,0.0513379583746
0.0427825977619,0.0100939784198,0,-0.00157505118916,-0.0215384615385,0.00141911069063,0.0239902080783,-0.000343207625852,0.00130039011704,-0.0381003972553,-0.0111420612813,-0.00205592105263,0.0366094986807,0.0134961439589,0,0.0135593220339,0.00404094827586,0.0123456790123,0.0290205562273,-0.0121970047862,-0.00123946455131,0.0611102472399,0.000468969829608,0.0181286549708,-0.020549704598,0.00147151761484,-0.00310184387386,0.000754147812971
0.0482788881185,-0.013439007581,0.0165137614679,0.0127780407004,0.0232704402516,-0.00503857660211,0.0181687783887,0.0220761961016,0.00463821892393,0.0223390275953,-0.0225352112676,0.0251339101772,0.0168628698696,0.0523145212429,-0.00479156684236,-0.0168001866687,0.00214649852428,0.0621951219512,-0.0276145710928,0.0178180681463,0.0090593199305,0.00849941383353,0.050625,0.0160827110856,0.0414371885654,0.0393787255894,0.0183232497839,0.0135644310475
0.0217272526848,0.0230527418791,-0.00270758122744,0.00576323987539,0.0626920712969,0.00807089729388,0.0112702512327,0.00776204579932,0.0234533702678,-0.0148733015057,-0.00518731988473,-0.0143354769561,0.0228410513141,0.0159686652606,0.0192585459798,0.0112332885057,0.0107095046854,-0.0019135093762,-0.0172205438066,0.0124385749386,-0.000614930512852,0.0228131357164,0.0321237358715,0.0152628603731,0.0249307479224,0.00311010979134,0.00950602614157,-0.0198884758364
0.00406540930854,0.0105838170024,0.0101055806938,0.00820814619792,0.0451127819549,0.00282574568289,0.0155560715115,0.0264579278805,0.00360880548538,0.0165890027959,-0.0063731170336,0.0120973222781,-0.000611807892322,0.00682087781732,0.0505432215399,0.00117343346632,0.0145695364238,0.00766871165644,0.0236704580387,0.0163810101623,0.0071375830667,0.0495809063787,0.0361671469741,0.0107182628062,0.00933660933661,0.0651068400159,0.00807129645199,0.0125165939693
0.0339955959897,-0.000337837837838,0.00492757951321,-0.00430107526882,0.0182623132263,-0.00234815278647,0.0256058527663,-0.006526043067,0.00215749730313,0.0042170883755,0.00758017492711,0.0103411227505,-0.00214263850627,0.0356406480118,0.00404676258993,0.00476636974527,-0.0107049608355,0.00875190258752,-0.0138138138138,0.000895388747948,-0.0058651026393,0.00121819166215,0.0305937978028,0.019143368682,0.00973709834469,-0.00185241928745,0.0588824020017,0.0256602359993
0.0262480947992,-0.0108144643461,0.0132243684993,0.00894785560012,0.0070652173913,0.00047073591715,0.0106999554169,0.0331679096871,-0.00448510943667,0.00164323534782,-0.0219907407407,0.0323009437724,0.00184049079755,0.00170648464164,0.0116435288849,0.00591025740726,-0.0131960939562,-0.0128253489249,0.00913520097442,0.0143134039064,0.0347836774828,0.00189265918616,-0.0279314532452,0.0114864864865,0.0286885245902,0.0185585711296,0.0237870195337,-0.0261139517896
0.0159348400352,0.0358729074137,0.00762575157648,-0.00443425076453,0.00971397733405,-0.0166248431619,0.0176444640494,-0.0483162617916,-0.00846999459362,-0.00182282172804,0.0230769230769,0.035668297708,0.0251071647275,0.019023282226,-0.00225763612218,-0.00765365287978,-0.0144423642685,0.0137562094001,-0.026554013277,0.00734969866235,-0.0108088846656,0.0191607070571,-0.00166574125486,-0.0145624582498,0.0438247011952,0.0124912665251,0.0267733497461,-0.0245640352522
0.0197267492756,0.0237137203166,-0.00698588269539,0.0141299339579,0.0122928915019,0.00829346092504,-0.0162548764629,-0.00701325440741,-0.0114503816794,0.0102264426589,-0.0289184499711,0.0110655228149,0.0504778972521,0.00780161604904,0.0648209769732,0.0301495793082,-0.0257801899593,0.0203543158688,-0.0319280843149,0.0202830876988,0.00744476464938,0.000661988613796,-0.0133481646274,0,0.0273911091154,0.0120827853459,0.00389629851641,0.022491349481
0.0907844298314,0.00228744482748,0.0155356881137,-0.0192336816599,0.0190073917635,0.0113888010123,-0.0330469266358,-0.026573648099,-0.00643500643501,-0.0287418655098,0.00178677784395,0.0156173143138,0.0375319874893,0.0240530826652,-0.0075,-0.0113438705286,-0.025069637883,0.0184706316956,-0.0441882804995,0.0157322654462,0.0421930870083,0.0322836729293,0.0476324689966,0.0357917570499,0.0301573426573,0.0401337971492,0.0695626212868,-0.0238766685467
-0.0116883116883,-0.00803600128576,-0.0209265406264,0.00880172946263,-0.0020725388601,-0.019705974351,-0.0082023239918,0.0120963566706,-0.00555144337528,0.000558347292016,0.00535077288942,0.00290592081366,-0.0169909564264,0.0140388768898,-0.0235096557515,-0.00864376960147,0.00771428571429,-0.00108813928183,0.0137353433836,0.00563221627711,0.0271043000915,-0.00320430658805,0.000672585418348,-0.00157068062827,0.00127280441239,-0.0202694539201,-0.0238660153524,-0.0136748844376
-0.0464047306176,-0.0622164614388,-0.0384728773585,-0.00887800397979,-0.0633437175493,-0.00414805360562,-0.0362968067999,-0.0232166411505,-0.0215854112393,0.00520833333333,0.0053222945003,-0.035494386092,-0.0161695009757,-0.0604366347178,-0.030524505589,-0.0256944444444,-0.0289197618373,-0.0511982570806,-0.0125578321216,-0.0117614113694,-0.0427569312994,-0.014401440144,-0.0455706412152,-0.0424750917672,-0.0870762711864,-0.0468613889443,-0.046468401487,-0.0218707283734
0.000903972241438,0,-0.0300475241453,-0.0134362934363,-0.0266075388027,0.0153796859981,-0.0502979737783,0.00174691110953,0.00285279573983,-0.0116580310881,-0.0523529411765,-0.0270371761172,0.00850099178237,-0.0308869368093,-0.0235033259424,0.0330244713709,-0.0429197080292,-0.0482204362801,0.0187416331995,-0.00623406064041,-0.0150052343841,-0.0393998695369,-0.0185915492958,-0.0275191675794,-0.0433975400325,-0.0154267970402,-0.0436347278453,0.000598921940507
-0.0293443033722,-0.0922598479613,-0.0486802592066,-0.0518159048215,-0.0882687927107,-0.0312401388451,-0.0306224899598,-0.0408221183289,-0.0328086478286,-0.0365100168508,-0.0552451893234,-0.0551910459282,-0.0665917392526,-0.0502923976608,-0.0613079019074,-0.0459214964735,-0.0280658938377,-0.0603136308806,-0.0528909329829,-0.0353578557171,-0.060108644308,-0.031101453212,-0.0937141216992,-0.0689849359426,-0.0528869480835,-0.0597606665548,-0.071495766698,-0.0325219473264
0.0410111371463,-0.0178911305672,0.00448579498256,-0.0374772989929,0.0212367270456,-0.00504885993485,0.0248575867426,0.00109007101034,-0.00862745098039,-0.00116595413914,0.00065703022339,0.00585511982571,0.0192655027092,0.0289408866995,0.0362844702467,0.00650863800723,0.0574387947269,-0.00898587933248,0.00832466181061,-0.0116760271948,-0.00351802990325,0.0145780768153,0.0163103721298,0.0189021624074,0.0212602459016,0.0217493443081,0.0260047281324,0.02021035265
-0.0231217180649,-0.0197674418605,-0.0191862388356,-0.00514579759863,-0.0574923547401,-0.00769356686855,-0.0722587165235,-0.0159871511682,0.00356012658228,-0.011673151751,-0.0466185160867,-0.034113984026,-0.0682220909628,-0.0113704368642,-0.0519374416433,-0.00902123582947,-0.0112793113684,-0.0172711571675,0.0478156174751,-0.00179452669358,-0.0576219896608,-0.0385465598232,-0.0634153942038,-0.0617393885426,-0.0541760722348,-0.0575058207218,-0.0811389071758,-0.0242571255306
0.0133087484588,0.00810597073942,0.0349072512648,0.00724137931034,-0.00129785853342,0.0103926096998,0.0166122004357,0.0572375935155,0.00985415845487,0.0139763779528,0.0557851239669,0.039663629993,0.0161648177496,0.0269370460048,0.0286839837498,0.0352050269878,0.0513359351546,-0.000219683655536,0.00426789231779,0.038202247191,0.04549103559,0.0377927863199,0.0783563466977,0.0582094273964,0.0578095995757,0.0812559249755,0.0926025434354,0.0368759063601
0.0624901928937,0.0178466365954,0.028678507414,0.0121533721328,0.0461338531514,-0.00244897959184,0.0412536833646,0.0150196623753,-0.00429352068696,0.0188312948942,-0.0150032615786,0.0207603127528,-0.0196506550218,0.0333038608901,0.014360938248,0.0167315175097,0.00285551113649,0.0257086354647,0.0183066361556,0.00894660894661,0.042615817763,0.0294932151759,0.048596112311,0.0369207772795,0.0679368262722,0.0393397209807,0.0831147540984,0.0223776223776
-0.00692305101345,-0.0631984585742,-0.0738159353715,0.00541180449856,-0.0683229813665,-0.00785597381342,-0.00848983792128,-0.0120463735665,-0.0284202273618,-0.0266768292683,-0.0370860927152,-0.0760697305864,-0.0585427935094,-0.0524814603537,-0.0391694195375,-0.012782242633,0.0233485193622,-0.0394173093402,-0.0629213483146,-0.0370423340961,-0.0305633975697,-0.0517821116342,-0.00985728998087,-0.0325789246072,-0.0115023474178,-0.0542961558541,-0.0252762221886,-0.00195427008013
-0.0796117771371,-0.0427807486631,-0.0324952967334,-0.00622371740959,-0.0746666666667,-0.0204552952821,-0.0703165542294,-0.000607612678603,-0.0316723824894,-0.0201644479248,-0.0275103163686,-0.0378787878788,-0.061845217979,-0.055388320289,-0.056974459725,-0.0552023569546,-0.047857540345,-0.0575379125781,-0.0304898937992,-0.0176741422843,-0.0165864775893,-0.0374468085106,-0.0796433878158,-0.0420205632544,-0.0638803134647,-0.0598948194206,-0.0810559006211,-0.0495398472685
0.0418940332397,0.0670391061453,0.0418949973484,0.0191266079892,0.0756484149856,0.0456382620411,0.0937761652247,-0.011935844834,0.0441666666667,0.047952047952,0.0558698727016,0.0674491160303,0.0198126801153,0.0761631612492,0.0713541666667,0.0558838010832,0.0546464056108,0.0818741126361,0.0614840989399,0.057453885697,0.0590961761298,0.0287356321839,0.0387471746852,0.0371752994245,0.0865043125317,0.072225518921,0.0861777627577,0.053152039555
-0.0454958509046,0.0161095449054,-0.0086528673227,-0.0106294635443,-0.0207635632954,-0.00370430020937,-0.0038275070171,0.0086825217063,-0.0119712689545,-0.00343183984747,-0.0133958472873,0.00208768267223,-0.0438007771106,-0.0136215575955,0.0495867768595,0.00870443770887,-0.00803546688833,-0.00568678915136,0.025965379494,-0.000428939090649,-0.0126428397763,-0.0171895143962,-0.01802921977,-0.00434913017397,-0.0291851505954,-0.0128702169057,0.00808960796515,-0.0275821596244
0.0557880214806,0.0344827586207,0.0335444121171,-0.0307201611549,0.103967168263,0.0106692531523,0.0330430327869,0.0583832335329,0.0325121163166,0.0510809259614,0.0196877121521,0.0363888888889,0.0709272257111,0.0327229060342,0.00555812876332,-0.0106325602897,-0.0148044692737,0.0387153541575,0.0210902011681,0.0137319410671,0.0751046540261,0.0671913715202,0.0897435897436,0.0783250489532,0.0925925925926,0.081554050108,0.0800925925926,0.0148863407765
0.00991090712743,0.0088122605364,0.0256665010763,0.0169726359543,0.0167286245353,-0.00735764555342,0.0324820233077,0.045261669024,0.00547623704283,0.0267564615945,0.0306258322237,0.0426159206647,0.00448430493274,0.00232558139535,-0.0257945647167,0.0183007553929,-0.00567054153672,0.00804743752647,-0.00095328884652,-0.00874841258643,0.00103069170866,0.0150232177001,0.0122004357298,0.0142477999721,-0.00968523002421,0.0674534070936,0.0151450207172,0.00792864222002
-0.000379607079939,-0.0273452335739,0.0082337746206,0.0226498637602,-0.0018281535649,-0.0270705768611,-0.0437079731028,0.010148849797,0.0126434545808,0.0124091473143,0.0607235142119,0.0191516709512,-0.0144230769231,0.0197215777262,-0.0236406619385,0.00948302233099,0.00826917593385,0.040756302521,0.065203562341,0.0380071174377,0.00709300995309,-0.002691065662,-0.0100444827091,0.0101914336868,-0.0275616803734,0.0189820751543,0.0143560872625,-0.0047197640118
-0.0539086297131,-0.0433424443577,-0.0411529223379,-0.0339716902581,-0.0561660561661,-0.0101026830076,-0.0534907081868,0.00334896182184,-0.0316941990012,-0.0215373839958,-0.0237515225335,-0.0199268508009,-0.0459930313589,-0.042662116041,-0.0571428571429,-0.0320454545455,-0.0110294117647,-0.115462252725,-0.0474768587638,-0.0154964344487,-0.0522549130978,-0.0412844036697,-0.0665313813596,-0.040899795501,-0.0505142857143,-0.0476298035634,-0.0496739281254,-0.0138312586445
-0.00742853427782,-0.00897959183673,-0.0063460253841,0.0148250301672,-0.0368693402329,0.0043500083654,-0.0214911117007,-0.0183578104139,0.0144812537195,-0.0050107372942,0.00436681222707,-0.0342298288509,0.0164353542732,-0.0216874628639,-0.0395480225989,-0.0101745323628,0,-0.0104974897307,-0.012539184953,0.0215907508009,-0.028167325902,-0.0015479876161,-0.0170807453416,-0.0444918265814,-0.0322580645161,-0.000495192721188,-0.024091108191,-0.00340613103586
-0.0134247300957,-0.0263591433278,-0.00840336134454,-0.0266689315441,-0.0248488918737,-0.0109945027486,-0.0279284164859,0.00102006120367,-0.0115369573719,-0.00089928057554,-0.0149068322981,-0.0169220519654,0.00574919151994,-0.0176131187367,-0.0395721925134,-0.0242745315094,-0.00686302545039,-0.0627306273063,0.0130158730159,-0.00818107444778,-0.0176369018254,-0.00831571529246,-0.0189573459716,-0.0272240404641,-0.00771144278607,-0.00123859514627,-0.0354578096948,-0.0158825894652
0.0670902262801,0.0274957698816,0.0393220338983,0.0284467713787,0.0600895316804,0.0154960417719,0.0926080892608,0.0258152173913,0.0294757665678,0.0361836183618,0.0378310214376,0.0571970723773,0.0664523043944,0.07171561051,0.0261692650334,0.0338735818476,0.0247624532105,0.0354330708661,0.0626762770291,0.0323068463019,0.0480853735091,0.0552870949403,0.0409017713366,0.043890503135,0.0478816746052,0.0543151342997,0.0870172173104,0.0424923391216
0.0319581465682,0.0337587484562,-0.00521852576647,0.0235873069744,0.0557089491636,0.00315143473213,0.0497829971917,0.023178807947,0.0032667179093,0.00816539263377,0.0309842041312,0.0160256410256,0.00469011725293,-0.0115373521777,0.00691806836679,0.0159115848879,0.0177016015735,0.0104562737643,0.0238867590681,-0.00692502330537,0.0165309056061,0.00579124579125,-0.00696163366337,0.00776443012013,-0.0138755980861,0.00682221143655,0.0308219178082,-0.0115618263766
0.0606288582775,0.0127439267224,0.00901639344262,0.0293435013263,0.0184615384615,0.0157076719577,0.00170233463035,0.0385113268608,0.0254740471174,-0.00103394795795,0.0179728933412,0.00820189274448,0.0220073357786,0.0183834257368,0.0200781355247,0.0168196898387,0.00883489784649,0.0230432737535,0.00604838709677,0.00724151803674,0.0300494932831,0.0494108194965,-0.00732201277458,0.0229684547173,0.0460941290636,0.0422890283165,0.0347452934662,0.0618556701031
0.0280118829304,-0.0274282343689,0.00259951259139,-0.000966339185054,-0.00725075528701,-0.00634868956536,-0.0512260257344,0.0239950140231,-0.00112065745237,0.0108676901846,-0.00607814761216,0.00225281602002,0.0309951060359,-0.0461318051576,0.0161066238425,0.0217011912892,0.0161466885605,0.0165563979605,0.0120240480962,-0.00465983224604,-0.0139572131335,0.00944238866913,0.00266792215945,0.00767372459855,0.00742115027829,0.0154680409744,0.0640802675585,-0.0261389096341
-0.043012588112,-0.0332558374608,0.00777831793875,-0.00580364339836,-0.0200852099817,-0.0176933158585,-0.00332650972364,0.00517346317712,0.00168287210172,0.00477815699659,-0.015725101922,0.0153596403596,0.00221518987342,-0.0045058576149,-0.0189758253184,0.00445599702934,-0.0164287638029,-0.0158299412031,-0.0229137199434,0.00254146602461,0.00591715976331,0.00973328277083,0.0381906401628,-0.00535890565506,-0.10105893186,-0.0194268611212,-0.028539099824,-0.000766871165644
0.0600064814838,0.0284399832706,0.037948223187,0.0264310037295,0.0534161490683,0.0363575717145,0.0200256739409,0,0.019413851036,0.0115489130435,0.0284023668639,0.0295166646169,0.00378907483423,0.0431502715751,0.0365659777424,0.032606284658,0.00930996714129,0.0326286764706,0.0031847133758,0.00853902601734,0.017877739331,0.0262894341512,0.0551786521936,0.0340280731604,-0.0284250960307,0.0375949115107,0.0350718260644,0.0159247889486
0.0766525336361,0.0500203334689,0.026800929512,0.0088467614534,-0.0418632075472,0.0194721596395,-0.0385099421092,-0.0133212231305,-0.0155649148508,0.0073875083949,0.02416570771,0.00919842312746,-0.039635105379,0.00520682672838,-0.0189161554192,0.0226979808105,0.0100379815518,0.0367156208278,0.046176046176,0.022886625215,0.0159773371105,-0.00390339107099,0.00342906129447,0.0223501988208,0.0424354243542,0.0221315743794,0.00325081270318,0.0273843248347
-0.0288056422606,-0.0243996901627,-0.0012070006035,0.00187911055434,-0.0116923076923,0.00299921073402,-0.0295811518325,-0.00736422215404,0.00353422619048,0.0168333333333,-0.0101123595506,0.00461647727273,0.0284965607599,0.0204316546763,0.0354351224596,-0.0209339774557,0.0051034112275,0.0135222150676,0.0361379310345,0.0178479048112,0.0138300245371,0.00477590007348,0.0203616688025,0.00603540772532,-0.0063211125158,0.0125244119895,-0.0148305084746,0.021875
-0.0150883952856,0.0698689956332,0.011329305136,-0.00453266645827,-0.00684931506849,0.00125904941769,0.00944159697869,0.0015455950541,0.00667284522706,0.0114735289297,0,-0.0402969247084,-0.021974522293,0.0160744500846,0.0352289884248,0.024885583524,-0.0312667022982,-0.0292249047014,-0.0386048988285,-0.0104193138501,-0.0761276127613,-0.011578305911,-0.0164666480603,-0.00493267564325,0.0575063613232,-0.0167721917062,0.00278304870335,0.00323799244468
0.0474705610262,-0.00519480519481,0.0503360716953,0.0100486732611,0.0476489028213,0.017761710154,0.08257616248,0.0237654320988,0.0110476891917,0.0121536217793,-0.0322928490352,0.0411295273174,0.0253988928688,0.0285872883708,0.0320855614973,0.0219090147921,-0.0173793103448,0.0641361256545,0.0279700913874,0.0183615819209,0.0223862824482,0.0309494451295,-0.00383087400681,0.0266613076099,0.0563041385948,0.0313446202397,0.0485681846853,0.0145239376009
-0.0363599614211,-0.0227527042148,0.00227531285552,-0.00295352090782,-0.0305206463196,-0.00710424710425,-0.0106146630462,-0.0120590895387,-0.0174831542524,0.0080051232789,-0.0176529235822,0.000707547169811,-0.00317561130518,0.00512682137075,0.00306170513424,-0.0192544039328,-0.0303200449186,-0.182041820418,-0.0444504310345,-0.00302610011348,0.00395993477754,-0.0216481282143,-0.0940037031762,-0.017225629649,-0.0273348519362,-0.0425901422428,-0.0156400384986,0.00353481795688
0.0206009288201,-0.0179389312977,-0.00411464245176,-0.00810726535703,-0.0104938271605,-0.011354798569,-0.0391716566866,-0.00823924321025,0.0079703429101,0.0208068614994,-0.00716417910448,-0.0166156021683,-0.0095571838165,-0.00805369127517,-0.00211317210613,0.0121832358674,0.030399536769,-0.0195488721805,0.0279109106287,0.00569115973188,-0.0150812064965,0.0503667481663,0.00660273541896,-0.00265568981543,-0.0112412177986,0.010581325041,0.0266438523588,-0.0308207115181
0.0112005396989,-0.0163233579479,-0.0105428123664,-0.0268783401446,-0.00374298190892,-0.0224984266834,-0.0155803687354,-0.0184615384615,-0.0097462302317,-0.0136922358799,-0.00420926037282,-0.0210904733373,-0.0128658732711,-0.0143437077131,0.00376470588235,-0.0171951303391,-0.0252880022478,-0.00613496932515,0.00356555128908,-0.0158450704225,-0.00800942285041,-0.00884543761639,0.00515383414025,-0.00412727998935,0.0262908574135,0.00256421214582,-0.00392857142857,-0.015446120298
0.0103518891204,0.0604504148558,0.0267818574514,0.00468421902762,0.0457107075767,-0.00112666988572,0.0526246372989,0.0310344827586,0.0118848653668,0.00946521533365,0.0150966183575,0.0399069653568,0.0863473444119,0.0313014827018,0.0173464603844,0.0146966197775,0.0161429806861,-0.000643004115226,0.0191309100847,0.0168668540762,0.031583946806,0.0301784875528,0.0346488502175,0.0482620320856,0.0385414262636,0.0428384572412,0.0660929843433,0.015503875969
0.00474683890265,0.0150894187779,0.0147244425747,-0.00546623794212,0.0550898203593,0.0182081856268,0.0402205237439,0.0370933414412,-0.00513855753349,0.0134395999375,0.0226055919096,0.0402589758682,0.0365926814637,-0.0114483493078,-0.00921658986175,-0.00489688944065,0.0241134751773,0.00784969759362,-0.0104585679807,-0.0310379492335,-0.0181860036832,0.0170979140545,-0.042048355609,-0.00331590358373,0.0304444444444,-0.00755999698805,0.0272421524664,0.00490730643402
0.00167998467993,0.0207377500459,-0.00193477059149,0.0101842870999,0.00454029511918,0.0281690140845,-0.0375813057095,0.0184696569921,-0.00811658365615,0.0070932922128,-0.00116346713205,0.0048659047188,0.0185185185185,-0.00188526797738,-0.0125581395349,0.00159412253951,0.01108033241,0.00204290091931,-0.0466124661247,-0.00246401244975,0.0239155920281,0.0116552728903,-0.00815174792287,0.00959692898273,-0.0834591330602,0.0238867897533,0.018225472007,0.00289383251944
0.00766456658701,0.00934915498022,0.0109387981169,-0.00896143382941,0.0276836158192,-0.00461751577651,0.068085106383,0.0218767990789,-0.00371954621536,-0.00367478180983,0.0186371578334,0.0148648648649,0.00113636363636,0.0113329735564,-0.0183702308055,0.00574354715937,-0.00739726027397,0.0275229357798,0.0102330869812,-0.00637025481019,-0.00377833753149,-0.0491857760053,0.0233918128655,0.00468948035488,0.0129411764706,-0.00181021341463,0.00825294748124,0.00613165013526
0.0150616176686,-0.00320627003919,0.0210930009588,0.0143710641046,0.00494777350192,0.00154631204577,0.0213264588704,0.0261971830986,0.0184804928131,0.00230520977409,0.010863350486,0.020195295162,0.00198637911464,0.00907150480256,0.000479846449136,0.014724095225,-0.00524427270218,0.016369047619,0.0447383230163,0.00222425749051,-0.00252844500632,0.00302924385413,0.0254826254826,-0.00353223161347,0.00813008130081,0.00805998324372,0.000850430530456,0.000537730776125
0.0390961186371,0.00857755539671,0.00778001341382,-0.0105062082139,0.0125820568928,-0.00633009109155,-0.00413033501606,-0.0139994510019,-0.0152126099707,-0.033118675253,0.0328054298643,-0.0166412877964,-0.0260549419428,0.0444209413009,-0.00767386091127,0.00108489286683,0.0321864594895,0.0146412884334,0.0355507675734,-0.0396866840731,0.00414794331144,-0.0223022418399,0.0405120481928,-0.00670971008988,0.0244239631336,-0.0199888483267,-0.0080722251726,-0.0352920100322
0.0175953199065,0.00283486888731,0.036070810595,0.00627413127413,0.0166126418152,0.0181789931635,0.0347926267281,-0.0128062360802,0.0201005025126,0.0011100539169,0.00438116100767,0.0267669505586,0.0436173306194,-0.0053164556962,0.0188496858386,0.0159848279599,-0.0798387096774,0.020202020202,0.0603381014304,0.00679717237629,0.0109007458405,-0.00118807175953,0.0141843971631,0.00790211572776,0.040260908682,0.0157053449701,0.00663882642681,0.0144846796657
-0.0316534392332,0.00282685512367,0.00963514902364,-0.0052757793765,0.0649661219609,0.016023195483,0.00244934313071,-0.00620417371686,0.0226236088305,0.00190083953746,0.00599781897492,0.0136809221157,0.0211758149902,0.0165436497837,0.00759013282732,0.0642,-0.0125620800467,-0.001885902876,-0.0235467255335,0.0178233864434,0.0251986379115,-0.0167717378375,0.037962037962,0.0308548305513,-0.00994594594595,-0.0182738648854,0.00595681310499,0.0181219110379
0.00554067761803,-0.0230796335447,0.026593714213,-0.0393764063002,0.00499001996008,-0.0518173625713,-0.00177698800533,0.0107832009081,0.00035682426405,-0.00632411067194,-0.0124661246612,0.00882040382572,0.00327421555252,-0.0267901852779,0.0103578154426,0.014846833302,-0.0186390532544,-0.000944733112896,0.0311479527757,-0.0226850623508,-0.0265721877768,-0.00217759496734,-0.0446858242816,-0.00269872423945,-0.0526315789474,0.0366143809144,0.0258009939727,0.0115066522834
0.0370155670439,0.017042380523,0.0402825979177,0.0184038815459,0.0362462760675,0.02249326786,0.01246105919,0.0112296462661,0,-0.00525059665871,0.0450054884742,0.0287580322343,-0.00462333423987,0.0532544378698,0.0107176141659,0.0174074074074,-0.00512511305396,0.0416075650118,0.0185140073082,-0.00298629021311,0.00989535941765,0.0487390882638,0.0352619458837,0.0290282902829,0.0331950207469,0.052286889332,0.0356664261416,0.0163526484181
0.0207465908074,-0.0343115524426,0.0116763969975,-0.00279283719402,0.0301868711069,-0.000154918667699,0.0228571428571,-0.00333148250972,-0.0226502586053,0.00991682661548,0.000525210084034,-0.00727012082736,0.0267759562842,0.0561797752809,-0.00553250345781,-0.00970755976216,-0.00545454545455,-0.14616432138,0.0155465199713,0.0379850238257,0.0350264669445,-0.00843930635838,0.00458779368831,0.018527372699,0.0379294957608,0.0223148636138,0.0277694834279,0.0290311297657
-0.0239985656209,-0.00624311421227,-0.00482864209163,0.00675453047776,-0.00279069767442,-0.00371862410908,0.0313708637731,0.0200557103064,0.0105839416058,0.0223313272094,0.00734908136483,0.0182568334193,0.0239489089941,0.00740055504163,0.0264255910987,0.00992525425806,0.00091407678245,0.00212652844232,0.00894959962317,-0.00144281217209,0.0115342763874,0.0355602191909,0.0107943537227,-0.00234714235418,-0.0212811693895,0.0267803011288,0.0251791594034,0.0353501019714
0.00755990415335,-0.0177383592018,0.0121893491124,0.0054000981836,-0.0242537313433,-0.0194401244168,-0.0272916666667,0.00819224467504,-0.061394005056,-0.00975987606507,0.00260552371027,0.0509521880065,-0.0262474012474,0.00413223140496,-0.0302619692864,-0.0179568066003,-0.00852359208524,-0.0153846153846,-0.00606909430439,-0.00591094181006,-0.00785283993115,0.00236433235758,-0.0141018619934,-0.0172920832843,-0.0430485394246,-0.0198293304851,-0.0276780653694,-0.0162508207485
0.00608617757924,-0.0323551542513,-0.00947036127675,-0.0169270833333,-0.0258126195029,-0.0212529738303,-0.032126793746,-0.0246478873239,0.000769526741054,0.020337922403,0.0192307692308,-0.00713253012048,-0.0160128102482,-0.0164609053498,-0.0121099208197,-0.0120459599703,0.00798280626343,-0.0193965517241,0.0230155002349,0.00806025369979,0.00184321804185,-0.0012355385825,-0.0156922649632,-0.015082595164,0.00321322010558,-0.0293414012275,-0.00777227241815,-0.0161855498081
-0.00506641295205,-0.00116640746501,-0.0276203966006,-0.0210264900662,-0.0225711481845,-0.00583373845406,0.00243416685107,-0.0230491530131,0.00576701268743,-0.0196258816314,0.0101988781234,-0.0214542277449,-0.00515324111744,-0.0181311018131,-0.017444601603,0.00912899393485,-0.0137069753274,-0.0192307692308,-0.00918273645546,-0.00812688425744,-0.0149350649351,-0.0304768331084,-0.00197516930023,-0.0187165775401,0.0045756119881,-0.00450638305442,-0.000293743268383,-0.0016960651289
-0.0403318253363,-0.0140132347217,0.00558387958242,-0.0050735667174,-0.0100401606426,-0.00081499592502,0.00728476821192,0.0363843092666,-0.00764525993884,-0.00578667500782,0.00832912670369,0.0435515873016,-0.00681570338059,-0.00994318181818,-0.0311900191939,-0.0229877935436,0.000308832612724,-0.0259103641457,0.000695088044486,-0.0252411788027,-0.000769061744671,-0.108688087229,0.006502685892,0.00891751300471,0.00933728080164,0.0152759054061,0.0537708129285,0.00152905198777
0.0328317317016,0.00315831030399,0.00760502172863,0.00696923338433,0.00152129817444,-0.01044045677,0.00723208415516,0.0353812397148,0.00520030816641,0.0229668082429,0.0147684605757,0.00808061602814,0.00603897886357,0.0167384026781,0.0074294205052,0.023401826484,0.00185242358753,-0.0113587347232,0.0157443852744,0.0168112798265,0.012864211105,-0.0123633524206,0.0294943820225,0.0246746869629,0.0315884476534,0.00185778008968,0.0168231248257,-0.000678541136557
-0.0263948480708,0.00550964187328,0.0167724931113,0.0153612424038,0.0394936708861,0.0263765248928,0.0082680591819,0.0227814569536,0.00881394903238,0.0404428725204,0.0133201776024,0.0206525839306,0.0223738062756,0.00258701787394,-0.0417895771878,0.0178471834914,0.0252696456086,-0.00756253635835,0.0394346934124,0.0185333333333,0.0165002171081,0.0200289893267,0.00886766712142,0.0210854199113,-0.00656167979003,0.03078196337,0.0363802559415,0.0122220336106
-0.0304525516296,0.0168297455969,0.00341699069165,-0.004821280133,-0.017048222114,-0.00112431737873,0.0112214069918,-0.019684019684,0.00322886989554,-0.0038427431274,0.00632911392405,-0.00415781206689,0.00346944222044,-0.017358667605,0.0323242688558,-0.00182648401826,0.00961827472197,0.0240328253224,-0.0280701754386,-0.00183270061526,0.0017086715079,0.0093011238858,-0.0025693035835,-0.00293323946967,0.0211360634082,-0.013312301286,-0.0380137590404,0.013248364917
0.00317412621595,-0.0346420323326,-0.0241897604509,0.0100233879051,-0.00991080277502,0.0291043576138,-0.0618864703372,-0.0142668428005,0.00927678909504,-0.0013353115727,-0.0130624092888,-0.0304323622193,0.00425531914894,-0.0164717116257,-0.0248508946322,0.0121378469045,0.0101220601369,-0.0423583285633,-0.0173736462094,0.00983606557377,-0.0250533049041,0.00575963138359,-0.0131507592191,-0.0385973170158,-0.00689952565761,-0.0191439258578,-0.0474007518108,-0.0233366434955
0.0637604915719,0.0211323763955,0.0375451263538,0.0603704928879,-0.0045045045045,-0.00984375,0.0147861692448,-0.00857678906459,0.00112549240293,0.00638835239935,-0.0127450980392,0.0279425837321,-0.00529661016949,0.0177184466019,0.118246687054,0.0104254549837,0.0117889773062,0.0221159593545,0.0955223880597,0.00168831168831,0.0291962821214,0.0194706032069,0.0289874982827,0.059241126071,0.0214937038645,0.0245363721389,0.0476419634264,0.0469411964074
-0.0190621418288,0.00195236235845,0.00869867780097,0.0327562002808,0.0296631473102,0.0285624112356,0.0127774041695,0.0154095701541,0.0312909874461,-0.000295246530853,0.0436941410129,0.00707503258239,-0.0055910543131,0.0319580252802,0.0442114858706,0.0267191507127,0.057675502476,0.0280701754386,0.045483127227,0.0195773369636,0.0297492562686,0.0265884408938,0.0618157543391,0.0399815114398,0.0552603613177,0.0194110974031,0.0507119889757,0.028164454516
0.00381252716375,0.0066250974279,-0.043578245372,-0.00876000604138,-0.02001953125,-0.000613685179503,-0.00486941124391,-0.00851970181044,0.00109011627907,-0.0113703484938,-0.0199809705043,-0.0378073581069,-0.0104417670683,-0.00392881904322,-0.00654735923178,-0.017717107174,0.00468190581107,0.00113765642776,0.0118283881315,0.00851983723296,-0.00959554271564,0.00814688715953,0.00138312586445,-0.00533333333333,0.0108761329305,-0.0138801982832,-0.0236950249191,-0.00204659949622
-0.0411401390738,-0.0487804878049,-0.0353450348642,0.0112753314033,-0.0154459392128,0.0276327909119,-0.0462633451957,-0.00725026852846,0.0174228675136,0.013144137416,0.0184466019417,-0.023441252762,0.000541125541125,-0.0503480278422,0.0386643233743,-0.00141927853341,0.0224780701754,-0.0568181818182,-0.0059441252229,0.0230740133653,-0.00552140848005,0.0284646001689,-0.0234806629834,-0.00714924039321,-0.00239091452481,-0.0449377152704,-0.0498835751388,-0.00709891150024
0.00330153609637,-0.01628001628,0.00535892323031,-0.0122043091758,-0.0187246963563,0.00164326262324,-0.00769589552239,-0.00324587503381,-0.0149839457724,-0.00501253132832,-0.0185891325071,-0.00275454992622,-0.00432666306111,0.00561935010994,-0.0329949238579,-0.00355323936989,-0.0107238605898,-0.0150602409639,-0.0201315527207,0.0167611535617,-0.0311125078567,-0.0193502990501,-0.019159058763,-0.0313906390639,0.0209706411025,-0.0249443526105,-0.0395890281836,-0.023832221163
0.00900120155574,0.0244104261481,0.0242965166729,0.0184563758389,0.00257864878804,-0.0126771066368,0.00564042303173,-0.00488466757123,-0.00941687794277,-0.0145206697288,0.0165128703254,0.0181513268225,-0.0222705051602,0.00874635568513,-0.0284339457568,-0.00451681920837,-0.0186991869919,0.00672782874618,-0.0174938974776,-0.0106666666667,0.01059574008,0.0119588615164,0.00930781331935,0.00278778022999,0.000195618153365,0.0186054482138,0.0265973108254,0.00130208333333
0.00186716568398,-0.0302907915994,-0.0283190124652,-0.0107832859068,-0.0504115226337,-0.0105740181269,-0.052816078523,-0.0398145623125,-0.0171846435101,-0.0163885130056,-0.0090778786431,-0.0342021121984,-0.0475,-0.0510597302505,-0.0171544349392,-0.0164179104478,-0.0179508423088,-0.0285540704739,-0.00310559006211,-0.0112717471208,-0.0304910666524,-0.0573150555424,-0.0313027665931,-0.0303486621105,-0.0459612751809,-0.0515602875231,-0.0453154875717,-0.00747724317295
-0.0338424647039,0.00124947938359,-0.0132021422344,0.00817562452687,-0.00379198266522,-0.0111450381679,0.0281273131014,0.0119284294235,-0.0212053571429,-0.00458575359217,-0.0135004821601,-0.00752407704655,-0.0227471566054,-0.0261421319797,-0.0203399147922,-0.00959028831563,-0.00646794150731,-0.0581613508443,0.019937694704,0.000371747211896,0.00750386228206,0.00927667042748,-0.0219898096004,-0.0112292438179,-0.0110701107011,-0.00702135971534,-0.0442619667535,-0.0376678676711
-0.0345370801014,0.0178868552413,0.00605831124574,-0.00120138158883,0.00489396411093,0.00494055890073,-0.0285577153828,0.000561324726354,0.00798175598632,0.0109029484029,-0.00928641251222,0.00990599413727,0.0376007162041,-0.0036486838676,-0.00280570493336,0.0113378684807,0.0130200962355,0.00531208499336,0.0439828955406,0.0242784590611,0.0138006571742,0.0337846230282,0.0216616397039,0.0334662317265,0.0132669983416,0.0179805627034,0.0287091366303,-0.0202518720218
0.0530239290321,0.0298324478954,-0.0224564044662,-0.0189445196211,-0.0108225108225,-0.034874788754,-0.0148221343874,0.0210378681627,-0.0141402714932,-0.00941819838979,-0.00493339911199,-0.0101090981884,0.0123669830313,-0.00418519487314,0.000703399765533,0.0157556659799,-0.035205364627,-0.00594451783355,-0.00468110005851,-0.00447454347563,-0.00334917891098,-0.0193439865433,-0.0389157273215,-0.00245499181669,0.0135024549918,0.0269885206347,0.0266856793644,-0.00607955532395
0.0337920740731,0.0325396825397,0.0524897330595,0.0314176245211,0.0503282275711,0.0230818210761,0.042627883651,0.0384615384615,0.0233314209218,0.0441650053673,0.0287555775905,0.0524772497472,0.0434659090909,0.043341213554,0.0557638238051,0.0412838563417,0.0309875470605,0.0538205980066,0.0411522633745,0.0404518950437,0.0479132791328,0.124969370252,0.0370008377548,0.0562521973515,0.0565199838514,0.0525605975541,0.0775793650794,0.0330304089479
0.031288554992,0.0234435049962,-0.00134129984148,-0.000445765230312,-0.0296875,0.00700171152949,-0.0517075517076,-0.0179894179894,0.0067277144459,0.000146864444118,-0.0342168674699,0.00307426265732,-0.0100735093929,-0.0125881168177,0.0142032845095,0.00257820556892,0.00224719101124,-0.0271122320303,-0.0412196499153,-0.00350262697023,-0.00113789179683,-0.00424744064474,-0.0123872357614,-0.0110950848774,-0.00133740924723,0.00605863834277,-0.00423494752348,-0.0145491456606
0.055932799962,-0.00150206533984,0.00915750915751,-0.00267578415341,-0.0182501341922,-0.00262669962917,0.0101445599797,-0.0110452586207,-0.0102097642473,-0.0143906020558,-0.0199600798403,0.0174312805287,-0.0184268426843,-0.011983681795,-0.0249452954048,0.00165723755643,-0.00532511210762,0.000324044069994,0.0198272477424,0.00058582308143,-0.0202982601491,-0.00864048999234,-0.0518064076346,-0.0169415460563,-0.0179835469677,-0.0242710986634,-0.00332840236686,-0.0296995708155
0.0660786516854,0.0496427228281,0.0232304900181,-0.0125204948577,0.0366320393658,-0.0192099147947,0.0466984684911,-0.0133478616181,0.0121905476369,0.0318831942789,0.00865580448065,0.0176033135649,0.0268982908378,0.0467096774194,0.0336624775583,0.048037425833,0.0112707805015,0.0547457078069,-0.00615976900866,0.031850117096,0.00496828752643,0.00319947043248,0.0253055355859,-0.00342387582744,0.0093512565751,0.0117828181509,-0.0198515769944,0.00230007077141
-0.00439146580102,-0.022930849158,-0.0587678845926,-0.0277735849057,-0.0522151898734,-0.029695150845,-0.0299832094027,-0.0096631695196,-0.0250138966092,-0.022090672827,-0.0403836446239,-0.0251618871415,-0.0654843110505,-0.0522682445759,-0.0343030829353,-0.0160587915079,-0.0682641404291,-0.0276412776413,-0.069920588805,-0.0196323195642,-0.0873040917219,-0.017485978225,-0.0137428130697,-0.0570316078791,-0.0345493148041,-0.0471350072384,-0.0467537384062,-0.0360105913504
-0.109741595593,-0.102310231023,-0.118216080402,-0.0510790249961,-0.141346688926,-0.0348363991535,-0.157764589515,-0.076665737385,-0.0703154694033,-0.0385353609922,-0.123619147817,-0.14357563105,-0.155328467153,-0.140738813736,-0.095773381295,-0.080387275242,-0.10466507177,-0.119393556538,-0.126822157434,-0.0495427711541,-0.0942722138988,-0.113610924558,-0.165221100526,-0.153024046636,-0.139544182327,-0.14529593387,-0.179904686259,-0.110419337118
0.0854997958723,0.0420751633987,0.0584128793275,0.0567735602094,0.0622164614388,0.0436835891381,0.0827950675279,0.0582729468599,0.0216680294358,0.0472972972973,0.100840336134,0.0980609418283,0.0874524714829,0.0187708144111,0.0387866732969,0.0407291541331,0.0731462925852,0.149928263989,0.0956355831147,0.0573620752649,0.0600585316198,0.0750094708928,0.0679611650485,0.0544880986521,0.0645910780669,0.0830697261033,0.10617433414,0.0759571840263
-0.070341483364,-0.0599764798118,-0.0553237313232,-0.0201269546369,-0.0780964002441,-0.00274725274725,-0.0940889370933,-0.00656205420827,0.0442176870748,-0.0136363636364,-0.0359869138495,-0.058526740666,0.0260648442467,-0.0484398216939,-0.0722833891814,-0.0809873403087,-0.025521319639,-0.0636306924517,-0.0507183282542,0.0108269983875,-0.0763413755852,-0.0690708328439,-0.0688995215311,-0.0796845254283,-0.0266259275426,-0.0817279587753,-0.12564299004,-0.0602640137746
0.094069128044,0.0775646371977,0.0561413508122,0.0406067309212,0.0615486432826,0.0223626640739,0.126608799761,0.0379092475589,0.019160758766,0.0365690500966,0.0678733031674,0.0583065380493,0.0529739776952,0.0356027482823,0.047213622291,0.0857969555919,0.0367294793996,0.0486342438374,0.0722311396469,0.0345259799453,0.0669265756985,0.117223974763,0.106543336759,0.0914598108747,0.0885650224215,0.0839811469424,0.103392164226,0.0331840390879
-0.0408239095315,-0.0015479876161,-0.0267134376686,-0.0271788642575,-0.0174563591022,-0.00855920114123,-0.0799681190223,-0.0160486995019,-0.0218086106411,0.000143410296859,-0.0222457627119,-0.0235973263115,-0.0532509561636,-0.0211097708082,-0.0322739591032,-0.0326729231839,-0.00277264325323,-0.0209656925032,-0.0220273738238,-0.0187245291332,-0.0334957369062,-0.050824486108,-0.00882352941176,-0.038310545553,-0.000823892893924,-0.0155796033517,-0.0314237095859,-0.0370443349754
0.0157460274685,0.00348837209302,-0.00415858053784,-0.00749180583737,-0.0475888324873,-0.0115107913669,-0.0638174992781,-0.00871766029246,-0.00403613300019,-0.00516203039862,-0.0116468039003,-0.00518618400581,0.0052827843381,-0.0360443622921,0.0325865580448,-0.0273086597197,-0.0114303367315,0.0441271901363,0.0115897660179,-0.0325513525648,-0.0142407057341,0.00380771061399,-0.0256129939091,0.00126689189189,-0.021645021645,-0.0530368009077,-0.0176856406653,0.00184162062615
0.083409025169,0.0509849362688,0.0258908685969,0.00864915867275,0.0779480346436,0.0320232896652,0.00215916101172,0.029219858156,0.012157468159,0.01599884693,-0.010139764319,0.0291940360755,0.0618238021638,0.0389900926814,0.0813609467456,0.0659401551533,0.0078125,0.0261031696706,0.079766536965,0.0303979579998,0.0126566095628,0.0692271218587,0.0282096489822,0.0621397441305,0.0257058575643,0.0474251263545,0.008703946584,0.0191993464052
-0.0205529187491,-0.0650496141125,-0.0268656716418,-0.0226067976302,-0.0377008652658,-0.019902836546,-0.0258541089566,0.00220507166483,-0.0118207816969,-0.0245424882962,-0.016057585825,-0.0731435518185,-0.0101892285298,-0.067979083359,0.0141358869129,0.0079708889274,-0.0198449612403,-0.0314960629921,-0.0228228228228,0.00596779641932,-0.0507511677818,-0.00986696230599,-0.0333593141076,-0.0529450694904,-0.0230073952342,-0.104355286422,-0.0916075650118,-0.0312625250501
-0.0708629290034,-0.0357704402516,-0.00794757389849,-0.00973041952465,-0.0565189466924,0.00479692996482,-0.0947867298578,-0.0005500550055,0.00250819988424,-0.0485747527632,-0.0247608328644,-0.017597551645,-0.0708823529412,-0.042904290429,-0.0728417266187,-0.0069910033809,-0.0012654223347,-0.0500312695435,-0.120671993444,-0.0371614058652,-0.0566564702753,-0.0700929347218,-0.0606353813901,-0.030607966457,-0.0857863751051,-0.0734238355047,-0.081977878985,-0.0318576748035
0.0379337859226,0.0982470444354,0.0721011946592,0.0378543814433,0.0987066031314,0.031190324634,0.12739965096,0.0154100165107,0.0548498845266,0.0226230510547,0.0917484131564,0.0925678682688,0.0971826527382,0.137931034483,0.109602327837,0.0769230769231,0.0247070003168,0.125082290981,0.0838769804287,0.0289467565682,0.0816297758353,0.0923540036123,0.0992274678112,0.0632929642445,0.0453081876725,0.121592609104,0.121615875266,0.0918803418803
0.0801936472329,0.0014847809948,0.0156004195071,-0.00993326090331,0.00557620817844,-0.00833333333333,-0.0390092879257,0.00108401084011,-0.000547345374932,0.00149476831091,-0.012156448203,0.00417515274949,-0.000288517022504,0.0118181818182,0.0174825174825,-0.000160754474333,-0.00123647604328,0.00468110005851,0.00171969045572,0.00169472376003,-0.0109489051095,0.00330687830688,-0.035139778229,-0.0221016949153,-0.00726072607261,0.0141283303015,0.0302034626564,-0.0297455968689
-0.0338591233795,0.00778354336546,0.0348522008519,0.0147358520144,0.0135551447936,0.0172735760971,0.113724226804,-0.000270709258257,0.0365096750639,0.0129850746269,0.035848047084,0.0776797485042,0.0591630591631,0.0592991913747,0.0562714776632,-0.0232595530307,0.0377592076756,0.0215492137449,0.0521459227468,0.0377847958493,0.0830258302583,0.0444957152274,0.0480738102946,0.0628119800333,0.106382978723,0.0527636982678,0.125736015702,0.162162162162
-0.00243931471473,-0.0205958072821,-0.0259448671573,-0.00525258767187,0.0158054711246,-0.0211106011932,0.00549609487995,0.00135391280802,-0.00105671010919,0.0066303226757,-0.0051652892562,-0.0114801919639,-0.0245231607629,-0.0138535482047,-0.00203334688898,0.0130589849108,0.0289293170295,0.0564424173318,-0.0212115031613,0.00912944245191,-0.0384521781455,0.0134637635427,0.0160617760618,0.0173515981735,0.0140224358974,0.0429612914425,0.0293124114634,0.0126692120791
-0.012475421828,0.00638377769433,0.0161352285824,-0.0060568411244,-0.0191502094554,-0.00828254414752,-0.0149597238205,0.00973499188751,0.021509167842,-0.00161007025761,0.0420560747664,0.0254164683484,0.0430167597765,0.00774082568807,-0.0105949470253,0.0145696799003,-0.00521739130435,-0.0280626011873,-0.0587622421338,0.0190630048465,0.00847886610985,-0.0264660093409,0.00759993920049,0.00461656835086,0.0124456736468,0.0191373624208,0.0057167054838,0.00462724935733
-0.0512098038151,-0.00149253731343,-0.00491493383743,0.01421875,-0.0176937156803,-0.00646076268516,-0.0493574766355,-0.00910551687199,0.0163962720055,-0.00615745491863,-0.0139511709018,-0.0143891570739,0.0243706480986,0.0275960170697,0.0144151565074,0.000160153747598,0.0393356643357,0.0516379789006,0.0391852999779,-0.00591841048404,0.0273560045175,0.02078891258,0.0248906320712,0.00906305846311,-0.0351219512195,-0.0151036238813,0.0161052631579,-0.018594336404
-0.0270265780731,-0.0657698056801,-0.0259625126646,-0.03034971499,-0.0534161490683,-0.0220459952419,-0.0811059907834,-0.0251351351351,-0.0378672100526,-0.027142646408,-0.0419403739262,-0.0989921823491,-0.0311111111111,-0.0495570321152,-0.0430369468128,-0.0313317320523,-0.0428931875526,-0.0496304118268,-0.0532594801875,-0.0189240910057,-0.0425064126053,-0.0489817232376,-0.0350309096261,-0.0629981024668,-0.0685540950455,-0.0574095244744,-0.0560447529266,-0.0481487919346
0.0192675047472,-0.0052,-0.0139123651021,-0.00905624404194,-0.0288713910761,0.00940642231593,-0.025075225677,0.00499029664541,0.0104129897635,-0.0118271417741,0.00685654008439,0.00114990591679,0.00647598488937,-0.00757355083018,-0.00466694951209,0.00402248181618,0.00351493848858,0.000555555555556,0.0132763276328,0.0160381447768,-0.00854700854701,0.0422798155063,-0.00869432580842,-0.012555690563,-0.00108554059922,-0.0103346433912,0.00395083406497,-0.00986121256392
0.0449048414893,0.0333735424206,0.0607858649789,0.015873015873,0.103378378378,0.0417737789203,0.149176954733,0.0496551724138,0.01903930131,0.0174927113703,0.0392875851231,0.0736138665553,0.0785522788204,0.0842383328441,0.0660699062234,0.0473629328796,0.0291885580852,0.0433092726263,0.0719520319787,0.0169581911263,0.041302110139,0.0178063428511,0.0938605939375,0.0478534317747,0.0602043034123,0.0659857756615,0.0587013554875,0.00829952047215
-0.00297626468985,-0.00739299610895,-0.00497203231821,0.00236742424242,0.00796080832823,-0.00817396668723,-0.0438675022381,0.00788436268068,-0.00428522454577,0.00874679535515,0.0277217741935,0.00243143357323,-0.00447427293065,-0.00785056848944,-0.0403838464614,0.00702158876546,0.00425411230856,-0.0138371474188,-0.00145017609281,0.032826428946,-0.00420116149759,0.0036231884058,-0.00267266844845,-0.0281837160752,-0.0182451824518,-0.0848283533462,-0.0372741352607,0.0212182184013
-0.0245761213067,0.00078400627205,-0.00649594003748,0.000314911037632,0.0243013365735,0.00995179598818,-0.041822721598,0.00730117340287,-0.00533654673782,0.00717596053222,0.0367827366356,-0.0325021829824,0.00374531835206,-0.0518417462483,-0.0377083333333,-0.048340097825,0.029935046597,-0.0453318942256,0.0159751037344,-0.0125913891145,-0.0343715101129,-0.0368231046931,-0.010437235543,-0.0366541353383,-0.038630194195,-0.0152567443488,-0.0642428142428,0.0157621350528
0.0552568249166,0.0195848021935,0.0715453288067,0.0385644577365,0.0812574139976,0.0264819091609,0.0934853420195,0.0349469324359,0.0382485289027,0.038147543417,0.0326395458846,0.0780184516647,0.0470149253731,0.0848920863309,0.0565057371725,0.0101700475696,0.0392103098437,0.043810062182,0.0486011843986,0.0299259563965,0.0562837316885,0.0376954379953,0.0543044469783,0.0338675958188,0.0414856646394,0.0677592675095,0.0573065902579,0.0465526362194
0.00414103109244,-0.00268920476373,-0.00539779394508,-0.0060624431646,-0.0175534832693,0.0005999700015,-0.00953232052428,0.00350175087544,-0.00383397232872,0.000428939090649,-0.00870361887311,-0.0102325581395,-0.00118793062485,-0.0053050397878,-0.00614754098361,-0.00470906630582,-0.00527704485488,-0.0208502572434,-0.0130477117819,0.00179730404393,-0.00571776155718,-0.00546955624355,-0.00838177639584,-0.0146939875977,-0.0162669447341,-0.00844512945855,-0.0178861788618,-0.00303285593934
0.0413086725743,0.0685670261941,0.00873053327041,-0.00991155840195,0.0530429927415,-0.00104931794334,0.0616541353383,-0.0436191425723,-0.00970548862115,-0.0148635129341,0.0083179297597,0.0290413533835,0.0283063748811,0.06,0.0501030927835,-0.0124537742006,0.0183023872679,0.0492256637168,0.0402525651144,-0.00687730489385,0.0261837758473,0.0205458130123,0.0160872528971,0.0138185798331,0.0258638965444,0.0141966281284,0.0717439293598,0.00878823728241
-0.00455291623995,0.0183850036049,-0.0072514619883,0.00508239642692,-0.00106044538706,-0.0124549819928,0.0175637393768,0.0143341151942,0.00608313619466,-0.0281444944146,0.000916590284143,-0.0310530642068,0.00647698357622,-0.0339622641509,-0.0127626153544,-0.0133817941517,-0.00182339150821,0.00474433315762,-0.000379362670713,0.00712565234845,-0.00321926791463,-0.000508388408744,0.0009392191064,0.0267206477733,0.0283116346353,0.042431291462,0.0554067971164,-0.00536103199866
0.0181015393645,0.052389380531,0.0305136663525,-0.00398406374502,0.00530785562633,-0.0123081598541,0.0484409799555,-0.0133607399794,0.0230097413504,0.0229885057471,-0.00595238095238,0.00867188236403,0.0314870144794,0.0221354166667,0.0624502784407,0.0603929448538,0.0117432150313,0.0403987408185,-0.00512333965844,0.00597907324365,0.024043062201,0.0331637843337,0.0121983914209,0.0102523659306,-0.0064308681672,0.019626735337,0.0379586260734,0.0154960417719
0.0598983923588,-0.00403632694248,-0.0226363324568,0.0109230769231,-0.00211193241816,-0.0275384615385,-0.0172596919809,-0.0205729166667,0.00640288950911,-0.0156135998833,-0.0059880239521,-0.0336417157275,-0.00245098039216,-0.00662420382166,0.00112317484088,0.0132645541636,0.003095176683,-0.0136157337368,-0.0259393477017,-0.0223873204557,0.0202079196356,0.0180189050807,-0.0178784266985,0.00975800156128,-0.00647249190939,0.0328260150809,0.0379806336373,-0.0361585669265
0.0241935110027,0.0199257007768,0.00304129137911,-0.00791355957997,0.00793650793651,0.0047460844803,0.0305322885707,0.0140919968094,0.0094616639478,0.00844945152683,-0.0291936978684,0.0315249975824,0.00960464596828,0.0377019748654,-0.00074794315632,0.00166233766234,-0.0125996400103,0.0322085889571,0.00430781280595,0.00810619110346,0.00251889168766,0.000677048070413,0.0175296655879,0.0381394150238,0.0547638436482,0.0158923902403,0.0305225975908,0.02099466529
0.0832601604673,0.012582781457,-0.0155102040816,-0.00782328578003,0.0010498687664,0.0113367973547,0.00419507079182,-0.000262191924489,-0.00145442792502,0.00602675290313,0.0167064439141,-0.00271866504172,0.0161504424779,0.0328719723183,-0.000748502994012,-0.00103723680116,-0.00755208333333,-0.00792471520555,0.0499122635991,0.00160820182933,0.00536774783006,0.0170114053741,-0.00808375298171,0.053493856274,0.00501833622853,-0.0227876614439,-0.000703111267358,-0.00573065902579
-0.000955431754875,0.0219097449313,0.0142146410803,0.0047928262214,0.0110120608285,0.0105869531372,0.00443864229765,0.00865460267506,0.0111668554782,0.00891291642314,-0.00516431924883,0.00263207369806,0.0169823644677,-0.000957166786312,0.0250936329588,0.0041532551137,0.0118079244293,0.0129805292062,0.0154131847725,0.00341194179629,-0.00533908894695,0.0138756890325,0.00668002672011,-0.012959472196,0.0151718840023,0.0173899475743,0.00219876868953,0.0145787421597
0.0470798004779,0.0032,0.0188040177529,-0.00830897061086,-0.0108921161826,0.0275766445848,0.0153366259423,-0.00858034321373,-0.0643405889885,-0.00318609703114,0.00330344502124,0.0278454903431,0.00470991222436,-0.00263473053892,-0.0175374497625,0.0212490952332,-0.010632780083,-0.00591424346969,0.019202633504,0.003700370037,0.00582457743262,0.00459317585302,-0.00185799601858,-0.00179040343757,0.0249716231555,-0.00543719417061,0.0147433084686,-0.0208855472013
0.0140756372448,0.0143540669856,-0.00252206809584,0.00713731574864,-0.0115364446775,0.00374812593703,0.0343061955965,0.0228166797797,0.0160793705098,0.0058114194392,0.0112888052681,-0.00282769314969,0.00980183251651,0.0254562920269,-0.0130159910747,0.0158456943249,0.00786369593709,-0.02825979177,-0.0123811232729,-0.00418493423675,-0.011468150335,0.0193151068396,-0.0143597925808,-0.00406552672486,-0.0223329641934,-0.00605493646943,-0.0479114416674,-0.00170648464164
0.0353361158632,0.00754716981132,-0.0167796804965,0.00292712987213,0.0148541114058,0.0113517550411,0.00346534653465,0.00820512820513,0.0215488215488,0.0132890365449,0.00186046511628,0.00622027076473,0.0253217978476,-0.00843091334895,0.0167671439337,0.00169440845211,-0.00910273081925,0.0117346938776,-0.000363372093023,-0.0328196918151,0.00551343900758,0.00192237275723,-0.00714960205045,0.00840437027254,-0.00377572210685,0.00609182206501,-0.0104459987283,-0.0152136752137
0.0889495048639,0.00499375780275,0.0168322618352,0.00168970814132,0.0564558285416,-0.00738443361394,0.110014800197,0.00839267548321,0.000988793671721,0.00356379187455,0.0157845868152,0.00636363636364,0.00493928791932,0.0259801606046,0.0279785065777,0.0234825870647,-0.00551181102362,0.0156328794755,0.0201744820065,0.0110697289468,0.0251313685172,0.0244860666971,0.0244565217391,0.00750089296345,0.0852757248437,0.0400386529051,0.0439691573343,0.0262107273043
0.00978206946667,0.0121118012422,0.000459822968157,-0.000613402852323,-0.00791687283523,0.00371968457075,0.026,-0.00807061790668,0.00757326308857,0.0213068181818,0.0127970749543,-0.0258355916893,0.0266229776777,0.0216390423573,0.0162220620043,0.0099650009722,0.0203219846925,0.0347567030785,-0.0183502583289,-0.00777652716668,-0.00690884778248,-0.0319272273254,-0.00291777188329,-0.0132356416923,0.0242709970316,0,-0.0437879187549,-0.00456698240866
0.0191935547114,-0.00920527769254,0.000459611628174,0.0159582630044,-0.00149625935162,0.00148235991699,-0.000866363439463,-0.0205949656751,0.00261437908497,0.0311543810848,0.01940433213,0.00426557863501,-0.00279273887891,-0.0121676430825,0.00673997871586,0.00818212446455,-0.00387997930678,0.0167946257198,0.0729582577132,0.0143343302052,0.00123429084381,0.00432980193459,-0.000133014099495,-0.00922155688623,-0.0110808046369,0.00262921712589,-0.0137931034483,0.00815632965166
0.0284489967265,-0.0368535150201,-0.036637188469,-0.0194834617127,-0.040959040959,-0.0111012433393,-0.0485584218513,-0.027518172378,-0.0200456323338,-0.0171297545185,-0.0239043824701,-0.0444136657433,0.0118023604721,-0.0394616788321,-0.0218463706836,-0.0216260084976,0.00571280186964,-0.0580462482303,-0.0165764546685,0.00528670191135,-0.0325002801748,0.015318290222,-0.0364507117201,-0.0302187839961,-0.0146526460955,-0.026972459699,-0.0343123543124,-0.0215742457441
-0.0881748137032,-0.0008038585209,0.0015498330949,-0.0144793592113,-0.015625,-0.000449034575662,-0.0127591706539,-0.000800854244528,0.00748378513221,-0.00590091944559,-0.0031746031746,-0.0191322833124,0.0219454329775,-0.0106862977915,0.023234870317,-0.0108324387626,-0.0201394268009,-0.0117735470942,-0.0134158926729,-0.0232605177994,0.000810842117456,-0.0116541693017,0.00345160844954,-0.00436245793344,0.0117214835549,0.014822574893,0.0306073187216,0.0191214470284
-0.0145314006398,0.0336283185841,0.019997619331,-0.0095342294467,0.00899470899471,-0.00194669062594,-0.0110777752135,0.0304568527919,-0.0171673819742,0.0172556598564,0.0181983621474,0.00916165894986,-0.0114142000387,0.00840134421507,-0.0336208414012,-0.0202249408051,0.00843214756258,-0.00228136882129,0.0319037656904,-0.0143922137088,0.00844907407407,0.00319926873857,0.00247660979637,-0.00162744116174,-0.00881895210099,-0.017072036005,0.0014989694585,0.0633874239351
0.0214787551089,-0.00326899128269,0.00758548255339,0.0272999842197,0.0267435762978,-0.0451612903226,0.00303383897316,0.0469276639876,-0.0105811219348,0.0356900529244,0.0232350312779,0.0402186645841,0.0135029354207,0.0261842418472,0.0344262295082,0.0425938978955,0.0253462241965,0.0241361788618,-0.0513600270316,0.0237419897048,0.0255939400895,0.0193166287016,0.0540763107329,0.0236990595611,0.0504187020237,0.0316493624421,-0.0386342376052,0.0224129709108
-0.0248293089891,-0.0426362642511,-0.0215427380125,-0.00460829493088,-0.0132788559755,0.00958516656191,-0.0279199627734,0.0037147102526,0.00475301307079,0.0125786163522,-0.0196506550218,-0.0304992492492,-0.00772349874493,0.0164694966365,-0.0223630920937,-0.0160807417423,-0.0178389398573,-0.053336641032,-0.0160284951024,-0.0199076449461,-0.0151074306177,-0.00402252614642,-0.0109375,-0.0334394904459,-0.00182693904667,-0.0134685703821,-0.0542960007784,0.00419776119403
-0.0197715668029,0.000978792822186,-0.0279356060606,-0.0134259259259,-0.0372670807453,-0.0104280155642,-0.143370033509,0.00888230940044,-0.00202736948809,-0.00530538302277,0.00601336302895,-0.0132610589488,-0.0293831484725,0.0308078502967,-0.0268371757925,-0.0211533742331,-0.00817332641412,-0.124475890985,-0.00162895927602,-0.048476599309,-0.0247699125099,-0.0354514449829,-0.0373880989995,-0.0375110885819,-0.0279534109817,-0.0360253009427,-0.0369379565799,-0.00170305000774
0.00548117327956,-0.0303129074316,-0.000974184120799,-0.00719536993587,0.0279569892473,-0.00298836111985,-0.0916457110925,0.01100513573,0.0672083968173,-0.0307011838168,-0.00199247288023,-0.0220718069453,-0.0455092221331,-0.0172680982953,-0.0320192485656,-0.00842358604091,-0.0163505559189,-0.00209518108351,0.00707034082669,0.00429137323944,-0.0159617849237,-0.00223318135294,-0.0183260393873,-0.0296247531271,-0.0357754193769,-0.0387506211695,-0.0173076923077,-0.0276054590571
0.00179963782756,-0.0231932773109,0.000487567040468,-0.0151252560265,0.00418410041841,-0.0141978230005,0.0304521685635,0.00266086115143,0.0360088832487,0.00966313246544,-0.0181898846495,-0.00832581001103,0.0384373030876,0.0024780355936,-0.0156787762906,-0.0174959546926,-0.00132978723404,-0.0203959208158,0.0102610261026,-0.00241043059056,0.00378877575184,0.0145481674904,-0.0247979938702,-0.00922659430122,-0.00923131546245,-0.00961561244601,-0.0221787345075,-0.00159489633174
0.00355670751216,-0.0175498967653,-0.0517787524366,-0.00271956486962,-0.0546875,-0.0174427908465,-0.0746268656716,-0.00265379975875,0.0104118817945,-0.0211351854313,-0.0234975146859,-0.0230629172567,-0.0137540453074,-0.00202247191011,-0.027195027195,-0.029644879053,-0.00239680426099,-0.0134721371709,-0.0215609408411,-0.0519494783086,-0.0254777070064,-0.0375953672213,-0.0357142857143,-0.0215009586415,-0.0412112524637,-0.0285135749411,-0.0742717367134,-0.0354632587859
0.012192852748,0.0120840630473,0.0313503790312,-0.00352903432788,0.0528925619835,0.0185667752443,0.0587096774194,0.029511369134,0.0233368692226,0.0138511678436,0.0226746876446,0.0344791882377,0.0531173092699,0.0312992569241,0.0377396166134,0.0210565397263,0.0269620928991,0.0226567349472,0.046439628483,0.00312789620019,0.0309852335996,0.0263610315186,0.0386666666667,0.044366689993,0.029714072136,0.0348802586244,0.0231803987509,0.0195428949983
0.0255785537718,0.0327046201765,0.035380590507,0.0672891178364,0.0334903192046,-0.00399744163735,0.054844606947,0.0296052631579,0.00873685769288,0.0176801500134,0.0235294117647,0.0355319787809,0.0188899707887,0.028384279476,0.0552241677891,0.0300244143161,0.00987782687809,0.0403641881639,0.0341106856944,0.0421526735189,0.0250058699225,-0.0563930764936,0.0255313079447,0.0050924685071,0.013611615245,0.0341135011065,0.0181946237821,0.0245289148798
-0.0256325075165,0.000837801608579,-0.0225003008062,0.00301659125189,-0.0116455696203,-0.0478407449029,0.0202195262854,-0.0038795070744,0.000880798590722,-0.0159252434851,-0.00663129973475,-0.0423352020104,-0.0152905198777,-0.00849256900212,-0.0499635302699,-0.0273841343487,0.0240669240669,-0.0119603267211,-0.0291147761696,-0.0234929078014,-0.0167220249685,-0.0388560157791,-0.0118219749652,-0.0166666666667,0.00358102059087,-0.0204698548178,-0.0443855199447,-0.0145869668622
0.0381160639605,0.0232713879123,0.0504677498769,0.0225563909774,0.0496926229508,0.0316978587085,0.0271800679502,0.0293241695304,0.0171604576122,0.0555035442022,0.0233644859813,0.0684295518773,0.0289208074534,0.0432548179872,0.0236084452975,0.0153997718552,0.0519039839135,0.00856214939474,-0.024787658173,-0.000453926463913,0.0399534071054,-0.0883439359737,0.029978888107,0.0174915254237,0.0535236396075,0.00284045404551,0.00953070334178,0.0284794851167
0.036065624125,-0.0183246073298,-0.0198031403797,-0.00323529411765,-0.0219619326501,0.00588331426704,-0.06394707828,-0.00422880035611,0.0347512617159,-0.0119107957425,-0.0150032615786,-0.0132250141697,-0.0167892850406,-0.0147783251232,-0.0185636602288,-0.0314558545677,0.00669056152927,-0.0251756440281,-0.00302168503377,0.019527702089,-0.00358422939068,0.0160945413618,0.0116151954086,-0.00946162046908,-0.0108382726503,-0.0396515924313,-0.00645315487572,-0.0132978723404
-0.011370776011,-0.0186666666667,0.0167364016736,0.00988492180584,-0.0224550898204,0.0529650690496,0.0332744405183,0.0118462226196,0.0170011148272,-0.0192357014619,0.0211920529801,0.0222094581658,-0.0128549501151,-0.00291666666667,-0.0397401604891,-0.0257288975589,0.0289579871825,-0.0276276276276,-0.016580495632,0.0206013363029,-0.00966726618705,0.0303500221533,-0.0143185195191,-0.0150679402664,0.00393768190378,0.00210668239656,-0.0239355304306,-0.00824480735691
-0.00507374168553,-0.0054347826087,0.00188124632569,-0.00496712929145,0.0255232261358,-0.00648048140719,-0.0185237959533,-0.0203225093881,-0.0154836941628,0.00523012552301,0.0203199308258,0.0109571080727,-0.00952380952381,0.00250731299624,0.00517309988062,0.0326857513935,-0.00184544405998,-0.00741198270537,-0.0117839013778,-0.0295690125477,0.0143019296254,-0.00182756396474,-0.000822255721529,0.000956153530938,-0.0496248294679,0.0239634783224,0.0052988293284,-0.0129496402878
-0.0145743055411,0.0122950819672,0.0275789226617,0.019674056673,0.0353409656546,0.0110265569188,0.0493612078978,0.0135287485908,0.0435629784273,0.0551508844953,0.00466101694915,0.0173228346457,0.0449372056515,0.0379324718633,0.0197941409343,0.0306555573023,0.0279639473076,-0.0124455507156,-0.0229315721886,0.00438497863728,0.0214861235452,0.032310177706,0.0267453024277,0.0230622270742,0.0459357617082,0.0197093305959,0.0503799950968,0.0238095238095
0.0462494794375,0.0104588394062,-0.00125628140704,-0.00878329733621,0.00817307692308,0.0109062980031,0.00442722744881,-0.00578420467186,-0.0093358228861,-0.00591715976331,0.0231969633066,0.0135676561646,-0.0234741784038,-0.00301204819277,0.021350931677,0.0105755541997,0.000224820143885,0.0516698172653,-0.0424333458505,0.00403000111944,0.00142418930762,-0.00344287949922,-0.0263157894737,0.0224089635854,-0.0204151655516,0.00986552787462,0.00770218228498,0.00490428729631
0.0119670862962,0.0146911519199,0.00789022298456,-0.0055200464846,0.000953743443014,0.010180823583,0.0190082644628,-0.00939807563213,-0.0118470651589,-0.0252976190476,-0.0222588623248,0.0176983200072,0.0157692307692,0.00422960725076,0.014443177499,0.00125779834977,-0.00157338727804,0.0389454763331,0.0176470588235,-0.019957631843,0.0108303249097,0.00345477386935,0.0178350939772,0.0106979778213,-0.0169877408056,0.00139559286464,0.0261725535611,0.00330604534005
0.055793395326,0.0115169463639,-0.0021556614477,-0.0111013730646,-0.00285850404955,0.00406137184116,0.0102730467694,-0.0128755364807,-0.0149863760218,0.00432569974555,0.00801011804384,-0.00670903954802,0.070995834911,0.0118331327718,-0.0172349194455,0.00748706095171,-0.0150832958127,0.0922722029988,0.0250481695568,0.00307167235495,0.0161255411255,-0.000834637454356,-0.00485240598463,0.0336904608235,0.0137181542847,0.0065700543837,0.0206522965805,0.0299701867252
0.0158322397189,-0.00162654521796,-0.00238772029562,-0.00310192023634,-0.00382226469183,0.00539325842697,-0.003746320578,-0.0215102974828,0.00276625172891,-0.032936407398,-0.000836470096194,-0.00702097404906,0.00176772140711,-0.016253716551,-0.0529927563858,-0.0239900249377,-0.016,0.0221752903907,0.0265037593985,0.0155381649087,-0.0138459899883,0.00689151091156,-0.0331843424082,0.00599400599401,0.0091388400703,-0.0120653758068,-0.0421273772667,-0.00700792199878
-0.0154518433951,0.00423590746171,-0.00501481650331,-0.000889020595644,-0.00671462829736,0.00119207271644,-0.00241740531829,0.00420954162769,0.00137931034483,-0.0201729106628,-0.00125575554625,0.0038485635013,0.00141168166578,-0.00322385653838,-0.000402576489533,-0.00429250344933,0,-0.0144628099174,-0.00567661600439,-0.000558409649319,0.000108003024085,0.0096443015659,0.00028019052956,-0.00881330685204,0.0153256704981,-0.00400417276952,-0.0150063488399,-0.00675053697453
-0.00375759463435,-0.00324464633355,0.0249713631157,0.0111226457067,0.0371801062289,0.0196457806221,0.0436187399031,0.026082906381,0.0125344352617,0.00695187165775,0.0100586756077,0.0160485021398,0.00969162995595,0.0414392561148,-0.0632299637535,0.0313061329228,0.0281068524971,0.00366876310273,-0.0103130755064,0.0202257235445,-0.0208423326134,0.0275267050123,-0.00448179271709,-0.0155291170946,-0.0133790737564,0.0176891907618,0.0207429977734,0.00880444856348
0.0558899670564,0.0159505208333,0.0271569065713,0.00102669404517,0.0265363128492,0.0108013428697,0.062693498452,0.0118020880617,0.0065297238471,0.018321826872,-0.00331950207469,0.0279045279045,0.0280977312391,0.0122282608696,0.00214961306965,0.0308534461309,-0.00587437867149,0.000522193211488,0.0137700037216,0.0092004381161,0.0343002095511,-0.0206917233107,-0.0163196398424,0.045032438621,0.028859527121,0.0209349952699,0.0561423650976,0.0485377430715
-0.0128480342828,-0.0137776353733,-0.000326406267,0.010989010989,0.0140589569161,0.00736462093863,0.000971109492595,0.0246747420368,0.0101365049331,-0.00599739243807,0.0303913405495,0.00542086392351,0.00814802240706,0.0147651006711,-0.0220935220935,-0.00897900072411,0.0259090909091,-0.0185281837161,0.0275330396476,0.0170392880399,-0.000533162721262,-0.0270490966622,0.00157322654462,-0.0258064516129,-0.0255153768165,-0.00967346456661,-0.0121752364387,-0.000876168224299
-0.0454550981819,-0.041910331384,-0.000870700914236,0.00188405797101,0.0201252236136,-0.00444380733945,-0.00630608780015,0.00284588441331,-0.00923200428151,0.00682056663169,0.0115151515152,-0.00445765230312,0.0198686647584,-0.0160619803477,-0.00175477078307,0.0252325977885,0.00166149756314,0.0124966764158,0.0085744908896,-0.0183544979191,-0.00469433479142,0.0024129248846,-0.00028559188919,-0.020992127952,0.00104040228888,-0.016212748106,-0.0594255529878,0.00950014615609
-0.0321809795273,0.00983384198033,0.00958605664488,0.00448430493274,0.00482244629548,-0.00503959683225,0.0168415914083,0.0165902641345,0.0162052667117,0.00521104742053,0.014579588576,0.00315565031983,0.0216278685818,0.00499327827924,-0.0107668644254,-0.00308832612724,0.024881123521,-0.00735294117647,0.0201912858661,-0.00489183606914,0.0222960660307,-0.00586080586081,0.0079988573061,0.000255264837269,0.0188809977481,-0.00198578595318,-0.000351000351,0.0068046908933
-0.00534403309966,-0.00906648757555,-0.0126240828658,-0.0120967741935,-0.0122164048866,-0.00564399421129,0.0172827652424,-0.0444492162336,0.0252491694352,-0.0116640746501,0.00669291338583,-0.0408093861588,-0.0198771816419,-0.0294286260271,-0.034651266104,-0.00424173100753,0.0053949072076,-0.0185185185185,-0.00190972222222,0.0214114048503,-0.0270525322428,0.0065270028424,0.0238061499221,-0.0283271660074,-0.0209112546753,-0.0248717143156,-0.030781835206,0.00359505320679
-0.00115019976864,-0.051169095222,0.00743088187083,0.0463556851312,-0.041519434629,-0.00305632367923,-0.00684285040113,0.00606741573034,-0.0194426441996,-0.0236034618411,0.00117324990223,-0.000709094132246,0.0229183841715,0.0196889151408,-0.0124252185918,-0.0695448236251,-0.00236102167847,-0.0194070080863,-0.0165246129762,-0.0540106951872,-0.0028020260804,-0.0118188474009,0.0200692041522,0.0220617202889,-0.0147595068588,0.0153036567685,0.0274121482913,0.0601805416249
-0.0473626451274,0.0075,-0.0170300466428,-0.0122596823628,-0.0271889400922,0.0137226277372,-0.0220955096222,-0.00089345543891,-0.00713813615334,-0.0051034112275,-0.006640625,-0.0138371474188,-0.0322372662798,-0.0330179571346,0.0228331780056,-0.00581275720165,-0.00709982788296,-0.0494777350192,-0.0134418111072,-0.0196721311475,-0.0486328758241,-0.0352455546147,-0.0351424694708,0.00475395091867,-0.0174480084596,-0.0920414639306,-0.00975552421251,-0.0328422759832
-0.0320841112722,0.0503367600142,0.000110350915913,-0.0015514809591,0.0142112742776,-0.0110887096774,0.0269679300292,-0.0118488710038,-0.026228198642,-0.00728941684665,-0.0334250884782,-0.0178989026803,0.0389740173218,0.00479233226837,-0.00505239179954,0.004501474621,-0.0104008667389,0.00636205899364,-0.00896378630333,0.00864952139315,0.0178348290356,0.0450905101481,-0.009843903811,-0.00383631713555,0.0109417040359,-0.0188144233816,0.0299109792285,-0.0342370039128
-0.0714845906178,-0.0475869051637,-0.0365221229174,-0.0156801808165,-0.0242877160206,-0.0231542158148,-0.0399810740478,-0.0371040723982,-0.0090237899918,-0.0187652977971,-0.0191212367779,-0.029856213939,-0.019557550497,-0.0570349761526,-0.0491824296789,-0.0251880086535,-0.0361287497263,-0.0313218390805,-0.0557163531114,-0.0294991996341,-0.0046875,-0.0311778290993,0.046584292004,-0.0121951219512,-0.0149041873669,-0.0270684869051,-0.0183243056356,-0.00983938648531
0.0421859747173,-0.0528809355067,0.00400824553367,-0.00617106773823,-0.0110100526568,0.0125223613596,0.000246426811237,0.00587406015038,-0.0477373068433,0.0321507760532,0.00124429697221,-0.0149155102426,0.035480706344,0.00969441517387,-0.0248013484228,0.00581241743725,-0.0154475238528,0.0857787006823,0.013601532567,0.00188501413761,0.00437317784257,0.0436667027847,-0.0234767268286,-0.00480831708902,-0.00522334293948,-0.00463733592373,-0.0183141582531,0.0162209557212
0.0420695756541,0.024592463998,0.0108360898825,-0.00231046931408,0.0193610842207,0.0229681978799,0.00714461690071,0.0114459238496,0.0128948130977,0.00322234156821,0.0142916321458,0.00613320555822,0.0211590083689,0.0233771655187,-0.018024691358,0.0132913054899,0.0198431010614,0.0412113131666,0.011718011718,0.0141110065851,0.00580551523948,0.0139119601329,0.0321011673152,0.0274223034735,0.00832880680789,0.00966607653414,0.0123176273619,0.0189818809318
-0.00566502609284,-0.0348950155194,-0.011396975852,0.0081053698075,-0.011396011396,0.00143926309729,-0.00171232876712,0.0184757505774,0.0204548705478,0.000535331905782,0.0247090055136,-0.00314315649109,0.00479356734189,0.00530287579033,-0.0173497611265,-0.0176275404397,0.00546153846154,-0.00130149567043,0.00672520082197,0.00950834879406,0.002331002331,-0.00102396067991,-0.0033660966743,0.0142348754448,0.00538696354821,-0.0220322517972,-0.00189013585351,0.00127011007621
-0.096161516287,0.0193193943109,0.00913137769661,0.013639626705,0.0273775216138,0.00919804541535,0.0367556971331,-0.0015873015873,0.011354079058,0.00695559122525,0.0127540852929,0.0219759220333,-0.0298553401046,0.000202880908906,0.0276356192426,0.0165716698332,0.000868559496325,0.0399260123383,0.00556689552793,0.0269928784746,0.0173864894795,0.00533005330053,0.0203998919211,0.0151629072682,0.0135738524737,0.0195809162428,0.0324298733578,0.0336856941508
-0.0207455009797,0.00575352635486,0.0052030313313,0.00481586402266,0.0252454417952,-0.00412987752777,0.0276530371071,0.00204406086759,-0.040887040887,-0.00371944739639,-0.0021645021645,0.0160807778609,0.00428299492386,-0.000405679513185,0.0244023904382,0.00519156889212,-0.0191097122302,0.0161697827185,0.00313711016793,0.00559221563583,0.0126265374986,-0.000917618270799,-0.0116509996028,-0.0125910381434,0.00916299559471,0.0326227004698,0.0276281095953,0.0115898554677
0.0025796528532,-0.00129175124562,-0.0219421627096,-0.0129687059487,-0.0506155950752,-0.020163020163,0.0101195952162,-0.0131459655485,-0.00910404624277,-0.0205333333333,-0.0108459869848,-0.00046006624954,-0.0274838098247,0.0121753246753,0.0034030140982,-0.00630100196261,-0.0506532202613,-0.0139234211835,0.00901398086829,-0.00689578467356,0.00171987530904,0.0776609858149,0.0176825184193,0.0281285160645,0.00453989872534,0.00470555491347,-0.0240963855422,-0.0246663970886
0.0230790865795,-0.0129453067258,-0.0042567878509,0.00114253070551,0.00816522574448,-0.00919439579685,0.0011179417122,-0.00620119430409,-0.0049584366341,-0.0130683365097,-2.79106858054e-05,-0.00451072447758,0.00454766931947,-0.00180433039294,-0.000968992248062,-0.00441787941788,-0.0115886045389,-0.00910741301059,-0.0111212397448,-0.0120954194199,-0.00364846013521,-0.0227272727273,-0.00802948532315,-0.002796692607,-0.000869111767773,0.00308947746513,0.0243312757202,-0.00746268656716
-0.0155462632539,-0.000737559762933,0.0159445407279,0.018544935806,0.00666984278228,0.010752688172,0.0327707412706,0.032817194361,0.00249157262201,0.0289655172414,0.0359140805365,0.0148881080081,0.016025869038,0.0236995380599,0.0305528612997,0.00830070477682,0.028822667318,0.0326167720134,-0.0396386430678,0.0306087745154,0.0284329563813,0.0263565891473,0.0102176220807,0.0312157054018,0.0414057063326,0.0182644554599,0.0625108109164,0.0172653856864
-0.0422779479122,0.00749344323717,0.0187649266462,0.0162464985994,-0.000473260766682,0.0147187408919,0.0103501431403,-0.0469903781607,-0.00146198830409,-0.0083109919571,0.0292532717475,0.0282460136674,0.0101653055639,-0.00745536590151,0.0352470588235,-0.00269234751993,0.0289648622982,0.0334987654199,0.0243808792475,0.00681993180068,0.0166509582155,0.00434290030211,0.00551687902272,0.0145441645974,0.0225526227865,0.0102601348711,-0.00609179708014,0.0258691486449
-0.00348779133521,0.013387876534,0.0136191114088,0.00923373759647,0.0435606060606,0.00445210397817,0.012641673932,-0.0011739845034,0.01317715959,0.0191943768586,-0.0074794315632,0.0211785556048,0.0313484562067,0.0345918165645,-0.0340470021365,0.00960440245042,-0.00830641439779,0.00214592274678,0.0224887556222,0.00797552714957,0.0170992995468,0.00188005264147,-0.0197256694971,0.0134032634033,-0.0233621957197,0.0155615111956,0.0315967452182,0.0181454302869
-0.100340759864,0.0242568807339,0.0034140969163,0.00532568619418,0.0208711433757,0.0547612239062,0.00387430047353,0.00540667606958,0.0021676300578,-0.0183023872679,0.0113036925396,0.00694203401597,0.0322285016038,0.0385938097058,-0.00941176470588,0.0537872165373,-0.00116333178222,0.00214132762313,0.0229105571848,0.0227617602428,0.0193437310107,0.0227059485832,-0.0138592750533,0.0327774583094,-0.0118768819003,0.024687154167,-0.00174144642491,0.0136286201022
-0.0167036510253,-0.0168750671778,-0.021512457469,0.00665580005433,-0.00844444444444,0.0200623559713,0.0222984562607,0.0409165302782,0.00403749098774,0.0091867062956,0.0122950819672,-0.00723888314374,-0.0180526783072,-0.00846210448859,0.00522565320665,-0.00556287512809,-0.04845096669,-0.011396011396,-0.00107507615123,0.00254345061467,0.00119225037258,-0.0154128440367,0.0163513513514,-0.00289532293987,0.00575588285085,-0.0147461992191,0.00831195484864,0.00840336134454
0.0850382984111,0.015306122449,-0.00975883342681,0.0175414923762,0.00627521290901,0.00744186046512,0.0205536912752,-0.00449236298293,0.0254200775528,0.033734939759,-0.0011041589989,0.00381944444444,0.000301386377336,0.0157699443414,-0.00614366729679,-0.0178124539968,0.0129742962056,0.021613832853,0.0245739910314,0.00602536997886,0.0183586384837,0.0290719344018,0.00877542879936,0.000781773509046,0.0432587106548,0.0067456469497,-0.0168939548138,0.0155128205128
-0.0411937329168,0.00538406317301,0.000906207521522,0.00994563055298,0.037416481069,0.00962933649914,0.00452116728319,0.00180505415162,-0.0294117647059,-0.030821030821,0.00552689756817,-0.00588031822899,0.0171738475444,0.0157077625571,0.00404184498336,0.0040967226219,0.000966650555824,-0.0131640808651,0.00350140056022,-0.0133445413471,0.00594426037809,-0.00488953277798,-0.0110715697904,0.0130565785069,-0.00467892868667,-0.0171698982369,-0.010248447205,0.0148971089509
-0.0377260329403,-0.0228489825062,-0.00746944318696,-0.0077468487395,-0.0206097037355,-0.00810033969166,-0.0241407528642,0.0297297297297,0.0164502164502,0.00801710315339,-0.0164895566141,-0.0123521224774,-0.053317535545,-0.036324402086,-0.0419133317547,-0.0172653995422,0.0265572187349,-0.0157217722725,-0.0701325889742,0.0238551650692,-0.0143369175627,-0.0165605095541,0,-0.0265476977308,0.00534932728157,-0.0108653969066,-0.0674615625981,-0.0141808682672
-0.051377631918,0.0284983558641,0.0142531356899,0.0215694058489,0.0201665935993,0.0100105374078,0.0293501048218,0.0304024496938,0.0400340715503,0.0291622481442,0.0316691505216,0.0347895014973,0.0996558197747,0.0412390371338,0.0514087988136,0.0388841071338,0.019285042333,0.00387221684414,0.000375234521576,-0.0111296026628,0.0150368550369,0.0127683197631,0.0274556843929,0.00860020368903,0.0140277329894,0.0404928060653,0.00661731718259,0.0160252365931
0.0424233132413,-0.00994671403197,0.00236087689713,0.0160621761658,0.0150408250967,0.00873761085029,0.0281059063136,0.0148588410104,-0.003822003822,0.0126223596084,0.0202239075479,0.0105540897098,0.0146535780339,0.0333333333333,0.0197461212976,0.0238315707393,0.0073834794647,0.0549662487946,0.0166916729182,0.0401809193226,0.02449651433,-0.00365430294171,0.0758853288364,0.0424099629754,0.0415010335506,0.0211123361936,0.0159331476323,0.0152757078987
0.0407655612539,0.00825260136347,-0.00437415881561,0.00471698113208,-0.0156646909399,-0.0153846153846,-0.0192155309033,0.0196611587534,-0.0100027404768,-0.0139913508013,-0.00743362831858,0.00336898846121,-0.0276219854178,-0.0143947277142,-0.0198248040572,0.0148990860625,-0.000687127805772,-0.00959780621572,0.014572957019,-0.00323591869754,-0.00378036102448,-0.00678525582248,0.0270074752833,-0.00150683457109,0.00427480916031,0.0077035519563,-0.0199605176574,0.00954128440367
0.0172481060722,0.00213523131673,0.00281626675679,0.0110392082223,-0.000430107526882,0.00682773109244,-0.019995960412,0.00841025641026,0.0359861591696,0.0350877192982,0.00427960057061,0.00881390078066,0.00173035328046,-0.010909730776,-0.00517403574788,-0.0115848224755,0.00137520055008,-0.0378403322566,-0.00254545454545,-0.00334787460688,-0.00227682383076,0.0997045790251,-0.00387414886124,0.000323380403148,0.00486470051687,-0.0120705172323,-0.0304386750224,0.0101781170483
-0.0747881864593,0.0159801136364,0.019658503707,0.0282379518072,-0.00688468158348,0.0133020344288,-0.0142209398186,0.00122050447518,0.00774883099532,0.00822532402792,0.0241477272727,-0.00474288567149,0.00287894054988,0.00853940579968,0.0132387706856,0.00778210116732,0.0151064316777,-0.000959232613909,0.0749179730222,0.00824511400651,0.00456403917467,-0.0218267293486,0.00471420153212,0.00129310344828,0.0175491679274,-0.00203633245807,-0.0115420129271,0.00695693894686
-0.00629479965009,-0.00069905627403,-0.0239065770629,-0.0100085438789,0.00173310225303,0.0140283140283,0.0156805352289,0.00426655830963,0.0246586238897,0.0101359703337,0.0110957004161,-0.0150489089541,0.0222477393426,0.0375727641559,-0.0158656089594,-0.0144081363594,0.0254791431793,-0.0124819971195,0.0495167034085,0.0247349823322,0.000946521533365,0.0290078956402,0.0175953079179,0.00850193715024,-0.0246803449301,-0.00428502389518,-0.0169313404951,0.00929124478856
-0.0149227011961,0.00349772647779,-0.0238148984199,0.00739736160769,-0.0134083044983,0.0109150907476,-0.0133799917662,0.0244790612988,0.0152671755725,-0.0188448360255,0.0442386831276,-0.0105254222901,0.0141814097164,0.00102006120367,0.013750592698,-0.000286642461303,0.0215479331574,0.0233349538162,-0.00484730974309,0.0064039408867,9.45626477542e-05,-0.004670558799,0.000230547550432,-0.00202753174688,-0.0228658536585,-0.000407696621942,-0.022805558855,-0.000236043904166
-0.0504464099636,0.074590449634,0.018499248468,0.0381838208298,-0.0640070144673,0.021971123666,-0.0121009805967,0.0306082148499,-0.00637186185803,0.0656023946121,0.015763546798,0,0.0225668004984,0.0531589673913,0.0701590271282,-0.10240848705,0.0314248816186,-0.0218527315914,-0.0384802727716,-0.0277043563387,0.000378214826021,0.0283224400871,0.00195920248934,0.00117621899059,0.0399375975039,0.0334145462471,0.00534824358819,-0.0015346476213
0.0788881319268,0.0577359714564,0.0013622431604,0.00884121183544,0.0430913348946,-0.0457002457002,0.0331573389652,0.0243341636329,0.00538668718738,-0.0112359550562,-0.0161655350792,0.0407480483829,-0.00257243433523,0.0159651669086,0.0384615384615,0.0602672629505,-0.00208681135225,0.0189412336085,0.0133400878082,0.0287958115183,-0.0186200378072,0.0206975228162,0.0570508396595,-0.0214674783723,0.0145514551455,0.073198642652,0.0252690122113,0.0106408134311
0.0711197040639,0.0349586016559,0.0268677020746,-0.0105164758121,0.0139200718455,0.000901132852729,-0.0151267375307,-0.0263748597082,0.00561296083684,-0.00378787878788,-0.056194544857,0.015908341576,0.0215827338129,0.0326984126984,0.00631313131313,0.0182274667336,-0.0593893768298,-0.00810295519542,0.00316613897684,-0.00107653161088,0.0386208224983,0.0212358294747,0.0249183895539,0.0204103907444,0.0359307999409,-0.00388186672063,0.0329009433962,-0.00198876930276
-0.0129589140585,-0.0213333333333,-0.00529918304261,0.0138167217761,0.0119574844996,0.0108038585209,0.0309256953093,0.00960614793468,-0.00418622351896,0.00261406844106,0.0226323119777,-0.00324543610548,0.0187350518204,0.0347371656932,0.00710999581765,-0.00152875036986,0.0264562027568,0.0221047573282,0.0363787375415,-0.0165572646223,0.0246661721068,0.0107879924953,0.00605159783417,0.0156166434913,-0.00385383956609,0.0103919848886,0.00548007763443,0.0139491267143
-0.0259702475879,0.0620647895852,0.026859045505,0.0251601630751,0.0315098468271,0.00636213258684,0.0527481377089,0.00361560418649,-0.0140127388535,0.00450343683337,-0.0228123935989,0.0157102157102,0.001173862006,-0.017825311943,0,0.0253370869758,-0.0207927225471,0.125763986836,0.00272479564033,0.0115560868699,0.0110407239819,0.0105181747873,0.0417897847193,0.0240126382306,0.0660553087835,0.0271820559765,0.00295219711593,-0.0109826589595
0.00501140248152,-0.0231185860889,-0.0107003891051,-0.0135211907738,-0.00169707254985,0.0352762675433,0.0262000382482,-0.0255972696246,-0.00116279069767,-0.00330344502124,0.0118466898955,0.00536945023241,0.0290515893695,-0.00952813067151,-0.00651993355482,-0.00905587668593,0.0431320504313,-0.0173313844226,-0.00799232736573,-0.0123104195391,-0.0129788757608,-0.0388795346701,0.0129659643436,-0.0225239123727,0.0116935483871,-0.0103705348825,-0.0240009056946,-0.0227936879018
0.0125139952951,0.0385479587966,-0.000764776575986,-0.0243031559548,0.00467488312792,-0.0515388373229,0.0154677599702,-0.0531231757151,-0.0209545983702,-0.0338541666667,-0.0444214876033,-0.010840972499,0.00113938473224,-0.0258054664834,0.0550516239602,0.0157009527513,0.0273536895674,0.0361240968976,0.0119239445698,-0.0232326253864,0.00308334089054,0.00382226469183,0.0074,0.00199915824916,0.0159426066162,0.0140908286944,-0.000927966593203,0.00191387559809
-0.026248435282,-0.00337173363304,-0.00371747211896,0.00507614213198,0.00592216582064,0.00527942312645,-0.00238575885484,0.0384299219071,0.000792707094729,0.00906640529282,0.0223423423423,-0.011282133935,-0.0170713201821,0.000470219435737,-0.00911251980983,-0.018808327351,0.000206398348813,-0.000820344544709,0.0140127388535,0.0160269497754,0.00180815477805,0.000158654608916,0.0148898153663,-0.0114459729077,0.0236694128416,-0.0108662220655,-0.0270521305004,-0.00549188156638
-0.0156973452315,-0.0132506343389,0.00428007023705,0.00575522668546,-0.000420521446594,0.011400025618,-0.00938189845475,0.00356224025331,-0.0105610561056,-0.0121418164157,0.0278463165315,-0.0119814165784,-0.0204554226168,0.0103399655334,0.00359856057577,-0.00965759438104,-0.0136194799835,0.0139573070608,0.0108354271357,-0.00793730533507,0.00992690190416,-0.0174492385787,0.0077269170579,0.00892288081581,-0.0567194685743,-0.0327823472085,0.00143198090692,-0.000840336134454
-0.0681948916216,-0.0367142857143,-0.033111135395,-0.0119117131846,-0.0353386621792,-0.0301418439716,-0.0544103992572,-0.0313547623743,-0.0100066711141,-0.0282694198623,-0.0497256515775,-0.0362976406534,-0.0345416338324,-0.031787874089,-0.0605577689243,-0.0467888100867,-0.0290794979079,-0.0261133603239,0.00434985241572,-0.0146850313956,-0.0394066660709,-0.0321278656765,-0.0502766184606,-0.0367445778059,-0.0247833152763,-0.0193657278173,-0.0285986653956,-0.0646401537907
0.0165948766818,0.0191309506155,0.0205696202532,0.023874246543,0.0178805058875,0.018803865239,0.0308326787117,0.0252442996743,0.00525606469003,0.0235264356185,0.00252616383977,0.0193460023968,0.0457080669297,0.0238629083921,0.0129770992366,-0.0116771726775,-0.00193923723335,0.0116399916857,0.015158546017,0.0260047281324,0.0168372093023,0.0396997497915,0.0550843127236,0.035523007979,0.0504096653243,0.00113943256258,0.0147203140334,0.041875401413
0.0142456380431,-0.00101862630966,0.0215946843854,0.0226249567125,-0.000856898029135,0.00948474750064,0.0421032577634,0.0160841938046,0.028422040488,0.00197726149283,0.0125989920806,0.018139066174,0.0305710940549,0.0122008446739,-0.0293477350749,0.0193433709745,0.0235319516408,0.0119169919869,0.0294072832546,0.000601081947506,0.0257981886378,0.0223006577892,0.0109453700116,0.0236436563226,0.018508725542,0.0197256893209,0.00580270793037,0.00801380840833
0.0298518538507,0.0537509104151,0.0108401084011,0.0204311999097,0.0132933104631,0.0349162011173,0.00347349177331,-0.0236466679695,0.00417155520793,0.0115934879132,0.0234624955563,0.028373474101,0.0148952284777,0.0188533456962,0.0325641578607,-0.00502615652887,0.0234127821135,0.0529949238579,0.00088809946714,0.00871045254305,0.0242575581914,-0.00580665411174,0.0123598735269,0.0336151783873,0.0105140186916,0.0161837328519,0.0504807692308,0.0185909980431
-0.00264318046339,-0.11501244125,0.0169436997319,0.020796460177,0.0520524756665,-0.00355784566311,0.0304244853343,0.00620496397118,0.0109048422692,-0.00414533040722,0.0194511983328,0.0188482515239,-0.00497512437811,-0.0232064310632,-0.0488721804511,0.000463917525773,-0.0164880461665,-0.00809872734285,0.0674356699201,-0.0314640198511,0.0124510230736,-0.000947119179163,0.0113571834185,0.0186552274541,-0.0402055234425,0.0464946441268,-0.0160183066362,0.0258165225744
0.0503863622183,-0.0146829115901,-0.00843614889803,0.010078023407,-0.0148833467418,-0.0139128293524,-0.0153818953324,0.0242689476825,0.00154102992166,-0.0137120470127,0.00647359454855,-0.00677005431788,-0.016625,0.00326086956522,0.0206411945542,0.0109227677881,0.0129924559933,-0.0151632970451,0.00845109448601,0.00297192047551,0.00283797729618,-0.00916416495497,-0.019183979038,0.0289883459015,0.00455032119914,0.00647219992193,-0.0346511627907,-0.023645089547
0.0483711114585,0.00507292327204,-0.0259491651601,0.00632979294067,0.00122498979175,0.0163565988263,0.00736218351589,-0.0248591959604,0.0100012822157,0.000248262164846,-0.0118483412322,-0.0172782753428,0.0125842125334,0.0218232471754,-0.0135972461274,-0.00361857193823,0.00393049234588,0.0386893012238,0.00755598296469,0.0147133953203,0.0112340279564,0.0588422899059,0.0256654899342,0.0149424193395,0.0115907274181,0.0356270592949,0.00650445675741,-0.00311713223834
-0.00445244340133,0.0369085173502,-0.0185609782727,-0.0191897654584,-0.0101957585644,0.0027027027027,-0.0358288770053,-0.0111531567417,-0.0214548686048,-0.0114172251179,0,-0.0176627147351,-0.00577454180266,-0.0316570736141,-0.0123887628686,-0.0327877237852,-0.00123634865032,0.00114025085519,-0.0129533678756,-0.022857718256,0.00390094979647,0.00165662650602,-0.0303255813953,-0.0103150787697,-0.00579481101014,0.00486679468133,0.0330301579703,-0.00998196031269
0.0864006518317,-0.0449345908123,-0.03304038269,-0.016847826087,-0.017305315204,-0.02487135506,-0.0417822148271,-0.043303121853,-0.0454073689673,-0.0263620386643,-0.0250085645769,-0.0257799671593,-0.0503787878788,-0.0328484279681,-0.0159010600707,-0.0257020466445,-0.0183618733237,-0.0785876993166,-0.00939356264677,-0.0160758450124,-0.0233992228417,-0.0270635994587,0.00460475825019,-0.0275724843661,-0.0152338058021,-0.0392450548137,-0.0245597775718,-0.0253887269193
-0.00939555493056,0.0878221259516,0.00195582144501,-0.032283029298,-0.0100628930818,-0.0131926121372,-0.000578815357901,-0.0117894736842,-0.00747485729818,-0.017019082001,-0.0154602951511,0.00151693915389,0.00292514293312,-0.00776322173702,-0.000224416517056,0.00276827878196,0.00084068936528,-0.0181293778327,0.00934318783991,-0.00178047758693,-0.0110717065998,-0.0122083140164,0.00773491214668,-0.0032154340836,-0.00981974710788,0.000695318675528,-0.00760095011876,-0.00137105820765
-0.031322370179,-0.0219619326501,0.000803766218854,-0.0127956129327,-0.0199068191444,-0.0082760376878,-0.0245173745174,0.009373668513,-0.000684650143776,0.00157397691501,0.00678087080657,0.0133793335577,-0.0124618851916,-0.00847595762021,-0.0132435465769,-0.0133701418209,-0.00692986140277,-0.021821233739,-0.00884222160818,-0.00996747455671,-0.00655995801627,-0.0172090112641,-0.0152563252156,-0.0215053763441,-0.0230946882217,-0.0165023441557,-0.0122067975108,-0.00274588117823
0.0389039426915,-0.052245508982,0.0100963744837,0.0133086448328,0.0108038029386,0.00346642701245,0.0461112210568,-0.0310257492613,0.00726226363387,0.00890518596124,0.00319035802907,0.014863406128,-0.0122164048866,0.0124938352786,0.0423111919927,0.0148680528886,0.00951575385917,0.026169026169,0.0349874546975,0.0221492157694,0.0278217996126,0.0410697230181,0.0314665127021,0.0437562437562,0.024335975525,0.0155428758411,0.0369517809547,0.0286608260325
-0.110734338266,0.0362028115622,0.00715583825534,0.016788487894,0.0320649850363,0.0255885363357,0.00529701097238,0.0520583750817,0.0172765610121,0.00882658359294,0.0144876325088,0.0152184585174,0.0266376732808,0.0868647507712,0.0209515495417,0.0441669369662,0.00942605781315,0.0192307692308,0.0117171717172,0.0130637636081,0.02132945006,0.0426605504587,0.0791118574494,0.0499617151608,0.0263372250882,0.0382606498763,0.018576936558,0.0289572940747
0.0900209633173,-0.00185969939941,-0.0103755497914,0.000673930135909,0.00579950289975,-0.0109780439122,-0.0316146029356,-0.00660455486542,0.0219309975929,-0.00591868244982,0.00313479623824,0.0116054158607,0.00489806724914,-0.0327158649537,0.00983326207781,-0.0111830183795,-0.0105831085287,-0.00430680885972,-0.0439297124601,-0.00440077781189,0.0157678436635,0.0115852764335,0.0159073225555,-0.00255241567912,0.0111111111111,-0.00485782700846,-0.0246616196375,0.0214023885539
-0.0283101778535,0.0164935858277,-0.0194871794872,-0.0269390503985,-0.0160626029654,-0.0465438950555,0.00446949086669,-0.0272191075634,-0.0321905260403,-0.0194149624644,-0.00260416666667,-0.0320267686424,-0.000790409695692,-0.00401544401544,-0.0295935647756,-0.0304204408608,-0.00148909395973,-0.0347682801236,-0.00292397660819,-0.0109991776316,-0.0140368260259,0.0530588576399,-8.50991404987e-05,-0.0146225552915,-0.0120355834642,-0.0143061922034,-0.0191697048101,-0.0186385737439
0.0230739526422,0.000600961538461,-0.00162715016272,-0.00115353558657,0.00209292591042,0.000793755787803,0.00270845424647,0.0131762185324,-0.0282585181179,-0.0219112988384,-0.00365535248042,-0.0298765432099,-0.00949241924852,0.00155062800434,-0.00397015837005,-0.0171184793174,0.00590224537377,-0.0230890700354,0.00782013685239,-0.0192287703981,-0.00602964575831,-0.0178964757709,-0.00689361702128,-0.0351511778891,-0.0341631355932,-0.00768474394074,0.0015587529976,-0.00802170579214
0.0169951749892,0.0345345345345,0.0197904540163,0.0370712553413,0.0183792815372,0.0408460013219,0.0169785838318,-0.0101501374498,0.0390983720607,0.0232118758435,0.0255066387142,0.00602358530585,0.0162385198988,0.0346802910667,0.0271572492335,0.0272512499313,-0.0238045520986,0.0196592398427,0.0353332409588,0.003815175922,0.0228325890976,0.0381272778245,0.023738109521,0.0275881957128,0.0429119824513,0.00430236476082,0.0324434334969,0.0132001427042
0.051049351705,0.0156748911466,-0.00422374429224,0.0155902004454,0.0721903199344,0.00292100584201,0.0295959021059,0.0805383465072,0.00629351901446,0.0240042205223,0.0357751277683,0.0104570753921,-0.0226588081205,0.0116714050576,0.02921108742,-0.0754666524041,-0.00513368983957,-0.0175664095973,-0.0872591006424,-0.00137246621622,0.0152388797364,0.0274102079395,0.0168257157207,0.0067352666043,0.0569212567372,0.0188475045861,0.0169294990724,0.0183098591549
0.0163304927612,0.0165761646185,0.0114639458902,0.013048245614,-0.00191277735272,0.0295048752691,-0.0292979546711,-0.000197706603401,0.0264803725882,0.0203503348789,0.0111842105263,0.00909697880154,0.0192977753953,0.0205590888922,0.00932256059664,0.0259747772764,-0.0249408729306,-0.0165721761884,-0.0184750733138,0.00824611481129,0.0135496957404,-0.00762255224077,0.0692352021075,-0.0151458836647,0.0293532338308,0.0353175909894,-0.0389965792474,0.00403411710466
-0.00589986868631,0.0104020241777,0.0438626317579,0.00692715661868,0.0130318129552,0.000369003690037,-0.0121488230828,0.0100850306506,0.00246305418719,-0.00252461499621,0.0169160702668,-0.0232404267637,0.0123586642125,-0.00275362318841,-0.00431034482759,0.016464617987,0.00815876515987,0.00133037694013,0.030026889752,0.0203418265702,0.0112071725905,0.0113892199709,0.0224052971974,0.0187753561657,-0.0100289995167,-0.0203045511675,-0.0046274323683,-0.0058546665136
-0.0146219269103,0.0459098497496,0.00933767643865,0.0135440180587,0.0219447597427,0.0114348948727,0.0395849346656,-0.0219263899765,0.0217250743567,0.00911161731207,-0.000639795265515,0.025232853514,-0.0211688311688,-0.00683040255777,-0.00354566068852,0.0144782825761,0.0279965004374,0.0383082373782,0.0224800580131,-0.00226081594903,0.0129037365421,0.0103443760639,-0.00195797876346,0.000926097425449,-0.00646893689735,0.0295136676784,0.00309929669806,0.0158198614319
-0.00080782525081,-0.0103750997606,0.0267857142857,0.000106055785343,0.00777489818586,0.0280816921955,0.030314232902,0.0160128102482,0.00265789140615,0.00752445447705,0.0246478873239,-0.00429468120251,0.0570518774048,0.0169739537606,0.0178327609748,0.00869422572178,0.0214893617021,-0.0919172531457,0.0167375886525,0.0057678442682,0.0170379054318,0.0184033177812,0.0439900399909,0.00971502590674,0.0115479115479,-0.0062814709323,-0.00130718954248,0.00238717744686
0.00985560765449,0.0118279569892,-0.00377160817182,0.0141039236479,-0.0180014695077,0.00993260021284,0.0342662360962,-0.0147754137116,0.0152739207271,0.0049788399303,0.00406123086535,0.0263769077638,0.00100414208611,0.00345323741007,-0.0345528455285,-0.0299777741638,0.0343678400333,-0.000939408172851,0.0333426339286,0.0130056323605,0.00845308537616,0.00699923644693,-0.0387395200925,0.0108127920828,0.0273257226136,-0.00194497760717,0.00428367444074,0.0295985484237
0.0524873028602,0.0215196599362,-0.0165106740982,-0.0141169089198,-0.00261878039656,-0.0242360379347,-0.0116218560278,-0.0149970005999,0.00845455675743,-0.00718355214268,-0.0096453018046,-0.0113140455794,0.00025078369906,0.0167765987955,-0.00210526315789,-0.0081591594948,0.0104712041885,-0.00846262341326,0.00121506682868,-0.0243631217145,-0.0270517412177,-0.000505497282952,0.00872180451128,0,0.00827520983568,0.00259835722283,-0.00177725118483,-0.0197158277343
0.0275743487697,0.00663198959688,0.0248075278015,0.00169707254985,0.0198799699925,0.0172786177106,-0.00824850824851,0.00629313844905,-0.0143015657749,0.00798403193613,-0.00785422557336,0.00817394147458,-0.0021311269901,0.00282047666056,0.0518987341772,-0.000112688753662,-0.0123555201275,0.00616405879564,-0.0059331175836,-0.00818568024039,0.00697055137845,0.00872423820963,0.00387596899225,0.00788686429154,0.00539336381756,-0.00566747086555,0.0218397626113,-0.0061797752809
-0.0157652452777,-0.0470223485338,0.0143989983306,-0.0325074121135,-0.00772342773078,-0.0364472753008,-0.00159263847107,-0.0264272745612,-0.0276422764228,-0.0279702970297,-0.0421152628246,-0.0252959299497,-0.00628140703518,-0.008437631838,-0.0192539109507,0.00219767835005,-0.0296610169492,-0.0254476908577,-0.0360824742268,-0.00282072712077,-0.00707785642063,-0.041865129105,0.000297000297,-0.0238352221623,-0.0143440233236,-0.00895948256202,0.0149843187362,-0.015828151498
0.0225820789827,-0.00718449234106,0.0132688747171,0.0072233774762,0.0155670867309,-0.00465173215816,0.0322580645161,0.00663075010361,0.00167224080268,0.0226636108989,0.00330578512397,0.021460655465,0.0184576485461,0.0392852077719,0.0355828220859,0.0246274950801,0.0264088168018,0.0430367504836,0.0462989023361,0.00890518596124,0.0715964280119,0.00876504447933,0.0124703087886,0.0211001566387,0.0448414576432,0.0312290208943,0.0295262073701,0.0242389431361
-0.0273104677848,0.0182960131076,0.0182722566237,0.00293382592633,0.0178832116788,0.00848604107736,-0.0049793956044,0.0117332235488,0.00975985617054,0.0231573705179,0.0112026359143,0.0116449511401,0.0171300893744,0.0402565502183,0.0209320695103,0.0229380453273,0.0117504051864,0.0315252665739,0.00578345662408,0.0073727933541,0.0191520467836,0.0211386331215,-0.00351906158358,0.017235156109,0.0144943947458,0.0304426976284,0.0101156069364,0.0125616868551
-0.0190968869095,-0.0311075355323,-0.00647991227196,0.00032502708559,-0.0225887414844,-0.0165853658537,0.0181190681622,-0.00935910478128,-0.00534147272034,-0.0199561937211,-0.00456174649723,-0.00169041294373,-0.010251403466,-0.00537845992391,-0.015087040619,-0.00219945281905,-0.00400480576692,-0.0107865168539,-0.00722118213426,-0.0119575301515,-0.012838904031,-0.0166370332741,0.0183195997646,0.000532245187616,0.00122781560442,-0.026140236327,-0.0245405524375,-0.0150642445724
-0.0150763857341,-0.0318295045668,-0.0111378687538,0.0235026535254,-0.0194424064563,-0.0078125,-0.0220338983051,-0.0340932429657,-0.00920598388953,-0.0183759622548,-0.000327332242226,-0.0384615384615,-0.00160295930949,-0.0336322869955,0.00157109190888,-0.00989247311828,0.0679533574588,0.00817810086324,-0.00404094827586,-0.010641627543,-0.0214342803168,-0.0290585044556,0.0165450473232,8.86603422288e-05,-0.0302118171683,-0.00476512928548,0.0141019855596,-0.0290148448043
0.00922088307236,0.0400228702115,0.00618975139523,0.00592592592593,-0.00561167227834,-0.00162479690039,0.00710571923743,0.0280671911546,-0.0167763582398,-0.00632431065014,0.0180091683039,0.000335429769392,0.000370507595406,0.00969018697966,0.0137254901961,0.0322002606429,-0.0220256024096,0.0247859396124,-0.0192047606167,0.00105451861225,0.0195277695278,-0.0238095238095,-0.00170575692964,0.0125,0.0457523853316,0.0217036682374,0.0172432973634,0.00150567523743
0.018181347385,-0.00962067069819,-0.0427591770875,-0.0538607195456,-0.0568096313017,-0.0176514772158,-0.0519704009637,-0.0136504653568,-0.0267751673448,-0.0140020366599,-0.0459954969444,-0.0239751865202,-0.0254320987654,-0.0233846985672,-0.0437137330754,-0.0641275185438,0.0111645813282,-0.0325417766051,-0.0119966905681,-0.00905930685768,-0.0608113028913,-0.0203024935277,-0.0220703403104,-0.00367743630155,-0.0577113334066,-0.0590432843772,-0.00164041994751,-0.0483404649011
-0.0889553779876,0.0124895920067,-0.0513063632533,-0.0351345341339,-0.0287195851615,-0.0353001146935,-0.0141586494827,-0.0268400083875,-0.0200944032367,-0.0395042602634,0.0316925151719,-0.0454350253371,-0.0487712186471,-0.0312802768166,-0.0311488673139,-0.0281056773468,-0.00856653340948,-0.0204545454545,-0.012700628053,-0.0111619007122,-0.0392369727047,-0.0141863699583,-0.10396039604,-0.0319008700237,-0.0333644423705,-0.00415024045183,0.0123781356118,-0.0246688540527
0.0547530884013,0.00877192982456,-0.0058856191005,0.0494353537681,0.0287474332649,0.0307793923382,0.0447431412263,0.0107735401853,0.0151390035783,0.0368279569892,0.028431372549,0.00494871333453,0.0175789053136,0.101014430633,0.0141962421712,0.0245228455755,0.053955453149,0.0593967517401,-0.0141362736783,0.0197806923242,0.046811945117,0.0252539503386,0.0331491712707,0.0130718954248,0.0661356504948,0.0576769536096,0.0225059510928,0.0260403688014
0.0283551673945,0.0222826086957,0.051273458445,0.0185571538377,0.0275449101796,0.0175573497373,0.0248501938668,-0.00852696653166,0.027521691974,0.00933367902515,0.0149348585955,0.016026501925,0.0198926842036,0.0281598754217,0.019143680527,0.0369764028452,0.0100200400802,-0.011826544021,0.0542013191855,0.00969850305714,0.0186584425598,0.0330260079813,0.0235923246304,0.0203405017921,0.00747113425402,0.0165474906678,0.0216931216931,0.0202792956891
-0.030221533647,0.00186071238703,0.0247582616088,-0.017787839586,-0.0174825174825,-0.019395465995,-0.00206362854686,-0.00602021070737,-0.0321942208735,-0.0367325969689,0.00156543519098,0.00590412407473,-0.000769921724625,0.0189322226429,-0.00504948495253,-0.00130654907725,0.0133477633478,-0.0195035460993,0.0338683351469,0.00751722697849,0.000605510142295,0.0368988943653,-0.00437922556853,0.0230086941249,0.0103370786517,0.00124036270817,0.00797514241326,-0.00690311830517
0.000398066986713,0.00238790130008,-0.00974699294898,0.00493908462298,-0.00672202451562,-0.00488055484202,-0.0313630880579,0.0233614536016,0.0104976141786,0.0165333333333,-0.000312597686777,0.00604467805519,0.0530371131373,-0.0157314505141,-0.00527811611855,0.00441537203598,0.00427198291207,-0.0248643761302,0.0143402183923,-0.0225906735751,7.56429652044e-05,-0.00578108941418,-0.0105718033799,0.00231779551893,0.000556049822064,0.0202857776242,-0.010378133991,-0.00311601150527
0.00598852431619,0.00105876124934,0,0.0206422018349,0.0366242038217,0.0135518843573,0.0531933819605,-0.00591841048404,0.00418240690772,0.0139034627492,0.0128205128205,0.00870776732846,0.00219512195122,0.0315882204883,0.0138775510204,0.0115597525236,0.0159517901453,0.00556328233658,0.0101167315175,0.00932994062765,0.0102110279101,0.0205452900892,-0.0103727967556,0.008650222679,0.0414582638657,0.0221574651438,0.00456858062506,0.00721327242126
-0.00787256232061,0.00608143839238,-0.0123560209424,0.00513643659711,-0.023425499232,0.0166815229848,-0.0273648648649,-0.0153093769934,0.00335886067446,-0.0098318240621,-0.029947514665,-0.00664709944751,-0.0316378680944,-0.00707575942418,-0.00563607085346,-0.00311175492247,-0.0184926727146,-0.00829875518672,-0.0143810991269,0.0252100840336,-0.0096585804133,0,-0.0115848372606,-0.0285301859557,-0.0260405549626,-0.0144029834416,-0.0111627906977,-0.00286464550012
0.0236349912158,0.0643889618922,0.00339270568278,0.0135207069094,-0.000786472670075,-0.00676352705411,0.0606113233762,0.0151155258044,0.0278521692555,0.00339691664489,0.002227880331,0.00677848266273,0.00100527770797,-0.0233443912029,0.017004048583,0.0131316936656,-0.0440810522574,0.00278940027894,0.058884835852,-0.0145491803279,0.00113404400091,-0.0521651050899,-0.0159464200287,-0.00576872650992,-0.00273942581635,0.00165719659426,0.0123340650152,0.00383050035911
-0.00454385534442,0.0120987654321,0.0321217244294,0.0318277310924,0.0188902007084,0.016393442623,-0.00589487473391,0.0119123590725,-0.00429911412194,0.00677083333333,0.0200063512226,0.0264134656884,-0.00665327642481,0.00729651528494,0.027627388535,0.0225232403718,0.0555968761621,0.0391747797867,0.00873523622047,0.0192347681431,0.0244676030811,-0.0133582687684,0.0167719980554,0.0271648351648,-0.0107680474673,0.00917470409798,0.0260196179659,0.0147865490103
-0.0247231572399,-0.0290314710905,-0.00921375921376,-0.00346126437952,-0.00154499806875,-0.00136476426799,-0.0281666941196,0.011561908766,0.0115138034803,-0.00103466114847,-0.0286425902864,-0.013203262972,-0.0252748641476,-0.0117397277382,0.0259936468583,0.0105460023897,-0.0278316011978,0.0194066473344,-0.0110989145018,-0.0104049780679,-0.00928792569659,-0.0410235580829,0.000796876245119,-0.00564875042794,-0.0380984116406,-0.00506727871445,0.0175103149844,-0.00117508813161
-0.00341929945147,-0.0155778894472,0.0111593304402,-0.00766166104812,-0.00541586073501,0.00397564914896,-0.0684745762712,-0.0176641729011,0.000905445608589,0.00284826514759,-0.0426282051282,0.0115902505539,-0.0150395436276,-0.0190825224314,0.00283179158014,0.0167077935431,0.00688530530893,0,-0.0234336457819,0.0319554685084,-0.0093005952381,0.0218833827474,-0.0186320566924,-0.0106730934756,-0.0127020785219,-0.0025465434024,0.0165166650183,0.00588235294118
0.0181910401378,0.0193976518632,0.031371346822,0.029442042413,0.0342279268767,0.00928102957555,0.00127365356623,0.0150200973133,0.00284311191522,0.0521559514588,0.0331436223636,0.0466722830666,0.0261945504805,0.0191960834836,0.0146837349398,-0.027810082419,0.0302321396437,0.0240700218818,-0.05342258146,-0.00439516531815,0.0410814870447,0.0210002763194,0.0370791075051,0.0292326431181,0.0136842105263,0.00660788076727,-0.00136213271064,0.0105263157895
0.118454588344,0.0232849273911,0.00237788566333,0.0134,0.00714554343738,0.0169200588524,0.00835907686716,-0.0287619841601,0.0278350515464,0.00687116564417,0.0382372002592,0.011992916935,0.0283478707029,-0.0168120338769,-0.0230055658627,0.00452488687783,-0.00995633187773,-0.0162393162393,0.0105403602402,0.00642118992676,-0.0100274130717,-0.0301759133965,-0.00610233140354,-0.0050718512257,0.00449982692973,-0.00387902468442,0.0157833203429,0.0375
0.0115635814346,-0.0352336677269,0.0171987743402,-0.0132228142885,-0.00746825989544,-0.0149505666747,-0.0228870066679,0.0169527896996,-0.0142928786359,-0.00658055081648,-0.0649188514357,-0.00294281396644,-0.0184607708619,0.0442273077912,-0.00607671857197,-0.00973387180284,0.0344036697248,-0.00282363162467,-0.00673356218643,0.0082743495165,0.0246301829046,0.0226035998326,0.0387279596977,-0.00747663551402,0.00344589937974,0.00928600257296,0.00249376558603,0.0112672913878
-0.0135280420914,0.0136951559726,-0.00660771547955,0.0052,0.010158013544,0.000367197062424,0.00793065289561,0.0162481536189,0.00674128720427,0.00147203140334,-0.0277036048064,-0.000957243139758,-0.00533739992375,0.0147746860379,0.0076423385556,0.00684931506849,-0.0569674228211,0.0102374210412,0.0333643493287,0.0170061301167,0.0157172320603,0.0182835311775,0.00484995453168,0.0154939222736,0.0263278388278,0.0118716981839,0.01607347876,0.015333701048
0.0198370762039,-0.00550412809607,-0.0133033356158,0.00119379228014,-0.00893854748603,-0.022023736694,-0.0150045745654,0.0205564784053,-0.0320909665193,-0.00269475747183,0.00514933058702,-0.0182848930054,-0.0226140283634,-0.0166221790827,-0.0125142207053,-0.028924546918,0.0191716404413,0.0500215610177,-0.0069462310265,-0.00748590316936,-0.00805209354432,-0.00187592121131,-0.00942684766214,-0.0304307510748,-0.0171759982155,-0.017012001025,-0.00762711864407,0.00793133420252
0.0157798029175,0.00930817610063,0.00446118766729,0.00337837837838,-0.00375798571965,0.00738145877643,0.0130039011704,0.012004069176,-0.0130531262237,-0.00319331859494,0.00717213114754,0.00341602277349,0.0350326797386,0.0280074028378,0.00956221198157,-0.00566844919786,0.00816326530612,0.00698151950719,0.0203367875648,-0.000881575080811,-0.00374108844498,0.0182574842261,0.00807004187286,0.00452095287776,0.00748978665456,0.0159636785089,-0.0129044501376,0.000970141209443
0.0236433808108,0.0166999002991,-0.0136202131859,0.0117845117845,0.0120709166352,-0.0019870839543,0.015037593985,0.00623240852433,0.015209628356,0.00689995071464,0.00746015598508,-0.00940261003485,0.0209648901238,0.0114018242919,0.0369356004412,-0.00134451973755,0.0197148389368,0.010603588907,0.00888663196648,0.000294117647059,0.00836049312739,0.011470006592,0.0263575258666,0.0160983209278,0.035030412255,0.0170329390051,-0.00259540517159,0.00915356450571
0.0433473522695,0.0117675900956,0.0158094856914,0.0102769893315,0.0227357435706,-0.00335988053758,0.0373983739837,-0.00959040959041,0.00325690463783,0.001223690651,-0.0121171322787,0.0176744947222,-0.00284512617516,0.0143586092322,0.0238444607483,0.00285421939792,0.000172622130157,0.000807102502018,0.00364917578961,-0.00637067529158,0.0210792580101,-0.000651720542231,0.0151582045622,0.0229131175468,0.0400478833388,0.00245462365984,0.0480917501928,0.0101376587344
-0.0160085378869,0.00557305548825,0.0137903861308,-0.00745979461345,-0.0225947521866,-0.00499438132101,-0.0095785440613,-0.00524510792818,-0.0216854953902,-0.00611097531166,0.00885860306644,0.0335289860899,-0.0212132489766,-0.0255030416472,0.0752418487997,-0.0207818709054,0.0022437003797,-0.0108870967742,-0.0220661985958,-0.00276188597356,-0.0137627305257,-0.0276509716969,-0.0392867497825,-0.0268132234158,-0.0125562414984,-0.0190112454269,-0.0178390804598,0.00845129938728
-0.0148590021692,0.0118072289157,0.0141857753595,0.0224499755979,-0.00521998508576,-0.00213326640733,0.0232108317215,0.00851754208071,0.0059729227502,0.0263157894737,-0.00540357987166,0.0345417768788,0.0220532319392,-0.00648259303721,0.00733088970343,-0.00115163147793,0.00740485620802,0.0069302894415,0.0447435897436,0.0080118694362,0.00537259279933,0.0120724346076,-0.0127508676626,0.00222469410456,0.0120801102045,-0.00190875678884,0.0184439659208,-0.00534255185418
0.0231201144996,-0.00690640628721,-0.0354474037172,-0.00124105011933,-0.0149925037481,-0.0116951710262,-0.00979549750816,-0.0160868690931,-0.00949993402824,0.0150970524802,0.00780984719864,-0.0182734245751,0.00396825396825,0.0360077332044,0.0221634138273,-0.00477654551444,-0.0111111111111,0.00607287449393,0.00319057553074,-0.0114807182808,-0.005899090846,0.0278330019881,-0.0276652655713,-0.0143430376505,-0.00670086901895,-0.0373639442351,-0.00101121529693,-0.00926803580832
0.0326912730012,0.00695443645084,0.0195669447755,0.0176830433951,0.0178843226788,0.0203588242779,-0.0164873307879,0.0167586347844,0.0133209004929,-0.00519357884797,0.0272911051213,-0.000612792033704,0.00568181818182,0.0099136925589,0.0042071197411,0.0373476030231,0.0115816767502,0.015291750503,0.00574923547401,-0.00565812983919,0.0116587545378,0.0141843971631,0.0146191935864,-0.00303161541793,0.00558659217877,0.00305636254251,0.0137112358517,0.00510258318274
0.0050225075025,0.00357227911407,0.00029225523624,-0.0102376256222,-0.00336448598131,0.0140915326101,-0.00670548791248,0.0156783919598,0.00630997765216,0.00569530137636,-0.00819940964251,-0.00927416264275,-0.024072709408,0.00196327520499,0.0148243635192,0.00967879174644,-0.00580997949419,0.00832342449465,0.0249331063002,0.00299490865529,0.000621075150093,-0.00890019071837,0.00333100937331,-0.00191138140747,-0.00901467505241,-0.00959820641035,-0.000635439360929,0.0106821787414
-0.026034214619,0.0639534883721,0.00389559797429,-0.039001708104,-0.0255063765941,-0.0127889818003,0.0346420323326,0.00336433801702,0.00287393860222,0.000471920717319,0.00363756613757,0.0157047810614,0.00314623710043,-0.0117565698479,0.081613210543,0.00521436848204,-0.00309384668271,0.0161163522013,0.00937462916815,-0.0290634020106,-0.0048275862069,-0.0144964720975,-0.00941939468808,-0.0165389972145,-0.0175587053099,0.00815293513761,0.00127168680171,-0.00313938886563
0.054088291338,-0.0192929630869,0.0125145518044,0.00829465784536,-0.0150115473441,-0.0127055306428,0.0163118131868,0.0173570019724,-0.013807476879,-0.0405660377358,-0.00823723228995,0.0148526163455,0.0170618492034,0.0164450664801,0.00499119201409,0.0258318050825,-0.00051724137931,0.0027079303675,0.00811192099694,-0.0181445412609,0.00852390852391,0.0205675605311,-0.040841777085,-0.0353159851301,-0.0109819121447,-0.00335686889259,-0.0551573981675,-0.035481839177
-0.0346394667744,-0.0136456675006,-0.0406247005845,-0.0190970521986,-0.0125048847206,-0.000504668180671,-0.0429126541646,-0.0265606824351,-0.0286619997358,-0.031465093412,-0.0448504983389,-0.0380516361453,-0.0128284198841,0.00103270223752,-0.00525854513585,-0.031361732557,-0.0156977747111,-0.0291280864198,-0.040583090379,-0.0153476717478,-0.0328454614169,-0.0158163265306,-0.0254347472778,-0.0361501055143,-0.0536686261703,-0.0105638228952,-0.0224675948152,-0.0215498476273
0.0041845381316,-0.00391976020291,-0.0139818236293,0.00998402555911,0.0205777601899,0.0285281494572,-0.00582524271845,-0.0306711810396,0.0111503943432,0.00431472081218,-0.0173913043478,-0.00358898338145,0.0356116456329,0.00298028427327,-0.0302496328928,-0.0114427336005,-0.00701016473887,0.00258295251341,-0.0291722377537,-0.00827059696745,-0.00120781527531,-0.00129600829445,0.00725423163512,0.00637791527844,0.000230070171402,0.00618933837602,0.0264217660348,0.00845383759733
0.0330242733618,0.044212962963,0.00800162058138,0.0152234084618,0.0108569212873,0.0117820324006,0.0161576704545,0.00226011916992,0.00174825174825,0.0449835734142,0.0208849557522,-0.0110406389476,0.0085666023166,0.0282285714286,0.042095699576,0.0100816130581,0.0310624779386,-0.0237812128419,0.030925253537,0.00769806479205,0.0251813913786,0.0193355826629,0.0346026490066,0.022417707151,0.00241518113859,0.0129176588281,0.0237320574163,0.0257004191485
0.0240016135539,0.00133008202172,-0.00773713826367,0.00516066212269,0.00498657460683,0.0133430373605,0.0368687751179,0.00758507585076,0.0161095449054,0.00145102781137,0.00242718446602,0.0121931908155,0.091039598038,0.00455707458042,0.0116245277536,0.00950570342205,0.0224238274564,0.00284206252538,0.0230750546514,0.00201591511936,0.00402442409104,0.0185868873329,0.0268042886862,0.0160051808678,0.0278797613584,0.00424937553836,0.00925406618059,0.0139799978492
0.00945440220603,0.00575603276511,0.00718987341772,0.00484355323065,-0.00839694656489,-0.00514723485755,0.00185372430064,0.0136317395727,-0.00251023913331,0.00748611446511,0.0166032514701,0.0125938673342,0.0252192982456,-0.0055321973888,0.00316001149095,0.00596359070935,0.00636196216307,0.0117408906883,0.0289648622982,-0.00762388818297,-0.00483759502419,-0.0182477190351,-0.0119223875945,-0.0167546894919,-0.000446478401607,-0.000604712300166,0.0101880151894,0.00445434298441
-0.0403902439024,0.0228923618754,-0.0169917554796,0.00308493203509,0.00384911470362,0.00252677174829,0.00740117746005,-0.00582095543958,0.013642384106,0.00143815915628,0.000340251786322,-0.0250289687138,-0.0286631016043,0.00756564307966,0.0117411225659,-0.011232449298,0.0156379970055,-0.0016006402561,0.0141901245962,-0.013017498933,0.00618055555556,0.049013367282,0.00930599369085,0.00574180403778,-0.00692350642099,-0.0113436239089,-0.0106353717796,-0.0152043078872
0.0332452216348,-0.00494942973962,-0.0151375677611,0.00643921191735,-0.00613496932515,0.00660105616899,0.000834863917181,-0.0195840904502,-0.0094080752646,-0.00670177118238,0.0176870748299,-0.0156089057919,-0.0158555384277,-0.00530035335689,-0.0223606000566,0.00878300199853,-0.0250614250614,0.00440881763527,-0.0213855079058,0.0104864864865,-0.00282973290082,-0.00958737864078,-0.0130489138928,-0.00257826887661,-0.0174294388845,-0.000918031097095,-0.0282642943193,0.0030020370966
-0.00560858014366,0.0177335640138,0.00259632360577,0.0301757066463,0.00617283950617,0.0112078216287,0.0161828495162,0.0333607907743,0.00659543595832,0.0173493975904,0.00868983957219,-0.00603670315518,0.0280823450436,-0.00876998223801,0.00492182976259,0.00677754027423,0.0178091397849,-0.00359138068635,0.0202255027316,0.0049213651439,0.00851328903654,-0.0110280602867,0.0182091679202,-0.0170790251108,0.0184252689403,0.0947923988109,-0.0377646385657,0.0112239444148
-0.00940035622403,-0.0131746706332,-0.0218562253988,-0.0124212087505,-0.0253067484663,-0.00436269307865,-0.00952224593663,-0.0085691510562,-0.00301402175337,0.00071056371388,-0.0135851557323,-0.0238075957567,0.0107737512243,-0.00515175271587,0.00547392682224,-0.0179690331935,-0.019313304721,0.00600720865038,-0.014355702404,0.0243798573406,-0.024157573262,0.104200223021,0.00124407122308,-0.0130553207476,-0.0116867063715,0.00783359788905,-0.0106045589693,-0.00877378435518
-0.00489461592249,-0.00753660637382,0.000953086942709,-0.0157687253614,-0.00786782061369,-0.0103031738513,-0.00248632521134,0.00663316582915,0.0166929547844,0.0319526627219,-0.0201545179711,-0.0204064703443,0.00409130060293,-0.00303951367781,-0.0226361031519,-0.00316388947479,0.00286147113281,-0.00437898089172,-0.0164142873656,-0.0247349823322,-0.0130107602504,0.00112208258528,-0.0194921177293,-0.00818424057861,-0.0104604889142,-0.0262314338896,-0.0183311629771,0.00991788418471
0.00190724754065,-0.0529399001953,-0.0389335590351,-0.0547396528705,-0.0503568596352,-0.00239320330262,-0.0335659687604,-0.0341453674121,0.0027149321267,0.0107798165138,-0.0239972574563,-0.0513167922771,-0.0285224104654,-0.0525067750678,-0.0773966578716,-0.0292001692763,-0.057737495804,-0.0831667333067,-0.013397579034,-0.0331415174766,-0.0530141085934,-0.0429275947097,-0.0460161571361,-0.0471118787181,-0.0488337354935,-0.0634261176428,-0.0644897959184,-0.0124604012672
-0.000500951808436,0.0098510882016,0.0102377807133,0.000807102502018,0.0450939457203,0.00971572508096,-0.0263067400275,0.00227413686169,-0.0312016503352,-0.0176991150442,-0.0189673340358,-0.00482013746318,0.0137969094923,0.0191872244071,0.00349539243724,-0.0785745422842,-0.0372283576772,0,0.054675402025,0.00947867298578,0.0353649360421,0.0411055158684,0.0320464923205,0.0218507703152,0.0148586615124,0.0319583351356,0.0256326352531,-0.00342172797263
0.0536287089014,0.0415154264973,0.0211398060368,0.0490927419355,0.0195765081902,0.0210263720599,0.035493554653,0.0193894389439,0.0192973116849,-0.0584430584431,0.0393841747225,0.0316620324693,0.0394120849211,0.0342609915809,0.051298290057,-0.042755765819,0.0444033302498,0.0361971216747,0.0405466455839,0.00458565345562,0.0869186046512,0.0308211473566,-0.0176172472046,0.0267047694127,0.0311867634805,0.00103233938972,0.0479634159311,0.0608369098712
0.0408143849301,0.033326072751,0.0165403905666,0.0325742288844,0.00705329153605,0.0166375799884,0.0381991814461,0.0196276811008,-0.00404752578666,0.0257605495584,0.0399586634516,0.0153016866632,0.00649418665549,0.0368569813454,0.0334337349398,0.015382714524,0.0437555358725,0.0345117845118,0.0296320416802,0.0173894141941,0.0250066862798,0.0197512003492,0.0320176875205,0.0202514636721,0.0487129170033,0.0147309458418,0.0170489141465,0.0109234348134
-0.00521023765996,0.0305649241147,0.0107075372664,0.0126558719524,0.0299610894942,0.0236896314946,0.017247043364,0.0065489184362,0.0414263240692,0.013872279359,0.000331235508446,0.00976194553862,0.0215423040899,-0.0210445970996,-0.0306033226465,-0.00529325870041,-0.00186693822132,0.0231895850285,-0.0011596036264,0.0160239290674,0.0284409654273,0.0161583734617,-0.0110291200508,0.0253998118532,0.0170610897083,0.0268594536107,0.0198563161046,0.0304152076038
0.0474133970413,0.0116588259358,-0.0121520565019,-0.00477853335784,0.00528900642236,-0.017998882057,-0.0250282577103,0.0134069400631,0.0519889224572,0.0125029488087,0.00397350993377,-0.0184023066486,-0.00132436837816,0.00701715304077,0.0294648226097,0.00409810997615,0.0110525420847,0.0522862823062,0.0181530343008,0.0090421617075,0.00653304579475,0.0115838247683,0.0303273427471,-0.0149541284404,-0.0245670995671,-0.00367610398463,-0.00498972703258,-0.00233032333236
0.0406614615317,-0.0378083299636,0.00641362632741,-0.0131117266851,0.0146561443067,0.0030737704918,0.00960582974495,-0.0369649805447,0.021897810219,0.0314538676608,-0.0032981530343,0.0158963282937,0.00377435478935,0.00188032297312,0.058703271028,-0.0122441520468,-0.00353178607467,0.0213489514453,0.0044573442521,0.0125039074711,0.007498897221,0.0196752029981,0.0482012147641,0.0132252957064,0.0100965272384,0.0238394352269,0.0418879056047,0.0101216545012
-0.0299683877766,0.0216432023534,-0.0352068533222,0.0107597305389,-0.0362962962963,0.0223584156168,-0.0157480314961,0.0107070707071,0.0096018735363,0.00632482493788,0.0344142951688,-0.0498341695722,0.00487804878049,0.0234047251049,0.0253793103448,-0.00376194881283,0.0214345991561,0.0207177210507,0.0222910216718,-0.0143048265926,-0.0107580685514,-0.00265441551812,-0.016492088255,0.00827281919294,0.0120826010545,-0.0148293833054,-0.0656851642129,0.00626264572695
-0.0232032675763,-0.0190250925545,-0.00703844071467,0.00453577709895,-0.0126825518832,0.00754884547069,0.0445,-0.0225864481311,-0.0230804917653,-0.0316498316498,0.0227127319258,-0.0441242280498,0.015675566343,0.0118662351672,0.000807102502018,0.00198093351492,0.0224719101124,-0.0130482058717,0.0086816071068,-0.0330966798914,0.0175139099646,0.000307093868359,-0.0159377596495,0.0306317804722,0.0154113305839,0.0225093005071,-0.0378787878788,0.0134048257373
-0.0371441281139,-0.0214907222979,-0.0523446019629,-0.0420199041651,-0.0428182172051,-0.0171881886294,-0.0560076591671,-0.0711656441718,-0.00344295381693,-0.0595734816875,-0.0347200500469,-0.0556179775281,-0.00378372996117,-0.0309168443497,-0.0344086021505,-0.0543679723218,-0.0796703296703,-0.0201983106867,-0.0165132105685,-0.0448115754238,-0.0253526377928,-0.0234343020876,-0.0629413570771,-0.0100840336134,-0.037622915776,-0.046918519012,-0.0577427821522,-0.0259826152683
0.0435666435666,0.0280694236126,0.0739930955121,0.0267410542516,0.0455469703131,0.0381165919283,0.0469912102772,0.0460149713782,0.0290683821777,0.0438747843234,0.0398574206092,0.11074757089,0.0344827586207,0.036303630363,0.0359131403118,0.0547497713315,0.0352941176471,0.0577211394303,0.048539737458,0.0613836762378,0.0664328976729,0.00523944252332,0.0502948885976,0.0467339826646,0.0397601066193,0.0703045573425,0.028635097493,0.0312348433408
0.00858863113157,-0.0110462692789,-0.00278581377906,-0.013209668353,-0.000388953714508,0.000431965442765,0.0164675492412,0.000841928015155,0.00300995600834,0.0120425029516,-0.0218136491119,0.0115147728287,0.00995169082126,0.0138004246285,-0.000806234883096,-0.00576065411298,-0.0208616010855,0.00850460666194,-0.00689052795031,0.0122483757589,-0.00334788067197,0.0142812467424,0.0317423178911,-0.00239030220249,0.00694296090579,0.00930711344597,0.0150563258232,0.00602012980905
-0.0672460714599,-0.0237091675448,-0.0298699903299,-0.0146207158454,-0.0428015564202,-0.0283894645941,-0.0382782719187,-0.0206098843323,-0.0114265927978,-0.0167988800747,-0.00732717425932,-0.046240734204,-0.0312828852961,-0.0326701570681,-0.0330823023131,-0.00623014142421,0.00536982504764,-0.049191848208,-0.0313690999707,-0.0295664983165,-0.0380900965749,-0.0390544707091,-0.0244916471389,-0.032004107479,-0.0393550440225,-0.0415612185326,-0.0712837477324,-0.0259934548855
0.0282352941176,0.00593631948192,0.000443016945398,0.00761152326814,-0.0252032520325,-0.000999888901233,-0.0284062758051,0.0109512561735,0.051021599533,0.0118652112008,0.0516688061617,-0.020355292376,0.0312067943907,0.0225156960381,0.0180806675939,-0.0192464422293,0.0733976567884,0.0365853658537,0.034604519774,0.00845711807438,0.00236966824645,0.0252406417112,0.0141030608291,0.0117574257426,-0.0117049469965,0.0375071002817,-0.00160864069861,0.00988768359412
-0.0298398169336,-0.00772532188841,0.00874571017381,-0.00516351118761,-0.0162635529608,0.0147909252669,-0.0492945775965,0.0193288020391,-0.0361030882026,-0.00257973733583,0.000915471467806,-0.0071779372875,-0.00287301283279,0.0076222739784,-0.00409836065574,0.00447455893633,0.0117174959872,-0.0131907308378,0.0313993174061,-0.0163423287819,0.00783874580067,-0.029939495097,-0.000687705356461,0.0148536478812,-0.0386592178771,-0.00215033988102,-0.0348716768328,0.0127376425856
0.0670818001698,0.0166522491349,0.00702370500439,-0.017108804306,0.0423908435778,-0.018301369863,0.0150187734668,-0.021462804751,0.0214359801775,0.0110510228074,0,0.0357686453577,0.0215136381099,-0.00220634587098,-0.017695473251,-0.00496372661321,-0.00333174678724,0.0104768786127,0.0552141438971,-0.00896272816701,0.0138271604938,0.036132917518,0.0251567517969,0.0223848471804,-0.0318456531846,-0.00188418433533,0.0258764607679,0.00497465740567
0.0488947833775,-0.121888959796,-0.0237576285963,-0.0139839624487,-0.0154534363562,-0.0497878990846,-0.0228994187071,0.000425894378194,-0.0329459550942,-0.0327906976744,-0.0350609756098,-0.0259000734754,-0.0181459195186,-0.0320101084553,-0.0601871247033,-0.0108723458685,-0.0308818847501,-0.0407579549517,-0.038706209121,0.0202933715672,0.0010959571359,-0.0459782044629,0.0909226523458,-0.0182736842105,-0.0140456182473,-0.0337350287493,-0.0603277926305,-0.0232558139535
0.00918823231897,0.0261627906977,0.0221031480241,-0.0104135673907,0.0177612556795,-0.000822368421053,0.0423652424734,0.0449127288208,0.00233345000583,-0.00865592690551,0.0448657187994,0.0412030925891,0.0374413482716,0.106602849995,-0.021396731055,0.00704771757403,-0.0418856767411,0.0108087961237,-0.0074564265076,0.00227002486218,0.00255443376718,-0.0081592689295,0.00902502392999,0.0235031737862,0.0347010836479,0.0573951954089,0.0473775358733,0.0113788487282
0.0614767791514,0.0356468366383,0.0197684578419,-0.00160352776107,0.0206980519481,0.00999412110523,0.0319958491871,0.00448156447342,-0.00116400884647,0.0184331797235,0.0474750529181,0.0212804491533,0.0327672143253,0.0239850584882,0.0434254479198,0.0298555377207,0.00822904165952,0.0851769911504,0.0277021316556,0.0316005176877,0.00667313758796,0.00954261270155,0.0145683696978,0.0161749916192,-0.0811955754295,0.00607387635373,0.00543285697413,0.0210834830292
0.0465848284545,0.00638249373148,-0.0466959408804,0.00562136117246,0.000795228628231,-0.00593713620489,-0.00536282889224,-0.0109511255323,-0.0141009206386,-0.00333412717314,-0.00721709006928,-0.0436247561624,0.00348556618107,0.00787174810406,-0.0174621653085,0.0156483790524,-0.00867199455875,0.0067957866123,0.0635964912281,-0.0140094093048,0.0172954079788,0.0322685788787,0.0334602284111,0.0203711340206,0.0284323770492,0.0168030300727,-0.0192646540585,-0.00851851851852
-0.0293984962406,-0.00611551528879,-0.0108976519492,0.030345378319,0.0373460468812,0.000234219463637,0.0407750631845,0.0143530859135,-0.00756501182033,0.0322580645161,0.0110497237569,-0.0181717040608,0.0342002137513,0.00857224497571,0.00888625592417,-0.0149162114051,0.00480274442539,0.018899763753,-0.0171821305842,0.0603329445446,0.0100112552574,0.0393642774445,-0.00607470595838,-0.00428386679599,0.0215442092154,0.0132977458384,-0.00586896634327,0.00765782592454
-0.0151057401813,-0.0234731084777,-0.032712403453,-0.0248013950785,-0.01800076599,-0.0271630956562,-0.00437105390966,-0.0250656963816,-0.012863268223,-0.0418981481481,-0.0212827149842,-0.0184135977337,-0.00749224939718,-0.00594957030881,-0.0393423370523,0.00180707876371,-0.0225332878115,-0.0274925472011,0.00437062937063,-0.0229,-0.0242228739003,-0.0133670886076,0.00617685305592,-0.0116892604919,-0.0185298061685,0.00101928049526,-0.0263855421687,-0.0109360518999
-0.0172251061822,-0.0301050175029,-0.00469704086426,0.00397377309756,-0.00741029641186,0.00565651702973,0.00569105691057,0.0215633423181,0.00494691119691,-0.0265764677458,0.0120481927711,-0.00788840788841,0.0108459869848,0.020045601368,-0.0577628361858,-0.0229520432917,-0.00244498777506,-0.0361035422343,0.0315056570931,-0.00573124552246,-0.000961711847088,-0.0101611413322,-0.00697899838449,-0.0137987679671,0.0122966091169,-0.0190920491329,-0.0103947531246,0.0207083958021
0.018087234894,0.0311597690087,0.0079046720151,0.0189986146843,0.000785854616896,0.015557683102,-0.0114793856103,0.00750964075502,0.00024012486493,0.00819061801936,0.0177119628339,0.0270532337826,-0.00369098712446,0.00791655024681,0.0120012974376,0.0480646804176,0.0281862745098,0.00371024734982,0.00438744515694,0.01513124035,-0.000481318813549,0.0520530900041,-0.00559640788703,-0.0115765803281,0.00858895705521,-0.0343844159676,0.0140052519695,0.00633434315616
-0.00660325446113,-0.0442188776105,0.00234109797495,-0.0138861914935,-0.0137416568512,-0.0252180061277,-0.00294406280667,-0.0104754230459,-0.00936262153403,-0.00270802560315,-0.00142653352354,0.00925226586103,-0.0124063065392,-0.019404915912,0.00833333333333,-0.011905485027,-0.006640558488,-0.0265798274952,0.0164650537634,-0.00750354897587,-0.000481550592909,-0.00561797752809,-0.000719848177475,0.00126390293225,-0.0504866180049,-0.0247241710988,0.00345295350845,0.00018244845831
0.00775500514363,0.0142822265625,-0.00583907509051,-0.0235352043328,0.00238853503185,0.00386847195358,-0.00803805774278,0.0103827361564,-0.0186598812553,0.0162922735127,-0.0148571428571,0.000187090739008,0.00279159033412,-0.00461741424802,-0.0133502860776,-0.00387287145755,-0.0198834418924,-0.0155515370705,-0.0272727272727,-0.016346546792,-0.00343270099368,-0.0114976707305,-0.0115913555992,-0.00816292182109,0.0202434336963,-0.00799151825794,0.00147474499201,-0.0137723458592
-0.00392618767177,0.00517511132507,0.00246681545871,0.0140177490924,0.0972994440032,0.00469653179191,0.026459401356,-0.0118879709853,-0.00864304235091,-0.0114160796697,0.0176914153132,-0.00392817059484,-0.00443671161375,0.00833096658146,0.0222293814433,0.00209824734633,-0.00786988457503,0.0279206465834,0.0141886151232,0.0120481927711,0.00217548948513,-0.00461245362479,0.0153051083284,-0.00381808925844,-0.00452090920507,-0.00055557911081,0.00797643882685,-0.0024045130861
0.00591249507292,0.0274185823755,0.0222638856339,-0.00338140228742,-0.0220774520449,-0.00671221383195,0.0188496858386,0.00693311582382,-0.0267779300037,-0.000982800982801,-0.00227985180963,0.0355868544601,-0.0138063614121,0.0160548305323,0.0315159155373,0.0232787289075,0.01551207474,0.0178699070765,-0.00661807824411,-0.0129310344828,-0.00801977809937,0.00725294650952,-0.00371965544244,-0.00766544587343,-0.0257348303267,0.012229534912,0.0299488677867,-0.0160378233058
0.0395768025078,0.119449947559,-0.00263640531866,0.00369224628281,-0.00518134715026,-0.0273923011946,-0.0142314990512,0.0141757796679,0.0157409777323,0.00418101328087,-0.0119965724079,-0.00534953304923,-0.0130249867092,0.0179264461283,-0.00702719217843,0.0275036109774,-0.00885262975178,0.0143960674157,-0.01973351324,0.002703264712,-0.0396936356452,0.00950095009501,-0.031898866837,-0.0066088747747,0.00336656739609,0.0270452676562,0.00862884160757,-0.0264744676842
-0.0297776102525,0.00437226733292,0.0241351568785,-0.00228673692583,0.0145089285714,-0.0031017369727,0.0381777350016,0.00878594249201,-0.0023938515812,0.00318393338232,-0.00780572419775,-0.01257976299,-0.0119400305234,0.00789760348584,0.0286153846154,0.0189773326305,0.061996497373,0.00969193492558,-0.0144528561597,-0.00321443384488,0.0065831117863,-0.00108975629087,-0.0255751014885,0.00613443926041,0.0101948638534,-0.0104268537215,0.0230868393297,-0.0112261685861
-0.0184926184926,-0.0180348258706,-0.0261474581977,0.00677628300947,-0.012834616795,-0.00099564405725,0.0112793572311,-0.0142517814727,-0.0136398080323,-0.00048828125,-0.0104895104895,-0.00886262924668,0.0167181537343,-0.021885976763,-0.0221358061621,-0.0163821348508,-0.0105540897098,0.00137127185465,0.00183310055866,0.0143555601789,0.00553389510753,0.0194386591292,0.012984307735,0.0107342206956,0.0181400102197,0.0185068005204,0.0168384879725,0.000489380444357
0.030636478784,0.0135106607558,0.000806637474072,0.0236563397011,0.0144873699851,0.00585523856983,0.014820473644,-0.00401606425703,0.0233034571063,0.00928187591597,0.000588928150765,-0.00661326378539,0.0217158176944,0.0159300184162,0.0220250841236,0.0113370733988,0.000166666666667,0.0188291680931,0.0438267840028,0.00523023279664,0.018574108818,0.019068002724,0.00562067310988,0.00688190314359,0.00589711417817,-0.0717508760663,-0.00540723217303,0.0092936802974
0.0180505415162,-0.0231201832951,-0.00379965457686,-0.0200154708954,0.0135481508605,-0.00978449343572,0.000752785305631,0.000201612903226,-0.0508008008008,-0.00266214908035,0.0088287227781,-0.0165025785279,-0.0189801451937,-0.000634460255597,0.00119724633343,-0.00485380792789,-0.0104982502916,-0.0168010752688,-0.00175292153589,0.00989593960416,-0.0116043470252,-0.00305489260143,-0.0129507191057,0.000928191713779,0.0134713733317,0.0114306856757,0.00385094574697,-0.00426480566056
-0.0151275086766,0.00703624733475,-0.0160656495608,-0.0129255056734,-0.014450867052,-0.0137585991245,-0.00586730856025,-0.0078613182826,-0.0148958607962,-0.00655180781364,0.00816802800467,-0.0215463819239,-0.00436875891583,0.0063486305097,0.0136023916293,-0.0118453141331,0.023071741327,-0.00273410799727,0.00225771385567,-0.0279826245075,-0.0124239035905,-0.0255673656995,-0.0245839375734,-0.0136570561457,-0.0219076923077,0.0120063585818,-0.0349768701343,-0.0167429183296
-0.0209522350327,-0.03175947491,-0.00328908727828,-0.0207916833267,-0.00146627565982,-0.0144578313253,0.0122578692494,-0.0361641609102,-0.0283687943262,-0.019052271617,-0.0167824074074,-0.0215336646205,-0.0155816244291,-0.0150504686373,-0.0768323256157,-0.0284404747914,-0.0309465020576,-0.0310143934202,-0.0246120473886,-0.00935356474745,-0.0150333375267,-0.00314465408805,-0.0043185840708,-0.00700854700855,-0.00830502076255,-0.0311277185692,0.00724891850813,-0.032175032175
-0.00688575899844,-0.00557620817844,-0.0133176193282,-0.00479787668436,-0.0011013215859,0.00527602625145,0.016444909553,-0.00927487352445,-0.00936510122573,-0.0141932270916,0.00176574455562,-0.0112527384983,0.000727735831893,0.00814347149785,0.00287539936102,0.00556429176243,-0.0297265160523,0.00725022104332,0.0177059276366,-0.0107007973143,-0.00459799476339,0.0188288643533,0.0117320819113,-0.0135135135135,0.00558304783657,-0.00518679278763,0.0113755078352,0.0105360065466
0.00543649543019,0.016602528862,0.0173196368849,0.0266694019899,0.0077177508269,0.0298259088582,0.0142668039418,0.0112765957447,0.0119560683998,0.0224804243496,0.00793184488837,0.0100715077047,0.0278156531224,0.0304047921583,0.0277158330679,0.00884157343919,0.0299369747899,0.0161516853933,0.0106740628677,0.0272534464475,0.0244434464618,0.0332849540397,0.0239651416122,0.00584591222406,0.0252365930599,0.0136139047819,0.0130838976242,0.0126531025407
-0.0241360394953,-0.040233614536,-0.0275918750734,-0.0240783295034,-0.0284463894967,-0.0264760720945,-0.0255220417633,-0.0159899011151,-0.0188212666575,-0.0266798418972,-0.020985135529,-0.0358959018845,-0.0223755195896,-0.0042279573681,-0.0579665220087,-0.0283789423478,-0.0261771205167,-0.0483759502419,0.00781704781705,-0.014762052235,-0.0358842685371,0.0082404719543,-0.0478380233356,-0.0325294934074,-0.0424615384615,-0.0907280594757,-0.0336467656055,-0.0389844062375
0.0118043844857,0.00045075501465,-0.00350156966916,0.00532350532351,-0.0123873873874,0.02208886619,0.00193452380952,0.00577293136626,0.0155418650238,0.000507614213198,-0.0101220601369,-0.01985727583,0.00705626922381,0.0234409553295,-0.0115169463639,0.0107995336565,0.00453831384186,-0.0116194625999,0.00800396072283,0.00220033528919,0.00734004546931,0.0201541747934,0.0129027607583,-0.0194566484354,-0.00269922879177,-0.00753282585178,-0.0252051582649,0.0291241938839
-0.00269841269841,0.0259067357513,-0.00133284866109,0.0210794297352,0.00608133789434,0.0232354778264,0.0112876875093,0.00340136054422,0.0186129877292,0.0314561136479,0.0472180451128,-0.00179381660863,0.0321595400647,0.0203111495246,-0.0103195739015,0.02822800947,0.00556038227628,0.0209404849375,0.00237393582187,0.0290642969158,0.00896311581119,0.0233976693372,0.0434101907202,0.0202999268471,0.0121149632685,-0.00816666666667,0.00589296452195,0.034263189812
0.0510106636957,0.030303030303,-0.00800776510556,0.00099730727037,0.0253116735927,0.00341838603345,0.0171831399618,0.0190677966102,-0.010557661072,0.0177078209543,0.0120620333142,-0.0175475687104,-0.0129677980853,0.0129606099111,-0.021190716448,0.0226709174637,0.0195265249698,0.00863620007197,0.00163331972234,-0.00954993396322,0.00415415095545,0.00640512409928,0.000682035193016,-0.00985839756229,0.00980516999873,0.00100823391027,-0.016618842659,0.00273624548031
-0.0704172029984,-0.0334612105712,-0.0305772994129,-0.0208229550663,-0.0438467207074,-0.0270105852293,-0.0180479353162,-0.0471933471933,-0.0235294117647,-0.0202996616723,-0.0255391600454,-0.0408865935012,-0.00299797196014,-0.0111222612477,-0.0257731958763,-0.0816880267867,-0.0340677966102,0.00642169104531,-0.0388911536894,-0.0148733203405,-0.0535259674134,-0.0123751436401,-0.0387813522356,-0.105086893555,-0.0552332912989,-0.0476750041967,-0.0842553191489,0.0290420037033
-0.0352692025739,0.0321940463065,-0.0151400454201,0.0177045177045,-0.00308285163776,-0.0446417406527,0.00764593442141,0.0248745363299,0.0112076211824,0.0246669955599,0.0527082119977,-0.0397128113081,0.0337843813567,0.0242706131078,0.0246913580247,-0.00226315458603,0.0361466924022,0.00531726338178,0.0255344418052,0.0351936693045,0.00948154125479,0.0277454578001,0.0188612351982,0.00556286032163,0.0141484249867,-0.0253833950291,0.0257567711099,0.0127853016384
0.0108071597433,0.0111087374493,0.00883935434281,-0.00229954009198,0.0143022806339,-0.000261780104712,0.0052531737925,0.0055354481584,-0.00969797727902,0.00337024554646,-0.0218533886584,0.00338785046729,0.00607408674822,-0.0835535006605,0.0203098106713,-0.0123495683952,-0.0108382726503,0.00811001410437,0.0131524526429,-0.000301750150875,0.00746069810818,0.0046155185927,0.0151019555989,0.00130758398713,0.0694919715715,-0.0162778079219,0.0375355940979,-0.010473162521
-0.0213832275309,-0.000211282484682,0.000253968253968,0.000801683535424,-0.00114329268293,-0.0111285676879,-0.011903033822,0.00614016514927,0.00601566871852,-0.00791746641075,0.0039592760181,-0.0309698451508,0.0178571428571,-0.0175675675676,-0.0188933873144,-0.00280701754386,0.0222564629344,0.00821965722281,0.0109405617244,0.0127779454674,-0.0132240148109,-0.00329403606103,-0.00973536267654,-0.00190858864892,-0.00319960620231,-0.00220628792057,-0.0202095808383,0.0178605178605
-0.119836121543,-0.119188503804,-0.127586644662,-0.0705917693001,-0.0892789011828,-0.0846021448431,-0.114881739386,-0.0585016835017,-0.110693922959,-0.0718258766626,-0.0949295774648,-0.133485522047,-0.0598162071846,-0.125538743696,-0.0973177441541,-0.0821444565287,-0.0957963490203,-0.126105810928,-0.10814084962,-0.0773892310749,-0.0714285714286,-0.096625500087,-0.119426751592,-0.0854468599034,-0.0783950617284,-0.0790491984522,-0.0728291316527,-0.082907808003
0.0934833204034,0.0441458733205,0.0948777648428,0.012497306615,0.0397989107667,0.0221290135956,0.0639004149378,0.0283862315601,0.0121970289289,0.0244919228765,0.00280112044818,0.122989462008,0.0348320597121,0.0683724832215,0.0872380952381,0.0308078343905,-0.00259307279126,0.0273918221516,0.0477225391651,0.0231506406805,0.025689132631,0.0758640608453,0.0274392640931,0.00814350170573,0.0277294038848,0.0304121648659,0.0497116176874,0.00779510022272
-0.0309506917347,-0.0209099264706,-0.0369484316853,-0.0284103000638,-0.0330378726833,-0.027027027027,-0.0405616224649,-0.0258639426212,-0.012976981307,-0.0203458799593,-0.0263811297331,-0.0533399185085,-0.0175167439464,-0.00893207695328,-0.000700770847933,-0.0283318682805,-0.0419684308264,-0.0139103554869,-0.028867761452,-0.0017890970322,-0.0161812297735,-0.0184340044743,-0.00704009794919,-0.0101517301605,-0.0344108446298,-0.0563106796117,-0.0436944008373,-0.0179809141135
0.055275922028,0.0100915278104,0.00041402152912,0.0220129230095,0.0320833333333,-0.0101803374055,0.0143089430894,0.0185185185185,0.00610424166536,-0.0109034267913,0.0427159706726,-0.01173862006,0.00270931655305,0.0282262058037,0.0305049088359,0.0135699373695,0.0145377011049,0.00705329153605,0.0484158063368,0.0223510806537,0.00693649885584,0.0200565229283,0.0359895191122,0.0126819585355,0.0143088552916,-0.0127572016461,-0.00451436388509,0.0155482815057
-0.000867227473766,0.0248605947955,0.012415505587,-0.00203600514359,0.0129188534518,0.038054657655,-0.0149086245592,-0.0186199342826,-0.00871188550093,0.0286089238845,-0.0088657902782,0.0306189784875,0.0161248147825,-0.00394914274706,-0.0078257910854,0.00569859251631,-0.025983951089,-0.00622568093385,0.0521222410866,0.00959059502939,-0.00546836162204,0.041737420681,0.0118277170274,-0.00304911249047,0.0212935853074,0.0054189245519,-0.00838257523705,0.0124899274778
-0.0240430518184,-0.0185898889141,-0.0107644093201,-0.0188983141845,-0.0310880829016,0.0158527954706,-0.0239218877136,-0.0236607142857,-0.000941619585687,0.00867568257208,-0.0493522516965,-0.0297093097708,-0.0212729456167,-0.0475776037134,-0.0137174211248,-0.0270344074276,-0.0502157708905,0.00469851213782,-0.0906890430854,-0.0198161389173,-0.0118537560697,0.0478723404255,-0.0580061755624,-0.0515565264883,-0.0443054469638,-0.0190713101161,-0.115992239468,-0.0143255073617
-0.0147634293846,0.0771540771541,0.0579889807163,0.0371018934005,0.103249691485,0.020203427616,0.0340113371124,0.00594421582076,0.0347156770342,0.0374399190488,0.0863075924724,0.109014121684,0.0446976336547,0.0544217687075,0.0851877607789,0.0457479651979,0.0580338703015,0.0463756819953,0.0616681455191,0.0542934556065,0.0573782338488,0.0174390044212,0.0459689377975,0.0625359898653,0.0539950913553,0.083685545224,0.0844960025082,0.0280581348405
0.00740205813324,0.00793480591894,0.0324176539513,0.0129801604052,0.0473527218494,0.0151597924064,-0.00483714930668,0.00681818181818,0.0160923030211,0.0241404535479,-0.00776583034648,0.0560514102106,0.0226510067114,0.0240731824747,0.032041012496,0.0140901771337,-0.0101503025571,0.0413407821229,0.0239030505641,0.020460610853,0.0255604155276,0.0173815080068,0.0496940755111,0.0343594190332,0.00012936610608,0.0854134165367,0.01908065915,0.0182603573532
0.00116487455197,0.0131914893617,0.0213114754098,0.0203146161058,0.0320398718405,0.0111664200188,0.00810110174984,0.00902934537246,-0.120723143583,-0.000238095238095,0.0385310054184,0.0145368492224,0.00984413453651,0.0293370944993,0.0428438373176,-0.0127034537515,0.0136067836719,0.0103719599428,-0.0145294261693,0.0121077101898,-0.0137278421965,0.0536265126948,-0.0160648279784,-0.0354186314576,-0.00400983055232,0.0249730506648,-0.0174468085106,0.0250674893945
0.0317730242549,0.139227215456,0.00283985677244,0.0204206657137,0.0193170058641,0.031000532198,0.0270009643202,0.0371364653244,-0.014103653356,0.0142891164563,-0.00985507246377,-0.0139953348884,0.0155158407799,0.0369964373801,0.0297707651087,-0.0372604208551,0.0293774319066,0.0247787610619,-0.0347883707446,0.0735955593837,0.0577027027027,-0.0137377073793,0.0598179453836,0.0888647474199,-0.0364935064935,0.05819456617,0.0324815937635,0.0606659142212
0.0511797362942,-0.0186175115207,0.0499876877616,0.0223133880328,-0.00507614213198,-0.0114853529488,0.0256651017214,0.0090595340811,-0.00706652878318,-0.00821789152383,0.0263466042155,0.0697307648981,-0.00479961603072,0.0133897110641,-0.0138768430182,-0.0229012947237,0.04158004158,-0.00621761658031,0.0185359993135,-0.000623997147442,0.0215919253865,-0.00144618663419,0.011588275392,-0.00838072433403,-0.00336972637822,0.0591353321186,0.0394295302013,0.00975436729627
-0.005033833966,0.0172802404207,-0.0390478424015,-0.0130175198199,0.0119047619048,-0.0156657963446,0.028227036924,-0.0316374519025,0.0152751258462,-0.016571969697,-0.0402167712493,-0.027801179444,0.000723414516518,0.0119958275382,-0.0222808560539,-0.0360475885161,-0.015786608601,-0.0205074730622,-0.0373241216615,0.00731424493801,-0.01532016008,-0.00541199786569,-0.016307277628,0.00271657108361,-0.00703272923992,0.0442602439787,-0.0329566854991,-0.00913322209537
-0.0530397279589,-0.00729320531758,-0.012812690665,0.00376834589449,0.0205042016807,-0.00132625994695,-0.0130583172578,-0.00573951434879,-0.0106001025816,0.0101107366394,-0.0145616641902,-0.00942374350087,-0.0293975903614,-0.00429479470881,-0.0374812593703,-0.0118246988397,-0.00995575221239,-0.0493257629524,-0.00385086644495,-0.0165589303108,0.00469930780466,-0.0538013488657,-0.0106863953966,-0.0183624322697,-0.0239716698447,0.00703908941141,-0.0208652107386,0.000531773464504
0.0313115830961,0.00790477076165,-0.00766378244747,0.0153131792136,0.00757575757576,0.00889774236388,0.00556307322207,-0.00111012433393,0.0412994643166,0.023832221163,-0.0551869722557,-0.0157463094587,0.0964912280702,0.030193236715,0.0741433021807,0.0355246428839,0.00577281191806,0.0238895110116,-0.0145844315586,0.030704123897,0.00278111370963,0.0728981046493,0.0271430549785,0.00265767147092,0.00809377616522,-0.0107079119572,0.00895013496235,0.0242714146514
0.00467091295117,0.0029525742757,0.0171898355755,-0.0148876131167,-0.0212487741092,-0.0148742924839,-0.00299043062201,0.0102244943321,-0.0235645536011,-0.00791433891993,0.0459623364188,0.0145539384513,0.0104150943396,-0.0498241500586,0.00841067285383,0.00693341037123,-0.0185150897982,-0.00656215822093,0.00490370898716,-0.00270813313532,-0.0130475890325,-0.00135890080024,-0.0194822704598,-0.0207972270364,-0.00830564784053,0.0123271196633,0.0229512813292,-0.00916717114936
-0.000169061707523,0.026862925483,-0.0595150624541,0.020545239036,0.0143620574482,0.0471672902191,0.00479904019196,0.0134213421342,0.0282121006118,0.0136086344439,-0.00335672871529,-0.0442400350416,0.00037346877801,0.00317264475192,0.00618349151567,0.000932434370966,0.0126391246935,0.00880733944954,0.0283914470766,0.0197967764541,0.00747221867416,-0.00514061082552,0.0206256445514,-0.00145757418011,-0.0143774427694,-0.003564003564,-0.0590502408809,-0.008553722615
-0.049036185323,-0.012005017022,-0.0100260416667,-0.0113240418118,-0.00362199539019,-0.00102079877504,-0.0407462686567,-0.0132435953105,-0.00181818181818,-0.0173611111111,-0.0146968769137,0.0234876260312,-0.0143358470843,-0.0393569357814,-0.0147205945405,-0.02594052311,-0.0275707898659,-0.0363768643143,-0.000517642998878,-0.00137433430682,-0.000760697305864,-0.0284194528875,-0.0367126978781,-0.0300281513919,-0.0252088939244,0.0122205663189,-0.0327677004096,-0.0225371951756
-0.0457859174964,-0.00562205295611,0.0161778245429,-0.00558002936858,0.00462656972902,0.00843019542726,0.0197603858721,0.00990099009901,-0.0139095876801,0.00777385159011,0.00870105655687,-0.00100750027986,-0.00530262858874,-0.0252400548697,-0.00667246881346,-0.00316339292283,-0.00632183908046,0.00547376368441,0.0134656883902,0.0123000172028,-0.0643912960731,0.0151728452995,-0.0146853146853,0.00623454799527,-0.00624727589714,-0.0603651354535,-0.0133091349062,-0.000810591731964
-0.00475170036337,0.0204267736641,0.0191560962982,0.0161449104154,0.0164473684211,0.0122862571248,0.0128166005493,0.0185185185185,0.0201511335013,0.0165965404395,-0.00123228589033,0.012550425818,0.0104333257178,0.0061919504644,0.0201518691589,0.0155719557196,0.018700597648,0.0253425943308,0.00783578911507,0.00900671254992,0.0253593707621,-0.0167950693374,0.0258339247693,0.0264928960581,0.0198830409357,0.0415230335318,0.0511955855303,0.0228952586984
-0.0137614678899,-0.0205540661305,-0.0162560325121,-0.0265452431699,-0.00614886731392,-0.0193943943944,-0.0415787887918,-0.0188235294118,0.0116872427984,-0.0250632329271,-0.0144972239358,-0.0167109340416,-0.0121344588484,-0.0398135198135,-0.0269109647867,-0.0120630768113,-0.00681302043906,-0.0329549615525,-0.0158032620637,-0.00985263157895,-0.0290966803333,-0.0358877918822,-0.0279507402795,-0.00541159329795,-0.0311066513761,-0.0511508951407,-0.00860309128026,-0.0309305604512
-0.0647365923113,-0.0456204379562,-0.0486702814356,-0.0289609872611,-0.0693585151416,-0.0216919739696,-0.07529078906,-0.0170045781557,0.0449072567524,-0.0193396226415,-0.0275430359937,-0.0909397861564,-0.0403601129168,-0.0297145076714,-0.056781406296,-0.0200073556455,-0.0234375,-0.0431654676259,-0.0590760776232,-0.00756931450927,-0.0433183489988,-0.032022106632,-0.0732384341637,-0.0530501203306,-0.0523746116289,-0.0616775011892,-0.0958964553611,-0.0289169773575
-0.0142088703948,-0.0250478011472,0.0527887094585,-0.00584195961874,-0.00314905528341,-0.0220425198904,-0.0304266530682,-0.0146373918829,-0.0356586733105,-0.001924001924,-0.00836820083682,0.0359044199579,-0.0520750516775,-0.0602481985588,-0.0717404865876,-0.0240186144262,-0.00214634146341,-0.0652948159873,-0.00282898339113,-0.012940269089,-0.0126014523708,-0.0334172963896,-0.0351739497734,-0.0538121546961,-0.0177985948478,-0.0860087867523,-0.0260289572149,-0.0158254518213
0.0237825594564,0.0156893508531,-0.046403712297,-0.00618556701031,-0.015795015795,0.0249399839957,-0.0241935483871,0.0585190186811,0.0245438398192,0.0159036144578,-0.0100616682895,-0.0332257678977,0.0208001341944,0.0148029818956,-0.00537634408602,-0.0611397369838,-0.00430191630817,-0.0190516511431,0.0376132515787,0.0349018926897,-0.00807556420795,0.0545517720639,-0.0128950091539,-0.00852504963214,-0.125417262756,-0.0203364762433,-0.0327375981293,-0.0287345385347
-0.0302695092518,0.056381540838,0.0312246553122,0.0826763485477,0.0213980028531,0.0555627846454,0.0574919151994,0.0793110780353,0.063829787234,0.0199240986717,-0.0108196721311,0.0543948572135,0.0394380083806,-0.00146919928639,0.0412162162162,0.0225262123198,-0.00333857030636,0.0133793698748,0.0221379431999,0.0453859060403,0.081122337719,0.0405271828666,-0.0197564712523,0.0313309776207,-0.00581606688477,0.00585016040762,0.0827145570713,0.0482954545455
-0.0147257077673,-0.0968744288064,0.0638353650544,-0.0227076746191,-0.0164106145251,0.0184911242604,-0.0394155623513,-0.000394011032309,-0.00888888888889,-0.00813953488372,-0.0533642691415,0.00820729276586,-0.115880167576,-0.0318444561219,-0.064892926671,0.0172234238564,-0.0378325123153,-0.0234241908007,-0.0506514798516,-0.068694326298,0.0347609762657,-0.128562381254,-0.0171931556433,-0.00890817724989,-0.0420475319927,0.0909943714822,0.0299840510367,-0.0131763386599
-0.0107357120303,0.0220603116778,-0.00160177427304,-0.00176470588235,0.00319488817891,-0.019728879206,0.016802263884,-0.0124162396531,-0.0107623318386,0.0107854630715,0.0280112044818,-0.00651238516107,0.0399642378185,-0.0105297438124,-0.00624566273421,-0.0467790203182,0.00409584271964,0.0950719581334,0.0163606616979,0.0161999138302,0.000389863547758,0.0250726744186,-0.0907340755001,-0.009564415764,0.00496183206107,0.00429922613929,-0.0221430783524,0.0178977272727
0.0307479519098,0.0425742574257,0.0167839071949,0.0287762718523,0.0406935598018,0.0140758118286,0.0187858758045,0.019157852724,-0.00831066787549,0.0192530735328,0.0235013623978,0.0396816106754,0.0561382393398,0.0572682391662,0.0247905027933,0.105171844019,0.035488476443,0.0605336519315,0.0845108209623,-0.00220469770203,0.0242920239023,0.0664657922722,0.080640706987,0.0746945898778,0.0563995442461,0.0313356164384,0.0658749010293,0.0173039352498
-0.00196118909992,-0.0336182336182,-0.0271877655055,0.00439140811456,-0.00918055083305,-0.0224035066358,-0.0387570428547,-0.00665752888193,0.0108182233735,-0.0184342284934,-0.0126455906822,-0.060571943256,0.0103378103378,-0.00882017225278,0.00817717206133,-0.0204829184421,-0.011030135907,-0.0168982350732,-0.0178939556362,-0.00407920455511,-0.00526315789474,0.0235998005651,0.00672970440412,0.0460106095053,-0.000898795613877,0.01062593392,0.00579408705987,-0.0167352537723
0.0535732754163,0.00294811320755,0.0537741734248,0.0145423438837,0.0394646533974,0.0349981317723,0.0646536412078,0.0291740587424,0.0233644859813,0.0204034314862,0.00404448938322,0.0866490891659,0.016516274573,0.0405150753769,0.04562352146,0.0696023811341,0.0483967337184,0.0366692131398,0.0223341729639,-0.000341326051711,0.0235864091286,-0.0379931807112,0.0399390759858,0.0031049472159,0.0615329255128,0.0630852636767,0.104431314623,0.0268787202381
0.00638068126043,0.0419361160102,-0.0242718446602,0.00861907438636,-0.000660283922086,-0.0232250300842,-0.0136803470137,0.00632062823214,-0.0078067462071,0.0290842990229,0.0104061765693,0.0395941325687,0.0211619243877,-0.00583559714257,0.0158371040724,0.0187656082768,0.00835866261398,0.0206337509211,0.0284165571616,0.049082373026,0.00772248863424,0.0263291139241,0.0279902359642,-0.000928600907965,0.00966101694915,-0.0217895224849,-0.0272836699211,0.0218277329952
0.033066718689,0.0129772428061,0.0146826841403,-0.00352963031767,0.0270895275851,0.0264876185783,0.0226657645467,0.0171298058622,0.00905581947743,0.00839037315081,-0.000996677740864,0.0231275196266,0.0168425954672,-0.00354215160409,0.0289532293987,0.0409721249475,-0.00527505651846,0.0176895306859,0.0121386360006,0.00740439381611,0.0187256659045,0.0642986350929,0.075352224157,0.0241660642363,0.0275306362263,0.0200631911532,0.0434483706861,0.0284524020564
-0.00679822490794,-0.00594132937245,0.00717531690983,0.00885533184191,0.0128658732711,-0.00840134421507,-0.0175322527291,-0.000748502994012,0.00220685596587,0.00284650755419,-0.00964416361822,-0.0182496889258,0.000534310357988,-0.00375787121674,-0.0136054421769,-0.00154746686402,0.000568181818182,-0.0102873359347,0.0172005680922,-0.00516921088765,0.00873574375152,-0.0522249690977,-0.0336375680848,-0.00262176061309,-0.0151935958177,-0.00588508595323,-0.0075108709975,0.00189606136344
0.0563741800551,0.0353007097497,-0.0125860840655,0.00332624965352,-0.00825658939346,0.00714112805616,-0.003367003367,0.0191011235955,0.0143863769818,0.0237991266376,0.0315648085964,-0.013202365864,0.0287610619469,0.00601488428994,0.00313479623824,0.024730458221,0.0297179632784,0.00860215053763,0.00442134657152,0.035722984493,0.00072167428434,-0.0223345288556,-0.0377027953386,0.0137498736225,0.0056403450564,-0.00607571272784,0.00531067445566,0.0112688172043
