0.0158072239528,-0.0645491803279,0.0956591639871,0.07139987054,0.0232458028412,0.0125017103069,-0.021031547321,-0.024443237371,-0.00216486261449,0.0139705882353,0.0230629696813,-0.019647019647,0.0395757889291,0.0057979751414,0.0113867425783,0.075737560546,-0.0273178807947,0.00323362974939,0.0117525060491,0.0340982338533,0.0328874208643,0.10794044665,0.00644819013272,0.037401037401,0.0131933225633,0.0445986124876,0.0432743890324,0.0552602152115,0.0630663954134,0.00387596899225,0.187473703192,0.00178491744757,0.00861066235864,0.139534883721,0.0237949969494,0.0321532965248,0.0219845513963,0.0142857142857,0.0408238322913,0.0456171735242,0.0686315789474,0.0396624472574,0.0302862046338,0.035552193646,0.0467775467775,-0.00328064419922,0.129441624365,-0.0392006149116,-0.00794103274149,0.0134952766532,0.0334477987384,-0.004702864472,0.0379487179487,0.0533218291631,0.0700564971751,0.144702842377,0.0353552859619,0.0254344391785,0.0442648190916,0.0142259414226,0.0175631174533,-0.0060773480663,0.0504874651811,0.0297366185217,0.00681402692372,0.0783299941834,0.0551224944321,-0.0250281848929,0.046790299572,0.0523321956769,0.0240685789647,0.00733176224142,0.059646539028,-0.0388371564842,0.096519349668,0.0487993803253,0.0919371789748,0.0278039585297,0.069423929099,-0.00740740740741,0.0341292750187,0.0215368939234
0.110601414198,-0.0270171595473,-0.0694546343849,-0.106940092754,0.0138830458561,0.025025025025,-0.0204603580563,-0.0367483296214,0.00751001335113,0.0241116751269,-0.0311550151976,-0.0957880434783,0.0199054491167,-0.00288227620491,-0.0168878166466,-0.0249693000409,-0.0274042553191,-0.0108783239323,0.0157157499146,0.00710590288599,0.00399735641496,-0.020156774916,0.00331419214464,-0.0215789473684,-0.0313579590752,-0.0128083491461,-0.00224727660547,0.00055154563063,-0.0281184759916,-0.0177151941858,0.00126543834784,-0.0427616926503,0.007207726683,0.0503401360544,0.0190703218117,0.0468848332284,0.0843023255814,0.00425192665427,-0.0243816254417,-0.071000855432,0.0283687943262,-0.00994318181818,0.0615191155096,-0.0406622839055,-0.0695134061569,0.00329144225015,0.341573033708,-0.056992,-0.0126991353542,-0.0194027011604,0.00394782110092,0.0433848797251,-0.00889328063241,0.00131061598952,0.0211193241816,0.0158013544018,0.00803481754268,0.00431366507472,-0.007740508662,-0.0577557755776,-0.0285868392665,-0.0375208449138,0.0641365594962,-0.0226897689769,0.0242654341367,0.0243731894916,-0.0131926121372,-0.013644773358,-0.0869446715726,0.00324324324324,0.0434642627173,0.00545879906421,-0.0264072272411,0.0160680529301,-0.0458389892451,-0.0679468242245,0.0161689350396,-0.0380559376433,-0.030847145488,0.172427336999,0.00385044329942,0.0233433295982
0.115583852491,0.00450281425891,0.0233902759527,0.0966076526593,-0.043153526971,-0.0159521484375,-0.0109660574413,-0.0127167630058,0.00612887195627,-0.00141617985484,0.00549019607843,0.0255447032307,0.0146377165162,0.00491933701657,0.0108384458078,0.00923593618808,0.030801540077,0.00081466395112,0.0215270770266,0.0097171504611,-0.0716659411596,0.032,-0.00462510130509,0.0423883808499,0.0458161865569,-0.0269101393561,-0.00561175796908,0.0289510349886,0,-0.0138728323699,0.0761336636166,0.0223359702187,0.012467598556,0.00388601036269,-0.0093567251462,0.0480913736099,-0.0166219839142,0.0381053188674,-0.0021731256791,-0.0405156537753,0.00937931034483,-0.0170116827219,-0.00153846153846,-0.0439086294416,0.00462113127001,-0.00268416343573,0.120603015075,0.036886219417,0.00352272383659,0.0193986420951,-0.00291852406069,-0.0168793742281,0.0319042871386,0.00638089005236,0.0217166494312,0.117777777778,0.0132846230488,0.00245436416628,-0.0208023774146,-0.0201401050788,-0.000555247084953,0.00490903840601,0.0239838031459,-0.0105529759392,0.0346494762288,0.0162749878108,0.0112299465241,-0.0218053927315,-0.0205970149254,0.0118534482759,-0.0206726319037,-0.00491209927611,0.0463954318344,-0.0174418604651,0.00667542131757,0.0103011093502,0.00570298456192,-0.0257387988561,-0.0289786223278,0.00871021775544,-0.00767134850638,0.00772809266116
-0.0388659329869,0.0209189391109,0.0141242937853,-0.0262909875867,0.0411968777103,-0.0274545607915,0.0464625131996,0.0494730679157,0.0349028646691,0.0413047332033,0.0122204888196,0.0395604395604,0.0420774224573,-0.00115234228964,-0.0232652235485,0.0316139767055,0.0422750424448,0.029304029304,0.0204313467237,-0.0192472722815,0.071194116907,-0.0132890365449,0.0132743735523,-0.0249251728765,0.0188877229801,0.106666666667,-0.000569461506962,0.0327597771019,0.11514622631,0.0189917936694,0.0343871846667,0.00136549840692,-0.00314134480971,-0.0116129032258,0.0543093270366,0.0255233725265,-0.0147219193021,0.00331379046648,-0.0246823956443,0.0767754318618,-0.0134675533692,0.115095913261,0.115562403698,0.0188478895673,0.00283641231024,-0.010466507177,0.209267563528,0.118012828904,0.0168587570621,0.0220742150333,-0.0113273474531,0.0485762144054,0.0251207729469,0.00390180458462,0.104251012146,0.115308151093,0.0331039003605,0.0293802601377,0.115326251897,0.0446827524576,0.118888888889,0.039367816092,0.0217490494297,0.0703924914676,0.0389408099688,0.0410961532926,-0.0111052353252,0.00143815915628,0.0256019506248,0.154419595314,0.0047258979206,0.040270200052,0.159618008186,0.0676923076923,0.00565278834656,0.0486274509804,-0.0349258670947,-0.0264187866928,-0.00880626223092,0.121554300897,-0.00110080496363,0.033589588986
-0.013237985783,-0.00292718624222,0.00860977462649,-0.0331268665597,-0.0574760516451,0.0442193877551,-0.0277497477296,0.0354253835425,0.0173401209036,-0.000851208716377,0.0051374261495,0.0274841437632,0.0129210890632,0.011809723427,-0.0248550124275,-0.0520161290323,0.0798175598632,-0.0632661130882,0.0125683677256,0.1410625,0.0357669065363,0.016835016835,-0.0152838851437,0.0521301931728,-0.0193099897013,0.0258813029897,0.0107427064194,-0.00292453793526,0.0524911210546,0.00506212609296,-0.057632045052,-0.00727272727273,0.00839806513621,0.0365535248042,-0.0391937290034,-0.0142617449664,0.0143884892086,-0.00889227642276,0.00781540751768,0.00445632798574,-0.000584840323201,0.0764771877337,0.0437430939227,-0.0515893694633,-0.0123622881356,-0.0151103052282,-0.0061804697157,-0.00474211111762,0.0663095978902,-0.057158815863,0.0149333719583,-0.00199680511182,0.00518378887842,0.000485829959514,-0.051329055912,0.0516934046346,-0.0107868020305,0.0322580645161,-0.0309523809524,-0.0128314798973,-0.0397219463754,-0.0517003041194,0.0261982732956,-0.000398565165405,-0.0146926536732,0.0323588505281,-0.0106951871658,0.0102920057444,0.0258543833581,-0.0590405904059,-0.0752587017874,-0.0427072927073,-0.0129411764706,0.0370206162713,0.012214895687,-0.0688107703815,-0.0108239611574,0.0118090452261,-0.0108588351431,-0.0263547527391,0.00276130664279,-0.0226082253713
-0.0337330687602,-0.0110091743119,-0.0220938990711,0.0854799742579,0.00309323906319,0.0140032345224,-0.0114167099118,-0.0568426724138,-0.0156372165754,0.00102232066792,-0.0135445949399,-0.100823045267,-0.021867881549,0.0136694185384,0.0142310960068,-0.0395576350489,-0.00678835420124,-0.0122414520895,-0.0315487571702,-0.0062441803144,-0.0256360037933,0.00883002207506,-0.0141901645249,-0.00125754527163,-0.037542662116,0.0839495432797,0.0324366437163,-0.0116382435715,0.0176920290546,0,-0.0313253012048,-0.0132783882784,0.01640625,-0.0113350125945,-0.02331002331,0.0212765957447,-0.0267321331151,0.0212765957447,0.0033234859675,-0.0319432120674,0.00443506783498,0.0411672746222,0.00616671298318,-0.00686813186813,0.0117983975631,0.0245474071801,-0.00870646766169,-0.0941176470588,0.0210505839279,-0.0347551342812,-0.0284140371908,-0.0296118447379,-0.0670417252696,-0.0113305276789,-0.0531400966184,0.0576271186441,-0.0291853752405,-0.00576036866359,-0.012285012285,-0.0164644714038,-0.0227507755946,0.036443148688,0.0445314766464,0.0011961722488,-0.268411442483,0.024675707284,0.0162162162162,-0.031746031746,0.021147161066,0.00490196078431,-0.0118684299763,-0.0221758413775,-0.0292014302741,-0.0348439504062,-0.0129218282785,-0.0321285140562,0.042838632582,-0.0374968959523,-0.00798403193613,0.0398418491484,0.0441029547668,-0.0260221892709
0.00700892857143,-0.00371057513915,0.0847240051348,0.0372387413364,0.0295154185022,0.0404803091557,0.0131233595801,-0.0214224507284,0.0101667990469,0.0451063829787,0.000259067357513,0.0122044241037,0.0116441546344,-0.0179758204393,-0.00607329842932,0.0531443755536,-0.00440461725395,0.017094017094,0.0251727541955,-0.0866449870473,0.0074054482941,-0.00875273522976,0.000899116297125,0.0203978846638,0.0294599018003,-0.0236757624398,0.00595712830832,-0.0156133428387,0.0331953316723,0.0084706959707,0.0696517412935,0.00719257540603,0.0158800922367,0.194904458599,0.00298329355609,0.106388888889,-0.00840807174888,0.00502008032129,0.0261317629739,-0.0146654445463,0.0134151015715,0.032032032032,0.00263043678403,-0.00193637621024,0.00389047311121,0.0134770889488,0.0163111668758,-0.124188311688,-0.00396342085746,0.0646481178396,0.0189306698002,0.0148453608247,-0.00301507537688,0.000654878847413,-0.00714285714286,-0.0192307692308,0.0244466468451,-0.0170915411356,-0.0149253731343,0.0396475770925,-0.026455026455,0.028129395218,0.0406887932232,-0.0191158900836,0.0503327787022,-0.00281415266125,0.0170212765957,0.00220210423293,0.00822695035461,0.030243902439,0.00583390528483,0.00987193169691,0.0202578268877,0.0124031007752,0.0324569944823,0.0730290456432,-0.0128912769026,0.016253869969,0.0744466800805,-0.0731207955543,0.00580703422622,0.00556626536787
0.002061444341,-0.00409683426443,0.0537278106509,0.0562759700608,-0.012836970475,0.0148147119027,0.00103626943005,0.0137186223001,0.0108507626985,-0.0042345276873,0.045843045843,-0.00904295403165,-0.0257826887661,-0.00229084057236,0.00927096502318,-0.00210260723297,0.011289092296,0.0159663865546,-0.00995024875622,0.027638645827,-0.00210028878971,-0.00220750551876,-0.0146067832282,0.0323297137216,0.0116587175411,0.00164406083025,0.00754410894742,0.0110778480933,0.00101535727884,-0.0261066969353,0.068,0.0387007601935,0.00429762571312,-0.0117270788913,0.000594883997621,-0.0527240773286,-0.00734878462408,-0.0004995004995,-0.00573888091822,-0.0474418604651,-0.00889561270802,-0.0158422243776,0.0310495454724,0.00859201773836,0.00457233368532,-0.0130023640662,-0.0765432098765,0.0546802594995,-0.00413972599932,0.00807071483474,0.0101227064617,0.00975213327915,-0.0282258064516,-0.00523560209424,-0.0760534429599,0.0228758169935,-0.00612705578846,0.00294724432655,0.00252525252525,0.0169491525424,-0.00217391304348,0.00246238030096,-0.00106752068321,-0.0215184734064,0.0376237623762,0.00391423628707,0.00261506276151,0.007568359375,0.0422059651097,0.0170454545455,-0.00136472193791,0.00686922060766,0.046329723225,0.00634434478232,-0.0180236822802,-0.00850734725445,0.00546682279733,0.013201320132,-0.0112359550562,0.0318712527611,0.0078724239217,-0.0018440931886
0.0895878956799,0.00224382946896,-0.0601976639712,-0.0377385457151,-0.00823580407456,0.0109568161801,-0.0310559006211,-0.0336884537864,-0.0099564405725,-0.0541380438338,0.0312035661218,0.0798479087452,0.0196124763705,-0.0129002291719,-0.00668058455115,0.054782975137,0.0079951727259,-0.064929693962,-0.046522937267,-0.0545539961243,0.0121020784004,-0.0630530973451,-0.0278204649574,-0.0552235237868,-0.0487166055526,-0.0221583914649,-0.0844460854933,-0.0595922242766,-0.0494122335127,-0.0347319347319,-0.0650204686003,0.00243956531382,-0.0143143429717,-0.059331175836,-0.038644470868,0.0760667903525,-0.0187927107062,-0.012243878061,0.0335497835498,0.052734375,-0.0536084992063,-0.0249671484888,-0.0636132315522,-0.0269304754053,-0.0318816814355,-0.0461077844311,-0.114973262032,-0.0553602811951,-0.0111949128999,-0.0116279069767,-0.0767478700176,-0.0680080482897,0.00207468879668,-0.0115131578947,-0.0411568409344,0,-0.0739779364049,0.0116074052307,-0.0680100755668,-0.0475,-0.0294117647059,0.0420305676856,-0.0852257547422,-0.055601659751,-0.0969465648855,-0.0645854728377,-0.0146061554512,-0.0576690089654,-0.0267278617711,-0.0577281191806,-0.0645712333447,-0.0338493833639,-0.0115008625647,0.0708695652174,0.00917724895956,-0.0538221528861,0.000604122126644,0,-0.0307765151515,-0.060244648318,-0.0703101955093,0.00221636420874
0.0179872911464,-0.0253731343284,0.0647705544933,0.0251719341232,0.00611888111888,0.0102286782164,0.00854700854701,-0.0265196662694,0.00267127592709,-0.0280131419678,-0.000240153698367,0.0510563380282,-0.0217844727694,-0.00581083060696,0.0145018915511,-0.0455453455853,-0.0035917390003,-0.0061919504644,-0.0100306018361,0.00534161490683,0.00506368598908,-0.0873671782763,-0.00539705409557,-0.0371963562753,0.0104625550661,-0.0495174150231,-0.0157680737827,-0.0196615033079,0.172024161125,-0.0405699106496,0.0832362941916,0.0196902654867,-0.0206368375193,0.0172018348624,0.0222634508349,0.00862068965517,-0.00116076610563,-0.0134075385783,0.00628272251309,-0.0241187384045,-0.016935483871,0.00808625336927,-0.0258152173913,0.00649534029935,0.0173724212812,-0.0225988700565,-0.0256797583082,0.0493023255814,0.0240966780785,-0.0131147540984,0.0111294541003,-0.00561312607945,-0.0703933747412,0.00698835274542,-0.0266821345708,-0.0463258785942,-0.0189208128942,0.0119099491649,0.0501930501931,-0.0192475940507,-0.00897867564534,-0.00497642744893,-0.0747663551402,-0.00966608084359,0.0359256128487,0.0122812404053,0.0132345156167,0.0259706865518,-0.0127600554785,0.0326086956522,-0.0314097881665,0.0024443237371,0.0366492146597,0.0129922858303,0.00338373691445,0.0338004946414,-0.0036225443007,0.0315710348284,-0.00830483634587,0.0426293524243,-0.0168096555575,-0.0335653729979
0.00797718525018,-0.0172281776417,-0.0936026936027,-0.096264063468,-0.0447437011295,-0.0169794459339,-0.0598516949153,-0.0125497398225,-0.0264848769785,-0.0409179861235,0.00168147970214,-0.0626465661642,-0.134328358209,-0.0242454009645,-0.0383260824529,-0.0565089995814,-0.0537699008711,-0.0756564307966,-0.0487721105959,-0.0168046459904,-0.0424158407647,-0.0905562742561,0.0200472298128,-0.0473061760841,-0.0754768392371,0.0494481236203,-0.000591119768926,-0.217014030048,-0.0384008844234,-0.0402718348855,0.0285087719298,-0.00889563896724,-0.0377261304572,0.0732807215333,-0.0822746521476,-0.0503052503053,-0.0499709471238,0.0115384615385,-0.00624349635796,-0.0304182509506,-0.0248236259229,-0.036263368984,-0.0432357043236,-0.0446127946128,-0.0352187833511,-0.0125240847784,-0.0558139534884,-0.137624113475,-0.022266328867,-0.165135821771,-0.0622351452001,0.0403821102909,-0.0334075723831,-0.00875743555849,-0.134684147795,-0.0753768844221,-0.015,-0.0325821731018,-0.0610294117647,-0.102586975914,-0.0719139297848,-0.00710713345617,-0.129419191919,-0.0230700976043,-0.0820073439412,0.0389058924091,-0.0329153605016,-0.04335839599,-0.0474852486654,-0.0334928229665,0.0128205128205,0.000812787862368,-0.0527497194164,-0.0220440881764,-0.04373485088,-0.0334928229665,-0.0296984039885,-0.0308477046393,0.0103448275862,-0.0443196004994,0.00228477013534,-0.0049606529283
0.0867775953149,0.0237631476432,0.0703318474492,0.0824476465405,0.0209185993633,-0.0245454545455,0.016338028169,0.0260384376937,0.00193174500966,0.0016694490818,0.0218225419664,-0.0228734810579,0.0191570881226,0.0173660366998,0.0183110728134,0.00221827861579,0.0311111111111,0.117477130477,0.0272612384907,0.0323614427548,0.00189062466239,0.0241820768137,0.00531969519584,0.0455172413793,0.0377247273799,0.0408077408498,0.0089056471885,-0.0105631162058,0.074644529731,0.0228166797797,0.0686901626322,0.0010945709282,0.0805677210057,0.0178571428571,0.0481212920237,0.0259706865518,0.017125382263,-0.0304182509506,-0.00104712041885,-0.00294117647059,0.0462674764877,0.115658054448,0.113702623907,0.0540381791483,0.00405973451327,-0.00845528455285,0.0870279146141,0.0562523130063,0.0203519589843,-0.0133426966292,0.0239085001842,0.0133555926544,0.0322580645161,0.00233372228705,0.0454545454545,0.0960144927536,-0.0141406816534,0.00979228486647,0.0477682067345,0.0347912524851,0.0445393532642,-0.0100742311771,0.0649021029732,-0.0258855585831,0.0377777777778,-0.00242404940107,0.0507833603458,0.0220068116322,0.0560471976401,0.0663366336634,0.0867460908414,0.0216567406605,0.00236966824645,0.053893442623,-0.014547057527,0.0808580858086,-0.0471566209048,0.00977443609023,0.0243783520234,0.0398432397126,-0.000573110185263,-0.00345446506932
0.026525150649,-0.00456621004566,-0.174224895882,0.00209591144059,0.0204899777283,-0.0121155638397,0.00665188470067,-0.0175226586103,0.0146208226221,-0.0555555555556,0.023938042713,0.0409656181419,-0.0338345864662,-0.0155987855617,-0.024751427967,-0.0340858787074,0.0183189655172,0.0641964670401,0.116344463972,0.002556455049,0.0206282282153,0.0361111111111,0.00551920191932,0.00131926121372,-0.0210167566032,0.0537590945837,0.000586248476087,-0.0725155677869,0.0646140775935,0.000769230769231,0.161137626164,0.0518259348349,-0.0155215635649,0.105263157895,0.051572327044,0.0127819548872,-0.031268791341,0.0177777777778,0.00244584206848,0.0934119960669,0.0540788267644,0.0469381411253,0.111688481675,0.0454165505712,0.0190928421122,0.0104952443424,-0.0694864048338,0.0540351150387,0.052545451459,-0.0113879003559,0.0317025639719,0.0263591433278,0.0178571428571,0.0111425245302,0.00790513833992,-0.0198347107438,0.0286870172858,0.0285042609462,0.0724962630792,0.0874159462056,0.0829439252336,0.00723085163364,0.0823970037453,0.02331002331,0.0107066381156,0.00287335934729,0.0606683804627,0.0469110484491,0.267597765363,0.0538532961931,0.0116478245975,0.00715421303657,0.0330969267139,-0.00719424460432,0.0339968687095,-0.0923664122137,0.00131081164729,0.00198560436833,-0.013326987149,-0.00879396984925,0.00512229066261,-0.00153953628505
0.0720746284539,-0.00573394495413,0.00952647800504,-0.0155080873427,0.0611086861632,-0.0154056603774,-0.0104625550661,0.0153751537515,0.00158353127474,-0.0225490196078,-0.0316296126518,-0.013352073085,0.0330739299611,0.00657506956597,0.00889370932755,-0.0197066911091,0.0126984126984,0.0506072874494,-0.000787153652393,-0.0320563414486,-0.00396196513471,-0.0790884718499,-0.0267624153515,0.208168642951,-0.00406150275602,-0.0410433448408,-0.0117580478711,0.115489309805,-0.109725280409,0.0269023827825,-0.0947407432364,-0.0245322245322,0.00330878428861,-0.0690943043884,0.0245215311005,0.175451620886,-0.00993171942893,-0.015155407141,-0.0327640292785,0.00719424460432,-0.010114416476,-0.0611638954869,0.00470959462164,0.00213219616205,-0.00900540540541,0.0107108081792,-0.0340909090909,-0.0251523545706,-0.0225564637348,-0.0386369090473,-0.00823148148148,-0.042937399679,-0.0515350877193,-0.0205592105263,-0.0209150326797,-0.0860033726813,-0.0504111548087,-0.00742857142857,0.0522648083624,0.0432862190813,-0.0960086299892,-0.0287157670832,-0.0625983013526,-0.0346241457859,-0.0648305084746,-0.0191539032931,0.000484730974309,0.0406464250735,-0.0478184222124,-0.0123348017621,0.00575685743312,0.0320968166272,-0.0240274599542,-0.0957696827262,0.0766818083496,-0.0395290159798,0.0144000523638,-0.0260094129304,0.0583695127834,0.077154626109,-0.00905775037019,0.0254431748095
0.0257568238213,-0.0203767781622,-0.0199833472107,0.0257007555757,-0.0119292472234,0.0466287236387,-0.0372843628269,0.0160508782556,-0.0197628458498,0.00160481444333,0.0149112426036,-0.0210113960114,-0.0680656443368,-0.0065321204198,-0.0152655342937,0.0696587190276,-0.00029855202269,-0.0242774566474,-0.0100835040176,-0.0439064166092,0.0189551843012,-0.0698689956332,-0.0138654848148,-0.0239912758997,-0.0212642004078,-0.0348,0.00357073078711,0.00711781878022,0.00512914149127,0.0217065868263,-0.0674755294205,0.0377237851662,0.0202583586626,-0.0351053159478,0.015761821366,-0.00105263157895,0.012539184953,-0.0135628586333,-0.00900900900901,0.0205357142857,-0.0259990444927,0.0126502213789,0.104297282411,-0.0345744680851,-0.068007025429,-0.00578034682081,-0.0134453781513,-0.090702432371,-0.0189222813658,0.000249625561657,-0.0136929602624,-0.0381551362683,-0.0485549132948,-0.0317380352645,-0.022696929239,-0.0221402214022,0.00790662650602,0.0531088082902,-0.00596026490066,-0.0262489415749,0.0620525059666,-0.00930741856009,-0.0298657718121,0.0165172251062,0,-0.00831244703294,0.0218023255814,-0.0155294117647,-0.014579958343,0.00535236396075,-0.0208754208754,-0.0244710680602,0.0287221570926,-0.0123456790123,0.0298342541436,0.069176882662,-0.0442072132464,-0.0363682604273,-0.0309936189608,-0.0881011913517,-0.00571203084367,0.00563950499116
0.0335284725918,-0.0125588697017,-0.00368167657887,-0.0503154303479,-0.00124895920067,-0.00946138318373,0.00693641618497,0.0298062593145,-0.00629032258065,0.0376527137993,-0.00116604477612,-0.00417606402328,0.0407043879908,0,0.0172489082969,-0.0179195804196,-0.422875914589,0.0454186413902,-0.0171892408085,0.00282096700125,-0.0202993899773,-0.0438184663537,0.0238322788256,0.0554189944134,-0.0395833333333,-0.0323249067551,-0.0136346242926,0.00894770711508,0.0153254174029,0.045177045177,0.0917943805875,0.0453891969604,0.025576095214,-0.139293139293,0.00287356321839,-0.00632244467861,0.0897832817337,0.00317292437864,0.0181818181818,0.00962379702537,0.0304588607595,0.00702685821362,0.0254687848206,0.0115702479339,0.0515023468683,0.031330749354,-0.0511073253833,0.00391666666667,0.00517331270287,0.0554030446718,0.0553934112257,-0.0353095030514,0.0607533414338,0.013874436351,-0.00819672131148,0.0132075471698,0.011953679492,-0.0113434467678,0.0473017988008,0,-0.0224719101124,-0.035645205858,0.0280179868558,0.0445682451253,-0.00271862256457,-0.0212825920943,-0.00806069227122,0.0282026768642,0.000234852043213,-0.000887311446318,0.0385144429161,0.0206428011497,0.0239316239316,0.00833333333333,0.00292625829107,-0.0982800982801,0.00438815273772,-0.00976510952758,0.0597365945437,-0.031935483871,-0.0114831851037,-0.017196639131
-0.0470461567269,0.0123211446741,0.0324047754406,0.00436195743903,0.0466861192163,0.0298844731978,0.0470723306544,0.0156295224313,0.00811556565493,0.0644663192434,0.0420266168573,0.237616528829,0.0371705963939,-0.000895561942273,-0.0440008585533,0.0338228749444,-0.027425614489,0.0340007555723,0.0537651821862,-0.0102708360591,0.150087130228,-0.0278232405892,0.00931100896834,0.0266779589244,0.0254105980787,-0.100214132762,0.0546866492432,-0.0221736622593,0.0768530114995,0.0348130841121,0.0358605059219,0.0163064833006,0.0479302832244,-0.0519323671498,-0.0171919770774,-0.0116648992577,0.0272727272727,0.0318924617818,0.0839285714286,-0.0961871750433,0.0042226487524,0.0700883857962,-0.0393240404417,0.00898692810458,0.0530651319671,0.0263075477607,0.0574506283662,0.073918817963,0.0572560594044,0.093166233152,0.0341476102353,0.0221418888387,-0.194730813288,0.00376325692781,-0.0123966942149,-0.106145251397,0.0302694721299,0.105612385955,-0.0496183206107,-0.0495652173913,0.0885057471264,0.00859598853868,0.00100942126514,0.0457777777778,-0.0318037255793,0.05019738981,0.00621414913958,0.0239423523942,0.0166705799483,0.0639431616341,0.0569536423841,0.0186891961086,0.047857540345,0.0165289256198,0.0300525189652,0.0426884650318,0.0228568654615,0.0362473347548,-0.0124278739459,0.0253248917028,0.0459003014387,0.0380378415341
-0.0568354865648,-0.0141342756184,-0.0473568281938,-0.0731952260716,-0.0334528076464,0.0167499001647,0.0164473684211,0.0173838700484,-0.0270487844147,-0.026291931097,-0.00649787138696,0.00265643447462,0.0018721583311,-0.00688280031647,0.0251459362371,-0.0503659061558,0.048417132216,-0.0405553525758,0.00414937759336,-0.10298102981,-0.0194018681227,0.0050505050505,0.0126845315445,-0.0348525469169,-0.0534904805077,0.0418848167539,-0.0119641462801,-0.129150454324,-0.0208138235205,0.00474147663129,0.203585418358,-0.0175913396482,-0.0106306306306,-0.0394904458599,-0.0361516034985,-0.0330472103004,-0.0160398230088,-0.00740740740741,-0.0161449752883,0.0239693192713,-0.0156727828746,-0.0140559339226,-0.071095407883,0.00431848852901,-0.0112790697674,-0.00793408605432,-0.0950764006791,0.0309178743961,-0.012688997699,-0.0307159852909,-0.0142637846151,-0.0296198054819,0.0910384068279,-0.0226653033401,-0.0264993026499,0.00208333333333,-0.000716589036188,-0.0512628157039,-0.0404953145917,-0.0494053064959,0.0232312565998,-0.0278409090909,0.00470588235294,0.00977475563111,-0.00656968559362,0.0277554197366,-0.00475059382423,-0.0249716231555,-0.0136258660508,-0.0141903171953,-0.0375939849624,0.00251319426992,0,-0.0113393239196,-0.0232272684355,-0.0505226480836,-0.0607955665564,-0.0241769547325,0,-0.065648358791,-0.0155557792992,-0.0274814116727
0.0838368055556,-0.0362405416169,-0.0268786127168,0.0336595497369,-0.0317264112073,-0.000291262135922,-0.0323624595469,-0.0165266106443,-0.039053450273,-0.0284916201117,0.0209742895805,-0.0303208713571,-0.0248264815804,-0.0316362430695,-0.0532194480946,0.0843155031732,-0.0289266683583,-0.039603960396,0.0208142026324,-0.0199690516543,-0.0198988100285,-0.0753768844221,0.0225455911679,-0.0410256410256,0.0095785440613,-0.0205573321151,0.0317159670561,-0.00959384118383,-0.00260689825384,-0.0123595505618,-0.0159502726793,-0.0405352223534,-0.0112071501618,-0.0165782493369,-0.0314579552329,-0.0148690634709,-0.00168634064081,-0.0154400411734,-0.073007367716,-0.0552434456929,-0.00970873786408,-0.0248383303939,-0.0336298168914,-0.0403117441548,-0.0113970470315,-0.0433712703783,0.0112570356473,-0.0674789128397,-0.0291439855867,0.00914974336086,-0.0469210533262,-0.0300683371298,-0.0560625814863,-0.000871839581517,-0.0959885386819,-0.004158004158,-0.00609537468627,-0.0542962572483,-0.0272061388211,-0.0163618864293,-0.046439628483,0.0587375803624,-0.0264302442288,-0.0105218855219,-0.031648559282,-0.0227200358013,-0.0291169451074,-0.0342258440047,-0.00889721376727,0.0203217612193,-0.056640625,-0.0408623715217,0.0531067445566,-0.020125513958,-0.0253262445626,0.106422018349,0.0125979048841,-0.0566684238271,-0.00314606741573,-0.0619130434783,0.0361160828433,0.00414519526819
-0.0267824248346,0,-0.00831600831601,0.00298471850636,-0.00851063829787,-0.00324013172416,-0.00278706800446,0.00170891483908,0.00688823833305,0.000191681042745,-0.0035343494588,-0.0209471766849,-0.00930741856009,-0.00124592222021,0.028221142725,0.0957357859532,-0.0044421217664,0.0107057890563,0.00614692653673,0.0504511278195,0.0084114395578,-0.0525362318841,0.00935527725254,0.0164884135472,0.0199240986717,0.00932835820896,-0.0435982654385,-0.00608958129196,-0.0627754836914,0.00341296928328,0.0881055956141,0.00410172272354,-0.0014167717439,-0.049898853675,0.0274828232355,0.0378463617932,0.00394144144144,0.00522739153163,0.0390173410405,-0.0445986124876,0.0323450980392,-0.18583270535,-0.0060000240001,-0.00140016802016,0.0382082256373,0.0543408360129,-0.0204081632653,-0.0324020100503,0,0.0356037151703,-0.0221553459003,-0.00986378581494,-0.0441988950276,-0.0249563699825,-0.00158478605388,-0.0250521920668,-0.0147907647908,0.0136566332219,0.000358551452133,-0.00489236790607,-0.0313852813853,-0.0361578802098,-0.0178694158076,0.00340280731604,0.04,-0.0344232411916,0.0324483775811,-0.00675024108004,0.0375620127569,-0.0514522821577,0.00172532781228,-0.00392054364872,-0.0383257690368,-0.0227473498233,-0.0074382624219,0.0323383084577,-0.0131321351524,0.00894104498463,-0.02434625789,0.0152020763812,-0.0403047689555,0.00375045589664
-0.0338561811808,0.00123966942149,0.0482180293501,0.0213319676645,-0.0158798283262,-0.0186005314438,-0.012297372834,0.00113733295422,-0.01949717804,-0.0147566117286,-0.0177344269563,0.0449612403101,-0.00303951367781,0.0230545080562,0.0159730033746,-0.0370087752766,-0.0916010498688,-0.0251078854453,-0.00789748174639,0.120678548422,0.0200190657769,-0.0669216061185,-0.00970819414148,0.0184129767646,0.0874418604651,-0.0720887245841,-0.0257151934762,0.0626583827918,-0.0482673267327,-0.0210884353741,0.036282483091,0.014910130719,0.00449753841352,0.136976579134,-0.0243161094225,-0.00412415888865,-0.016264722378,0.0296411856474,-0.0142559109875,-0.0840248962656,-0.00531817905549,-0.0240651610515,-0.058744703198,-0.00168255748738,-0.01909375,-0.0149435803599,0.0316287878788,-0.0124641655241,0.0152389191759,0.0358744394619,-0.0016804184053,0.0426944971537,-0.0534682080925,-0.0150349024521,-0.00634920634921,0.0620985010707,0.00842182350787,-0.00027495188342,0.00465949820789,-0.007866273353,-0.0256983240223,0.00744558991982,0.0958712386284,-0.0322170411191,-0.00422138836773,-0.0472420837589,0,-0.0235436893204,-0.0224316939891,0.137357830271,0.00516706854978,-0.00551036473367,0.0047194546408,-0.0045197740113,-0.00119904076739,0.0313253012048,0.0129568041698,0.0240930490169,0.018022181146,0.009130752374,-0.0198641012619,-0.0112125431283
0.0202044293015,0.0305406520842,-0.0114285714286,0.0428511811626,0.0082860880942,-0.00361010830325,0.0181097906055,0.0497017892644,0.0348857491715,-0.0758607274849,-0.00293387497179,0.0955489614243,-0.0440687361419,0.00152187875234,0.025243578388,0.0463549920761,0.0329384570933,-0.00603621730382,0.00330429558426,0.0848821613336,0,0.00819672131148,-0.00490309737766,-0.0279810589755,-0.0134017678928,0.0229083665339,0.00779928393334,-0.109802187949,0.0143042912874,-0.00162149640954,-0.034853609555,-0.000804990943852,-0.00588983050847,0.113607990012,-0.00311526479751,0.103966870096,-0.00456100342075,0.00984848484848,-0.00634920634921,0.135900339751,0.0887996089334,-0.0472306525038,-0.0171098028653,-0.00730337078652,-0.120711077129,-0.00557275541796,-0.00312098402791,0.0133787706677,0.0285079588106,0.0220573077716,-0.016529863449,0.00227479526843,0.0641221374046,0.00127203343631,-0.0814696485623,0.0302419354839,-0.0112563543936,0.0027502750275,-0.0149839457724,0.0128840436075,0.045871559633,-0.013644115975,0.0766283524904,0.0407358738502,-0.0131888836552,0.0128651835969,-0.0119047619048,0.0198856574696,0.0196856629121,0.0692307692308,0.0123372172721,0.0213720316623,-0.0135699373695,-0.000681044267877,0.00820328131253,-0.0257009345794,0.0127910727451,0.0746349378042,-0.01044030867,0.0325732899023,0.00869040513685,0.00982751443884
-0.150285542531,-0.0128153784541,-0.0462427745665,-0.0323962580409,-0.0393598615917,-0.0298913043478,-0.0539188438021,-0.047619047619,-0.00505646384628,-0.0107345821932,-0.0294250792214,0.000541711809317,-0.0571180052189,-0.0437839520802,-0.0431965442765,-0.0609617569103,-0.000559440559441,-0.0720647773279,-0.180089820359,-0.0470976097963,-0.00233644859813,-0.0386178861789,-0.0291088883837,-0.0883525243578,-0.0592485549133,-0.00584225900682,-0.0416675093197,-0.0403295750217,-0.0262905982906,-0.0401392111369,-0.0692950034223,-0.0533736153072,-0.0819231916798,-0.0751121076233,-0.07125,-0.0643632773939,-0.0383734249714,0.00250062515629,-0.0181043663472,-0.0478564307079,-0.0349070501578,0.00477802110293,-0.0778515783018,-0.0560271646859,-0.00643719806763,-0.0211706102117,-0.0644567219153,-0.0230829908249,-0.0734197069789,0.0080677692618,-0.0467243589744,-0.0299591466182,-0.0114777618364,-0.0417422867514,-0.0921739130435,0.0508806262231,0.00110172603746,0.0191991223258,-0.0449112640348,-0.0587084148728,-0.0476973684211,-0.021325648415,-0.0602016607355,-0.0614478114478,-0.091169451074,-0.0105848107965,-0.119036144578,-0.0553253716793,-0.0758337140247,-0.118705035971,-0.0301286391334,-0.0382330147249,-0.112698412698,0.0258973194003,-0.0296685850367,-0.000799360511591,-0.0204779580431,-0.0400100654253,0.0357798165138,-0.0893796004206,-0.0453534644195,-0.0224618872494
0.0381833903235,0.0137931034483,0.0160606060606,0.195539012799,0.054029716344,0.00809523809524,0.027027027027,0.116761363636,-0.0169405387091,0.00957446808511,-0.00629664179104,0.0782349756362,0.0661131611316,-0.00762984093969,-0.0645598194131,0.0120967741935,-0.010635320459,0.0741710296684,0.0962205587,0.0150129741752,0.0237658079625,0.109936575053,0.0269846287126,0.0267184843333,0.0903225806452,0.0421155729677,-0.013667698368,-0.0322070463391,0.00658333625926,-0.00120860526952,0.143025239748,0.0212765957447,0.0384264202919,0.10303030303,0.00874831763122,-0.0820848280228,-0.00595592614652,0.0541282115241,-0.0119305856833,0.0429319371728,0.0894064285403,0.0471567267684,0.0655610115047,0.0101918465228,0.0158022050154,-0.015903307888,0.0116141732283,0.105732863032,0.0332552917005,0.0440176070428,0.0240600897042,-0.0159101544221,0.0203193033382,0.0251893939394,0.0593869731801,0.0800744878957,0.00696991929567,0.0110333692142,0.0337504740235,-0.004158004158,0.0397236614853,0.041519434629,0.0400757336699,0.00269058295964,0.0015756302521,0.00237840522676,0.0284463894967,-0.0443756449948,0.0397923875433,0.0334693877551,-0.057242582897,-0.0327692720924,0.106141920095,0.00066430469442,0.00112485939258,0.0328,0.0278734720104,-0.0180865006553,-0.0943312666076,0.0504234026174,-0.00601428989831,0.00727390125547
-0.0148781919022,0.00960384153661,-0.0128243364152,-0.00554734190612,0.00598035027766,-0.00741430251836,-0.012585812357,-0.0384126176545,0.0122350508358,0.0497365648051,0.0260502229524,-0.0399196585488,0.0109604845688,0.0352446853835,-0.00410231660232,-0.00239043824701,0.0557284299859,0.0207148659626,-0.0481345769487,0.00608679773571,0.0293996541217,0.154285714286,-0.0159448953536,-0.00165602081855,-0.0312764158918,-0.0296052631579,-0.0277070540662,-0.000948888068862,-0.0372708722117,-0.00435624394966,-0.00530162651843,0.075625,0.0230998509687,0.0846153846154,0.00600400266845,-0.0248275862069,-0.018573996405,0.0141978230005,-0.0179290157336,-0.0542168674699,-0.0145055179684,-0.00756859035005,-0.0327622841965,0.00445103857567,-0.022341354841,-0.0148674854557,-0.028993967698,0.0328990353203,-0.0560528488852,-0.0527021847451,0.00890083985055,0.00808368996671,-0.0113798008535,0.00110844263809,-0.0741410488246,0.051724137931,-0.0134790528233,0.00638807559223,-0.0469552457814,0.00835073068894,-0.063122923588,-0.0118744698897,-0.0163834951456,0.0156529516995,-0.00839014158364,-0.03251350759,-0.0478723404255,0.00836933045356,-0.0211552174947,0.0126382306477,-0.0170307293595,-0.0113857261872,-0.0469002695418,0.0993582651029,0.0145045965271,-0.103795507359,-0.016610995417,-0.00640683395622,-0.0244498777506,-0.0113594723342,-0.0266147710609,-0.00798341177202
0.0148146724824,-0.00475624256837,0.0465256797583,0.0167807012498,0.0530785562633,0.00529083248963,0.0550405561993,0.0283068783069,0.0270684371808,0.0485846215619,0.0162397072278,-0.00366108786611,0.028245363766,0.0089735948306,0.0501574993942,0.0638977635783,0.0369774919614,0.050139275766,0.0265966754156,0.00344848448182,0.0329955555556,0.13696369637,0.00273963874996,0.042654028436,0.00610820244328,0.117675544794,0.0200833259983,0.0647213574449,0.0516304347826,0.0243072435586,0.125640362225,0.0416424559365,0.0128623452294,0.0577507598784,0.0397877984085,0.017916077322,0.000610500610501,-0.000699953336444,-0.0234724292101,0.187898089172,0.0551794177387,-0.00800762631077,0.0801010530941,0.0206794682422,-0.0232558139535,0.0131233595801,0.0741482965932,-0.0279069767442,0.0220239344951,0.018409872547,-0.0104136496913,0.0485849056604,0.16690647482,0.00941133050378,0.025390625,0.0491803278689,0.0343426883309,0.0293573128802,0.0238645111624,0.0465838509317,0.216312056738,0.0143061516452,0.0592227020358,0.00220167327169,-0.0195663670016,0.0762836233982,0.00670391061453,0.0348058902276,0.0252549781447,0.0483619344774,0.0112994350282,0.0328651685393,0.0203619909502,-0.0209339774557,0.0923278292388,-0.000864304235091,-0.026197077385,-0.00429876410532,-0.0295739348371,0.0463306152706,0.0142907426962,0.00306608905505
-0.0383989093801,0.0151334129829,-0.00288683602771,0.022254302301,0.0213709677419,-0.0188752802053,0.048325096101,-0.000257267815796,0.0440908337477,0.0298678920161,0.00967814539725,0.0144356955381,-0.019422863485,0.00613704024942,-0.00207660359945,-0.102102102102,-0.00387596899225,0.0215990905646,0.0211351627748,0.279030507657,0.0107562041786,-0.126269956459,0.00136607681799,-0.0197727272727,0.0248626770743,0.0307625649913,-0.0298410872223,0.0542312403095,-0.0077519379845,0.0353583293783,-0.0416494276651,0.0126441056155,-0.0251679058864,-0.0421455938697,0.0248724489796,0.0291801760074,-0.0402684563758,0.00373569927621,-0.00877527661198,0.159964253798,-0.00545396214309,0.00922544685758,0.0771098427549,0.0541244573082,0.024649122807,-0.0275259067358,0.0223880597015,0.130373205742,-0.0122914056027,-0.030989272944,-0.0210464699479,0.0112460638776,-0.0098643649815,-0.0118829981718,0.0628571428571,0.1046875,0.00428418421992,0.0413669064748,0.0327067669173,0.0296735905045,0.00680272108844,-0.0346967559944,0.0483401281305,0.0421792618629,0.0598705501618,-0.0608470450427,0.0127635960044,0.000517464424321,-0.0317385125533,0.0409226190476,0.00744878957169,0.00870274680446,0.0631929046563,0.00719572368421,0.0136418103051,-0.00951557093426,0.00814015218545,0.0264436049649,0.0191115702479,0.0417995040737,-0.0208287062743,-0.0202499276906
0.118418461781,0.014123185563,0.0330052113492,0.105604516198,0.0461902881958,0.011669820246,0.0240963855422,0.0486361296963,-0.0139704715034,0.0210076222346,0.0323227819884,0.0131953428202,0.0523486134692,0.00183127993886,0.0291329479769,0.0493311036789,0.0145265888457,0.0155786350148,0.0469036888666,0.0471386820025,-0.00286901295738,0.0813953488372,0.0124971158283,0.0788314398331,0.0380818053597,-0.0458175704077,0.0189742069374,0.0488962909736,0.0130208333333,-0.00595920238368,0.078980188996,0.0495776716856,0.0334449640765,0.03,-0.00248911014312,0.0796579657966,0.043229497775,0.00767620376832,0.0819861431871,0.0785824345146,0.0548387096774,0.0205675109503,0.0586194280859,0.00302031850632,0.0264899042401,-0.015984015984,0.0346715328467,-0.00318309572991,0.0636707755023,0.059860598606,0.0615105025715,0.0160142348754,-0.0124533001245,0.0584643848289,0.0322580645161,-0.012729844413,0.0408816210451,0.0389834690353,0.0451401528941,0.0268972142171,0.0859073359073,0.0359438924605,0.000555555555556,0.0413153456998,0.113486005089,0.0407697929354,0.0284931506849,0.0201706749418,0.0557729941292,0.0321658327377,0.0443622920518,0.0142895659207,0.0709071949948,-0.00571545213309,0.0651086659998,0.0978165938865,0.0291459442592,0.0375920084122,0.022807906741,0.0360421625298,0.0131415731611,0.0479692170407
0.0201232394366,0.00851063829787,-0.00504484304933,0.0413003162327,0.0335849056604,-0.00156171826415,0.0122762148338,0.00638036809816,0.011914345516,0.0129278951202,-0.0170589505506,0.0520939734423,-0.000806668459263,-0.00304655413796,0.0177488204898,-0.0362549800797,0.01355152135,0.0135135135135,0.0577168367347,-0.0642837850005,-0.00917822838847,0.0184331797235,-0.000672263162542,0.0182677842252,0.0127717391304,0.0132158590308,0.0500945592086,0.0320639229646,-0.0115681233933,-0.00230574129583,-0.0122257541067,-0.0297410776767,-0.0111777301927,0.0145631067961,0.0386774797255,0.0345977490621,0.0146252285192,-0.0136195752539,0.0106723585912,0.005,0.00611620795107,-0.0287367046091,0.0226644370123,0.00437996167534,-0.0230302741472,0.0010152284264,0.0529100529101,0.0562897034345,0.0246144721234,-0.00870406189555,0.0139240506329,-0.00306479859895,-0.0353089533417,0.00104876769795,0.104166666667,-0.0444126074499,-0.0676229508197,-0.0501068629779,0.0362243120864,0.0355472404116,-0.00266666666667,-0.0146685472496,0.0591338145475,0.0182186234818,0.0169104204753,-0.00700315516483,-0.02610548748,0.0103929024081,0.0127432808156,0.0346260387812,-0.00424778761062,0.00239234449761,0.0199610516066,0.0100595360296,0.0204900537864,0.0970564836913,-0.00887290258758,0.0240689130986,0.0133795837463,-0.0502133245816,0.0444683872864,-0.0576850435039
-0.0650984588302,-0.0268507863445,0.00760563380282,0.0937586147582,-0.00803212851406,-0.00624259482141,-0.0207175341081,0.0173128505243,-0.0292760540971,0.00287614596441,0.00637082601054,-0.0296116504854,0.0169537136706,-0.0155639118791,0.0105960264901,-0.00992145514675,-0.107719475277,0,-0.0217063611697,0.0460406042529,0.0271434726411,-0.0588235294118,-0.016396012736,0.00780920219502,0.0335390394419,-0.0271826086957,-0.0103971129136,0.00887739149855,0.0637191157347,0.00531546105847,0.102257128069,0.0346195456185,0.0151587335961,0.000956937799043,0.0102102102102,-0.0124899274778,0.0192192192192,0.0276152586005,0.0443505807814,-0.0767590618337,-0.0387598784195,0.0190201729107,0.0185320440845,0.0299809212319,0.00325609756098,0.0158891142664,-0.0134003350084,0.0351836367145,0.0277285666577,0.10556097561,-0.0151217228464,-0.020202020202,-0.0718954248366,0.0258425004365,-0.0062893081761,-0.0179910044978,-0.0157509157509,0.01,0.0487394957983,-0.0424570912376,-0.00713012477718,-0.0303464070999,-0.00445609436435,-0.11689860835,0.000449438202247,-0.00915510885245,0.00109409190372,-0.00301053687908,0.0526195378632,0.000669344042838,0.00639886242446,0.0111376292761,-0.00715990453461,0.049593495935,0.00778047352129,0.0116026105874,0.0206542356288,0.0299356754082,-0.0205378973105,0.00794747753974,-0.0106437848736,-0.0252746580787
-0.0532572778793,-0.00236499802917,-0.0251607492312,-0.0281496396909,-0.00625690099374,-0.00502827521206,-0.00412796697626,0.0544103547459,-0.0163907556138,-0.008603692418,0.00567561667758,-0.00175087543772,-0.0439269648055,-0.0248097210506,-0.00109217999126,-0.00375782881002,-0.0163980774668,-0.0144144144144,-0.0246533127889,0.0946051602815,0.019605704698,-0.00320512820513,-0.0205526495008,-0.0121465968586,-0.0420560747664,-0.0203264386721,0.0296711603881,-0.0421824174338,0.0574572127139,0.0422988505747,0.0313999305853,0.023178807947,-0.00261672141872,0.0898661567878,0.00951248513674,-0.0077519379845,0.0430170889806,-0.00637667957185,0.00674081563869,0.0238645111624,0.00522374845058,0.0935143288084,0.0203354275256,0.0042339243186,-0.00729332539171,0.00865224625624,0.0169779286927,-0.00972412079036,-0.0160155730171,0.0111189551712,0.0157753798862,-0.0367548184671,0.0225352112676,0.0245106382979,0.0537974683544,-0.0167938931298,0.00930405656866,0.00148514851485,-0.0192307692308,0.0235849056604,0.0188509874327,0.00679067020963,-0.0258030542391,-0.0049527239982,-0.0494159928122,0.0386240365401,-0.0136612021858,-0.0138399597383,0.0332536405129,0.0468227424749,-0.0505121865065,0.00131130343561,-0.0129807692308,0.0300154918668,-0.0511373069899,0.00716845878136,0.005399086539,0.00312274801826,0.243135297054,0.0246828933836,0.0346716316858,-0.0141813568655
0.0476348321179,-0.00790201501383,0.0235159162604,0.0139691136171,-0.0037037037037,0.0123192490042,0.0155440414508,0.0254603318936,0.0188301949675,-0.0159103236304,-0.0104189277187,0.0611375595089,-0.0254636036535,0.0184428320803,0.0137765143232,-0.0410729253982,0.017533774073,0.0106032906764,-0.0176935229068,0.0318067226891,0.0651077449666,0.389067524116,-0.0083941616638,0.0394318422726,-0.0121951219512,0.0629562043796,0.0137996669046,0.00621440998414,0.0173410404624,-0.0108072342303,0.00271185098676,0.0117526826776,0.0375572127244,0.109649122807,-0.0182567726737,0.0318667763158,0.110734463277,-0.0185652074261,-0.0234348844995,0.202255639098,-0.00110726643599,0.0206896551724,-0.0447484082112,-0.00105401844532,-0.0187835968016,0.0148465852854,0.00333889816361,0.0278274509804,0.0167134248368,0.00785477395706,0.00208090898597,-0.0139599813867,0.00550964187328,0.0407044359528,0.153153153153,0.111801242236,0.0173303834808,-0.0232328225408,-0.0130718954248,-0.0175115207373,0.0801762114537,-0.0234604105572,0.00027027027027,0.000452488687783,0.0307183364839,0.0686767629571,0.016620498615,-0.0214340392957,0.0279764408919,-0.12268370607,-0.0189732142857,-0.0146673651126,-0.0462737457379,-0.0235006580184,0.0270341207349,0.00142348754448,0.00939114102363,0.0562739463602,-0.0128514056225,0.00468384074941,0.0207955712893,0.0234252643562
-0.0135680917196,-0.00238948626045,-0.0333426730177,0.0606910634265,-0.0386617100372,-0.0283857505123,-0.0290816326531,-0.0684992241188,-0.000981354268891,-0.0453793863678,0.00570300504497,-0.045572609209,-0.0460096563476,-0.0168586507353,-0.0355910267472,-0.0126748251748,-0.0398305084746,-0.00397973950796,-0.0723705371502,-0.0697967992833,-0.0339899575126,-0.0462962962963,-0.0329179795665,-0.0581276769325,-0.0211248285322,-0.00343347639485,-0.0254534482181,-0.0969406960794,-0.0465909090909,-0.000445930880714,0.0254264055591,-0.026936026936,-0.0451303475477,-0.0782608695652,-0.0263947210558,-0.0832835226141,-0.029501525941,-0.00583839327417,-0.0157696263284,-0.0187617260788,0.0318062151234,-0.0346283783784,-0.016471389197,-0.0166183065154,-0.00165974068112,-0.0240572171651,-0.00332778702163,-0.0329955436176,-0.0232164621886,-0.0180117769311,-0.0520267745953,-0.0613496932515,-0.027397260274,-0.05156449553,-0.0559895833333,0.0321229050279,-0.00906125407756,0.0374493927126,-0.0596026490066,-0.0459662288931,0.047308319739,-0.0324324324324,-0.0826803566604,0,-0.00458505272811,-0.00618972094818,-0.0408719346049,0.0125162972621,-0.0186208307755,-0.0386016023307,-0.026924535457,-0.0132908027645,-0.0755873340143,-0.0465922217944,0.00204446716075,-0.0618336886994,-0.012962511722,-0.0607571979143,0.0475996745321,-0.032634032634,-0.0203719254611,-0.0196764576849
-0.0161698113208,-0.0135728542914,-0.0460869565217,-0.0422556218072,0.0135344160866,-0.0224734791758,-0.00210194429848,0.050214183722,-0.00360183366077,-0.0175134719015,0.00501635768811,0.0338941118258,0.000297707651087,0.014924793601,0.00492059941847,0.0292164674635,0.00264783759929,0.0181620050854,-0.0135228848821,0.0350216696581,-0.00299880047981,0.0461165048544,0.027960160936,0.0227371156345,-0.0347533632287,0.0163652024117,-0.0200496769621,-0.0222974261875,-0.0226460071514,0.00356903859023,0.0211766517788,0.0228373702422,0.0295036195904,0.0548885077187,-0.00554528650647,0.0156487720061,-0.00104821802935,0.0133897110641,-0.000696621386277,0.0407903123008,0.0334261158316,-0.016447944007,-0.00111648263311,0.00134120171674,0.0054125,0.0902731512325,0.093489148581,0.00375619456457,0.0141722907172,0.00634920634921,-0.00496241243526,0.0180995475113,0.0366197183099,0.0329910789429,0.031724137931,-0.0311231393775,0.000731528895391,0.00268292682927,0.0225352112676,0.00294985250737,0.0685358255452,-0.00124146492862,-0.00265095729013,-0.0321121664405,-0.0225702441271,0.00150099635103,0.0386363636364,-0.0177697656451,0.0227272727273,0.0424242424242,-0.00701480904131,-0.0150862068966,-0.0414364640884,0.0246365105008,0.00629091218227,-0.0030303030303,0.0164991565269,-0.000482741974415,0.00776699029126,-0.0299483648881,-0.0277317907879,-0.00983131714983
0.0438409757781,0.0234722784298,0.0814342145245,0.00720948532,0.056848531095,0.0124778325123,0.028962611901,0.0432812145932,0.133256654617,0.0191968658178,0.0260416666667,0.0217755443886,0.047619047619,-0.0162691049601,0.0158023592255,-0.0451612903226,0.0657276995305,0.0934712807706,-0.0161687170475,0.0398849553779,-0.0144375375978,0.11716937355,0.00236518732404,0.0307008257463,0.0383275261324,0.0563559322034,0.00806038265754,0.0812009972179,0.0713333333333,0.0526783729718,0.119353744062,0.0186062246279,0.0235415822068,-0.0325203252033,0.0656753407683,0.132035095228,0.0320041972718,0.0319888734353,-0.037295224817,0.0416411512554,0.0372120496161,0.0359366660737,0.0640794929974,0.0814358424859,0.0385413947012,0.0528567063856,0.0854961832061,0.112012578616,0.0266400609558,0.0427620049071,0.0346163747863,0.0686419753086,0.164402173913,0.0211829884308,0.101604278075,0.0516759776536,0.0456871345029,0.0150814886889,0.017217630854,0.15,0.128279883382,0.0149160969546,0.00620200826934,0.0481308411215,0.0655042412818,0.0229549428495,0.0306345733042,0.0823282642895,0.0183486238532,0.0581395348837,0.0934065934066,0.0568927789934,0.100288184438,0.00551832873473,0.0405508152403,0.0881458966565,-0.00563000905217,0.060613378411,-0.00655105973025,-0.00816181689141,0.0172294273234,0.0268899667968
0.0889599294494,0.0102807433768,0.0449564484406,0.0211010699019,0.0191335740072,-0.01556927598,0.00562947799386,-0.0106429192007,0.0221835580687,0.00615029790505,-0.0080372250423,0.0723653395785,-0.00227272727273,0.0146325338104,0.0166520595968,0.0599099099099,0.0490088105727,0.0110929853181,0.0303679885673,-0.0540551533393,-0.00630722278739,-0.0238836967809,0.0075519382909,0.000205423171734,0.0229306487696,0.0168471720818,0.0190634729371,-0.0182860809239,0.0256196214731,0.0320945945946,0.0598905263158,0.0116240451677,0.0179739677944,0.18487394958,0.00116279069767,-0.0274102079395,-0.065582104728,0.00157232704403,-0.0144822592324,-0.0111699000588,-0.00783599088838,-0.00755624248669,-0.0819327731092,-0.00322021302948,-0.0179569750877,0.00580383052815,-0.0379746835443,-0.0844692042305,-0.0477851826392,-0.0786554621849,0.0388495083996,-0.000924214417745,0.0315052508751,0.00765916706558,-0.0133495145631,0.0690571049137,0.00104858441105,0.00886652288521,0.0362220717671,0.0153452685422,-0.062661498708,-0.0116350275566,0.028764308776,0.00133749442711,0.0420168067227,-0.0142554015594,-0.0132696390658,0.015261627907,-0.0256256256256,-0.0240384615385,-0.0132806891601,0.0395962732919,-0.00471451021477,0.0987847902783,-0.00219209223025,0.0122206703911,-0.00633169027636,0.0207194899818,0.0911559348332,0.0264758497317,0.0192797549341,-0.00402698984242
0.0559295439591,0.00547945205479,0.020435600968,-0.0123189643212,-0.0605773999292,0.00527348479981,-0.0407124681934,-0.059275521405,0.149929078014,-0.03629417383,-0.0113006396588,0.024241100677,0.118735763098,-0.0404425151881,-0.0103448275862,0.0169995750106,0.010498687664,-0.0125847047435,0.0280859916782,0.0417938685127,-0.00655200655201,0.0127659574468,0.0257581521416,0.00308071472582,-0.0746309458721,0.0216962524655,0,0.171350571191,0.0216352201258,-0.00961538461538,-0.103875673357,0.0128036769534,0.0174419384702,-0.0255319148936,0.0557491289199,-0.0338192419825,-0.0391730141458,-0.0412648575914,-0.0205731080088,-0.0267538644471,0.0622761502434,0.07111957086,-0.0091533180778,0.0067097415507,-0.00771640681189,0,0.0233918128655,0.0200772200772,0.0171248957844,0.0569135352061,0.0152866320276,0.0615171137835,-0.160633484163,-0.00870942201108,-0.0393603936039,0.0621118012422,0.00628491620112,0.025890736342,-0.0633779810519,-0.0159529806885,0.013094417643,0.00526641883519,0.0156918687589,-0.0111308993767,0.000424448217318,0.0250963107227,-0.0193652501345,0.0183727034121,0.11444421615,-0.00844475721323,0.0429246998909,0.0112023898432,-0.0252631578947,0.0162326079201,-0.0302685109845,-0.00241462573301,-0.028158366137,0.0292215034575,-0.029150373267,-0.0568142209829,0.00687407907463,0.0262951866969
-0.0242066915924,0.00895289996107,0.183926218709,-0.0143312144928,0.0222889226581,0.00327925270403,0.02175066313,0.0707117852975,0.0069076107068,0.0344895936571,0.0340737545827,0.0215351812367,-0.0073810129804,-0.000324553738609,-0.00587979094077,0.0388633514417,0.0498701298701,0.0421568627451,-0.00640809443508,0.140327706467,0.101195383347,0.0357142857143,0.0127860046416,0.00673218673219,-0.015364844904,0.0131274131274,-0.0084478162805,0.0667809712011,0.0934281617104,-0.0126007023342,0.0577366386495,0.0398703403566,0.00329671778777,-0.184861717613,0.003300330033,0.354435727218,-0.0113250283126,0.0283040935673,0.00637659414854,-0.0158827122786,0.0348509244951,-0.0530048465267,0.0573556581986,-0.0357936312022,0.0192506142506,0.00577034045009,-0.007,0.0565934897805,0.00351429271326,0.0440110459096,-0.0267526056947,-0.0213507625272,0.0902964959569,0.0444089456869,-0.0576184379001,0,-0.0430256766135,-0.0131974994212,-0.0167422392745,0.0392491467577,0.105442176871,0.0218798151002,-0.0497191011236,0.0706888788834,-0.0899024183284,-0.0151491163015,0.026330224904,-0.0157216494845,0.0383480825959,0.0674237047551,-0.0188315312173,-0.0386509108813,0.0302375809935,0.0261541162015,0.132656485988,0.0636237897649,0.0041347966707,-0.0117035110533,0.0710362504577,-0.0388026607539,-0.0113850279791,0.0149789115369
-0.00232516251576,0.0466820987654,0.0162474961051,-0.00123401467936,-0.0147910442256,0.0300538548614,-0.000519210799585,-0.082170880558,-0.0150679897097,-0.0229929105193,-0.0139728884254,-0.03819661866,0.00512820512821,0.00620848109485,-0.0514786418401,-0.021319388576,-0.0494804552202,-0.0112888052681,-0.092328581127,0.125122154258,0.0284484372076,-0.130831643002,-0.00811314925219,-0.0314996501847,0.0183048854032,-0.0190548780488,-0.0237396087514,-0.00917486175052,0.0183872719806,-0.0154811715481,0.0117351215423,-0.0483167082294,-0.014011014287,-0.00803571428571,-0.0334429824561,0.0359577596578,0.0194730813288,0.037534121929,-0.0190085724935,-0.0260707635009,0.00170213654686,-0.00407717634214,0.032031190276,-0.0427547363031,-0.023708221341,-0.00631095811819,-0.0502086030787,0.0107468332665,-0.0048164039395,0.219209786742,-0.0254120089379,-0.0213713268032,-0.103831891224,-0.0137656775772,-0.0747282608696,-0.0549707602339,-0.0177664974619,-0.00610042233693,0.0326356864136,-0.0509031198686,-0.122461538462,0.0343787696019,0.0653266331658,-0.0218671152229,0.0246608549718,-0.0107455008503,-0.0299305184393,0.0426337213454,-0.0759943181818,-0.0252659574468,-0.0227549848739,-0.0125480153649,-0.0146750524109,0.0159083133767,-0.0160752648344,-0.00715214564369,0.00962466846032,-0.0480263157895,-0.0420512820513,-0.0872741253364,-0.0172676882948,0.0104821522818
0.117924141214,0,-0.0135786246167,-0.0248925849116,-0.0067390490453,0.0180780209324,-0.08,0.0182854428877,0.0023631840796,0.024514610708,0.0215736040609,0.0321180555556,0.0576530612245,0.0126679672182,-0.00715935334873,-0.0698725852857,0.0856324830817,0.0212496035522,0.00411368735976,0.00965064659332,-0.00181983621474,0.0373395565928,0.0127249653899,-0.0319193616128,0.01944608132,0.0637140637141,0.0660876932853,-0.045820709223,-0.0102504065041,-0.00318742031449,-0.0867937033969,-0.0134294136915,0.00443899382807,0.0972097209721,0.000567214974475,0.0918996415771,0.0258426966292,0.0263100197325,0.0072188449848,0.0854047163799,0.0112066718791,0.0399109284001,0.0832486772487,0.00481412142284,-0.0102839506173,0.00635103926097,0.0133292941533,-0.0375684028467,-0.00600954734995,0.0467796610169,0.00212691326531,0.0213830755232,0.0137931034483,-0.0128722084367,0.0102790014684,0,-0.000369139904024,0.0184135977337,0.00171762281003,-0.0181660899654,0.0192847124825,0.031778425656,0.0474472807991,0.00859845227859,-0.0168334849864,0.0383427843208,-0.00606060606061,-0.0200913242009,0.0392006149116,-0.000682128240109,-0.0200072753729,-0.0191908713693,-0.0186170212766,-0.00353594881293,0.0196506550218,-0.0517354289456,0.0636271200535,0.00345542501728,-0.00820842255532,0.00800336983993,0.0574113150456,0.0499629756962
-0.0379510820096,-0.00810910431257,-0.0281971580817,-0.0351778344677,-0.0177157934414,-0.018691588785,-0.00112930547713,-0.0205223880597,-0.0173718823675,-0.0306278713629,-0.0312629399586,-0.00904121110177,-0.0219488663772,-0.00256856449597,0.02884391719,-0.0543526292532,-0.0369216015344,-0.00776397515528,-0.0249534450652,-0.0236729752119,0.0391978122151,-0.0303712035996,-0.0112208514177,-0.0305856832972,-0.0404624277457,-0.0277574872169,-0.0274852639248,-0.0504471900788,-0.0147857058367,-0.0240886804519,0.0392473508492,-0.0189243027888,-0.00176509621765,0.0131255127153,0.0498866213152,0.00354516806723,0.013691128149,-0.0352488784448,-0.0603545831762,0.0745742806812,0.0144329896907,-0.0275078240817,-0.0569910224975,-0.0212935853074,-0.0216298476929,-0.0189328743546,-0.0239162929746,-0.00368253594155,-0.0148979856557,-0.0515544041451,-0.0175392261994,0.00489977728285,-0.0408163265306,-0.0281225451689,0.094476744186,0.0136138613861,-0.0169867060561,-0.0257301808067,0.0315500685871,-0.00881057268722,0.0182318541452,-0.0200621644532,0.0704635761589,-0.000426257459506,-0.0291531698288,-0.00205103705046,-0.0171840354767,-0.0116495806151,-0.0748890532544,-0.0286689419795,0.00631031922791,0.00687466948704,-0.00542005420054,-0.0118283203785,-0.0216347928819,0.0379834254144,-0.0140765485625,-0.0397153351699,0.0273479668946,-0.00919348098621,-0.0271471064423,0.0186670780623
-0.000656198019198,0.00891861761427,-0.022389764679,0.0527003150848,-0.012663085188,-0.0190476190476,-0.00282645562465,0,0.0113650713474,-0.0282385466035,-0.00961743962385,0.0375556970083,-0.0143033292232,0.00835950285285,-0.01853945286,-0.00233644859813,0.0204132437142,0.0175273865415,0.0427807486631,0.0228437163463,0.010350877193,-0.0916473317865,-0.0115757275513,0.0237189527859,0.0144578313253,0.0623591284748,-0.0168414600926,0.00816876448954,0.0710359915691,-0.0203145478375,0.00675687472719,-0.0626057529611,0.0108486113512,-0.0234817813765,-0.0215982721382,-0.049457019495,-0.0167477039438,-0.0088573959256,-0.00321156162184,-0.020218579235,-0.0049593495935,-0.0127032520325,0.00035221116095,-0.0168615719336,-0.00976629734933,-0.00643274853801,0.0398162327718,0.0349211981431,-0.0253039752837,-0.0199399071292,0.00446308561805,-0.00886524822695,0.045390070922,-0.0109925638539,-0.00398406374502,-0.021978021978,-0.0112697220135,-0.0394955983821,0.0372340425532,-0.008,-0.0195945945946,-0.0144175317186,0.0247463499134,0.0272921108742,-0.0338417540515,0.0129505666389,-0.00282007896221,0.011315417256,0.00239856086348,-0.0231904427266,0.0169679085208,-0.00341386554622,-0.0479564032698,-0.0174418604651,-0.0105660377358,-0.0771789753826,-0.0227121173345,-0.0272531675831,0.0385288966725,0.00632644453817,-0.0210736125087,-0.0319798978201
0.0082918486394,-0.00478821362799,-0.0299135311989,0,-0.0174893120871,-0.0178009708738,0.00453514739229,0.0140476190476,0.00299662879261,-0.0184921763869,-0.0261113508848,0.0501022494888,-0.00025018764073,-0.01817410884,-0.00575904169546,-0.00889929742389,0.034886557697,-0.000307597662258,-0.0241758241758,-0.0182496889258,-0.0105921166869,-0.00638569604087,-0.0247979881867,0.00830601092896,-0.0151425178147,0.0102545968883,-0.022013340999,0.00557428365037,0.0630612677021,0.0231884057971,0.0715375810759,-0.0324909747292,-0.0350637223311,0.0422885572139,-0.023178807947,-0.0213351686167,0.00824175824176,-0.00335120643432,-0.0157068062827,-0.00167317345231,0.00600539259743,-0.0149253731343,0.0421054811685,0.0116182572614,-0.0420641971494,-0.0132430841672,0.0117820324006,0.00894285714286,-0.0580635595315,0.00682831661093,0.00473022864384,-0.000894454382826,0.0217096336499,0.00653808434129,0.00266666666667,0.0411985018727,0.0197568389058,0.0339360911568,-0.0342948717949,0.0456989247312,0.052377670572,-0.00906963136337,0.0284955324801,0.000830220008302,0.0439072520967,0.0322599044996,0.012443438914,-0.00885780885781,-0.0454636091725,-0.0223021582734,0.00290170475154,-0.0102766798419,-0.0864338866629,0.00591715976331,-0.0217391304348,0,0.00929450296539,-0.0213811747358,0.0276559865093,-0.0196982397318,-0.0209408214232,0.0241283524904
0.112071968378,-0.0151739452258,0.0720308359431,0.0738081070953,-0.0114715189873,-0.0118616340389,0.0428893905192,0.0652735383893,0.0378438939375,0.00331262939959,0.0033237314425,0.084323271665,0.0648148148148,0.00486962219476,0.017608897127,-0.0103969754253,-0.012729844413,0.0187692307692,0.0228978978979,0.170387702707,0.0624780624781,0.098971722365,-0.00682776404921,0.0450899631476,0.0223093156467,0.0437521876094,0.0193853628824,-0.0188929995331,-0.0101113063855,-0.00610154717803,-0.0248757829317,0.108582089552,0.027941717666,0.0875099443119,0.0045197740113,0.0189873417722,0.00217983651226,0.0206231786595,0.00531914893617,0.045251396648,0.0663654822335,0.029083942877,0.0626037184621,0.0475799835931,0.0421102150538,0.0208768267223,0.0698689956332,0.0909580041345,0.0151675744124,0.159169550173,0.0174005134788,0.0555058191585,0.0770252324037,0.0306917830464,-0.0146276595745,0.134292565947,0.0454545454545,0.0412074748443,0.0414868901427,0.0788346186804,0.018991486575,0.0224387363448,0.038271894811,0.0506014102032,0.0482041587902,0.0134590033233,0.0424581005587,0.030103480715,0.0954668894924,0.0117733627667,0.0188065099458,0.0247603833866,0.016290726817,0.0060553633218,0.0526315789474,-0.0173035328046,0.0546066479565,0.0266197890507,-0.00328191663932,-0.00598546387345,0.0279237867051,-0.0025377466431
0.0241185362731,-0.0229237128899,-0.0393258426966,-0.0192103996769,-0.0124049619848,-0.00700234578584,-0.0167748917749,0.0174123870399,0.0335852225021,-0.0400330169212,-0.0163427561837,-0.00179597701149,0.00376028202115,-0.00549314838416,-0.0380236794171,-0.03629417383,-0.0379656160458,-0.0102688009665,0.0539449541284,-0.0769423002166,0.00280806078626,-0.012865497076,-0.0109062573335,-0.0574569591371,-0.0342081981716,-0.0489604292421,-0.0184052916082,-0.051363719568,-0.0244061216519,-0.0181977636483,-0.056846473029,-0.0430831369909,-0.0304971027752,-0.0526700804682,-0.0174353205849,-0.0372670807453,-0.0163132137031,-0.0254777070064,-0.029711029711,0.0304649919829,-0.0171368184544,0.023692672195,0.0218267513303,-0.0323675280606,0.00473346832961,-0.0280455740578,-0.0884353741497,0.0222193380921,-0.0216878180897,0.0094328358209,-0.0183646560807,-0.00805767599661,-0.0678175092478,-0.0285174097999,-0.0647773279352,-0.0750528541226,-0.00926585887384,-0.00552231937414,-0.0363288718929,-0.010325655282,-0.0308483290488,-0.0170372509385,-0.0585707824514,-0.0292143703119,-0.0175834084761,-0.0116601498606,-0.037513397642,-0.0166666666667,-0.0377574370709,-0.0625454545455,-0.0443734469294,-0.012470771629,-0.0745992601726,-0.0230438521066,-0.0131111111111,0.015407190022,-0.0704942288568,-0.041095890411,-0.0503786631544,0.0395698924731,-0.0219665819867,-0.00726691942002
0.0227925531915,-0.0280769230769,0.0138011695906,0.0345305448093,-0.0186385737439,-0.0238398654128,-0.0137589433132,0.0236135181976,-0.0478124637345,0.0455717970765,-0.0682532555007,-0.0341849586182,0.0395691875439,-0.0370500988466,0.0123076923077,-0.0589692765114,-0.0454206999255,0.0305157155935,-0.0198467966574,0.0300815209217,-0.0169659034755,0.00710900473934,0.00575203876467,-0.0114436619718,-0.0174045801527,-0.0253878702398,-0.037500796308,0.0481887413811,-0.0969123445557,0.00223313979455,-0.0706027276727,0.00316567006683,0.00728968639304,-0.0023166023166,-0.034344590727,0.0015770609319,-0.0105030403538,-0.00563443768312,-0.010067114094,0.00778008298755,-0.0244582853047,-0.0490990246322,0.00609516139365,-0.0264364715403,-0.0569062901155,0.0246468289751,-0.010447761194,0.0519032020518,0.0110032932392,0.0854033593565,-0.0231362467866,0.0111158614793,-0.0224867724868,-0.0192993837172,0.002886002886,0.0285714285714,-0.00287769784173,-0.00925497454882,-0.0416666666667,-0.0288924558587,-0.0351458885942,-0.0235017626322,0.0261830410761,-0.0345668971126,-0.0426801284993,-0.00531961005288,-0.0768374164811,-0.0341304852566,-0.0328973444312,-0.011636927851,0.00668647845468,-0.034727703236,0.00599600266489,-0.0049287097342,-0.0242437889364,0.0274566473988,-0.0234895450834,0.0375,0.00346740638003,0.000827472072818,-0.044913206183,-0.0333104546972
0.0111423147931,0.00910170162248,0.0616059067836,0.0140006853482,0.0156895127993,-0.00447368421053,-0.0100446428571,0.0133333333333,-0.0296160877514,0.0361842105263,0.0407228915663,0.0167660208644,0.0146396396396,0.0219381728334,0.00163666121113,0.0321221695629,0.0379615184607,0.00325732899023,0.0870337477798,0.111380428117,0.0563002680965,0.141176470588,0.0250238927668,0.0191451469279,0.0494095711622,0.0141099855282,0.000647158752454,0.0795451756216,0.0418205999704,-0.00467914438503,0.119269876735,0.00736325385694,0.0613306177868,0.015479876161,0.00652045050385,0.0578299456055,0.0826815642458,0.032184950136,0.0173728813559,0.251158003088,0.0747180077846,-0.0222531293463,0.0679231895791,0.0351898032696,0.00906529462208,0.0847755940158,-0.0150829562594,-0.0399758599879,0.0240350614376,-0.0225588491718,-0.000878289473684,0.030866807611,-0.36400541272,0.0279477426823,0.0129496402878,-0.0655555555556,0.00577200577201,-0.0114432508174,0.0700483091787,0.127272727273,0.0749140893471,-0.00782190132371,0.0941011235955,0.0661331086773,0.0939597315436,0.0244743055446,0.00723763570567,0.0358173076923,-0.0573770491803,0.0117739403454,0.0380073800738,0.0245298446443,0.0708609271523,0.0038917388997,0.0255384615385,0.17229254571,0.0171829308331,-0.00958937791984,-0.0884588804423,-0.0181893344357,0.00804665376959,-0.024231528345
-0.0747579431922,-0.0407843137255,-0.048902412519,-0.0251977340911,-0.0479674796748,-0.0186593273312,-0.0140924464487,0.0031328320802,-0.0366742024617,0.018253968254,0.019680481593,-0.113961157933,-0.030410654828,-0.0194835348987,0.0653594771242,-0.0229591836735,-0.060120240481,-0.112750885478,-0.0493464052288,0.0769635021152,-0.0314086294416,-0.0319587628866,0.000233094730879,-0.0196592398427,0.0225051821143,-0.055654655726,-0.0311464205134,-0.0320587516413,-0.0681882656351,-0.0219386612939,-0.0733691974557,-0.0222763661678,-0.0535264241944,-0.00914634146341,-0.00765606595995,-0.0577807848444,0.0412796697626,-0.0153711023276,0.0812161599334,-0.124228712464,-0.0309505991482,-0.0869487908962,-0.0851788756388,-0.116167023555,-0.0256296116439,0.0170362358031,0.00918836140888,-0.0256229726672,-0.0177622491818,-0.0525142156316,-0.0517987838002,-0.118949958983,-0.0702127659574,-0.014157014157,-0.0610795454545,-0.090368608799,-0.0319225251076,-0.020552799433,-0.023218316672,-0.0637829912023,-0.0242966751918,-0.0357792601577,-0.0665382969619,-0.0367443698143,-0.0293602103418,-0.0279962568541,-0.025748502994,-0.0619633325598,-0.0645652173913,-0.055857253685,-0.190543903306,-0.0401702580474,-0.0222634508349,-0.0121585903084,-0.0246774677468,-0.0359928014397,-0.0192571130469,-0.0456802383317,-0.0121304018196,-0.008,-0.0319227346053,0.0213419315216
0.0609530691941,0.0028618152085,0.0287934186472,-0.0181874197623,0.00170794192997,-0.0440124014303,-0.0182961692396,-0.00624609618988,-0.0169491525424,0.0344894777864,0.00840145322434,0.0583126550868,-0.0341117216117,-0.00303208137715,0.0212532865907,-0.0146214099217,0.0295842217484,-0.00964737192282,0.044688896528,0.0142731664471,0.0275139207337,-0.00851970181044,-0.0144131069007,-0.00958110516934,-0.0107153200116,-0.0181337363053,0.00134264843092,0.00939590221215,0.0627992582547,-0.0128175783932,0.0116293929712,-0.0516197935208,-0.0144087155157,0.0676923076923,0.0308605341246,-0.0307338790751,-0.01189296333,-0.00780553077609,-0.0169491525424,0.062940347581,0.0374212247466,0.0428432327167,0.00372439478585,-0.000605693519079,-0.0221505406116,-0.0324381813348,-0.0667678300455,-0.0241806451613,-0.0238988351916,-0.0566015533067,0,0.00512104283054,0.091533180778,0.102317232376,-0.170953101362,-0.0169934640523,-0.00926268988514,-0.0260492040521,0.0907890392869,0.0187940485513,-0.00786369593709,-0.0235849056604,-0.0105432042173,-0.0118949958983,0.00451467268623,-0.0595227675978,-0.0639213275968,-0.00272142503711,0.000697188008366,-0.0271158586689,0.000878348704436,0.000831485587583,-0.00885515496521,-0.0189083125223,-0.00799815427209,0.0547604231487,-0.0392704618163,-0.017429760666,-0.000383729854183,0.108234295416,-0.00253546417669,-0.0239352662815
0.0626907509529,0.0232368528333,0.0424255886273,0.143114317328,-0.0153452685422,0.0202596685083,-0.000582411182295,0.00104755918709,-0.00119363395225,0.0506686758335,0.0231929745553,0.0441578741696,0.0831950699218,-0.04053865656,0.0341128513195,0.0731319554849,0.0264043489516,0.038629492778,0.064494899638,-0.0731760121238,0.0145043034747,0.204081632653,0.0280685161518,0.0377952755906,0.0327868852459,0.035013466718,-0.00869657439813,-0.0347728449505,0.0590755208333,0.0667748666821,0.0760304627157,0.0101351351351,0.00685711151035,-0.0201729106628,-0.0184225676454,0.0551192769299,0.0581745235707,-0.0427062261182,0.0399686520376,0.0380026513478,-0.0143550343712,0.0778711484594,0.0145361781076,0.0590909090909,0.014639049736,0.0445177246496,-0.0146341463415,0.0123766958453,0.0249807499193,0.0278158912311,0.0253090277778,-0.00277906438166,0.0356394129979,0.0220577350111,0.014598540146,0.0890957446809,0.0377711293942,0.0403665180783,0.0390435835351,-0.0384319754035,0.054821664465,0.00354267310789,0.0748204771832,0.138231631382,0.0512359550562,0.0420551259708,-0.01050558109,0.013396179608,0.126335346029,-0.0228040540541,0.034664326459,0.00526170036001,-0.0887045309509,-0.00290909090909,0.0832622683929,0.0206489675516,-0.0125471014204,0.0569234842468,-0.0207293666027,0.0283416315588,-0.0114421913705,-0.0132354319847
0.0140763475453,0.0239043824701,-0.150649904113,0.067374809449,0.017316017316,0.00396930691461,0.0168997668998,-0.0110925073252,0.00411631921392,0.0139835066332,-0.000220070422535,0.0497754491018,-0.129978118162,-0.00352499246566,0.00352697095436,-0.0632098765432,0.0247162673392,-0.0766494178525,-0.00309119010819,-0.0207635806795,0.184760408484,0.115967885816,0.0704272917037,-0.0466074138305,0.0479024943311,0.0182156133829,-0.0384615384615,0.0048218913869,-0.0305764904041,-0.00173875244512,0.0591194968553,0.0479375696767,0.0399498753695,0.144852941176,-0.0404692082111,0.246032860553,-0.0895734597156,0.0255928621742,0.0188394875659,-0.031502767135,-0.0157389277389,-0.014553014553,0.0225479349347,-0.00486409155937,0.00325114766908,0.0197316495659,0.0280528052805,-0.0607350905149,-0.0377660918724,-0.0743932038835,0.0538828063355,0.0385508592661,0.0101214574899,0.0157879490151,-0.0359712230216,0.025641025641,0.00792792792793,-0.0564151392526,-0.0171861345762,0.0383693045564,-0.0751408891672,-0.00609756097561,-0.0275862068966,0.0036469730124,0.0196665241556,-0.0289998619827,-0.0212342402123,-0.151040391677,0,0.0458081244598,0.0156912637829,-0.0851239669421,0.0147058823529,0.0495988329686,0.0314893007944,0.00231213872832,-0.0243279656641,0.0170340681363,0.0552724421795,0.0178770949721,-0.0315115491357,0.0358990889503
0.0458484763769,0.0509727626459,0.0383843452082,0.0615085597086,0.0425531914894,-0.0485436893204,0.0229226361032,0.0554497354497,0.0564665432425,0.0753182461103,0.0277349768875,0.0597147950089,0.122736418511,0.00106393895043,0.0256357246227,0.292040063258,0.0297809500369,0.0875656742557,0.00744186046512,0.0530096212463,0.0523803209123,0.0463629096723,-0.00107158398607,0.0279672578445,0.0251284825534,0.0281124497992,0.018247566064,0.0570571651371,0.103994927077,0.0413672980623,0.10253365004,0.0879432624113,0.0261951538965,0.00899165061015,0.0464547677262,0.0406852248394,0.0380010411244,0.0171703296703,-0.0562130177515,0.0764835164835,0.0422784714196,0.0536216596343,0.0107302853362,0.0531914893617,0.0987482614743,0.0433436532508,0.109149277689,0.0121815552342,0.0330421517694,0.0389406057428,0.020279562982,-0.00805008944544,0.0320641282565,0.0673035790674,-0.0727611940299,0.0785714285714,0.0321773328566,0.0295156407669,0.0616478956728,0.0685142417244,0.039268788084,0.0426218921537,0.0301418439716,-0.00254360465116,-0.2071278826,0.0205851121646,0.0542372881356,0.0619953863899,0.0684536082474,0.0338842975207,-0.0167014613779,0.0213791026799,0.0814354727398,0.00938151494093,0.0174148338306,-0.0374855824683,0.0018604805001,0.0458128078818,0.0375185735513,0.00804976216612,0.00929623863354,0
0.0202573132039,0.0125879303961,0.0275428847548,0.00491132056862,0.0355102040816,0.00491496598639,-0.0280112044818,0.0425105273712,0.022030291651,-0.00328839197632,0.00385521524952,0.00756938603869,0.0199372759857,0.0335297100746,0.00382987300947,-0.0367197062424,0.0454110898662,0.026731078905,0.016620498615,0.0434946764328,-0.0262096774194,-0.168067226891,0.0193092031823,0.0311877903119,0.0145386421805,-0.0124289772727,0.0206679623169,0.0396431773558,-0.0183802412407,0.0305247752457,0.233034111311,-0.0026075619296,0.00574345883854,0.0203691915977,0.0467289719626,0.135477582846,0.00752256770311,0.00832770650461,0.0297805642633,0.0694160881993,0.0111338332197,-0.0140163524111,0.0250723240116,0.029757029757,0.026582278481,0.00766567754698,0.0101302460203,-0.0482771885476,0.0350709778081,-0.224634023221,0.00237787037299,-0.00811541929666,-0.031067961165,0.0581162324649,-0.0181086519115,0.0220750551876,0.00138552130239,0.0215633423181,0.0443886097152,-0.0396253602305,0.105537459283,0.0195106844224,0.000430292598967,0.00510018214936,0.0386039132734,-0.00118791116063,-0.0186495176849,-0.0249796361662,-0.0148591277499,-0.0215827338129,0.0467091295117,0.016804245283,-0.00255264837269,0.0402753872633,-0.0289825422804,0.0401437986818,-0.0538661208387,-0.00965614696185,0.0243465807376,0.02722323049,0.0197327729464,-0.0422705907401
0.0571161688652,0.0296160877514,0.128379967082,0.0312108819569,-0.00472999605834,0.0203083484236,-0.0167146974063,0.042508174649,0.0339252908757,0.052457934675,0.00661403883081,0.0338898163606,0.0120799472875,0.00341906218517,-0.00803212851406,0.0122829309615,0.0315500685871,-0.00250941028858,0.00908265213442,-0.0106857707987,0.0584886128364,0.0348943985308,-0.00168279118965,0.040326040326,0.0993498049415,0.0711974110032,-0.000672942364016,0.061110868521,-0.130485664131,0.0904848853723,0.0792079207921,0.0078431372549,0.0207233502538,0.0262008733624,-0.0284598214286,0.0439675727229,0.0378297660528,0.0383928571429,0.00532724505327,0.000381825124093,0.0621303370787,-0.00626163479438,0.0595510369648,-0.000795334040297,-0.0341183723798,0.0510429447853,0.0214899713467,0.0380806651846,0.0112919832303,-0.0104166666667,0.00642544286854,0.000909090909091,0.174348697395,0.0431818181818,0.0512295081967,0.131749460043,-0.00933932895192,0.0374190453346,-0.0109596364608,0.0652663165791,0.0795521508544,0.0218712029162,-0.124301075269,0.0134106560348,-0.0855397148676,-0.0249429944717,0.0229357798165,-0.000835421888053,0.0160626836435,0.107026143791,0.0734279918864,0.0263844592636,0.0895713371721,0.0216743878226,0.0179787906454,-0.0178571428571,0.0306276442622,0.0135552913199,0.0380985669346,0.0254416961131,0.00323002608867,-0.137973254899
0.072349137931,-0.0145596590909,0.00750156282559,0.0344936313443,0.0637623762376,-0.00184666080601,0.0246189917937,-0.0383763837638,-0.0366027007818,-0.0241379310345,0.009537939805,-0.0187308251251,-0.000868055555556,0.0132706993778,0.0172064777328,-0.00585774058577,-0.0376773049645,0.0062893081761,-0.003600360036,-0.0393524162481,-0.0233496332518,-0.0470275066548,-0.0234034697176,-0.00103092783505,-0.0274426307074,-0.334676065794,0.0209441311285,-0.0177568362791,-0.0444145356662,-0.00558139534884,0.0342687533729,-0.0162127107652,0.0124327079681,-0.0887537993921,0.0396323951752,0.0178147268409,0.000479616306954,-0.0238607050731,0.0257380772142,-0.0324427480916,0.00836140214282,-0.0105585831063,0.0285092899558,-0.0132661183338,-0.00765960706216,-0.0193789399953,-0.0182328190743,0.000361553009234,-0.0113222739039,-0.0353618421053,-0.00194186275214,-0.00953678474114,-0.0273037542662,-0.0324376664246,0.0389863547758,-0.0734732824427,-0.00942737430168,-0.0150289017341,0.00162162162162,0.012676056338,-0.0185589519651,0.0175386444709,0.010068762279,-0.0354077253219,0.000556792873051,-0.0296356738478,0.0762331838565,0.00808249721293,-0.0215924426451,0.070110701107,-0.0196523053666,0.0155367231638,0.0340575455079,-0.0126315789474,0.00869265263884,0.158357771261,-0.00190442334061,-0.00422336931018,0.0188552188552,0.0151619572708,0.0180065995061,0.0027693137815
0.0310107120606,0.0036036036036,0.00992761116856,-0.0416319486056,0.00148920327625,-0.00110783070131,0.00114416475973,0.0435533384497,-0.00786917496619,0.0266623835528,-0.0352718874659,-0.00394931709725,-0.0336663770634,-0.00705414854784,-0.0131343283582,0.0176767676768,-0.0154306771073,0.0378125,0.0614272809395,0.00434010152284,0.0898735761672,-0.0260707635009,0.0118739400714,-0.000412796697626,-0.015567988324,0.0267406659939,0.00265331514488,-0.00374439649755,-0.0711267605634,-0.0142188961646,0.0963944690843,0.0128543177324,-0.00900126484349,0.0446964643095,0.0243093922652,0.0462256529934,-0.00958772770853,-0.025324818322,0.0335793357934,-0.00670611439842,0.00031053294167,-0.0318416523236,-0.0520088384138,0.052971228825,-0.00342197007706,0.00547619047619,0.02,-0.0429258528177,0.0538136662684,-0.0240409207161,0.00361288627385,-0.016964695094,0.0578947368421,0.00425318989242,0.0431519699812,0.0834191555098,0.00951709552344,0.000704225352113,0.00998381003778,-0.00556328233658,0.0539488320356,0.0073035349109,0.0442499392171,0.0100111234705,0,-0.0661095410649,-0.0315476190476,0.0367708045341,0.0939901477833,0.0324137931034,0.0200462606014,0.0728789986092,0.0783645655877,0.0203378710841,0.0383694685726,0.0637974683544,-0.00496518855844,0.0193213949105,-0.00892267019167,-0.0234215885947,-0.0025330041859,-0.00138083293108
0.0430214424951,-0.0143626570916,0.00491501126357,0.0166614399151,-0.0104089219331,-0.0170018798556,0.00114285714286,-0.0498253355396,-0.0400297434626,-0.0334793491865,0.0150163220892,0.00611267140261,0.0159586423915,-0.00101341744009,-0.0183524904215,0.00785773366419,0.0470175438596,0.0108401084011,0.000283687943262,-0.0938566121655,0.024233375445,0.105162523901,-0.0130152842271,0.024571546562,-0.00963676797628,-0.027027027027,0.0448823371109,-0.0170366437654,0.0401819560273,0.0514329094705,0.0316479792884,0.0341685649203,0.0107434944238,-0.0185185185185,0.0307443365696,0.0483013040494,0.0101645692159,-0.0284681427926,-0.0274901820778,0.0424940428912,0.0153120726254,-0.0211555555556,0.0267335004177,-0.0186414708887,0.0133347102637,-0.0187070802747,0.0448179271709,-0.0314015976761,0.011464300997,0.0124039133473,0.00221603022029,-0.0569029850746,-0.0182421227197,-0.00597907324365,0.0197841726619,-0.0285171102662,0.0108240223464,0.0516068496364,-0.0117552765162,-0.034965034965,-0.0248021108179,0.00493039443155,0.0069848661234,0.00881057268722,-0.0289371174179,0.0129956928561,0.0301167793485,0.0298666666667,-0.0326008645533,0.0227120908484,0.0136054421769,-0.0101114856106,0.0247498683518,-0.0270053046134,0.0166644710842,0.00761542122799,0.00383941773802,-0.0298196948682,0,0.0267639902676,0.0557313075229,0.0437564630324
-0.0471246752761,-0.0225865209472,-0.0142653352354,0.0290543616166,-0.0315552216379,0.00150056130019,-0.00279680365297,-0.0212848297214,0.00219468112574,-0.00776950469408,-0.0229416809605,-0.0627257799672,-0.033407079646,-0.0406347530395,-0.000408792951506,-0.040213377103,-0.0149687220733,-0.0458742925231,0.0904707884288,0.0207211980924,-0.0136801973537,-0.0103806228374,0.00237841811877,0.0147118097541,0.0242015968064,-0.0181818181818,0.00252546932234,0.00427816637789,-0.0357142857143,-0.0519855595668,-0.0923727015232,-0.00471994965387,-0.00409479323746,-0.0943396226415,-0.0355834641549,-0.0577788689745,-0.0119789171059,-0.00279069767442,0.0418502202643,0.032,-0.10256834033,-0.0510352342899,-0.0170870626526,-0.0429352068696,-0.0101910828025,-0.011583011583,-0.105898123324,0.100647792706,-0.0144252626793,-0.00483175150992,-0.0337236242633,0.00148367952522,-0.0456081081081,-0.0248120300752,-0.0652557319224,0.00978473581213,-0.0224525043178,-0.0225295561008,-0.0619086239524,-0.0108695652174,-0.0600649350649,-0.0256854256854,0.0462427745665,-0.000727802037846,-0.0481375358166,-0.0185745179972,-0.0268496420048,-0.0515277058519,-0.0104263638056,-0.0117570215545,-0.0219985085757,-0.0411210057622,0.00513874614594,-0.0305633570131,-0.00265630061548,-0.0798299480397,0.030568149016,-0.0190612342149,-0.00200066688896,-0.0206499661476,0.009601141537,-0.0542778079342
0.0276058879485,-0.00708162504659,0.0175728757494,0.014908291958,0.00737005430566,-0.00337965336022,-0.00692576269246,0.0786872281534,0.0417364420971,-0.00293637846656,-0.0120693438666,0.0266292922214,0.0160219729915,-0.00882616342429,0.0271270036991,-0.0183839247542,0.0324336584259,0.0280986575086,-0.0348504551365,0.082349726776,-0.0194406548431,0.202797202797,0.00280518343163,0.022641509434,-0.0102314250914,0.059670781893,-0.00882044401944,-0.000223646936037,0.021164021164,0.0277989337395,0.087542566709,0.0158077774265,0.047197567491,0.104166666667,-0.00162778079219,0.0620168505168,-0.015518913676,0.0221548507463,0.0436927413672,0.062753783684,0.0773480662983,0.0214354066986,0.035869205298,0.00625339858619,0.0317503217503,-0.020263671875,0.023988005997,0.019591280654,0.0074671570025,-0.00099185018207,0.00986769055489,0.04,-0.00353982300885,0.0197892572603,-0.00188679245283,0.105620155039,0.00777385159011,-0.00547695116385,0.0527377521614,0,0.0408750719632,-0.0124407582938,-0.00596685082873,0.0648215586307,0.0391330523781,-0.0162276729442,-0.0190067443286,0.037401037401,0.0159924741298,0.245869134171,-0.0133434998094,0.0150232177001,0.0393660531697,0.0027266530334,-0.00493698843705,0.0318275154004,0.0155742195384,-0.112460529512,0.0190444370197,-0.0314552367784,-0.0041592914398,-0.000935209639483
-0.0199072395167,-0.0183933933934,-0.0420560747664,-0.0372914676781,-0.0388910281094,-0.0233591246404,-0.0132564841499,-0.0364736070381,-0.0248547050822,-0.017997382199,-0.0168813860506,0.105802047782,-0.0295111511602,0.00320593069964,-0.0102040816327,-0.0278745644599,-0.00527240773286,-0.0261160036441,-0.00404203718674,-0.0241581259151,-0.0284057971014,0.155523255814,-0.0129059549151,-0.0236939211497,-0.0356879153335,-0.0169902912621,-0.0114404613623,-0.0311631176966,0.0170244263509,-0.0125972582438,-0.0792152317571,-0.00373482726424,-0.0052899479234,-0.0826284970722,-0.025,-0.0408931054224,-0.0167487684729,-0.0127766370066,-0.0243079000675,-0.0389023966655,-0.0287435897436,-0.0198613453251,-0.026100229356,-0.0308024858146,-0.00457794354285,-0.0500872165462,-0.0190336749634,-0.0354098185414,-0.00726554699871,-0.0252166185292,-0.0194023143825,-0.0474833808167,-0.0515097690941,-0.0138608870968,-0.0378071833648,-0.0552147239264,-0.0115708274895,0.00137677833869,-0.0232685464002,-0.0249084249084,-0.00995575221239,-0.0221955608878,-0.0455758114718,-0.0174418604651,0.0139049826188,0.0306938868483,-0.01125,-0.0463157894737,-0.0196296296296,-0.0127320954907,-0.0258887171561,-0.0293326157158,-0.0167240531235,0.000679809653297,0.0104452278365,-0.00845771144279,-0.00766971941238,-0.0106732348112,-0.00786885245902,-0.0364025695931,-0.0089480620417,0.00280423769329
0.0578675754625,0.0271510516252,-0.00148462354189,0.125439721969,0.0604967948718,0.0590277777778,0.113317757009,0.101578847251,0.00152168399696,0.0429856714429,-0.00790781744239,0.109259259259,0.104224698236,-0.0230751284514,0.0117242773398,0.0362903225806,0.0501325088339,0.0657935765513,0.0384226190476,-0.076131101741,0.0721957040573,0.0773647798742,0.010240785643,0.0393873085339,0.108218478816,0.0232098765432,0.0186447590748,0.0779756243712,0.0735080058224,-0.00300187617261,0.143637323372,-0.00531084036239,-0.0129997518229,0.151063829787,0.0880713489409,0.0548307324977,0.0405811623246,0.0434481164779,0.0446366782007,0.196237802674,0.0754507774756,0.0728350219843,0.148243577014,0.0847504878729,0.0426065162907,-0.00262329485834,-0.0194029850746,0.139025876877,0.034643016146,0.193198005698,0.0364003913042,0.0892323030907,0.0337078651685,0.0324559161768,0.0962671905697,0.118738404453,0.0301525363604,0.0355178735105,0.105941704036,0.104432757325,0.0530726256983,0.303680981595,0.0165385511297,0.0414201183432,0.108565714286,-0.0186653406632,-0.0208596713021,0.0932671081678,0.0230449565546,0.135948414831,0.153907179691,0.0629331854727,0.115057528764,-0.000509510869565,0.00310117586251,0.110386352233,0.059972288413,-0.00691562932227,0.0386649041639,0.0755555555556,0.0102290628133,0.0763840757671
0.125438362343,0.012285927029,-0.0569243840272,-0.00139166813593,-0.0256894597658,0.0182131147541,-0.00734522560336,0.0257295803834,-0.0174727779185,-0.000319488817891,-0.0118424049192,-0.0728992765721,0.0224952701282,0.0428750735874,0.018981018981,-0.0354517942067,-0.0281808622503,-0.0336454066706,0.0119827723221,0.0224001792014,-0.0192543127435,-0.0583826130612,-0.0133718304848,-0.0555023923445,-0.0810686319668,0.0111003861004,0.0214637076017,-0.0133104183347,0.0101694915254,-0.025028227324,0.157329001793,-0.00502512562814,0.0133625489421,0.168823166975,0.0322797131148,0.0343573160873,-0.0101107366394,-0.0294573643411,0.0102683007618,0.0226616998843,-0.0534812741897,0.0190662865289,0.0126274717186,0.00282703675148,-0.00441105769231,-0.0281430825881,-0.0441400304414,-0.0451449698385,0.00375198511589,-0.00746157289957,-0.0170059174195,0.00503432494279,-0.0108695652174,-0.00792079207921,-0.0232974910394,-0.0240464344942,0.0110192837466,-0.00752378844877,-0.0296502787633,-0.012925170068,-0.0153846153846,-0.00752941176471,-0.0174152153987,0.0213903743316,0.0025824875386,-0.00272121610209,-0.0161394448031,0.0164058556285,-0.0286189069424,0.019394512772,-0.0103128222757,0.0237350026082,0.0870345446389,-0.0195412064571,-0.0555197732835,0.0302756439223,-0.0312413239967,0.0387186629526,-0.0467706013363,0.106060606061,0.0184756414497,-0.0242301980474
-0.0925321621644,-0.0308937109231,-0.0150900900901,-0.0831103504075,-0.172159751842,-0.0164544122619,-0.0401691331924,-0.0506734006734,-0.034793814433,-0.0335570469799,-0.0223553814243,0.0129051620648,-0.0353638253211,-0.00069230687301,-0.0366666666667,-0.0412371134021,-0.0296472624973,-0.0402664244626,-0.0270339855819,-0.0891986635263,-0.0222423967317,-0.0564166150031,-0.0078666552014,0.00243161094225,-0.143609022556,0.0491646778043,-0.00308680861787,-0.0493753779519,-0.0610738255034,-0.0135109052307,-0.123954075176,-0.00883838383838,0.0315125305732,0.0558777016342,-0.0580691907236,0.0127393513091,-0.0286964980545,-0.00114103149247,-0.0639344262295,-0.0115214180207,-0.0101577696131,-0.0410910998426,0.0364643613267,-0.0294720656074,-0.0233361100045,0.00108254397835,-0.0270700636943,-0.0907377216222,-0.0425578504878,0.0279657194407,-0.00552851026906,-0.0218579234973,-0.0567765567766,-0.0326846307385,0.00366972477064,-0.0288870008496,-0.0136239782016,-0.00222965440357,0.108905719509,-0.0227429359063,0.0188577586207,0.0229966808914,-0.0193563432836,0.0261780104712,-0.0437017994859,-0.0140760255928,-0.0229658792651,-0.0315371244102,-0.0724196920738,-0.0287703016241,-0.0329975686002,-0.0298089171975,0.0553033429633,-0.00190641247834,-0.00340971085652,-0.0114035087719,-0.0125381118798,-0.0321802091714,-0.0687583444593,-0.0361145703611,-0.0064356632511,-0.0439039833996
-0.034373676289,0.0626185958254,0.0281271438372,-0.00159097165649,0.0140515222482,0.0116387565683,0.0401982378855,0.0267777974818,-0.0344459279039,0.0539021164021,0.00942951438001,0.0365925925926,0.0351662404092,0.0460223396999,0.0111947893344,0.0168302945302,-0.00245316681534,-0.0520504731861,0.0412807621064,0.185584989626,0.0637186629526,-0.00262812089356,-0.0105766999466,0.0408328279766,0.0257535850161,0.328480436761,-0.0254168860804,-0.0139622887714,0.000714796283059,0.0223048327138,-0.0366644780039,0.0369426751592,0.0299770904926,0.0469296055916,0.031612223393,0.0493903380151,-0.00801201802704,0.0233036326251,0.00945709281961,0.0406455469217,-0.0275109170306,0.0275346462436,0.037898234457,0.0562450488513,0.0160692212608,0.000540686672073,-0.0409165302782,0.109766347285,0.00976027728207,0.0449027351177,0.0610201679001,0.00139664804469,-0.0174757281553,-0.0219241681713,-0.0383912248629,-0.0411198600175,-0.0424723756906,0.032625698324,0.103626943005,0.0528913963329,0.0893707033316,-0.0139049826188,-0.0332936979786,-0.0102040816327,-0.0220430107527,-0.0110608489846,0.061114842176,0.0774358974359,0.0633196721311,0.0506450071667,0.0352011494253,0.00393907563025,0.00351974970669,0.0191005382879,0.00520049267825,-0.011091393079,0.00217668209155,0.0401773344417,0.0329749103943,0.0303617571059,-0.0229675732287,-0.0111309260212
-0.102666529778,-0.0296428571429,-0.155916370107,-0.0977460116686,-0.0480369515012,-0.0312837108954,-0.0561143462149,0.0366148531952,0.0163163716814,0.0822089739567,0.0221858944418,0.000428755180792,-0.0543545398394,-0.0409967190398,-0.00825281803543,-0.0119540229885,-0.0109546165884,0.016306156406,0.00432020330368,-0.0478328134114,-0.0206219312602,0.0467720685112,-0.0189267851592,-0.0134006603224,-0.0607703281027,0.0308219178082,0.00890457836533,-0.053838858378,0.0257142857143,-0.0137799043062,-0.0845170260912,-0.0116707616708,-0.0259572717061,0.0538865045303,-0.0255362614913,-0.21539932343,0.0883392226148,-0.0399642777406,-0.057945870923,-0.014933946008,0.0103277952402,-0.0377994676131,-0.0102733660034,0.0045,0.0944890510949,-0.0167522291273,-0.0631399317406,0.0164091689387,-0.00654284912209,0.0111982082867,-0.0865353509395,-0.0172013017201,0.0731225296443,0.0445675105485,-0.0190114068441,0.0273722627737,-0.0227190768121,0.00519368102142,-0.000213401621852,0.0723375753516,0.0174757281553,-0.0157461809636,-0.131611316113,-0.0186855670103,-0.0797141286421,-0.0563570566948,0.0386075949367,-0.0437886720609,0.22046637117,0.0404729422465,-0.0503122831367,-0.0614700496992,-0.0276695245518,0.0197648662464,-0.0204220558203,-0.0152534768955,-0.00760184053028,-0.0258391049547,-0.0940319222762,-0.0335423197492,0.0060287852305,-0.0417448348483
-0.0384843410337,-0.0287081339713,-0.00237154150198,-0.102310561507,0.0252304706453,-0.0274665924276,0.0964666292765,-0.0139953348884,-0.0321088435374,0.00231951290229,-0.0089102124743,-0.0124285714286,0.000435445242761,0.0038196528844,0.0170489141465,0.0139599813867,-0.0119801084991,-0.00196463654224,-0.0336538461538,-0.0399541858669,0.0208333333333,-0.0566393958464,0.0306401069149,0.0738188976378,-0.0267314702309,0.119601328904,-0.00378460593683,-0.0294361042473,-0.0898328690808,0.0300795653018,0.0220872172092,0.0391547545059,-0.01559663405,-0.0357466063348,0.0408805031447,-0.0531446246134,0.0227272727273,-0.0513953488372,-0.00147329650092,0.00553935860058,-0.0391111111111,-0.00018443378827,-0.0267387831666,-0.0206570433051,0.00406815832472,0.0225336630943,0.0218579234973,-0.0530773434007,0.0314365440995,-0.0112126245847,0.0172109633837,0.0217596972564,-0.0515653775322,0.0421610704368,-0.00581395348837,0.0115452930728,-0.00405904059041,0.00624327233584,-0.008537886873,0.0112429731418,-0.0314885496183,0.0212511938873,0.056657223796,-0.00393959290873,0.0191158900836,0.0118525336197,0.036563071298,-0.0154305624689,-0.0601610611085,0.0270979020979,0.0131530873219,0.00501672240803,0.0404809619238,-0.0258980785297,-0.106323835997,0.13576309795,0.0291852764516,-0.0128520645338,0.0857908847185,0.0194615634123,-0.00539542712101,0.0181082537597
0.0862261068983,0.0117468738158,0.0351294241944,0.066675837212,-0.0246095598675,0.0041965568768,0.0158567774936,0.0385265292328,0.0527129603599,0.0237199884293,0.0583218072845,0.0169246347461,0.0513601741023,0.023201168526,0.0173618040311,0.0743460302891,0.0766415008007,0.0328083989501,-0.0102120974077,-0.00990483589046,0.0133144166758,0.00667111407605,-0.0125506525445,0.0126489459212,0.0224719101124,0.0661721068249,0.0132892746808,0.0439771587777,-0.0680948737567,-0.0721552373775,0.107321147608,0.00657894736842,0.0521938828769,0.142186766776,-0.00704934541793,-0.0405860225698,0.0240362811791,0.0174062270164,0.0036886757654,0.0939402725428,0.00901942645698,-0.0405829182808,0.0776392227905,-0.0142312579416,0.0542437425968,0.0182746573502,-0.0623885918004,0.110321311475,0.00551662302972,0.00937981240375,0.010268991615,-0.0314814814815,0.116504854369,0.0215600775194,0.0350877192982,0.044776119403,0.00333456835865,0.0391527599487,-0.0393972012917,0.0284126003706,0.0832512315271,0.00350713116671,-0.0225201072386,0.0349373764008,0.0269636576788,0.00536667205692,0.0170487948266,-0.00176946410516,0.0295698924731,0.0289361702128,-0.0212765957447,0.0271769273433,0.0512326656394,0.0449399656947,-0.0108864696734,0.0718010429202,0.00850611376927,-0.0152354570637,0.0511463844797,0.0512249443207,0.015666794039,0.0485615155262
0.00995877068935,0.0131086142322,-0.0301097218678,0.0586446878905,-0.00436681222707,0.0201425313569,0.0055387713998,0.0359583468923,0.00787822139137,0.0370161062447,-0.0050098017861,0.0938833570413,0.000827985924239,0.021997517327,0.0123577873676,0.0580948312687,0.0645983850404,-0.0584498094028,0.0367724867725,0.0620411365802,-0.0509423801831,0.15970841617,0.0316664732735,0.0572049239681,-0.0006105006105,0.0676315057055,0.0156191419375,-0.000730451787306,0.0467980295567,0.00426395939086,0.0316896467039,-0.00326797385621,0.0315927554924,0.0353327855382,-0.0669371196755,-0.0268262484523,0.0482728077945,0.00819277108434,0.0463065049614,0.171481579645,-0.0160440064176,0.0194193424341,0.000846852426485,-0.0082495488528,-0.0374450033077,0.0480337820005,-0.00570342205323,0.0822328789776,-0.000433459346157,0.229819694868,0.00787145438325,0.0554493307839,0.0591304347826,0.0694806734645,0.00376647834275,0.0932773109244,0.00480059084195,-0.0360304714845,-0.0499775885253,-0.0600600600601,0.0300136425648,-0.0643056849953,0.055951727921,0.0235668789809,-0.0205479452055,0.0145564212114,-0.0202312138728,0.00101291466194,0.0280678851175,-0.0665839536807,0.00221075902727,-0.00458963282937,-0.0472700622939,-0.00722258699934,0.0059748427673,-0.0123502994012,0.0481540053496,0.0123769338959,0.0530201342282,0.0139225181598,0.0166075459529,-0.103166903297
-0.0776125584239,-0.00517560073937,-0.0302551960011,-0.0570609933928,-0.0107212475634,0.00819859947578,0.0540811216825,-0.0654939531962,-0.0255696873344,-0.0215258855586,-0.0404991243433,0.0486345903771,-0.0229576008273,-0.0238419377205,0.0416585932959,-0.0327008477998,-0.0916167664671,0.0907557354926,-0.01939270222,-0.0343007915567,-0.0337040399455,0.0285714285714,-0.00540424878199,-0.0327054794521,-0.0357361026268,-0.0615224191867,0.013526220111,-0.0356110925647,-0.0462745098039,-0.0175899716943,0.0977683315622,0.0512667660209,-0.0106857014629,0.0150793650794,0.00869565217391,-0.0480279898219,-0.0304182509506,-0.012189292543,-0.0115911485774,-0.0176470588235,0.0340088516189,-0.035458317616,0.032620432287,0.00623862750195,-0.00182181155705,0.00125912868295,-0.0611854684512,0.0277001658954,-0.0121297348866,-0.0446599751889,-0.0178952044048,-0.0516304347826,-0.00656814449918,-0.0452328159645,0.0337711069418,-0.0199846272098,-0.0117603822124,-0.0100384451089,0.0174569473933,-0.00319488817891,-0.032229580574,-0.0380976095618,0.0220779220779,0.019912881145,-0.0367132867133,-0.0425671056152,-0.0218289085546,-0.0237794080445,-0.00968253968254,-0.00886132033673,-0.0238970588235,-0.0105777054516,0.0584615384615,0.0462962962963,0.000937793060332,-0.0128836680561,-0.0231385069311,-0.00527924423451,0.0513065646909,0.00507462686567,0.0151665344964,0.1196344783
0.00305741744438,0.00743218134522,-0.0181768855128,-0.0843257150767,-0.028078817734,-0.0354767184035,-0.00902612826603,0.0334453781513,0.000543847722638,-0.0245057087162,0.0365046771618,-0.0285218253968,0.020533446232,0.00983502867038,0.00874255952381,-0.0204507512521,0.0529553944188,-0.0445406742963,-0.0335675253708,-0.0203005464481,0.0344098649442,-0.0944444444444,0.0339062991301,0.00265533722783,-0.0449794108331,0.0497222222222,0.0169948115315,-0.0484747927497,0.0370065789474,0.0841736982918,0.0735721200387,0.0184292599943,0.000540055949796,-0.00117279124316,-0.0339439655172,0.0476667780376,0.00348583877996,0.0113718848294,-0.00995024875622,-0.148318747121,-0.00878576255913,0.0103637074697,-0.0224174937169,-0.0457246189615,-0.0276830601093,-0.0155935613682,-0.0631364562118,0.0552239757015,-0.0106732888717,0.0166450242002,-0.00404772673289,0.00477554918816,-0.0148760330579,0.052949372968,0,0.00470588235294,0.0148754183711,0,-0.0329237189891,-0.0525641025641,-0.0241788321168,0.00440072482527,-0.0386277001271,0.0332519829164,-0.0453720508167,-0.0194769577861,0.043425814234,-0.062451412283,-0.0112197467543,-0.149307107734,-0.0391713747646,-0.0219298245614,-0.130813953488,0.0328697850822,-0.0434103685197,-0.026103646833,-0.0027458278671,0.0108938547486,-0.0472870566838,-0.017523017523,0.0166650392214,0.0301367603277
-0.0257383111831,0.0287716709701,0.00110527770102,0.0330214655828,-0.00557526609225,0.0306494252874,0.039309683605,0.0248820946495,-0.0100557140916,0.0530973451327,-0.00836451683909,0.0834822568292,0.0435594275047,0.0231801169531,0.0326387608335,0.023008095441,0.027754590985,-0.0249271608935,-0.0158858373721,0.0788967286722,0.035876475931,0.0116564417178,-0.0145044297601,-0.0125353107345,0.00961857379768,-0.0209050013231,-0.0131294429278,0.0137239774445,0.116574147502,0.00246772968869,0.0364292155095,0.00389755011136,0.0717886714238,-0.0195694716243,-0.0245398773006,0.115233336877,0.0521059487625,0.022966507177,0.00179468772434,0.0868036776636,0.0725,0.019353590091,0.00917012266446,0.0154304277206,0.0262232063574,0.0493101686254,0.110869565217,0.0257845051428,0.0202425813649,0.116813748258,0.0347023251407,0.0218631178707,0.00335570469799,0.0141155712395,0.0689655172414,0.0928961748634,0.0164895566141,0.0289104638619,0.0330855909854,0.00270635994587,0.126694717158,0.00515463917526,0.0187681734073,0.0572778269855,-0.010773130545,-0.0560346192411,0.00693641618497,-0.0105030403538,0.0609499108445,0.037309511298,0.0145041160329,-0.0179372197309,0.0451505016722,0.0182068543452,0.0582761998041,0.142688214426,0.0113615504635,0.0303951367781,0.0636334712059,0.055622732769,-0.010737954218,-0.00931069586204
-0.0700111580283,-0.0315525277877,-0.0270494065691,0.0617483378648,0.00662589194699,-0.00669146225179,0.000461254612546,-0.00920342748334,0.00343170899108,-0.00813228517213,-0.000665926748058,-0.0237983034873,-0.0119260584377,0.00787780866459,-0.0219642857143,-0.0141607663474,-0.0420304568528,0.0381806108898,-0.0207934336525,0.0668200382567,-0.0274002630425,0.0242571255306,-0.00319966216765,0.0309315215448,0.0331800262812,-0.0594594594595,-0.000602554007326,-0.0325522686351,-0.00355113636364,-0.0177996591555,0.0538507047155,-0.00748752079867,0.000846066295338,0.0746506986028,0.0205831903945,0.135258793251,-0.0148576145274,-0.016604303087,0.0336796847008,-0.115202786763,-0.0110192837466,-0.00721473324473,0.10227293858,0.00693148493735,0.0138773274918,-0.0194789383979,-0.0195694716243,0.0122640398728,-0.00274921561927,-0.0350384695363,-0.00126298107739,-0.066511627907,-0.00167224080268,-0.016093953893,0.146010186757,-0.0435714285714,-0.0219899062725,-0.0142587544559,0.00185657925273,-0.00337381916329,0.00373443983402,-0.00717948717949,-0.0399584846912,-0.0100530578051,0.0269058295964,0.0728453866452,0.0332950631458,0.0265363128492,0.0189457601222,-0.0374873353597,-0.0170015455951,0.000570776255708,-0.0344,-0.013373403456,0.00185099490976,0.00793377026561,-0.00136122843304,0.035934566908,-0.0436733472929,0.00372279495991,0.00571528434025,-0.0447395867409
0.0527677794246,0.020362828582,0.0252482269504,0.0541264039372,-0.020253164557,-0.0127208321872,-0.00461041954818,0.0168161434978,-0.0166894664843,0.0382618201694,-0.0470901821413,0.0342746801834,0.0295715147858,-0.0136808985184,-0.00821617673909,0.0443599493029,-0.0178041543027,0.0326191237608,-0.00251466890193,-0.026289646483,-0.0125084516565,-0.0550621669627,-0.0126251928132,0.0332986472425,0.0139268680445,-0.0051724137931,0.0108867680207,0.0497966179744,-0.0178189593728,0.0316175053017,0.0492893561937,0.0117351215423,0.0317006652108,-0.131500742942,-0.00280112044818,-0.0428211586902,-0.036866359447,0.00499405469679,-0.00138648180243,0.00815523059618,0.0199271480609,0.0520175941863,0.0852878824515,0.0156208631189,-0.00180409865287,0.0372485721381,0.00998003992016,0.0159924011863,0.0165532279417,0.0572136623209,-0.00955388841994,-0.0119581464873,-0.400335008375,0.0488505747126,0.0666666666667,-0.0373412994772,-0.00884629561371,0.00787066581578,0.00277970813065,0.0460392687881,-0.0281107895825,-0.00671487603306,0.00675675675676,0.0767277856135,0.0598877105427,0.0482954841534,-0.0244444444444,0.00571428571429,-0.0400359874044,0.0436842105263,-0.0110062893082,0.00199657729606,0.086164043082,0.03274444106,0.00384911470362,0.135865845311,0.0412408607118,-0.0176028993011,0.0190803878636,0.0291012838802,0.00681550511324,-0.0131178186389
0.0960893854749,-0.00979680696662,0.0130049806309,0.0684622049949,0.000516795865633,0.0489005896501,-0.0277906438166,-0.0255158292645,-0.0158597662771,-0.000526454330087,0.0191142191142,-0.1008168028,0.00781555295037,-0.0174998485736,0.00202503681885,-0.0206310679612,-0.0343116098403,0.0145555899659,0.0504201680672,0.00425521325835,-0.053292251512,-0.0971177944862,0,-0.0357502517623,0.020760160562,-0.0193529751589,0.0173572987407,-0.0233334551791,-0.0457184325109,0.00579330966175,-0.0321825334382,-0.0104943385805,0.0258493713238,0.103507271172,-0.0061797752809,-0.0287719298246,-0.0117442366246,-0.00733554188358,0.0295036445679,-0.0594142259414,-0.0344537815126,-0.00199963642974,0.0362694300518,-0.0070385818561,-0.0245346320346,-0.0251376586067,0.0474308300395,0.0359078073724,0.0208586776328,-0.0538116591928,0.0127677639496,-0.0635400907716,0.0837988826816,-0.0170706006322,-0.00277777777778,-0.0705973622964,-0.00595016734846,-0.0246939636978,0.031185031185,-0.0349514563107,-0.0212675457252,-0.0015600624025,0.145771812081,0.00445375949699,-0.0123602118893,-0.00960381766665,-0.00170842824601,-0.00919913419913,-0.0313964386129,0.00100857286939,0.0461049284579,0.025049814973,0.00877192982456,-0.0151895000737,0.00552147239264,-0.0952094004218,-0.0124400452365,0.0584980237154,-0.0469613259669,0.0124757416135,0.0163641012529,0.0422402390633
-0.0561977573904,-0.0164895566141,-0.0366020213057,-0.0229596366076,-0.00878099173554,0.0148156580852,-0.00619342544069,-0.0109907871343,-0.0159739892564,-0.00289702396629,-0.0311070448307,-0.0228393459642,-0.0108569212873,-0.0235295326459,-0.00992099944883,-0.0165220983065,0.00558659217877,-0.002442002442,-0.0162666666667,0.0336248977872,0.0243490838959,0.0124913254684,-0.0106220587871,0.0859878154917,-0.0485407066052,-0.020029455081,-0.00999953366598,-0.00157193472728,-0.0190114068441,-0.013563730955,0.0386181241139,-0.0200948925481,0.0266243213175,-0.0286821705426,-0.00226116449972,-0.0574421965318,-0.0264084507042,-0.0221692491061,-0.00505731625084,0.0518979833926,0.0050043516101,-0.00928961748634,-0.010665,-0.0152270937254,-0.0380881586101,-0.0061394891945,-0.0339622641509,-0.0111798725458,0.00196010157709,-0.00990952175786,-0.0196130341739,-0.00861604738826,-0.0128865979381,-0.0137221269297,0.0236768802228,-0.00417362270451,-0.0115974560419,-0.00779052153214,0.010976702509,0.0140845070423,-0.00608431116906,0.00182291666667,-0.0238987816307,-0.0117370892019,-0.023241954708,-0.00435659864082,-0.0501996577296,-0.0193883123976,-0.00499919367844,0.0095717884131,-0.00987841945289,-0.0097195223549,0.0151228733459,-0.026654687032,0.00106772422209,0.029304029304,-0.00430815456333,-0.0378391834703,0.0157809983897,0.00684556407448,-0.00554716981132,0.0245943055898
0.0144944754663,0.0100596125186,0.0147434079955,0.0827893119693,-0.0145909327775,0.0124626068376,-0.0273250239693,0.038404968132,-0.0412297083752,0.0198098256735,-0.00377714825307,0.056839309429,0.0250882007056,0.0726315180277,0.0109482278716,0.0327593448131,-0.00555555555556,0.0719094247246,0.00840336134454,0.0698806156207,-0.00670746057896,-0.00479780671693,-0.00832311708241,0.0158679275525,0.0658701969648,0.0447850916742,-0.00832402460197,-0.0815131825565,0.0457364341085,0.0440760971934,0.0961928616155,-0.00541156365708,0.0543314160808,0.219074221868,0.013597733711,0.0442698351859,-0.0393309222423,0.019746465139,-0.00372754998306,0.0817592331548,-0.0811864039835,0.00900900900901,-0.0252694992091,0.0234604105572,-0.0061476355248,-0.00222386953299,-0.060546875,0.110361912567,0.0185740520493,0.000870322019147,0.0347193200157,0.0483432916893,0.0992167101828,0.0326086956522,0.0394557823129,0.0150880134116,-0.0344436033308,0.0222464558342,0.0443164192333,0.0846560846561,0.0376038478356,0.0140369118794,0.0172827652424,0.0670361572974,-0.00305064063453,-0.00535363210163,0.0156156156156,0.0198830409357,0.0251215559157,-0.0538922155689,-0.00153491941673,-0.000560852495793,-0.0700186219739,-0.00138461538462,-0.039158921225,0.100614687803,0.0233018253898,-0.00827943078913,0.00570703868104,0.0114223551809,-0.00670385408366,0.00577639134191
0.0585548659094,-0.104020656584,-0.0335289186924,-0.0944386762991,0.0306716023268,0.0601478370521,0.0330211927058,-0.0889203651243,0.00179802217561,-0.035224035224,-0.0137440758294,0.0510178436793,-0.0315487571702,0,-0.00660792951542,-0.00650671004473,0.0151955307263,-0.0185555238367,0.0260752688172,-0.0524994958435,-0.120957232555,-0.021349862259,-0.0194378334132,-0.020353423793,-0.028173280824,-0.0397008055236,0.0245709748997,-0.0174678429799,0.00148257968866,-0.00216489265741,-0.0212039163268,-0.0360824742268,0.0291391775671,-0.00458265139116,-0.0150922302963,0.155716645256,0.0414117647059,0.0595266555104,0.041156462585,-0.070888715142,-0.0426484448633,0.00036443148688,0.0680935566997,-0.0325605626465,0.00232107419314,-0.00842000990589,-0.039501039501,-0.0561967389116,0.00630590089971,-0.0695652173913,0.00704330373509,0.0108808290155,-0.00475059382423,-0.0381052631579,-0.0562827225131,0.0074318744839,-0.00666405331243,-0.0102410923832,0.0256736685763,0.0207317073171,0.0648967551622,0.00666495770315,-0.021472392638,-0.00197872866683,0.0257037943696,0.00195633223184,-0.0212891780012,-0.0377894276977,-0.00395256916996,0.122362869198,0.0661029976941,-0.00589225589226,0.0692831397677,0.00231089200431,-0.0253726609578,0.0340975896531,0.00487877156146,-0.0070440907905,0.0173392181589,-0.0223178273729,0.0230488099938,0.0547943122774
0.0328978467047,-0.0230547550432,0.00289100896213,-0.010328415565,0.0318111852232,0.0305275887983,0.0381679389313,-0.0236655726378,0.0177983846844,0.0539597315436,0.0074483421432,0.0253467240555,0.039684106614,0.0198946408076,0.05044345898,0.21612771183,0.0160686770856,0.0043630017452,-0.117369662038,0.01350328714,0.0190026954178,0.0872624912034,-0.0119413481688,0.108229988726,0.0246259351621,-0.0128819652487,0.0385919597324,-0.0874104330368,0.0717986676536,0.0215150967275,0.1062853808,0.00505050505051,0.043252240717,-0.0282801709964,0.0732122587968,0.00476379515681,-0.00677812923633,0.00428700361011,-0.0199281280627,0.0185133239832,0.0142751661334,-0.13679417122,0.00776699029126,-0.0285406569736,0.061748121389,0.000999000999001,0.021645021645,0.0744374533433,0.0407431980195,0.0299065420561,0.0596452690716,0.0189646335213,0.0381861575179,0.0604070912672,-0.0221914008322,0.0540983606557,0.0153906866614,0.0297477904721,0.07488622259,0.0298685782557,0.0585674713099,0.0122230710466,-0.0378586930311,0.119206939281,0.0369928400955,0.0288122047204,-0.0157099697885,-0.00652667423383,0.0206349206349,0.015977443609,0.041095890411,-0.00395145357042,-0.00374531835206,0.02167230249,0.177025707777,0.0238772029562,0.0372295088452,0.00683131897005,-0.0170436938333,0.0225522552255,0.031317292971,-0.0180138301821
-0.0570301850049,-0.0244416350611,-0.05505909484,-0.0470636406058,-0.0392839383391,0.0370218335128,-0.0551470588235,0.00990799716914,0.0261572373255,-0.0753948038716,-0.0317195325543,-0.0566697761194,-0.0765286745158,-0.0188765449911,-0.0228671943712,-0.0292830696735,0.0212305025997,-0.0469157254561,-0.0445235975067,-0.0516601722006,-0.0198386456818,-0.159223300971,0.00661138373223,-0.0402557767766,-0.0559780955278,-0.038846737481,0.0501157400027,-0.00287515456801,-0.0745856353591,-0.0582300884956,0.285658518057,-0.0171445462607,-0.0305522145037,-0.0554991539763,-0.0613432046536,-0.0470169893323,-0.0386715195632,-0.00808807009661,-0.038,-0.085375929496,-0.108468818248,-0.0576070901034,-0.142259152216,0.00443458980044,-0.0236314067612,-0.0117265469062,-0.101694915254,-0.050041356493,-0.0168893207483,-0.000453720508167,0.0059540100039,-0.0352112676056,-0.119540229885,-0.0676986584107,-0.121985815603,-0.0349922239502,-0.0862806062962,-0.00732677412602,-0.0839107005389,-0.0817865429234,-0.0844859813084,-0.040251572327,-0.0303258145363,-0.0969884853853,-0.0264672036824,0.0707114410738,0.0073664825046,-0.0736932305056,-0.0395023328149,-0.09111933395,-0.0470914127424,-0.0359875318787,-0.105263157895,-0.0777794493757,-0.0320707768869,-0.0988339811216,-0.0368293858417,-0.0193110647182,-0.0274274905422,-0.104088219473,0.0506125158409,0.00255770430443
-0.065053746786,-0.0116630669546,0.0625381330079,-0.0139556251909,-0.0678053830228,-0.0273176456343,0.00194552529183,-0.042046250876,-0.0292138049549,-0.00192837465565,0.0160098522167,-0.0556242274413,-0.0411268764137,0.0189211048749,-0.0259225922592,0.0156033287101,-0.0443360203649,-0.0391978122151,-0.0708294501398,-0.0158206825284,-0.00620698961004,-0.0839107005389,0.0219717678305,-0.0608721986675,-0.0183693200129,-0.0334701610357,0.00321844106002,-0.0467513694461,-0.0992537313433,-0.0018793459876,-0.0852932970063,-0.0384962406015,-0.062169256349,-0.0587603009674,-0.0495774647887,-0.057960199005,-0.0203502129673,-0.000679501698754,-0.02772002772,-0.113218909967,0.0130647795318,-0.0398566950291,-0.101461809319,-0.042770419426,-0.0197245708286,-0.0224690734663,-0.0660377358491,-0.00762734000871,-0.0352901856491,-0.0653654108034,-0.0263696380144,-0.0495307612096,0.0365535248042,-0.0520256807616,-0.122778675283,0.0282030620467,-0.0612505316886,-0.0185575706453,-0.0174369747899,-0.0170562223626,-0.158840342997,-0.0209698558322,-0.0496252261566,-0.0470819028936,-0.0490543735225,0.0283691199971,0.00609384521633,-0.0268270120259,-0.0480893782383,0.0636132315522,-0.0403343023256,-0.00529100529101,0.0466386554622,0.0717781402936,-0.0614110254213,-0.0295748613678,-0.0191188275994,-0.0425758382118,-0.0794165316045,0.0189132392675,-0.00202760530049,-0.0561698638761
0.00266171874137,0.0367132867133,0.0356014929658,0.0280353494575,0.011660188784,0.030320730417,-0.0140776699029,0.0453547915143,0.0150464670305,-0.0220811482197,0.00121212121212,0.0853403141361,-0.0128672528415,0.0349361364347,0.0059138791351,0.0720382383066,0.0432852386238,0.000632511068944,-0.0310932798395,0.02965,0.00040733197556,0.0159663865546,0.0190608783698,-0.0324089003547,0.0840446487196,0.0728520091473,0.0154958052371,0.148808811206,0.0555095277548,0.0144982112596,0.0271391723674,-0.00406631216766,0.00989947532781,0.083365055196,0.00237107291049,-0.0074817357627,0.0115942028986,-0.00951949229374,-0.0064148253742,0.146010186757,-0.0163890381515,0.0319496268657,-0.00125,-0.0256558085904,-0.00494491095742,-0.0152376033058,0.0555555555556,0.0770000175479,0.00966199310069,0.060223409422,0.0301218787158,0.0630828304992,0.0251889168766,0.00303596450257,0.0515653775322,0.044670846395,0.00407793384685,0.0139664804469,-0.0348514004704,0.0520565552699,0.155825242718,0.00963855421687,0.0100625509927,-0.00694801852805,-0.00621504039776,0.00172359901764,0.00847970926711,-0.02154626109,-0.0190508589896,-0.0167464114833,-0.00416508898145,0.00147754137116,-0.0281011641911,-0.0124809741248,0.0171941570298,0.00539682539683,-0.00132120758373,-0.0211228460256,0.0415492957746,-0.00294637595757,0.0152465696657,0.00496003660887
-0.0558468452591,-0.0514333895447,-0.0715275852509,-0.0181190591209,-0.01317233809,0.0102230483271,-0.0211718365337,-0.0117214835549,-0.0193285859613,-0.00141123341801,0.0135593220339,0.00241196333816,-0.00760373669346,0.00425794995514,-0.0341723314349,-0.00286624203822,-0.0342553191489,-0.0129582806574,0.0169082125604,-0.0537804108192,-0.0204940282302,0.0686517783292,-0.0126158499898,0.0194967505416,-0.0666262870987,0.00334957369062,0.0100020266323,-0.0497082117549,-0.0164835164835,0.0207869339272,-0.0173599737963,0.0342336683417,-0.0127788124794,-0.0769501054111,-0.0177409816677,-0.0256296559063,-0.0119388729704,0.0045766590389,-0.00824964131994,-0.0684444444444,0.019120458891,-0.0693785310734,-0.0475594493116,-0.0278106508876,-0.0248016213802,0.00157356412274,0.0191387559809,-0.013849287169,-0.00054842247887,-0.0549702244617,-0.0182118297536,-0.0201238390093,-0.017199017199,-0.00675203725262,0.0210157618214,0.0247561890473,-0.0275270758123,-0.0250052977326,-0.00841825431989,-0.020769700672,-0.0440991180176,-0.0175019888624,-0.0541195476575,-0.0406841150557,-0.021263289556,-0.00688253334284,-0.0042042042042,0.0236398963731,-0.0218484480666,-0.0467153284672,-0.0114068441065,0.0218353496607,-0.0499793473771,0.0212700369914,-0.0370979805535,-0.0445216293022,0.0105873187367,0.00369108461102,0.025016903313,-0.0635342789598,0.0105049520106,0.0394805896427
-0.0499918333061,-0.0351111111111,0.00328456255599,0.0189608840053,-0.0622914349277,-0.00429162833487,-0.0201207243461,-0.00584174190122,-0.00874333135744,0.00113058224986,0.00931677018634,0.0151588065448,-0.098292469352,-0.0548131621946,-0.00494578657029,-0.0638773554775,0.00616875963869,-0.0726865193724,-0.021377672209,-0.00731313027636,-0.0655396979354,-0.0642414860681,-0.0154185453011,-0.0323635174894,-0.0337443218689,-0.00758725341426,-0.0239725218951,-0.0735387652155,-0.0750199521149,-0.0647272727273,-0.13328,-0.0516246583662,-0.0854463229918,0.0118005329273,-0.0228777844672,0.00573404933103,-0.0265828902852,-0.00774487471526,-0.0300180831826,-0.0327608142494,0.00911283838113,0.030111704711,-0.116511169514,-0.0261716372489,0.00234832740381,-0.0311599895261,-0.0352112676056,-0.0386286658406,-0.0131312153197,-0.0295685894329,-0.036837711847,-0.0384412848868,0.01,-0.11486169714,-0.0703259005146,0.00146412884334,-0.00603248259861,0.00130406433384,-0.0690348525469,-0.0555208983157,-0.0483304042179,0.00998650472335,-0.0111016225448,-0.0615883306321,-0.00127795527157,-0.00216345290675,-0.0144752714113,-0.0173995571022,-0.145718844177,-0.0239918325676,-0.0488461538462,-0.0063528732313,-0.0330434782609,-0.00588590401449,-0.0301382631661,-0.058162590879,-0.0124400452365,-0.016973125884,-0.0511213720317,-0.0123067213632,-0.0232768196762,-0.0703490724688
0.00349998157904,0.0386918470751,0.04375,0.0172988491,0.0818505338078,-0.00461964179298,0.017453798768,-0.000890313390313,-0.017042906264,0.0152456239413,0.0170414201183,0.00805878170183,0.0534110220927,-0.0038442514973,0.0237048365513,0.00784715114295,-0.00832056054303,0.0359116022099,-0.00208044382802,0.0345086077651,-0.00919335705813,0.0215053763441,-0.00357715729556,0.0508445945946,0.0191403626595,-0.00214067278287,0.00907595748026,0,-0.0388265746333,0.0725116640747,0.0175784054315,0.00224143451809,0.0477017677191,-0.0620767494357,0.00492914356131,-0.0968325791855,0.019364448858,0.00390266299357,0.00521998508576,0.0213745478461,0.00239043824701,-0.0285242809995,0.0416459056869,0.0140625,0.00194454531611,0.0467567567568,-0.0316301703163,0.0532765050613,-0.00194162632762,0.0014985014985,0.0353994183509,-0.013691128149,0.00247524752475,0.0169491525424,0.00369003690037,0.0175438596491,-0.00513538748833,-0.0160625135663,0.0700743940485,0.0495376486129,0.0263157894737,-0.0312667022982,0.0400115141048,0.0466321243523,0.0115163147793,-0.00477711304035,0.00979192166463,0.024790727624,0.0157709068271,-0.0585774058577,-0.0432672866963,-0.0104620749782,-0.0278776978417,-0.0472142098072,-0.0174595547013,0.0571929824561,0.00265117203897,0.046618705036,0.00556134862704,0.0916932907348,0.0147044463719,-0.0213560364346
0.0312920674548,0.0119733924612,0.0484744796122,0.0414288817666,0.00219298245614,-0.0228990982378,-0.0110998990918,-0.00570308322937,-0.0136882129278,0.0147385984427,0.0262974168024,0.0733599811897,-0.0760543904125,-0.00289554410666,0.0513538748833,0.0362220717671,-0.00640317950983,0,0.0663655316192,-0.0112440968492,0.0133193654594,0.00890688259109,-0.00134767433578,0.066388040508,0.0395387149918,0.0858106037389,-0.0100489564545,-0.0129491974812,0.0206463195691,0.0329889432663,0.0925821406974,0.0533546325879,0.0367404616109,0.187324508624,-0.00551808706315,0.0696392785571,0.0102289332684,0.0297278756003,0.0226261127596,0.0350933676755,0,0.00509585052172,-0.0423654393969,-0.0298921417565,0.0249494347211,0.0203976245804,0.180904522613,0.0460946040759,0.00833276232412,0.117206982544,0.0255416473862,0.00333148250972,0.0592592592593,0.0260416666667,0.0349264705882,0.0330459770115,-0.0145471609573,-0.00463269358041,-0.0168199147791,0.0497168030208,0.0436347278453,0.00551724137931,-0.0517575422087,0.0302530253025,-0.00632511068944,-0.0431913508823,0.00363636363636,0.00157084511467,0.118692543412,0.00444444444444,-0.0122569737954,-0.014684287812,-0.0152636447734,0.0262906309751,0.0120639060972,0.170594092267,0,-0.0604894143525,0.0995506394746,0.012876792508,-0.0194897456653,0.00237072219298
-0.017621720402,0.0385626643295,0.0500407941256,0.0469540957984,0.0590809628009,0.0370488236998,0.0204081632653,0.0621975264384,0.0144949884348,0.0419292956975,0.0258503401361,0.0396714129244,-0.0157146420554,0.00161221139197,0.0227353463588,-0.00457366873571,0.0451111111111,0.0236666666667,-0.00162919517758,-0.0166030679033,0.0642445724413,0.0609951845907,0.0224820400454,0.0318058486584,0.0554675118859,0.0228619813717,0.0288609372541,-0.017500099932,0.028144239226,0.0563256711704,0.142750401269,-0.0415529269032,0.0687596547024,0.0297297297297,0.0191122071517,0.0992974238876,-0.0361620057859,0.00444148345547,0.00580340950308,0.137480559876,-0.0196078431373,0.0485272815065,0.0735613160072,0.0324015247776,0.0254713860404,-0.0136639676113,-0.0191489361702,0.0290585225855,0.0487620398275,0.0133928571429,0.0578638042276,-0.00664084117322,0.0536130536131,0.0428934010152,-0.0266429840142,0.00834492350487,-0.022380952381,0.0465425531915,0.0780109489051,-0.0767386091127,0.0831896551724,-0.0079561042524,0.019848219498,0.0755472504004,-0.017823042648,-0.0250836120401,0.0030193236715,0.0116060225847,-0.0157048940833,0.103982300885,-0.0243902439024,-0.00447093889717,0.0582433067168,0.0315168452104,0.0533182989691,0.0399773178339,0.0267794842415,-0.0248756218905,0.0458975165042,0.0147356255418,0.0295645848488,0.0255562702012
-0.0509144058174,-0.0084388185654,-0.0730380730381,-0.0118146296691,-0.0609504132231,-0.0271740872887,-0.0515,0.0394870064124,0.0123119015048,-0.0628616517622,0.0329354553492,0.00819620319842,-0.0420679168779,-0.0270533683806,-0.022056269538,-0.0597308828356,-0.0157346374654,-0.0582872028655,-0.0450391644909,-0.0289869969677,-0.0123508187621,-0.0325264750378,-0.0239660474019,-0.0661796932067,-0.0135135135135,-0.0273178807947,-0.00987209808559,-0.0760236297357,-0.082121471343,-0.0262458471761,-0.0670482156263,-0.0794303797468,-0.0372735233852,-0.0633202099738,-0.0447670901391,-0.0551342138901,-0.0200100050025,-0.0227724961309,-0.0710421925712,-0.0369155045119,-0.00675675675676,-0.0255583697905,-0.142131944444,-0.0584615384615,-0.00667408231368,-0.03412006157,-0.0715835140998,0.00606290261463,-0.0144465354233,-0.0264317180617,-0.035257777331,-0.0222841225627,-0.0287610619469,-0.0642492090533,-0.0948905109489,0,-0.021919142718,0.0190597204574,-0.10071942446,-0.0564935064935,-0.0143255073617,-0.0199115044248,-0.135088723526,-0.116157855547,-0.0259235255995,0.0074812725916,-0.00963275135461,-0.0992248062016,-0.0315398886827,-0.0465931863727,-0.075,-0.0568862275449,-0.0248557478917,0.010686333534,-0.0461844318703,-0.0997818974918,-0.0309095461211,-0.0261104441777,-0.0574090772468,-0.103929384966,-0.00594386968346,0.0124597113507
-0.0478166244543,-0.0434042553191,-0.0592344230232,-0.0246537552293,-0.018701870187,-0.000626177024482,-0.0527148128624,-0.0357142857143,-0.0306306306306,-0.0390120684816,-0.00492189171838,-0.0562173458725,-0.0328042328042,0.00529702820022,-0.041733262298,-0.0837696335079,-0.0931086627781,-0.0190179806362,-0.0570745044429,-0.0998253321336,-0.00702543206407,-0.0867865519937,-0.0234310006204,-0.0298811013767,-0.0307458143075,-0.0635460992908,-0.0199351143224,-0.0155698220214,0.044734389562,-0.0242238143978,0.0199004975124,0.0116878652458,-0.0601944662775,-0.00805604203152,-0.0208993033566,0.0358946608947,-0.0117406840225,-0.0260180995475,-0.0163043478261,-0.0485519591141,-0.0634013605442,0.0668714555766,-0.0388560141824,0.0307189542484,-0.043673012318,-0.0297476759628,-0.0257009345794,-0.0617702448211,-0.0237225442779,-0.0638009049774,-0.0282841139813,-0.0210826210826,-0.0842824601367,-0.107152145644,-0.054435483871,-0.0165517241379,-0.0488047808765,-0.00540315876974,-0.00588235294118,-0.0220233998624,-0.0851836899475,-0.0660270880361,-0.00529450694904,-0.0261162594777,0.0126413838989,-0.0171695699432,0.0699088145897,-0.0230636833046,-0.0819923371648,-0.026274303731,0.0123281175913,-0.0247619047619,0.0423304506145,-0.0732688011914,-0.0553150553151,-0.019079345851,0.0803991909887,-0.0317411402157,-0.0223214285714,-0.139180171592,-0.0263940205895,-0.0715604674777
0.172815248483,0.067615658363,0.019008019008,-0.0416532161081,-0.0201793721973,0.0285772164303,-0.00111296605454,0.0170033670034,0.035780669145,0.013726635514,0.0189247311828,0.0540301151461,-0.0322757111597,0.00428273068116,-0.0111193476649,0.032,-0.0185802763221,-0.0186817060275,-0.00761145342515,-0.00208737578644,0.0682043299844,0.035102739726,-0.00807091397173,0.0175778100306,-0.153894472362,0.0109057861254,-0.00267974609103,-0.0538354877667,0.0597680642284,0.0681818181818,-0.0464475079533,-0.0295616717635,-0.00501799524512,0.334745762712,-0.0213454075032,0.0612049451506,0.00361570247934,-0.00418118466899,-0.0134175217048,0.0459564309161,0.114758861127,0.0126245847176,0.0982624881036,-0.0202916930881,0.0171779859485,-0.041335888311,-0.0551558752998,-0.0314411882778,0.00409618869991,-0.133397776704,0.0164837553287,-0.0325960419092,0.044776119403,0.0119429070784,-0.132196162047,0.00981767180926,0.0429319371728,0.00919348098621,-0.0776331360947,0.00985221674877,-0.00220653133274,0.00845921450151,0.0415834996673,-0.0916955017301,0.0249671484888,-0.00519681340406,0.0170454545455,-0.00986610288936,-0.0630217028381,-0.0415542363734,-0.0632318501171,-0.00911458333333,0.0266375545852,0.0196046922706,-0.0293618465716,-0.0336523618401,0.0322855034639,0.0502864417568,-0.00260926288324,0.104835732743,-0.00409047718371,0.0481128968237
0.106481428718,0.0025,-0.216263480035,-0.0110003347995,0.0297482837529,0.0497725950727,-0.00389972144847,0.0183744413177,0.0424704650815,-0.0138288677615,-0.0126635711271,0.00609243697479,-0.00339174674958,0.0622932911063,-0.0112443778111,-0.0077519379845,0.0206310679612,0.069683908046,0.0412710007305,-0.129216627876,0.0204000529872,0.129859387924,0.0176720576083,0.0378763866878,0.00742390497402,0.0296673658975,0.0327418403759,-0.0421870715819,0.00589225589226,0.0104746317512,0.022909252669,-0.00735294117647,-0.0448608369616,0.0113756613757,0.0416391275611,-0.218967921897,0.130211013896,0.0184278049918,-0.0044,-0.0436519258203,0.0549908782903,0.0304024496938,0.131901840491,0.0462783171521,0.0207213326119,-0.0239862935465,0.0659898477157,0.0489414261319,-0.0435008281429,-0.0351366424986,0.0231899759091,0.0108303249097,0.0142857142857,0.0238917674151,0.0786240786241,0.0145833333333,0.0522088353414,-0.0184265010352,0.0674878111368,0.0864111498258,0.0561698363556,0.0440383463152,0.0894282976685,0.00857142857143,0.112179487179,0.0375121744862,0.00782122905028,0.0455516014235,0.0187082405345,-0.0123873873874,0.0155,0.0627463863338,-0.0131858783496,0.0587864460205,0.00559538380836,0.266134185304,0.0440891777499,0.0145454545455,0.0160235448005,-0.00935516204477,0.0333818139508,-0.111477285546
-0.0110417567929,0.00665004156276,-0.00409074005206,-0.0223745835646,-0.0377777777778,0.00756544502618,-0.0262863534676,0.0066644993498,-0.0263950652704,-0.100204498978,0.0348439504062,-0.0576320735018,-0.0187180941577,0.0101845867907,-0.0244503411676,-0.0174851190476,-0.00190249702735,0.00671591672263,0.115047351806,-0.000473661061678,0.0241464364533,0.0314787701318,0.0429634484439,0.0293174530463,-0.00221075902727,-0.0130966239814,-0.0135091385349,0.00208281920932,0.0468619246862,-0.03530936184,-0.350945857795,0.0222222222222,0.0161569418489,-0.0347894323829,-0.0228426395939,0.0204831932773,-0.0928961748634,-0.00939074667888,-0.066291683407,-0.0551909307876,0.0345849802372,0.0114625344937,0.0709146341463,-0.00278379214352,0.0702967282078,-0.0020479812756,-0.0928571428571,-0.101060550981,0.0230231267796,0.0760115606936,0.0281117560026,-0.00416666666667,-0.0305164319249,0.0261456283385,0.00455580865604,0.0485968514716,0.0395992366412,0.000632777894959,-0.0497596153846,-0.00513149454779,0.00335008375209,-0.0163558106169,-0.0307827616535,-0.0516210261253,-0.0138328530259,0.0228807130666,0.0127494456763,-0.0656909462219,0.0120244862265,-0.0302166476625,-0.0226489414082,-0.0207109737249,-0.0754310344828,-0.0236677582614,-0.110763345505,-0.0169063840525,0.00941345014041,0.0391278375149,0.0524621821693,-0.0107925801012,-0.01789132344,0.0161465843241
-0.0486491553315,0.0127993393889,-0.00933532486931,-0.0225425067483,0.0317551963048,-0.00750863883187,0.153934520391,-0.00645890521557,-0.0321202298512,-0.0272727272727,0.00516422226813,-0.041214269887,-0.0291907514451,0.0424710244413,0.00349718282495,0.198031048845,-0.00333571598761,0.0306871247498,0.0226486316452,-0.0372338625055,0.0281404487261,-0.0205819730305,0.0105159839063,-0.0106809078772,0.00664697193501,-0.0722500737246,-0.0163374903037,0.00330982308208,0.0207833733014,0.0208193418402,-0.0134003350084,-0.0179434092478,-0.0382807710646,-0.0761517615176,0,-0.0528049408132,0.0125502008032,0.0226589595376,-0.0189328743546,-0.0328386485633,0.0704393505253,0.0266526757608,-0.0181378782415,-0.144230769231,0.024583772392,-0.00175901495163,-0.0209973753281,-0.0149450549451,0.000557260780165,0.00349180768198,-0.0158410528541,0.0376569037657,-0.00242130750605,-0.0287671232877,-0.0113378684807,-0.0208877284595,-0.000917852225792,0.00126475548061,0.00278269668606,0.0180528691167,-0.0158597662771,0.0627187864644,-0.0214761040532,-0.0477928974444,0.0368205727645,0.0572710502165,-0.0290093048714,-0.0196721311475,-0.0695614603586,-0.0546737213404,0.0105793450882,-0.0113636363636,-0.0526806526807,-0.020429943589,-0.00449745795855,-0.0449178644764,-0.0590719551866,0.000574877838459,-0.000305810397554,0.0218206614388,-0.016698194325,-0.0635511349692
0.0409774147992,0.0648185894823,0.0603090840558,0.021303005342,0.0212646894236,0.0107635253054,0.0408163265306,0.0341296928328,0.0200943827067,0.0240320427236,0.00369913686806,-0.00739542408135,0.104495385531,-0.0319475365188,-0.00425943852856,0.0407711757269,0.0279703562037,0.0585760517799,0.0206090433713,-0.0195830257005,0.018246825299,0.0833333333333,0.0134443145078,0.0449842555106,0.0601614086574,0.101398601399,0.00750370028874,0.10496602914,0.0626468285043,0.0230263157895,0.00203735144312,0.0147575544624,0.0158550281788,0.0264007040188,0.0136363636364,0.0479243642686,0.0406544372831,-0.00361745421659,0.0368421052632,0.0558276199804,0.00959179121124,0.0218724448078,0.131875,-0.00616165277274,-0.0143984038341,0.0540381791483,0.0428954423592,0.0965997322624,0.0191596898948,-0.0840471092077,0.0436947344361,0.00806451612903,0.152912621359,0.0301833568406,0.0435779816514,0.028,0.086357372531,0.00947368421053,0.0274974772957,0.0335655478151,0.0351993214589,0.00137249519627,0.0442040185471,0.0975949808296,0.0264937993236,-0.000850496707613,0.0259301014656,0.0631735414344,0.0638495472487,0.116915422886,0.11814556331,0.0395913154534,0.0457677165354,0.0381322957198,0.0496955411511,0.0408492340769,-0.0405522203275,0.0135018672795,0.0373202814316,0.109109109109,0.0159557413269,0.0106642015429
0.00631007719328,-0.00650842266462,0.0277284038393,0.00967416165297,0.0619178082192,0.0207193946484,0.0239120038259,0.013201320132,0.0186539322489,-0.00684485006519,0.003276003276,0.00093131548312,0.00215633423181,0,-0.0441376628427,-0.000607348921956,0.0404651162791,-0.0290431060838,-0.00964436407474,-0.0138420712903,-0.00847560237317,0.00602006688963,0.0111237513949,0.0216673841297,0.000346020761246,0.0519480519481,-0.0031910602147,-0.0355330851319,-0.0346352247605,-0.0064308681672,-0.006099627245,-0.00554016620499,-0.00232071713147,-0.0774507002001,0.0461242793081,-0.0333920978948,-0.033825631253,-0.0074880871341,0.00549915397631,0.0807050092764,0.0141405214317,-0.000600120024005,0.0394667182795,0.0944566010212,-0.00417392756149,0.00390080802452,0.0565552699229,0.0466005827107,-0.0040883719571,-0.00584453535944,-0.0334221635884,0.00228571428571,0.0252631578947,-0.00410733844469,0.010989010989,0.0356679636835,0.000422832980973,0.036496350365,-0.0189049840412,0.0140931372549,-0.0024580090127,0.00411184210526,0.00325636471285,-0.0247697681804,0.0538165842943,0.00931954999386,0.0291208791209,0.00594197832926,-0.0597992143169,-0.0256124721604,0.00668747213553,0.0113636363636,-0.016,-0.000299850074962,0.0181511976048,0.00542215336948,0.00845185053789,-0.0564058956916,-0.0433500442347,0.028880866426,-0.00912356404283,0.0258982833488
0.0209016993082,-0.00423892100193,0.0985818056036,-0.00616910652854,0.0257997936017,-0.0059204878482,0.0401681457263,-0.0176826430898,0.00190448285965,0.0423367246472,0.0173469387755,-0.00535008141428,0.0314685314685,0.0299709868631,-0.036818551668,0.00729261622607,-0.0109521680823,0.00535264483627,-0.0161290322581,0.04,0.0283306875076,0.0518617021277,0.0156575583768,-0.0205056179775,0.020062262193,0.0301783264746,0.0277302955442,0.091511276533,0.00152671755725,-0.00323624595469,-0.0627344016365,0.0508356545961,0.0113111104456,0.0594795539033,0.0312308634415,0.0197403712048,0.00295857988166,0.0118884316415,0.0479596129575,0.0360515021459,0.0106753812636,0.0256204963971,0.0182530120482,0.00866377874042,0.0125742667631,0.00444074382459,-0.00243309002433,0.00485225505443,0.0229847619215,0.026455026455,0.0114649785851,0.0689851767389,0.0102669404517,0.00714874896893,0.0673913043478,0.0344395742016,-0.00338123415046,0.00905432595573,0.0518018018018,0.0465256797583,0.0451745379877,0.00928200928201,0.00295072292712,-0.00875936177141,-0.0234497133924,0.000417333240593,0.0160170848905,0.00382209867964,-0.00580315691736,0.0822857142857,-0.00310008857396,0.0297600971758,0.0803443328551,-0.00179964007199,-0.0159897077743,0.0434001027221,0.00279367181599,0.0288374887354,0.0104808877928,0.00526315789474,0.0255669315049,0.0219723151586
0.0602440472534,0.00270897832817,-0.0305415617128,0.0145009987677,-0.0241448692153,-0.0153147825939,-0.0139200718455,0.00189483657035,-0.00146220207633,-0.00787153652393,0.0326980942828,-0.0411599625819,-0.0401564537158,-0.00734547545668,0.0270327349525,-0.057616892911,-0.00542372881356,-0.00469777638584,-0.0151562016703,0.029965034965,-0.0212563828524,0.0101137800253,-0.0108317756762,-0.00172067679954,-0.0298406239403,-0.0655126498003,-0.0409932412577,-0.00248993475527,0.00914634146341,0.0133116883117,-0.030556566024,0.00231941683234,-0.0148075024679,-0.0421052631579,-0.0243467933492,-0.011467648606,-0.00196656833825,0.0408947130592,0.0160578081092,-0.0383871858603,-0.0239275705971,0.0197111631538,0.00860525027833,0.00660720185002,0.0262229259156,-0.0312240950539,-0.0487804878049,-0.00105243607999,0.0125694157602,-0.0120274914089,-0.0286074384738,0.0032,-0.0325203252033,0.00791700791701,-0.0285132382892,-0.0732445520581,-0.0106022052587,0,-0.0637639781109,0.0721709006928,-0.0168958742633,-0.0500405734379,-0.0132391879965,0.0837357511251,0.017075773746,0.0541177084058,0.00788229111929,0.0311526479751,-0.00980621060005,-0.131467793031,-0.0604175921813,-0.0244765555883,-0.0978308986277,-0.017578125,0.0267090026149,0.0679301009107,0.0408665834339,0.0493430656934,-0.0588773642465,-0.0203606748109,-0.0458613543837,-0.0173807071902
0.0191752517597,0.0339637205712,0.0418967197142,0.0796691692087,0.0128865979381,-0.015552972994,0.040072859745,0.0215918045705,0.0215258456582,0.0675975880673,-0.0400155400155,0.0275609756098,-0.00570497147514,0.00947268851465,0.0187127287682,-0.0105633802817,-0.00999772778914,0.0179358086847,0.178077889447,0.0829344468208,0.00825042465421,0.0394242803504,0.00273692875967,0.042085607584,0.0136315973436,-0.0493017953833,0.0330075072775,-0.0441522397658,0.0521148036254,0.0547901313682,0.245778611632,0.0396694214876,0.0788276553106,0.0891330891331,0.0821667681071,0.0907833120477,0.0384236453202,0.015628391578,0.0272619517977,-0.0637564618036,0.00750883392226,0.0298564593301,0.0906507121413,0.0242861831309,0.0198251434449,0.0239589275528,0.0538461538462,-0.0398023054041,0.0216596885039,0.00405797101449,-0.00111131793973,0.0138224348751,0.0105042016807,0.0628385698808,0.109014675052,0.0124101894187,0.0120017145306,0.0189431704885,0.0566709021601,-0.0236941303177,-0.0127897681855,0.0387243735763,0.0819916517591,0.048802667475,0.0430220356768,0.0163078876421,0.0151199165798,0.053037932192,0.0943173779769,0.00303951367781,0.0609929078014,0.0199516324063,0.0897939156035,0.0206453586175,0.0549390576678,0.0702926941692,-0.0371770428208,0.0381190873678,0.0119935170178,0.0397862232779,0.040751108139,0.0172213374339
0.0251712344989,0.00597237775289,-0.00903990024938,-0.025826551306,-0.012213740458,0.0705060408045,0.0170753064799,0.0208269052761,0.0209288990826,0.0240784780024,-0.100161877782,-0.008070258723,0.0565573770492,0.0354952386076,0.0345175615664,0.168877385959,0.0261647922883,0.0120556414219,0.0181284990669,0.0344827586207,-0.0735258724428,-0.0656231186033,0.0016819221358,0.0292212267402,-0.127931034483,0.00179856115108,0.00994892056881,-0.023104705924,0.059583632448,-0.00850546780073,0.0650602409639,0.0454689984102,-0.0513992216742,-0.0538116591928,-0.0241844769404,0.0174651185482,-0.0483870967742,0.0117546484292,-0.00538461538462,-0.0291411042945,0.00854888206927,0.0639286377997,0.00652217490576,-0.0336430631208,0.0145056509745,0.0116991643454,-0.0389294403893,-0.102670431626,0.00491055089116,-0.104503464203,0.0267013041918,0.0414263240692,-0.116424116424,0.00101936799185,0.0434782608696,-0.0141935483871,-0.00677678949598,-0.00371819960861,0.0832130832131,-0.0137892995036,0.0384615384615,0.0301535087719,0.0096445301736,0.0554913294798,0.0548289738431,0.0133123494147,0.00256805341551,-0.0854319413452,0.047619047619,0.0309090909091,0.0236185383244,-0.0509780675756,0.0175596578118,0.0194785735691,0.037937575444,0.0549095607235,-0.0179180594546,0.0434199946395,0.0313901345291,0.0533980582524,0.00752858759375,0.0128176865178
-0.011745245532,0.0152133580705,-0.0289399182133,-0.00628728313893,0.0530654301906,-0.00819897266872,-0.0107619457598,-0.0285627928064,-0.0129177197416,-0.0240928882438,-0.0236114234315,0.0189040440297,-0.103697957073,0,-0.0487804878049,0.017160254636,-0.0105121896667,0.00671960904093,-0.0311599895261,-0.0125454545455,-0.0181841797636,0.00966494845361,-0.013629699013,-0.0273202089192,-0.0162119414788,0.0424895272292,0.00363608595026,0.0476738496113,-0.00406504065041,-0.0196078431373,-0.108314479638,0.00334549878345,0.0753918909657,-0.0239928909953,0.0149855907781,-0.0169735327963,0.00947158524427,0.00316856780735,-0.00425367362722,0.0761453396524,-0.0219517496196,-0.0620087336245,-0.0660620692,-0.0278514588859,0.0172222222222,0.00963656387665,0.00506329113924,0.0308027044523,0.00591849855004,0.063829787234,0.0283556333354,-0.0579053373615,-0.0141176470588,-0.033350305499,-0.0833333333333,0.0111256544503,0.0106609808102,-0.0237674327244,-0.011323268206,-0.0212527964206,-0.0654970760234,-0.0138371474188,-0.0851528384279,-0.0418948521358,-0.0119217930377,-0.00425106076375,-0.00409836065574,-0.0320669222726,-0.00966680378445,0.0429159318048,-0.0326512842838,-0.0231105559026,0.0146017699115,0.0136684303351,-0.025751786011,0.0171463563993,0.00943524798977,-0.0092473670691,0.0288819875776,-0.00108430468962,0.011462466208,0.0275630774698
-0.00307640518781,0.0131578947368,0.0813087139618,0.0686530154339,0.00880626223092,0.037754254277,0.0578764142733,0.0140012445551,0.051493598862,0.142177275431,-0.00760018424689,0.0908877407233,0.0455856895557,0.0118981126684,0.0217435897436,0.0644897959184,0.0302893309222,-0.0464199029126,0.0105405405405,0.0521696434051,-0.0877100145522,0.0701978302489,0.0102030080259,0.0424067189866,0.00602893890675,0.0622847301952,0.0418595667722,0.0735371707823,0.043537414966,0.071875,0.00983190612115,0.0354652925129,0.0230713902015,0.0710166919575,0.0488358886996,0.0558969856599,0.036049382716,0.00884396715098,0.118446601942,0.0907222548444,0.0506666666667,0.000558659217877,0.141469935038,0.0395634379263,-0.00128393074439,0.0444505044996,-0.0251889168766,0.0466637592673,0.0276189901472,0.0121212121212,0.0417992623815,0.0577231427044,0.105011933174,0.0492494074269,0.391304347826,0.0440129449838,0.0042194092827,0.0167002012072,0.0689422860993,-0.124571428571,0.093032957864,0.0388559093362,0.0522076372315,-0.0194341240354,-0.015444015444,0.0228977560521,0.0545267489712,0.0273676629456,0.0276220145379,-0.0400225479143,0.0616561656166,0.0210997442455,-0.0553859572612,-0.0117442366246,0.050306957708,0.00461569335742,0.0448727934889,0.036816178377,0.0193178388168,0.0246947082768,0.0320168733051,0.0329795741922
0.0103175943122,0.0263347763348,-0.0233672857999,-0.0169001542094,0.0480116391853,0.0146016800296,0.0115178938708,0.035747161706,-0.0201569264069,0,0.0290090508239,-0.0142088266954,0.0987858719647,0.00335887792083,0.0636418389882,0.0503578732106,-0.000438788942519,0.0518612790328,0.0230008023536,-0.0325205623286,-0.00493039443155,0.0649970184854,-0.0119933663945,0.0353982300885,-0.0339592489013,0.0272899216428,0.0342229887253,-0.0115294439924,0.0110821382008,0.0282798833819,0.0549623115578,-0.00468384074941,0.0649656927746,0.016718617172,0.0276123443422,0.0315964523282,0.0271687321258,0.00960133583803,0.0631944444444,-0.0102288021534,-0.0228426395939,0.0442955518332,0.0239944957556,0.0200131233596,0.00479694530523,0.0172323759791,-0.0077519379845,-0.0458333333333,0.0214047197687,-0.011377245509,0.0350623440135,0.0262758969176,0.0518358531317,0.0712851405622,0.0241477272727,0.0390576565406,0.00588235294118,0.00237482683554,0.0941176470588,-0.00261096605744,0.0412213740458,0.00493506493506,0.000850581230507,0.0314777032935,0.0602941176471,-0.00606789439349,0.0390243902439,0.0483701366982,0.0214227970897,0.0710510863183,0.0568037303942,0.0582341891046,0.0156971375808,0.000586854460094,0.0589381393083,0.0121853775469,0.0196837219165,-0.0405101275319,0.0239857862008,0.0495233050847,0.0439131469106,0.0302275751818
0.0803702397089,0,0.00858895705521,0.139964799992,-0.00740397963906,0.0065441069669,-0.00650671004473,0.0276996000593,0.0129780477703,-0.00260416666667,-0.0146594497068,-0.00764359030356,-0.0436966348569,0.0128361493258,-0.00547376368441,-0.00486736432222,-0.00592625109745,-0.0356926799758,0.00862745098039,-0.0060293629978,0.0664529291752,0.0985442329227,0.0202315888487,-0.0054853935451,-0.0334987593052,-0.00815360336665,0.0119934166572,0.0888528438453,-0.0154738878143,-0.0119081372271,-0.0253051503424,0.0244117647059,0.00723674864415,0.20652173913,-0.0827186512118,-0.0114633709475,0.0162412993039,0.0303907380608,0.00522534291313,-0.0837639379929,0.00844155844156,-0.00481197647478,-0.0631860919402,-0.0347378578321,-0.00604394030535,0.0215605749487,-0.0104166666667,0.0106899563319,0.0204674694765,0.0321017565112,-0.00651303461974,0.0280649926145,0.00205338809035,-0.0288191190253,-0.0596393897365,-0.0387828162291,0.0405179615706,0.0201382033564,-0.0433947772657,-0.0569371727749,-0.050219941349,-0.00284311191522,0.0175637393768,-0.162192709805,-0.0291262135922,-0.019469376458,0.050234741784,-0.0508191240388,0.0559952512861,-0.0586622807018,0.0188527878059,-0.0869822485207,-0.025,0.00102639296188,-0.00107329040172,-0.0655220051312,0.0157945698652,0.0422204847537,-0.138808559861,-0.0565228362352,0.000916727954506,-0.000824609935128
-0.0127609112236,0.00281195079086,0.160279805353,-0.00875726031405,-0.00885780885781,0.0475819032761,-0.0216946377405,-0.00590948400115,0.0426604879378,-0.00417754569191,-0.00595101853971,0.097051056338,-0.0351890756303,-0.0438013675559,0.00778136268742,-0.0210320371729,-0.030470302495,-0.0539523212045,-0.014256091239,0.209274817264,-0.120798032249,-0.0112130479103,0.0233831676165,-0.00256541816316,0.110397946085,-0.00079554494829,-0.00284473643249,0.0157500355574,0.0137524557957,0.00631276901004,-0.0427611484423,-0.0795291415446,0,0.026103026103,-0.00344629523262,-0.0876970465664,-0.0488584474886,-0.0136436597111,-0.0237166991553,0.184921341644,0.0347714101739,-0.0379656160458,0.0376805536424,0.049983338887,0.00223823246878,0.000251256281407,-0.00263157894737,0.0563927966541,0.0023893179816,-0.0258215962441,-0.0245901437786,-0.00287356321839,-0.0245901639344,-0.00723763570567,-0.0117994100295,-0.00869025450031,-0.00682456844641,-0.0125798335591,0.00200722601365,-0.000693962526024,0.0227711308375,0.0238465526179,0.0336859688196,0.0198988195616,-0.0638095238095,0.00506480204528,0.0254805543138,0.0591757661148,-0.0818812066704,0.045428072219,0.011811023622,0.0145819831497,0.0573426573427,0.0350080562473,-0.00383729854183,-0.0325237592397,0.0123822471012,0.00400100025006,-0.0423102753526,-0.0115004011768,-0.00137124524592,0.0545911356485
-0.00883484497676,0.0108657553453,0.00157273918742,0.00079785003941,-0.0208137347131,0.0139017125838,0.0326359832636,-0.00217485863419,-0.0181699346405,-0.0173046670163,0.00138153350219,0.0565697091274,-0.0163309744148,-0.0164244102844,-0.0129943502825,-0.0012490632026,0.102482350262,-0.013925729443,0.013410465422,-0.0232750620752,-0.0397886229406,0.196907216495,-0.0208089013842,-0.0167181069959,0.0246628131021,0.0291932059448,-0.00665306627767,0.0158227148448,0.0142118863049,0.00313658397491,-0.111040204212,0.00124766063631,-0.00082964831208,-0.013507429086,-0.00345821325648,-0.00844091360477,-0.00624099855977,0.0327502034174,0.0405990016639,0.00876753507014,0.0153495125493,0.102941176471,0.0250244889365,0.0101555061885,-0.00702558155138,-0.0218538055765,0.0606860158311,0.00899795501023,0.01715033174,-0.0168674698795,-0.00235461987007,-0.00528338136407,0.0189075630252,-0.0814094775213,0.0149253731343,0.0619912335629,-0.0675020210186,0.0047040376323,-0.00560897435897,-0.00555555555556,0.0384905660377,-0.000759493670886,-0.0293563156477,-0.0486111111111,0.0386571719227,0.0201410677173,0.0130775937228,-0.0149650814766,-0.0157142857143,0.0512534818942,0.00583657587549,0.0150111785372,0.0185185185185,-0.00834984432494,-0.284283513097,0.0488976206069,0.00426545675143,-0.0231631382316,-0.0199859747546,-0.0140692640693,-0.00594849474066,0.00235156243977
0.0582149976728,0.0176837725381,0.0465846637006,0.00855402643332,0.00876666266362,-0.00979312168146,0.0810372771475,-0.0254286544609,-0.0320862734656,0.025613660619,-0.0326511841803,0.0442377064743,0.0016602102933,0.0193355449006,-0.00534249189086,0.0342671335668,-0.00289196447015,-0.0262273032952,0.040217955371,0.0818118788999,0.0676594367109,0.0456503014643,0.0160427666105,0.00444676955271,0.0304625799173,0.102888086643,0.0301447359152,-0.0015307825128,0.0337579617834,-0.0278567367823,-0.0563531945441,0.0196261682243,0.0224191043983,-0.11204929256,0.0468478889532,-0.0463695543315,0.00531400966184,0.0242269056529,-0.00319795330988,0.0548795629501,0.0136874361593,-0.0145147679325,0.0717491392515,0.0116242538486,0.00707528957529,-0.00847457627119,0.0223880597015,0.17045804621,0.0433246093024,-0.0490196078431,0.0695772149404,0.056494447127,0.0226804123711,-0.0224867724868,-0.0132352941176,0.0188679245283,0.0104031209363,-0.0319937573156,0.0727236099919,-0.00768156424581,0.00290697674419,-0.0230554851786,-0.019422863485,0.0385818561001,0.00538687561214,0.0413825109533,-0.00387263339071,0.0627954085078,-0.00207339829981,0.0280869104399,0.0533849129594,0.000314663310258,0.0021645021645,0.011988011988,0.0652314316469,0.0312174817898,0.0382323515161,0.00943396226415,-0.00966010733453,0.0296377607025,0.024389862491,0.015256988139
0.0251369294606,0.018398637138,0.0612653163291,0.0291462199925,0.0604761904762,0.00840295623862,0.0161169415292,0.0272849261965,0.00302613480055,-0.0439646201873,-0.00475398145947,0.006,0.0262430939227,0.0215512319382,0.0318434682524,-0.0442563482467,0.0621504039776,0.0417817679558,0.0304315290596,-0.0139096584301,0.0154639175258,-0.0177100494234,0.0125082290981,0.0427083333333,-0.0248175182482,0.0584521861118,-0.019973067657,0.0137618345237,0.0234134319162,-0.0663742690058,0.0365157854698,0.00122212037886,-0.0135300853549,0.0280133641737,0.00773480662983,0.0444234404537,-0.00528592023066,0.00365384615385,-0.0272698107154,0.0621468926554,-0.0175332527207,0.00171262202432,0.0183333333333,0.0468944099379,0.0143770427382,0.046361046361,-0.021897810219,-0.0285781570344,0.0253645430843,0.0863402061856,0.0360670687769,0.00639853747715,0.0766129032258,0.0224627875507,0.0402384500745,0.0150462962963,-0.043758043758,0.0360741636437,0.0629107981221,0.0190007037298,0.0184782608696,0.0127074688797,0.154499151104,0.0130522088353,0.00438382854359,-0.00802163272705,0.007343412527,0.0416137229987,0.0309578225639,0.0716494845361,0.0227690047741,0.0607109153822,0.115766738661,0.020448455789,-0.00666936135812,0.0165489404642,-0.0166394947848,0.00631472594089,0.0368497109827,0.0655650319829,-0.0179675454532,0.00963334204615
0.0354977373734,-0.0137169621947,-0.0374646559849,-0.0208059972934,-0.0561293219578,-0.0328500034935,-0.0483216525267,-0.0537010159652,-0.0142622051563,-0.0255782312925,-0.0422737043229,-0.017711910356,-0.0188425302826,-0.0281301994437,-0.00743632645473,-0.0149291497976,-0.00351082504389,-0.026184951939,-0.0263858629872,-0.00377921671521,-0.00343386085399,-0.0775681341719,-0.017822540438,-0.0297202797203,0.0205838323353,-0.0492599955821,-0.0298589976866,-0.0304685316189,-0.0126429861529,-0.0031318509239,0.0194495412844,-0.0195300579799,-0.0107024953279,-0.05375,-0.0142543859649,-0.00221216691805,-0.0294685990338,-0.0206936194673,-0.0263852242744,-0.0480939716312,-0.024,-0.0278680116259,-0.0368248772504,-0.0287748442599,-0.0481891281547,-0.0294554455446,0.0248756218905,-0.0151443850267,-0.0168553175604,0.0640569395018,-0.022194452869,0.0240690281562,0,-0.0362625727898,-0.0143266475645,-0.0188141391106,-0.0134589502019,-0.0108928224081,-0.0621908127208,0.00552486187845,0.0124510850231,-0.0345710627401,-0.00661764705882,-0.0307234886026,0.00242483026188,-0.0209472321633,-0.0454545454545,-0.0372064653858,-0.0445384925433,-0.026455026455,-0.0394973070018,-0.0332147093713,-0.0135501355014,-0.0163073521282,-0.0223804679552,-0.0545959896764,-0.0163663649783,-0.0190763052209,-0.0581881533101,-0.0137568784392,-0.0201253950982,-0.0133572463061
0.017644667511,-0.0050881953867,-0.0428396572827,0.000206091996994,0.00951474785918,0.0349809885932,0.0562015503876,0.0371165644172,-0.037979966611,-0.00167550963418,0.0558603491272,0.0658693652254,0.0288065843621,0.0196811381351,0,0.0354482404315,0.0135055783911,0.00884955752212,-0.0231228244654,-0.00137727734016,0.0459925093633,-0.0177272727273,-0.0016484422221,0.0580437580438,-0.013934726806,0.0139405204461,0.0273588350503,-0.00217343091595,0.0658536585366,-0.0147659440779,0.0341972642189,-0.00653594771242,0.0138640392121,0.0235138705416,0.0194660734149,0.0308374483523,0.0253857640617,0.009978477793,0.0464092140921,0.0288707799767,0.016393442623,-0.0114315863524,0.0472939677145,0.0149664019548,0.00165784797435,0.011986738077,0.0121359223301,-0.0119600944066,0.0349596408272,0.0457079152731,0.0261194029851,-0.0039911308204,0.0280898876404,0.00933809393024,0.0886627906977,0.0354445090064,-0.00227376080036,0.0578171091445,0.0131876412962,0,-0.00878425860857,0.0233421750663,0.0384900074019,-0.0054533060668,0.0232220609579,0.0394076793256,-0.00224618149146,0.0297751029458,-0.00759333473951,0.052371541502,0.00747663551402,-0.0165644171779,0.0211930926217,0.0295026692891,0.027471383975,0.0321293574129,0.0431490369554,0.0053735926305,0.0214576396596,-0.00101445599797,0.0224054234133,0.037910420517
-0.0260042559403,0.00715990453461,-0.0104859335038,-0.00189730408914,-0.0245051837889,0.0455547391624,-0.0051376146789,-0.0276545400769,0.010701373825,0.0246153846154,0.0418044402456,-0.0084584843777,0.0381333333333,-0.00794783581992,0.0125491665106,0.0238154304143,-0.00849748937814,-0.0114709851552,0.0175617205396,-0.0159210239783,-0.00615869378402,-0.0365571494678,-0.00371642960668,-0.031139764019,-0.0148754183711,0.0240604949588,0.0161666424329,-0.00530464675202,0.0263157894737,-0.016262755102,0.150365471632,0.0078320802005,0.00438304892763,0.0640165203924,0.0038188761593,0.0409619708671,0.000485436893204,0.00581170089113,-0.0197474910974,-0.0690201403032,-0.020264681555,-0.0704500978474,-0.0221755302536,-0.0108335841107,0.00131813676908,-0.0105846774194,-0.0863309352518,0.127320954907,-0.0120494993989,-0.0287846481876,0.0289386363636,-0.0427426536064,0.0692167577413,-0.0386394557823,0.00667556742323,0.00448933782267,0.0223336371923,-0.0624651422197,-0.0126441056155,-0.0233516483516,0.0233959588798,-0.00984966303784,-0.0220955096222,-0.0106237148732,-0.034988179669,0.0238390973168,-0.0108059432688,-0.0415256844048,0.0178533475027,-0.01220657277,-0.0860853432282,-0.0208983156581,0.00576479631053,-0.0103711790393,-0.0141786510026,0.106408952187,0.0145989566596,0.0099261898702,0.0380296993843,0,0.0205489725514,0.00969109408605
-0.03695991671,0.0118483412322,0.0147324890152,-0.0436635553223,0.00676328502415,0.0100737877723,0.018443378827,-0.0298098859316,0.00228931177565,-0.00982800982801,0.0258444797098,0.0233286908078,0.00359619830465,0.0228887790756,-0.00462449130596,0.0138114853404,-0.0216205687573,0.0112627986348,0.0327663831916,-0.0642718398859,0.00835855310563,-0.0365033621518,0.0244599887933,-0.0075329566855,-0.00717251793129,-0.0631013649586,0.00233712962325,0.0163041859079,-0.0551839464883,-0.00259319286872,0.00756429652042,0.00746036680137,-0.0452246112105,-0.0308102862688,-0.0054347826087,-0.0416040570999,-0.00388161086851,0.0109784283513,-0.00594451783355,-0.0627126883811,0.0105529759392,0.0107177033493,0.0550347207819,-0.000304228780043,-0.00263280314353,0.0285277636271,-0.00524934383202,0.0279493012675,-0.0010883858024,-0.0290889132821,-0.0334258823633,0.0139534883721,0.0323679727428,0.00707613925842,-0.00132625994695,-0.0659217877095,0.00401248328132,-0.0118976799524,0.00659133709981,-0.0485232067511,-0.0200900588847,0.00471204188482,-0.0128765792031,-0.00588846553516,0.031847133758,0.0123436038354,0.0309512972235,-0.0121951219512,-0.0582585090833,-0.00665399239544,-0.00365408038977,0.0019114367633,0.0202521971723,-0.0271649200221,-0.00575303061434,0.0130562706878,0.0122576443773,0.0244455645161,-0.0247732030705,0.031987814166,0.00581807861501,0.040605858275
-0.0382555282555,-0.00836400133824,0.0249617931737,-0.0156006880104,-0.0364683301344,-0.0160018367326,-0.0246287576965,0.0111302712024,-0.0191291934333,-0.0121312379377,0.0316022099448,-0.0183735964614,-0.0322498080369,-0.000560056433167,-0.0299200892028,0.0222275334608,-0.0238901055146,-0.0364495443807,-0.0130782271736,-0.0165015634443,0.033728740889,0.0109670987039,-0.00829676269615,-0.0378241619228,-0.0285171102662,-0.0126582278481,0.0051392134677,-0.0678641836877,-0.00412979351032,-0.0152746181345,0.027027027027,0.00308546744832,-0.0319515890202,-0.00200250312891,-0.00765027322404,-0.0492895639392,-0.0214320506576,-0.00723947418556,-0.014950166113,-0.0272302904564,-0.0386382623225,-0.0331376633213,-0.0293591472597,-0.0200852099817,-0.00562684212093,-0.0123823675087,-0.0263852242744,-0.00490673411318,0.0172227145299,0.00734878462408,-0.00502742230347,-0.00504587155963,-0.013201320132,-0.0165823496346,-0.0756972111554,-0.0137559808612,0.00932504440497,-0.0154525386313,-0.0682881197381,0.030303030303,-0.0314598798162,0.0333507034914,-0.0145212896874,-0.0595818815331,-0.0109211775878,-0.00313309895251,0.0075055187638,-0.00844704353476,-0.019955654102,-0.0181818181818,-0.0431947840261,-0.0502384737679,-0.0059925093633,0.0333097094259,-0.0146724529862,-0.0304955527319,-0.00631924929307,-0.0642066420664,-0.0228980322004,-0.0265682656827,-0.00356235891648,-0.0166721298899
0.0321130214853,0.00742240215924,-0.0193836978131,0.0107556261565,0.00846613545817,-0.0023579986354,0.0148533234311,0.00666666666667,-0.00582156891282,-0.0114429249232,-0.0169237360754,-0.00294627383016,-0.000528960592436,-0.000838416590382,0.0128352490421,0.0196399345336,0.00326330817867,0.00875656742557,0.00907975460123,-0.012984584146,-0.0100926309968,-0.0103550295858,0.00489645207899,0.0144622666316,-0.000391389432485,-0.0229801644896,-0.00232501867379,-0.00496112085165,0.021327014218,0.00693069306931,-0.0152046783626,-0.0138418948016,0.0147391688771,-0.0140456483572,0.0159691629956,-0.011544011544,-0.00647088103534,0.00594895413548,-0.0118043844857,-0.00239936017062,-0.0115142298501,-0.0137093615354,-0.000538753817861,0.0208074534161,0.00132734530938,-0.00852557673019,-0.0406504065041,-0.0092137201825,0.0227165635767,0.0488215488215,-0.00627698667892,0.0106039649608,-0.0234113712375,0.0254358388111,0.0172413793103,-0.00606428138266,-0.00351957765068,-0.00163065633918,0.0164658634538,0.00143472022956,0.0036496350365,0.0345436207766,0.0104895104895,0.00222304557243,0.00096015362458,0.0188721603047,-0.00701139351446,0.00327653997379,0.0115384615385,-0.00292397660819,0.0140545144804,0.0150652828925,-0.00150715900528,0.0356652949246,-0.0157298657718,-0.00542969481371,0.00741590889026,0.00157728706625,0.00988648846576,-0.00732878443265,-0.00625009481333,0.0021632356331
0.00742574257426,0.00234427327528,-0.0496705524582,0.050165037123,0.0375308641975,0.00330616583983,0.0475667764362,-0.0107808409056,0.0383545600937,-0.0115753811406,-0.00435824798431,-0.00399791413176,0.0124371526859,-0.0210079716412,0.0143748817855,0.00343957807842,0.0168733482415,0.00347222222222,-0.0162937743191,-0.0784993097474,-0.0393854748603,0.0538116591928,-0.00933806420692,0.0149040953862,0.0931871574002,-0.0257489477593,0.00139720769361,-0.0123026596501,-0.00290023201856,-0.055063913471,0.00950118764846,-0.0118527760449,0.00697064487178,-0.0193335029255,0.0238482384824,-0.0490093847758,0.0345691382766,0.00324303700878,0.078156996587,-0.103420630679,-0.0043956043956,0.0500397140588,-0.0837626097847,0.0127776087618,0.063458682587,0.01416287304,0.0621468926554,0.044739745004,-0.0437969164382,0.00214018191546,0.00523728410071,-0.00319343065693,0.0890410958904,-0.00891861761427,-0.024011299435,0.00488102501525,0.076821192053,-0.0165373621886,0.0130383247728,-0.0157593123209,-0.00836363636364,0.028759444309,0.0331191300049,0.0639556377079,0.0254196642686,0.00651773720086,0.0247131509267,0.0316786414108,0.0438380675464,-0.0268817204301,0.0121797564049,0.0178100263852,-0.0241509433962,-0.0307284768212,-0.0147027487748,-0.00207078313253,0.0241930301171,0.0422572178478,0.0460478607687,0.0241853360489,0.00674228199531,0.030959500345
0.107051597052,0.0427664550618,0.0186666666667,0.0442951023553,0.0533079485959,0.0381481494563,0.0101292350681,0.0300482640511,0.0329902720993,0.0254213081977,0.0111621799081,-0.0247818499127,0.0355462624151,0.024318781131,0.0432593697557,0.0169104204753,0.0189924030388,0.00553633217993,-0.0121137206428,-0.0469993831331,-0.0574294853155,0.0751773049645,-0.00184672206833,0.0399693525731,0.0547994269341,0.0457433290978,0.0469543882188,0.0100959192326,0.0517742873764,0.0506416926812,0.122058823529,0.0265151515152,0.000865298917511,0.0243839169909,0.0322922181048,0.0310307017544,0.00726392251816,0.00703555809089,0.0538144982589,0.126676602086,0.0348785871965,-0.0211800302572,0.0389266851274,0.0195253829979,0.00281162136832,0.0142144638404,0.0904255319149,-0.00660527931246,0.0339684994582,-0.0160170848905,0.0527299607066,0.0713958810069,0.150943396226,0.0632733408324,0.082489146165,0.0728597449909,0.0192701927019,-0.0394436371185,0.0635725429017,0.0356622998544,0.0718738540521,-0.00971333807155,0.0464114832536,0.0576789437109,-0.0420954162769,0.0484005366853,0.00602928509905,0.0645773979107,0.0554960359974,0.0567553992968,0.0294605809129,0.0618924173688,0.0371229698376,0.0337523913638,-0.0118944636678,0.030748915299,0.0392798877392,0.047343238479,0.0051993067591,-0.0106885408899,0.0557757043357,0.021994618046
-0.0827470389359,-0.015700096123,-0.032722513089,-0.0478418959821,-0.0605512878446,0.0158743119204,-0.0826417704011,-0.028869407497,0.035212228743,-0.016991643454,-0.00865800865801,-0.0306012884753,-0.0280161534578,0.00307387547389,0.00697050938338,-0.0395505617978,-0.0154993133216,-0.0161734342739,-0.0533033033033,-0.0356625466202,0.020669443159,-0.0457343887423,-0.0283357871559,0.00221021611002,-0.0689303904924,0.0245443499392,0.0115465659527,-0.0226669729058,-0.0342920353982,0.0244305051172,-0.018872870249,0.0242927429274,0.0115244624655,0.0268422385414,-0.0789743589744,0.0324364564501,0.0110576923077,-0.0188821752266,-0.0366476419345,-0.0489417989418,-0.0339163822526,-0.0442426584235,-0.0950882630947,-0.0462581025339,-0.018691588785,-0.0263093189083,-0.0609756097561,0.0173027486652,-0.00720610131733,0.0330982094411,-0.0340710293601,0,0,-0.0536895001322,-0.114973262032,0.00226372382569,-0.0152855993564,0.0417116922412,-0.140080674734,-0.0815179198876,-0.0188162846391,-0.00956937799043,-0.0301783264746,-0.0568331143233,-0.1455078125,-0.010076516866,0.0107020547945,-0.0704727921499,-0.00345107592367,-0.0475285171103,-0.0596533655784,-0.0857491608178,-0.0126771066368,-0.0181097157964,-0.0328299409061,-0.0360541727672,-0.0153162597699,-0.00312575138254,0.0234482758621,-0.0829145728643,0.00760720218689,0.00649197990274
-0.0097994934912,-0.00618489583333,0.0129905277402,0.0241866719412,0.00481000481,-0.0214333556597,-0.0120618168112,-0.0164980544747,-0.0775214238629,-0.0206857466704,-0.00873362445415,-0.0107070334133,-0.0353155024669,-0.0206084647077,-0.0189918352858,-0.00397753860552,-0.0498206456756,0.0821965722281,0.04017975152,0.0296618295723,0.0447332628079,-0.0857142857143,-0.00063290969505,0.0290370007351,0.0164113785558,-0.0196869070209,0.00175497034448,0.0914093078662,-0.0103092783505,0.00612310667096,-0.000267165375367,-0.00630441308916,0.00199145299145,-0.0278668310727,-0.0194877505568,0.00453234445818,0.0342368045649,-0.00153964588145,-0.00311817898347,-0.0178025034771,-0.00331198940163,-0.010713563776,-0.0533234838825,0.0160642570281,-0.00730476190476,0.010101010101,-0.038961038961,0.102512391875,-0.000638831327922,0.0714285714286,-0.00708621714937,-0.00128150363093,0.016393442623,-0.00586920067077,-0.00453172205438,0.0773574251835,0.00245098039216,0.0406639004149,0.00255863539446,-0.00306044376435,0.0460251046025,-0.0243961352657,-0.00518623290901,0.0916057122954,0.00114285714286,-0.0239780088182,0.0152477763659,-0.00287907869482,-0.0138521083724,-0.0229540918164,0.0338619802829,0.0220293724967,0.0370090634441,0.0258481421648,-0.0212717809459,0.0468957660908,-0.0105350289713,-0.00627110467921,0.0235849056604,0.0112328767123,0.004613484107,-0.0156130603801
-0.0232709678996,-0.0301342941369,-0.00721346513492,-0.0513936978291,0.0186692197224,-0.0273785078713,0.049599389546,0.108086722583,-0.00185793911676,-0.015625,-0.011013215859,0.0235118492256,0.0204576043069,-0.0457737603755,0.0170074181292,0.0467465351186,0.0283137583893,0.0210084033613,-0.023125794155,0.00223505308251,0.0311008245335,-0.0191532258065,0.0384843483745,0.106679366591,0.0247578040904,-0.0104040648439,0.00744927939016,0.007811049814,-0.0144675925926,0.0112107623318,0.0371459112774,0.0220543806647,0.0773417041277,-0.107305936073,0.0295286768881,0.177707136998,0.0298850574713,0.0312259059368,0.00125117297466,-0.0790144435004,0.109658839167,0.022476501839,0.072564612326,0.00912131346914,0.0105532796715,0.0125,-0.0162162162162,-0.0461377410468,0.0544751360962,-0.00196078431373,0.0522256355136,0.0538922155689,-0.0134408602151,0.0545403429857,0.0364188163885,-0.00314465408805,0.0847595762021,0.0245215311005,-0.0131858783496,0.00690713737529,-0.0186666666667,0.015102748205,0.0597156398104,0.0191448627952,0.0148401826484,0.0117816011823,0.0479766374635,0.0401026628168,-0.0406940714728,-0.0199182839632,0.0190713101161,0.0352710646636,-0.0386016023307,0.0224409448819,0.0490173410405,0.0551323902793,0.0395523670297,0.00194174757282,0.0190915075708,0.0165266865348,0.0108588211369,0.00965404093476
0.0111996931134,-0.0226274907126,0.0454790096878,-0.0189874879494,-0.0225563909774,-0.0621604503871,0.00109051254089,0.0112824907169,-0.0193298969072,-0.0396825396825,0.00445434298441,-0.0107566089335,0.00369295700343,0.0223475136285,-0.00729407578723,0.0307450628366,0.00571078931267,-0.034188034188,-0.00910509885536,0.023446695162,0.0484006734007,0.0416238437821,-0.00101812468668,-0.00537923614847,0.0213585434174,-0.0308068459658,0.00434981797761,0.0170555428672,-0.0452143276571,-0.0180551156161,0.0798763205359,0.0156665681348,0.00132224861441,-0.00738846263143,-0.0132377275234,-0.0117544623422,-0.0102678571429,-0.00373831775701,0.0246797875664,-0.0156826568266,-0.00239568776203,-0.00659472422062,0.0308943466172,-0.00843627598674,0.043993810107,0,-0.0192307692308,-0.129963148227,-0.0093192129187,-0.0520628683694,-0.00202135188187,-0.00568181818182,-0.0340599455041,-0.0418555051986,-0.0263543191801,0.00630914826498,-0.00375657400451,0.00603230200428,-0.0640086206897,-0.0647865853659,-0.0268342391304,-0.0346341463415,-0.0724508050089,-0.0244207889793,0.00224971878515,-0.0252800859895,0.0417993630573,-0.0690931523751,0.0223944875108,-0.0270974465868,0.0126118795769,-0.0236593059937,-0.0140151515152,-0.0047490694391,-0.0103592682389,-0.0529391543486,0.0170728733421,0.0142926356589,-0.0100129198966,0.00639658848614,0.0181718654234,0.00853773996656
-0.00058553320633,-0.00691085003455,0.0380952380952,0.0254208099502,0.0206730769231,0.0412667802232,-0.000726216412491,0.0176528738879,-0.0256971820704,0.0104071013162,0.020177383592,-0.0151124216734,0.117214191853,0.0186516633702,0.0358422939068,0.1293272371,-0.0214966538228,0.00884955752212,0.0572328695196,-0.0112580576824,0.0406797805433,0.0853478046374,0.038728168198,0.0133044889129,0.0939321220432,-0.0151362260343,0.0194918579557,0.0249985512286,0.0627306273063,-0.00129032258065,-0.119541875447,0.00873108265425,0.0719555299011,0.0538219295734,0.0631637786473,0.00801762114537,-0.00541271989175,0.0266416510319,0.0612804878049,-0.0462355513902,0.0460276165699,0.0060350030175,-0.0194815410825,0.00212701306594,0.0357652750371,0.0266666666667,0.0364145658263,0.0247234873129,0.00899673862742,0.0388601036269,0.0532037394851,-0.00775510204082,-0.0282087447109,0.0217028380634,0.012030075188,0.0684430512017,0.0109351432881,0.0137330754352,0.0414460050656,0.0040749796251,0.000349040139616,0.022486104093,0.0175988428158,0.0086649550706,0.00729517396184,0.0197928816315,0.00726022162782,0.0218687872763,0.0313816343724,0.00964113551152,0.0405785456006,0.00840064620355,0.0195927775643,0.0187000257931,0.0340757238307,0.0161524500907,0.0199059051699,0.0174349176021,0.00587275693312,0.0595868644068,-0.000404372739763,-0.0104994390756
0.0450299539551,0.0114822546973,0.0136350111579,-0.0106608094715,-0.0178991992463,-0.0462395462882,-0.0101744186047,0.0276158756592,-0.00794245466807,-0.0302938503484,-0.0106498587264,0.0707335329341,0.00329569513056,-0.0480690599158,-0.00692041522491,0.0364372469636,-0.0223834196891,0.0321637426901,0.0148994288552,0.0113862446818,0.013501350135,-0.0372727272727,0.00588698190077,0.00373612297182,0.00658100908806,-0.0107581967213,-0.00467635936763,-0.00595057208885,0.0173611111111,-0.00258397932817,0.00108401084011,-0.00461627236007,-0.029756504164,-0.0423797881011,0.00368033648791,-0.0101389738659,-0.00952380952381,-0.00986842105263,-0.0264291870152,0.0357025876187,0.031949493017,0.0389922015597,-0.017420564518,0.109157064888,0.000289727831431,0.0170755170755,0.0108108108108,0.000323939099449,-0.00547120390397,0.0882793017456,0.0142752132634,-0.0185109008638,0.0464441219158,0.00626361655773,0.0490341753343,-0.120782396088,-0.000372995151063,0.0238504102271,0.0287419854079,0.00162337662338,-0.00418702023726,-0.00222386953299,-0.000710732054016,0.033089405027,-0.0412256267409,-0.00535126330018,0.00910470409712,0.0742542153048,0.0418623647131,0.0700265251989,0.0169884169884,0.0916372957385,0.0610399397136,0.0036713508039,0.083351281499,-0.00910876942311,-0.00141051828711,-0.00352112676056,0.0308141420694,-0.00899775056236,0.000404536323225,-0.0123198864229
-0.0262864903706,-0.0522910216718,-0.0936866283919,-0.0515886982924,-0.0834580335731,-0.044200982244,-0.0653450807636,-0.0548278190412,-0.0610287009063,-0.0812246173071,-0.0353690685413,-0.116392869626,-0.0822999242675,-0.0495913707799,-0.037456445993,-0.0453869047619,-0.0797116811533,-0.0273843248347,-0.0574504526548,-0.0894894531368,-0.0687642730272,-0.114258734655,-0.0544280168743,-0.0908220780602,-0.0563511830635,-0.0737959606422,-0.0725534362584,-0.0916200402397,-0.0682593856655,-0.0754533678756,-0.108012994044,-0.0698550724638,-0.100856819201,-0.155063829787,-0.06809848088,-0.079646799117,-0.0998168498168,-0.0518641565153,-0.0628503983476,-0.0869702719798,-0.0528364849833,-0.0579291762895,-0.105378079904,-0.0404592673592,-0.0134552763466,-0.0659730432726,-0.0989304812834,-0.0942357512953,-0.0531901872672,-0.123281393217,-0.0826898091758,-0.0854987426655,-0.166435506241,-0.0787550744249,-0.116147308782,-0.126251390434,-0.0563432835821,-0.0452851285874,-0.0653771760155,-0.0542949756888,-0.0889978976875,-0.0339276869737,-0.0794215267899,-0.0391130274099,-0.0302149912841,-0.000341480072199,-0.0124060150376,-0.0440688198008,-0.00803606428851,-0.100148735746,-0.0592255125285,-0.0681538009979,-0.125355113636,-0.0296417759839,-0.077972166998,-0.138022710887,-0.00471098462456,-0.0782096584217,-0.0673379483952,-0.0718789407314,-0.0709903915523,-0.0932076667087
0.0411307718507,-0.00398912518739,0.0475033738192,0.0313082416081,0.019366924997,0.0343873517787,0.0278868813826,0.0118588369767,-0.023807953359,0.0224413464808,0.0200409929401,0.0259098101266,0.0250383239653,0.0094835753369,-0.0289592760181,0.0305923616524,0.0156645934117,0.0546925566343,0.0290223768236,0.000930665425779,0.0979564032698,0.0149253731343,0.0179503224303,0.07345888408,-0.0105575717585,0.0483645513,0.0473961807872,0.021147374188,0.0549450549451,-0.015061295972,0.0613050075873,0.0320972265503,0.0639738895888,0.0508998119796,0.043844856661,0.0576609421472,0.0132248219736,0.00817597819739,0.0340050377834,0.0529961898164,0.052456449403,0.0416751787538,0.0545145426004,0.0387464387464,0.0871886120996,0.0073417721519,0,0.0940293171255,0.0424015217271,-0.0188186095139,0.0538499160151,-0.0109990834097,0.0499168053245,0.0314336075206,0.0721153846154,0.0343730108211,0.0170027678924,0.0124926800703,0.0639716703458,-0.0231362467866,0.0619230769231,0.0143552935145,-0.00952871491115,0.0378205128205,0.0191731575794,0.0410543487354,0.055576703464,0.0426270918851,0.0588816439439,-0.00550964187328,0.0552865213882,0.0602242660955,0.000406008932197,0.0252177304043,-0.0187157704084,0.0994824611846,0.0475509662363,0.0260669562995,0.00674763832659,0.0388586956522,0.0471578655798,0.0347723849341
0.0140202202732,0.0142128279883,-0.00927595980417,-0.0165363478029,-0.0189938398357,-0.0103171570501,0.00496752006114,-0.000706015249929,-0.0253790375742,0.0322580645161,0.0388479571333,0.0273761326393,0.0695413758724,-0.0319517730768,-0.0076421248835,-0.0105880128569,0.00703107280562,-0.0420374347959,0.0151362260343,0.0132828584711,0.0497580344956,-0.0225840336134,-0.0222942960244,-0.0130761686826,0.00133377792598,0.04,0.000880745996835,0.0229014654485,0.0150462962963,0.0312944523471,0,-0.020229468599,0.0582835981022,-0.0613418530351,-0.00538502961766,0.0361937590711,-0.0200803212851,-0.00907511102529,-0.0106577344702,-0.0904605263158,0.0213873907383,-0.0394194940184,-0.0606676557864,-0.0255074053758,-0.016914893617,0.0030158331239,-0.0237388724036,0.0710718954248,-0.00288998139782,-0.0287693127331,0.0438198236035,0,0.026941362916,0.00199373397892,-0.0388639760837,0.0313846153846,0.00233281493002,0.0100250626566,-0.0263669764426,-0.0114035087719,-0.0123143788482,0.0361384887541,-0.0163806552262,-0.0222359481161,-0.00999412110523,0.00678349728459,-0.00252434186801,-0.0396729254997,-0.0459040865833,-0.0149584487535,-0.025621414914,-0.00772430184195,-0.00649350649351,0.00443768226195,-0.0316413974951,-0.0100798782807,-0.0216789181866,-0.0124533001245,-0.0160857908847,-0.0486528904002,0.00875742775358,0.0166186282553
0.0517951238997,0.0140136543299,0.0145643693108,0.0397333714572,0.0094191522763,0.015444015444,0.00152091254753,0.0640101738025,-0.0338180588434,0.0293170103093,0.016548463357,0.0133233252017,-0.0114192495922,0.0320369188764,0.0240420736289,0.0244601566979,0.0279279279279,-0.00224215246637,0.072564612326,0.0889755522055,-0.0114657210402,0.0290166577109,0.04042290684,0.0446063818041,0.0542790542791,0.122564102564,0.00789985234385,0.0476247564813,0.0307867730901,-0.0562068965517,0.0406062339148,0.0366718027735,0.00349936545841,0.00578624914908,0.022198159177,0.0801015495054,0.0358606557377,0.0485190958691,0.0658664204371,0.00940325497288,0.0172978878369,0.0277664352797,0.0652861798634,-0.00337742752603,0.0579940565873,0.0185417188675,0.00607902735562,0.0286805716587,0.030647077767,-0.00109709270433,0.0107289359382,0.0690454124189,0.00154320987654,0.0102330869812,-0.0606531881804,0.0226730310263,0.0399534522886,0.0341668257301,0.0672586015538,0.0301685891748,0.0861752841951,0.00487804878049,0.00555114988105,0.0268477574226,0.0457244655582,0.0468718821917,0.0386840202458,-0.0138757489751,0.0340309016233,-0.0101237345332,0.0321821036107,-0.0149700598802,0.0118464052288,0.037995455693,0.0294985250737,-0.0117195004803,-0.00530838648131,0.0201765447667,-0.00408719346049,0.0591146549354,0.0111631391646,0.0138045791496
-0.0229535014497,-0.0170092133239,0.0361445783133,-0.0139151000148,-0.0082944530845,-0.0212927756654,-0.0356871678056,0.0160690571049,-0.0278263913196,-0.0219092331768,-0.0315010570825,-0.0037037037037,0.015558698727,-0.0326096333573,-0.0111885546588,0.0173475097929,-0.0291411042945,-0.0401284109149,-0.0349860982391,0.00944957717656,-0.0192514647854,0.144125326371,0.0108041274649,-0.0925906352394,-0.0120025268478,-0.0205573321151,0.0143736558609,-0.00662299021571,0.0403761061947,-0.00913408841798,0.0838142346799,-0.0151605231867,0.00972813601431,-0.0108291032149,-0.0275423728814,-0.0116712595234,0.038081107814,0.00241590782382,-0.00895177591684,0.00107488355428,-0.0137819939144,0.0194676201828,-0.052715078608,-0.029652640497,-0.0041935483871,-0.0774907749077,-0.0483383685801,-0.00177963386999,-0.00261176501011,-0.0302031850632,-0.0149940286624,-0.0329432162982,0.0292758089368,-0.0213843556556,-0.0546357615894,0.00350058343057,-0.0358075345021,0.0234403839055,-0.0122712146423,0.0447889750215,-0.00438892640108,-0.00485436893204,0.00552050473186,-0.000615195324515,-0.0323679727428,0.0223834605097,-0.0170553428472,-0.0729133354653,-0.019481747683,-0.0454545454545,-0.0247148288973,-0.0452887537994,-0.0742834073476,-0.0082694880214,-0.00793475865109,-0.0373250388802,0.0104414005399,-0.00123609394314,-0.00889192886457,-0.0677570093458,0.0122670692402,-0.0250811854127
0,0.0299206921413,0.0306778822365,0.0211118528615,0.0507056978568,0.027972027972,0.0314960629921,0.0155535224154,0.0295229522952,-0.00352,0.0172451429819,0.0947955390335,-0.00928505106778,0.014907404655,0.0168799851605,-0.00605060506051,0.0018054615211,0.0307692307692,0.0252100840336,0.0366097248308,0.0470616922702,0.0935645823825,-0.0221627435776,0.00221316249272,0.0115089514066,0.0265858208955,0.00772687044727,0.022420620635,0.0212652844232,0.0383480825959,-0.0190162271805,0.00724418955629,0.0340909933078,0.0427642832706,0.0157952069717,0.015007380679,0.0100047641734,0.00611790878754,0.00145687645688,0.129563350036,0.0177858439201,0.00350740452065,0.0553042516448,0.0523864959255,0.0021016536696,0.00426666666667,-0.00952380952381,0.0392217454865,0.00423038531508,-0.0181200453001,0.00552269599711,0.00851636037651,0.0508982035928,0.0235767682576,0.0385288966725,0.0273255813953,0.015087040619,-0.00613165013526,0.0387449989471,-0.078318219291,0.0166158019668,0,0.0154248366013,0.0310864881502,-0.00528169014085,0.0470928931865,0.0368271954674,0.0055191445326,-0.00713734567901,0.0130952380952,0.0120857699805,0.013053167781,0.0231138246838,0.00453709380748,-0.00444345700955,0.0432148626817,0.0367490030082,0.024504950495,0.0579710144928,0.00445558340295,0.0104989638278,-0.00771684664212
-0.0237095062264,0.005600280014,0.0849735957753,0.0129427423729,0.0293532338308,0.0540438397581,0.0160305343511,0.02574002574,0.0430145130268,-0.0028901734104,-0.0100858369099,-0.0198641765705,0.0166354264292,0.0463108052037,-0.00766143743159,0.0385537723667,0.0241045280469,0.0223880597015,-0.00702576112412,0.00741997641713,0.0200279459711,0.0262938230384,0.00179580977719,0.0204556020456,-0.00094816687737,0.0188550658791,0.0115038482882,0.0403087236979,0.0603852160333,0.0372869318182,-0.0168002067718,0.000599340725202,0.0351171407481,0.0623359580052,0.0316353887399,0.0138967439606,0.0283018867925,0.00442233278054,0.0110561536223,-0.0516476552598,-0.0128388017118,0.0467961165049,0.00263513079247,0.0171460176991,0.0215559042205,-0.0103558151885,-0.025641025641,-0.00142960074111,0.0250753012048,0.022491349481,0.00040192926045,0.012,0.128205128205,0.130617977528,0.0691399662732,0.00905489530277,0.00876524390244,0.0143349664308,0.0620312183256,-0.00983899821109,0.0260173448966,0.00170731707317,0.0223995880536,0.0238805970149,0.0342182890855,0.00257575937422,-0.0403005464481,-0.00377358490566,0.0852924033418,0.0223266745006,0.0130970724191,0.00125707102451,-0.0392156862745,0.0333251953125,-0.00490961838875,0.0503290747193,0.0392117775612,0.00676491906258,0.0127201565558,-0.00665372886055,0.00999148889935,0.0366633777639
0.0227540692422,0.00174034110686,-0.00951327433628,0.0101417647926,0.0589656839053,-0.0086052348512,-0.0015026296018,0.0437892095358,0.0425817267393,0.0167471819646,-0.00563624539345,0.0725792482245,-0.0115233924867,0.0137397243657,0.00882352941176,-0.0353463587922,0.074791025077,0.0285623611552,-0.00566037735849,-0.113791429958,0.0148401826484,0.0569337128914,-0.00246417372297,0.00523917995444,-0.118000632711,-0.0196209587514,-0.0193732438376,-0.0450151630023,0.0147275405007,0.0157480314961,0.0465299684543,0.0434261755016,0.0392361856362,-0.00864731315627,-0.00363825363825,0.0698063590724,-0.00733944954128,0.00935608145294,-0.00748201438849,0.0537921817574,-0.0146315028902,-0.0341309590058,0.0312278106509,0.0386079390973,0.014664227774,-0.00724443251945,-0.0789473684211,-0.0276250687191,-0.0606647007587,0.0321489001692,0.0551767778224,-0.0175669740887,0.0113636363636,0.00447204968944,-0.0236593059937,-0.0712282669658,0.0071779372875,-0.0454382826476,0.011070815041,0.0126467931346,-0.0169050715215,0.0294618943268,0.00176278015613,0.00903790087464,0.0131203650884,0.00200085243417,0.0192170818505,0.0812672176309,0.00179018976011,0.00747126436782,0.0269961977186,0.188010043942,-0.0439219165927,0.00472533963379,0.0713164386634,0.00847769996314,-0.0072490024037,0.00359971202304,-0.0473429951691,-0.0161875523304,-0.0158273381295,0.0221507317433
0.06726004222,0.0403057678944,0.369890551709,-0.0160723319583,-0.0187129164765,-0.0358047016275,0.00601956358164,-0.0176703930761,0.031355523396,-0.0174216027875,-0.0429474602136,-0.0122739018088,0.0212170669154,0.00782835604523,-0.0238702623907,0.0244890443749,-0.0337699549734,0.060475161987,-0.0142314990512,0.0202300035435,0.0748031496063,0.0465563678338,0.00516322920693,0.0129163834126,0.00573888091822,-0.0479872640437,-0.038232518316,0.0125320744553,-0.0324141267537,-0.041118975396,-0.0404420999749,0.0218140068886,-0.0413057961359,0.0165109034268,0.00260824204486,-0.0341899441341,0.0134011090573,-0.0336241366776,-0.0388518411134,-0.0253646163602,-0.0240146654445,-0.0318801613213,0.0484572018763,0.0109947643979,-0.00304258863441,0.0027027027027,0.0571428571429,0.0441696113074,-0.0581252192488,-0.0120218579235,0.0658712616631,0.0527492177023,-0.0374531835206,0.0170665347514,0.113085621971,-0.024154589372,0.0225056264066,-0.0230509745127,0.0152916745328,0.0231935771632,-0.0271164021164,-0.0243614001892,0.0374560080442,-0.0580757006645,-0.00900900900901,0.0233833138374,-0.0118715083799,0.0101910828025,-0.0754110078628,0.00855675984027,0.0914476119956,-0.0113606340819,0.0278422273782,0.0245737801293,-0.0205149675529,-0.194444444444,-0.00085877043158,-0.025824964132,0.0459770114943,0.0556028368794,-0.0349829662422,0.00419532844508
0.0412846932406,0.0257181028724,-0.00831566932985,-0.00871953292364,0.0213953488372,0.0026256564141,0.0400149588631,0.0151737640724,-0.0059245400686,-0.0215989684075,0.0261958997722,0.0276324395029,0.00342465753425,-0.0140418653077,0.00952025387344,0.124011502516,0.00444821012497,0.0241489671225,-0.00601539942252,0.00227337311736,0.0193615907902,0.0352941176471,0.0397693702504,-0.089932885906,0.083452211127,0.100095556617,-0.0133991573048,0.00117609173516,0.0085,-0.00351493848858,0.0581151832461,0.00870786516854,0.0632383599722,0.0275819797732,0.0296566077003,0.0369427734074,0.0209758321933,-0.0156103065639,0.0108597285068,-0.0104098893949,0.0140871525169,0.0190438405078,0.00456064980138,0.0378042465044,0.0144964026032,0.0269541778976,-0.0304054054054,0.00253807106599,0.0103952915165,-0.0160398230088,0.0361978827114,0.0254777070064,-0.029831387808,0.00851167315175,0.0101596516691,0.019801980198,0.0344827586207,0.0439286399386,0.0249163257717,0.0427201394943,0.0414683888511,0.017696969697,0.0152653259026,-0.0236196319018,0.108522727273,0.0423497898675,0.0187279151943,0.0135561160151,-0.0046385775029,0.0384615384615,0.00644504748982,0.0184393372528,0.00857787810384,-0.00803305026394,-0.0344090617653,0.010889292196,0.0404040645204,0.00122729504173,0.0316742081448,0.0188121472722,-0.00624873161131,0.0107917976863
0.052351859461,0.00846629762292,0.0144689246958,-0.0117488342459,0.00728597449909,-0.00561167227834,-0.0546565983459,-0.0151880424301,-0.120608531995,-0.0477759472817,-0.0182019977802,0.0283214001591,0.00682593856655,-0.0151542519441,0.0114644970414,-0.108410617205,-0.0172922817377,0.0491477272727,0.0121036068748,-0.0117191191759,-0.0212525667351,-0.0269886363636,0.0232046634662,-0.0333087512291,-0.0352205398288,0.013897937025,-0.0158420917713,-0.00176206525235,-0.0540406544373,-0.0194003527337,-0.0484908461158,-0.0125313283208,-0.0220065359477,-0.0155084998509,0.0348660939869,-0.031461509855,-0.120142920947,0.00515857852503,-0.0101462250075,0,-0.00611224300796,-0.0311465836091,0.0529629949107,-0.00573852295409,0.0401076958945,0.0141732283465,-0.0348432055749,0.014064697609,-0.00590957435569,0.00899381675098,0.00632096433059,-0.00621118012422,-0.0374331550802,-0.00168796720521,0.0531609195402,0.0485436893204,-0.0177304964539,-0.0349136346931,-0.0261248185776,0.0275919732441,-0.00391644908616,0.012863268223,0.036276849642,-0.0166509582155,0.00717580727832,0.00721643774922,0.00763093999306,0.00653188180404,-0.0095145631068,-0.00326797385621,0.0114593865858,-0.00236158488586,-0.0282005371531,-0.00254511800093,-0.129039397964,-0.00650807899461,-0.00578290692044,-0.00245158126992,-0.00125313283208,0.0203112635189,-0.0134214163251,-0.0210078771076
0.0239520191514,0.00258314497901,0.106969205835,0.0191001060516,0.0230560578662,0.0361173814898,0.00418410041841,0.0122399020808,-0.0337078651685,0.0131487889273,0.0201220890798,0.00572489555934,0.0424858757062,0.0212329701234,0.0195612431444,0.0810616929699,0.00643776824034,-0.0373679935012,0.0344415211672,0.0246087150553,0.033882303577,-0.0985401459854,0.0270901056603,-0.00292434837889,0.00136472193791,0.0218462197473,0.0271358616378,-0.0371457390622,0.0141509433962,0.122661870504,0.0249609984399,0.0296108291032,0.0162664652851,-0.0124204786428,-0.0771484375,0.0207341422209,0.00761421319797,0.0169169359437,0.0388905637624,0.0391190006575,0.0272083488632,-0.0112517580872,0.00977437449608,0.00727728983689,0.00699204627621,0.0346790890269,0.0072202166065,0.129675450763,-0.0147542996963,0.0189415041783,0.00707947927372,-0.00166666666667,0.00694444444444,0.0282608695652,-0.012278308322,0.0925925925926,0.00794223826715,0.00057121096725,-0.0337183308495,-0.0683482506103,0.00819134993447,0.00540921919097,0.0393827729157,-0.00223642172524,0.00712468193384,0.0161935083002,-0.0120481927711,-0.0259579728059,0.0139188394432,-0.0355191256831,-0.0319893368877,-0.0270910047344,-0.0391524643022,0.0368823938761,0.0129606099111,0.0212333408629,0.0297105346373,0.0130253133448,0.0740276035132,-0.0121509824199,0.0157269186889,0.0147748844253
0.0146464046608,-0.0183574879227,0.00366032210835,0.0274544619286,-0.0207688908529,-0.0108932461874,-0.0333333333333,-0.0116082224909,0.00682908822444,-0.0228825136612,-0.000664893617021,-0.0392307692308,-0.0602644699762,0.00963823242277,0.0112963959118,0.00132714001327,0.0547974413646,-0.0185654008439,-0.0201156069364,0.000871107239523,0.00639204545455,-0.0692307692308,0.00654204082774,-0.0345575108391,-0.0262350936968,-0.0077551875917,0.00134402466919,-0.000305545653613,-0.0258397932817,-0.0297981416213,0.00202942668696,0.00301287318543,-0.0195111365385,-0.000613496932515,0.0174603174603,0.0306199217574,-0.00856423173804,0.00448598130841,-0.0638421358096,-0.0303701360329,0.0386429608128,-0.0272302377566,-0.0418445772844,-0.111360239163,-0.00550740663617,0.00225112556278,0.0394265232975,-0.05806781126,-0.0145293715765,-0.0552214324768,-0.0327690400097,-0.0267111853088,-0.0193103448276,-0.00234907211651,0.0138121546961,-0.0407838983051,-0.0684097421203,-0.00323501427212,0.0215924426451,0.0454148471616,0.00162495937602,0.0168421052632,-0.00354531353867,0.0525136087096,0,-0.0117527379767,-0.00766550522648,-0.0342639593909,-0.00232018561485,-0.0101983002833,-0.04165232358,-0.0402811570695,-0.0268456375839,-0.0116331096197,0.0143000501756,-0.0457863304579,-0.0397494838821,-0.0135856380398,-0.0219042056075,-0.167757131641,-0.00334597156398,0.0592715006133
0.0678561307096,0.00770997375328,0.0272793581327,0.0487052391687,0,-0.00734214390602,0.0583855799373,0.0249571813066,0.0432630614115,0.00768961901433,0.00310490130849,-0.0118494795837,-0.0269896193772,0.029842781495,-0.00496453900709,0.0309807819748,0.0561956741459,0.0232158211522,0.0519112789051,-0.0461595847192,0.0264139530195,-0.116572422793,0.017875418521,0.0307753269053,0.000349895031491,0.0589353612167,0.0093955448403,-0.00336930656323,0.0148541114058,-0.000660501981506,0.00987341772152,0.0376843255052,0.0355466130114,0.0432780847145,0.00104004160166,0.0467187385941,-0.0025406504065,0.0824339411984,0.0102293862368,-0.0384991843393,-0.0132751091703,0.0342594526844,0.041889483066,0.0297168488926,0.0223826714801,0.00499126528575,-0.00344827586207,-0.02385818561,0.0859608751283,0.0543981481481,0.0213358608817,0.0192967409949,-0.0098452883263,0.0266070167177,-0.00681198910082,0.0193263390392,0.00153787004998,0.024436807942,0.0313266654086,0.0501253132832,0.0577547047372,0.0126524039568,0.00289081609962,0.0176452692425,0.0186963112683,0.0391105806084,-0.0228230337079,0.0220105124836,0.0649224806202,0.0961648540355,0.0118534482759,0.0216901408451,0.0221674876847,0.0162969669534,0.0311649765026,0.0159944367177,-0.0105068793098,-0.00467289719626,0.0361301881159,-0.0188679245283,0.0117549716112,0.0641351025332
-0.00939259669528,-0.0226273807586,0.0106503834138,0.00842104350643,-0.0103790613718,-0.0247781065089,-0.0255460940392,-0.0544282645023,0.00878580214374,-0.044745057232,-0.0216670351537,-0.0299789337222,-0.0187292555714,0.000292304421769,-0.00748396293656,-0.0313353687932,-0.0199043062201,0.00252100840336,-0.035666218035,0.0209541810598,-0.0430213142127,-0.100443131462,-0.0295338013367,-0.0213992824193,-0.0433718083246,-0.0614402553361,-0.0150685687619,-0.0322736101173,-0.0209095661265,-0.013879709187,-0.0278265229381,-0.0265789473684,-0.0284974093264,0.0938511326861,-0.0327272727273,-0.0214798800474,-0.0453387671931,-0.0285370465876,-0.0441853329242,-0.0780454699695,-0.0203575854133,-0.0129266814785,0.0459067579127,-0.0171521916689,0.0397810734463,-0.0096846287559,-0.038062283737,-0.0074776738025,-0.0515868038133,-0.00658616904501,0.00413223140496,-0.0164072360118,-0.0738636363636,-0.0543577981651,0.00548696844993,-0.056338028169,-0.0207293666027,-0.0212448751398,-0.0570905763952,-0.0461416070008,-0.0291411042945,-0.0140845070423,-0.0059866962306,0.01644245142,-0.0272817460317,-0.0404365077274,-0.0538986704995,0.00771456123433,-0.0494995450409,0.0417754569191,-0.0298189563365,-0.0187482768128,0.00530120481928,-0.0256124721604,-0.0611657471816,0.0613734884782,-0.0358894511483,-0.0733876945886,-0.0233429394813,0.000961538461538,-0.0049819990036,-0.0378219719298
0.0407687827606,0.0163224516989,0.00927357032457,0.00754890238279,0.102143182855,0.0610542282897,0.0338145896657,0.0162837667256,0.0209022818324,0.00435729847495,0.00045197740113,-0.0178750417641,0.0227107997101,0.0170903842237,0.00538599640934,0.0648639681486,0.00820152314001,0.0477787091366,-0.00744359153291,-0.0871077915031,0.0366416914708,-0.00109469074986,0.00493419124972,0.0222600497578,0.0281535648995,0.0116896918172,-0.0103420519039,0.00476858768316,0.0453817405232,-0.0157506702413,0.142083548221,0.00919167342525,-0.006,0.0909090909091,0.0649838882922,0.00377735015323,-0.00213447171825,0.0394620421164,0.00898876404494,0.00736105999264,0.017708709794,0.0171884591774,0.0787910016235,0.0437673130194,-0.0142631067763,0.00576730190572,0.0431654676259,0.0469584122611,0.0184977869731,-0.0386740331492,0.0190895061728,-0.00256629597947,0.0429447852761,0.0147950521465,-0.00954979536153,0.0338691159587,0.00666405331243,0.0201827875095,0.0405588977295,0.04670558799,0.0527646129542,-0.0112903225806,0.0149453490966,-0.00176470588235,0.0285568587455,0.0410806952033,-0.0159513862514,0.0408293460925,0.0398238560214,-0.0491228070175,0.00695206732528,0.0188255127845,0.0071907957814,0.0230857142857,0.00945324476239,0.0277300085985,-0.0438322175241,0.00613333333333,0.030687518442,0.0217739353186,-0.0150113837114,0.0325980754066
-0.0219865696698,-0.0334316617502,-0.0441319782821,0.0237188379751,-0.0285477865122,-0.0100071479628,-0.00661889011393,-0.0381964973295,-0.0469203207644,-0.0723065798988,-0.000451773209849,-0.0432046266372,0.00472478147886,0.0142391976249,0.0214285714286,0.0048294126811,0.00232423009878,-0.0114666666667,-0.0546051089759,-0.019965034965,-0.0241584158416,-0.0197260273973,-0.0151427505132,-0.0331753554502,-0.0170697012802,-0.0621848739496,-0.00863808582489,0.00979979874743,-0.0480081716037,0.0173646578141,-0.0194174757282,-0.0316099651755,-0.00246143527834,-0.017258382643,0.00252143217347,-0.0308151093439,-0.00267379679144,-0.0444330949949,-0.0146356983773,-0.0482279868469,-0.00301846590909,-0.0452625226313,0.073286580743,-0.0111464968153,-0.0358292049362,-0.0172026925954,0.0620689655172,-0.0200462606014,-0.0337287876188,-0.0316091954023,-0.0333146569347,-0.00643224699828,-0.104411764706,-0.0038240917782,-0.00964187327824,-0.0205441421433,0.00428348909657,-0.0143710339679,-0.0227527042148,0.00796812749004,-0.0231092436975,-0.0447448147285,0.030989010989,-0.0300530347672,-0.0228061477442,0.0221482598926,-0.0297182554998,0.0024517315354,-0.042533603388,0.0147601476015,-0.030523255814,-0.0209597352454,0.0390290337934,-0.021000893655,-0.0311313591496,0.000418322526668,-0.0076031518148,-0.0188179167771,-0.0292012596622,-0.0197430272642,-0.00507845469194,-0.0259981684146
-0.00882869583627,0.00847744998305,0.0138362947859,0.00561133298329,0.0336456558773,0.026714801444,0.0318203175002,0.0160806252486,-0.0110991765127,0.0151987529228,-0.0122033898305,0.0289777777778,0.0329179402775,-0.00224474116804,0.0533216783217,0.0590697674419,0.039806763285,0.026706231454,-0.00446207238473,-0.00713546683792,0.0373376623377,0.0128563443264,0.0124671978173,0.00927397986222,-0.0282199710564,0.0389784946237,-0.0243018413318,0.0118910397037,0.0101931330472,-0.00903614457831,0.0234860695372,0.0182572614108,0.039446524981,0.0386352232815,0.0145875251509,0.0399267399267,-0.0246648793566,0.012114733654,-0.00678075556991,0.0898272552783,0.00463045414069,0.0149599662874,0.013184616417,0.0308641975309,0.0438352640192,-0.00126839167935,-0.0162337662338,0.0338316286389,-0.0205860965852,0.0753709198813,0.0382919693038,-0.00388433318947,0.00164203612479,0.0129558541267,0.0584144645341,0.0459183673469,0.00310197751066,0.0302972921795,-0.0139312977099,-0.0134387351779,0.0654377880184,0.0290314710905,0.00810061820507,0.0227825030377,0.01166920345,0.0396005882808,0.0222752585521,0.0214001834301,-0.00230769230769,0.0353246753247,0.0108695652174,0.0332394366197,0.0233623453962,0.018941122775,-0.00182863113898,0.00773573071294,0.0199645166947,-0.0251215559157,0.0215275729873,-0.0757672634271,-0.0204271481523,0.066094610973
0.0748031496063,0.00437121721587,0.0353383134607,0.0229650363349,0.0284260403791,-0.00527426160338,0.0200752958049,0.000762582613116,-0.012490948588,0.01113243762,0.0224204987417,0.0200414651002,-0.00773958570453,-0.0146343981485,0.0184232365145,0.0283999414434,0.018026389147,0.00499211770888,0.0139442231076,0.0487620827195,0.035406885759,-0.0060706401766,0.00389948817756,0.0501443948543,0.0126582278481,0.00991806813282,0.0216181119544,0.0395899169545,-0.0228359001593,-0.00506585612969,0.0319460067492,-0.013583265417,0.00797542043984,-0.0012077294686,0,0.038393800634,-0.0170423309511,0.0149621545503,0.0055266579974,0.00176118351532,0.034568338947,0.0452584596222,0.0467117051167,0.0169226763864,-0.00547693866513,0.00711201422403,-0.00660066006601,0.111486555048,0.0737936492768,0.0618156732892,0.0449262656048,0.00476603119584,-0.0344262295082,0.00402652771198,0.0170827858081,-0.0265582655827,-0.000386548125242,0.0174600257306,0.00774143603638,0.0753205128205,0.0080738177624,0.00426742532006,-0.0492704588708,0.00920700920701,-0.0160481444333,0.0285120049241,-0.00233463035019,0.0239449266687,-0.0125289128759,0.0657300551932,0.0333704115684,0.0229007633588,0.0528200537153,-0.0165733482643,0.000523423187647,-0.0139024896266,0.00273051348823,0.0130229980604,0.00230946882217,0.0138360428917,0.0221521323027,0.00834478494891
0.0596178015533,0.00535654502846,0.0224795649779,0.0192242112667,0.0396676268735,-0.0229763167197,0.050618807096,0.00635001270003,0.0271310724106,-0.00987091875475,0.00604162004923,-0.0121951219512,0.0330350997935,0.0145679810009,0.00798565840939,-0.0324555160142,0.0102227090179,0.0214379084967,0.00834970530452,-0.0181251284863,0.017948233516,-0.0277623542476,0.00429211550964,0.071,-0.0183823529412,0.0582835183604,0.0101166909773,0.023208466177,0.0163043478261,0.020706042091,-0.0483976455199,-0.0330487469017,0.0427829792149,-0.00701330108827,0.0223103619236,-0.00386702849389,0.00335570469799,-0.0149150190773,0.017135467184,0.0147679324895,-0.00582590815627,-0.0448876963502,0.0368573198431,0.00512032770097,-0.00436437731901,0.108196721311,0.0564784053156,-0.0276162392616,-0.0551061436196,-0.0597761965894,0.00695294489462,-0.000431220353601,-0.0305602716469,0.145789101203,0.093023255814,0.054565701559,0.0127610208817,0.00397398843931,0.0457077011715,0.0417287630402,0.0203089244851,-0.0070821529745,0.0460409252669,0.0238375515009,0.00611620795107,0.0270218095298,0.0608424336973,0.0190002923122,0.0142494632052,-0.000941619585687,0.00466451381414,0.0066631130064,-0.031462585034,0.00341607834206,0.0421135234109,0.0292468530336,-0.00317692443458,-0.015590809628,-0.0169930875576,0.0058000682361,0.00425064866921,-0.0200994365649
0.0405502671249,0.038628038628,-0.0264622065409,-0.0732026512195,-0.0473988439306,0.0437771345876,0.0123787219806,-0.0408884401817,0.0137426378726,0.0801380368098,0.015346975089,-0.0152606310014,-0.0506329113924,0.00253010959505,-0.0153597413096,0.00823892893924,-0.0106613661005,-0.0227796263117,0.031660983926,-0.139093415221,-0.00649591685226,-0.00456881781839,-0.020556796852,-0.00723622782446,-0.0640449438202,0.0252168650393,0.0346102670421,-0.0377988116623,-0.0310160427807,0.00631858995677,0.00939289805269,-0.00911421247508,0.0498461538462,0.0228933268388,0.0397672162949,0.41680855411,-0.0117056856187,-0.0146126760563,-0.0127145581691,0.013167013167,0.00517063081696,0.0781867332086,-0.0246231527014,-0.0364238410596,-0.0470155497017,-0.0211652253072,0.00943396226415,-0.00258186870963,0.0103579518835,-0.0232172470978,0.0326064617066,0.0224331320104,-0.0175131348511,-0.0317068149063,0.0401891252955,-0.0343189017951,0.0156548300878,-0.00269881252249,0.0820936639118,-0.0386266094421,0.0166806840482,-0.00808368996671,-0.0491175845205,0.0767461914343,0.00303951367781,-0.00657888553679,-0.0970588235294,-0.0252438324727,-0.0592763664357,0.0786993402451,-0.0457142857143,-0.0124437384167,0.0921861281826,-0.0108942351339,-0.00953815261044,-0.00449713818479,0.0188971797142,0.00889135871075,0.00263697626721,0.064789687924,0.0313159105725,0.000604942738018
-0.0157974727941,-0.0573901891632,0.152773905771,0.00702446829165,-0.0351941747573,-0.0568457538995,-0.0254461335096,-0.0152631578947,-0.0107394366197,-0.0422435214767,-0.0179627601314,0.0752220094028,-0.00514619883041,-0.0738532720429,-0.0233169129721,-0.0541368743616,0.0124200913242,-0.0584075432163,-0.0347025495751,0.0069717482064,-0.0711750420325,-0.117613310384,-0.0426018794668,-0.0219844815424,-0.0548219287715,0.168240850059,-0.0638193935587,-0.0145114849679,-0.0413907284768,-0.0413086582948,-0.0594643667726,-0.0229951135384,-0.0763950762016,0.101428571429,0.027052238806,0.0343700427823,-0.087986463621,-0.109344291585,-0.0415325177077,0.114911080711,-0.0802469135802,-0.0432015429122,-0.00132052544399,-0.0467882632831,-0.0503000007255,-0.0251104394327,-0.0747663551402,-0.0960117473197,-0.0826833856399,-0.0345217883418,-0.13351117749,0.046835443038,-0.0356506238859,-0.0136083351053,-0.0840909090909,0.00820120284308,-0.0507518796992,-0.0018040772145,-0.020027155465,-0.105654761905,-0.0778988004963,-0.0714285714286,-0.0199016100179,-0.0109450080085,-0.0247474747475,-0.0545690201606,-0.0500814332248,-0.0450264861683,-0.000409165302782,-0.0598514635212,-0.0464071856287,-0.0227882037534,-0.0289389067524,0.12207434603,-0.067916877851,-0.258521560575,-0.0406706700991,-0.0195538419168,-0.0178258328463,-0.0468302007009,-0.0627797479886,-0.0826047785292
-0.0436986186109,0.0047619047619,-0.0447400241838,-0.0118379343505,0.0117400419287,-0.0474090407938,0.000339097999322,0.0195082843399,-0.0786616835736,-0.00333580429948,0.00713807718046,-0.011983805668,-0.0176346108629,-0.0084900501432,0.0580026899798,-0.0478247454489,0.02363341151,-0.0539638386648,-0.0369283443385,-0.0247152115284,0.0402252614642,-0.0208062418726,0.0427606103569,0.00769323235966,-0.0275190516511,0.044466902476,-0.0155156807412,0.0616402424808,0.131836499712,0.0430885901413,-0.0135135135135,-0.0105913503972,-0.0253860262618,0.021616947687,0.0376930063579,-0.0309043591412,-0.0401978973408,-0.0324974924774,-0.0628149143433,0.0969325153374,0.0445563012677,0.0651078411611,-0.0569335171104,0.016361619523,0.0160427807487,0.0701168614357,-0.020202020202,0.126649103991,0.0286678392287,-0.0515826494725,-0.00522257834758,-0.0253929866989,-0.00924214417745,0.020694115111,-0.0285359801489,0.0233188720174,0.0225742574257,0.0247605277426,-0.00467613439557,-0.0324459234609,-0.0415669856459,0.00258131130614,-0.0540725530459,-0.0102564102564,-0.0460901087519,0.0342929762941,0.0132876125161,-0.0302003081664,-0.0493246009005,-0.0209107806691,-0.0317896389325,-0.0299039780521,-0.00951986754967,0.0472392638037,0.152528548124,-0.0836333425644,-0.0517107530833,-0.014606741573,-0.0217197262719,-0.225267379679,-0.0122593507305,0.0492904284565
-0.0551564586417,-0.0308056872038,-0.0522784810127,0.0107840471637,-0.00455864069623,-0.00617283950617,0.0450847457627,-0.0193971166448,-0.00985126521151,0.0342134622536,0.0108527131783,-0.0103261760367,-0.0684538056486,-0.0152932928254,-0.0182742730017,0.25810110175,0.0368346845259,-0.0246986180535,0.0368207211783,0.0235668001156,-0.0332559938128,0.0690571049137,0.0116553048009,-0.0164618871526,0.0696560731389,-0.0206418319626,-0.00525160089997,0.0262854476075,-0.0534079348932,-0.0707204230007,0.105675146771,0.0154623847755,0.0392857840552,-0.00550148116801,-0.0485776805252,-0.0351508176282,-0.0451030927835,0.00269541778976,0.00860215053763,0.00531319910515,0.0215955737998,-0.0166540499621,0.0142202797203,0.0308321964529,-0.0436090225564,-0.00735457989748,-0.0103092783505,-0.110212569316,0.00425303399134,-0.0420271940667,-0.00906980365764,-0.0521091811414,-0.0559701492537,0.0128827877508,-0.0357598978289,0.0588235294118,-0.0584817970565,0.021164021164,-0.057769270924,0.0292347377472,0.0418096723869,-0.01982492276,0.0762180414858,-0.074993182438,-0.0293159609121,-0.0205446981424,-0.00296108291032,-0.00921512551636,0.016361679225,-0.0227812055055,0.0283745439805,-0.00169683257919,0.0154617634768,-0.033196641281,-0.0127388535032,0.0223632517377,-0.0169488750324,-0.0099771949829,-0.0395377128954,0.041846419327,-0.0115228197018,0.00282010153597
-0.0435863867176,-0.012923506811,-0.00227060237745,-0.0341027131783,0.003746877602,-0.0438664596273,-0.0347064547519,0.0109596364608,-0.0286773312524,-0.0323624595469,-0.0148992112182,-0.0276581649553,-0.0385405960946,-0.0155260634713,-0.0623179022337,-0.0234385061172,0.0192078871324,0.00904431715405,-0.00220426157237,-0.0109274193548,0.0128,0.121739130435,-0.0364183501387,-0.106367495452,-0.0500610500611,-0.0413304791701,-0.0216066331385,-0.0492516952213,-0.0247178936056,-0.0049786628734,-0.0272123893805,-0.0243045387994,-0.098790726817,0.0142553191489,-0.0367985280589,-0.0134194831014,0.0512820512821,-0.00682382133995,-0.0294953802416,0.0236439499305,0.0083857442348,-0.00250192455735,0.031944343893,0.0100582318687,0.00157232704403,-0.00538841490795,-0.03125,-0.0132433134251,0.00211624997478,-0.0683870967742,-0.0539505057803,-0.00392670157068,0.110671936759,-0.0166805671393,-0.00662251655629,0.049049049049,-0.00658165364048,-0.00690846286701,0.00277008310249,-0.0827067669173,-0.0805630428272,-0.0133963750985,0.0410129986553,-0.017983490566,0.0212527964206,-0.0538738498466,-0.0428510818838,-0.0211674150096,-0.00974369836899,0.00922778047596,-0.0327158060702,-0.013597733711,-0.00288065843621,0.000807917592406,0.0387096774194,-0.078332840674,-0.0329832002754,-0.0253383242154,-0.0110829639012,0.0608695652174,-0.0237714285714,-0.0312316756056
0.082067583047,0.00813871196037,0.0528781793842,0.030807198191,0.0141020323517,0.0491270807958,0.0450268817204,-0.0288207297726,0.00261096605744,0.017094017094,-0.0126779359431,0.0126043263499,0.0309994655265,0.0223955797056,0.0535128603487,0.0667282078333,0.0495330220147,0.0295787272184,0.00171821305842,-0.00175302702923,0.0809636650869,0.0276854928018,-0.00533805230464,-0.0120792616721,-0.0132819194516,-0.00738577808313,0.0255180576935,-0.00711105484164,0.0468319559229,-0.0225160829164,0.0188765067091,0.0525210084034,-0.00509618794018,-0.0132158590308,-0.0167144221585,0.0549118387909,-0.0301668806162,-0.00624609618988,-0.0197729769315,0.00244565217391,-0.0216562716563,0.0140845070423,0.0988865243725,-0.0448113207547,0.0444819466248,-0.00248306997743,0,0.137894736842,0.0244075560981,0.135734072022,0.0495175977072,0.01226456417,0.0124555160142,-0.0345631891433,0.024,0.0281488549618,0.0343685300207,0.0107826086957,-0.00957642725599,0.0227686703097,0.0664495114007,-0.00133120340788,-0.0210979547901,0.0807565295707,0.0251916757941,0.00780935974734,-0.0390070921986,0.0196592398427,0.0282352941176,0.0490856592878,0.0411572942135,-0.00574382538771,0.027238959967,-0.00423814328961,0.0524499654934,0.0458627325208,0.0713166189194,0.0230428360414,0.0291386487352,0.108508977361,0.0220505216057,0.0196669983584
0.0471076436122,0.00842400842401,0.0160203432931,0.00387770570312,0.0531697341513,0.00967492260062,0.0263665594855,-0.00980125238225,0.00380608974359,0.00657654366094,0.0153187654877,0.0800672834315,0.0339554173147,-0.0107992379228,0.0117974766508,0.0258375571764,0.0141426982361,-0.00638421358096,0.0475373682921,0.0221759372703,0.000182681768359,0.0484913793103,-0.0180333846429,0.00989146860833,-0.0130264871906,0.0463748053296,-0.0320575692386,0.0166971281223,0.0257894736842,-0.00146252285192,0.00245535714286,0.0134017678928,-0.0449545772187,0.0265731292517,0.0373967945605,0.0567335243553,-0.00066181336863,-0.0253509323277,0.0395965633171,0.0561127676877,0.0100938551443,0.0072298325723,0.0368859311775,0.0117969821674,0.0884216221903,0.00543109300747,0.0645161290323,-0.0173450508788,0.0176391673546,0.00853658536585,0.0375973089161,0.0151449588923,0.0263620386643,0.00175708324182,0.02734375,-0.00324825986079,0.0084067253803,0.00120440467997,-0.00278914094459,0.0195903829029,-0.00519242516799,0.0519861370301,0.018693644161,0.00972222222222,0.00480769230769,0.0245000284884,-0.00230627306273,-0.0356683804627,0.00187226960682,0.0715596330275,0.000782778864971,-0.0181975736568,0.0373644033748,0.0113498175922,-0.0325683060109,-0.0119595216191,0.0207418958966,0.000288766965059,-0.00808960796515,-0.019014084507,-0.0229187560135,0.0243442317255
-0.0127837677995,-0.00870170553428,0.0429232886998,-0.00149413591402,-0.0155339805825,-0.0375622844002,-0.00563909774436,0.0296948034094,0.0185591698264,-0.0185117967332,-0.02263146217,0.0299018844417,-0.0782150915016,0.0377427751452,-0.073036437247,-0.0785731501567,0.0219366969602,0.0286214953271,0.0109941520468,-0.006872028447,-0.0191780821918,0.0621788283659,-0.0286396419297,-0.0783566861651,0.0250769907611,0.0725979824706,0.0370716632984,0.0261010737254,-0.00667008722422,-0.0212376418894,0.0449788465821,-0.0433314575127,-0.0417072153483,0.0213294677987,-0.0210674157303,0.00845083152567,0.0390728476821,0.00128976784179,-0.0596478620194,0.0228439425051,-0.0352384291725,-0.0205893464299,-0.00723027214674,-0.00433839479393,-0.0490219770356,-0.0200315102408,0.0639730639731,-0.0225935514239,-0.0556050520196,0.0532043530834,-0.0507300121157,0.0225916453538,0.0376712328767,-0.0559087919316,0.0177439797212,0.0432960893855,-0.00754267566495,-0.0221687575185,-0.0246130896886,0.0165938864629,-0.00736874424317,-0.022047643183,-0.0189982728843,-0.00935350756534,-0.00372142477406,0.0129328432537,-0.0212667591308,-0.00233255581473,-0.0523255813953,-0.0406678082192,0.012123582323,0.00706090026478,-0.0375677769171,-0.00721442885772,-0.028920018075,-0.084729981378,-0.0264656238269,-0.0626443418014,-0.000627352572146,-0.0258435032304,0.0298961605994,-0.00154432891475
0.012432155658,0.00860252808989,0.0428365730742,0.0210299837469,-0.0197238658777,-0.00876144962166,-0.00756143667297,-0.00587449933244,0.0865987460815,0.00961538461538,0.0236095346198,0.02449720248,0.0606472667936,0.0186375350861,0.0396575821104,0.137457494115,-0.0110395584177,-0.0181714934696,-0.00370198981953,0.0580520577704,-0.0217877094972,-0.0982099661345,-0.00180106216487,0.0622878228782,0.0708154506438,-0.0514955288313,-0.0114386582384,0.0663090347333,0.0340909090909,0.0617283950617,0.0430428297464,-0.000294117647059,-0.00585643711775,0.0772506082725,-0.0286944045911,-0.0477257450146,-0.0197578075207,0.0176041219407,0,-0.0366373902133,0.0348900599673,0.0362584378013,-0.0496160661548,-0.0411220043573,-0.00241772124328,-0.0236564079008,0.0949367088608,0.0878882735372,0.0221684763295,-0.00459242250287,0.0357092722571,0.0045852438516,0.003300330033,-0.00627032048305,0.0597758405978,-0.0111557340473,-0.0108,0.0444639718805,-0.015484610973,-0.0601374570447,0.0136096504794,-0.0360196942213,0.0389524647887,0.0460983060261,0.0362860192102,-0.00891444429471,0.0651865847898,-0.0320641282565,0.0370289219982,-0.0133868808568,-0.00734157650696,0.00642711072159,-0.00764587525151,0.0131207105369,-0.00767798976268,0.0383180739234,-0.00582422175185,0.0113951339698,-0.0338983050847,-0.0176860722181,-0.0165276295221,0.0340034763161
0.0713100825376,0.0123585726719,0.0653549649062,0.081325728544,0.0454728370221,-0.0490156689434,0.0120634920635,0.068224550094,-0.0030652722683,-0.00549450549451,0.0146373918829,0.0656826568266,0.0676923076923,0.0241954396219,0.0124348848933,0.00701391284351,0.0612403100775,0.0543666859456,-0.0362285183465,0.0477946768061,0.0140871882734,0,0.0349476184112,0.0397387800472,0.0312625250501,0.0624187256177,0.0486976464806,0.0340380818952,0.0364635364635,0.0331219168428,0.102962206333,0,0.0366129032258,-0.0124223602484,0.0359428852782,0.0535529411765,-0.00975292587776,0.0474683544304,-0.00726022162782,0.00677259703048,0.0354697102722,0.0245672808487,0.0991298943443,0.0417495029821,-0.000487627365357,0.0176429075512,-0.0462427745665,0.0779105799026,0.0426775584525,0.00922722029988,0.0457740136571,0.00124481327801,0.0493421052632,0.0422996027109,0.0799059929495,0.0568592057762,0.0311362717347,-0.00336530371866,0.0378640776699,-0.036563071298,0.0808666463229,0.0145161290323,0.0254183435713,0.0278736395009,-0.0211122554068,0.0257651224045,0.0385809312639,0,-0.00654975702514,0.117141564903,0.0299727520436,0.00928882438316,0.0506893755069,0.100617652919,0.0565064478312,-0.0313520574788,0.00879022524783,0.055724725944,0.0142949967511,0.02288072018,0.050411004002,0.0511205675426
0.0543506996242,0.0237310866575,0.00885624797494,0.0255799277768,0.0150500384911,0.02872834812,0.0348180677541,0.0528036208197,0.0202568276361,-0.0305709023941,-0.12218579235,0.00678670360111,0.0108069164265,-0.000290619592164,0.0258921161826,0.0197533683489,-0.00745069393718,0.00959956116292,0.0602409638554,0.100047174946,0.0276140416745,-0.00912017167382,0.0200439571356,0.101429907791,0.0509094442285,0.0224908200734,0.029888361243,0.0279907621247,0.0693975903614,0.06241473397,0.0622337469902,-0.0344218887908,0.0758185334193,-0.0114351057747,0.013783269962,0.0335894229051,0.0833880499015,0.0429003021148,0.00461893764434,0.00853816300129,0.0313718840088,0.0575840145322,0.0678512864009,0.00708833151581,0.00121602236899,-0.0429958391123,0.0575454545455,0.103490759754,-0.0149853073463,-0.0422857142857,-0.00807128240109,0.0522171570659,0.12539184953,0.027130044843,-0.0206746463547,0.0768573868488,0.0156862745098,0.0520006753334,0.0551917680075,0.0768500948767,0.0124223602484,0.0405405405405,0.0291262135922,0.0294421487603,0.0462914255655,-0.00971626922756,0.0200683176772,-0.0248447204969,-0.00638026371757,0.0295546558704,0.0154950869237,0.016393442623,0.0277884986492,0.0530412744388,0.0817221482468,-0.0306810519218,0.13504379668,0.00374963945774,-0.027866752082,-0.020535386872,0.0276686810119,0.0463585046509
0.0740123846495,0.00234799345652,0.0261214002783,0.0464680368257,-0.0269614349096,-0.0225872689938,-0.00848742043043,-0.0157630761882,0.00301365006205,0.0129179331307,-0.0256474103586,-0.00949236483698,0.016155856498,-0.0181557909573,0.0307393625627,0.054417198522,-0.022372681778,-0.0108666123336,0.0225,0.0494820874843,0.0385268811311,-0.0270709258257,0.0252035370652,0.0137102644989,0.0373559073813,0.05656142451,0.0214269824256,-0.0378205128205,0.0324470482199,0.0250401284109,0.118221447254,0.0271176112127,0,0.0998650472335,-0.0196905766526,0.109592912705,-0.00545454545455,0.0525299343376,0.0540229885057,-0.0613134940995,0.0154554422887,0.00498110614909,-0.00635161861694,-0.00433134813211,-0.00314909090909,0.0183574879227,-0.0114329923494,-0.030889467808,-0.0326986956564,0.0268496420048,0.00676160070968,0.0141788105553,0.091922005571,0.0591573892163,0.0111111111111,0.0380650277557,0.0135135135135,0.01267854277,-0.0347517730496,-0.0528634361233,-0.0192414947016,0.0234275528393,0.0186672019269,0.0168088309082,0.0558069381599,0.00837878036688,-0.0426956885726,0.0477707006369,0.0160530821918,0.0153362170665,0.00372162262747,-0.00707413695529,-0.0120165227187,-0.0385078219013,0.0832457983193,0.179826086957,0.0289974536626,0.0224137931034,-0.0675453047776,0.0153500561587,0.0189323904466,-0.0600694722779
-0.00553630909947,0.00670241286863,-0.0555033907147,0.0172078182793,0.00350740452065,0.00420168067227,0.00244573524916,0.0194127638923,0.019264757865,-0.0206301575394,-0.00843342703808,0.00805555555556,-0.0346036941782,-0.0137946194255,0.0448909119447,-0.0112562387172,0.242246311352,-0.054655314474,0.0160035563459,0.0759099767398,0.00334212840809,0.15080690039,-0.00166710996276,-0.0386594853381,-0.00677361853832,-0.0239342869282,-0.0118004613268,0.0220102486193,-0.013531209079,-0.00281866583151,-0.0101356619367,0.00652625333729,-0.0261707988981,0.0546888694128,-0.00621712099474,-0.0234842058609,-0.0438756855576,-0.017247706422,0.0221737549982,-0.0139382344903,0.0241256476684,0.0307639719706,-0.0303756994404,-0.0187601957586,-0.0107027949835,-0.00664136622391,0.0521739130435,-0.0545314900154,-0.0450703799839,0.118535735038,-0.0537909836066,0.0229126213592,0.0956632653061,-0.0855317394889,-0.0175824175824,0.00725744843392,0.0114285714286,-0.0193343898574,0.00422483468038,-0.026976744186,-0.0190503269832,0.00497636227917,-0.0177339901478,0.0451517394523,-0.0195238095238,-0.00308766409361,-0.028421512899,-0.0121580547112,0.0269643985675,-0.0263361735089,-0.0600667408231,-0.0145340552864,0.022044849867,-0.031110316467,-0.0530303030303,0.0347877358491,0.0161618905337,-0.0370994940978,-0.0141342756184,0.0892330383481,-0.00825909037765,0.044244944836
0.0441974822149,0.0156458055925,0.00839500717994,0.0494110467441,0.0345631067961,-0.00878661087866,-0.0433058859408,0.0133301594858,-0.0268770591295,0.00306396016852,-0.0283505154639,-0.0396803527142,-0.0101719544684,-0.0273792519947,0.00721045515998,-0.0495113306841,-0.0290873833475,-0.00435793143521,0.0308466418727,-0.0396739606766,0.0327840112202,0.0101547388781,-0.0123124937557,0.00398406374502,0.0714285714286,0.00710969239698,-0.0513068392422,-0.068970769212,0.016814159292,-0.00659547738693,-0.0551354757404,-0.0306513409962,0.0530410183876,-0.0108027256108,-0.0153994225217,0.140110477406,-0.0248565965583,-0.0218446601942,-0.0398293029872,-0.118070953437,-0.078418972332,-0.0348200961698,0.0761198131355,-0.0451648656137,-0.0931637168142,-0.00453677172875,0.00550964187328,0.0172623883022,-0.00221197524908,0.0337662337662,-0.101425735427,-0.0167046317388,-0.0384167636787,-0.0299752084742,-0.0156599552573,-0.0356465680698,-0.0320150659134,0.0116354234001,-0.00676788000732,-0.0449330783939,0.0147826086957,-0.0242634315425,-0.0473420260782,-0.033522190746,-0.0111704711025,-0.0459405608546,-0.0666066606661,-0.0519658119658,-0.0681025641026,-0.00119331742243,0.0228796844181,-0.0335454019665,0.0327259204165,-0.0228824506366,-0.0424,-0.0660968660969,-0.00795355180116,-0.0251021599533,-0.00465949820789,0.0179417738659,-0.0528720780537,0.0107994653353
0.0615369791959,0.133071124222,-0.0130353817505,0.0437642216987,-0.0142642642643,-0.116926973407,0.0331526936564,0.0796335447498,0.0119387027798,0.00152730049637,0.053050397878,-0.0499282639885,0.0185955468559,0.00918066214883,-0.000745712155108,0.0302824858757,-0.0660342029709,-0.0606944849723,-0.0025466893039,0.146025371908,0.0502461381769,0.063188128291,-0.00316948050384,0.000744047619048,0.0649916247906,0.133698314364,0.0153855088992,0.00936389632315,0.0108790252393,-0.0113815997471,0.0971990663555,-0.00456065673457,0.00112155809268,-0.0453629032258,-0.0728250244379,0.123941483223,-0.0130718954248,0.0383661004008,-0.0111111111111,0.0351979886864,-0.000343112026076,-0.0163202198935,-0.142236976507,-0.0374347069066,0.016264526255,-0.0139122091629,-0.0109589041096,0.127171092034,-0.0253738836337,0.035175879397,0.0951998393252,-0.0127413127413,0.0399515738499,0.000697026022305,0.0193181818182,0.101848210775,0.00972762645914,-0.0437699680511,-0.0683241252302,0,0.0405598400457,0.0268967267191,0.00463255422194,0.0341963849536,-0.0795677799607,-0.0364285825058,0.0101253616201,-0.0194734944104,-0.0744001760951,0.00637196336121,-0.055148476668,-0.0248354278875,-0.0169247389269,0.0732766761095,0.0167084377611,0.196766320927,0.0232276155615,0.0200598802395,0.0316888728844,0.0232790156302,0.0109934427699,0.0945219499057
0.005888493045,0.0624819207405,-0.0635960044395,0.0683420783934,0.022086824067,-0.0239005736138,0.0206726319037,0.0269799825936,0.0117978517345,-0.0484178421655,-0.0256926952141,-0.0327695560254,-0.0187364881095,0.00515334921356,-0.0161194029851,-0.0233603860496,-0.0173750334135,-0.000310655483069,0.0148936170213,0.00530912372913,0.0481655083239,-0.0868977937866,0.0434507385949,-0.0183395291202,-0.0135262661214,-0.0354555852078,-0.0371893735733,-0.0695809454659,-0.0142057684029,0.0348576910777,-0.0720255280353,-0.0174098961515,-0.0143157103853,0.0151355156635,-0.0247759620453,-0.0369756525106,-0.0139072847682,0.00202205882353,-0.049063670412,-0.268973891925,-0.00429037240432,0.0261962975899,0.0937779100923,0.00844136267712,-0.0914961549849,-0.00340549744588,-0.0720221606648,0.0283386468296,-0.019213407906,0.123786407767,0.01247019989,-0.0504497457959,-0.0989522700815,-0.00487578360808,0.0367892976589,-0.00606709493219,0.035838150289,0.0439358503174,-0.0486262107136,0.015015015015,0.0513313203404,0.039782554979,0.00817438692098,0.0207841284837,-0.0202774813234,0.0572263948498,0.0147971360382,-0.0566384700257,-0.0653983353151,0.100910170162,-0.0236734693878,-0.00368211107702,0.0362637362637,0.0385359845152,0.0394412489729,-0.012490440989,-0.0381679048603,-0.0710302318756,-0.0122164048866,-0.0344491387715,-0.044785895447,-0.0147688461501
-0.174131766245,-0.091206098557,-0.0873533246415,-0.128960605413,-0.0577496274218,-0.0724779627816,-0.120012091898,-0.0983050847458,-0.051514096763,-0.0729166666667,-0.00620475698035,-0.0276346604215,-0.0871481028152,-0.013273765065,-0.0028822815534,0.124087591241,-0.0495103373232,-0.0245494095712,-0.115513626834,-0.0754403105278,-0.02266769468,-0.0853057199211,-0.0530149718207,-0.223428427165,-0.209821428571,-0.0332015810277,-0.0281376747803,-0.0354796229071,-0.11135371179,-0.0546971569839,-0.276240379892,-0.0307740130556,-0.0310753881021,-0.0830443828017,-0.0102702702703,-0.138812300447,0.00940228341169,-0.0482480278848,0.022843639228,0.0822259136213,-0.0722164770769,-0.0639891082369,-0.182634730539,-0.040956651719,-0.157954075027,-0.0512570173298,0.0179104477612,-0.0525318635894,-0.0677833982917,-0.181425485961,-0.132584676689,-0.100082372323,0.0723514211886,-0.0681287914139,-0.135483870968,-0.0341113105925,-0.0528273809524,-0.0398463754201,-0.023062538957,-0.0808678500986,-0.190339425587,-0.0601235741445,-0.0677754677755,-0.0867653863952,-0.0675381263617,-0.144991297376,-0.0216368767639,-0.0721247563353,0.0256997455471,-0.0970524802301,-0.0376254180602,-0.032029565753,-0.0837751855779,-0.0350728566588,-0.12233201581,-0.0826019617966,-0.147242665825,-0.0167456556082,-0.0265017667845,-0.121171322787,-0.0286758678291,-0.0650409346793
0.0662715051193,0.0173756740563,0.0283116883117,-0.00984063731166,-0.00474495848161,0.0216473072862,0.0109927859842,0.0169172932331,0.00293577981651,-0.0116681071737,0.0218522372529,0.0276172125883,0.119603110754,-0.0125318318809,0.01110603986,0.0254745254745,0.00529479107041,-0.0152914941064,0.00663664375444,-0.0530359284857,0.0399179551909,-0.0242587601078,-0.0117975852238,-0.00780234070221,0.0799031476998,-0.0258926137912,-0.000489022011548,-0.0206751573031,0.0014742014742,-0.0277868584505,-0.04592760181,0.0169980756895,-0.0306742433289,-0.0160710909435,-0.000546149645003,0.0666891841177,-0.118429807053,-0.00597532767926,-0.0377358490566,-0.0376055257099,0.00780234070221,0.0136363636364,0.00765900765901,-0.00311720698254,-0.0861192468619,0.011319783895,0.0293255131965,0.0178149427377,-0.0514220988709,-0.0147757255937,-0.0240133639591,-0.0205949656751,-0.0240963855422,-0.0523284927391,0.0671641791045,-0.0323420074349,0.00157109190888,-0.0263333333333,-0.0342407486176,-0.0515021459227,0.0899709771042,0.0493046776233,0.0274308652988,-0.0529516088168,0.0169392523364,0.0529929849134,-0.0519230769231,0.0394957983193,-0.0322500620194,0.0493630573248,-0.014335360556,-0.021317212854,0.00887345679012,-0.0114135206321,-0.0303985588831,0.00759707371975,0.16311643789,-0.00964010282776,-0.0286751361162,-0.0245116813481,-0.000934187548766,0.0589685643459
0.052405065453,-0.0291519434629,0.026818641071,0.0641535263576,-0.0317798967024,-0.0129198966408,-0.065582738702,-0.0316543438078,-0.0362239297475,-0.0301705290774,-0.00178207739308,-0.056096875,-0.0615568862275,0.0222871013992,-0.0162503761661,0.0155869459328,-0.0320284697509,-0.0161759948237,-0.0369672710148,-0.0749766263534,-0.0476407221969,-0.0530386740331,-0.0247453341152,-0.0249017038008,-0.0575485799701,-0.0261611639619,-0.0314183573053,-0.0375686939844,-0.0711481844946,-0.0450571620713,-0.0355703106474,-0.0290129296752,-0.0280217391304,-0.0155649500384,-0.0262295081967,-0.00288533933786,0.0211320754717,-0.0428543726973,0.0352140856343,-0.0526315789474,0.0604608294931,-0.03533632287,-0.0244547257105,-0.0475297060663,0.0263257293944,-0.0526583566523,-0.002849002849,-0.0144668690838,0.0107844179228,0.0337439742903,-0.00898587933248,-0.0271028037383,-0.0123456790123,-0.00237780713342,-0.0501165501166,-0.018440261237,-0.0529411764706,-0.0453611776789,-0.0374366879542,-0.0927601809955,0.0263313609467,-0.0392771084337,-0.032776210115,-0.0329052969502,-0.0143595634693,0.0340034832012,0.0598377281947,-0.0242522231205,0.0248654191233,-0.0246585735964,-0.0674305861613,-0.0360858257477,-0.0317399617591,-0.0179396092362,-0.0585229911751,-0.00502652890254,-0.111814188067,-0.0496430889033,-0.0142002989537,-0.0616411464468,-0.0389325427817,-0.041056739324
0.036618415501,-0.00151653017895,0.118156044943,0.0233182228649,0.0771396096036,0.102094240838,0.00254910017855,0.0961584347411,0.045747911921,0.0284039675383,-0.0716653914818,-0.0021486579992,0.0199081163859,0.0423989668723,0.0238605078006,0.0991846522782,0.0855882352941,0.0381453469254,0.0437652811736,0.107593492224,0.122192129998,0.319719953326,0.00667755913902,0.0588037634409,0.0551149881047,0.0362016951587,0.0628487130622,0.0629023851861,0.319070258848,0.0292253521127,0.0936808458323,0.0717765508282,0.0270925126553,0.123170017568,0.0213243546577,0.158039997897,0.0524759793052,0.0459886547812,0.022419791264,0.0521885521886,0.0203372153659,0.0251022685013,0.0840108401084,0.0075508864084,0.0936799491452,0.0553168635875,0.0714285714286,0.0889815150417,0.0677612291097,0.0502590673575,0.0729706390328,0.0787704130644,0.12375,0.0590572033898,0.0662576687117,0.0704500978474,0.0215320910973,0.0297651066882,0.0452985586822,0.0349127182045,0.0567886999135,0.0697266114873,0.0666517055655,0.0188105117566,0.020979020979,0.0810330542473,-0.0607655502392,-0.0654515327258,0.0170085042521,0.0758459743291,0.038752362949,0.0364249578415,0.00789889415482,0.0656538252849,0.0424272323631,0.0432220039293,0.00426667228533,0.0689655172414,0.0496588324488,0.0322175732218,0.0527101357141,0.00642113265518
0.0858230860149,0.0558930741191,0.0232097679023,0.0541279495039,0.0582857142857,-0.128266033254,0.00326441784548,0.0391815411406,-0.0744236703576,-0.00350723366944,0.0230769230769,-0.184140676841,0.0152652652653,0.0116206267234,0.064386017329,0.00811589143904,0.00203196965592,0.0348432055749,0.0452096509721,-0.0121868652674,0.0254116978989,0.078691423519,0.0296253918969,0.0920342748334,-0.0529875986471,0.052128102038,0,0.027314878244,0.0808970764918,0.0307902839548,0.0793615107914,0.0324242424242,0.066532623923,0.0147723322906,0.0241758241758,0.0590487507617,-0.0168539325843,0.0648847569243,0.0393194706994,0.0188,0.0136286201022,0.0110647560312,0.0703125,0.0351906158358,-0.00170291739321,0.0246819338422,-0.0453333333333,0.0106506906307,0.0116113037157,0.0177602368032,0.157142857143,0.00222617987533,0.0978865406007,0.101775443861,0.0678941311853,0.0336380255941,0.0612079448723,0.0755702594463,0.0420223243598,0.0819277108434,-0.0076377523186,0.0229777256741,0.0452345886808,0.0572902525115,0.00970319634703,-0.00243543328526,0.0509424350484,0.101507092199,-0.0213969503197,0.139913232104,0.0181983621474,0.0211519687602,0.096394984326,0.0132382892057,0.0345480359678,0.0360505784235,-0.0538227727264,0.045352922389,-0.0166124954857,0.095257397649,0.0120516725306,-0.0015943877551
-0.050514880534,-0.0106444188723,-0.0852504837669,-0.0684695639066,-0.0741540676746,-0.0136239782016,0.0104844540853,-0.0481776288228,-0.0825652088645,-0.113506379234,-0.0104726100967,0.0152501016673,-0.0357406950949,-0.064616802739,-0.0432280701754,-0.0537569252078,-0.248749493038,0.0165289256198,-0.0833706857911,-0.0165986232381,-0.0179980617472,-0.124590163934,-0.0498185013573,-0.0572507991863,-0.0857142857143,-0.0299117143234,-0.0448258542566,-0.0579011279805,-0.0144497962208,-0.0252240292068,-0.0558217038117,-0.10331670091,-0.0213226436539,-0.0685048809728,-0.0574034334764,-0.120921871754,-0.0385714285714,-0.020371044016,-0.0851218624955,-0.0424028268551,-0.0636974789916,0.0197344815213,-0.0283211678832,-0.0116462071136,-0.120194075587,-0.0620809535634,-0.120111731844,-0.068664580932,-0.13107399306,-0.0373242850218,-0.122761258911,-0.0857396712572,0.06484295846,-0.0801180208806,-0.0905172413793,0.244074991157,-0.00229182582124,-0.0390157034159,-0.0722537282084,-0.121380846325,-0.130016492578,-0.0304836121934,-0.0227455716586,-0.0346687211094,-0.0667043527417,-0.026592330127,-0.0310227823558,0.00201207243461,-0.0771550640865,-0.0637488106565,-0.0335120643432,-0.021351179095,-0.0264474624732,-0.0340033500838,-0.0910338517841,-0.122305894573,-0.0825868109451,-0.102963641919,-0.00514138817481,-0.0632864544782,-0.0462679984434,-0.0404809650717
0.0780934448882,0.0636813027043,0.0695733928781,0.0470690975534,0.0618195956454,0.0110497237569,0.0275491949911,0.0323503521127,0.0294997862334,0.0531017369727,0.0588873812754,-0.032445423593,0.0304192229039,0.0248710693152,0.0379932521637,0.0777604976672,0.0511067122548,0.027401385125,0.0474327628362,0.208212121212,0.0194558014944,0.137172284644,0.0343517349751,0.102034525277,0.0438368055556,0.0474055963054,0.0414393224057,0.0714956265181,0.101503759398,0.0793326523664,0.0646371056695,0.0595744680851,0.0502990264256,0.107556536128,0.0330108138873,0.0924562869948,0.0215453194651,0.0220943186038,0.0349900596421,0.0213202132021,0.033746185604,0.0448627726953,0.0751201923077,0.0184713375796,0.0568887650494,-0.00794281175536,0.0222222222222,0.0221004243281,0.0565314090842,-0.0231621349446,0.121110009911,0.0903790087464,0.000951474785918,0.0515667406859,0.0521327014218,0.0398066533978,-0.00880551301685,0.0515498652291,0.0158478605388,-0.04309252218,0.0707740916272,0.0572104018913,0.0508753861998,0.0109071561586,0.00787401574803,-0.00651683992979,0.0170085042521,0.0261044176707,0.0408496732026,0.0257452574526,0.0374479889043,0.0449365027678,-0.0429515418502,0.068146349922,0.0608958228485,0.0784023668639,0.0247501419991,0.0204359673025,-0.00738279808047,0.0181746345318,0.0307440372563,0.039967914351
-0.00362323943662,-0.0267905959541,0.0179101197671,-0.0132008458396,-0.0238008055657,-0.00218579234973,-0.057454735376,-0.0191856746962,-0.0357142857143,-0.0353440150801,-0.0240902101486,-0.0434692610226,-0.0238154304143,-0.0224680515936,-0.0141322781232,-0.025040319158,-0.0255093305941,-0.021101992966,-0.00256769374416,-0.0461989917484,0.00954224865164,-0.00576368876081,-0.0270917128448,-0.0506293706294,-0.0328482328482,-0.0269744520814,-0.017737119279,-0.028682882056,0.0136518771331,-0.00283911671924,-0.0822627434729,0.00185356811863,-0.0293512013931,-0.0162682602922,-0.0214876033058,-0.0323541236394,0.0225454545455,0.00799273387829,-0.0176719170188,-0.0674427940586,-0.0206633096024,-0.0165010944603,-0.0491894913359,-0.00875547217011,-0.0508936319796,-0.0333600213504,-0.0590062111801,-0.0058813354091,-0.00610630839664,-0.0226804123711,-0.036775106082,-0.0213903743316,-0.0446768060837,-0.0516189582356,-0.0427927927928,-0.0319934372436,-0.0363074546157,-0.016340916373,-0.0365500334299,-0.0397350993377,-0.00147536146356,-0.0178890876565,-0.0246961975696,0.000263157894737,-0.0300480769231,-0.011352529492,-0.0634530250861,0.0363992172211,-0.0596546310832,-0.00231175693527,-0.0254010695187,-0.00810221252727,-0.0218642117376,-0.0357142857143,-0.0322580645161,-0.0507544581619,0.00106138333628,-0.0190253671562,-0.00818148010413,-0.0314318975553,-0.00978575839628,-0.00400348402804
-0.103190786335,-0.027808988764,-0.0412348877375,-0.0610719866665,-0.141785446362,-0.0690032858708,-0.034721221726,0.0369484894588,-0.0226098191214,-0.102100635076,-0.0790441176471,0.0926206448821,-0.0736975857687,-0.021148333427,-0.0541857798165,-0.0842765105346,0.0404075895994,-0.087125748503,-0.0582728761994,-0.0653711641116,0.0627397260274,-0.0372670807453,-0.0592862609978,-0.080141426046,-0.00343938091144,-0.047181127549,-0.0590582734091,-0.0828554861156,-0.0575757575758,-0.00727617842455,-0.0627681192143,-0.0937403638606,-0.0779877216917,-0.0413432332096,-0.0579954954955,-0.0712693498452,0.00568990042674,-0.0369435934403,-0.111849824013,-0.0985794231597,0.0131205673759,-0.0749871597329,-0.209288653733,-0.0927444794953,-0.109953703704,-0.0422418553285,-0.029702970297,-0.0720375848269,-0.059979164967,0.00210970464135,-0.0620411160059,-0.0227686703097,-0.0577114427861,-0.0764473033152,-0.0894117647059,0.0680790960452,-0.0657314629259,-0.0400651465798,-0.0682396483923,-0.118620689655,-0.103723404255,-0.0453096539162,-0.0610932475884,-0.0428834517232,-0.0433705080545,-0.0461853228373,-0.0672268907563,-0.0728851963746,-0.0962715637173,-0.163190996359,-0.0644718792867,-0.0493245366007,-0.096862745098,-0.0225589225589,-0.11887254902,-0.0867052023121,-0.0581374801202,-0.103776794828,0.00974878140232,-0.0821314102564,-0.0630580208417,-0.00884254113085
0.00641917319158,-0.00635654435134,-0.066989416798,0.00703945993672,0.00874125874126,0.0394117647059,0.00612323000383,0.00943198490882,0.0559594624367,0.0636561479869,-0.0501853435985,0.0691225985344,0.0973936899863,-0.00438325748767,-0.0192482570476,-0.0443050009508,0.0128335021952,-0.0029517874713,-0.0437375745527,-0.084798694539,-0.0871358597577,0.0554838709677,-0.0403442842876,-0.0919282511211,0.0224331320104,-0.0478388585816,0.0114134329586,-0.0397455411154,-0.0317970703823,-0.027724665392,0.0443266682727,-0.124191902007,0.0727470462465,0.23516986446,0.00657501494322,-0.114307953864,0.0636492220651,-0.0445359281437,0.0819022457067,0.0702005730659,0.00525026251313,-0.0131408476772,0.0724907063197,-0.0542420027816,-0.0407412223667,-0.0490054770827,-0.030612244898,0.0266266641665,0.0351726923449,0.0242105263158,-0.0477495107632,0.0149114631873,0.199577613516,-0.0334851326011,-0.0232558139535,0.029092832584,-0.02574002574,0.0408890397014,-0.0186196623635,-0.0219092331768,-0.0276953511375,-0.0405437634152,-0.0513698630137,-0.0437053326003,0.014896373057,0.0374580827537,-0.0365990990991,-0.0248472505092,-0.0369458128079,-0.0059335443038,-0.0307917888563,-0.0657633840053,0.0316977854972,0.0151567344127,0.0328233657858,-0.101898734177,-0.0737961225766,0.0121488230828,-0.0181953212031,0.0253164556962,0.0125558242071,-0.0319013513693
-0.0974393108849,-0.0401279441698,-0.037528659346,-0.0819342285526,-0.176776429809,-0.0362195812111,-0.0756941802967,-0.0413205980066,-0.0100146046318,-0.0455242966752,0.0120084058841,0.0142645424231,-0.04125,-0.0518838225328,-0.00278164116829,-0.075009948269,-0.00116705568523,-0.0309210526316,-0.0818607068607,-0.0404254665068,-0.0228748940977,0.00244498777506,-0.0161685017623,-0.0828924162257,-0.123206751055,-0.0277655354782,-0.0415376841812,-0.0307909903026,-0.00738007380074,0.00262209111767,-0.0549019607843,-0.024864024864,-0.0533310344828,-0.0342026507054,0.0700712589074,-0.0136252827074,0.00398936170213,-0.0327066196631,0.018722018722,0.0187416331995,-0.0823467966574,-0.0731432858215,-0.138994800693,0.0125,0.0618975964862,0.00666868748105,-0.00701754385965,-0.116347031963,-0.0174386358653,-0.0385405960946,-0.0861076859844,-0.040404040404,0.00264084507042,-0.0684589800443,0.0873015873016,-0.0282703675148,-0.0215763980625,0.0252648736756,0.0521123197571,0.0304,-0.112580535775,-0.0509569972657,-0.0694945848375,-0.0316182811153,-0.0312699425654,0,0.0350672121566,-0.192564745196,-0.0572250639386,-0.0604854755273,0.0857286938981,-0.0318358684117,-0.170875420875,0.0239226331863,-0.0552114193375,-0.0486257928118,-0.0563808237677,0.0146286571643,-0.0298789712557,-0.0613026819923,-0.0401782202695,-0.0293207716021
-0.194287548696,-0.00878521660103,-0.0493981945838,-0.0737527295484,0.0678947368421,0.0387551379918,-0.0082304526749,-0.0686593025774,0.0086406743941,0.05359056806,0.0219519430436,-0.0140639269406,0.0560625814863,0.00961645696674,0.0283589028359,0.14390191439,-0.0297112335169,0.0291921249151,-0.00509482026606,0.0521881207151,-0.0800578034682,-0.120731707317,-0.00101164690929,0.0596153846154,0,-0.0411000302206,0.0128401674857,-0.0515368809494,0.00260223048327,-0.0323635174894,0.0200146448621,0.149003984064,0.14667035777,-0.0385126162019,-0.003884572697,0.0591445485134,-0.0298013245033,0.00830127556185,0.124250898921,-0.112571178274,0.00550180231455,-0.0653581545933,-0.00764895330113,0.0188816267248,0.128094162103,0.0147545919904,0.0883392226148,0.0128152128979,0.065482363443,-0.0197755211117,0.0832021587587,-0.00717703349282,0.0131694468832,0.192502231479,0.00121654501217,-0.0343824385083,-0.012601260126,-0.0737678855326,-0.0430391921135,0.0248447204969,0.0229270156668,-0.0151911995809,-0.00242483026188,0.0121697833185,0.110671936759,0.000256447243993,0.0903444381705,-0.0377651319193,0.154289589691,0.143159678102,0.0167208546215,0.0105955425649,0.0583756345178,-0.0589892294946,0.0684150513113,0.115925925926,0.030053667263,0.133086876155,-0.058089668616,0.0353741496599,0.012398218122,-0.0158229638009
0.0126152222605,-0.0773227383863,-0.02466367713,-0.108906254773,0.0448496796451,0.0265686828717,-0.0116182572614,0.076511627907,-0.0142081069787,-0.0239064089522,0.0290275761974,0.0613190070396,0.0333333333333,-0.0318683691248,0.00934297769741,-0.00639338097029,0.0887665577155,0.0277044854881,0.00170697012802,0.126145601803,0.00706880301602,-0.0480813684697,0.00582213913124,0.0765880217786,0.4114533205,0.0765836747558,0.022189915524,0.0721991334335,-0.0393029291806,0.0510135135135,-0.041397463508,0.0391816920943,0.0385387547649,-0.00414364640884,0.0295264623955,0.107829454069,0.0300341296928,0.0369477911647,0.000710732054016,0.00197433366239,-0.0805660377358,0.00671140939597,0.0555780933063,0.0228082679971,0.00301017348105,-0.00474777448071,0.0616883116883,0.0344897959184,0.0218258429562,-0.0196292257361,-0.0656009964708,0.0640963855422,0.0225303292894,0.0229540918164,-0.0109356014581,0.0594357710216,0.17000911577,-0.00463439752832,0.000753768844221,0.183333333333,0.137467314158,0.0534574468085,0.00194457948469,0.0281524926686,0.0978647686833,0.0381527713237,0.110823407561,-0.0435483870968,0.144829612221,0.0544646165246,0.015532206487,0.0133767172813,-0.0052757793765,0.0343370311675,0.0811099252935,-0.00265516096913,0.0534907954151,0.00293637846656,0.103476821192,0.029785370127,0.0188899617806,0.0263070932889
-0.016711773745,-0.0655846306724,0.016768086545,0.0519335541527,-0.0245283018868,-0.0622246696035,-0.0125944584383,-0.0365089652193,-0.0169563374311,-0.0349140177176,0.012976022567,0.0125676383313,0.000238948626045,-0.00508775205377,-0.0444908928038,-0.0272520817562,-0.037130668352,-0.0320924261874,-0.0389094007384,0.0386092034824,-0.0272968335673,-0.0713938805245,-0.0324617211568,0.0822656776804,0.018411183089,-0.00190281030445,0.00826422095671,-0.0222176405097,0.0432265534543,-0.0356798457088,-0.0416874687968,-0.00533867200534,-0.0030587400438,0.0611804592387,0.000541125541125,-0.018472195122,-0.143803843605,-0.00735863671572,-0.00816761363636,-0.102955665025,-0.0229837882208,-0.00322580645161,-0.0365103766334,-0.0156794425087,-0.00902598355014,-0.0330948121646,-0.039755351682,-0.0532649437759,-0.0087114578278,-0.0172413793103,-0.0315485447678,-0.036231884058,-0.0135593220339,0.0251219512195,0.031941031941,-0.0519648397104,-0.05453837164,0.011553716158,-0.00778307808185,-0.125480153649,0.0128078817734,-0.00555415299167,-0.0477923338185,-0.00256702795208,-0.042679632631,-0.0583544277747,-0.0358974358974,0.0320404721754,0.0633820887862,-0.00210822206606,-0.0112460638776,-0.00677845165894,0.0771456123433,-0.0711610486891,0.0227048371175,0.131447587354,-0.0375865479723,-0.00618087182824,-0.0495123780945,-0.0561463207146,0.0100217914378,-0.0415808041214
-0.0372307060045,0.00744416873449,-0.0296581992286,0.0162717452771,-0.0275628626692,0.185554903112,-0.0094387755102,0.000448430493273,0.00560586459681,-0.0124190064795,-0.0122528543581,-0.0396483364937,0.00812231247014,0.0685537050069,-0.00125,0.20486381323,0.0206760748277,-0.000994694960212,0.0245271867612,-0.0107773207685,0.0214881334189,-0.0115062761506,0.0335508391416,0.0143302180685,-0.00703046534985,-0.0324094442,-0.0051257045667,-0.0134867283508,-0.00147983721791,0.0126666666667,0.0442823651993,-0.0489768534049,-0.00224586723611,0.0448736566947,0.0297458085452,0.00480419111006,0.0030959752322,0.0103394459618,-0.0146795560329,0.00988467874794,-0.0117622348246,0.0511326860841,-0.111687275628,-0.0113274336283,-0.0447781585509,0.0382362010484,0.0286624203822,0.0775161491977,0.00737098495699,-0.00396151669496,-0.020646937371,0.0272556390977,0.0481099656357,-0.0237925291458,-0.0345238095238,0.0913553313335,-0.0214256283478,0.0134674394818,-0.0321356275304,0.0439238653001,-0.0158884565499,0.031480071084,-0.028025477707,0.0257363454389,-0.010158013544,0.0274229327622,0.00580270793037,0.0348583877996,-0.0412644787645,0.0172535211268,-0.0186533212011,-0.0244252873563,0.0152193375112,-0.0258431085044,-0.0559845559846,-0.00676470588235,0.0428228845495,-0.0425531914894,-0.00710339384373,-0.0356016223524,-0.00546122641615,0.000593031442352
-0.0392377122381,-0.0204081632653,0.00424890350877,-0.0815639397955,-0.00845350571855,0.00594353640416,0.0215469138982,-0.022411474675,0.00235849056604,0.0114816839803,0.0535663941359,0.0140010770059,0.036018957346,0.00638580195721,0.0267521902378,-0.00282577103181,-0.0144694533762,0.00829737802854,0.0250937409864,0.0526315789474,0.0279434850863,-0.0671957671958,0.0304481019775,-0.0141277641278,-0.0515812542144,-0.0762352227948,0.00361173024634,0.00791710128076,0.0144497962208,-0.0994075049375,0.0917934647044,-0.0031746031746,0.0615006150062,0.0503127171647,0.0320378151261,-0.0319517472561,0.00694444444444,0.0249082834524,0.0523255813953,0.00489396411093,-0.00616365568544,-0.0324302134647,0.00179613830265,0.0164697457931,0.0210607866508,-0.010989010989,-0.0588235294118,0.0727132082769,0,0.171022727273,0.0566877488873,0.0269899359561,-0.133606557377,0.0455764075067,0.0776818742293,-0.047976011994,-0.00126315789474,0.0203532380151,0.0671895424837,0.0897615708275,0.0813838550247,0.0418410041841,0.0301441677588,-0.0437691664343,0.018244013683,-0.0325939555735,0.0153846153846,-0.0142105263158,-0.00125849484017,0.148494288681,0.0310616597126,0.0416053019146,0.0520282186949,0.0432737535278,-0.0700408997955,-0.0269469943737,0.00722733245729,0.00547008547009,0.0965818759936,0.0691588785047,0.00399412462573,-0.0288077498015
0.0166201909305,-0.0305316091954,-0.147945953323,-0.0604807439537,0.00351053159478,-0.0152634170359,0.0252100840336,0.113480055021,-0.0265240641711,-0.0351351351351,-0.024618678084,-0.00336342715525,-0.0594693504117,-0.0104655953852,-0.0475392351059,-0.0795077321674,-0.0401305057096,-0.0148123765635,-0.0754079909961,0.105,-0.0534514355528,0.134429948951,-0.0178292566828,-0.0647975077882,-0.0128012342651,-0.0162428219852,-0.051335716985,-0.0771155673181,-0.00474799123448,-0.0171783625731,-0.0735663696596,-0.0353857041755,-0.0556199304751,-0.0355961360328,-0.0391857506361,-0.0336187980236,-0.122605363985,-0.0118688771665,-0.0255524861878,-0.0487012987013,-0.05624465355,0.0123037759864,-0.0524428507396,-0.0521310320535,0.0848167905961,-0.0600600600601,-0.0888157894737,0.0456102397692,-0.0371527494785,0.0412421154779,-0.0345821325648,-0.0267260579065,-0.0624408703879,-0.0515151515152,-0.0766590389016,-0.00524934383202,-0.0489038785835,-0.0126937026047,-0.0208231259187,-0.0772200772201,-0.0792199878123,-0.053626269785,-0.227735368957,-0.0492711370262,-0.0565509518477,-0.0111482475043,-0.0819128787879,-0.0197544046983,-0.0375504032258,-0.0593731163351,-0.00539568345324,-0.0229763167197,-0.0854987426655,-0.0149684400361,-0.0340846619021,0.0240413877054,-0.0215264187867,-0.0204012240734,-0.0206596592968,-0.0157342657343,-0.0501752786734,-0.0259946790122
-0.0167567567568,0.039273805113,0.0166586576966,-0.0949632669907,0.00549725137431,-0.0305,-0.0168032786885,-0.0502367716698,-0.0182377499451,-0.0588235294118,-0.0378600823045,-0.0163410301954,-0.0474221789883,-0.0157052161304,-0.0361542153255,-0.0344797255695,-0.069680489463,-0.00935516204477,-0.0279975654291,0.073371040724,-0.0516295579219,-0.191,-0.0251108163566,-0.0766155896069,0.0266474612892,-0.126084056037,-0.0330075072775,-0.00502771216118,-0.0157798165138,-0.0152473038304,-0.0318125770654,-0.0293470286134,-0.0388527607362,-0.147502744237,0.0762711864407,-0.0991505410454,-0.0978165938865,-0.0581506196378,-0.0340184266478,-0.17007963595,-0.0684341717652,-0.0637049455155,-0.128192999054,0.0107766629506,-0.065638685935,-0.0261980830671,-0.0397111913357,-0.138620689655,-0.046768848774,-0.0605778191985,-0.0482204362801,-0.0466819221968,-0.139253279516,-0.073482428115,-0.0731102850062,-0.144591029024,-0.0168439716312,-0.0499248622475,-0.0645484113085,-0.1059972106,-0.101588352085,-0.0419370943585,0.0395387149918,-0.0367985280589,-0.0053412462908,-0.0525894465322,-0.0123775141826,-0.0157952069717,-0.0686043466876,-0.0503043896187,0.00406871609403,0.0332850940666,-0.0261228230981,-0.0360673745881,-0.0685828116107,-0.0383358098068,-0.0973333333333,-0.0697674418605,-0.122131754256,-0.0452930728242,-0.0439336492891,-0.0455280588152
0.0588176809797,0.00891265597148,0.0482117535844,0.0151108277116,0.036282306163,-0.0278494069108,0.0125052105044,0.0136570561457,-0.0358102059087,0.027380952381,0.0191046478472,-0.0185987721199,-0.0171049272402,-0.0273528094361,0.00182572614108,0.01193404391,0.0723419802704,-0.0327150084317,-0.0360050093926,-0.00661846847796,-0.0428717250766,0.0160692212608,-0.0109658813406,-0.0328282828283,-0.093300596282,-0.0272900763359,0.00559608084214,0.00193995381062,-0.0104399701715,-0.0400302114804,-0.0560366785532,-0.0173847316704,0.091697677239,0.0539192016739,0.0172244094488,0.0950383441584,0.0425943852856,-0.0388663967611,0.00733675715334,0.0089102124743,-0.0547312089516,0.0264100268577,-0.0309278350515,0.0268382352941,-0.00882153098476,0.0173884514436,0.0112781954887,0.007806244996,-0.0254526319251,-0.0798611111111,0.0668275030157,0.0499279884782,0.00468933177022,0.110344827586,-0.0320855614973,-0.0160394818014,-0.0148782687105,-0.0198594024605,0.00320941428189,-0.0608424336973,0.00257826887661,-0.01016154247,0.0748019017433,-0.013053167781,-0.0155131264916,-0.0144404543961,0.0266318537859,-0.0453790813503,0.05566488614,0.00168690958165,0.0688878883386,0.0448179271709,0.00141176470588,-0.033428300095,-0.0635502597006,-0.0825092707046,-0.0162481536189,0.0753731343284,-0.0430016863406,-0.0372093023256,0.00054528329946,-0.0131577670923
0.100998105422,0.03074204947,0.141590260033,0.0969108007762,0.0613908872902,0.0721485411141,0.0555784273364,0.0609495295124,-0.0487465181058,0.0365005793743,0.0803021824287,0.107635694572,0.0361038961039,0.0318010172232,0.085155732273,0.122884407634,0.0470187393526,0.0135983263598,0.172458590451,0.157015850114,0.117667970139,0.216545012165,0.0771007983445,0.14733308467,0.0646034816248,0.175397292525,0.0550884844207,0.156776691868,-0.00113036925396,0.0802517702596,0.0218564490016,0.169230769231,0.0925786251776,0.135155772755,0.011611030479,0.169257572894,0.0603528319406,0.0385425442291,0.112527312454,0.21535326087,0.0293360782295,0.0835150457915,0.12150055991,0.0551378446115,0.162663971092,0.0951306030313,0.171003717472,0.0458788480636,0.135618731354,-0.0495956873315,0.0658073270014,0.10470964792,0.161026837806,0.115623506928,-0.00966850828729,0.107836990596,0.0411899313501,0.0242065626681,0.0154625433218,-0.0299003322259,0.0936811168259,0.0439589365623,-0.0377469772928,0.0422580645161,0.0387878787879,0.0201175258837,0.113428280773,0.0614492753623,0.117976031957,0.0616369147861,0.0412805391744,0.0686997319035,0.0338345864662,-0.0100216152486,0.0952691680261,0.107106769956,0.0503003003003,0.108605135323,0.0334801762115,0.00966183574879,0.0453824811732,0.0196672106115
0.0284556108525,-0.0270826191292,-0.0612244897959,-0.0436206336308,-0.0429281518301,-0.0430479960416,-0.0604524180967,0.0387018746221,0.0195217179112,-0.0217998882057,-0.013468013468,0.0181063122924,0.0278265229381,0.00616417636586,-0.00809160305344,-0.0310270183597,0.00374227139603,-0.0275197798418,-0.0141274238227,-0.0922261548901,0.0229007633588,-0.0405,0.0148430549567,-0.0627438231469,0.0512354651163,-0.010181939576,-0.0110744087974,0.00100427214181,0.0301772915881,-0.0163874726875,-0.0678637443887,-0.0618421052632,0.000176596188733,0.0211220234091,-0.0669536107126,-0.00883174428554,0.015761821366,-0.0247414317583,-0.0193126022913,0.335382895472,-0.068,0.00462869792715,-0.0119820269596,0.00169664065151,-0.0809457663366,0.00883392226148,-0.0920634920635,0.00683630839347,-0.0479343362001,0.0896199659671,-0.0451941438574,-0.0728476821192,0.0562814070352,-0.0164882226981,0.0153417015342,0.000848896434635,-0.010989010989,0.00490196078431,0.00341296928328,0.0222602739726,0.00201545179711,-0.00100857286939,-0.0352436408213,-0.0922315072733,-0.0303383897316,-0.0400018676098,-0.0909090909091,0.113599126161,-0.0585993330157,-0.142131979695,-0.0392394822006,-0.0376293508937,-0.0481818181818,0.0222310440651,-0.017873100983,-0.1432917554,0.0268048606147,-0.0766823161189,0.0204603580563,-0.0406698564593,-0.00418246445498,-0.0353043254708
0.0863414634146,0.0274841437632,0.0785413744741,0.082525359653,0.0269121813031,0.0734229576008,-0.00622665006227,0.0102852707161,-0.00694112015318,0.0462857142857,-0.00105014439485,0.0303475281449,0.0163414634146,0.0187045324606,0.0204709866092,0.0201059076618,0.03404117361,0.0633180049522,0.0373700477662,0.0360808080808,0.0180348258706,0.0500260552371,0.0219402860654,0.00485605272286,-0.0425164189423,0.0946037099494,0.0437306337922,0.0867983119675,-0.00219699743684,0.0403554239171,0.0739376770538,-0.023141654979,0.0235420010701,0.0393939393939,0.0348539210661,0.0640974453823,0.0862068965517,0.0600956539821,0.0220293724967,0.084135621599,0.0512339055794,0.0476762820513,-0.0282971197575,0.0376016260163,0.0521926343145,0.0502043199066,-0.041958041958,0.0837419841569,0.0325964815902,0.0390421655388,0.0715555555556,-0.00982142857143,0.0437678401522,0.0496407576747,0.0796703296703,0.0220525869381,0.0382222222222,0.00871080139373,0.152276295133,0.120603015075,0.0278243379149,0.0292781423523,0.0714739517154,0.0514831230822,0.0487364620939,0.0431338456301,0.0954773869347,-0.0132417851888,-0.0207489878543,0.0436390532544,0.0294736842105,0.0348647768003,0.0382043935053,0.0250485436893,0.0297239915074,0.10546875,0.0630003480682,0.0545762711864,0.0187969924812,0.110224438903,0.0556712315728,0.081327408276
-0.0520251459362,-0.0377229080933,-0.0557867360208,-0.0527662448898,-0.0487356321839,-0.0476878612717,-0.0263157894737,-0.0245870149827,0.0351892022174,-0.0731840524304,-0.0685939553219,-0.000791765637371,-0.00743940484761,-0.0253233149642,-0.0147812971342,-0.0258739557142,-0.00109735068193,-0.0445775116434,-0.0170639219935,-0.00335374176188,-0.019242516799,-0.0898263027295,-0.0290870242506,-0.0690369347601,0.00361010830325,0.00308118933908,-0.102193878437,-0.032690800126,-0.00587155963303,-0.0373665480427,-0.0933790556581,-0.0233309404164,-0.00487715629901,-0.0346051464064,-0.0643883110451,-0.0588170188379,-0.0174603174603,-0.0425657120439,0.0434356629654,0,-0.0142893595305,-0.0376673040153,-0.0686427457098,-0.0254652301665,-0.0155011522523,-0.014730405781,-0.109489051095,-0.0894535328924,-0.0718709852939,-0.0360721442886,-0.0788054749067,-0.0432822362489,-0.0164083865087,0.0128604024061,-0.0725190839695,-0.0727524204703,-0.072345890411,-0.060621761658,-0.0672116257947,0.00597907324365,-0.0420743639922,-0.0367827366356,-0.0607767565965,0.0132944228275,-0.0315547905909,-0.0520389549081,-0.0426605504587,-0.0183896620278,-0.0635658914729,-0.0432317505315,-0.041717791411,-0.0371536523929,-0.0814167433303,0.0193218412578,-0.0645066273932,-0.0491487311275,0.00654878847413,-0.0540019286403,0.0561705617056,-0.0229110512129,-0.097513693844,-0.0582887667587
0.137906533911,0.0841054882395,0.104255612175,0.190696707351,0.0855485741904,0.0227617602428,0.0677820677821,0.0259944860181,-0.00791618160652,0.0636417206836,0.00987584650113,0.0153724247227,0.0304642166344,0.0181878651596,0.0580220453154,0.0793505412157,0.0185185185185,0.0651114206128,0.0101956461835,0.0989357123293,0.0560573030209,0.0801526717557,0.0382787049634,0.164998146088,0.0269784172662,0.0588235294118,0.0506510248808,-0.0235857273781,0.015134736065,0.0550831792976,-0.0372417806226,0.0154355016538,0.0612816296942,-0.0286239495798,0.00582318687136,-0.102696159769,0.0169628432956,0.0928088506454,0.0544600938967,0.0166023166023,0.0779187160238,0.0343731372939,0.109436069235,0.0931323283082,0.0734776995182,0.0287729196051,0.00409836065574,0.0313455657492,-0.0112363575963,0.0587318087318,0.126519585772,0.131008482564,0.00926784059314,0.0262133934057,0.00274348422497,0.0208830548926,0.0507614213198,0.00312557455415,0.0374878286271,0.0995542347697,0.0837589376915,0.0122199592668,0.0653409090909,0.0192,0.0408767772512,0.0314532689021,-0.0416866315285,0,0.0168322295806,0.138518518519,0.0810926163039,0.103662524526,-0.00050075112669,0.0319643188998,0.0340050377834,0.118918918919,0.0263500325309,0.090044172613,-0.0516304347826,0.0685057471264,0.0441029547668,0.0202985406641
0.0242644487737,-0.0470085470085,0.0223247692691,0.026645533925,0.0111308993767,-0.0182987141444,0.0184813177983,0.00825335892514,-0.0178361886881,-0.132409972299,-0.00866163732886,-0.00187295145934,0.015720319099,-0.0312602075888,0.0248878599334,-0.0516855666127,-0.00354391371341,-0.0402092186989,0.0141843971631,-0.159192465863,0.0846358006488,0.0499747602221,0.00297831908996,-0.00732017823043,-0.0742556917688,0.0114592399188,-0.0455036258114,0.0215490827289,-0.00909090909091,-0.030833917309,-0.00211544273194,0.0557365182772,0.0242534635431,0.0433901054339,-0.000526315789474,-0.0205159873748,0.0285941223193,-0.0483689538808,0.0106856634016,-0.0212685150019,0.104707012488,-0.00441797925471,-0.00402617010569,-0.0107263254674,0.00455669961962,-0.00493556347683,0.0979591836735,0.134729429207,0.0700222998857,0.0549828178694,-0.0593525179856,0.00666666666667,0.0413223140496,0.00039912193175,0.232558139535,0.0134424313267,-0.0232762406675,0.0175953079179,-0.00961989676208,0.0635135135135,0.0408419729815,-0.0299295774648,0.142222222222,0.0138147566719,-0.0153671030165,-0.029343744412,-0.044,0.0632911392405,-0.00352781546811,-0.0549772283669,-0.0142123963679,0.0373333333333,-0.0385771543086,-0.0259319286872,-0.0328867235079,0.0733695652174,-0.0110935023772,0.0289900249377,0.0245599672534,0.0185025817556,-0.042766325182,0.0241365600913
0.0725157179028,0.00310451879959,-0.0738074905453,0.077483031011,0.0237780713342,0.0896725440806,0.0366863905325,0.0217018846374,0.0224611708483,0.0434227330779,-0.00225479143179,0.0206411258796,0.014784014784,0.0530132608641,0.0225892983199,0.0279834051899,-0.0256687799598,-0.00306539509537,0.0798816568047,-0.0623134091342,-0.0547852093529,0.00769230769231,-0.00844777913976,0.065726194293,-0.0779417328793,0.0172092356231,0.0556173311651,-0.0137440866257,-0.00110091743119,0.000723065798988,0.0566323440339,0.00137127185465,0.0393074086782,0.0467677160254,0.0247498683518,0.0323992994746,0.0146718146718,0.0392040977147,-0.0129221732746,0.0197904540163,0.0228260869565,0.00501639976847,0.10965133906,0.0421313506815,0.00259897014591,0.00633783411408,-0.00743494423792,0.144373673036,0.038464261637,0.100977198697,0.054599532611,-0.00827814569536,-0.0220458553792,0.0195491721524,-0.0610432852386,0.0787197231834,0.0296762589928,0.0293587896254,-0.016583747927,0.0508259212198,0.00271657108361,-0.00881514130153,-0.00518806744488,0.0291111799319,0.112138728324,0.0592764987995,-0.0120292887029,-0.0352380952381,-0.0449346405229,0.0161790017212,0.0108129755707,0.00457012282205,0.0265763418447,-0.0279164355703,0.0765113350126,-0.0106891701828,-0.0352564102564,0.0163586791881,-0.0475429484618,0.0675961132235,0.0661876796201,0.02165487446
0.0185676392573,0.0312929848693,-0.0183087460485,-0.0167415478627,0.0167741935484,0.0189551548775,-0.0167427701674,0.0150922302963,0.00373919139986,-0.0183598531212,0.00282485875706,-0.0542362494255,0.0159344411564,-0.0193893107881,0.0172580422477,0.0988367492285,0.000634819869862,0.0225486846601,0.00722291407223,-0.00937090728447,0.0277578023875,0.00238549618321,0.00805780622945,-0.0923586040915,0.0365203118588,0.0186098970816,0.00322710279236,0.00842296528414,0.135194709772,-0.00325144508671,-0.133276010318,-0.0136939404314,-0.00821604430247,-0.014603960396,0.0210688591984,-0.0119083969466,-0.11796042618,-0.0132701421801,0.0669443617971,0.0540334855403,-0.0131774707758,0.0418506431177,-0.00318761384335,0.0166468489893,0.14886407767,0.00219058050383,0.0749063670412,-0.104609676038,0.0171339471516,0.0202874049028,-0.0165189363417,0.00876460767947,-0.0306582506763,-0.0013695949912,0.00236406619385,0.0529270248597,0.00873362445415,-0.0400699912511,-0.0281859792821,0.00604594921403,0.0400361228176,0.0175255035313,0.0344198174707,0.025579295817,0.0446985446985,-0.0207072463768,0.0238221281101,0.0483711747285,-0.0493299116054,0.0328590785908,0.0435816164818,0.0378163207279,0.0218274111675,0.00038037276531,-0.0128692600175,0.0787603070799,0.0116279069767,-0.00119225037258,0.0352348993289,0.015037593985,0.0124169371946,-0.00654538100185
-0.0242336309524,-0.0176725575192,0.104119146652,-0.0126860907309,0.0524534686971,0.0013611615245,0.0205108359133,-0.023127753304,-0.0142025611176,0.0642144638404,0.0191549295775,-0.0285112587073,0.0609455523191,0.0462369993469,-0.0213083604777,-0.0669019155984,-0.00475812846947,0.0868693618443,0.053412462908,0.00879852294226,-0.0172124265323,-0.028557829605,-0.00228345575121,0.0517069937024,0.0958036421219,-0.0445674740484,0.0321550824209,-0.00771127755255,0.0650485436893,-0.00688655309895,-0.0509259259259,-0.0423464074974,0.0460993905298,-0.00728460185883,-0.0186210367388,0.02492789452,0.0690250215703,0.00845341018252,-0.0181260457334,-0.00794223826715,0.0243377126858,-0.10761009766,0.0918227501142,0.0438596491228,-0.037183203333,-0.00901639344262,-0.0696864111498,-0.0883009244501,-0.027716089321,-0.0302402651201,0.0239655878738,0.0161357054199,-0.0446511627907,-0.0436912225705,0.061320754717,-0.000507743082001,0.0571428571429,0.0051039008385,0.0183440753594,0.0528846153846,0.0584659913169,0.00668380462725,0.0151247794303,0.0202464788732,0.0383084577114,0.0125734040538,0.0470527404343,0.0640301318267,-0.0110977804439,0.156116759593,0.0341685649203,0.0183561643836,0.0352707401888,0.0764258555133,-0.145185185185,0.0403268318397,0.139573070608,-0.0247687257535,0.0101296596434,0.0284600389864,0.0148171299914,0.0254163312266
-0.013237458347,-0.0478615071283,-0.0478794507231,-0.0569672411896,-0.0590836012862,-0.0203896692343,-0.0481607887751,-0.00450958286359,0.000944733112896,-0.00702987697715,-0.0301271420674,-0.0185092546273,0.00865892291447,-0.0249919643731,-0.0109554846762,0.0160530987111,-0.0275697211155,-0.0239778665847,-0.0316901408451,0.00743385227196,-0.00669229673929,-0.0734933855953,-0.042811660012,-0.0419161676647,0.0014450867052,-0.0325945241199,-0.0358281097482,-0.0226672924665,-0.00212701306594,0.0043795620438,0.00348432055749,-0.046031170714,-0.00313714242178,-0.0356781376518,-0.0297435897436,-0.045997319933,0.0169491525424,-0.040960182892,0.00397614314115,-0.0400291120815,-0.034693019344,-0.001858352261,-0.0330543933054,-0.0529411764706,-0.0324752266683,-0.0595533498759,-0.0299625468165,-0.0187062937063,-0.0609270649737,-0.0149508756941,0.00300060012002,-0.00366449511401,-0.047711781889,-0.0678139725466,0.0333333333333,-0.0347980695961,0.027846027846,-0.0076169749728,-0.0737585199611,-0.0627853881279,-0.025430680886,-0.0214504596527,-0.0377452197666,-0.030198446937,-0.010062290369,-0.000561232841475,-0.0192592592593,-0.0827433628319,-0.0151653017895,-0.000567375886525,-0.0374449339207,-0.0333602367501,-0.00815738963532,0.0150123631226,-0.0426343154246,-0.0770205219154,-0.0100864553314,-0.0559975520196,-0.0112314480546,-0.0989385898408,-0.0377624292061,-0.00397965353251
0.0272125928273,-0.00891265597148,0.0239948947033,0.0557822829764,-0.00897052541649,0.0416281221092,0.0498007968127,0.0302000755002,0.0434167059934,0.0578171091445,0.0290681105728,0.039755351682,-0.00125628140704,0.00437640943317,-0.0138810992709,0.00843144701861,0.00639134709931,0.0116535433071,0.0535757575758,-0.0102498542143,0.0394208715596,0.0296139608673,0.0224818354077,0.135526315789,-0.047619047619,0.0497154836777,-0.0409223694723,-0.028829878524,0.0222289890378,0.0403343023256,0.101388888889,-0.0224164133739,0.0259269083275,0.0327997900813,0.0280126849894,0.0133792277131,0.0468253968254,0.015494636472,0.015558698727,0.0822592873389,-0.0124155957308,0.0142738932561,0.073128515794,0.0313516711032,0.10130360237,-0.00938141307534,-0.019305019305,0.0190628897203,-0.0419648500093,-0.0511708586297,0.0404866374152,-0.0057212913772,-0.0766871165644,0.050989010989,0.0655913978495,-0.00789473684211,0.0310756972112,-0.00402046783626,0.0646517739816,-0.00121802679659,0.0491021324355,-0.0696764091858,0.0430967741935,0.0136417556346,0.0145208131655,0.0160918598938,0.00302114803625,0.113844669561,0.0699106867878,0.0505251206358,0.0205949656751,0.0194823267465,0.0309627479439,0.0033060727336,0.0311368573497,0.0672522646171,0.0270742358079,0.0314424635332,-0.015415821501,0.000841396718553,-0.0350597467874,-0.0248823682192
-0.0241257518139,-0.00323741007194,-0.00997133241929,-0.02979093665,-0.0189655172414,-0.0248667850799,0.00303605313093,-0.00513008427996,0.00180913613749,-0.0228667038483,-0.0135696482969,0.00441176470588,-0.0123689727463,-0.0233422129198,0.0142186833499,-0.0467761373908,-0.00211691906856,-0.024595267746,-0.0227795674183,0.00775000566521,-0.050613708454,-0.24499229584,0.00585018305153,0.0246234067207,0.00681818181818,0.000427960057061,-0.0292002365524,-0.00818748530711,0.0300863866548,0.0143206426825,0.100882723834,-0.0299261562379,-0.0229360210342,0.0025406504065,-0.026735218509,-0.0467461686508,-0.0416982562547,-0.0344287949922,0.01643454039,0.157968476357,0.0397000441112,-0.042830919845,-0.0447580645161,-0.00602236879839,-0.00576606260297,-0.0133175495709,0.011811023622,-0.0823426573427,-0.0820120011062,0.0621572212066,-0.0490703469427,0.0168516235101,-0.0874861572536,0.0204935173568,0.130171543895,0.00212201591512,-0.0367078825348,-0.00990825688073,-0.0570229572945,-0.0219512195122,-0.0724792725328,-0.0485273492286,0.00865907966353,0.00321825629023,-0.0238549618321,-0.0261186941229,0.00803212851406,-0.0658293633608,-0.0759930915371,0.0491758984058,0.0160687593423,-0.034125034125,0.0178320037541,0.0027748872702,0.00421348314607,-0.0558127572016,-0.0116213151927,-0.0641106222502,0.0469715698393,0.0084068936528,-0.0298285594943,-0.0378067325531
-0.0262678121977,0.0440274269217,0.0285786226866,0.0267795488343,0.00439367311072,-0.0309653916211,-0.00605372682558,0.000552486187845,-0.00699774266366,0.0473744292237,0.0176866928692,0.00357898161705,0.0515814052218,-0.0353703857038,-0.0127576054956,0.00853417621493,-0.0277415143603,-0.0367060325567,0.00894749234754,0.0253873310697,-0.0171411969785,-0.00408163265306,0.00534694148055,0.0124399208369,-0.114371708051,0.00499073149865,0.029495568787,-0.0144422921315,0.010989010989,0.030303030303,0.0801832760596,0.0416666666667,-0.0263089439646,0.02318803852,0.0982567353407,0.0196670323654,0.00158227848101,0.0204619124797,0.0389147711702,0.0130066545675,0.0190920661858,0.00277008310249,-0.112705783031,-0.0118291979227,0.0226429163215,0.00989802039592,0.0194552529183,-0.0518193941703,0.00845661357994,-0.0025817555938,-0.0435396089498,0.00808407437348,0.0618932038835,0.0047131147541,-0.00446428571429,-0.102964531498,-0.0320898515844,-0.0196441808747,0.000261780104712,-0.0361596009975,0.0674740484429,-0.0173938679245,-0.0365464802551,-0.0201224846894,-0.0102639296188,-0.0299580303836,0.0204183266932,0.0426518312471,-0.000311526479751,-0.00798351789853,0.0205958072821,-0.0333521763708,-0.0308898109728,-0.0214458664822,-0.043006993007,-0.00326886406974,-0.0272440493261,0.0221625251847,-0.0322707595435,-0.00750312630263,0.0162085842182,-0.0324168254622
-0.0208092531311,-0.0331835464915,-0.0124847001224,-0.0481829033224,-0.0218722659668,-0.100093984962,-0.0654739246289,0.00791459598748,0.0431916344624,-0.111716621253,-0.0427586206897,-0.0316096612093,-0.0349212757368,-0.0323754992401,-0.0281170122124,0.0345530047794,-0.0511916750587,-0.0384360503645,-0.0578763127188,-0.0723684210526,-0.0515814365947,0.0191256830601,-0.0189667811055,-0.0192683607931,-0.088785046729,-0.019721906924,-0.0955016860724,-0.0321192217744,0.0191647597254,-0.0437834224599,-0.0988865323436,-0.0876923076923,-0.0167388300322,0.0246439628483,-0.050024050024,-0.00203244206774,-0.0552922590837,-0.0474488783006,-0.00712213136376,-0.0546431770678,-0.00312239800167,-0.0216744581385,-0.0794481446242,-0.0414598540146,-0.0712937383034,-0.049599049599,-0.263358778626,-0.0671087000201,-0.0882513838203,-0.0802415875755,-0.0520547945205,-0.0372894947875,-0.0685714285714,-0.0228431572507,-0.12466367713,-0.140749483623,-0.00911728139246,-0.0274102079395,-0.0570531274535,-0.0931435963777,-0.0283630470016,-0.0993099309931,-0.0812118126273,-0.0919642857143,-0.038024691358,-0.0697066458666,-0.104441190825,-0.0515784793241,-0.0492365222811,-0.0617860851506,-0.0284684684685,-0.0502923976608,-0.0570884871551,-0.0500176740898,-0.0668615272196,-0.0371686253075,-0.124115566038,-0.0772010512484,-0.0349735664904,-0.0390592188156,-0.0907595591305,-0.0382400590816
-0.0330313577582,-0.0164461923489,-0.0911006445216,-0.0344644727478,-0.0393559928444,-0.00939947780679,-0.0525458248473,-0.0330533235939,0.0276748747004,-0.0343558282209,-0.0631123919308,0.0691329092735,-0.0719514745869,-0.0286789223488,0.0248392752776,-0.125568009694,-0.0113214222537,-0.0296347346657,-0.0242754520684,-0.119550827423,-0.0225962287673,-0.0321715817694,-0.012025297743,-0.0743166287016,-0.0368298368298,0.0493559125778,-0.0658413055712,-0.0144204817109,-0.0437833286556,-0.0363509262496,-0.152103559871,-0.0577571669477,-0.0192021211809,0.052816050278,-0.033417721519,-0.0376165604317,0.00919732441472,-0.054397665694,-0.0563230605739,0.0571699305117,-0.0565880141992,-0.0349695916594,-0.0325581395349,-0.0322875418824,-0.0494273027837,-0.0225,-0.00518134715026,-0.013999569244,-0.034231623989,0.0220450281426,-0.0700311249444,-0.0141607663474,-0.0662576687117,-0.0991442287623,0.0112704918033,-0.00480769230769,-0.034295273944,0.00233236151603,0.00333055786844,-0.144079885877,0.00111203780929,0.0173217854763,-0.0631753948462,-0.0360537528679,-0.00667351129363,-0.0063211125158,-0.067029972752,-0.0084388185654,-0.0481809242871,-0.0445489762037,-0.0634272997033,0.00277093596059,-0.0348133198789,-0.0381395348837,-0.0724353954581,-0.0124893556628,-0.0144732413329,0.000355998576006,0.0193847450485,-0.0533216783217,-0.0713815834555,0.0365921150028
0.0461036789298,-0.0537986186841,-0.0114550661394,0.0332252734802,-0.0358472998138,-0.0268845545598,-0.0296646603611,-0.0241737488196,0.0659457167091,-0.0501905972046,-0.0249154106429,0.0832941913261,0.0223123732252,0.00878356962121,0.0389221556886,-0.0854841503551,0.0533190195026,-0.0259232954545,0.00837776085301,0.0836130279516,0.0124362244898,-0.0754847645429,0.00501122219955,-0.0362965241464,0.157308809293,0.0113103448276,-0.0418825301205,-0.0150053031489,-0.0604637511007,0.00906782734857,-0.0100624566273,-0.000447427293065,-0.094413159667,-0.011479738262,-0.0120481927711,-0.0601332814155,-0.03314001657,0.0418778928808,0.0439189189189,-0.0119510008963,-0.0436033643205,-0.00112536574387,-0.353632478632,-0.0267548001259,0.0532271238081,-0.00831202046036,0.03125,-0.06749672346,-0.0118122626818,-0.0362551629188,-0.013387520918,-0.0261934938741,-0.0551905387648,0.0152919369787,0.00202634245187,-0.0562456866805,-0.031182330013,-0.0411091719992,-0.0248962655602,-0.0866666666667,-0.0624826437101,-0.0579567779961,-0.00384501626738,-0.0306018361102,-0.0113695090439,-0.0384975411673,0.00292056074766,-0.154609929078,-0.0189393939394,-0.0214306400232,-0.0522772277228,-0.0153515505066,-0.0815473078934,-0.0382978723404,-0.0531869987336,-0.0669732681805,-0.0881147540984,0.011743772242,-0.00578751550227,0.0687903970452,-0.0469092438587,0.0186696030832
-0.00730533753217,-0.0338071456012,-0.0856669885501,-0.0409821070404,-0.0115886045389,-0.0092091007584,-0.0562693841382,0.036384749371,0.0143226576487,-0.0635451505017,0.0252365930599,0.0265934383581,0.0546737213404,0.0198638818179,-0.0452861259778,0.0203617766834,0.0365211482928,-0.0113014947138,-0.0337361530715,-0.0155611170305,-0.000472440944882,0.125842696629,-0.0275461064326,-0.101819342483,-0.056043496445,0.0203218767049,-0.0152705952624,0.021173874669,0.029053420806,-0.0460100647017,-0.145110410095,0.0183527305282,0.0610073839662,-0.0265938915341,-0.0577942735949,0.0734194312796,0.018851756641,-0.0139623439814,0.0250809061489,-0.0211672210463,0.0185142328165,-0.000901306894998,-0.0793388429752,-0.0297542043984,-0.0302090322131,-0.0116054158607,0.040404040404,-0.0220192082455,-0.134209644664,-0.0509523809524,-0.0235037557548,0.0060737527115,0.152990264256,0.018941122775,-0.00303336703741,0.0171846435101,-0.00983459991059,0.0325581395349,-0.0910638297872,-0.036496350365,0.0174763033175,-0.0212026416406,-0.0112826603325,-0.0617327253595,-0.0250914793518,-0.0215140753335,-0.00174723354688,0.0469798657718,-0.010179010179,-0.000295945546019,-0.0254910154618,-0.0445899594637,-0.0284575981787,0.0909090909091,-0.0655372269282,-0.0548367221195,-0.000374531835206,-0.0510024621878,0.00582120582121,-0.0548596112311,-0.0143542892536,-0.0226578878407
-0.0436513687601,0.0194831013917,0.0331925165963,-0.101260731617,0.0791402051783,0.0803717878622,0.0253521126761,-0.0730158730159,0.0425573641891,0.00642857142857,0.0412307692308,0.0067577080107,-0.0535117056856,-0.0116183135953,0.0012936610608,-0.0625580100241,0.0955424451,0.0516224188791,0.0724335591454,-0.0165622089657,0.000787773751379,0.215568862275,0.0402932850092,-0.00497512437811,-0.0398759415153,0.0401015906964,0.00141266610799,-0.124772037788,0.117789921069,0.0346646571213,0.00820008200082,0.0272527472527,0.0258491700925,0.00262467191601,0.00225098480585,0.0475374719728,0.0849453322119,0.000643638704141,0.0342015259142,-0.0200803212851,0.0495341967735,0.0859269282815,0.0439856373429,0.042,0.0874483378257,0.0825179386823,0.174757281553,-0.00215568862275,0.183075916168,0.127947817361,0.0600496277916,0.0112117291936,0.0784077201448,0.0759238521837,0.0395537525355,0.0851905104242,0.0564334085779,0.0566000783392,0.0752184769039,0.0719696969697,0.0212518195051,0.0561079545455,0.0285285285285,0.0385046728972,0.0176943699732,0.0094730941704,0.192532088681,0.0523504273504,0.0854609929078,-0.01657785672,0.0270154373928,0.0806135770235,-0.124780316344,0.0652654867257,0.0577290076336,0.0779009126467,0.0532034469839,0.0733876945886,0.0293509714758,0.050731261426,-0.00623694091402,0.0136377499891
-0.0715028393186,-0.00546021840874,0.109521028037,0.0177477215993,-0.0190131281123,-0.0435222672065,0.00641025641026,0.0610394842869,0.13769751693,0.00993612491128,-0.0195035460993,0.0279681163474,0.179770318021,0.0656794323843,-0.133649153029,0.0544554455446,0.0394913986537,-0.1595371669,-0.0291545189504,0.0468122136623,0.0244017632242,0.0301039956212,-0.0514106968928,-0.0442857142857,-0.0715274573143,0.0275028916592,-0.0302617317011,0.0299319593534,-0.048886474742,-0.0254916241806,-0.0256201708011,0.0539152759949,-0.00145372079838,0.110780580676,-0.0623245367771,0.0826103754698,-0.0124031007752,-0.00793310463122,-0.0770796235055,0.0110340479193,-0.0227321931154,-0.0436137071651,-0.00859845227859,-0.0575815738964,-0.020928176613,-0.0256101235312,-0.223140495868,0.013202112338,-0.0402875083285,-0.0320284697509,-0.0662453183521,-0.0191897654584,0.00335570469799,-0.0274771024147,-0.117073170732,0.00198741305068,-0.024358974359,-0.022984244671,-0.107692307692,-0.190812720848,0.0327822120867,0.00403496973773,-0.0598540145985,-0.0777537796976,0.00263435194942,-0.0747057027042,-0.0122309197652,-0.0279187817259,0.22084286181,-0.099939795304,0.0162839248434,-0.0842645726367,0.00267737617135,0.0444790584978,-0.0063148398737,-0.0565467190807,-0.00747065101387,-0.0545580110497,-0.0180722891566,0.0687255328404,-0.0104654103959,-0.130171410433
-0.00757579192188,-0.00862745098039,-0.00355356672809,-0.0295944493813,0.0392247346562,0.0873015873016,0.000454959053685,0.0222137839377,0.0527447089947,-0.0119465917077,0.0349608197709,-0.00530540062577,-0.0102957693748,0.0411917804824,0.0359569179785,0.049014084507,-0.284213555907,0.00750938673342,0.0332832832833,0.0419070904645,0.0779160903642,0.148246546227,0.0747356157776,0.0784753363229,-0.0367793240557,0.14909318324,0.0217711115677,0.0108922852705,-0.0245573957738,0.0437219730942,-0.106844741235,0.0698335363378,0.0435101204948,-0.0491697911087,0.0700598802395,-0.0270904843785,0.0141287284144,0.0456019018803,0.0496141124587,-0.0661053944496,-0.000886132033673,-0.0922909880565,-0.0823937554206,0.0234215885947,0.0627257383966,0.00989486703772,-0.260638297872,0.0798389007344,0.0404093104667,0.0620404411765,0.0167961895212,-0.0378260869565,0.11259754738,0.025470890411,0.0132596685083,0.0280991735537,-0.0127025843189,0.0144185164105,0.0722186076773,0.0371179039301,-0.0372619376208,-0.0445411922304,0.017701863354,0.0569867291179,0.129795060431,0.048871419034,0.0123823675087,0.00522193211488,0.028364998662,-0.0615384615385,0.0205423171734,0.026055408971,-0.0133511348465,-0.0172328086164,-0.025873808443,-0.252243589744,0.000358422939068,0.0153396639883,-0.0613496932515,0.040293040293,0.0275026360354,0.041377763586
0.132677021471,0.103639240506,0.163518689737,0.0817280865856,0.082593250444,0.061800486618,0.119599818099,0.0481054977712,0.00534003455316,0.159317211949,0.0693069306931,0.0382932166302,0.0293171931152,0.0221165200168,0.0732565579015,-0.0812746151092,0.0205066344994,0.0824016563147,0.111407120368,0.0794574552964,0.0420587396635,0.0564553447478,0.0451289642701,0.0841995841996,0.0454076367389,0.0341787308153,-0.0284096393295,0.0678649340795,-0.0330796252927,0.0855710705335,0.21308411215,0.10284629981,-0.0010835546172,0.000901306894998,0.0363738108562,0.0279115072401,0.0820433436533,0.0502273666804,0.0346638655462,-0.0227045075125,0.0483370288248,0.136842105263,0.0614366729679,0.0845771144279,0.0672341641984,0.06766687079,0.0575539568345,-0.0276437033787,0.0859701057944,-0.0129813933362,0.0515285996055,0.138273836421,0.0220440881764,0.0807764558547,0.0850599781897,-0.0713826366559,0.0803016858917,0.121376472788,0.202063106796,0.134736842105,0.0160550458716,0.043463021381,0.0845285321941,0.170974889217,0.0311627906977,0.135663405424,0.0528375733855,0.0909090909091,0.101483216237,0.0367070563079,0.0929951690821,0.0903246544519,0.0473612990528,-0.000168605631428,-0.0806150978565,-0.00514359194171,0.0942314582587,0.0924460431655,0.0305010893246,0.0336463223787,-0.021962046474,0.00185435975309
0.0105427457117,-0.00752688172043,-0.0565330911568,-0.00507175174308,-0.0151763740771,0,-0.00528025995126,-0.0113414850257,0.00765505389783,0.0128834355828,0.0108932461874,-0.00842992623815,0.0169055494304,-0.00426237603007,0.00461997019374,-0.0192907248636,0.0723010244287,-0.0344299923489,-0.0390063194596,-0.05,0.0251744424682,-0.0271572492335,-0.0017629730456,-0.0297219558965,-0.0261599210267,-0.0405220503105,0.00145705013577,-0.0463560865124,0.0339085679685,0.00197889182058,0.101309707242,-0.00929112181693,-0.0685893854749,0.0432237730752,0.0145788336933,-0.0494410381184,-0.0393419170243,0.0027553631175,-0.0111675126904,-0.0529552442774,0.00634517766497,0.0050505050505,0.177203918077,-0.0159021406728,-0.00421875,0.00659592773157,-0.047619047619,0.146209386282,-0.018400178751,0.0868040333187,0.0337631887456,-0.00952759031362,-0.0421568627451,-0.0150637311703,-0.0552763819095,-0.108379501385,-0.0262833675565,-0.00900600400267,-0.0512367491166,-0.0556586270872,-0.0287810383747,-0.0178031575411,0.0669667979741,-0.0249132765689,-0.0239061795219,0.00881021203705,-0.0204460966543,0.0152380952381,0.000472478147886,-0.0195943623238,-0.00994475138122,-0.00795990566038,0.0413436692506,0.0165261382799,-0.0293968575773,-0.0124946143903,-0.00229207596595,-0.0283174185051,-0.016067653277,-0.0757002271007,-0.0119310684705,-0.0400281282678
-0.0161919243925,-0.00108342361863,-0.00312838406931,-0.0306846742232,-0.0433152852978,-0.0467461044913,-0.0114332380563,-0.0462448467467,-0.00837209302326,-0.0599636583889,-0.042025862069,-0.0508767268863,-0.0263823635707,-0.0137775199528,-0.0142412105029,-0.0353665805682,-0.0174536101415,-0.0364500792393,-0.00975056689342,-0.0212585812357,-0.0441745629254,-0.074290859973,-0.026702625733,-0.048418972332,-0.0324379118094,-0.0425625274243,-0.000727465114741,-0.0290129091146,-0.0178623718887,0.00427913100724,-0.00734522560336,0.00277874261896,0.0546466933577,-0.0292403970652,-0.0356572645024,0.0184297590046,-0.0171258376768,-0.00294406280667,0.00231006160164,-0.0386002886003,-0.0264817150063,-0.0196817420436,0.0143721633888,-0.118707271597,-0.0286401709593,-0.0299145299145,-0.05,-0.0417322834646,-0.0424486606042,0.0871319080274,-0.0523928328419,-0.0216432865731,-0.0163766632549,-0.0260784313725,-0.0170212765957,0.0877669902913,0.0156052298608,-0.0244025580613,0.0135674381484,-0.117878192534,-0.0151074956421,-0.00683994528044,-0.045358649789,-0.027490297542,0.00462107208872,-0.00993807431083,-0.0445920303605,0.0164165103189,-0.0342384887839,-0.0192847124825,-0.024181547619,-0.0270430906389,-0.0291563275434,-0.0142667551427,-0.068407310705,-0.0148342059337,-0.0781096160158,0.006099627245,0.00386764073915,-0.015561015561,-0.00852741241302,-0.0142862022765
-0.0175010141988,-0.0133767172813,-0.0246228123114,-0.0408270734854,-0.00435350457118,0.0182692307692,-0.00660883932259,-0.00996053373426,-0.0173545966229,0.00257731958763,0.0244656917885,-0.0300909727082,-0.0228285077951,-0.0220341636268,0.009179834462,-0.0424304840371,-0.0476813762154,0.0078125,-0.0192351728876,0.0300671015408,0.0249930187099,0.056420233463,0.00634830371567,0.0148840429214,0.0151911995809,0.0329972502291,0.0343315684977,0.00646516580177,-0.0214669051878,-0.0144215011472,-0.0317124735729,0.00865950813994,0.0218009478673,-0.0426808936312,-0.0110375275938,-0.0105227742109,-0.0234848484848,0.0208661417323,0.0297055057618,0.0078799249531,-0.00582901554404,0.0425032037591,-0.0574198359433,-0.0141043723554,-0.0164076923077,0.000881057268723,0,0.0328677074774,0.0421117274168,-0.0311688311688,0.0306366682623,0.00327734535027,0.0645161290323,0.0455003019932,0.0497835497835,0.0760442699036,-0.00705980066445,0.00879765395894,-0.0351706036745,-0.0556792873051,0.030383480826,0.0151515151515,-0.0185082872928,0.00665114732291,0.026218951242,0.0705989911728,-0.0402184707051,-0.0516843562529,0.0420537897311,-0.0253843403647,-0.00953107129241,-0.00305436774588,-0.0472843450479,-0.00201952204645,0.0263452914798,0.014171833481,0.00427198291207,0.0326709329741,-0.027397260274,0.0599001663894,0.0286583634225,0.000781650090294
-0.0684845531947,-0.0428728471968,0.00433114713526,-0.0935478389578,-0.083078268474,0.00661000944287,-0.0282744282744,-0.106492027335,-0.048846459825,-0.0012853470437,-0.0118034586879,-0.0507936507937,-0.120987654321,0.0529966434489,0.0278854756934,-0.00785115078512,-0.0673473394856,-0.0869033047736,-0.0284847069811,-0.0223800985088,-0.0053126277074,-0.129834254144,0.0328974574334,-0.012619372442,-0.0577915376677,-0.0514640638864,-0.01058945853,-0.0581653562068,0.0231566118221,0.015962753575,-0.130276564774,0.0260989010989,-0.0972495361781,-0.0296064089168,-0.0318080357143,-0.0805697026922,-0.0364623739333,-0.00385653682993,0.0273563790102,-0.0349962769918,0.0197611292074,-0.0587994263471,-0.114715189873,-0.0200286123033,0.058130713945,-0.00850938967136,-0.0526315789474,-0.0984486873508,0.0524656976987,-0.0608962083493,0.0222944728286,0.0138832176399,-0.0293255131965,0.0119391488542,-0.152577319588,-0.0945587259456,-0.0727728983689,-0.0128248974008,-0.130576713819,0.0400943396226,-0.0755797308904,-0.0115332428765,-0.0334928229665,-0.0673934588702,-0.02689376961,-0.043487222978,0.010863942059,-0.036496350365,0.038948850305,-0.0663976522377,-0.0785219399538,-0.061887254902,-0.0221327967807,-0.033389544688,-0.0103768432551,-0.17903930131,-0.0116979794399,0.0655577299413,-0.037411971831,-0.0412087912088,0.00626296567989,-0.0614481936055
-0.111196808511,0.0267993874426,-0.0470675209463,0.0331227664839,-0.0767763471626,-0.0215759849906,-0.0423620025674,0.0161461652857,0.0403144864503,-0.029601029601,-0.0480555555556,0.0538157494679,0.0116681071737,-0.00120226634115,0.000290149426955,-0.147208672087,-0.0191578947368,-0.021000893655,-0.0848353761115,-0.0676557312345,0.018488085456,0.0820105820106,-0.0338141786795,-0.1402417962,0.0323110624315,-0.0706267539757,-0.0314051056537,-0.0630325231224,0,-0.0291325695581,-0.00836820083682,-0.0240963855422,0.00137181259088,-0.0332615458244,-0.0582132564841,-0.00666752615294,-0.111111111111,0.0236159504452,-0.076978939724,0.0235339506173,-0.0287478705281,-0.0574662603396,-0.16890080429,-0.042700729927,-0.0108425720621,-0.0180526783072,-0.325396825397,-0.139642620781,-0.0801613992754,-0.10277324633,-0.0490686051795,-0.0173177607733,-0.110775427996,0.00513796384396,-0.0206812652068,-0.0300476364969,-0.0288678394226,0.000866100814135,-0.0256570713392,-0.015873015873,-0.0826881387426,-0.0888812628689,-0.0267909143856,-0.0265674814028,-0.0750806080147,-0.0787560109105,-0.00255885363357,-0.114141414141,-0.0354561878952,-0.106090373281,-0.0609857978279,-0.0404964075767,-0.09670781893,0.0453593859037,-0.00110375275938,-0.0957446808511,-0.0412482065997,-0.0348943985308,-0.050297210791,-0.0450266066312,-0.0442890625612,-0.0383620495288
-0.0663295330999,-0.0529455630127,-0.0311611068011,-0.00857463650247,-0.0444214876033,-0.0469798657718,0.032618409294,-0.0652310265524,-0.0744492683711,0.0119363395225,-0.0732419025387,-0.0766012694749,-0.01836821871,-0.00151271278288,-0.0671501087745,0.0442354137537,0.0324103884954,0.036513007759,0.0301995798319,0.128072316159,-0.00242033077854,0.0616136919315,-0.0282209599502,0.0164724789072,-0.00901856763926,0.0171112229492,-0.0471703624573,-0.0168155260117,-0.0351399642644,0.0343897505057,0.249367088608,-0.0476680384088,-0.0372857875834,0.0274752475248,-0.0520195838433,0.040160581511,0.0480072463768,-0.0521936459909,-0.0611067400997,0.0429702223897,0.0502082876562,-0.0577367205543,0.201075268817,0.0282119710255,-0.0961347350803,-0.0512356841471,0.0470588235294,0.0876923076923,-0.0270972910563,0.0490909090909,-0.0131390348782,-0.0684426229508,-0.0226500566251,-0.00795153351003,0.0819875776398,0.0204004533434,-0.0408732001858,-0.073727933541,0.00931278098908,-0.00230414746544,-0.0280216070223,-0.0357815442561,0.00269299820467,-0.0291120815138,-0.0338645418327,-0.0516100573445,-0.0482298614674,0.0832383124287,0.0152189182861,-0.0421978021978,0.0240213523132,0.0381211708645,-0.0744115413819,0.0515687583445,0.0563535911602,0.03,-0.0845491956603,-0.0241040279099,-0.00337024554646,-0.197171024432,-0.0557574166879,0.00693577058671
-0.196796179773,-0.0153543307087,-0.154544241292,-0.114241319965,-0.0664864864865,-0.0940643863179,-0.0571181306794,-0.0507716394543,-0.0357887421821,-0.0714285714286,-0.0239294710327,-0.125136697391,-0.13228894691,-0.0371684195454,-0.0174129353234,-0.186366402921,0.0164241164241,-0.0528401585205,-0.0785113433597,-0.00346578366446,-0.102439681898,0.00783049286043,-0.0322981333559,-0.167588932806,-0.0963597430407,-0.0272142503711,-0.0897091154341,-0.0776725690935,-0.128395061728,-0.0247718383312,-0.0516717325228,-0.0367302844797,-0.0364168349917,-0.0272223560588,-0.0555196901227,-0.103743315508,-0.0492653414002,-0.0845969672785,0.0111731843575,0.19262739429,-0.058872651357,-0.117647058824,-0.0957923008057,-0.06340378198,0.0140534195276,0.0419313850064,-0.303370786517,-0.167845355964,-0.0809201656589,-0.123050259965,-0.123214717986,-0.0519137703476,-0.122827346466,-0.105916030534,-0.0769230769231,-0.0485005553499,-0.113317191283,-0.0353139013453,-0.0295895641107,-0.0692840646651,-0.173324070858,-0.084375,-0.0399880632647,-0.115442278861,-0.040206185567,-0.0646300211416,-0.0280323450135,-0.0842105263158,0.015221402214,-0.127122533272,-0.00955690703736,-0.0347540983607,-0.0369155045119,-0.0539596889383,0.0209205020921,-0.15019988578,-0.18389865141,0.00422489437764,-0.0376811594203,-0.0977042178324,-0.074381313899,-0.0831174219332
-0.0676393719534,-0.00399840063974,0.0296764009471,-0.0256958079511,-0.0196873190504,0.00721821210439,-0.0610371730151,-0.0131950989632,-0.00936936936937,-0.0846859562456,-0.111612903226,-0.00125,0.00877632898696,-0.00408243545339,-0.0431962025316,-0.12552363854,0.0102270402945,-0.0404463040446,-0.150484094053,-0.161708349024,-0.00750863493017,-0.0932358318099,-0.075627906213,-0.134852801519,-0.093009478673,-0.016022380468,-0.0934598323823,-0.103257309593,-0.1388101983,-0.101938502674,0.0363247863248,-0.0736448598131,-0.120204646018,-0.205299653294,-0.0745044429255,-0.215910898966,-0.181818181818,-0.104402789887,-0.10635359116,-0.155151515152,-0.123336291038,-0.144166666667,-0.222772277228,-0.0625494853523,-0.0152200673368,-0.0832317073171,-0.192580645161,0.0399433427762,-0.11383849164,-0.0286561264822,-0.0811706239647,-0.0761020881671,-0.234478203435,-0.137246531483,-0.06592039801,-0.0793774319066,0.0136537411251,0.0032926593066,-0.155901639344,0.00744416873449,-0.234453781513,-0.00213310580205,-0.115324836804,-0.133050847458,-0.118689581096,-0.0461767963294,-0.0593455352191,-0.0948275862069,-0.141526578828,-0.0357518401682,-0.0517543859649,-0.0604619565217,-0.0783645655877,-0.0870659285355,-0.0804303278689,0.0141129032258,-0.0956434651978,-0.0715210355987,-0.0803212851406,-0.127218934911,-0.105227102102,0.022075493478
0.123495007133,0.0236852669611,-0.0492104859727,0.0264267836478,0.00354400472534,-0.0644983461963,-0.0581622678397,0.0183858643744,-0.0214623499454,-0.094834232845,-0.107116920842,0.09887359199,0.0514541387025,-0.107151630757,-0.0157102695552,0.114456800684,-0.045758250658,-0.0213178294574,-0.0107456854445,-0.0411436725418,-0.0475109698895,-0.0126008064516,-0.0961041960278,0.1317233809,-0.118876551274,0.00516929439132,-0.057167724542,0.0117404874162,0.171875,-0.00223297357648,-0.0835051546392,-0.0306698950767,0.0450501989728,-0.0451854160175,-0.0110782865583,0.0772118506494,-0.0333333333333,-0.0596252129472,-0.0806800618238,0.0362266857963,-0.0804655870445,0.0149302174619,0.0254777070064,0.0143581081081,-0.0135182119205,0.00764881942135,0.0187774670396,0.0111686189049,-0.0420526240144,0.088504577823,-0.0465745192308,0.00251130085384,-0.126833477135,0.0012370113805,-0.0679094540613,-0.0393068469992,-0.051724137931,-0.0776061776062,-0.0273839580501,0.0369458128079,-0.00658616904501,-0.110731081659,-0.0242445537597,0.117302052786,-0.0688604509445,-0.19977093207,-0.128537735849,-0.110476190476,0.0375760783276,-0.131952017448,-0.0106382978723,-0.0159074475777,-0.140480591497,-0.000183755972069,-0.115877437326,0.0629555997349,-0.0863787375415,-0.0345067967933,-0.0769650655022,0.0115254237288,-0.0574008621142,-0.0418195124596
-0.1071968206,-0.0305882352941,-0.145920670751,-0.00446158178492,-0.0559152442613,-0.0589275191514,-0.0160871821484,0.0900351699883,-0.00836431226766,-0.0519591141397,0.00122000813339,-0.0753335502766,-0.0475177304965,0.0444760949082,-0.0241935483871,-0.0680073687442,0.00763844684914,-0.109900990099,-0.0352205398288,-0.0629995039409,-0.0239872915012,-0.0096988259316,0.016666175329,-0.0271580989331,-0.0467012601927,0.0773977886346,-0.0387715585176,-0.145302511191,-0.0491228070175,-0.0309585975382,-0.0569928758905,-0.00999167360533,-0.0862223505561,0.0505874673629,-0.0470500373413,-0.0858057831779,-0.0816091954023,-0.0253623188406,0.000336247478144,-0.098303911388,-0.00550357732526,-0.00511672529581,-0.0310559006211,-0.153621981682,-0.0307719418967,-0.0759075907591,-0.243137254902,-0.103717672414,-0.0718779425308,0.0579439252336,-0.0554680113457,-0.0170340681363,0.128458498024,-0.0185322461082,-0.0471428571429,-0.102947646282,-0.0420454545455,0.00188363331938,-0.107428115016,0.0570071258907,0.0419889502762,-0.0923076923077,-0.0936262153403,-0.0424321959755,0.0314136125654,-0.102429201749,-0.041948579161,0.145610278373,-0.0953838306554,-0.0213567839196,-0.0135577372604,-0.186627479794,-0.0827956989247,0.03730931814,-0.0951480781348,-0.0137157107232,-0.00121212121212,-0.0628158844765,-0.0153755174453,-0.0650134048257,-0.0245566014643,-0.0129514990641
-0.0645101650442,-0.143203883495,-0.0639984897112,-0.131366348879,-0.111596009975,-0.147150907952,-0.151371308017,-0.0879759087976,0.0260543580131,-0.138364779874,-0.130787977254,-0.0330811191272,-0.156614544552,-0.0902366711088,-0.106404958678,-0.188601548345,-0.152453148031,-0.0177975528365,-0.19208461276,-0.246205882353,-0.205078125,-0.203092783505,-0.122950476356,-0.19890329013,-0.099533437014,-0.137947494033,-0.193373465755,-0.060758716019,-0.225092250923,-0.135873749038,-0.165009940358,-0.122371740959,-0.107748518762,-0.252562907735,-0.114420062696,-0.201473315475,-0.277847309136,-0.231279872544,-0.0598319327731,-0.185796545106,-0.0534034311013,-0.267116682739,-0.10641025641,-0.0486965076242,-0.00721212121212,-0.133571428571,-0.0155440414508,-0.274120829576,-0.123176489607,-0.216431095406,-0.256256256256,-0.10754332314,-0.345008756567,-0.197633434038,-0.101949025487,-0.281020107896,-0.14768683274,-0.114058909547,-0.126621923937,-0.238202247191,-0.168080593849,-0.0651483050847,-0.178386968613,-0.00411146642302,-0.133883248731,-0.35881757797,-0.10593220339,-0.209345794393,-0.0211446292642,-0.1026957638,-0.178199052133,-0.0794941282746,-0.21570926143,-0.125088589653,-0.298050139276,-0.235777496839,-0.0521844660194,-0.129815100154,-0.121921921922,-0.154838709677,-0.206451686495,-0.198249837594
0.161473733819,0.0679886685552,0.124848729326,0.0515946170154,0.0975438596491,0.254772393539,0.0689869484152,0.115801886792,0.124406284253,0.306569343066,0.15,0.187079162875,0.094761624485,0.0887856834647,0.0302504816956,0.0615103532278,0.150559006211,0.0707814269536,0.146959459459,0.302079675368,0.245904995905,0.285899094437,0.0721853234196,0.240821406347,0.10103626943,0.126245847176,0.378188840329,0.0330313634431,0.132380952381,0.136748329621,0.220952380952,0.282223287015,0.10698501472,0.280964256027,0.146902654867,0.183020450294,0.51993067591,0.171329879102,0.104040042903,0.267326732673,0.0888629055832,0.0166666666667,0.210903873745,0.0930713547053,0.104938648434,0.191261335532,-0.184210526316,0.341614906832,0.204499796562,0.281285231116,0.31179901301,0.142204454597,0.163101604278,0.294634452463,0.161936560935,0.320600272851,0.187891440501,0.10398490922,0.173668032787,0.380530973451,0.336520076482,0.132577903683,0.106382978723,0.210550458716,-0.025641025641,0.421360455543,0.1887835703,0.1024428684,0.203917050691,0.218168812589,0.0161476355248,0.101079489696,0.0568011958146,0.17274200081,-0.00595238095238,0.126550868486,0.00512163892446,0.115095174856,0.272229822161,0.197625106022,0.362954231831,0.12545279062
-0.103592931937,-0.0583554376658,-0.131074054151,-0.0799738197252,-0.0824808184143,-0.0321825629023,0.021511627907,-0.0522088353414,-0.0450040617384,-0.185953711093,-0.0414465664364,-0.0748122029741,-0.0508064516129,-0.03787349429,-0.0087899756873,0.0382482310193,0.0088533793997,-0.105235325225,-0.0821060382916,-0.0783314854215,0.00657354149548,-0.0407444668008,0.0685314493637,-0.0531594784353,-0.0690196078431,0.0263028515241,-0.239064475348,-0.0866179124323,0.0302775441548,-0.0697492163009,0.00390015600624,-0.0721225710015,-0.0370985049956,-0.123621025308,-0.173611111111,-0.040135238303,0.0695553021665,-0.02948982601,-0.0741580310881,0.015625,0.0504697986577,-0.0107851596204,-0.0331753554502,-0.0638599810785,-0.00447513812155,-0.0737024221453,-0.129032258065,-0.129012345679,-0.135335131398,-0.0435547734272,-0.121751025992,-0.0045,-0.0505747126437,-0.126514784295,-0.120689655172,-0.0769628099174,-0.0527240773286,-0.0736864587783,-0.129637712789,-0.147435897436,-0.139723414402,-0.056028014007,-0.106206293706,-0.0799545282304,-0.0300751879699,-0.0972595962399,-0.0159468438538,-0.0436025732666,-0.0624401913876,-0.119788608338,-0.0635641316686,-0.072192513369,-0.123055162659,-0.0319461232948,-0.0359281437126,0.0330396475771,-0.156687898089,-0.143707820564,0.0618279569892,-0.118980169972,-0.23184416461,-0.0974669807575
-0.0807251169956,-0.0929577464789,-0.180973999175,-0.0585353929468,-0.0940766550523,-0.0816203143894,-0.0774046670461,0.0238626226583,-0.0457638652603,-0.152941176471,-0.0398473929631,-0.0296603148302,-0.10365335599,-0.0485781027278,-0.107358490566,0.00810462331921,-0.0768407534247,-0.0596926713948,-0.0854392298436,-0.0130051695549,-0.049306122449,-0.0734137388568,-0.0202521579643,-0.103813559322,-0.104465037911,-0.0493413173653,-0.16503295121,-0.109406952965,-0.145306122449,-0.102358887953,-0.031857031857,-0.066049134112,-0.132902323714,-0.0966308774528,-0.0662931839402,-0.299284172253,-0.0639658848614,-0.0388939532057,-0.111927247289,-0.0230769230769,-0.0792231024789,-0.158307893589,-0.139705882353,-0.0500252652855,-0.00765858260725,-0.0478147179679,-0.148148148148,-0.161587526577,-0.124641379058,-0.1251149954,0.0689252336449,0.0150678051231,-0.113801452785,-0.0854605993341,-0.174836601307,-0.0464465584779,-0.017316017316,-0.0747060179848,-0.156469408225,-0.355889724311,-0.175720620843,-0.167461579226,-0.0665036674817,-0.0815485996705,-0.0573643410853,-0.139351164936,-0.0958811613774,-0.0284005979073,-0.136004082674,-0.120080053369,-0.0430303030303,0.0192122958694,-0.23064516129,0.0501248662148,-0.01966873706,-0.122956645345,-0.175981873112,-0.0639777468707,0.0111392405063,-0.0217041800643,-0.143035628475,0.0984497897274
0.0545769334625,0.0709109730849,0.0707986898463,-0.142209173432,0.0430769230769,0.00592495062541,0.0117211597779,-0.0692659551296,-0.00178284899269,-0.0219907407407,0.0653421633554,-0.141051912568,0.0369668246445,0.0048420908718,0.0452335658423,0.125708021195,-0.0577324368189,-0.0408548082967,-0.0469298245614,0.0451955068024,-0.0226687274601,-0.174872665535,0.0757972456407,0.039598108747,-0.0395108184384,-0.161501637692,0.00437752868608,0.0483177333671,0.0506208213945,0.0675739089629,0.0172552166934,0.0935748167313,-0.0702499461151,-0.156147540984,-0.116,0.0129722717691,-0.00455580865604,0.0448940878912,-0.0126033871603,-0.15298087739,-0.0427421593117,0.0585492227979,-0.031339031339,-0.0335106382979,0.0194380307909,0.066692820714,-0.304347826087,-0.196956889265,-0.0325097801301,-0.053101997897,-0.0415300546448,0.0272142503711,-0.20218579235,0.134101941748,-0.0534653465347,-0.056338028169,-0.018250471995,-0.111637179168,0.148038049941,-0.182879377432,-0.152656355077,-0.0916613621897,-0.178103719225,0.149775784753,-0.00986842105263,-0.0532258565527,-0.0851381628081,-0.0669230769231,0.0883047844064,-0.114480667172,0.0417986067131,-0.0730442978322,-0.0649895178197,-0.0462034992356,0.0527983104541,-0.0875202593193,-0.10174152154,-0.0396235760277,0.0140210315473,0.0747740345111,0.00142589358668,0.0119501489764
-0.04325004142,-0.100531657806,-0.0477647058824,0.0332120246902,-0.0737463126844,0.0111256544503,-0.0878048780488,-0.00631874561198,-0.0217896052867,-0.0591715976331,-0.0443431413179,-0.0493041749503,-0.0871419865935,-0.0519292039412,-0.0311425682508,0.018178867067,-0.0398622047244,-0.0819134993447,-0.033594109526,-0.00765860884364,-0.0806536636795,-0.0562414266118,0.00640378203412,-0.00284252416146,0.0519098922625,-0.0640024038462,0.0262497523608,-0.0445314820315,-0.0427272727273,-0.112527472527,0.0674556213018,-0.0603312302839,-0.0329191959954,-0.0330257406508,0.00452488687783,-0.0457019369297,0.012585812357,-0.031467473525,-0.0378938970882,-0.0610889774236,-0.0510292838504,-0.130200685267,0.00441176470588,-0.113924050633,0.0222021943574,-0.0430305259287,0.06375,0.0526315789474,0.00806538802517,-0.0105496946141,-0.060433295325,-0.0655105973025,0.00342465753425,-0.0939004815409,0.0836820083682,-0.092039800995,-0.0307692307692,-0.0659186535764,-0.0124287933713,0.0666666666667,0.0753968253968,0.0021023125438,-0.0548119821542,-0.0936037441498,-0.078903654485,-0.0728358404829,0.0277551020408,-0.0263808738664,-0.0461329715061,-0.0770547945205,-0.0863221884498,-0.0462633451957,-0.136771300448,-0.0886910062333,-0.025075225677,-0.00088809946714,0.030612244898,-0.0562145435792,0.0202469135802,-0.0665137614679,0.0480113909065,-0.0574357837861
0.121328998843,0.12896292316,0.270323696565,0.135792842919,0.109872611465,0.0711974110032,0.15307486631,0.0991521431936,0.0620777798065,0.207547169811,0.141370338248,0.101631116688,0.119158878505,0.0829436597821,0.151951575871,0.0274190977204,0.234495130702,0.0578158458244,0.0761904761905,0.157435050499,0.155581039755,0.189680232558,0.0238651580783,0.0558722919042,0.135940409683,0.103370786517,0.235787136836,0.165989936472,0.048433048433,0.176324913323,0.0550628233555,0.208560637851,0.0861204087612,0.0602712204922,0.127252252252,0.177388241214,0.125423728814,0.0646672914714,0.192371475954,0.181046676096,0.195539260617,0.2307259426,0.0424597364568,0.0378881987578,0.0314337629281,0.054189085319,-0.109870740306,0.1605,0.158665808666,0.110549943883,0.220873786408,0.0149484536082,0.235494880546,0.0732211396516,-0.177606177606,0.168493150685,0.0859788359788,0.0285285285285,0.0592553749345,-0.0714285714286,0.227306273063,0.0958041958042,0.237356709373,0.0856282271945,0.135256988278,0.163962561263,0.212073073868,-0.0601185436071,0.170697012802,0.220779220779,0.0758483033932,0.0735607675906,0.34025974026,0.0580418213797,0.0925925925926,0.232888888889,0.185148514851,0.330601092896,0.0808325266215,0.126126126126,0.235852656968,0.1440791352
-0.0498396007216,-0.0937648738696,-0.0497957595798,0.0283343937292,0.0466284074605,-0.0574018126888,-0.023768115942,-0.0497107349475,-0.00790785628331,-0.0625,-0.0205167173252,-0.0920652999241,0.00835073068894,-0.0339582010436,-0.0443921000181,-0.0235841737781,-0.0413120199294,0.0438596491228,-0.0548672566372,0.116812556595,-0.0274561693682,-0.0329871716555,-0.0295236070762,-0.0620950323974,0.0434426229508,-0.073901658423,-0.105742069019,-0.0245430461369,-0.166666666667,-0.0387368421053,0.00945709281961,-0.0107638888889,-0.144956798247,0.0123164377072,0.017982017982,-0.0872631428978,-0.0993975903614,-0.0448943661972,-0.0417246175243,0.00479041916168,-0.0176335292614,-0.254686785551,0.168539325843,0.129263913824,0.0136323429939,-0.0787458986511,-0.0679867986799,-0.13873330461,-0.0713479089916,-0.0146538655887,-0.110337972167,-0.0411376333164,-0.165745856354,-0.113342503439,0.112676056338,-0.0328253223916,0.0499390986602,-0.00408759124088,0.0608910891089,-0.0865384615385,-0.0781719783524,0.0459476707084,-0.0403269754768,-0.0883868410622,-0.0206513105639,-0.102727023987,-0.0478374836173,0.144144144144,-0.0600243013366,-0.101823708207,0.0680272108844,0.133068520357,-0.077519379845,-0.0358330254895,-0.0197740112994,-0.00216294160058,-0.107769423559,-0.0336755646817,0.0309001343484,-0.0138181818182,-0.0937781785392,-0.0283752838018
-0.0950892824161,0.00735294117647,0.0202661207779,-0.0436477718837,-0.017135023989,0.00576923076923,-0.0279097387173,0.134160090192,-0.0100502512563,0.04,-0.0310318076028,0.103282458708,0.0295770482106,0.00448686805178,-0.000379218809253,0.0481487366916,0.0233867475097,-0.049127343245,-0.0117041198502,-0.02,0.018537414966,0.148452305749,0.00827167855144,-0.00287852619459,-0.0298507462687,0.0876531573987,0.0732648189123,0.0136649357748,-0.0173913043478,-0.00569426193605,0.113115891742,0.040716040716,0.00860420650096,0.160973327094,-0.00392541707556,-0.0491688129244,0.0434782608696,0.0973886328725,0.0518867924528,0.147000397298,-0.020551508845,0.00490797546012,-0.0360576923077,-0.0275569687334,0.037883065551,0.0146418678275,-0.149433427762,0.0255127563782,0.097894198247,0.0666666666667,0.0189944134078,-0.0264830508475,0.162251655629,0.0347502327025,0.0864978902954,0.0490909090909,0.0510440835267,0.0348871298739,0,0.373684210526,-0.00130463144162,0.0427089688835,0.0369108461102,-0.000869565217391,0.0308191403082,0.0850443857153,0.0302821748107,-0.0700787401575,-0.107807652534,0.00676818950931,-0.0133178922988,-0.0473269062226,-0.0735294117647,-0.0149425287356,-0.0960614793468,0.0476878612717,0.0346441947566,0.0662983425414,0.0269331016507,-0.0479351032448,0.0842227220064,0.00819866142248
0.0101480985582,-0.0114702815433,-0.00882825040128,0.00104371919112,-0.0146443514644,-0.0101975780752,-0.0219914477703,-0.00815109343936,-0.0045510239804,-0.0352564102564,-0.0532425940753,-0.00549554671215,-0.0203964378052,-0.0126607488335,-0.0358497723824,0.0482110369921,-0.0152348709268,-0.00271923861319,-0.0279488394126,0.000351000351,-0.0243780263817,-0.036303630363,0.00794132111963,0.000577367205543,-0.0380566801619,-0.0199306759099,0.0479051662168,-0.049642760852,-0.054203539823,-0.00220264317181,0.034289276808,-0.0138279932546,-0.0353838862559,0.00120918984281,-0.0344827586207,-0.0149388492161,0.0160256410256,-0.0327547592385,-0.0172473266644,-0.00415656390717,0.0146082337317,-0.0769230769231,-0.0336658354115,-0.0130790190736,-0.0414461644987,-0.0358814352574,0.0616153205662,0.0492682926829,0.0231387051283,0.0336538461538,-0.0274122807018,0.00652883569097,-0.0769230769231,-0.0302848575712,-0.0252427184466,-0.0248411322935,-0.0220750551876,-0.00623229461756,-0.0303313112459,-0.095785440613,-0.0156760287394,0.0269163253365,0.00930996714129,0.0152306353351,-0.00629425649095,0.107013489883,0.0507682030728,-0.0702794242168,-0.0382497826717,-0.0764705882353,-0.0275821596244,-0.00965961361546,-0.0725623582766,-0.00797355114741,-0.0393198724761,-0.00344827586207,-0.0542986425339,-0.0263053009167,0.0499153976311,-0.0154918667699,0.0333023232425,-0.0391264604365
0.092015614771,0.0822784810127,0.0943319838057,0.10298533733,0.0552016985138,0.0965872504829,0.0687070580887,0.0222489476849,0.0488834183225,0.0985603543743,0.13488372093,0.0358231707317,0.0689149560117,0.0414776820448,0.0287231949636,0.0847555684119,0.0193382036957,0.0811179277437,0.127192982456,0.1435839599,-0.0224199897313,0.0890410958904,0.0504216270584,0.0980957876515,0.0824915824916,0.0904804008252,0.085709478262,0.102237668002,0.0233918128655,0.0980132450331,0.041289933695,0.0478796169631,0.157546159364,0.106280193237,0.0887755102041,0.0460794933756,0.0368033648791,0.103907380608,0.0624780624781,0.118260869565,0.0298429319372,0.104497354497,0.144516129032,0.0806184428493,0.0275159029093,0.0687702265372,0.0290196078431,0.133426313343,0.147819502615,-0.0376744186047,0.15295001879,0.0924324324324,0.203703703704,0.125541125541,0.107569721116,0.125592417062,0.0524830699774,0.0832383124287,0.05822906641,0.406779661017,0.21101526211,0.146438746439,0.132935431362,0.0150021431633,0.132224861441,0.134100589546,0.0394151303242,0.0746812386157,0.0801446218741,0.0937215650591,0.100784550392,0.0548072457037,0.256723716381,0.028425798863,0.125,0.119723183391,0.0995215311005,0.0450266066312,-0.0310233682514,0.13217938631,0.0891560108525,0.1311472001
-0.0625915893246,-0.0511695906433,-0.039585645579,-0.04682124933,-0.075117370892,-0.078097475044,-0.041496201052,-0.0656862745098,-0.0434199497066,-0.0332661290323,-0.0350223546945,-0.086276674025,-0.043621399177,0.0329474522998,-0.0546949703576,-0.0378666666667,0.0212900505902,-0.0712484237074,0.0272373540856,-0.0228582699599,-0.0849089635854,-0.0843815513627,-0.0360009917158,0.0357330530741,-0.049766718507,-0.0727027027027,-0.110522990356,-0.0514606524677,0.04,-0.0277442702051,-0.0984081041968,-0.0809399477807,-0.088285229202,-0.114628820961,-0.0627928772259,-0.197466942807,0.119675456389,-0.0689564761405,-0.0251073670301,-0.0818040435459,-0.023894255211,0.048502994012,-0.142051860203,-0.0265712825754,-0.0198493543759,-0.0488266464799,0.00609756097561,-0.193191140279,-0.0961078584976,-0.128081198647,-0.0482398956975,0.0420583869372,-0.0282051282051,-0.103846153846,-0.158273381295,-0.0126315789474,-0.0198391420912,-0.0428947368421,0.0131878126421,-0.0481927710843,-0.0252054794521,-0.123757455268,-0.100574712644,-0.0565878378378,-0.0503496503497,0.0678273846536,-0.0709480122324,0.0271186440678,-0.0887029288703,0.11231281198,-0.125548245614,-0.0449141347424,-0.0739299610895,-0.0707205489897,0.245821042281,-0.11433868974,0.104438642298,0.0078339208774,-0.109355509356,-0.0145934676859,-0.095664704371,-0.0458151034965
-0.0713975540239,0.0123266563945,-0.00635593220339,-0.0416392166736,-0.00362581580856,-0.0235668789809,-0.0353658536585,0.013221406086,0.0080616894497,-0.0135557872784,0.0389961389961,0.0116770686531,0.0332759609868,0.0038571566327,-0.0127452963787,-0.0142738359202,0.0536635706914,0.0196877121521,-0.113636363636,0.00159242811645,0.0187488042854,-0.00629650829994,0.0223014479387,0.0329781836631,-0.0515548281506,0.0929758088021,-0.0508899372755,-0.0535402357331,0.0516483516484,-0.0070306038048,0.0805778491172,0.0134943181818,-0.0741806331471,0.246609124538,0.018,-0.00774193548387,-0.0036231884058,-0.0563221627711,0.045069467977,0.0416666666667,0.0442708333333,0.0011422044546,0.0499342969777,0.0409448818898,0.0570872336844,0.0119379228014,-0.147727272727,0.123029994916,-0.051566847603,-0.0277161862528,-0.0452054794521,-0.00474833808167,-0.0422163588391,0.0162477007971,-0.0192307692308,0.110341151386,-0.0153172866521,0.00467418201815,-0.00493716337522,0.0759493670886,0.0370994940978,-0.0777084515031,-0.140575079872,0.0398388540734,-0.00662739322533,0.00899096245225,0.0289664252798,0.0115511551155,0.0440771349862,-0.00448765893792,0.0614420062696,0.103734439834,-0.077731092437,0.0397948717949,-0.0402525651144,-0.0872295882763,-0.0275807722616,0.00816167897396,0.0396825396825,0.0521861777151,-0.0588831107872,-0.0191067463624
0.0887904501165,-0.105530187722,-0.0379918588874,0.0807552725258,-0.0262008733624,-0.0182648401826,0.0303413400759,0.00227837613919,-0.0540681502086,-0.0486257928118,-0.00408769973987,0.00179104477612,0.0155469183787,0.00733245813455,-0.0297131147541,-0.0582032897512,-0.0497551420176,-0.0166444740346,-0.0536562203229,-0.0355151488009,0.0118309859155,-0.0714285714286,-0.0451538092291,-0.0461689587426,-0.0362381363244,-0.0413333333333,-0.137160206171,-0.104823681193,-0.0229885057471,-0.0329029571012,0.00594177064765,0.0543097407148,-0.0482737119467,-0.0909990108803,-0.0343811394892,-0.00920276082825,0.03,-0.0465532676813,0.0259403372244,0.0221138211382,-0.115710723192,-0.0690245293782,-0.00250312891114,-0.00706001008573,-0.0175375433592,-0.00432559968541,-0.0488888888889,-0.150746944319,-0.0330708188049,0.0102622576967,-0.095050215208,0.00381679389313,-0.157024793388,-0.0165912518854,-0.0305010893246,-0.0792126740278,-0.0327777777778,0.0257252326218,-0.0175913396482,0,0.0325203252033,-0.0713407134071,0.0179677819083,0.0137752905725,0.0133432171979,-0.140391984856,-0.0383877159309,0.0905383360522,0.0240398710056,-0.0247933884298,-0.0383933845245,-0.0179615705931,-0.220956719818,-0.0321562438351,-0.0608552631579,0.0435779816514,-0.0777957860616,-0.0335389360062,-0.000898069151325,-0.00469168900804,-0.115881349258,-0.0599393094237
0.0208657082393,0.0113442994895,0.232117670764,0.0515633097253,0.0186846038864,-0.0232558139535,-0.060736196319,0.0719156850589,0.0174600257306,0.0488888888889,0.00820895522388,0.0621771950735,-0.0352651722253,-0.0211432506887,-0.0432946145723,0.0225406777131,0.0329828901257,0.062288422478,-0.0175614651279,0.225557799912,0.043986636971,0.125930521092,-0.0265654763888,-0.0370751802266,0.0877350044763,0.0253129346314,-0.0375601453308,0.0303254733977,-0.0417112299465,-0.00732127476314,-0.00561134081512,-0.0329012961117,0.0155019919056,-0.00580340950308,-0.0427263479145,0.0389702170621,0.00706090026478,-0.00406885758998,-0.0761694058154,0.0419980909959,-0.0270727580372,-0.0894607843137,0.0514429109159,0.0319959370239,0.0054052149401,-0.0339652448657,0.223364485981,0.0884861407249,-0.0968110968111,0.0569977426637,0.0566785572731,0.0817490494297,-0.0228758169935,0.0530674846626,-0.0134831460674,0.0271115745568,0.0344629523262,0.0104055496265,-0.0964187327824,0.0588235294118,0.057217847769,-0.0324503311258,0.00608642726719,-0.0806794055202,0.0746159473299,-0.0498972782082,-0.208250166334,-0.0321615557218,-0.0183223590037,0.195685670262,0.0288697788698,0.0140365801786,0.16081871345,-0.00896860986547,-0.10945709282,0.0512820512821,0.139718804921,-0.10131631432,0.0085393258427,0.0228956228956,-0.0511126616291,-0.0180674748889
0.12020286241,0.0902972518228,0.0909239574816,0.112165444412,0.0939104915627,-0.0197278911565,0.100587851078,-0.00694042799306,0.0610549132948,0.135593220339,0.0362694300518,0.015335702263,0.0385378294134,-0.0835692134503,-0.00286975717439,0.0804379562044,0.0409099980044,0.102613129382,0.093973442288,-0.000284166256204,0.0264888888889,0.0595041322314,0.0712314618067,0.0882352941176,0.144032921811,0.0358111774281,0.0180080602649,0.132477221067,0.0982142857143,0.0746203904555,0.0531630531631,0.0621993127148,0.137013527575,0.2816490332,0.0839532412327,0.109610339131,0.0420683610868,0.143306096794,0.104686965446,0.0238167938931,0.0614492753623,0.250336473755,0.162291169451,0.0979330708661,-0.17289912874,0.0846279640229,-0.159663865546,0.0298726738492,0.0404356086681,0.0800854244527,0.163540885221,0.0254833040422,0.173913043478,0.0932129332945,0.451025056948,-0.000507614213198,0.0405330372016,0.0385529442831,0.0960365853659,0.2,0.0705064548163,0.132785763176,0.101028433152,0.0969976905312,0.0646698434309,0.0156874938169,0.101680672269,0.064914992272,0.0279965004374,0.108891752577,0.0967164179104,0.0629194630872,0.0982367758186,-0.00493624023036,0.0884955752212,0.221602787456,0.0724749421742,0.069241011984,0.0236185383244,0.0730743910467,0.0372977877906,0.10064897069
-0.0326816577098,-0.0180041152263,-0.0517163843502,-0.055679579846,-0.0690811535882,-0.0520471894518,-0.0445103857567,-0.0244612696564,-0.0143003064351,-0.0550373134328,-0.0667857142857,-0.0364708049365,-0.0264665757162,-0.026274449589,-0.0533539960151,-0.0182407782732,0.00498466257669,-0.0202312138728,-0.014939309057,0.0433192473139,0.00242466227918,-0.0135205408216,-0.0529932302724,0.0402948402948,-0.0762589928058,0.0453116815086,-0.0412922192897,-0.0476566252659,-0.0142276422764,-0.0726685506661,-0.00479413423576,-0.0744095761889,-0.108605525914,0.0222032450897,-0.0676470588235,-0.0183904019616,-0.00756938603869,-0.0305112699285,-0.0492412511614,-0.00715776916194,0.0551611141453,-0.0888051668461,-0.14681724846,-0.0416853428956,-0.0485847457627,-0.0565397663023,-0.0463636363636,-0.0646695197337,-0.078350160776,-0.0484429065744,-0.0477111540941,-0.00728363324764,-0.0569800569801,-0.0810018651745,0.00470957613815,-0.0573895378365,-0.00480256136606,-0.0358504958047,0.00556328233658,-0.136574074074,-0.0714285714286,0.0163141993958,-0.0351648351648,-0.0197894736842,-0.0537084398977,-0.0476853075821,-0.0686498855835,-0.0246734397678,-0.0723404255319,-0.0307960488088,0.00272182906913,-0.0351223362273,0.00229357798165,-0.0312112443158,-0.0993676603433,0.0108385624643,-0.0237239396118,-0.0863428808634,-0.0104484109708,-0.0116564417178,-0.0372839431691,-0.0580152819328
-0.123135461008,-0.0984808800419,-0.0245020550111,-0.0772204330958,-0.129682997118,-0.0710102489019,-0.108074534161,-0.0258706467662,-0.0305699481865,-0.0957551826259,-0.0761576731726,0.00841139361499,-0.0812780269058,-0.0888894280048,-0.0371842843779,0.127167630058,-0.0579931323922,-0.133333333333,-0.190047393365,-0.0767931416532,-0.0445749827229,-0.0959409594096,-0.0785574092247,-0.121398205007,-0.0677570093458,-0.0942119769481,-0.110778130118,-0.125860143387,-0.0278350515464,0.00435350457118,-0.0912439784642,0.109052778749,-0.14545174538,-0.103313840156,-0.119873817035,-0.103666696405,0.0906779661017,-0.0691806067479,-0.0338762214984,-0.0120156203064,-0.0341614906832,-0.0537507383343,-0.126353790614,-0.142188961646,0.0329571468018,-0.0707151418298,0.267874165872,-0.00508388408744,-0.0783129935391,-0.0322077922078,-0.143534190928,-0.0755287009063,-0.199395770393,-0.13946071325,-0.0984375,-0.365301724138,-0.0970509383378,-0.0498417721519,-0.144306131858,-0.246648793566,-0.0854145854146,-0.115338882283,-0.180523917995,-0.0966494845361,-0.0885135135135,-0.234833430742,-0.030303030303,-0.113839285714,-0.045871559633,-0.173261390887,-0.122149837134,-0.113701431493,-0.0823798627002,-0.00661403883081,0.220661985958,-0.0468397291196,-0.19440353461,-0.0636074511586,-0.0857897052354,-0.190564866543,-0.116183612721,-0.0678477427696
0.011391630573,-0.0825101685067,0.00453735213094,-0.00878624614081,0.0190397350993,-0.00788022064618,-0.00278551532033,-0.0956077630235,-0.146980224479,-0.042576419214,-0.0372825186413,-0.200947867299,0.000305064063453,-0.036585609394,-0.00801554529998,0.0133089133089,-0.108950992305,-0.0626276378489,-0.061439438268,-0.0345865549194,-0.17287522604,-0.210495626822,-0.0356215719687,-0.0655913978495,0.0509607351713,-0.113139695712,-0.0865075632887,-0.0893317122427,0.0498409331919,-0.0381447767664,0.0302463361397,0.0157579577687,-0.0844977352733,-0.0624223602484,0.0573476702509,-0.150691748781,-0.0971250971251,-0.0246725555894,-0.0178691840863,-0.172088780784,-0.0656484458735,-0.0424469413233,0.0440771349862,-0.0223555070883,0.127622513301,-0.109630266552,0.0601503759398,-0.0229943791518,-0.0370353062131,0.0976918947933,-0.0936758893281,-0.00280112044818,-0.139622641509,-0.0387466307278,0.0762564991334,-0.0619694397284,0.000593824228029,-0.0266444629475,-0.00754310344828,0.0711743772242,0.0742763517204,-0.0423387096774,-0.175816539263,-0.0446980504042,0.000741289844329,0.098609838069,-0.0464527027027,-0.0344248530647,-0.0487179487179,-0.0790427846265,0.0333951762523,-0.0267651130595,-0.0822942643392,0.0146048109966,-0.0493015612161,-0.0284191829485,-0.0923217550274,-0.00727802037846,-0.133301251203,-0.010736196319,-0.0203495586202,-0.0638309583175
-0.0549236243224,-0.0405319822673,-0.0241974512018,-0.110863290635,0.0194963444354,-0.108816521048,-0.0488826815642,-0.0126496498758,-0.0336257309942,-0.0570125427594,-0.0748709122203,-0.0519572953737,0.0064043915828,-0.040234372301,-0.0587659157689,-0.0557898541993,-0.00386363636364,0.0668119099492,0.0461346633416,0.120824927146,-0.0059029296021,-0.0841949778434,0.00514562001097,0.0391254315305,0.00635930047695,-0.0127885215221,-0.0549108770726,-0.0219044170891,0.0282828282828,0.0369535826949,0.0841404358354,-0.0139621470679,-0.0857349081365,0.0722093408413,-0.0305084745763,0.135239657799,0.0327022375215,-0.0743285446596,0.00617919670443,-0.00991553433713,0.100372813307,0.0234680573664,0.0949868073879,0.00669269380926,0.0196226876811,-0.0135200386287,0.0602836879433,0.0847280334728,-0.0226228606555,0.0220048899756,-0.0889664195377,-0.0589887640449,-0.100877192982,-0.0830704521556,0.119162640902,-0.0823529411765,-0.0729970326409,-0.018249215854,0.0401737242128,-0.142857142857,0.00813421453991,-0.0568421052632,-0.00674536256324,0.0517670482827,-0.0651851851852,-0.213915733852,-0.0620017714792,-0.0330434782609,-0.0111185983827,0.185826771654,0.0359066427289,-0.00568990042674,-0.146739130435,-0.014182895851,0.0164217804667,-0.0213284582572,-0.0694864048338,-0.0312805474096,-0.0882842865075,-0.0294573643411,-0.0974378460536,-0.0741624825088
0.148110402682,0.0726072607261,0.107290461233,0.0990067726292,0.135458167331,0.120320855615,0.13436123348,0.0109814687714,0.0974713637346,0.303506650544,0.0902325581395,0.161411411411,0.0860606060606,0.0772475954616,0.0957336108221,0.0253956100051,0.0855578370979,0.069434989789,0.0995232419547,0.00416363636364,0.0600395865406,0.0838709677419,0.0650604974386,0.151162790698,0.044233807267,0.0916271721959,0.204398447607,0.125601517675,-0.0687622789784,0.0895262929161,0.00418760469012,0.0547514159849,0.178936942885,0.0673463083102,0.215617715618,0.040673066997,0.0875,0.109986504723,0.0996247014671,0.0185459940653,0.122752150117,0.102547770701,0.134939759036,0.0853185595568,0.00250500626252,0.0964268232991,0.571906354515,0.253616200579,0.145060783356,0.0406698564593,0.138822403064,0.0507462686567,0.0682926829268,0.0626911314985,0.0474820143885,0.133136094675,0.0864276568502,0.0743537612547,0.177974947808,0.414728682171,0.125063035804,0.127976190476,0.0933786078098,0.0785612872693,0.041204437401,0.164333886125,0.0443814919736,0.120503597122,0.126746166951,0.109561752988,0.0623916811092,0.0519790176443,0.369426751592,0.0210435902942,0.272108843537,0.0952677459527,0.127705627706,0.102926337033,0.057856272838,0.152555910543,0.203544435757,0.0775185429791
0.128277359626,0.128,0.128396536279,0.09043375,0.0891228070175,0.120127287192,0.0990291262136,0.0337180357547,0.00256006301694,0.118738404453,0.133959044369,0.0351217410041,0.0831473214286,0.0122432067578,0.128679962013,0.0219041692595,0.0823875577974,0.0827498408657,0.229810298103,0.122598634775,-0.00311203319502,0.0438988095238,0.0545839633012,0.034151034151,0.0658093797277,0.122720694645,0.12312736729,0.12977617002,0.102320675105,0.0694056641404,0.0158465387823,0.00715990453461,0.103088892406,0.12503617945,0.0604026845638,-0.0356115464736,0.0306513409962,0.123404255319,0.0955631399317,0.0968681718864,0.0116063138347,0.135181975737,0.0849256900212,0.0372639101582,0.0319151323812,0.0825892857143,0.404255319149,0.0807692307692,0.152961667438,0.108045977011,0.195460277427,0.030303030303,0.155251141553,0.145323741007,0.168956043956,0.0661444734552,0.0271066588097,0.05866450392,0.107665042091,0.0438356164384,0.0757507844016,0.190633245383,0.132763975155,0.0552874067573,0.0905631659056,0.287824980534,0.0533453887884,0.106741573034,0.105533716359,0.129263913824,0.101685698749,0.0747960108794,0.2,0.0103049421661,0.0889037433155,0.125071063104,0.0863723608445,0.116651418115,-0.00518134715026,0.109494109494,0.129410000999,0.0617518962276
-0.0294473342003,-0.0463720676487,-0.0547763958719,-0.0169554087995,-0.0515463917526,-0.0305397727273,-0.0394581861013,-0.00131348511384,-0.00766057748969,-0.0663349917081,-0.0221971407073,-0.0559950041632,-0.0244719216899,-0.0565869568088,-0.0271350441733,-0.0236268420412,0.0201941747573,-0.0346854791299,-0.0824151608638,-0.031564516129,-0.0628511966701,0.0106913756237,-0.0549745822036,-0.0660465116279,-0.0986515259049,-0.0139211136891,-0.0399993288703,-0.0444084632598,-0.0210526315789,0.000372995151063,-0.0284619594964,0.0382109004739,-0.0570309050773,-0.051710830975,-0.0361663652803,-0.0341493519852,-0.0297397769517,-0.0438311688312,0.0308694420844,-0.0481407702523,0.00344194584672,-0.0748091603053,-0.0420743639922,-0.0492125984252,0.0855487809299,0.0383505154639,0.0454545454545,-0.0473309608541,-0.0514313652975,0.049377593361,-0.116736990155,-0.00367647058824,-0.118577075099,0.000942211055276,-0.0634547591069,0.0359183673469,-0.0109007458405,0.00868232890705,-0.1048,0.0183727034121,-0.0445833333333,-0.0437673130194,0.0438656614119,-0.0844074844075,0.0160502442428,0.0170763717871,-0.00772532188841,-0.0355329949239,-0.00902625820569,0.00476947535771,-0.0498519249753,-0.0362716153522,0.145348837209,-0.01873438801,0.0417434008594,-0.0136432541688,-0.0273851590106,-0.000409668168783,-0.000578703703704,-0.0836976889444,-0.0208397858502,-0.0626786636101
0.133602642174,0.0732265446224,0.0916853303471,0.0745572300818,0.0774456521739,0.0520146520147,0.0748007357449,0.0602805786936,-0.0530482977039,0.0142095914742,0.0361677568295,-0.0670341786108,0.0736730921574,0.0347947793835,0.0322162162162,0.111637769739,-0.0553863722878,0.00548112058465,0.113832853026,0.0587578901787,0.0890517432823,-0.0416078984485,0.0278085971489,0.150398406375,0.0417322834646,-0.040522875817,0.166663753779,0.123386513346,0.058651026393,0.0182699478001,0.0338028169014,0.0507845934379,0.119789776784,-0.0550732501356,0.0844277673546,0.05303514377,0.101149425287,0.0401810979061,0.0340659340659,-0.0565050575514,-0.0185227532586,0.0830583058306,0.159346271706,0.0527950310559,-0.0556523945957,0.0687053216839,0.031884057971,0.0743369443407,0.176219866779,0.130881771451,0.158041401274,0.0710332103321,0.0224215246637,0.170065892689,0.0740276035132,-0.0606776989756,0.0226218097448,0.019746835443,0.112600536193,0.164948453608,0.132577409507,0.0793742757822,0.199606040709,0.0971843778383,0.104395604396,0.191747256093,0.112456747405,0.0187969924812,0.0866685067624,0.089135021097,0.0275324675325,-0.00437636761488,0.082910321489,0.104157827747,0.0919269298763,0.00409836065574,0.149863760218,0.080737704918,0.0301100173712,0.0613496932515,0.136963398102,0.130725727652
0.0149455718794,0.0442430703625,0.0121810488524,0.0268026995322,0.00756620428752,-0.000696378830084,0.0205362236167,-0.0173661360347,-0.0060618729097,0.0516637478109,0.0831786112143,-0.0319073505082,0.00541072306936,-0.00619475609839,-0.0278592375367,0.0132405745063,0.0582309087246,0.0399757722592,0.0659767141009,0.110569284737,0.158442088091,-0.0110375275938,-0.00469242728469,0.0181818181818,0.0899470899471,0.0133514986376,0.0224858807844,0.0435033131662,-0.016620498615,-0.0556572683999,-0.0016348773842,0.00217214227532,0.00661670168397,-0.000287108814241,-0.00432525951557,0.160194174757,-0.0299234516354,-0.00843307943417,0.0366631243358,0.00961182994455,0.0666356011184,-0.0137125444388,0.0264317180617,0.0103244837758,0.0344200848656,0.00445930880713,0.0101123595506,0.0417246175243,0.014140846653,0.0269230769231,0.081471295978,0.035745047373,0.0877192982456,0.0238669884688,0.0420560747664,0.112416107383,0.0147475893364,0.0143992055611,0.0160642570281,-0.0287610619469,0.00924143242203,0.027911969941,0.0268199233716,0.073261589404,0.0174129353234,0.00469609226726,0.0233281493002,0.0413284132841,0.0190500381001,0.0334140435835,0.0267947421638,0.021978021978,-0.009375,-0.0474543707973,-0.00755531570426,0.030612244898,0.067140600316,0.194160030338,-0.00449690837549,0.0738599871548,0.00936634738948,-0.0255734785797
0.00232906144646,-0.0500255232261,-0.017354953129,0.00314682598607,-0.0613266583229,-0.0292682926829,-0.0324203465623,-0.0791079318325,-0.0380651945321,-0.0532889258951,0.0318820706205,-0.072021484375,-0.0305772994129,0.000449129301604,-0.0446024563672,0.0121816168328,-0.0793983244478,0.00873616773442,-0.0509708737864,0.00383852691218,0.0283400809717,-0.0483630952381,-0.0152566757838,-0.0420918367347,-0.0527045769764,-0.0777090615757,-0.0181088287866,-0.0389612498782,-0.0591549295775,-0.0554478480031,-0.00109170305677,0.0281766458954,0.00207684319834,0.0443423319931,-0.0330147697654,0.0981520223152,0.0136298421808,-0.0164609053498,-0.0110199897488,0.0109849871842,0.00895587592835,-0.0854788877446,-0.0515021459227,0.00632603406326,-0.0132223946618,-0.0133185349612,0.34872080089,0.00567423230975,-0.045969243042,-0.0153217568948,-0.0168467895741,0.024948024948,-0.16935483871,-0.0984808800419,-0.0156950672646,-0.0746606334842,-0.0536612632756,0.000489476260401,0.0241106719368,0.0455580865604,-0.0537962609691,-0.0370757180157,-0.0650319829424,0.00424219051292,0.0250611246944,-0.0233828195006,0.129179331307,-0.0106307583274,0.0104685942173,-0.0103092783505,0.0128015755785,-0.0645161290323,0.018927444795,0.0123033481242,-0.0483958673192,-0.040099009901,0.00370096225019,-0.0571610034932,0.0118577075099,0.063995215311,-0.011589447434,0.0010964381883
0.035104535183,0.0961848468565,0.0715482789738,0.017532704924,0.0186666666667,-0.0122038765255,0.0612362796072,0.0859035869317,0.0970703979012,0.160949868074,-0.0282392026578,0.073664825046,0.0893262679788,-0.00400633940293,0.0744248985115,-0.000109409190372,-0.0459152016546,0.00866050808314,0.114236999147,-0.0653017454248,0.0270455323519,-0.010164190774,-0.029297113316,0.0199733688415,0.0168374816984,-0.0157434402332,-0.00131308006804,0.171423743135,0.0518962075848,-0.0447454844007,0.0896174863388,0.00711462450593,0.0189948186528,-0.0248597514025,0.0413297394429,0.15034132402,0.0205237084218,0.0125523012552,-0.00233221041721,0.0510684534589,0.0324745615934,0.124436936937,-0.0027149321267,0.00773694390716,-0.00484989572724,0.00562429696288,-0.164948453608,0.0209093926319,0.146184398481,0.0459889349931,0.104429356612,-0.0430020283976,0.0533980582524,0.0688553166764,-0.0375854214123,0.0603096984515,0.0561134081512,0.00269080234834,0.0420686993439,0.0152505446623,0.0116935483871,0.029284164859,0.0838084378563,-0.0149769585253,0.00596302921884,-0.0442771943311,-0.0121130551817,-0.0186246418338,-0.0387271830291,0.03125,-0.0213903743316,0.0165517241379,0.0866873065015,-0.0268977884041,0.0977142857143,0.0211449200619,-0.00442477876106,0.00168406871,0,0.00899381675098,-0.00351892918321,-0.0016428559924
0.0588430067458,-0.0102941176471,-0.0403031761309,0.0415324745382,0.0903141361257,0.210029069767,0.0615133369624,-0.0553334735956,-0.0332801913113,0.0787878787879,0.0776068376068,-0.0409213428081,0.00416956219597,0.0840003278062,0.00146935348447,0.0876463508042,0.010405376111,0.050944476245,0.0210405508799,-0.0308409945202,0.0651666666667,0.180884676145,0.0116074441129,0.127067014795,0.0208783297336,-0.0159952606635,0.186015239803,0.0163880032891,0.0483870967742,0.00472711645896,0.0498996990973,0.00497121925693,0.0881392818281,0.072760857304,0.100949094047,0.0264283742755,-0.0811373092926,0.0845730027548,0.00519480519481,0.0513439007581,0.156846299014,0.0534451677516,0.116152450091,0.0585412667946,0.00208865650651,0.0167785234899,-0.0150617283951,0.0868010403121,0.132732827057,0.0168595041322,0.0292740046838,0.0110216193302,0.133640552995,0.0530035335689,0.150295857988,0.0714834742506,-0.0201342281879,0.113930226885,0.0703703703704,0.130901287554,-0.00358708648864,0.0553213909378,0.0768016833246,0.105653021442,0.0515708358032,0.128982874935,0.0531335149864,0.117518248175,0.00590197587888,0.113865932048,0.0469448584203,0.0158299412031,0.294871794872,-0.0202702702703,0.181676210307,0.174747474747,0.1,0.00706119704102,-0.0758928571429,0.0529247910864,0.158817728739,0.0596273291925
-0.0189271271155,-0.0430906389302,-0.0145418076971,0.0149275839204,-0.077430972389,-0.0744744744745,-0.045641025641,-0.00556792873051,-0.0121624407339,-0.0554775280899,-0.0130076142132,0.0631067961165,-0.0329873125721,0.0387518270248,-0.0354223433243,0.0953722334004,0.0542801973825,-0.0599128540305,-0.0202322967404,-0.118831775701,-0.0483492411203,0.0869565217391,0.0562235338358,-0.015444015444,0.0959097320169,0.0541842263697,0.0233560090703,0.0292669079554,0.0407239819005,0.0363558597092,0.0377358490566,-0.0408747721947,-0.108102803738,-0.0249762750361,-0.076802507837,0.0677647058824,0.0445283018868,0.0193040386081,-0.0638242894057,0.00557194362504,0.031720137756,-0.0412267733977,-0.233333333333,-0.0566636446056,-0.00462715291142,0.01100110011,0.00275758335422,-0.0185462159737,-0.025019119903,0.00650195058518,-0.0779294653015,-0.0410901467505,0.219512195122,-0.0841507485803,-0.0730452674897,0.0444763271162,-0.00399543378995,0.0124835742444,-0.106228373702,-0.115749525617,-0.0328,0.0868696954568,-0.0327308255984,-0.0186882933709,-0.136414881623,-0.0665578819149,-0.0278137128072,-0.0875244937949,-0.0625,-0.0457543281121,-0.099881376038,-0.0342831700801,-0.167216721672,0.0311389759666,-0.0449339207048,-0.0765262252794,0.206734006734,-0.0487479131886,-0.0138888888889,-0.104232804233,0.0883279668813,-0.0619509447177
-0.0225391680173,0.0662525879917,-0.0338379341051,-0.0273052552601,0.00975927130774,-0.0162232316677,0.00591080064481,-0.0288913773796,0.029632721202,-0.00446096654275,-0.0131790421086,-0.0391732756549,0.00166984732824,-0.0055555892503,0.00152107779226,-0.0668626010287,0.031746031746,0.0370799536501,0.0126195028681,-0.0209471283873,-0.0106872739231,-0.0843076923077,-0.0124919119901,0.0349019607843,-0.0238095238095,-0.0485436893204,-0.00216658049585,0.0272763627839,0.0165217391304,0.0119686339249,-0.0243958573072,0.00488599348534,0.00104785556359,-0.00916689134538,-0.0560271646859,-0.0329912485047,-0.0513005780347,0.0408671816596,-0.00220811482197,-0.0514993481095,0.0140548137737,0.0674268715915,-0.016967126193,-0.0437289764536,-0.0188459310239,0.00108813928183,-0.1425,0.130143249009,-0.0389229110759,-0.0119509043928,-0.0663170882171,0.0113686051596,-0.07,-0.03297632469,0.00221975582686,-0.0164835164835,0.0246418338109,-0.0309322950465,-0.00425861401471,0.00429184549356,-0.0070306038048,-0.0197519522278,-0.0161616161616,0.0114983830399,-0.0176240208877,-0.0659485411794,-0.0292747837658,0.0314960629921,0.0225850340136,0.0237580993521,0.0158144438587,-0.0396496081143,0.00660501981506,0.064856100527,-0.0428966789668,-0.0125698324022,-0.0323660714286,0.02808002808,-0.0134721371709,0.044890726521,-0.0177195929882,0.100169880326
-0.0327644145738,-0.0412621359223,-0.00408163265306,-0.00841588944094,-0.0302835051546,-0.0620052770449,-0.0438034188034,-0.0237546125461,-0.000810701256587,-0.0291262135922,-0.0371335504886,-0.0137568784392,-0.0161943319838,0.015960918012,0.0479496637015,-0.00344488188976,-0.00611439842209,0.0335195530726,0,0.000776369479652,-0.0106365298321,-0.059811827957,-0.0107250120699,-0.0598711633194,-0.0125247198418,0.0402160864346,-0.038133188581,-0.0192093429089,-0.0470487596236,0.0864600326264,-0.0726586459071,-0.0283630470016,-0.0174390001361,-0.0304761904762,-0.0404676258993,-0.074158473859,-0.041888804265,-0.0251376586067,0.0782849239281,-0.00171821305842,-0.02079002079,0.0171853228054,0.059331175836,0.185427135678,0.0118519994024,-0.0355072463768,0.0174927113703,-0.00107874865156,-0.02358837287,0.0706113108859,-0.0660720185002,0.0207522697795,-0.0394265232975,-0.0594578839988,-0.0387596899225,-0.020251396648,-0.0346756152125,-0.0279017857143,-0.0470451010886,-0.0363247863248,-0.0224906289046,0.0121836925961,0.0626283367556,0.0561278863233,-0.0571428571429,-0.0725159147523,-0.0431802604524,0.058292852186,-0.0279403938265,0.0329113924051,-0.000518941359626,0.0393662986078,0.107611548556,-0.0451084887705,-0.089156626506,-0.017916077322,-0.0299884659746,-0.0744281324684,-0.00434512725016,0.0435274166196,-0.0313454670625,-0.0745410644649
0.137548571429,0.0835443037975,0.0979640401904,0.0840145444649,0.0963455149502,-0.0210970464135,0.0893854748603,0.0103945192535,0.0162271805274,0.147692307692,0.053450608931,0.0803956378392,0.0748002904866,0.0463440989314,0.0289855072464,0.128888888889,0.010121055765,0.100540540541,0.108761329305,0.0551516354255,0.0826474046699,0.114367405289,0.0792323318111,0.0713422007255,0.106809078772,0.0496249278707,0.177805994844,0.0506952808497,0.088868940754,0.0371621621622,-0.0808954464513,0.0378092855157,0.197087368298,0.063429694078,0.130271790066,0.0497890295359,0.0826709062003,0.0805500982318,0.0238583889174,0.0340791738382,0.0337933474876,0.0712328767123,0.114052953157,0.061042814752,0.0611672396701,0.0691209616829,0.00286532951289,0.141468682505,0.124887567948,0.0934351145038,0.171913689423,-0.00254129606099,0.335820895522,0.120855283545,0.140552995392,0.00498930862438,0.0405561993048,0.0700344431688,0.15707874337,0.179600886918,0.0881976991905,0.074537037037,0.0946859903382,0.0618903464514,0.105003523608,-0.0157735430788,0.169054441261,0.0937704918033,0.111415275116,0.0584150326797,0.122014537902,0.119630484988,0.120853080569,0.0173410404624,0.0772486772487,0.0412866058569,0.00653983353151,0.105864994467,0.0293017456359,0.120801733478,0.167651304831,0.0410854813941
0.032295010323,0.0303738317757,0.0398555087297,0.0286242521786,-0.0351515151515,0.0308908045977,0.0189743589744,0.0402151040449,0.0163672654691,0.00335120643432,0.00513808606294,0.0330985915493,0.0218468468468,-0.0018760757315,-0.043661971831,0.0173228346457,0.0182711198428,-0.028978388998,-0.00647138964578,-0.0520295455323,-0.000930954228084,0.0211674150096,-0.0139096474872,0.0191873589165,-0.0235223160434,0.0043980208906,0.00192747468148,-0.0328913088787,0.0519373454246,0.0173724212812,-0.0730694713534,0.0158049825877,0.0243220874456,0.0010556875165,-0.0995024875622,0.0215032154341,-0.00293685756241,0.0429545454545,-0.00400902029567,0.0252996005326,-0.00376518911518,-0.0549872122762,-0.0155393053016,-0.0239712345186,-0.0220826459422,-0.0316233309909,-0.00857142857143,0.0487228003784,-0.00526690886336,0.0469142697571,0.0395412013281,0.00976645435244,-0.0446927374302,-0.0425767210395,-0.0161616161616,-0.0354609929078,-0.0189309576837,-0.0321888412017,-0.10437235543,-0.00375939849624,-0.0634299138606,-0.0112020680741,-0.0278022947926,0.00221729490022,0.0299744897959,-0.0564531265792,-0.00980392156863,-0.0365707434053,0.0322660098522,-0.0810497877267,-0.0222119389172,-0.0379537953795,-0.0634249471459,-0.0307601880878,0.041257367387,-0.00414937759336,-0.0490253987005,-0.0263509006004,0.0145366444579,-0.082648622523,-0.0159490998317,-0.0565981880822
-0.0539464720195,0.0621315192744,-0.036822603057,-0.0501403247848,0.00376884422111,-0.0369337979094,-0.0256668344238,-0.0125870982243,-0.0290652003142,-0.0567802271209,-0.026517571885,-0.0404453533288,-0.0233634560282,-0.0500192558615,-0.025247212287,-0.0449776401789,-0.0316419062319,0.0687910976227,-0.0119986287281,-0.0167559475497,-0.0498524615624,-0.0376884422111,-0.046501378723,-0.047249907715,0.0129709697344,0.0355774493706,-0.0585498929429,-0.0136039761324,-0.0289968652038,-0.0106723585912,-0.0839056434757,-0.059335443038,-0.010425716768,-0.0197732665436,0.0220994475138,0.0445275100007,-0.0382916053019,0.00675528437568,-0.017358490566,0.00487012987013,0.00635629616904,-0.0360847992783,0.0510677808728,0.0233319688907,-0.0431368563686,-0.010885341074,-0.0489913544669,-0.0561569688769,-0.0643588578618,-0.0653507602027,-0.0830429732869,0.00967199327166,-0.0760233918129,-0.0346520358071,0.0318275154004,0.102941176471,-0.011350737798,-0.0243902439024,-0.0251968503937,0.00377358490566,-0.0196488294314,-0.0143790849673,-0.0326827054017,0.0594184576485,-0.00185758513932,0.0938011660112,-0.0222772277228,0.0149346608587,-0.0608446671439,0.0445191096178,-0.0345480359678,-0.0098627787307,0.0541760722348,-0.00384071154235,-0.0797169811321,0.0240740740741,-0.0807453416149,-0.0308324768756,0.0316417910448,0.0442571127503,-0.0563158403402,0.0159600943539
0.00940775870051,-0.00597779675491,-0.0484491464294,-0.0226020797077,-0.0187734668335,-0.0144717800289,-0.0490702479339,0.0544047348054,0.0313511326861,-0.0290368271955,-0.0272399081063,0.100165758939,0.00203114421124,-0.00039329343926,-0.0211526009065,-0.0383610986042,-0.0217174736003,-0.00757217226692,-0.0523941707148,0.0626444583043,0.060804184374,0.123368146214,-0.0361646710514,-0.0352576520728,-0.103048780488,-0.000792811839323,-0.0774647887324,-0.0546065298431,-0.00484261501211,-0.0208558072636,-0.0264015645372,0.0496215306981,-0.0602897278314,-0.0336202259279,-0.0540540540541,-0.0315796082371,-0.0329249617152,-0.0363636363636,-0.00128008192524,0.0697899838449,-0.0104131102765,-0.0655124005615,-0.0680212014134,-0.054,-0.0122705033526,-0.030814380044,0.0606060606061,-0.0291517323775,-0.082284332219,-0.0353881278539,-0.0433818872704,-0.0491461890879,0.00316455696203,-0.0376906969788,-0.0796019900498,-0.014,-0.0258323765786,0.0193181818182,-0.0286752827141,-0.0563909774436,-0.044776119403,-0.0300618921309,-0.0708587517597,-0.0781622911695,-0.0651364764268,-0.00270001818665,0.0120253164557,-0.0453709380748,-0.0025406504065,-0.021712907117,-0.0333333333333,-0.053702901689,0.00856531049251,0.00791396103896,-0.0394669400308,-0.138788426763,-0.0189189189189,0.005655708731,0.00868055555556,-0.0459132189707,-0.0858945341704,0.0509249890833
0.0334839968814,0.0249140893471,0.049020846494,0.0412179180615,0.0446428571429,0.0543318649046,0.0315046170559,0.0226683937824,0.0415767797607,0.0678336980306,0.00843454790823,0.0402496771416,0.0380630630631,0.0130685326199,0.018743109151,0.0736023972282,-0.0362525458248,0.0157367668097,0.0479677773709,0.0160196102125,0.0570107858243,0.0366066240558,0.00312680236665,0.0923694779116,0.0808973487424,0.0584501454642,0.0243023401326,0.055319640639,0.0308191403082,0.0381931692986,0.0428523602277,0.0202991452991,0.0825352928536,0.0779293069858,0.052380952381,0.0588006482982,0.049089469517,0.027628032345,-0.000769033581133,0.087284808215,0.100914266,0.042063094642,0.096682464455,0.0435517970402,0.0207885304659,-0.0393641180924,0.2,0.10337189269,0.0555891914993,0.0639053254438,0.0854021847071,0.0328515111695,0.0757097791798,0.0441405035748,0.0778378378378,0.0540906017579,0.0271066588097,0.063099219621,0.0577962577963,0.0179282868526,0.111160714286,0.0665451230629,-0.0131313131313,0.0368932038835,0.0398142003981,0.0737992368982,0.00750469043152,0.014771997431,0.047376464595,0.0887792848335,0.0314401622718,0.0599542334096,0.0923566878981,0.0428830279847,0.00266808964781,0.0325459317585,0.108815426997,0.0945518453427,0.0545037292025,0.0460074034902,0.0543941023573,0.00618194163639
-0.0236670052363,-0.0276613579212,-0.05937612911,-0.0342578071819,0.00976800976801,-0.0320334261838,-0.0242232754081,-0.034198860038,-0.0199585765393,-0.0846994535519,-0.0127132820341,-0.020897992965,-0.019310045563,0.0336211274759,-0.0108225108225,-0.0580026166594,-0.0443786982249,0.00469483568075,-0.0510132774284,-0.0344563943116,-0.0284256559767,-0.0459641255605,-0.0289030224137,-0.0286764705882,-0.0622641509434,-0.028235882059,-0.0787396764893,-0.0524197963429,-0.0409126671912,-0.0113194198797,-0.0484751203852,0.000261780104712,-0.0638663294985,-0.14949651433,0.0180995475113,-0.0442689199118,-0.0747169811321,-0.0190163934426,-0.00923550538738,-0.0577777777778,-0.0639298025697,0.0168188370975,-0.0881590319793,-0.0243111831442,-0.0374508426966,-0.0122143420016,0.0383333333333,-0.0274369841624,-0.103742619593,-0.0570077864294,-0.060384263495,-0.0271416454623,-0.0146627565982,-0.0640071449836,-0.0130391173521,-0.0641436818473,-0.0292598967298,-0.0388003355705,0.0766509433962,-0.0430528375734,-0.0799517878666,-0.0901709401709,-0.0701125895599,-0.0490012484395,-0.0089342693044,-0.0365778782218,-0.0304158907511,-0.00569620253165,-0.011673151751,-0.00490751226878,-0.0137659783677,0.0112262521589,-0.0233236151603,-0.0274131274131,-0.0441724321448,-0.0523640061007,-0.039751552795,-0.0385356454721,-0.0141458106638,-0.0470171890799,-0.0750390496329,-0.0250995875489
0.0269122385286,0.00129310344828,0.0431498079385,0.0358637604413,-0.00302297460701,-0.0273381294964,0.00215866162979,-0.0100546448087,0.114505283381,0.0485074626866,-0.00643849542528,-0.00359256128487,-0.0196902654867,0.0166423880873,-0.0159737417943,0.00981481481481,0.0207872622733,-0.0257009345794,0.0445508100147,0.060567667916,-0.022655663916,-0.0217391304348,-0.00466672653914,0.0211960635882,0.00670690811536,-0.0161995371561,-0.0257668386224,0.0188491203744,-0.0697292863002,-0.00608228980322,-0.0215924426451,0.0468463752944,0,-0.0300546448087,0.0151111111111,-0.0412582484464,-0.00244698205546,0.0149286987522,0.0771620921802,-0.0274174528302,-0.00703046534985,0.0151228733459,-0.00568720379147,0.00789036544851,0.0598247572355,-0.017949740726,-0.128640220133,-0.00321100917431,0.0387521443821,0.032438808611,-0.0266147354755,-0.00305143853531,0.0892857142857,0.00286259541985,0.0762195121951,-0.00959561343386,-0.00591016548463,-0.0218197687105,0.013143483023,0.0654396728016,0.0406113537118,-0.0201972757163,-0.011557512383,0.0600590744995,0.00193174500966,0.00458311299136,-0.0128040973111,0.0362826225334,0.13188976378,0.00417298937785,-0.018444666002,0.00597779675491,0.0318407960199,-0.0160778086542,0.109131403118,0.0150214592275,-0.0510996119017,0.0187040748163,-0.0193156732892,0.062599469496,-0.00406667509104,-0.0141901490301
0.0742489291493,0.0559621179509,0.0829753283417,0.0138343289894,0.146149181322,0.0724852071006,0.138933764136,0.0591742106425,0.00448198586451,0.0619217081851,0.0255798090041,-0.00084835630965,0.0613856917174,0.0267809928868,0.0778296642206,0.090317256556,0.0164644714038,0.132374100719,0.100105745506,0.0623517114367,0.00997850782929,0.0618618618619,0.0430930770362,0.0959970348406,0.133244503664,0.00862519602718,0.162256343243,0.123506145537,0.0564373897707,0.0187185025198,0.0196551724138,0.02675,0.196677330432,0.00281690140845,0.11996497373,0.0986969595723,0.0539656582175,0.0594950603732,0.0507211538462,0.0142467414368,0.0500674308833,-0.00279329608939,0.164918970448,0.0638648537289,0.0330426043079,0.0398050365556,0.0526315789474,0.109756097561,-0.00920494727087,0.170522707798,0.0973657885962,0.0690861390468,0.0901639344262,0.0799238820171,0.0887629839471,-0.0242214532872,0.0731272294887,0.0675886683025,0.100540540541,0.130518234165,0.09190096517,0.0910834132311,0.0751670378619,0.100619195046,0.0719794344473,0.20586607637,0.174448767834,0.0909090909091,0.0428260869565,0.0925576123914,0.0142204164551,0.0636672325976,0.0646094503375,0.018559612669,0.128514056225,0.0792811839323,0.146557600545,0.105573770492,0.0478334271244,0.0644033949076,0.152753907376,0.00106896949245
0.0470287171364,-0.0578883000408,-0.0452227133628,0.0340098358706,0.0301587301587,0.0268965517241,0.0326241134752,0.0204294350636,0.0429037240432,0.159517426273,0.00997672098437,0.167268095946,-0.0116946629811,0.0239172448929,0.00433257685166,0.0320410394416,0.0488064791134,0.0169419737399,0.0448574174944,-0.0696247013072,0.077823377413,0.185520361991,0.0387882011079,0.0392289482584,-0.000587889476778,0.112982637989,0.0548112058465,0.156136831081,-0.0609348914858,0.0367491166078,-0.00879269529929,-0.0243486729973,0.0508474576271,0.123595505618,0.0406567630962,0.330130154482,-0.0612878200155,0.0200994612516,0.00800732097918,0.0738194859534,0.043345641355,-0.0322128851541,0.0654664484452,0.0658404337723,0.0124344459475,0.035546875,0.05,0.00642753472942,0.033248162024,0.00512445095168,0.0723184442419,0.0159509202454,0.46365914787,0.0466960352423,0.0477016478751,0.068085106383,0.146260387812,0.0534893439198,0.0769482645711,0.0747028862479,0.0257494235204,0.0654657293497,0.134127395132,-0.0126582278481,0.0335731414868,0.14208800188,-0.0386526780784,-0.0045045045045,-0.0243902439024,0.0881742738589,0.0741111667501,0.0754189944134,0.106884057971,0.0501089324619,0.0791814946619,-0.00440744368266,0.013079667063,0.0299525504152,0.0816326530612,0.0802063789869,0.042406291901,0.0585682729452
0.0395384628838,0.0311553440069,0.0379867046534,0.0166596515879,-0.00513610683102,0.0161182001343,0.0334706959707,0.00674157303371,0.03472107948,0.0560693641618,0.0237076061903,0.041643935261,0.0105421686747,-0.00212547322877,0.0271158586689,0.0897164276402,-0.0172729120098,0.0149937526031,0.00214658080343,0.0784274227393,-0.020166408123,0.018606870229,0.0297620883425,-0.00878620240807,-0.156529411765,0.0414435389988,0.0499977793569,0.0123983628922,0.0186666666667,0.013633265167,0.100307062436,-0.0104816571001,0.0259017595308,0.0294444444444,0.0525920360631,0.0731138545953,0.114049586777,-0.0264066626041,-0.00771674988652,0.0153075424436,0.0196953377443,0.0395561987458,0.0199692780338,0.00290697674419,0.0157964365872,-0.000377216144851,0.13119047619,0.129583848372,0.0440169513811,0.114348142753,-0.00226693114197,0.079307568438,-0.106164383562,0.0454545454545,-0.0091059602649,0.0903054448871,0.0333494441759,0.0400634668782,-0.0705381574947,0.0695102685624,-0.00599475458973,-0.0226804123711,-0.000456621004566,0.0410256410256,-0.115429234339,-0.00662530749855,0.0109132682366,0.0373303167421,0.034188034188,-0.00254210359072,0.0317016317016,0.00222634508349,0.00900163666121,-0.023953225198,0.0222588623248,-0.19232661092,0.0240610328638,0.0250503887129,0.0486593843098,-0.0225792444637,0.0491475963754,0.0684118656388
-0.0102751969448,-0.017205203525,-0.0343092406221,0.00972939727223,-0.031491997935,-0.00859220092531,-0.0412476186257,-0.0665584415584,-0.0260814249364,0.0509031198686,-0.0119009327758,-0.0721019553073,-0.0261869278263,0.0152514538744,-0.012,0.123457713303,-0.00889164598842,-0.0295445219532,0.00428396572827,0.018461155301,-0.0178468624064,0.0473067915691,0,0.116546290217,0.0202943022526,-0.00581265369998,0.0681633127835,0.0204180636259,0.0776614310646,0.0188298587761,0.0601550387597,-0.0360655737705,0.0328728748758,-0.0256341068538,-0.03426124197,-0.0192594486344,-0.0192878338279,0.00625912789485,0.0173833485819,-0.0537280701754,-0.0341029123284,-0.0375870069606,-0.00150602409639,-0.0159420289855,-0.00410152073763,0.0407547169811,0.105030519891,-0.0718584716396,0.0707158288366,-0.0117647058824,0.0178926441352,0.0104438642298,0.113026819923,0.0147611379495,-0.0685045948204,-0.0347137637028,0.0280636108513,-0.0253623188406,-0.0523388943409,-0.0206794682422,-0.0576705616283,0.0637130801688,0.0904522613065,-0.0314723590586,0.00786885245902,0.0414278244226,-0.00681818181818,-0.0398037077426,-0.0169421487603,0.0133800573431,-0.0280162675102,-0.0196223620881,-0.0202757502028,-0.0255072463768,0.120967741935,0.183313032887,0.106017191977,0.0129213483146,-0.00378787878788,0.0231008440693,0.0573580002928,0.00517897309156
-0.0311413685544,-0.00725875320239,-0.0400284225486,-0.0256670564101,-0.0165245202559,-0.0293333333333,-0.0420517560074,-0.0382608695652,-0.0228608752449,-0.0302083333333,-0.0048828125,-0.0199435559737,-0.0172715347617,-0.0293453483592,-0.0390688259109,-0.0358759318424,0.00667640308784,-0.0131078224101,-0.0490554539915,-0.0587354231304,-0.0149472450176,-0.0398032200358,-0.0115607628906,-0.0152896206998,-0.00478468899522,-0.0521700022487,-0.0900379159118,-0.0733611536633,-0.0259109311741,-0.00528052805281,-0.071365896461,-0.029304029304,-0.0112984577916,-0.0163389642758,-0.030303030303,-0.0556110700786,0.0559757942511,-0.0228073812979,-0.0119154676259,-0.0220162224797,-0.0304639900016,-0.056412729026,-0.0301659125189,-0.0147275405007,-0.0451073519844,-0.00870195794054,0.035619047619,-0.058754175673,-0.0215928883259,-0.113536155203,-0.0630580357143,0.016242155777,0.0567986230637,-0.0613594287226,-0.0224215246637,-0.0460567823344,-0.0104640582348,-0.009978477793,-0.0234725578184,-0.00904977375566,-0.0408,-0.0662435541452,-0.00125680770842,-0.0378638033343,-0.0383864671438,-0.0603565879723,0.00228832951945,0.0300965360591,-0.057797393863,-0.0355234203081,-0.0223152022315,-0.0196374622356,-0.0248344370861,-0.0230021812413,-0.023381294964,-0.0905815748842,-0.129015544041,-0.0607321131448,0.00522813688213,-0.0212765957447,-0.0657032838662,-0.0229527821903
0.0593369768319,0.0597849462366,0.0424377004688,0.0535864417985,0.0168021680217,0.0370879120879,0.064158224795,0.0397830018083,0.00902406417112,0.0332975295381,0.0274779195289,0.0174697638702,0.0547274749722,0.0219552974305,0.0136928586476,0.0370037970314,0.0265284974093,0.0368466152528,0.0487023389939,0.028058324944,0.074382624219,0.0246856078249,0.0425297247506,0.0382203642878,0.029532967033,0.0702253855279,0.0643617137013,0.0666963094709,0.0108063175395,-0.0544127405441,0.0374803149606,0.00512129380054,0.0380195941218,-0.00675675675676,0.0274390243902,0.0621060863965,0.047994269341,0.046042860174,0.046188850967,0.0903436018957,0.0380277151144,-0.00613183444047,0.0528771384137,0.0553064275037,0.0451940831386,0.0431602048281,0.333455949972,0.0889352818372,0.0611267293038,0.0514797314101,0.0991661703395,0.0265165274246,0.0162866449511,0.0264863341786,0.105504587156,0.0509259259259,0.0542528735632,0.0371541501976,0.0431247790739,0.0791476407915,0.0237698081735,0.0552251486831,0.00755033557047,0.0331864904552,0.0446549391069,0.0661793617987,0.0359589041096,0.0110253583241,0.044389917466,0.0560625814863,0.0603899191631,0.0285053929122,0.0424448217317,0.0409985792572,0.0360957642726,0.0220713073005,0.00713860797145,0.0404487747269,0.0439716312057,-0.0270629991127,0.0531526692105,0.0359566446748
-0.0050266237154,0.000405844155844,-0.0391715976331,-0.0150622952832,0.0831556503198,0.0145695364238,-0.0208522212149,-0.0204347826087,-0.0099370652534,-0.0129937629938,0.0786373766316,-0.0156603773585,-0.0208816705336,-0.00175980539889,0.0594347464672,0.0250981958591,0.0135271552594,0.0161157024793,-0.0400244424076,-0.0155573806741,0,0.0331818181818,-0.0221819196429,0.00287604256543,-0.025350233489,0.000443360673908,-0.0324835946603,-0.00405083314629,-0.0452302631579,-0.0256140350877,-0.00850030358227,0.0265486725664,-0.0449394268302,-0.000283446712018,-0.0222551928783,-0.0353445662061,0.00273410799727,-0.0212981744422,0.0143540669856,0.0162999185004,-0.0420676808445,-0.0632390745501,0.0723781388479,0.000354107648725,0.0851825293351,-0.00806451612903,-0.0710344827586,-0.0617331288344,-0.0216957453855,-0.00685903500473,-0.0200487672717,-0.0138004246285,0.0560897435897,-0.00631347790283,-0.0348547717842,0.0365009439899,-0.0279110335805,0.00952743902439,0.0403253134531,0.0394922425952,-0.0179226069246,0.00805152979066,-0.0245628642798,0.013644115975,-0.020725388601,-0.000907810002931,-0.00881542699725,0.0239912758997,0.00555318240068,0.058024691358,-0.00269058295964,-0.00486891385768,0.127850162866,-0.0345096510041,0.0337717739069,-0.0232558139535,-0.0366213821618,0.0351872871737,0.0221920289855,0.0373917008664,-0.0186349605579,0.00509029704772
0.0124843945069,-0.00121703853955,-0.0285749476537,-0.000801527229637,-0.0334645669291,0.0659268929504,0.0111111111111,0.0237461162894,-0.0138842422215,0.00157977883096,-0.00118063754427,-0.00824228483803,-0.0150797070228,-0.0088199300228,0.0880737544135,-0.00123392648396,0.0161354581673,0.0109800732005,0.020050922979,-0.0614320781659,0.0268623649958,-0.0211174659041,0.00573667189804,0.0149125322627,-0.00752908966461,0.0181697318857,0.0289152298851,-0.0103882724131,0.00861326442722,0.0158444364422,-0.0177587262707,-0.0190700104493,0.0656469043602,0.0195633683017,0.0204855842185,0.021103677428,-0.00954328561691,-0.00891191709845,0.00750428816467,-0.0291365944935,0.0324096580781,0.0159165751921,0.0406336088154,0.0194690265487,-0.0154204737275,-0.00883704489219,-0.0423162583519,0.099918267266,-0.035565869237,0.0126220528697,0.00691180536356,-0.0136347326875,0.051593323217,0.0265193370166,0.0662080825451,-0.023679417122,-0.0376850605653,0.0247263118158,0.0273615635179,-0.00271370420624,0.0178349232684,0.00479233226837,-0.0132309005548,0.0100953449243,0.0350529100529,0.0534485532829,0.0244580322401,-0.00425985090522,0.00106202209006,-0.0102100350058,-0.00134892086331,0.0252164094844,-0.012274368231,0.00201938610662,-0.0491746905089,-0.00963718820862,0.0564071122011,0.00520833333333,-0.00575985821887,0.0254945054945,0.0213545773891,0.0147319064581
0.0200205507604,0.0154346060114,0.0632686699632,0.0299592374532,-0.0142566191446,0.0679730557257,0.0434981684982,0.00867114675916,0.00441051738762,0.055730809674,0.0118203309693,0.00618477000387,0.011154855643,-0.070817446547,0.0274021993871,0.0606671435074,-0.00352871985885,-0.00402252614642,0.0979719188768,0.056905982906,0.065668824164,-0.0386516853933,-0.00466659967727,0.0497315625883,0.0737931034483,-0.00304678998912,0.0725308800427,0.0871776519834,0.00256191289496,-0.0124069478908,0.00841645885287,-0.0231691078562,0.0395185702836,0.0369855394883,-0.0111524163569,0.0670594960644,0.0488644184446,0.00710999581765,0.011278995531,0.0159691629956,0.058860461466,-0.0216099405727,0.0622104566512,-0.00416666666667,0.00305064063453,0.0306704707561,0.00682170542636,-0.00148616013375,0.0728866474544,0.00117591721543,0.0809994508512,0.01273190251,0.0649350649351,0.0314854682454,0.117741935484,0.0907960199005,0.0587412587413,0.0195247743599,0.116360177552,0.0775510204082,0.0493072534637,0.0600158982512,0.0346020761246,0.0230427540255,0.0115015974441,0.0771877807727,-0.00705371676614,0.020320855615,0.00275832802886,0.0380194518126,0.0508779828906,0.00881057268722,0.102339181287,-0.0086658605401,0.0433996383363,0.0583858042358,0.0522344747533,0.00572675211344,0.0280748663102,0.0497213887698,0.0697170432112,0.0476441098285
0.0592937933925,0.012,0.0798950632006,0.0460514612653,0.00929752066116,-0.0103211009174,0.0368582711716,0.00214915108532,0.0523560209424,0.0293824701195,0.00876168224299,0.0601229350749,-0.0294181267575,0.0245093161157,0.0278996315143,0.0118317802845,0.00118040527248,-0.0319063004847,-0.0664961636829,0.0974947031328,0.0029102872327,0.0102851799906,0.0208383439782,0.0444145356662,0.0944123314066,0.0187731936258,0.0262021693137,0.0138549469841,0.0468483816014,-0.0139985642498,0.112828438949,0.0220828789531,-0.0344095888054,0.105658353446,-0.0481203007519,0.0159482403363,0.0492125984252,0.030938538206,0.00820707070707,0.0327913279133,0.0953157426623,0.0127001656543,-0.0560747663551,-0.0516039051604,0.0287895377129,0.0335640138408,0.0163227594703,0.0251162790698,0.0845120743834,0.0286586798215,-0.0139700279401,-0.0233477011494,0.079945799458,0.0195669188625,0.00649350649351,0.0353477765108,-0.0145310435931,0.0070460704607,-0.0332291962511,0.0517676767677,0.086213592233,0.0464941882265,0.00627090301003,0.00352781546811,-0.00631711939356,-0.0104678416228,0,-0.0351153039832,0.019255184088,0.023282226008,-0.018851756641,-0.0167394468705,0.0245358090186,-0.0148404147184,-0.00589254766031,0.03893996755,0.0209597352454,0.0789045553145,-0.0225400953619,0.0465496120866,0.0333084538349,-0.00996227957392
0.011582967522,0.0209486166008,0.0182199646643,0.00307789906855,0.0102354145343,-0.0127462340672,-0.000846381718155,0.00964615054686,-0.0298507462687,-0.00241896468312,-0.010133178923,0.00887842000362,0.0245152663249,-0.0216832362016,-0.0344827586207,-0.000727052408361,-0.00628807231283,-0.00250312891114,0.00243531202435,-0.0322148046627,-0.0171587181428,-0.058769088385,0.0176061151655,-0.00386597938144,0.025234741784,-0.0323548317977,-0.014002649402,-0.00952362212471,0.00976403580146,0.0276665453222,0.0130555555556,-0.0226727127234,-0.0373911953172,0.00121270919234,0.0663507109005,0.0505820792601,0.00813008130081,-0.0130916414904,0.00542684199541,-0.0110207294673,0.0101502233049,0.051254089422,-0.0211221122112,0.0301470588235,-0.0530115353006,-0.0194174757282,-0.0909090909091,0.0691470054446,-0.00373100264742,0.00685087919616,-0.0226687274601,0.0316292754689,-0.146800501882,0.00383828045036,-0.0516129032258,0.00165198237885,-0.0035746201966,-0.00663796196627,0.00587544065805,0.0132052821128,-0.0168037182696,-0.00501612325331,-0.000415454923141,0.0435370470525,0.0152574698029,-0.0235931757645,-0.0120218579235,-0.0114068441065,0.00415196180195,0.0252497225305,0.0288209606987,0.0340488527017,0.00323624595469,0.00206355757326,0.0460251046025,0.0437272254034,0.0361966504592,-0.0517718019603,0.00975609756098,0.0265314085057,-0.0196218507406,0.00612351964773
-0.00068814842948,-0.0460704607046,-0.0383906300835,-0.0200788195267,-0.03242147923,-0.099765258216,-0.0283778060144,-0.0441760585219,-0.0354011579818,-0.0271580989331,0.117578239251,-0.0405890804598,-0.087665869045,-0.00572930354796,0.00565770862801,0.016431213242,-0.0401423769033,-0.0547887913007,-0.0115396295172,-0.0119535259095,-0.0132220795892,-0.0953785644051,-0.0275829345956,0.00232858990944,-0.0383514596451,-0.0414083259522,-0.0359248010748,-0.0422254007986,-0.0427074939565,0.00070846617074,-0.0139840965177,-0.0221069868996,-0.0265104513015,0.0394864341085,-0.0548148148148,-0.0151737451737,0.00620347394541,-0.0328571428571,-0.0330080963255,-0.10374104537,-0.0148713826367,-0.0316390041494,-0.0708024275118,-0.0592433975732,0.00665555326628,-0.034141345169,-0.00166666666667,-0.0154472924801,-0.00785647980303,-0.0247221592198,-0.05745914602,0.0128342245989,-0.0176470588235,-0.0484323222024,-0.0937263794407,-0.0362836723474,-0.0215246636771,-0.00433447715369,-0.0236565420561,-0.0556872037915,-0.0207272727273,0.00288080662586,-0.0436408977556,0.0160663384296,0.0162805259862,-0.10250610772,-0.000553097345133,-0.0340659340659,0.00785610915857,-0.0121786197564,-0.0322580645161,-0.0447387258411,-0.0341935483871,-0.0148270181219,0.00766666666667,-0.0548628428928,0.00677789363921,-0.0159024648821,0.0276679841897,0.0186240973014,-0.0371710792648,-0.0191306577766
0.0257311437904,0.0438311688312,0.0555994135559,0.0727084883285,0.0680628272251,-0.00391134289439,0.03679163034,0.004,0.0205796604356,0.0149551345962,0.0198900811306,0.0318232871584,-0.00953743443014,0.00653180141444,0.0202180028129,0.0197446910045,0.00309023485785,0.0530973451327,0.0556067588326,0.0140862435656,0.052686353584,0.0260869565217,0.0324893299315,0.0134228187919,-0.00297619047619,0.028182028182,0.0441921174531,0.0816299015795,0.043771043771,0.0230088495575,0.0336484983315,-0.025397711415,0.0542253521127,-0.0221393614542,0.0673981191223,-0.00419492688282,0.0265104808878,0.0312302173454,-0.0212537569772,-0.00947306098283,0.142118863049,0.10230316015,0.0166908563135,0.0660091047041,0.0190221604758,0.0123718628491,-0.0719532554257,0.0424137931034,0.0286671137328,-0.108139534884,0.0341163310962,0.051742344245,0.00748502994012,0.0297347977498,0.0191826522102,0.00228180262407,0.0412465627864,0.0137855976782,0.134011367036,0.11417816813,0.0582992944671,0.0337522441652,0.0873533246415,0.0884978321857,0.0123228589033,0.0311072208382,0.0392916436082,0.0523321956769,0.101743589744,0.0323287671233,0.0390350877193,0.0726863994005,0.0581162324649,0.0148411371237,0.0876612636454,0.0622691292876,0.0139823925427,-0.00834904389981,0.024358974359,0.0582089552239,0.0423229256889,-0.0478705325629
-0.00498191396477,0.0248833592535,0.0115384615385,0.0535264850982,0.000490196078431,0.0104712041885,0.0195930037,0.0360779105799,0.0122668459083,0.0284872298625,0.0359250705671,0.0261248185776,0.0125180548869,0.0389481547188,0.0206789591591,0.0116408306522,0.0143766687205,-0.0117647058824,0.0375436554133,0.0812006079027,0.0168067226891,-0.00900423728814,0.0192337803944,0.0287824758023,0.0280597014925,0.0332509548416,0.0647280519554,0.0149289508505,0.0104838709677,0.0370242214533,0.0193704600484,0.0624284077892,0.0429726118904,0.0424213536702,-0.00587371512482,0.040944488189,-0.00660660660661,0.0114589727849,0.0193024786137,0.0409444112373,0.0182186234818,0.0121477162293,-0.0221270521056,-0.0103202846975,0.00182592818016,0.00628491620112,0.111890627811,-0.0241481971551,0.0282351563415,0.0263363754889,0.0394808004327,0.00669344042838,-0.0802377414562,0.0132674297607,-0.0458265139116,-0.0324416619237,0.0492957746479,0.0101986044015,-0.0287523080981,-0.0934684684685,0.104210526316,0.00625217089267,0.0379696243006,-0.00796626054358,0.0219111381619,0.032864725692,0.0676251331203,0.0221621621622,-0.0160119158443,-0.0252123142251,-0.000844238075137,-0.0220048899756,-0.0183080808081,0.0848609680742,0.0398418491484,0.0973671137606,-0.0245148110317,-0.0024443237371,-0.0104297037964,0.0222143864598,0.064097392539,0.0307265637871
0.0664717507042,0.0880121396055,0.316433248838,0.00384094096358,-0.0284174424302,-0.0388601036269,-0.0226804123711,-0.0722067934202,-0.0981075697211,-0.0425023877746,-0.0364131781026,-0.0696605374823,-0.0328102710414,-0.0187440319047,-0.0266756711126,0.0350410547011,-0.106499291355,0.00765306122449,-0.0336605890603,0.107825084689,-0.0413223140496,-0.0652057723143,-0.0107817313896,-0.0051993067591,-0.020325203252,0.0434877147206,-0.0483201807814,-0.0723658727834,-0.0391061452514,-0.00166833500167,-0.00659804697809,-0.0587601078167,-0.070664113288,-0.0621856424326,-0.0450516986706,-0.0148634700694,-0.0332527206771,-0.0129476026704,-0.0114052076609,-0.0780935974734,-0.0449070284177,-0.0652904464714,-0.0525547445255,-0.0219345559151,-0.0473876063183,0.0131852879944,-0.042226176994,0.021186440678,-0.0306678359776,-0.0492886178862,0.0210718002081,0.0551861702128,-0.119547657512,-0.0449293966624,-0.0849056603774,-0.02,-0.107802013423,-0.0237336167198,-0.0266159695817,-0.0832298136646,-0.0352716873213,-0.01725923369,0.00539083557951,-0.0814832309872,-0.0208457415128,-0.0693099710983,-0.0194513715711,-0.030142781597,-0.12280037843,-0.0364824394228,-0.02872834812,-0.045,0.0173633440514,-0.00759445604709,-0.0233986545774,-0.0344047080127,-0.0732984293194,-0.0117070514566,-0.0303541315346,-0.0120731286651,-0.0428364557192,0.00993242223229
-0.0650425054536,-0.0278940027894,-0.0465332529952,-0.0364847004295,-0.041351487645,-0.0222371967655,-0.0295358649789,-0.017499424361,-0.0349714706424,-0.0334164588529,-0.00488431876607,-0.0458000760167,0.0277777777778,0.035204616098,0.00173460537728,-0.0917318435754,-0.0348968955359,-0.0105485232068,-0.0458635703919,-0.0248306138503,0.0515973630832,-0.120068610635,0.00173371395979,-0.0343454454953,-0.0604623592175,-0.0927276515941,-0.0565150447075,-0.0381501359595,-0.138704318937,-0.0260695187166,-0.0316153028693,0.0718785796105,-0.0158511371468,-0.213066796685,-0.0487238979118,-0.054094521442,0.0237648530331,-0.0643574502972,-0.0250326512843,0.125817502336,-0.0677115219787,-0.0749871597329,-0.0701078582435,-0.0514705882353,0.0140306122449,-0.0270547945205,-0.00506756756757,-0.0944398340249,-0.0794712621169,0.00721539283805,-0.0484076433121,-0.0195337114052,0.152293577982,-0.0521505376344,-0.0328022492971,-0.0660264105642,-0.0192759755524,-0.0281204644412,-0.0505022321429,-0.108401084011,-0.0790513833992,-0.0147523709168,-0.0337035618537,-0.0398560041142,0.0571776155718,-0.0346544261786,-0.0228891149542,-0.0866957470011,-0.0222174288179,-0.0358858434586,-0.0539364941279,-0.0284218399402,-0.104930467762,0.0070786301894,-0.0332434860737,0.0525082044069,-0.00847457627119,0.00247933884298,-0.0230434782609,-0.036312849162,-0.0545438703494,-0.00715293745246
0.064179882637,0.0398134863702,0.0658869067654,0.0534087622295,0.0236717517096,0.0441075120606,0.0430434782609,0.0916334661355,0.047301163456,0.0887512899897,0.0343580470163,0.078271260705,0.0703181057163,-0.0401563787374,0.0465800865801,0.0685816213556,0.066212725992,0.0503198294243,0.108913903255,0.0631952847496,0.0405063291139,0.0188434048083,0.0620660884468,0.139175257732,0.0107255520505,0.0211299954065,0.0737915237075,0.0369844883265,0.112825458052,0.0387783115992,-0.0565157750343,0.0569062249532,0.131183473389,0.0185873605948,0.0552845528455,0.0719616040263,0.094074526573,0.0654983570646,0.0332663540969,0.10622406639,0.045048594694,0.0843975569128,0.115161557581,0.0515503875969,0.0407987421384,0.0894051390356,0.0713073005093,0.161473607038,0.0743424355625,0.114353940037,0.0559571619813,0.0478791773779,0.170382165605,0.0558706749858,0.184108527132,0.0713367609254,0.0675934803452,-0.0416277767407,0.0226270937408,0.141337386018,0.113376251788,0.0891265597148,0.093539437178,0.0559721478307,0.0189873417722,0.0941241517969,0.0583029672046,0.065671641791,0.0615486432826,0.0964243845252,0.0344827586207,0.0535026943803,0.111581920904,0.0512917933131,-0.116480793061,0.0552338530067,0.147578347578,0.0370981038747,0.0320427236315,0.0811594202899,0.079883714111,0.0441434340572
0.0256636553162,0.0189720593308,0.0388410831294,0.0244793050486,0.0395683453237,0.046204620462,-0.00500208420175,0.0182481751825,0.0224002913859,0.0454976303318,-0.015984015984,-0.00240118212043,0.0169832402235,0.0414619111539,0.0112508272667,0.186553847925,0.0246641708875,0.0535931790499,0.00987654320988,0.0395158724331,-0.00173792144595,0.257653061224,0.023050219488,0.0305429864253,0.00312109862672,0.0202429149798,0.0363744563973,0.0219220323062,0.0155979202773,0.00495540138751,0.0351846466996,0.00960566228514,0.0235246048795,-0.0191605839416,0.00538520801233,0.0604290108019,0.00446677833612,-0.00164473684211,-0.000864304235091,0.0127531882971,0.0128189015961,-0.0757808499744,0.0215453194651,0.03870254331,-0.00737218029211,0.0168012924071,0.0400950871632,0.115985482089,0.0312466585085,-0.012380952381,0.00608519269777,0.00889297761423,0.0979591836735,0.00537201181843,0.0155482815057,0.0113977204559,-0.00134710372699,0.0261005064277,0.0422413793103,0.017310252996,0.0276260841632,0.027495908347,-0.00543675244654,-0.00431143799138,0.00508187464709,-0.033260442125,0.0127889818003,0.0341736694678,0.0178719866999,0.0467789361133,0.0395555555556,0.00803799780782,0.0806861499365,-0.00252981568486,-0.0533870967742,0.0544533558463,0.0779543197617,-0.000794912559618,-0.00344976282881,-0.00603217158177,0.0335541832175,0.00819759034101
-0.00363160854512,0.0135409614083,0.0107150999316,0.0105336260554,-0.0410281759763,-0.0479495268139,0.00125680770842,-0.00885515496521,0.00195938724617,-0.020398912058,0.000507614213198,0.030364747269,0.000878927708196,-0.0104990651517,-0.00899869109948,0.0278936644999,0.00558779282184,-0.0312138728324,-0.0100516164086,0.0154691969909,0.0207753017642,-0.0578093306288,0.00682801040805,-0.0206366630077,-0.0385812072184,-0.0363756613757,-0.063181328292,-0.013878203527,-0.0230375426621,-0.0161078238001,0.00280898876404,-0.0175262894342,-0.0185443922266,-0.178294573643,-0.0498011479015,0.00260649309565,-0.000555864369094,-0.0133855024712,-0.0495242214533,-0.0281481481481,-0.0362327832237,-0.0443213296399,-0.0545454545455,-0.00851667849539,-0.00365258999069,0.00699078487448,-0.0342831022398,-0.0251696832579,-0.0498008809625,-0.0875120540019,-0.0186491935484,0.00881458966565,-0.0656753407683,0.00667913438418,0.00161160354553,0.00652431791222,0.0139388489209,-0.0201214882308,-0.0419079128757,-0.0157068062827,-0.0106283213504,-0.0353615801211,-0.112244897959,-0.0160468670402,0.011797752809,-0.0536695242259,-0.00631374453618,-0.046045503792,-0.0126582278481,-0.0257916241062,-0.0371953826422,-0.0275462123958,-0.0640799529688,-0.0036231884058,-0.00990465748554,-0.015612489992,-0.0617227084293,-0.00291699814373,-0.0155776720035,0.0418071476736,-0.0596377448,-0.0342315360866
-0.0289955595449,-0.0177020708083,0.0218796992481,0.00111645856872,-0.0103092783505,-0.0284956925116,-0.0209205020921,-0.0191448627951,0.00177777777778,0.0134197130958,-0.0134449518011,-0.00359389038634,-0.0120746432492,-0.0277951699463,-0.0108964834076,0.0105243286611,0.00320581320795,0.00596658711217,-0.0373216245884,-0.0289831549903,-0.0244457077885,-0.0123789020452,-0.0178586612317,-0.0152432190092,-0.031067961165,0.0382063601007,-0.0457914489938,0.0434972035341,-0.00524017467249,-0.0240561309723,-0.0204481792717,-0.0117227319062,-0.0246507299697,0.091320754717,-0.00725806451613,-0.000925926585418,-0.00611790878754,-0.0348570235859,0.000682593856655,-0.0137195121951,-0.0306424616969,-0.0208695652174,0.00461538461538,0.0733715103794,-0.00265172576023,-0.0107289365731,-0.00599558220259,0.0639686684073,-0.0201916509382,0.0103038309115,-0.0477657935285,-0.0482072913528,0.104774535809,-0.015923566879,-0.00965406275141,-0.0271066588097,-0.019955654102,-0.0379697791554,-0.0218705035971,0,0.0123222748815,-0.0211360634082,-0.0373563218391,-0.0116489774786,-0.0144364242088,-0.0649486296211,-0.0488758553275,-0.000567859170925,-0.0345326716294,-0.0343381389253,0.00532859680284,0.00521803950801,-0.0496231155779,-0.00490909090909,-0.040404040404,-0.02399349329,0.0166912125675,-0.0063829787234,-0.0316483516484,-0.00291262135922,-0.03523420288,0.00531368142302
-0.0548276176003,0.0129207752465,-0.0125082775366,0.00557503923296,0.0609375,0.178035470668,0.0346153846154,0.0110605074821,0.00230700976043,-0.0228310502283,-0.0311133967601,0.0014427412083,-0.00244444444444,0.00376060905766,-0.00934735436488,0.00934055669718,0.028973157222,0.0525899565045,0.0367730900798,-0.0463961221152,0.0164335664336,0.0479564032698,0.00989579507414,0.00773958570453,0.0320641282565,-0.00176289114147,0.0697993872912,-0.0551709405859,-0.0403863037752,0.0133515919206,0.00915070060051,-0.0113460546674,0.0339047306135,-0.0200553250346,0.0763606823721,0.0285520984901,0.0173475097929,0.0166522491349,-0.00272851296044,0.00953116950026,0.000531279054323,-0.0408525754885,0.232006125574,0.0150050016672,-0.0355320309006,0.03668261563,-0.00253968253968,0.0331288343558,0.0412155110897,-0.0264121338912,-0.0299352750809,0.0588793922127,-0.0480192076831,0.0431499460626,0.124289195776,0.0193821926105,0.0108597285068,0.0293999194523,0.124742571345,0.134308510638,0.0159176029963,0.0263157894737,0.054157782516,0.0214772132006,-0.00507042253521,0.0865698573638,0.0292908530319,0.0698863636364,0.08010280574,0.0602605863192,0.0265017667845,0.0470893585465,0.0984798413748,0.0615750045679,0.0093567251462,0.0570833333333,0.0333172380493,0.0355995717345,-0.0807989105765,0.0740019474197,0.0606228591286,0.0229186884791
0.0425002222815,0.0107418596845,-0.0210863572014,0.0161698977606,-0.019145802651,0.017371163868,-0.0152829409335,0.00729300729301,0.00672804532578,0.0672897196262,0.0140658174098,-0.0297136682874,-0.00490086879038,0.0108729276704,0.00202190395956,0.0247084952804,0.011801242236,-0.0240420736289,-0.0162221611218,0.00895193499518,0.00928792569659,0.0166406656266,-0.0177740138825,-0.00880957759205,0.0233009708738,0.0300220750552,0.0489409069495,-0.019895793725,-0.00914913083257,0.0266891891892,0.017852082743,-0.0109546165884,0.00550011305788,0.00211714890614,0.0233962264151,0.015110389957,0.0324532453245,0.012337800468,0.0239398084815,0.0359785659607,0.0248241072614,0.0141975308642,-0.0261031696706,0.00525624178712,0.024353216924,-0.0153846153846,-0.0238701464036,-0.0153074689892,0.0350995345152,-0.00564061240935,0.0150125104254,0.00239162929746,0.0201765447667,0.0183557394002,0.0137283236994,0.0516934046346,0.0282005371531,0.00195618153365,0.01831022757,0.0539273153576,0.0168970814132,-0.000657462195924,-0.00647249190939,-0.00769230769231,0.0039637599094,0.00572337985845,-0.00299550673989,0.0265533722783,-0.00555225064446,0.0184331797235,0.0305507745267,0.0116855524079,-0.00300842358604,-0.00705679862306,0.0540749324063,-0.00354749704375,-0.0102803738318,0.00284311191522,-0.0217283950617,0.00815956482321,0.0413217982822,0.00301559469052
0.00634683724236,0.013616738625,0.0107322271274,0.00495247754682,0.00550550550551,-0.0113830392715,-0.00838926174497,-0.0809199318569,-0.00228631727049,0.0131348511384,-0.0418738550118,0.0410170749814,0.0165659279158,0.000736710869319,-0.00336304018833,-0.0100695385171,0.0454266421117,-0.00538876058507,0.041922861934,-0.0434318616137,-0.00931606453079,0.122762148338,-0.00765666407477,0.0307657247037,0.00442757748261,0.024646378054,0.0645436852163,0.00926906501976,0.0138504155125,0.00888450148075,0.0356347438753,0.00659282700422,-0.00384725252685,-0.00140845070423,0.0206489675516,-0.0079891461504,0.00745871070858,0.0132380752259,-0.0269427744378,0.0381773399015,0.019689119171,0.0261716372489,0.111678366305,0.0169934640523,0.00909051448839,-0.0325,-0.063090968373,-0.0175556151166,0.0122662992518,0.00675310642896,-0.00219118049849,-0.0116313748882,0.0791100123609,0.036303630363,0.0121168923735,0.0610169491525,-0.0139312146278,0.0152284263959,0.00590804007192,0.035595105673,0.0462235649547,-0.00625,0.0187296416938,0.0397932816537,0.00564015792442,0.000471776928142,-0.00150225338007,0.0569063631661,0.047258225324,0.0864756158874,0.0438413361169,0.0416520826041,0.0669885334943,-0.0377881781938,0.00952729937706,-0.00712025316456,-0.0056657223796,-0.0157216494845,0.0015143866734,0.00509592326139,0.0535711610206,-0.0184698798233
0.0674962745333,0.0212975098296,0.0491000828376,0.0404054461764,0.0104529616725,-0.0172711571675,0.0186125211506,0.00231696014829,0.016393442623,0.0289541918755,0.0188473094783,0.0115885184525,0.0187183439771,0.0181550484172,0.0217648051291,0.0456598093327,0.042669798395,-0.0135448916409,-0.00241416309013,0.0626313468075,0.0141055045872,0.111617312073,0.00935217093498,0.0218881273491,0.0629722921914,0.01317715959,-0.00219225678359,0.0437275985663,0.0364298724954,0.0110893672538,0.05,0.00419177364422,0.00833435021354,0.0744005641749,0.0014450867052,0.0548577312577,-0.011634056055,0.0132725010369,-0.0201372997712,0.0253855278766,0.0699949186992,0.061684460261,0.0218140068886,0.00835475578406,0.00164072437674,0.00129198966408,0.0441969723334,0.000818442231619,-0.00748232447352,0.00241481083982,0.00576447982432,0.0334942667471,0.0767468499427,0.0335619794219,-0.00845070422535,0.00479233226837,0.0132450331126,0.0213461538462,-0.0183861082737,0.078410311493,0.00952930984695,-0.0195299569679,0.0167865707434,0.051689860835,0.0140213123948,0.0327239146879,0.0140421263791,0.000978952520803,0.0302741812643,0.017353077279,0.0092,0.0349462365591,0.0164027149321,0.00162132949018,0.0362976406534,0.0314741035857,-0.011396011396,0.0285415030113,0.0383064516129,0.0143155383239,-0.0031357324175,0.00700383748344
0.0113397287463,-0.00705806865576,-0.0388342545402,0.00622928743483,0.0285714285714,-0.00585823081429,0.0253322259136,0.000924641701341,0.000959070412765,-0.0319193616128,0,-0.0176242509693,0.0146995244272,-0.00181872789161,-0.0189894319683,-0.0230326295585,0.00694574807584,0.0204001569243,-0.00268889486421,-0.0673145005738,0.00113083795092,0.0094262295082,-0.0078766146664,0.012548680225,0.0130331753555,-0.00392237819983,0.0197653691498,0.00125418060201,-0.00702987697715,-0.00612903225806,0.00563236047107,0.0044351682755,-0.0145159924001,0.00262553331145,0.031746031746,0.00737333683947,0.0016051364366,0.0116659844454,-0.00303596450257,0.0236001850995,0.000474890181645,0.0139664804469,0.0387640449438,0.00924155513066,-0.0149263803681,-0.0058064516129,0.0748208631895,-0.0118577075099,-0.0079006213073,0.115096359743,-0.000818777292576,-0.00408759124088,0.0106382978723,-0.00379236785968,0.0525568181818,0.0042395336513,0.00174291938998,0.00602523065336,0.0374609781478,0.0806772908367,0.00600686498856,0.0121539500338,0.00904088050314,0.0122873345936,0.0176991150442,0.0101025475162,-0.01137487636,0.00195599022005,-0.0142302716688,0.0293381851262,0.00594530321046,0.00454545454545,0.0511964385086,-0.00791366906475,-0.0245183887916,0.00115874855156,0.0172910662824,-0.00636456211813,0.0247572815534,0.00529256101147,0.027076378784,0.00782237943881
-0.0182220797572,-0.0219709208401,-0.0268259895444,-0.0409099748469,0.00335249042146,-0.00942840306423,-0.00405022276225,0.0367205542725,-0.0120470655095,0.00694143167028,-0.00670241286863,0.0274488697524,0.0500639113762,0.0499473446668,-0.00100993098805,-0.0225486694053,0.0048471290082,-0.000384467512495,-0.0237260717174,-0.00467277486911,0.0192025302157,0.00852618757613,-0.00513662627451,-0.00683760683761,-0.0210526315789,-0.0122279792746,0.0107724453044,-0.0188289094343,-0.0362831858407,0.0133073677377,0.0257128309572,-0.00961038961039,0.0613997924687,0.107037643208,0.0398601398601,0.00816141993161,-0.0507478632479,-0.0105199271697,0.0606699461232,-0.0544755877034,0.0525691230568,0.00661157024793,-0.0108166576528,-0.0113672245027,0.0184720397093,0.030175210902,0.0705426356589,0.015724137931,0.0126671709473,-0.0636101776284,0.0636438131658,-0.01260627382,0.167368421053,0.0958838924578,0.0128205128205,0.0612137203166,0.0034797738147,0.0432341381246,0.0388665997994,0.00460829493088,0.0446403184532,0.00667111407605,0.0225944682509,-0.00816993464052,-0.00217391304348,0.0768100655466,-0.00450225112556,-0.0322108345534,-0.0076865391826,0.0134776844896,-0.0252167060678,-0.00969618616677,-0.0285865537321,0.00344452501813,0.0678635547576,0.0181327160494,0.00236071765817,0.0704586215731,-0.0298436759829,-0.0365603977771,0.00981304516918,-0.0344972297936
-0.0198929227038,0.0194912454575,-0.0243116309052,-0.0351179206399,-0.00715990453461,-0.0107079119572,-0.00772671817812,0.0140343060815,-0.0135040336724,0.00258509263249,-0.0121457489879,0.0043652872359,-0.0154189490769,0.0270812437312,-0.00943555181129,-0.0463204056462,0.00519480519481,-0.0576923076923,-0.0093896713615,-0.0428310298121,-0.00210572980162,-0.0386473429952,-0.00798013927122,0.0309810671256,0.00477897252091,-0.00524548887956,-0.0632138605579,-0.0417950068898,0,0.00768737988469,0.00397120873666,0.00209808549698,-0.0350963457456,0.153755174453,-0.0766644250168,-0.00870571409664,0.0241980866629,-0.0198323451237,-0.00883392226148,-0.0387281855128,-0.0187147688839,-0.0678708264915,-0.0645161290323,-0.075055892686,0.00632288284322,-0.0340157480315,-0.0296886314265,-0.0120858229223,0.0471759638426,-0.0435785695975,-0.0241397021058,0.021674584323,-0.110910730388,-0.00434216239687,-0.0153231179214,0.0348085529587,0.00953619419159,-0.00251166128454,-0.111272025103,-0.0706422018349,-0.00244964616222,-0.0241882041087,-0.00647619047619,0.0171805130619,0.026688453159,-0.0396799020465,0.0190954773869,-0.059505799294,-0.00906858114491,-0.0412034009156,-0.0493128536783,-0.0626631853786,-0.0316076294278,-0.00975609756098,-0.0601882985878,0.00833649109511,-0.0621761658031,-0.0265677357587,0.00732421875,0.0063752276867,-0.0570750661944,-0.013399776085
-0.0138653776862,-0.049902786779,-0.0537203083215,-0.068965172748,-0.0230769230769,-0.037282020445,-0.0577868852459,0.00417398945518,-0.0096,-0.0373871938118,0.00191256830601,0.0137343532684,-0.0333814135586,-0.0638950892857,-0.0210920224528,-0.0284044642429,-0.0278700627538,-0.0330612244898,-0.0476721494285,-0.0357211551672,-0.0469791203909,0.0950586264657,-0.023655682002,-0.0550918196995,-0.0570749108205,-0.0257329677283,-0.0401837461898,0.0542978291442,-0.0707070707071,-0.034965034965,-0.0244746600742,0.00968332897147,-0.101720623501,-0.0658636596617,-0.0793882010197,0.0969927389933,-0.0285714285714,-0.0387984981227,-0.0118092691622,-0.01715991047,-0.0477941176471,-0.0117439812096,-0.0216247808299,-0.0328038674033,-0.0115454495737,-0.0381480273883,0.0191044776119,-0.102680412371,-0.0610910354916,-0.0924685071027,-0.0497368421053,-0.0412670735251,-0.00709939148073,-0.0702136938509,-0.0561569688769,-0.0470927438731,-0.0313439244311,-0.0125899280576,-0.0524171645845,-0.0789733464956,-0.0534788540246,-0.00509337860781,-0.0509969325153,-0.0478944932901,-0.0201591511936,0.118685281823,-0.0157790927022,-0.028418230563,-0.0228789323165,-0.0566166439291,0.0365646258503,-0.0362116991643,0.0647158131683,-0.00985221674877,0.0146690518784,-0.0353250657648,-0.0452034153692,-0.0393410376199,-0.0256907416384,-0.0669683257919,-0.0328359079836,-0.0153929679191
-0.0410917351184,-0.031036834925,-0.011969079877,-0.0129270855688,-0.0349409448819,-0.00437226733292,-0.0113092648978,0.0459418070444,0.0540297971639,-0.00758928571429,-0.00790837196618,-0.0231521179901,-0.15220635259,0.0133631395926,0.00625543006082,0.00670479195425,0.023542813746,-0.0270156184044,-0.0491803278689,0.242213546861,-0.00291341335509,0.0137667304015,-0.00484742354605,-0.0130300353357,-0.0510718789407,0.0251136609656,-0.0102607684394,-0.0219545463663,-0.00395256916996,-0.0148221343874,-0.00582868727826,-0.00881285640228,-0.0249144047039,0.0216735253772,-0.00949367088608,-0.0291273694292,0.0248868778281,-0.00607638888889,0.0484780157835,-0.00455465587045,-0.0626206563707,-0.00534759358289,-0.0101553166069,-0.0174937522313,0.0239753607062,-0.00610169491525,0.288810779145,-0.00520833333333,-0.0345344882108,-0.0256940342587,0,-0.0284934828736,0.0858018386108,-0.0260318949343,-0.0508960573477,0.0206757438225,-0.0239361702128,-0.000728597449909,-0.036400114646,-0.0171489817792,-0.0181608532718,-0.000341296928328,-0.0379797979798,0.0281895504253,-0.0617217108825,0.0220051288314,0.0155310621242,-0.0121412803532,0.017756097561,-0.0431429260063,-0.0164068908942,-0.0231213872832,-0.053911205074,-0.0145568454026,-0.0331452750353,0.0198675496689,0,0.00665472229332,-0.00547263681592,-0.0265114775299,-0.0206404030044,-0.00597503321974
-0.00313459340154,-0.0242872228089,-0.0171616051148,0.000844927976825,-0.0132585415604,-0.0457967377666,0.0338319401672,-0.0359757372935,-0.0214577656676,-0.0143949617634,-0.0849367784497,-0.0384480337079,-0.0568267538345,0.0106922452626,0.0039716801934,-0.0175318315377,-0.0198478946392,0.00216919739696,-0.0132389162562,-0.00213337003647,-0.0123889668069,-0.027913994719,-0.016311724069,-0.0212575520251,-0.00398671096346,-0.0291446673706,0.00877636978253,-0.0293487289396,0.00793650793651,-0.0183884988298,-0.0224318123885,-0.00130753138075,-0.0301163586585,-0.0421589688507,-0.0359424920128,-0.0143006281152,-0.0198675496689,-0.0117903930131,-0.0281720430108,-0.0488052872395,-0.00437636761488,0.0448028673835,-0.0229330114665,-0.0261627906977,-0.0570341063956,-0.0156889495225,-0.0507954545455,-0.0594394825993,-0.0229637588825,0.0284934828736,-0.0592633619496,0.00811232449298,-0.0630291627469,-0.00770527329641,0.0203927492447,-0.0528656126482,-0.0227066303361,-0.0182282172803,-0.0193337299227,-0.0283533260632,-0.0551967116853,-0.0467736428815,-0.0298194036119,-0.0047270148901,-0.0184650894403,-0.0715082285842,-0.0103601381352,-0.0150837988827,-0.038726993865,-0.00125944584383,-0.0216847372811,-0.0225591715976,0.0156424581006,-0.0433807030666,0.00619985412108,-0.0435446906035,-0.066280904787,-0.0205949656751,-0.0230115057529,0.013616738625,0.00611394734613,0.00693850826619
0.0322486423332,0.00757575757576,0.0242232303347,-0.000656569799212,0.0558139534884,0.00854700854701,0.0111068556109,0.0199609459753,-0.0170553428472,0.0314924691921,0.0060078101532,0.0387073215264,0.0354572114103,0.0257391379329,0.0196078431373,0.0356893629748,0.0448523845572,0.0402597402597,-0.01872074883,0.0374367816092,0.0228402366864,0.135816841288,0.00470069071374,0.0781893004115,0.0120080053369,0.0152273221666,0.0371833812685,-0.0320109872696,0.0935039370079,0.00102179836512,0.0229465449804,0.0421576328882,0.0562244177841,0.0375665825624,0.03314001657,0.024293255132,0.0309684684685,0.0240830755634,0.0274396990485,0.0256547300909,0.0177117000646,-0.0817610062893,0.0716491661519,0.0444029850746,0.0265237128105,0.0232155232155,0.067520651263,0.110019646365,0.0342965306907,0.102858826997,0.046511627907,0.0133085731972,0.113453815261,0.0150448920165,0.0266469282013,0.0297339593114,0.00325278810409,0.0428889714074,0.0630876554443,-0.0527497194164,0.0550031075202,0.035100286533,0.0484848484848,0.0249346948468,-0.010582010582,0.00662314153104,0.0463609172483,0.0357345433919,0.0323095333067,0.00504413619168,0.0468883205456,0.0310253499811,0.028602860286,0.00390930414386,0.0782892352302,0.0115814696486,0.0354929577465,0.0327102803738,0.0184331797235,0.0307994757536,0.0459509723636,0.00643011315915
0.000178161582075,0.0286430361618,-0.0137890690289,0.0181572935,0.0215369554577,0.0554106910039,0.0227272727273,0.018506700702,0.0109773371105,0.0132743362832,0.0376231710958,0.0490420108982,0.00437693099897,-0.00481269374245,0.0254723346829,0.102464144769,0.00833182394494,0.0291302538494,0.0715421303657,0.0330833065579,0.0340159666782,-0.12777587974,0.0248847175651,0.00360474978796,0.0210942649967,0.0707092350546,0.0289826277007,0.0693587994543,-0.043204320432,0.101054780538,0.0336477185827,-0.027135678392,0.0427615974129,-0.0172926236152,-0.00160384923817,0.0457181880045,0.0709994538504,0.02071197411,0.0155072151626,0.0401250651381,0.0433180894309,0.03300124533,-0.04265129683,0.0678813862094,0.0239839238865,0.0257365391128,0.222384209936,0.0457227138643,0.0193722306327,0.000534473543559,-0.00534458509142,0.00274893097129,-0.034265103697,0.0533110207985,0.102379235761,0.0501519756839,0.0342751273738,0.0179811287164,0.00570613409415,0.0592417061611,0.0079528718704,0.0311418685121,0.0767960363336,0.0220111214087,0.00297088532383,0.0921394663053,0.0281086231539,0.0284775465498,0.0309119010819,0.0632371392723,0.0382736156352,0.0121100917431,0.108556149733,0.0630841121495,0.140168067227,0.0217133833399,0.0794341675734,0.0379587732529,0.0764203117144,-0.0260648442467,0.0277759484872,0.00456295259375
0.0427825977619,0.0100939784198,0.0553342937039,-0.018625275203,0,0.0395305744287,0.0123456790123,-0.00772765246449,-0.00350262697023,0.0170305676856,0.0192805755396,0.027144772118,-0.0884388618303,-0.00794555840645,0.0141470636618,0.0413410747806,0.0199389258128,-0.00404367165386,0.0353115727003,0.0678656842873,0.0791093208012,-0.00626713670192,0.00889453969524,0.0665539826748,0.0193673337637,0.0220132079248,0.0200144399483,0.025780771586,0.0291627469426,0.0166872682324,0.0320591861899,0.0219524793388,0.0320375223462,0.0445422051141,0.00401606425703,0.0335453471282,0.0902600713921,0.0338194884802,0.0455991516437,0.0378256513026,0.033727018142,0.0168776371308,0.0144491270319,-0.00234192037471,0.116093276802,0,-0.183944954128,0.102115655853,-0.00511842166488,0.0232371794872,0.0189479638009,0.00243679561377,0.0737628384687,0.0195188379483,0.0248528449967,-0.00289435600579,0.0223914017017,-0.00507170339279,-0.00312056737589,0.092841163311,0.0385739333723,-0.00503355704698,0.0793711656442,-0.00816141464521,-0.0118483412322,0.0338993632164,0.0227062094532,0.00425985090522,0.0744002998501,-0.0446070332783,0.0352941176471,0.00181290790428,0.0299083453932,0.0177655677656,0.0778301886792,0.0506182380216,0.0836693548387,0.0111407120368,0.0471742176553,0.0267624020888,0.0157125465432,-0.0177178102627
0.0482788881185,-0.013439007581,0.0447245864782,0.0559235388309,-0.00479156684236,0.0433749257279,0.0621951219512,-0.0105241001894,0.0124780316344,0.00128810648347,-0.0191981931112,0.0047308319739,0.0908323959505,0.0156724797641,-0.015896188159,0.00687515720634,0.0156745332864,0.00243605359318,0.0048724562912,-0.014632774603,0.0191829116549,0.00394166338195,0.028113278778,-0.00911251980983,0.0462317922736,0.0511063246524,0.0377948608208,0.0401966051778,0.0155393053016,0.0328267477204,-0.0167264038232,0.00505433409148,0.0146895391359,0.017899447223,-0.0112,-0.00741683836178,0.00187090739008,0.0204457166224,0.0505070993915,-0.000724112961622,-0.0138987043581,0.0243034973325,0.00415430267062,-0.010060362173,0.0282199200074,0.0316936282602,0.0118043844857,0.00844637829537,0.0249832405718,0.0375880971026,0.0821537607549,0.0258280158007,0.0426086956522,0.0117987533393,0.0159540523293,0.0817610062893,-0.000876040297854,-0.00492177887151,-0.00540694365396,-0.0184237461617,-0.0053460889139,0.024957841484,0.0269982238011,0.0283428571429,0.0131894484412,0.0305989976451,0.0235613955596,0.00265111346766,0.00645386359672,-0.0217391304348,0.00871212121212,-0.014115092291,-0.0683840749415,-0.0160158358827,-0.0183260393873,0.0831187936741,-0.00604651162791,-0.00239520958084,0.0490633363069,0.0333757151939,0.0340370650742,0.040239710456
0.0217272526848,0.0230527418791,0.00783952040581,0.001244348834,0.0192585459798,-0.00170842824601,-0.0019135093762,0.0108487555839,-0.0124978302378,0.0471698113208,-0.0164075993092,0.00584510472479,0.0020623872132,0.0133662380668,-0.00197791330147,-0.00549587809143,0.0213282469221,-0.0303766707169,0.0122646891044,0.0134027763622,0.016380099705,-0.0270906949352,0.0252628520104,0.0165933626549,-0.00363196125908,-0.0154619970194,-0.0217146482671,0.0579744801331,0.038703870387,0.0194231901118,0.0199270959903,0.0173497611265,0.0426290895963,0.0338763899664,-0.0105177993528,8.42767648958e-05,0.0247432306256,0.0156281306351,0.0339833944777,0.0444444444444,0.0100334448161,0.0341435185185,0.0141843971631,-0.020325203252,0.00210590762507,0.03808,0.0187777777778,-0.0362944162437,0.0258078499669,0.00704402515723,0.0618107206976,0.0248815165877,0.0825688073394,0.00946094609461,-0.035175879397,0.0120751341682,0.00789127575625,0.00459282812224,-0.0649499284692,0.014598540146,0.00735502121641,0.0200723922343,0.0121065375303,0.0891309179818,0.0284023668639,-0.00706742247807,0.0154935812306,0.00687466948704,0.00571923743501,-0.0340909090909,-0.0105144573789,0.00550660792952,-0.0558069381599,0.0045720555962,0.0133741989412,0.0621392190153,0.0135704258306,0.0324129651861,0.0123299319728,0.00953552752999,-0.0185529134243,0.0177854901172
0.00406540930854,0.0105838170024,-0.00503317318691,-0.0100853960967,0.0505432215399,0.0142612664005,0.00766871165644,0.0132575757576,0.0562489013886,0.033579033579,0.0339479075212,0.0395480225989,0.0362104450733,0.00575476332049,0.00545004128819,0.0174160596165,0.0156196943973,0.0329991645781,-0.0152155536771,0.0472699111929,0.0228228228228,-0.0169491525424,0.013336665782,0.0200589970501,-0.00729040097205,0.0219489120151,0.00286983591673,0.0300613885197,0.0363951473137,0.00757794457275,0.0215630212056,0.0568462679189,0.0132981220657,0.00525262631316,0.0449713818479,-0.0230342696629,0.0437357630979,0.0114420990333,0.0212885154062,-0.0175763182239,0.0469489120151,0.0386121992166,0.0215617715618,0.039764868603,0.0442469952493,0.00154130702836,-0.0618388046679,-0.0316038978141,0.0324944674889,0.00449662752935,0.0442028985507,0.00606936416185,0.0161787365177,0.0544899738448,0.0211588541667,0.00662836942112,0.0265332753371,0.02356251099,0.0985312117503,0.0616649537513,0.0050547598989,0.0329032258065,0.0082023239918,-0.0165306122449,-0.012082853855,0.0142428287984,0.014385353095,0.0225840336134,0.0392900224022,0.0624836601307,0.0273244781784,0.0529390288426,0.0493876464324,0.0212998361551,-0.0164971130052,-0.000639386189258,-0.0327793167128,0.0320930232558,0.0264594708106,0.0036563071298,0.0121903209542,-0.0174746941177
0.0339955959897,-0.000337837837838,0.0356403770982,0.00887928226011,0.00404676258993,0.0404949381327,0.00875190258752,-0.0471443406023,-0.00299550673989,-0.0249603803487,0.0611378431928,-0.0298136645963,0.0368071503941,0.027241694856,-0.0121550591327,0.0520533289441,-0.0234035439652,0,0.0226037195994,0.0138482075118,0.000587199060481,0.100164203612,-0.00646869016652,-0.0140736456526,0.0134638922889,0.0220329568598,0.038542997106,0.00775901414879,-0.00501672240803,-0.0166893489005,0.00408163265306,-0.0233863423761,-0.00559461619543,-0.0246329932819,0.0414710485133,-2.87521729454e-05,-0.00174596246181,-0.0144333918471,-0.0221247028707,-0.0310734463277,-0.0468767649384,0.00646551724138,0.00171135196805,-0.0415696707682,0.00285473628995,-0.0400123114805,-0.0210416182283,0.0984498232255,0.0585456046816,-0.0862969410594,0.0148045338885,-0.00459638035047,0.0659590598939,0.00103348491112,0.0060567421103,0.0219490781387,-0.00932203389831,-0.000171791788352,0.0359331476323,0.0290416263311,-0.00447052249232,0.050593379138,0.00203389830508,-0.00435775057066,-0.0128130460105,0.0101739535154,-0.0077352814783,-0.010272213662,-0.0338252362792,-0.0164862204724,-0.050240118212,-0.0145631067961,-0.0409742483826,-0.0188948306595,0.0106234274532,0.0134357005758,-0.0224343675418,-0.01081568274,-0.0290507364975,-0.0121432908318,0.0343427588842,0.0226766091738
0.0262480947992,-0.0108144643461,-0.026865008881,0.0152182361638,0.0116435288849,0.0172972972973,-0.0128253489249,-0.000871839581517,0.00851276915373,0,0.00906908508936,-0.00720230473752,0.018438697318,-0.0108048864711,0.011306950449,0.00774396683224,-0.0152345087299,0.0266882329155,0.00699496362619,0.0824089948944,0.00156494522692,0.00373134328358,-0.00336801156794,0.0164254986312,-0.0030193236715,-0.0126811594203,0.0164936096019,0.00329222408027,0.0109243697479,0.016317016317,0.0123112659698,0.00742337164751,0.0213570180547,0.0015306122449,0.0157776108189,-0.00572184693168,0.0166156536948,0.0172174945577,0.0278608825729,-0.0123906705539,0.0231097416449,0.0224839400428,-0.00455580865604,0.0218598195697,-0.00268064154341,-0.00352677140109,0.0270751692198,-0.00198068828918,0.0370808772156,-0.02204681546,0.0202872122179,0.033189033189,0.0384068278805,0.0262234152385,0.0126742712294,0.0614261168385,0.0201026518392,0.0237113402062,0.0322667383705,-0.00282220131703,0.0376087566657,0.0439952437574,0.0209742895805,-0.0137557315548,-0.0070796460177,0.0260606016975,0.0186227804244,0.0290607161391,0.0465076368629,0.0165123842882,0.024504084014,0.0200562983814,-0.0222222222222,0.000726744186046,0.0426002766252,0.0243055555556,0.0380859375,0.0273348519362,-0.00168563000421,0.0685310387216,0.0139723587426,0.0208701970338
0.0159348400352,0.0358729074137,0.0738459198418,0.00301313904984,-0.00225763612218,-0.0100956429331,0.0137562094001,0.00065445026178,-0.000827540549487,-0.00487606663958,-0.0266983875231,-0.0264388199258,-0.00705384434517,0.00430541642635,-0.00772772114436,0.0100139763299,-0.0265948200939,0.0118156754628,-0.026951931092,0.0398876355331,0.00029296875,-0.0498141263941,-0.0040547584992,-0.000384763370527,0.068443367656,0.0110091743119,0.0162259845474,-0.0270326579509,0.0390689941812,-0.0100344036697,-0.0355667737494,-0.0045162823865,0.00512639208061,-0.0292919001528,0.00813609467456,0.0243210088612,-0.0309677419355,0.00719844357977,0.0189194105876,-0.0341943419434,0.0223560755242,0.0157068062827,-0.0102974828375,0.00339558573854,-0.00201714573878,0.000965250965251,0.123366863221,-0.0401885388241,0.0166462268008,0.00222655162817,0.0140750670241,0.00810055865922,0.0123287671233,0.0442655935614,-0.0112640801001,-0.0368271954674,-0.0331236897275,-0.00537092984223,0.00573065902579,0.0207547169811,-0.0216391668921,0.0224943052392,0.0414181577203,0.0306424344886,0.0196078431373,0.00372560988444,-0.0102040816327,0.00302571860817,0.0872417185963,0.0110755599311,0.0110098709188,0.0120731286651,0.0324675324675,0.00889615105301,0.029450782701,0.0326656394453,0.0169332079022,0.0148558758315,-0.0135078092022,0.00488927236123,0.014365366974,-0.0200164955014
0.0197267492756,0.0237137203166,0.00871104815864,-0.0395129408448,0.0648209769732,-0.00268384326355,0.0203543158688,-0.00283409635928,0.0115951631605,0.0167415271539,-0.0187398153178,0.00463652922669,0.0123135211935,0.0148305618385,-0.0145816072908,-0.0486108442532,-0.0216071428571,0.0288049824835,-0.0342661336379,0.0194733608799,0.0035145953334,-0.00117370892019,0.0115356848185,0.00173210161663,0.0425170068027,-0.00744101633394,0.0498975224546,-0.0116434689507,-0.0648,0.0225890529974,-0.0128479657388,0.0468003820439,0.0249679461723,-0.0199422723695,0.0491562729274,0.0219361395782,-0.0426098535286,0.0274290129419,0.000892697732548,0.0198675496689,-0.00441876274643,0.0159793814433,-0.0184971098266,0.02910321489,-0.00286508337544,-0.000996464159434,0.111568546727,-0.0405789609718,0.0272915895968,-0.0236045542905,0.0275391055299,-0.0229980604045,-0.0710419485792,0.057225433526,0.000632911392405,-0.0226890756303,-0.00867302688638,0.0234559568005,0.032116032116,-0.00277264325323,-0.0530826651921,-0.030910609858,-0.0054088450525,-0.0215296288702,-0.0203962703963,-0.0367752939367,0.0103092783505,0.0346907993967,0.0277526395173,-0.0365141187926,0.0236575291025,0.0606680299932,0.000524109014675,0.00521864315278,-0.00463917525773,-0.0310355117875,-0.00555041628122,-0.00502512562814,0.0346598202824,-0.00429307384087,0.0305751358147,0.0117314330633
0.0907844298314,0.00228744482748,0.032858246156,-0.0335580805669,-0.0075,0.02691065662,0.0184706316956,-0.113248797551,-0.043229081382,0.1,-0.0121782452256,-0.0273611340036,-0.108538011696,-0.0227348314495,0.010089120565,0.0920102593101,-0.046358824603,0.0276201286417,0.068894145476,0.275591656142,-0.000389142912735,-0.027027027027,0.0136395846184,0.0220941402498,-0.0543773790103,0.0179191808374,0.0291529705599,-0.066865267434,-0.00940975192472,0.0246389124894,0.0373583996144,0.0620437956204,0.0516585762757,-0.0117804551539,0.0041958041958,0.000524614619592,0.00834492350487,0.0180485053582,0.0417409917945,-0.0384615384615,0.0400591783316,0.00963977676306,-0.0223792697291,0.0236764222295,0.0435811546979,0.0219119019273,0.111111111111,0.0625,0.10330390889,0.0639931740614,0.0300171526587,0.00765740215542,0.0167516387473,0.0224166211044,-0.00379506641366,0.000859845227859,0.0341207349081,0.00972794723825,0.0677540777917,0.0166821130677,0.0452554744526,0.051724137931,0.110684580934,0.024308466052,0.0160618679358,-0.000696676995871,0.0144557823129,0.00971817298348,0.0302318755503,0.114451743305,-0.001100513573,0.00353470437018,0.0717653221582,0.0232724668815,0.0302951838426,0.0677548506314,0.0483720930233,0.0595081247255,-0.0566583953681,0.0316182811153,0.0219756282752,-0.0103074935182
-0.0116883116883,-0.00803600128576,-0.0653932431514,-0.00195619623749,-0.0235096557515,0.0686582809224,-0.00108813928183,-0.0197238658777,-0.0143761766216,-0.00766703176342,-0.00196133370692,0.0488052872395,0.0139071109945,-0.00631371493298,-0.0126519061095,-0.00473479979834,0.0258373205742,-0.0261413843888,-0.07081604426,-0.0571349067165,-0.0222871046229,0.106280193237,-0.0366212767028,-0.0221804511278,-0.0253018976423,-0.012933357284,-0.0123155457614,-0.0264685395867,-0.0371329879102,0.0323383084577,0.0183550185874,0.0678694158076,0.00877368421053,0.132213492279,-0.025069637883,0.0277496832288,0.0128735632184,-0.0374884579871,-0.0236301369863,0.0122077922078,-0.0513185250027,-0.00904522613065,-0.0638554216867,-0.0334082878252,-0.00890095322265,-0.0255037783375,0.025,-0.0611054766734,0.00802636097622,-0.0804597701149,0.000416319733555,-0.00506614128905,-0.0143266475645,0.00677361853832,0.107301587302,-0.0223367697595,-0.0308798646362,-0.00228608752449,-0.0218566392479,-0.098450319052,0,-0.0144808743169,0.00489631336406,-0.0200490998363,-0.0257611241218,-0.0192809057305,0.00419111483655,-0.051010587103,-0.0323361823362,-0.0537293130809,-0.0323172970988,-0.0214537303874,-0.0738025415445,0.0253673897831,0.00753958280975,0.146812806461,0.0164152617569,-0.0277720207254,-0.0293730819816,-0.0281415436055,-0.0118263919761,-0.0251731185227
-0.0464047306176,-0.0622164614388,-0.0450941886683,-0.0168671822369,-0.030524505589,-0.11574301128,-0.0511982570806,-0.034708249497,-0.0349018926897,-0.00515084621045,-0.00140370578327,-0.0489578284052,-0.032867494824,0.0207330164085,-0.0301804080256,-0.0718366819063,-0.0460820895522,-0.0238185255198,0.020541827925,-0.0439739190117,0.0389209635676,-0.102983988355,-0.0272486178616,-0.00422914263745,-0.0365781710914,-0.0478616924477,-0.0860340323378,-0.066082359488,-0.0233183856502,-0.0439089692102,-0.119324663473,-0.0271520514883,-0.0391303667298,0.00239291696578,-0.0578571428571,-0.074633550051,-0.00953245574217,0.0111281657713,-0.055419151175,-0.0364382858609,-0.0200692041522,-0.0750507099391,-0.0630630630631,-0.0302426055168,-0.0142087212151,-0.0184168012924,-0.121951219512,0.00270051309749,-0.0498948382029,-0.0220930232558,-0.068456096546,-0.0783592644979,-0.0479651162791,-0.0531161473088,-0.0951834862385,-0.0869947275923,-0.077258838935,-0.0307692307692,-0.0619894281595,-0.0808897876643,-0.0564245810056,-0.0718048239534,-0.0713671539123,-0.019624217119,-0.0258413461538,-0.10685988478,-0.0613522537563,-0.0354969574037,-0.0170764021787,-0.0428845232391,-0.042504743833,-0.0349312827225,-0.0246701846966,-0.0165500767787,-0.0177101521576,-0.034708249497,-0.0449585333915,-0.0170539330633,-0.0121951219512,-0.0272362385321,-0.0723622178262,-0.0667857158489
0.000903972241438,0,-0.0181278086678,-0.0262239737642,-0.0235033259424,0.0038824181919,-0.0482204362801,-0.0039082855654,-0.0138539042821,-0.00480769230769,0.0039359010402,0.0152905198777,-0.0001337971635,0.000986548881744,0.0144297635605,-0.198598598599,-0.0109524740857,-0.0154918667699,-0.0137106184364,0.0907152548944,-0.0119766216346,0.156592292089,-0.00847414419999,-0.0457528957529,-0.00367421922841,-0.0170107033639,-0.0429757812198,0.0080653742206,-0.0128558310376,0.0100812097452,0.00958549222798,0.000620219144098,-0.0105013384591,-0.00954881833373,-0.000758150113723,-0.0096969021301,-0.0559120073327,-0.0506641366224,-0.0155959896027,0.000266311584554,-0.00400188323917,-0.0263157894737,-0.10782967033,-0.0284441398218,-0.00944333996024,-0.0128373930217,0.00925925925926,0.0215459197414,-0.0243001843258,-0.044292508918,-0.0281438463257,-0.000920810313076,0.0404580152672,0.00317875841436,-0.0291508238276,-0.0101058710298,-0.0217596972564,-0.0216143194867,-0.00384221311475,0.00880088008801,0.00562462995856,0.0149342891278,-0.0518518518519,-0.0140545144804,0.00431832202344,0.0244082410977,-0.000889284126278,-0.0231335436383,0.0414856971694,-0.0217772215269,-0.0178359096314,-0.025175892176,-0.0347626132828,-0.00346981263012,0.0358049771458,0.069046378322,0.0580438756856,-0.0323140316634,-0.0219478737997,0.000884173297966,-0.0351901677462,-0.042463581874
-0.0293443033722,-0.0922598479613,-0.0526724071057,-0.0606534047329,-0.0613079019074,-0.0734806629834,-0.0603136308806,-0.0491760397594,-0.0392264185368,-0.0683760683761,-0.0831699803976,-0.0736278447122,-0.0453633079085,-0.0530310231485,-0.0272493573265,-0.0350237322008,-0.0454815107771,-0.0464201416208,-0.0644779650991,-0.0444813037669,-0.0271528316524,-0.0392844615924,-0.0436854711032,-0.0163868096298,-0.0448678549478,-0.0379156134552,-0.0805363168176,-0.0510977411864,-0.046511627907,-0.042971998891,-0.0192455735181,-0.0165289256198,-0.0768247243913,-0.059291395517,-0.0523520485584,-0.0725300711023,-0.0660194174757,-0.0673595842495,-0.0135797812146,-0.0878594249201,-0.0394705743323,-0.0833333333333,-0.0484988452656,0.0042328042328,0.0475012543904,-0.0333444481494,-0.0733944954128,-0.0118639599262,-0.0761527854553,-0.0702954898911,-0.0926223856585,-0.0562211981567,-0.0902421129861,-0.0760484622554,-0.0274151436031,-0.0982012639767,-0.0444874274662,-0.0441836382465,-0.0555412702494,-0.041439476554,-0.0680011775096,-0.0520894643908,-0.0423177083333,-0.04686825054,-0.113636363636,-0.0750006069975,-0.0449488206498,-0.0570505920344,-0.053494391717,-0.0903275332651,-0.044390637611,-0.0486956521739,-0.0952914798206,-0.0118384401114,-0.029173817112,-0.0487448208628,-0.104535637149,-0.025100851636,-0.0434782608696,-0.0459363957597,-0.0838887817776,-0.069258047452
0.0410111371463,-0.0178911305672,0.027350147396,0.0177508276406,0.0362844702467,0.0787119856887,-0.00898587933248,-0.0118294360385,-0.0167109760729,0.032708416434,-0.0213805742211,-0.0469653179191,-0.00308382394169,-0.0114062012965,0.026250880902,-0.0102516309413,-0.0174021131137,0.00742574257426,0.0142269996838,0.0937859489843,0.00279106858054,0.0430814165754,0.0148968624332,0.0292060880296,-0.01287001287,0.0111156022635,0.0232474430446,0.00234707838797,0.0487804878049,0.0353418308227,0.0217163788592,0.0718487394958,0.0352725089608,0.0771201639764,0.0344275420336,0.0202614174552,0.010395010395,0.0190741534505,0.0019120458891,0.00963222416813,0.0298966535433,0.0141277641278,0.0631067961165,0.0245872848613,-0.000641863896114,-0.0155225939979,0.019801980198,0.0509605122732,0.0365680057073,0.0157243225159,0.0385005065856,-0.00162760416667,0.0395161290323,0.0175509380674,0.0691275167785,0.0522911051213,0.0247975708502,0.0185987721199,0.0307650421998,0.0341296928328,0.0432722678459,0.0434647624961,-0.00543847722638,-0.0117833673238,-0.018018018018,0.0895250761208,0.00931966449208,0.013698630137,0.0294743239137,-0.0208157524613,0.0325168918919,0.0223034734918,-0.0483271375465,0.0327695560254,0.0209595959596,0.0176787086856,0.00578871201158,0.0314942528736,0.0234604105572,0.162962962963,0.0192416099816,0.0760167136783
-0.0231217180649,-0.0197674418605,-0.0274988043998,-0.000226701858256,-0.0519374416433,-0.0403537866224,-0.0172711571675,-0.0412026726058,0.0334105832368,-0.0135187331016,-0.063670411985,0.0200909780136,-0.0154668166479,-0.00979029948056,-0.0412017167382,-0.0772651182256,0.00442757748261,-0.0307125307125,-0.0317955112219,-0.0179046011613,0.0275347912525,-0.0539026951348,-0.0212839524074,-0.0083932853717,-0.026075619296,0.0159904057565,-0.0613626418882,0.00653645544335,-0.0139534883721,-0.0260212646894,-0.00128040973111,-0.0495883967072,-0.0687099163447,0.00975261655566,-0.0572755417957,-0.00539083891987,-0.0519547325103,-0.0466876971609,0.0135496183206,-0.013587742122,-0.0510715565643,-0.0696547546941,-0.124619482496,-0.041480973603,-0.0359482919768,-0.0322354590049,-0.0594174757282,-0.0802234069561,-0.0705527504313,0.000658761528327,-0.0521951219512,-0.0267362243234,-0.0690457719162,-0.0418318794607,-0.0295040803515,-0.0286885245902,-0.0651851851852,-0.0351001595462,-0.0153195985209,-0.0781078107811,-0.0178625491977,-0.0211246652782,-0.0878332194122,-0.0229305205228,-0.0190543401553,-0.0554270662683,-0.0581717451524,-0.0619369369369,-0.0779220779221,-0.0382074116633,-0.00654396728016,-0.0371959942775,-0.0550130208333,-0.0225179119754,-0.0692555033391,0.0377643504532,-0.0446043165468,-0.0635168263873,-0.0343839541547,-0.0172505307856,-0.0585892850559,-0.0159192836078
0.0133087484588,0.00810597073942,0.0149168100975,-0.00479885627465,0.0286839837498,0.0455069124424,-0.000219683655536,0.00580720092915,0.0104653335825,0.0751761942052,-0.0153333333333,-0.0154217762913,-0.00628391888032,0.0377836064158,0.0299015219338,0.0439367311072,-0.0178421494542,0.0380228136882,0.020605280103,0.161687283174,0.0304730579472,-0.015538290788,0.0469894072263,0.0504836759371,0.0153949129853,0.0411174503246,0.0589208508149,0.0306287831178,0.0320754716981,0.0499856363114,-0.00358974358974,0.0377397401526,0.0659679408138,0.0471142520612,0.0418719211823,0.0198427061911,-0.026044492675,0.0551511140525,0.0726793447562,0.0161195779601,0.00912949991691,0.0651041666667,-0.0123886111715,0.032904148784,0.0401077893732,0.0220854453295,0.0297274979356,0.0874965498206,0.0926323404459,0.0194206714944,0.0813175501801,0.0348408710218,0.0875,0.075936271467,0.0627425614489,0.0490506329114,0.0353935552034,0.024067609774,0.0836909871245,0.063245823389,0.0665844636252,0.0340425531915,0.0299737729487,0.0295705233513,0.0381294964029,0.0398054785669,0.0629901960784,0.047418967587,0.0864276568502,0.0259856630824,0.0230547550432,0.0252600297177,0.0265242852222,0.112041884817,0.0632474089822,0.0596797671033,0.0627510040161,0.0680628272251,0.0459940652819,0.0780448285174,0.068463105123,0.0495442663035
0.0624901928937,0.0178466365954,-0.0103367519987,0.0111136243623,0.014360938248,0.0110192837466,0.0257086354647,0.0421478060046,0.0453116330682,0.0203932993445,0.0203114421124,0.0356671070013,0.0244323081345,0.01871622992,0.00452016689847,0.0277506245248,0.0577046377431,0.027676027676,0.0451104100946,-0.061664743841,-0.0291025159594,-0.0353250657648,-0.00453621488651,0.023309352518,0.00263678312459,0.0275888133031,0.0525952333681,-0.0153085785808,0.054844606947,0.0177838577291,0.0285640761709,-0.0131160572337,0.0794274146906,0.0029246344207,0.0449172576832,0.0729685622995,0.00111420612813,0.0137988710015,-0.0101807969107,0.0608595327372,-0.00810878243513,-0.0354523227384,0.0572183098592,0.0484764542936,0.00461759082218,-0.00283386468296,0.0825982357658,0.162436548223,0.0376799282941,0.0762027768809,0.0585435506901,0.0207186791842,-0.0122605363985,0.0523076923077,0.0645161290323,0.0145801910508,0.0234693877551,0.0191962683889,0.0363861386139,0.113355780022,0.0156069364162,0.047619047619,0.0549290651146,0.0533394118988,0.036729036729,0.0430157639979,0.0297440627162,0.0286532951289,-0.0290218031821,-0.00524017467249,0.0587525150905,0.0554347826087,-0.00201342281879,0.0243251726303,-0.0174956260935,0.0364010989011,-0.00614076523382,-0.0797682709447,0.0510638297872,0.0152805611222,0.0252419354839,0.024088113153
-0.00692305101345,-0.0631984585742,-0.0387596899225,-0.0337318197638,-0.0391694195375,-0.0130790190736,-0.0394173093402,-0.00914127423823,-0.0196390658174,-0.0581727337616,-0.107498341075,0.0184037900875,-0.0448933782267,-0.0334010577257,-0.0195569401177,-0.0069749009247,0.00161648817943,-0.0352475247525,-0.133111983097,-0.0116009553728,-0.0512473409399,-0.05453837164,-0.0187031873599,-0.00881139857518,-0.0315581854043,-0.00790731886723,-0.0825487944891,-0.0530386980423,-0.0450606585789,-0.0314516129032,0.0112584438329,-0.0211437776883,-0.064833121688,0.0107671601615,-0.0324283559578,-0.0446636936228,-0.016694490818,-0.0296968447102,-0.0305018620323,-0.0562805872757,-0.0173563073827,-0.0437262357414,-0.0757701915071,-0.0350066050198,-0.0041205523253,-0.0550621669627,-0.0277777777778,-0.0661572052402,-0.0859562634307,-0.047704770477,-0.0440647482014,-0.0364732001269,-0.0830100853375,-0.046418128655,0.0240137221269,-0.0257680872151,-0.0348953140578,-0.00123217743355,-0.0257941246716,0.0100806451613,0.00142287990894,-0.0468574635241,-0.103448275862,-0.034191733391,-0.0367647058824,0.0192999647239,-0.0170174652933,-0.0211699164345,-0.0435442269762,-0.0722856306702,-0.0098821740783,-0.00274630964641,-0.0665770006725,0.0199172667382,-0.0262019842279,-0.00751049259996,-0.0636882129278,-0.0535108958838,0.00719748088169,-0.0182580804342,-0.0751271068269,0.035746982938
-0.0796117771371,-0.0427807486631,-0.0735144312394,-0.0752629736711,-0.056974459725,-0.0358917725014,-0.0575379125781,-0.0251607492312,-0.0669554232088,-0.0773020083365,-0.0200743494424,-0.092145285382,-0.0490599294947,-0.0387010229787,-0.0427184466019,-0.0612994199968,-0.00302602380472,-0.0513136288998,-0.0692896935933,-0.0895342054829,-0.0705258866694,-0.109600329625,-0.0364144877959,-0.0660109703045,-0.0448065173116,-0.064874884152,-0.0670933371471,-0.070017438392,-0.0344827586207,-0.0480155426034,-0.00742206828303,-0.0191318658712,-0.0889974961755,-0.0437194851309,-0.0646921278254,-0.0765792838436,-0.044142614601,-0.0335812964931,-0.00749954271081,-0.0717372515125,-0.0259823371304,-0.0324718356528,-0.0765765765766,-0.0462012320329,0.0291447682752,-0.0424812030075,-0.0901904761905,-0.10989010989,-0.0828674160855,0.0233144297417,-0.0747883349012,-0.0385121790652,-0.093062605753,-0.0567267152166,-0.070910106086,-0.0656154628688,-0.0723140495868,-0.0438843849136,-0.0791860750184,-0.179640718563,-0.0556976413754,-0.0942007653812,-0.065,-0.0564642617074,-0.029840388619,-0.0334084459382,-0.0455580865604,-0.0375640295959,-0.024904822335,-0.0473186119874,-0.0276391554702,-0.04165232358,-0.0511527377522,-0.0307946522458,-0.0851619644723,-0.11929668373,-0.0893401015228,-0.0741877718086,-0.0151853506029,-0.0668509675798,-0.0798611379574,-0.0476828228445
0.0418940332397,0.0670391061453,0.095015576324,0.0899789735389,0.0713541666667,0.0601374570447,0.0818741126361,-0.011184399197,0.0143133462282,0.0377823408624,0.0675265553869,0.0072920772566,0.0843373493976,0.0424181825174,0.0313479623824,0.156397029647,0.0453257790368,0.070964950238,0.013468013468,0.114871446222,0.05,0.0379453956502,0.0393112579718,0.0781692993115,0.0618336886994,-0.00931615460852,0.0989862793193,0.0498390101282,0.0451127819549,0.0655976676385,0.0326520438684,-0.03125,0.099786163522,0.0118356927361,0.0258333333333,0.0244275651589,0.0373001776199,0.0118759621729,-0.00939918908957,0.0387957790192,0.0553219448095,0.0143835616438,0.0282926829268,0.0534625044851,-0.0396935933148,0.010993325481,0.00680414529467,-0.0703966377725,0.0480514118513,0.0363300492611,0.0559227249619,0.0616227319411,0.0914179104478,0.0690776107273,0.0336538461538,0.0261295590637,0.0517817371938,0.00940092165899,0.0705537806177,0.0401459854015,0.0361119470358,0.0867728306792,0.0316742081448,0.0695796722869,0.0529327610873,0.0672008147482,0.0863961813842,0.0591366055588,0.0723930372539,0.0384105960265,0.0990919857876,0.0994971264368,0.0683371298405,0.0221636701798,0.0279840091376,0.0861763962598,0.0780379041249,0.0256977065488,0.0648526077098,0.0492862914086,0.0749193331541,0.0367147946747
-0.0454958509046,0.0161095449054,0.00359802526985,-0.0202804332472,0.0495867768595,0.0270124257158,-0.00568678915136,-0.0455336426914,0.0220442410374,0.00870597546498,0.0387348969439,0.0291528076697,0.0475783475783,-0.00586585995721,-0.0198462363669,0.0786764705882,0.0294231513744,0.0323232323232,0.0214101144334,-0.00402244595205,-0.03111946533,-0.00312082032992,0.000976345186702,0.0114575507137,0.0107095046854,0.00540216086435,-0.00923286166401,0.00890706337176,0.023381294964,0.0123119015048,-0.00772387159063,0.0372374972938,-0.0508961147393,0.00665137614679,0.0055239642567,0.0176703310549,0.0336757990868,-0.00630297761356,-0.0066976744186,-0.021213026591,-0.0738388743618,0.018906144497,-0.00759013282732,0.0221389645777,0.00459270002417,0.0108737864078,-0.0412767727178,0.0494489968918,-0.000966021396346,-0.00386215092097,0.019980741454,0.0657852305708,0.0222222222222,-0.0936906119346,0.00755813953488,0.0159151193634,0.0211752249868,-0.0399926953981,0.0203929370803,-0.0140350877193,-0.00377577693872,-0.0346889952153,0.018341307815,0.0279751332149,0.0122282608696,-0.00360101096705,-0.0654657293497,0.00893355667225,0.0321601941748,0.0114795918367,0.03125,0.0199281280627,0.0142146410803,-0.0150113722517,0.0252777777778,-0.00814332247557,-0.00930713547053,-0.0102370689655,-0.0136286201022,0.0528747433265,-0.00689471873925,0.0220798364925
0.0557880214806,0.0344827586207,-0.0128397532099,0.0488864677577,0.00555812876332,0.0241977906365,0.0387153541575,0.0145852324521,0.00138070005224,-0.00392310710082,0.0222374273007,0.0359315589354,0.0671743268969,0.0308701207131,0.0162349507479,0.0522608498069,0.0885671305002,0.00430528375734,0.0542103361041,-0.13549044196,-0.059064453546,0.127012522361,0.0251101137958,0.0271123491179,-0.0629139072848,0.0829850746269,0.0388507567758,0.0362804132357,0.0465729349736,0.0643243243243,0.0518122111408,0.0423711125026,0.0817456587494,-0.025974025974,0.0147035062207,0.0539495195924,0.0093870789619,0.0417760279965,0.0466379471811,0.03663003663,0.0322667383705,0.0861497680583,0.00860420650096,0.0396534488504,0.0632820019249,0.0345754898194,0.106170697321,0.0729671513193,0.0946999180488,0.150014912019,0.109275430729,0.0184568835098,0.101170568562,0.0473893898092,0.103866128102,0.0966057441253,0.021254536029,0.0188320334792,0.0441140628808,0.00948991696323,0.0507288629738,0.0393432465923,0.164839467502,0.0345572354212,0.0127516778523,0.0415351001901,0.0244475787494,0.016602102933,0.0310111699001,-0.0914249684741,0.0198537095089,0.0506085842409,-0.0672740014015,0.00692733990148,0.073692766188,0.0642739854563,0.053235908142,0.0770277626565,0.045768566494,0.0733788395904,0.0528093071583,0.0576061229456
0.00991090712743,0.0088122605364,0.0141047297297,0.00294497309397,-0.0257945647167,0.000513610683102,0.00804743752647,0.0320455226116,0.0223588596982,-0.0279637652619,-0.0251004016064,0.0335841438796,-0.0122324159021,-0.0077396992574,0.0202836115599,-0.0180090693155,-0.0120918984281,-0.0214341387373,0.0147411724374,-0.00885299265202,0.062313860252,-0.00793650793651,-0.00238010686083,0.00198879045381,-0.0106007067138,0.0279309077545,0.0216848079285,0.0151280149257,0.00335852225021,0.0213306246826,-0.0307585568918,-0.0172206647978,0.000373190444097,0.0619883040936,-0.0437898089172,-0.0108660602426,-0.0268052516411,0.0671845475541,-0.0578024337867,0.0161955241461,0.0201875488408,0.00671140939597,-0.129857819905,-0.0355769230769,0.000905182167911,-0.030077979948,0.0294117647059,0.0102885821832,0.0428090397958,0.00803941908714,-0.00723404255319,0.020202020202,0.00379650721336,0.0012012012012,-0.0543648719289,0.0466666666667,0.0121827411168,-0.0054144884242,-0.00210084033613,-0.101057579318,0.0307991120977,0.0169895678092,0.0332773109244,0.165553235908,-0.127236580517,0.0332837632995,-0.013308857274,-0.0375612411541,0.00498930862438,-0.057945870923,-0.0416666666667,-0.0295731707317,-0.0285499624343,-0.0281302553126,-0.0176633863235,-0.180074939387,0.0262636273538,-0.0113722517058,0.0127993393889,-0.00068135362253,0.0145195176111,0.0191503246101
-0.000379607079939,-0.0273452335739,0.0729574414925,0.0304641244314,-0.0236406619385,-0.038501026694,0.040756302521,0.037724898433,0.0143976672134,0.0397082658023,-0.0267765190525,0.0140269886364,0.0255417956656,0.0305213348743,0.00562983814215,0.287404345149,0.00681937401644,0.0234966148945,-0.0027027027027,0.147427220821,-0.0120767737761,-0.0116,-0.00429060929913,0.105557560447,0.0285714285714,0.0180550589918,0.033677403308,0.0242360496014,-0.0811715481172,0.0104425658876,0.0842281078502,-0.0368785656072,-0.000189309576837,0.0400881057269,-0.0116569525396,-0.0160028003936,0.017425519955,0.0106236474523,-0.0241215574549,0.0721529991307,-0.0108515255968,0.0393939393939,0.0501089324619,0.0132934529744,-0.0278091792901,-0.0141653905054,-0.00952380952381,0.0561351217089,0.00905917902692,0.0187805505531,-0.0177882554651,0.0101921956902,0.0695915279879,0.0271945610878,0.0132669983416,-0.0168334849864,-0.00451354062187,0.0174582316501,-0.0112280701754,-0.0143790849673,-0.0228802153432,-0.0131887456038,-0.0556278464541,0.0449579079348,-0.00987091875475,-0.00871862615588,0.0390697674419,0.0152714932127,0.0215602836879,-0.0423572744015,-0.011760513186,0.00534087338988,-0.0819798917247,0.0213937391852,-0.0631903416388,0.106182795699,-0.0960888459681,0.00332310838446,0.0264981655116,-0.0247727272727,0.0260293456553,0.032569345822
-0.0539086297131,-0.0433424443577,-0.0214235814639,-0.0391012968528,-0.0571428571429,-0.0523224773091,-0.115462252725,-0.0531319910515,-0.0283866331297,-0.0717069368667,-0.00564373897707,-0.0283663106286,-0.0279245283019,-0.0309300126738,-0.0313156053184,0.0061141666382,-0.0300451545676,-0.0455252918288,-0.0731707317073,0.173820359281,0.00502073783017,-0.042492917847,-0.040697642686,-0.0453729394483,-0.0423611111111,0.0135206321335,-0.0814424472838,0.00318887891989,-0.00910746812386,-0.0551181102362,-0.0235475352113,-0.00296170932938,-0.0666384504862,-0.0379076662431,-0.055602358888,-0.0665922595475,-0.0375690607735,-0.0253065991824,-0.0383417672246,-0.0189189189189,-0.0166494579246,-0.064139941691,-0.0508298755187,-0.0698589701541,-0.0227906976744,-0.0283495145631,-0.0428846153846,-0.0512699905927,-0.0519054111175,-0.040404040404,-0.0746236089897,-0.0308446238109,-0.0876944837341,-0.0630718318084,-0.0654664484452,-0.0583063396576,-0.0740554156171,-0.009963099631,-0.10267329075,-0.0477453580902,-0.0030303030303,-0.030888030888,-0.0471925594213,-0.0231402125471,-0.0498466257669,-0.0470556054315,-0.0282005371531,-0.0612813370474,-0.0387392391002,-0.0469230769231,-0.0944825099171,-0.0796875,-0.0539174389217,0.0127829970738,0.00850013709899,0.0665856622114,-0.0459401709402,-0.0529936305732,-0.00754567116759,-0.0995106035889,-0.0792673729574,-0.0242637208877
-0.00742853427782,-0.00897959183673,0.00420401364321,-0.0443174827851,-0.0395480225989,-0.0169014084507,-0.0104974897307,-0.0298287064383,-0.0393860946746,-0.00587741393787,0.0102873359347,-0.0358623175347,-0.00258799171843,-0.0101875590339,-0.00848835109265,0.0179953945371,-0.0168307967771,-0.00652262535671,0.0168128654971,-0.0752035423511,-0.00868809730669,-0.052831783601,-0.0254579385015,0.00974525559925,-0.010152284264,-0.027027027027,-0.0377828034543,0.0553208913409,0.000919117647059,0.115364583333,0.0392156862745,-0.000636537237428,-0.0326193317422,-0.0158485582214,-0.0196253345227,-0.0853725829554,0.00746268656716,0.0133812662273,0.0228698643999,-0.0297520661157,-0.0249376558603,-0.0367601246106,0.0732240437158,0.0546544428773,0.050214183722,0.0143884892086,-0.0102471368294,0.0180961824492,-0.0192369882669,0.0826315789474,-0.0179203018156,0.0526472337894,-0.0697674418605,-0.0128817785165,0.00700525394046,-0.002457002457,0.00217627856366,0.0121133060007,-0.0137094648036,0.0278551532033,0.0163028460901,-0.0355501072633,-0.0108459869848,0.0231619582383,0.09200968523,-0.0110181280223,-0.00736987563335,-0.0213649851632,0.0258558428427,-0.0193704600484,-0.00238948626045,0.00645161290323,-0.0329474621549,0.000912408759124,-0.00951604132681,0.064707222602,0.00559910414334,0.0304008609093,0.155262104842,0.0468426501035,-0.0351200180983,-0.0240360132809
-0.0134247300957,-0.0263591433278,-0.022195892575,-0.024521656764,-0.0395721925134,-0.025787965616,-0.0627306273063,-0.0130898021309,-0.00615976900866,-0.0105574324324,-0.0452949438202,-0.0497196261682,-0.00648676699533,0.0188650556042,0.0213114754098,-0.033819981202,-0.0180295028228,-0.0459581452606,-0.00107836089145,-0.0299471553236,-0.0431638913234,-0.0223114680946,-0.00563093305933,-0.0264138164578,-0.0344322344322,0.0174501424501,-0.013621184072,-0.00601400886275,-0.0266299357208,-0.0142423534905,-0.0251572327044,-0.0036093418259,0.0096649047387,-0.0299709237307,-0.0473157415833,-0.0515657212009,-0.0296296296296,-0.0134016554986,-0.00356153541749,-0.045428733674,0,-0.0116429495472,-0.0183299389002,-0.0511534603811,0.0233401314299,-0.01536643026,-0.026898091758,0.00925249573898,-0.0446612073988,-0.0184735051045,-0.0172869147659,-0.0115851935575,0.03,-0.0509366449169,0.0313043478261,0.00935960591133,-0.0228013029316,-0.020806481311,-0.033948142208,-0.113821138211,-0.0296356715606,-0.00222434064188,0.0062134502924,-0.00428742925742,0.0118255728012,-0.0208305425318,-0.0315545243619,-0.0291085506367,-0.0385806814982,0.0181069958848,-0.0295409181637,-0.0229419703104,-0.0257826887661,0.00653296870252,-0.0477628328301,-0.0115557457736,-0.0100222717149,-0.0610966057441,-0.0474541046069,0.00197775030902,-0.00571604129779,0.00212468432367
0.0670902262801,0.0274957698816,0.121172954197,0.0389001635737,0.0261692650334,0.0711764705882,0.0354330708661,0.0493522516965,0.0247917877203,0.0699957319676,0.0408238322913,0.0479937057435,0.054583442152,0.0296313831238,0.0445871232388,0.0834369246883,0.0430267062315,0.0464516129032,0.0611730838431,0.124936738373,0.00938859629036,0.121862163396,0.0321891246848,0.0846956521739,0.0333839150228,0.0182009100455,0.0933345600074,0.0432361914349,0.0575471698113,0.0423969682615,0.0516129032258,0.0681866609844,0.0928527794746,0.0285911920682,0.0487106017192,0.0478107128044,0.0446271285966,0.0583300039952,0.04447974583,0.0725758477097,0.0429398303944,0.0772251308901,0.026867219917,0.0426356589147,0.0192648361382,0.0512204881953,0.0535099614061,0.0200241254524,0.11655267858,-0.00891530460624,0.106767652089,0.0157232704403,0.0962783171521,0.0946994899091,0.0612703766161,0.0492923377257,0.0605555555556,0.0336592704024,0.0495296070836,0.0778287461774,0.0336228635472,0.0493630573248,0.0904467853251,0.0668274199104,0.0211833455077,0.0638286552508,0.0512697652132,0.0562148657089,0.0635618043351,0.0747776879547,0.0444261620732,0.0631906077348,0.0567107750473,0.00422641509434,0.0567886999135,0.0816193981381,0.0382452193476,0.0850945494994,0.0432727272727,0.086849247471,0.0804033176126,0.0525421328424
0.0319581465682,0.0337587484562,0.0452482167303,0.0254522512724,0.00691806836679,0.0116419549698,0.0104562737643,0.0108759553204,0.028161028161,0.0271240526526,0.0268551236749,0.0255705705706,0.0153541357107,0.0121002204129,0.0252689089978,0.0524132714396,0.0279160739687,0.00534319769831,0.0932519498135,0.0683169217704,0.0503629764065,0.0429210740439,0.00823360105572,0.0243706910374,0.00807635829662,0.0290477827432,0.0267502524403,0.00704031193998,0.00289919714541,0.00159054760282,-0.0217897186376,0.0209455415919,0.0262716601453,-0.001569154898,-0.0182149362477,-0.00647272440171,0.00871275997752,0.00717251793129,0.00627376425856,0.0191347753744,0.0374290139391,0.00425273390036,0.0748560460653,-0.02906387293,0.0184662176841,-0.0110392082223,0.0485148514851,0.0127719962157,0.023478039045,-0.00574712643678,0.00309050772627,-0.0149169715733,0.0273062730627,0.0457860615883,-0.00476694915254,0.0558139534884,0.0565741225773,0.0329270511188,-0.00606380174005,0.000283728188395,0.0458118731364,0.0485584218513,0.0646235842771,0.0603810138844,0.0736766809728,0.0148318556252,0.00501367365542,-0.0277942046127,0.0231341228312,0.0169236555096,-0.00433241433635,-0.00714517700552,0.00536672629696,0.0420862768676,-0.0384615384615,0.017614091273,0.00758396533044,0.0545873910815,-0.0027884280237,0.0919409761635,0.0265827738808,0
0.0606288582775,0.0127439267224,0.0429778727511,0.0539319688659,0.0200781355247,-0.0174791010748,0.0230432737535,0.0348938644955,0.0283106617647,0.0205747572816,0.00619408121129,0.0252111913093,0.0490243902439,0.0200296296296,0.0204829308909,0.0519679394296,-0.000172980453209,0.0572363041701,0.0269820099256,-0.0341388169942,0.0295896328294,0.0220401794422,0.0400899287171,0.00469557051182,0.00932993445011,0.0240521129113,0.0123751219072,0.0144026282597,-0.0277073604625,0.032667876588,-0.00800173010381,0.0289175459164,0.00326797385621,0.105298607993,0.0352597402597,0.0965775689353,0.0253608247423,0.0170539730135,0.0302286038164,-0.00680272108844,0.00261259019657,-0.010889292196,0.00656954887218,0.0449008005569,0.0337030716724,0.0261739799846,0.114258734655,0.0238206445586,0.00608161206704,-0.0354360392058,0.034110915493,0.0117142857143,0.0732399425287,0.0114296784192,0.0532197977648,0.0154185022026,0.0267724343084,0.00722085241282,0.0546419098143,-0.0157282654943,0.0103680663556,0.03502170767,0.0463078848561,0.067143727162,0.00533644237175,0.0207258263226,0.047619047619,0.0462287104623,0.0409152086137,0.012573964497,0.0355973101266,0.0372914622179,0.0047153024911,0.00649069666811,0.0829787234043,0.0365873328088,0.0172043010753,0.0196840826245,0.0328556448794,0.0326403326403,0.0168255131965,0.0374374722979
0.0280118829304,-0.0274282343689,0.0533043234583,0.043539277257,0.0161066238425,0.0116022099448,0.0165563979605,0.00758640067435,-0.00447085364524,-0.00493915478809,0.0379616963064,0.0289182434845,0.0367356428738,0.00728615968551,0.0399804177546,-0.00663347769328,-0.0520761245675,0.0317092034029,-0.188158224579,0.154667659508,0.025592615901,0.0030534351145,0.00166524280271,-0.00545256270447,0.0303721289354,0.0450171260806,-0.0285196188749,0.00486765754824,-0.0101546061659,-0.01230228471,0.0287769784173,0.00626661602735,0.0104940282302,0.00589071704245,0.0340409136119,-0.0524907308812,0.0135814479269,-0.0016583747927,0.016504676325,-0.0221917808219,-0.00744509244323,0.0134556574924,0.119991783303,0.0329780146569,0.00701609574907,0.010127531883,-0.0169491525424,0.107892335766,-0.0131855832959,0.0409067222512,-0.00148967865503,-0.0155323354984,0.0328324241106,0.0124497222754,0.055078322385,-0.0321041214751,0.00965717044906,-0.00227312467215,0.0384808853119,0.0129537038371,0.0107747562853,0.00279642058166,-0.0493421052632,-0.0087030960194,0.0218620154936,0.0292918773148,0.00865800865801,0.0354651162791,-0.00827514869408,0.0116873630387,3.81972429229e-06,-0.0384736676127,0.0227574603737,-0.0173402120952,-0.0438768827767,-0.0294136064258,0.0100422832981,0.0324118207817,0.0358714043993,-0.00563720555667,-0.00317963877573,-0.0159108595145
-0.043012588112,-0.0332558374608,-0.0249733324967,-0.0151961371525,-0.0189758253184,-0.0354997269252,-0.0158299412031,-0.0139431121026,-0.0114921889029,-0.0175908221797,0.0909390444811,-0.00468424705066,-0.0156985871272,-0.0270449531628,0.0130236937078,-0.0391702512372,0.034130315751,0.0198650674663,-0.047619047619,-0.0521255833687,-0.0202495397832,0.0757229832572,-0.00831237189606,0.0126879699248,7.00329154702e-05,-0.0079600437022,-0.0456893821976,-0.0278558479055,0.0157116451017,-0.0180160142349,-0.0322102140284,0.00754859407435,-0.0248908038875,0.00504846526656,-0.00433275563258,-0.0241500889892,0.00160857908847,-0.00996677740864,-0.0176799567021,-0.0487531521435,0.0591323915489,0.0235365117683,-0.062942892872,0.00064495324089,-0.0116803278689,0.0107686594876,0.0948275862069,-0.0463248919086,0.0217143464726,0.0072590738423,0.0138533674339,0.0533562822719,0.0330524951393,-0.00416193719258,-0.0277777777778,-0.00537875392201,0.012912482066,-0.000350508236944,0.00605473480262,-0.00568990042674,0.0208121827411,0.00976017847183,-0.0128971374646,-0.029792746114,-0.0259403372244,-0.00678790640328,-0.00214592274678,0.0247052217855,0.00704041720991,0.00974729241877,-0.0164247517189,-0.0186946539849,-0.00606060606061,0.0172086918477,0.00219178082192,-0.0735092864125,-0.00261643118786,-0.00438596491228,0.0826527278667,-0.00121482081393,-0.0395937911381,0.000790768169255
0.0600064814838,0.0284399832706,-0.0151875925092,0.031568897311,0.0365659777424,0.0203850509626,0.0326286764706,0.0240384615385,0.0190735694823,0.0116776956014,0.0193295077016,0.00488059961652,0.00660742766006,0.00323562247449,-0.00371747211896,0.00214087629384,0.00705965407695,0.0573318632856,0.064453125,-0.0172639136312,0.00605427974948,-0.011673151751,0.00694590440098,-0.015931941222,0.00910364145658,0.0596286972939,0.066301092357,0.00872250781967,0.0127388535032,0.038731596829,0.0370045982045,-0.0101142536055,0.0683195592287,-0.0178822583886,0.0287206266319,0.0255957634598,-0.0149892933619,0.011744966443,0.0301193755739,0.0288659793814,0.0112134088763,0.0412735849057,-0.038256227758,0.0470512407348,0.0362844702467,0.00661278471712,0.0551181102362,0.00820379965458,-0.0280663718093,-0.0571570576541,0.056338028169,0.0424836601307,0.0595984943538,0.0400835866261,0.0103448275862,-0.0166741775575,0.0236071765817,0.0475105189341,-0.0288878189697,0.0972818311874,0.0164097463948,0.029826014913,0.0152963671128,-0.173861444889,0.00998668442077,0.03906951013,0.0318279569892,0.0454794520548,0.00647332988089,0.0432606363961,0.0333980582524,0.0441176470588,0.0714285714286,0.0202150537634,-0.0448332422089,-0.0677358092425,0.0309548793284,0.00394157199165,0.0359082679541,-0.0261504155686,0.0425515890947,0.0232472567695
0.0766525336361,0.0500203334689,0.0688100372476,0.146370232704,-0.0189161554192,0.0549389567148,0.0367156208278,0.0367301850318,0.0331550802139,0.0523278183917,0.0195555555556,0.0355594102342,0.00701674966048,0.0199715395713,-0.0172574626866,0.0644197576109,0.0257623554154,-0.0142509558568,0.0297247706422,-0.00449086114312,0.00311267897904,0.0110952040086,0.0218843122209,0.0451116001257,0.105135322693,0.0142538975501,0.0139211896885,0.0588764660426,0.010781671159,0.00283471434802,0.0557432432432,0.00510879848628,0.0335224342445,0.0126841243863,0.0107868020305,-0.0169025817556,0.029347826087,0.0193477059149,0.0180067748262,0.0561122244489,0.000466907902416,-0.107021517554,0.0508788159112,-0.0289319790705,0.00480192076831,0.00839416058394,0.0261194029851,0.0873661670236,-0.00504727545275,0.0279388508171,0.00358208955224,0.0180250783699,0.0130254588514,-0.0522374429224,0.0546075085324,0.0137488542621,0.0221402214022,-0.00769874476987,0.0275161130392,-0.0170795306389,-0.0340019569472,0.00938589434165,0.0408035153798,0.0509965882564,0.0290046143705,0.0445024478294,-0.060025010421,0.00157232704403,-0.00540262413172,0.0784784098698,-0.0101465614431,-0.0211267605634,0.294308943089,0.0205171444632,0.100457927876,0.0398370303305,-0.0290076335878,0.00254041570439,0.0387416254005,0.0470441298918,0.00892870042621,0.0396619010307
-0.0288056422606,-0.0243996901627,0.0332599657618,-0.00195824417888,0.0354351224596,0.0399789584429,0.0135222150676,0.0532765050613,-0.000172532781228,0.0380255941499,0.000871839581517,-0.00234505862647,-0.00359631377838,0.0255859422144,0.0142382534409,0.0513628173693,0.0234067999317,0.0218617771509,0.00498930862438,0.0904603080921,0.0157219693835,-0.0201769911504,0.0239761830214,0.0115806888254,0.0298273155416,-0.00658761528327,0.0162256897332,0.08592147806,0.00711111111111,0.0260926288324,0.0318,0.0278614457831,0.018627744511,0.0347474747475,0.0169491525424,-0.0692951919151,0.0374868004224,-0.0030730296457,0.0231173380035,0.0116562754134,0.0247345700618,-0.00951173113507,0.0484154929577,0.0228209191759,0.0282755874154,0.0148389431777,-0.0181818181818,0.0240252067743,0.0586086499025,0.0864102564103,0.0122942692842,0.0777521170131,-0.0233781414378,0.0140682212372,0.0157189089228,0.0985533453888,0.0266245487365,-0.00556586270872,0.0858866103739,0.035946411991,-0.00607748797164,0.00371944739639,0.0684559710495,0.04869297796,0.0108904548366,0.0612054603775,0.0474501108647,0.0172684458399,0.0206932229695,-0.0327295837305,-0.0337889141989,0.0189666448659,-0.0697236180905,-0.000275406224181,0.0366710013004,0.0596430126252,0.0214884696017,0.0145127850726,0.0412226584408,0.0318091451292,0.0164392192803,-0.0259265057653
-0.0150883952856,0.0698689956332,-0.0379881656805,-0.00243397242125,0.0352289884248,0.0369246332828,-0.0292249047014,0.0177035912999,-0.00897325280414,0.0147939415287,-0.0113240418118,0.0392881128274,0.0225580870742,-0.021252559486,-0.0129464982062,0.005672843189,0.0442404006678,0.015873015873,0.000709219858156,0.00317609495559,-0.0211812627291,-0.0606936416185,0.016594542769,-0.0330062444246,-0.015243902439,-0.00677866195108,0.018247566064,0.0512033075006,0.00529567519859,0.0205552023734,-0.00213219616205,0.0558608058608,0.00702483184982,0.0566185083952,0.0181069958848,-0.014258851963,0.0269720101781,-0.0197642792384,0.0200273878809,0.0168810289389,-0.00614824091996,0.01152368758,0.0109151973132,0.0474124573908,-0.00290472501936,-0.012482168331,0.140740740741,0.00230769230769,-0.00372462090193,-0.0382345999528,0.018805093046,0.032380952381,-0.00359066427289,-0.016343595591,0.0291306326809,0.0534979423868,0.021978021978,-0.0464721845319,0.00155520995334,0.0422535211268,0.00382165605096,0.0246161990471,-0.0146768275473,0.0461062235256,0.0380228136882,0.0644645430369,-0.00931414055885,0.112654320988,-0.00988342625443,0.0716162943495,0.0542239685658,0.0237483953787,-0.0175557056043,-0.0154269972452,-0.000250878073256,0.0435497124076,0.0420728578758,-0.000681198910082,-0.0514408833827,0.0265895953757,0.0068398585537,0.0456268221574
0.0474705610262,-0.00519480519481,0.0578791979333,0.0191378699219,0.0320855614973,0.0198780487805,0.0641361256545,-0.0350397614314,-0.0372627546578,0.0631725095453,0.030543318649,-0.0152277867528,0.0544893006839,-0.0207666041456,0.0241782553729,0.0388728686092,0.00767386091127,0.0658967391304,0.0379163713678,0.0105144291092,0.103620474407,0.00384615384615,0.016769730369,-0.0315190651907,0.0179566563467,0.0790801186944,-0.0122384308583,0.0504086752448,0.0430201931519,0.00809800664452,-0.00990675990676,0.0183868169991,0.00907733245122,0.0565410199557,0.034761519806,0.0575936472605,-0.00941526263627,0.0305216426193,0.0713206913912,-0.0906455862978,0.00916485278955,0.0462025316456,0.0512873754153,0.0479289940828,0.0233054962129,0.00650054171181,0.00811688311688,-0.0907521105142,0.0544994345414,0.0579141104294,0.0522976350702,-0.000230627306273,-0.039039039039,0.0274343122102,0.0557275541796,0.00546875,0.0143010752688,0.0255247242974,0.0729813664596,0.012285012285,-0.0350253807107,-0.00154998708344,0.0143225436838,0.0182214608316,0.0720390720391,0.0334637544781,0.0217948717949,0.0642625982432,0.0708983875096,0.0665236051502,0.0368989936638,0.0324451410658,0.0350515463918,0.000139899272524,0.158845671267,0.0657480314961,-0.0128015755785,0.0215860031811,0.0156161272005,0.050487987988,0.00123134615519,0.0325436912639
-0.0363599614211,-0.0227527042148,-0.0761090761091,-0.049938043672,0.00306170513424,-0.0152337677867,-0.182041820418,-0.0213752253412,-0.0141074335323,0.00506039830232,-0.0165289256198,-0.00635525793423,-0.0195606694561,-0.010603500776,0.0103379108162,0.0485102416544,0.0385530699667,-0.0168897386871,0.00751109593718,-0.00490865595537,-0.0258295625943,-0.0616858237548,-0.00131864936211,0.00682648039371,0.00942822384428,0.00687474219717,0.00331876763095,-0.0252929529503,-0.0256734006734,-0.00659114315139,-0.0258975868158,0.0103900528019,-0.013498334402,0.00874431619447,-0.015234375,-0.0321180195301,-0.0375187593797,-0.00394902171962,-0.00328947368421,0.00144885540423,-0.0219094108298,-0.0514216575923,0.0349990124432,-0.0386787125918,0.0163218827102,0.005382131324,-0.107890499195,-0.0227896180629,-0.0296420536557,-0.0598469032707,-0.0350813082405,-0.00253748558247,0.0075,-0.0101541933058,-0.038961038961,-0.00738150738151,-0.0116611894413,-0.00164773220016,-0.0723589001447,-0.0995145631068,-0.0265649658075,0.00439844760673,-0.00818977689918,-0.0223309880697,-0.0276195899772,-0.0403514376997,-0.0149519029695,-0.0125977410947,-0.031309751434,-0.0801954584651,-0.049245147376,-0.0502504933961,-0.0670650730412,-0.00209819555183,0.0106106539628,-0.128001477651,-0.0274314214464,-0.024243772242,-0.00111825552139,-0.0364480971949,-0.0203551139341,-0.018487040031
0.0206009288201,-0.0179389312977,0.0723096286973,-0.00713701628428,-0.00211317210613,-0.00917965904124,-0.0195488721805,-0.00789473684211,0.0042194092827,0.00276108494397,0.0110113010722,0.0175004127456,0.0161101034887,-0.00779338108641,0.0271838729383,0.031882785235,-0.00916590284143,0.045056726094,-0.0111826499492,0.118954531086,0.0371588929746,0.205798285014,0.00374277989894,0.0403658152003,-0.00210906899669,0.0375529154718,-0.0118214108511,0.0192940023396,0.0185745140389,-0.055567074435,0.0654582074522,0.0155091031693,0.00684151627548,0.0553051317614,-0.0059500198334,-0.0492542878449,0.0467775467775,0.0167597765363,0.018701870187,-0.0078125,0.0138115134633,-0.0172193877551,0.0503415900156,0.056093979442,0.0237161531279,0.0167737330478,0.00361010830325,0.0148995897214,0.0221932295692,-0.0370096225019,0.0176103010793,0.013413506013,-0.052729528536,0.00436930091185,0.0828247602441,0.0547945205479,0.00868819049662,0,0.0445732114999,-0.0133423180593,0.0289111051067,-0.0131375579598,-0.00882687927107,0.0641426783479,-0.00146412884334,0.00830642207944,0.069100944698,0.0435547734272,0.0352825067851,0.0534375,0.0310018903592,0.0412404092072,0.0208185053381,0.0201850294365,-0.00171416327405,0.0580385511544,-0.0251282051282,-0.015728288124,-0.00279876854184,-0.0317077693306,0.00629832520186,-0.0416244872333
0.0112005396989,-0.0163233579479,0.0534068900757,-0.0154090937817,0.00376470588235,-0.0093137254902,-0.00613496932515,-0.016976127321,-0.0259408111071,-0.00259151279559,-0.00257953568358,-0.0282330034074,-0.00713985720286,-0.0117868953338,-0.00431162652394,-0.037486332117,-0.00215849522047,-0.00124069478908,-0.028101439342,0.056287821342,-0.0147415562605,-0.0287842871656,-0.0114090502128,-0.00530463776902,-0.0108695652174,-0.00579099763096,-0.0232243050242,-0.0133843063967,-0.00424088210348,-0.00219538968167,0.00434782608696,-0.00531208499336,-0.000485359141497,-0.00328569081649,-0.000798084596967,-0.00211773010706,-0.00496524329692,-0.00567174760723,-0.00910212897254,-0.0122484689414,0.010188895249,-0.0259571706684,-0.000726744186046,-0.00500556173526,0.00656694636994,0.00737100737101,0.00719424460432,-0.0125531914894,-0.000254726670153,-0.0110171662823,0.00800148864905,-0.0159744408946,-0.0183366077276,0.0209948931341,0.0386473429952,0.0200371057514,-0.0136112292641,-0.00225851285615,-0.0153616385748,0.0341483403907,0.0186449579832,-0.0219263899765,0.0203964378052,-0.00940899735372,-0.0217008797654,-0.0353292721179,0.0198570293884,0.00421585160202,0.00095328884652,0.000296647878968,0.00586725339201,0.00951796131409,-0.0336412759282,0.00851882385271,0.0064391500322,0.038038038038,-0.0284061020516,0.0176007410838,0.0112264945271,-0.0247031788587,-0.0275377625302,-0.0512899782857
0.0103518891204,0.0604504148558,-0.00802273107137,-0.00644201976267,0.0173464603844,0.0193963384463,-0.000643004115226,-0.00944414463033,0.00150037509377,0.0626826891848,0.0445402298851,-0.0709634329604,0.0220494923858,0.0033160023693,0.0331491712707,0.0308901376193,0.0307478368356,0.0232919254658,0.0306770098731,-0.0273989956751,0.0225378787879,0.0509065550907,0.0340124868453,0.0635380161512,-0.0030525030525,0.00648662960021,0.0246740318869,-0.0246402213297,0.0349233390119,0.0299229922992,-0.00357613401092,0.0211949265688,0.0359340173746,0.0367562221856,0.0398562300319,0.061858518373,0.0059880239521,0.0251336898396,0.00794021485287,-0.0227339828757,0.0415911151405,0.0279813457695,0.0554545454545,0.0391280044718,-0.00253715114172,0.0272648083624,-0.0178571428571,-0.0448179271709,0.0475213387942,0.030310880829,0.0287982278014,0.042439703154,0.0610406937959,0.0718784735087,0.0705426356589,-0.00654783557657,0.0405347132385,0.0323872540484,0.0723726977248,0.0507198520671,0.0324825986079,0.0595142780891,0.0579954954955,0.0323538141882,0.0197841726619,0.0181746615782,0.00223909657321,0.0206759026029,0.0957142857143,0.0216488730724,0.0430185927816,0.0378649635036,0.0714285714286,0.0542234332425,0.0390275111964,0.020443587271,-0.00270709258257,0.0421028675467,0.00138773244518,0.0459454152759,0.0336239194134,0.0319659857084
0.00474683890265,0.0150894187779,-0.0213423195732,0.0281133446924,-0.00921658986175,0.0348509853412,0.00784969759362,0.00326886406974,0.0132490636704,-0.0223105134474,0.00247592847318,0.0195902228613,0.0164519633711,0.0194770463513,0.0224020812256,-0.012369117933,-0.0122920101934,-0.01062215478,-0.0485802257954,-0.0499810047579,0.00611224300796,0.0172528201725,-0.00252237969766,0.00687679083095,0.022504592774,-0.011442851506,0.008257552834,0.0269629963899,-0.0106995884774,0.0318308053835,-0.072534945221,0.00130740317045,-0.00343594286866,0.0287758346582,0.0150549197327,-0.0573296781264,-0.016121031746,0.0285167796905,-0.0222428174235,0.0256797583082,0.003372864759,0.0213869086196,0.00385874246339,0.0102205486821,0.0147165697674,0.0345119986433,0.00363636363636,0.00451161741484,0.0187806790336,-0.0540608498868,0.0114839404271,-0.00711902113459,-0.0418107513361,0.0176287590736,-0.019188993483,-0.00476016111315,0.00207210940738,-0.00505987518975,0.0533441099212,0.0232558139535,-0.00624219725343,-0.0110831234257,0.0258116019159,-0.00690051753882,0.00705467372134,-0.0143317365605,-0.013113161729,0.0110025706941,0.0338983050847,0.0307692307692,-0.00349528137015,0.0145054945055,0.0107744107744,0.027397260274,0.00492610837438,-0.042147042147,-0.00162866449511,0.0401834461673,0.00249445676275,0.0433639947438,0.00731275606987,0.025618952386
0.00167998467993,0.0207377500459,0.0518794835007,0.000740260102467,-0.0125581395349,0.0286116322702,0.00204290091931,0.00977464023894,0.0654715150395,0.029384182557,0.0230515916575,0.0449497620307,0.00656588792182,0.0275239801625,0.0221939496749,-0.0161898058252,0.0317195325543,-0.00828220858896,0.0491729593671,-0.0312829672736,0.0169366715758,0.0782778864971,0.00634764906429,0.0287421741605,-0.0249438538703,0.0871474188398,0.00627867855535,-0.0231163980477,0.0158069883527,0.0275362318841,0.0745417515275,0.0207279255753,-0.00784101599247,-0.00216349868645,0.0291335603481,0.06222928936,0.0689437862365,-0.00355029585799,-0.0085308056872,0.0474226804124,0.0416395575797,0.00571065989848,-0.0177437622267,-0.0010649627263,0.0132497761862,0.00590163934426,0.018115942029,-0.0947675724231,0.0184344672215,-0.0571504518873,0.00638637573177,0.0226305175891,-0.00393700787402,0.012058423913,0.0383905500185,0.0261221486387,0.0260545905707,0.0564502458044,-0.000575484366008,-0.00307125307125,-0.00301507537688,-0.0170657157412,0.0217898832685,-0.002895193978,-0.0251021599533,-0.0271589920819,0.0102362204724,-0.0337672904801,0.0172341319882,-0.068149816953,-0.0140301648544,0.00346620450607,-0.0213191205863,0,0.0334967320261,-0.0297947908445,0.0244698205546,0.00524879277766,-0.0262648603815,-0.00413817920115,-0.00401136904595,-0.0093208566538
0.00766456658701,0.00934915498022,-0.00627421026788,0.0123011204143,-0.0183702308055,0.0077519379845,0.0275229357798,-0.0209733799408,-0.020988725065,-0.013969025205,0.0450643776824,0.00371120107962,0.00343851132686,-0.00378125556952,-0.00318074955055,0.0071798323242,-0.0155928214181,0.00154655119084,0.0607488647074,0.0110081499625,-0.0226285300507,0.019056261343,-0.00427737888072,0.0109266943292,0.0122228364351,-0.00636397013829,0.011780495079,-0.0429331062845,0.027846027846,0.00261938343744,0.00947687642153,-0.0319795330988,0.014696609824,-0.00960198234474,0.0352941176471,-0.0303456147445,0.010258224266,0,0.00669216061185,-0.00843644544432,-0.00229023526962,0.017665615142,0.0482180293501,0.0159914712154,0.00653825764269,0.000977835723598,0.103202846975,0.0347308360208,-0.0178663614123,0.0186072737525,0.00528820729773,0.00613496932515,0.108036890646,0.00234938748112,0.0220405261287,-0.00824668339907,-0.00241837968561,-0.00256739409499,0.00978886756238,-0.037584719655,0.0183971774194,0.0204716247733,-0.00660066006601,0.00290360046458,0.00419161676647,-0.0132574540313,0.00896336710834,0.000842105263158,0.000826446280992,0.0217588395286,0.031305585201,0.00259067357513,0.0231449965963,0.0074213836478,-0.00197628458498,-0.0199308521456,0.0212314225053,0.0378028404344,0.00795002839296,-0.0059620596206,0.0114780946222,0.00150581236172
0.0150616176686,-0.00320627003919,0.0114197869771,0.00327084312524,0.000479846449136,0.0122171945701,0.016369047619,0.00466904696512,-0.0157689581857,0.0240221743148,0.00924024640657,0.00873949579832,0.0114896190284,0.00190022145074,0.00541065482797,0.018983931021,0.00418410041841,0.0108091414453,0.01098546042,-0.00888951107689,0.0427857010558,0.00385871178391,0.0103073605471,0.0310576002189,0.0163834951456,0.00172435028944,0.0109607105457,0.0130674522245,-0.00278884462151,0.00140675241158,0.00544498685693,0.00247770069376,0.0222722664262,0.00609851446443,-0.00142045454545,0.0253876842172,0.0112044817927,0.00950118764846,0.0110794555239,0.0207033465683,0.000626043405676,0.0154990700558,0.0546666666667,-0.00445960125918,-0.00719803370787,0.0221426245523,0.0912903225806,-0.00191800527451,0.00502776698585,0.0146692499308,0.0142030510258,0.0211236933798,-0.0178359096314,0.0187510463754,0.0281739130435,-0.0379609544469,0.00121212121212,0.00997425997426,-0.0509408857632,0.0595390524968,0.0121257114576,0.0106653123413,0.00357781753131,-0.0162130862768,0.0232558139535,0.0417278540976,-0.00424874468907,-0.00588977702987,0.0156895127993,0.00976042590949,0.0148327009314,-0.00430663221361,-0.00399201596806,0.019478087152,0.0049504950495,0.00145258352355,0.016632016632,-0.00181122962367,0.0152112676056,0.0434387495456,0.0110420836113,-0.00751404727865
0.0390961186371,0.00857755539671,0.00249701443926,0.0163151143261,-0.00767386091127,0.0155341975861,0.0146412884334,0.00218698742482,0.0160216021602,-0.0144360902256,0.0414547304171,-0.0596467844052,0.030091669988,-0.0145262558455,-0.0274596384711,0.059063439025,-0.00446428571429,0.0198594561564,0.0533716842442,0.0530817550839,0.000532859680284,-0.0198107628622,0.0229531391579,-0.000331740976646,-0.0089552238806,0.0180745112505,-0.0094837640415,-0.0146469165258,-0.0435477427087,-0.0417419225366,-0.000186741363212,-0.0648376997858,0.0356489945155,0.0250233136463,-0.0206258890469,0.00959033457249,0.0350877192982,-0.00546218487395,0.00610519724483,0.00833564879133,-0.00636079249218,-0.0225885225885,0.304108723135,-0.00658761528327,-0.0723253757737,0.0194329404269,-0.0659178244162,0.0965649771799,-0.0347707008461,0.0261865793781,-0.00985477178423,-0.0423331200682,-0.0526634382567,-0.0267871815941,0.0723951285521,0.0146561443067,-0.0108958837772,-0.00350430073272,-0.0238333667134,0.0332326283988,-0.0327628361858,0.0208542713568,0.0406162464986,0.026191877575,-0.00641025641026,0.0263347865876,-0.0729247478666,0.0516292848074,-0.0282520325203,-0.0380785002929,0.0266825288919,-0.00317185697809,-0.0434201736807,-0.0569503980404,-0.03960591133,0.0109821798591,0.0731083844581,-0.0171370967742,-0.0591009988901,0.0140219473959,-0.00789041397181,0.048842584838
0.0175953199065,0.00283486888731,0.0220381199913,0.0162321228043,0.0188496858386,0.000110047320348,0.020202020202,0.0425531914894,0.00106307583274,-0.00213610009155,0.0119658119658,0.0178951098512,0.00677113561617,0.00416746245121,0.0288024971623,-0.00583303333622,-0.00493273542601,0.0197723187537,0.025182038835,0.0191616989568,0.0223681874667,0.0407239819005,0.0128840342185,-0.00431406384814,0.0126506024096,-0.00519323671498,-0.0307842468937,0.032554229023,-0.0175438596491,-0.0161256544503,0.0177437429959,0.00977887410801,0.0180935569285,0.0470053070508,0.11220043573,0.0614920550056,0.0169491525424,0.0463878326996,-0.00653493076085,0.0862496555525,0.0167908489873,-0.00374765771393,0.143424943047,0.0238726790451,-0.0394586351506,0.009765625,-0.0126582278481,-0.0779846659365,0.033554868584,0.0295055821372,-0.0155404225598,0.028838659392,0.0281150159744,0.0113137453563,0.0255520504732,-0.0151851851852,0.0297837617299,0.0262148337596,0.08104226508,0.13567251462,-0.00783619817998,0.0285503322668,0.0140707206656,-0.0242328649269,0.0275659824047,0.00314023039433,0.00209205020921,0.0458752515091,-0.0242627065467,0.0182704019488,0.0491640456878,0.0376048597049,-0.00436452513966,0.0146753246753,0.0880180549856,0.0606681697069,0.0200095283468,0.0155897435897,0.0286051312297,0.0217297947264,-0.0250718764072,-0.00685993732722
-0.0316534392332,0.00282685512367,-0.0630463576159,-0.0209876930503,0.00759013282732,0.0387323943662,-0.001885902876,0.00235478806907,0.013982300885,0.0241590214067,0.00120656370656,-0.014273281114,-0.010568793236,0.00286756530051,0.0015170321335,-0.0323984565858,0.00856241550248,0.0179200940071,0.00710269310447,-0.0392735328632,0.0131967355444,-0.0327536231884,0.0157926241851,-0.0098653512865,-0.0428316478287,0.0270729634576,0.112917405969,0.0455818649643,-0.0331632653061,0.00297999148574,0.00642319691687,-0.00104693770721,-0.0216731686173,0.0101375814627,0.00326477309827,0.137748812092,0.0315789473684,0.015988372093,0.0263116679718,0.0256215119229,0.00319950459284,-0.0413793103448,0.0483255616787,0.0194300518135,0.0388966064695,0.0252998065764,0.0128205128205,0.015918270373,-0.0389109788527,0.0601600826233,-0.0150762681802,-0.00800865800866,-0.103791174643,0.0018367006178,-0.10212242387,-0.036479879654,0.0130744849445,0.0322429906542,-0.00873030935661,0.0350154479918,0.0259872611465,0.0277578368031,-0.0094111969112,-0.0492285084497,0.0222602739726,0.0842723613818,-0.0125260960334,0.0380915736822,0.0207931404073,-0.0296052631579,0.00284001262228,-0.022023975467,-0.0517271611433,0.0273902470242,-0.0167829530454,-0.0448309178744,0.0144792153199,-0.0147444960614,-0.0278096330275,-0.0660726294553,0.0897062376533,0.0458034361511
0.00554067761803,-0.0230796335447,-0.0407690132881,-0.0175430508226,0.0103578154426,-0.0360169491525,-0.000944733112896,0.00182719916471,-0.0385756676558,-0.0585249328158,-0.0253073029646,-0.0900582730002,0.0512720916683,-0.027358490566,-0.010740842743,0.0111373341847,-0.024873398868,-0.0213564213564,-0.0287981193065,0.163729071537,-0.034618680377,0.00928978124064,-0.0327124316908,-0.0177729904403,0.00186451211933,-0.00921985815603,-0.0475561236948,-0.00491394751188,-0.00703605980651,-0.00403225806452,0.0328227571116,-0.00733624454148,0.0426805494019,-0.00587813620072,0.0211519687602,-0.015488581969,-0.015306122449,-0.0181211254173,-0.00503586143751,-0.0380905268365,0.016975308642,0.0196206671027,-0.0327537403963,-0.0132147395172,-0.0338108882521,-0.0341080591609,0.0221518987342,-0.0374181478017,-0.0191258702561,-0.0175353141744,0.0172879524581,-0.0279293039494,0.0221914008322,-0.0323333333333,0.0883864337102,-0.00780640124902,-0.0692217442315,-0.00920476837181,-0.0448018380241,0.0487562189055,0.0131611621555,-0.0325960419092,-0.00901339829476,-0.0234930448223,-0.0167504187605,-0.00319261065935,0.00126849894292,-0.0429948109711,0.077488450231,0.0483821263482,0.0132158590308,-0.00826681870011,0.0355029585799,-0.0221751588389,-0.00824702723437,-0.0224559983815,-0.0280847145488,-0.0159901599016,-0.0203479799469,-0.0147614761476,-0.0454776654711,-0.0142517408923
0.0370155670439,0.017042380523,0.0400259372789,0.0232115655792,0.0107176141659,0.0347252747253,0.0416075650118,0,-0.00363108206245,0.0260069774818,0.0462413452028,-0.0112555792742,0.0173656013301,0.00980931334807,0.0335467706013,0.0202562402017,-0.00336031770276,0.0398112651135,0.0154311649017,0.0184057705638,0.014024498491,0.021377672209,0.0331928483548,0.0242631939685,0.0421836228288,0.00560725363875,0.10452859211,0.0617550614733,0.0451727192205,0.0396334966972,-0.0155367231638,0.0160126693648,0.00141926546638,0.0272569945198,0.044614404079,0.0325477788076,0.00669257340242,-0.0210458151206,0.0650306748466,-0.0143995885832,0.0089023773394,0.172546504169,0.0284698996656,0.02652588205,-0.0166073546856,0.04046875,0.108359133127,0.0230806608358,0.0119013078006,0.0277640059494,-0.0977164099841,0.0547699214366,0,0.0675163623837,0.118665407617,0.0208497246263,0.0466386554622,0.0138592750533,0.0675486069353,0.0711574952562,0.046568627451,0.0645006016847,0.0698131760079,0.0498575498575,0.0369108461102,0.0167650844895,0.0717905405405,0.0125871417506,0.0220229974664,0.0681951793063,0.033850931677,0.0201207243461,0.0271428571429,0.0817938590903,0.0216592535293,-0.0192466887417,0.0473709142586,0.00671875,0.0526791089705,0.0714416225105,0.0904656501066,0.01551500026
0.0207465908074,-0.0343115524426,0.0792949044947,0.022554581254,-0.00553250345781,0.0140186915888,-0.14616432138,0.00468994267848,-0.0185860058309,0.0380216383308,-0.00330891042307,0.048675171737,0.0562919920102,-0.0123083930764,0.00552188552189,0.0453106129918,0.0309578544061,0.0161656267725,0.00893921334923,0.135447268804,0.0175070028011,0.0962209302326,0.00545652629567,0.0222162740899,0.00535714285714,0.0669118519397,0.0198857236478,0.050409080858,-0.0720338983051,0.0409920065587,0.0112984218077,-0.00710079667475,0.0487934246203,0.035518742103,-0.0115924344112,0.0326612178817,0.00235899635428,0.0335703654705,0.0184331797235,0.016697104096,-0.0156422340319,0.00656455142232,-0.0606072923865,0.028349222278,0.0144752714113,-0.00375431746508,0.0223463687151,-0.0346710995013,0.0260262625512,0.0767004341534,0.0351186972729,0.0580974675463,-0.0101763907734,0.0179090029042,0.0396736072032,0.0242774566474,0.00441589723003,0.0217815832958,0.0212166729253,0.0318866253322,0.0313817330211,0.0232873615193,-0.0271139705882,0.0970903060455,0.00876232201533,0.0201260010249,-0.00157604412924,0.0709504685408,0.0162090007628,-0.0462300495322,0.015019525383,0.00732600732601,-0.00625869262865,-0.000942174066659,0.122279008139,-0.111626925512,0.0465852555405,0.0303688757825,0.00514726908779,0.0167121418827,0,0.00798713865878
-0.0239985656209,-0.00624311421227,-0.0205860728915,0.00307240037203,0.0264255910987,0.0754084625052,0.00212652844232,0.0191908713693,-0.030077979948,0.0125789160214,0.013516718046,0.000748643084409,0.0175348117586,0.0137751265728,0.0103134208411,-0.0176799272138,0.00550022298201,0.0111638291934,0.0451860602481,-0.0486366194156,-0.0232278045423,-0.00609917793689,0.00361717919584,0.0176747839749,0.0455891059799,0.0523740687201,0.0466934404284,0.0197882239016,0.0109589041096,0.0653671982674,0.0156056038305,-0.0362811791383,0.0082292871997,-0.0202006507592,0.0163580246914,-0.00984549379658,-0.00139067180145,0.01632,0.0155542986425,0.00487554529125,0.0164001222369,0.0478260869565,0.109043704024,0.00317150524518,0.0447879508522,0.0130388905638,-0.0109289617486,-0.0285362853629,-0.00195103775025,-0.00358422939068,-0.00208491281274,0.0378117457763,-0.0315284441398,0.00966872721509,-0.00811907983762,0.0244544770504,0.00759392486011,0.0269038518083,0.0314396028682,0.00437768240343,-0.0131698455949,0.0053026955369,0.0250354274917,-0.00192386972654,0.00868621064061,0.00285148631878,0.00789265982636,0.00357142857143,-0.00262713454682,-0.0409694171956,0.00384729209825,0.00223776223776,-0.0398880335899,0.0300601202405,0.012481025468,-0.0125890736342,0.014261019879,0.0206868849166,-0.0187766714083,-0.110197920161,0.0359545915874,0.0220445564168
0.00755990415335,-0.0177383592018,-0.0708310991957,-0.0264731857597,-0.0302619692864,0.00350603817686,-0.0153846153846,-0.00814249363868,-0.0174196018377,-0.0300684657554,0.0140383715489,-0.00691976809426,0.00658895083629,0.0300883117911,-0.00848468779,0.011026220352,0.0112359550562,-0.0171128898703,-0.0251483469907,-0.122457593114,-0.00968821560683,-0.0322838847385,0.00120061993988,-0.011063939277,-0.0713476783692,0.0173288250211,-0.0191973192817,-0.029684371323,0.00451671183378,-0.0282757346147,0.00488912170421,0.00597285067873,-0.00134028892456,-0.0397121903971,-0.00212572122684,-0.0380438337568,-0.0200321371184,-0.00393576826196,0.00306321358953,0.1917773238,0.0067147724995,-0.0248962655602,-0.115879828326,-0.0301556420233,-0.0455235204856,0.000818391488729,0,-0.0182324639149,-0.04178819674,0.048785971223,-0.0478632478632,-0.0341085271318,-0.031847133758,-0.0246467817896,-0.0193724420191,-0.101726037459,-0.0170567235224,-0.0124552612742,-0.0213903743316,-0.0487992479275,-0.0315232397607,-0.0184615384615,-0.0311059907834,-0.0340079856808,-0.029601722282,-0.00213130613708,-0.0187940485513,-0.0185053380783,-0.0203198494826,-0.0800240673887,-0.0197523584906,-0.0354451576891,-0.0743440233236,-0.0109864957656,-0.0244877561219,-0.0971854702911,-0.009373668513,-0.0525383707202,0.029863728617,-0.0262016965127,-0.0176164299062,-0.0353885249867
0.00608617757924,-0.0323551542513,-0.0242945351723,-0.0354413540445,-0.0121099208197,-0.013198757764,-0.0193965517241,0.0533606977937,0.0079875316579,0.0187992722862,-0.0343793262575,0.0112994350282,-0.0335683115139,-0.0160183945124,-0.0347640058831,0.0282233251572,0.0415204678363,-0.00365065992699,0.0063768115942,0.00353268324736,-0.0275702596941,0.049076371657,0.00139980348036,-0.0124886171458,0.0182926829268,0.0221229746572,-0.00921277400342,-0.0598376059284,-0.0188848920863,-0.0123621148726,-0.0290182450043,-0.00359841669665,-0.005758118827,-0.028386167147,-0.0286062081558,0.00500015246227,-0.0148666375164,-0.0489963647858,-0.0190172126596,0.0632097707307,0.0216027874564,-0.0186170212766,-0.0966460723742,-0.00651955867603,0.00775039745628,-0.0172465060957,-0.0386740331492,-0.0180551973175,-0.0321356966793,-0.00150053590568,-0.033911829244,-0.0302969502408,0.0109649122807,-0.0140028971511,-0.042570951586,-0.0208503679477,-0.0427764326069,-0.00710350826326,0.0331511839709,-0.00898472596586,-0.0040389641245,0.0335871025526,-0.0461355529132,0.0148232611174,-0.00831946755408,0.0244639438574,0.012370311253,-0.0304568527919,0.0295755713463,0.134074558535,0.0273684210526,-0.0205439814815,0.0677165354331,-0.0197870863226,-0.0117827868852,-0.0263788968825,0.00301075268817,-0.0130841121495,0.00900900900901,-0.0102593883082,-0.0152175518948,0.0164216528131
-0.00506641295205,-0.00116640746501,-0.0138987461557,-0.0366254003064,-0.017444601603,-0.0365853658537,-0.0192307692308,-0.00730638090599,0.0344027831465,0.0633928571429,-0.00621266427718,0.00335195530726,-0.071205279611,0.000956162859903,-0.0048483169414,-0.00659967143064,-0.00828186412128,-0.0259301014656,-0.0184331797235,-0.0298967889134,-0.0422535211268,0.0239159001314,0.00059875195505,-0.00711368726123,0.0365269461078,-0.00670663550452,-0.0220780331796,-0.0231789827798,-0.00183318056829,-0.0481417292509,-0.0105583392985,0.00343084145901,0.002562309797,-0.0468634139107,-0.062656641604,-0.00546133405827,-0.0133155792277,-0.00465348180156,-0.00297155794538,-0.0842402257154,0.00886766712142,0.00813008130081,-0.110893991207,-0.0365976779404,0.0654703214356,-0.0018154311649,0.0172413793103,0.0244286840032,-0.000525562463658,-0.0191069128381,0,0.0126215601076,-0.0332610267534,-0.000163238654913,-0.0912525428654,0.0125260960334,-0.0316188870152,-0.0261352022193,-0.0833921015515,-0.0607434270172,-0.0298187022901,-0.0437608318891,0.00673148840688,-0.00196629213483,0.010067114094,-0.0303745052073,-0.014189988175,-0.04674644727,0.00447677672076,-0.0259515570934,-0.0685011709602,-0.0233382570162,-0.0302359882006,0.0378939912643,0.0196993260757,-0.0131362889984,-0.00214408233276,-0.0462962962963,-0.017578125,-0.0929004498338,-0.0204223239067,-0.0185623865829
-0.0403318253363,-0.0140132347217,-0.0132249745097,0.0114206992286,-0.0311900191939,-0.0130665577787,-0.0259103641457,-0.0122669283611,-0.00803437967115,-0.0117548278757,0.00913681173359,-0.0109502598367,0.0028047868362,-0.0149866947393,-0.011135857461,-0.0144086655613,-0.014720452937,-0.025462962963,-0.0510563380282,0.0578544887763,-0.0059205500382,0.0246406570842,-0.00399080794521,0.0031842908319,-0.0589832466782,-0.0322250639386,0.00460277512348,-0.00617741536941,-0.0128558310376,0.0208375480477,-0.00723458129861,0.0158358826705,0.0493132903611,-0.0189824179244,0.0167112299465,-0.00820617359051,-0.0193432298695,0.011855067624,-0.0263298325291,-0.00330105633803,0.0239544093499,0.0182795698925,-0.0241758241758,-0.00130992926382,-0.00814362391264,-0.0248560169748,-0.0282485875706,-0.0251282051282,0.0181917857263,0.00131319763624,0.0439810035102,-0.0004086636698,0.0486163051608,0.0117551020408,-0.00287815797889,-0.020618556701,0.0095777100566,0.00599700149925,0.00211579149837,0,-0.0895008605852,0.0122338015406,0.0146731054978,-0.0384182381086,-0.0215946843854,-0.0197280091159,-0.00849660135946,-0.0247155747352,0.0206128133705,0.0177619893428,0.0150062853551,-0.00393224440411,0.0266159695817,-0.02161055505,0.0460938823928,0.00887409872435,-0.00128921357972,0.0282436010591,-0.00852030673104,0.0472186287193,-0.00338215117578,0.00875604280579
0.0328317317016,0.00315831030399,0.0293268500228,-0.00197726748911,0.0074294205052,0.0107571369466,-0.0113587347232,0.0365126676602,-0.00828781314749,0.0444633248372,-0.0640934000477,0.0320885719647,-0.0270371060973,0.0187771823836,0.00309684684685,0.0592215567421,0.0133601494038,0.0240498812352,0.00278293135436,0.115014618969,0.0572526416907,0.0455911823647,0.0090187227588,0.0523740245999,0.0178648167475,-0.0115221987315,0.0107910777681,-0.00784746394828,0.0204651162791,0.0118906064209,0.0630351612316,0.00478299379982,0.0216404149059,0.0459952418715,0.017094017094,0.016241161563,0.0146788990826,0.0112211221122,0.0216486309996,0.0452638551557,0.0267899254787,0.0406546990496,0.0878378378378,0.0220356768101,0.0264974808733,-0.0385452284737,0,0.0439242503945,-0.0859686617513,0.0585792349727,-0.032832278481,0.00858544562551,0.0449358059914,0.0192028400839,0.0445798588839,0.0117894736842,0.0185424752048,0.0108792846498,0.0531669865643,0.114864864865,0.0469889278963,0.0179051029543,0.0487522118494,0.0187326211035,0.0169779286927,0.0269580467293,0.00937594515576,0.0189058728882,0.0342066957787,0.0779522978476,0.0167969657094,0.00425144245369,0.06,0.0194140897466,0.0264053134619,0.0310610225399,0.040017211704,0.0154506437768,-0.00171870524205,-0.0195593988058,0.0231791259805,-0.00416764799246
-0.0263948480708,0.00550964187328,0.0802480070859,0.021412770568,-0.0417895771878,0.0339746213672,-0.00756253635835,0.0258806613947,0.0262108262108,-0.00406724511931,0.0394602851324,0.0309090909091,0.0178229206593,0.00127245000049,0.0408363738423,0.0714886671212,0.0387014459881,-0.0110176862859,0.0598211532532,0.031183265099,0.034163183718,0.0884044082415,0.0329677793273,0.0349377906246,0.0174909529554,0.0778526360817,0.0544197851572,0.0346139990916,0.00364630811304,0.0591461026244,0.0466152527849,0.0167489421721,-0.0109050023878,0.0670204700531,-0.00452488687783,0.0495493218564,0.0565099457505,0.0251305483029,0.0176915394493,0.00316856780735,0.0439136426275,-0.00101471334348,-0.0916149068323,-0.0118069815195,0.0241774222869,0.0368574199806,-0.0116279069767,0.0793650793651,-0.00169805820282,0.067726615734,0.0856850715746,0.0534049452777,0.101023890785,0.0468651044965,-0.0546515198035,0.0640865584686,0.00846740050804,0.0443756449948,0.000546746856206,-0.0311688311688,0.0250193448543,0.0446350043975,0.0239702117757,0.0833213618733,0.0217028380634,-0.00926686909748,0.0123851378346,0.000394788787998,0.0768824771288,0.00647598488937,-0.0307551766139,0.000302388872089,0.0195667365479,0.0516592541909,0.0432449494949,0.00506531591576,0.0124120810923,0.0247252747253,0.104734576758,-0.0403191936161,0.0464094621233,0.0136006855184
-0.0304525516296,0.0168297455969,0.0060129004045,-0.017544241394,0.0323242688558,-0.0281076801267,0.0240328253224,-0.0369072646578,0.00518230612623,-0.0337598693166,0.0124908155768,-0.0236790123457,0.00546036527961,0.0165014260492,0.0273695564244,-0.0118394152758,0.0720622355671,0.0240398710056,0.000290951411114,-0.0676687643021,-0.016868740116,-0.0334580673564,0.0078835591519,-0.0224650880389,-0.0165975103734,-0.0191487250719,-0.0421775719143,-0.00637328367925,0.0108991825613,-0.00961538461538,0.019485835926,-0.0235824518814,-0.034216239027,-0.0231632798067,-0.00454545454545,0.0703962509012,0.00984167736414,-0.00238777459408,-0.00112154773588,0.015371657191,-0.0362580304497,0.00812595226003,-0.0131054131054,-0.00155844155844,-0.00479233226837,0.00717181166199,0.0470588235294,0.0562558356676,-0.0300781532237,0.0206923225682,-0.0446411753626,-0.00683020683021,0.0805951642901,0.0208711433757,-0.11886976291,-0.015252248729,0.0142737195634,-0.0234330886505,-0.0360655737705,-0.0402144772118,-0.0246602918973,-0.00420964007577,-0.0261363636364,-0.00729346240552,0.00326797385621,0.0246977358753,0.017363851618,-0.00355169692186,0.0292435876491,0.0386058981233,-0.0160226201697,-0.00302297460701,0.0788211103496,-0.0202775970505,-0.0444780635401,-0.0328912466844,-0.04086636698,0.113837904723,0.0664935064935,0.0312910284464,-0.0316785378952,0.00172123441928
0.00317412621595,-0.0346420323326,-0.0309715279287,-0.0875168878701,-0.0248508946322,-0.024032586558,-0.0423583285633,-0.0220713073005,0.0167556619407,0.00901662440124,0.00749879051766,0.0338274557692,-0.00205992509363,0.0371529732877,0.00918635170604,0.00844921455752,0.0516868236792,-0.00400801603206,-0.0154159394997,0.0226573357918,-0.0184092940125,0.107948075609,-0.0133539771628,-0.0314285714286,-0.0147679324895,-0.00849686425248,-0.0162202595766,-0.00128740325431,0.00179694519317,0.0110156833458,0.00819145518792,0.0083466524596,-0.0112819987954,-0.0308408495781,-0.0554468362688,-0.0392825302518,-0.00508474576271,-0.00909526089038,-0.00715789473684,-0.0255080879303,0.00347000273948,0.00100755667506,0.0444572748268,-0.0369406867846,0.0139111824505,-0.0105263157895,0.0112359550562,0.0110497237569,0.0204794259056,0.0138309965896,-0.00808359621451,0.0273149941883,0.0131956397017,-0.0557037037037,-0.0398083302617,0.0714853057983,-0.023178807947,-0.00693842150911,-0.0565003779289,-0.0297951582868,-0.00335397316821,0.00190234622701,-0.00886814469078,-0.0283863211328,-0.0119435396308,0.0145041350358,0.0178432893716,-0.0273267326733,-0.0233333333333,-0.0018069179143,-0.0197956577267,-0.00848999393572,0.133418043202,0.000996126175982,0.0030082330589,0.0896873285793,-0.0157648061355,0.0329568598408,-0.0550414028251,0.020793549756,-0.0109070247168,-0.0157986949198
0.0637604915719,0.0211323763955,0.0396994504878,-0.00339811624516,0.118246687054,0.0555091819699,0.0221159593545,-0.0277777777778,-0.00959797174937,0.0296006702039,0.0192076830732,-0.0153765507601,0.0662413210734,-0.00451341602562,0.0228868660598,0.0532722060731,0.213896622685,0.0181086519115,-0.0183161004431,0.0786012576201,0.00819373634377,0.0248715313464,0.0280369918144,0.0495062203412,0.0468033037626,-0.0246888390124,0.028266524378,0.0581069845846,0.00896860986547,0.0162511542013,0.0291540544846,0.0227192673477,-0.00955937682896,0.0498348844191,0.0566298342541,-0.0127320728768,0.0655877342419,0.024154589372,0.0243143907266,0.0223451798255,0.014014014014,0.0337191746351,0.0398009950249,0.0578065910319,0.0014072119613,0.0225281602003,0.0888888888889,0.0710382513661,0.0166283932781,-0.0659689777612,0.0445239515007,0.00584574768999,-0.0209513023783,0.0244744273612,0.0833013435701,-0.0296515937732,0.0237288135593,0.0260553129549,-0.0122171039455,0.0873320537428,0.0401242557598,0.0147679324895,0.0725217800801,0.0705987488829,0.0532967032967,0.0403578015845,0.0133384146341,0.0806188925081,-0.0144644888672,0.0462891130075,0.0374592833876,0.048623853211,0.0201793721973,0.0420168067227,0.0399368587214,0.0239114019633,0.052380952381,0.0139810001792,0.0136597938144,0.0796092288506,0.0275620051452,-0.0115144384953
-0.0190621418288,0.00195236235845,0.0850501564017,0.0257306981709,0.0442114858706,0.0549624357454,0.0280701754386,0.0375,0.049186322911,-0.00515324111744,-0.00329799764429,0.0608695652174,0.00739176346357,0.0217681667137,0.0302568014238,0.0208339074549,-0.0160550458716,-0.0115753811406,0.00962985254288,-0.0575254222202,0.0420805490338,0.0772162053751,0.0287752201234,0.00464377367714,0.0601987142022,0.0210251046025,0.0217684603809,0.0206313391628,0.016,0.00163547156097,0.00789473684211,0.0254864818323,0.0540025566195,0.0181584215041,-0.00980392156863,0.0060791421879,-0.00719424460432,-0.0275157232704,0.0129726745791,0.145920066611,0.0880373328547,-0.0116845180136,0.0489101541733,0.0314096016343,0.0191463200422,0.00550795593635,-0.0255102040816,-0.00591836734694,0.0011279252757,-0.00500200080032,0.0100856327307,0.0264341957255,0.0561017929439,0.0243491577335,0.0836286321758,0.0427807486631,0.010761589404,0.050929209817,-0.0249391727494,-0.00794351279788,-0.0550024888004,0.0546777546778,-0.0195389681668,0.060228586105,0.0195618153365,0.024829600779,0.00413689356901,0.0229841748304,-0.0174802110818,-0.0247157686604,0.0995290423862,0.0148731408574,-0.0368131868132,-0.0378820033956,-0.0947176684882,-0.158554572271,0.225421637186,-0.00777797419127,0.0175438596491,-0.00462071621101,0.0107315176043,0.0176480793921
0.00381252716375,0.0066250974279,-0.00193846612655,-0.00163388872194,-0.00654735923178,-0.0524737631184,0.00113765642776,0.0140152446521,0.00540257929592,-0.0152671755725,0.0186717088159,0.002843760455,-0.0101327742837,0.00740000271394,0.00444225074038,-0.0476017362731,-0.00577683186379,0.00942587832048,0.0125186289121,-0.00329943396115,0.0223570190641,-0.0310929063489,-0.0142602606983,-0.0582654178324,0.0231532524807,-0.000307345558857,-0.021304690079,-0.0154538327342,0.0087489063867,-0.0177793904209,0.00645062202427,0.00184718723762,-0.00521357742182,0.0289285212751,-0.00726072607261,0.00485628913442,-0.0342190016103,-0.00323362974939,0.0705722070845,0.047229791099,-0.0103926096998,0.0857142857143,0.00101368474404,0.0106461995543,0.017063081696,-0.0176506390749,0.143979057592,-0.00841716280025,0.0239436493445,-0.043635632415,-0.00169555388093,0.00401826484018,0.106790799562,-0.0016444909553,-0.0300850228908,-0.0611721611722,-0.00737100737101,-0.0151187904968,0.005406529424,-0.0693950177936,0.0242296549908,0.00906761285236,-0.00828481862965,-0.0111434108527,-0.00741877718086,-0.010384081029,0.00187265917603,0.0261510128913,0.0161127895267,-0.0354789660416,0.0154197601371,-0.0014367816092,-0.00741585852824,0.00330870188596,0.0241448692153,0.0105170902717,-0.0248405505203,-0.0117584179583,0.0279860069965,0.0284332688588,-0.0238865374441,-0.0221975204244
-0.0411401390738,-0.0487804878049,-0.0412848605578,-0.0358208045616,0.0386643233743,-0.0225474683544,-0.0568181818182,-0.0164888457808,0.0376148379269,-0.0265780730897,0.04686774942,-0.00717264386989,0.000705965407695,0.0146867998402,0.0111793611794,-0.0487908163265,-0.0199796126402,-0.0121675155631,0.0123638504563,0.00287805571347,0.0101712154602,0.0222905457341,-0.00630626059676,-0.0474037716352,-0.148168103448,-0.012912482066,-0.0137447459914,-0.0226478711575,-0.0208152645273,0.0029553010713,0.0184648252709,0.0100569896078,-0.0489431935376,0.0219735225877,-0.0345744680851,-0.0190503003794,-0.00750312630263,-0.000973236009732,0.0404683125477,-0.00659150043365,-0.0145024170695,0.0485480943739,-0.103746835443,-0.00661440470358,0.0215217759702,-0.0154894671623,-0.00228832951945,-0.04016563147,-0.0145812842387,-0.0494112699748,-0.0379316852236,-0.0114607967983,-0.0257298367145,-0.00733752620545,-0.0815913688469,0.0245805696449,-0.0544554455446,-0.0101425438596,-0.0250258531541,0.00860420650096,-0.00462843918745,-0.0382887282672,0.0022578460149,-0.00612444879961,0.0154639175258,-0.00480497072183,-0.011214953271,-0.0165111270639,-0.00214734060126,-0.044140830268,-0.00534308211474,-0.0135251798561,-0.0402298850575,0.00417720127515,0.00409299279633,-0.0474125469789,-0.00516351118761,-0.00937443663241,0.0167719980554,-0.00131653187888,-0.0212066151335,-0.0358271203699
0.00330153609637,-0.01628001628,0.0192717261441,-5.74266980959e-05,-0.0329949238579,-0.00647511129098,-0.0150602409639,-0.00320512820513,0.0100233879051,0.0364050056883,-0.0137411347518,-0.00487231182796,-0.00564373897707,0.0127396144928,0.00400923338598,-0.003416902423,-0.00863324318702,-0.0189057576626,0.00116312881652,0.0452996752288,-0.00100688034905,0.0413533834586,-0.00298485870321,-0.0211525423729,0.0158127767236,-0.0172342192691,-0.00755019763366,-0.0228570589703,0.0159433126661,-0.0252302025783,0.037908300869,-0.0205774975108,0.0229736321236,-0.0418002136752,-0.0502754820937,-0.0171574292958,-0.0209995800084,0.0152622178925,-0.0166340508806,-0.0254932774577,0.0240189445196,0.010385114669,0.0208462798712,0.0118372379778,0.0313536828135,-0.00755191944619,0.00917431192661,-0.0748490077653,0.0133990848105,-0.0327361203274,-0.0288348371911,0.00423260949577,-0.076688674454,-0.0224769950219,-0.0223935389134,-0.0239908606245,-0.00610820244328,-0.0186928828579,-0.0184556639796,-0.0796208530806,0.0154998708344,0.0154377412147,-0.0477585041676,0.0118314025142,-0.0355329949239,-0.0338244930649,-0.00491493383743,-0.021897810219,0.0019864260884,-0.0145684442001,-0.0152671755725,-0.0189614935823,0.00359281437126,-0.0282430213465,-0.0231534322518,0.01062215478,0.0179930795848,-0.0229299363057,-0.0351422424098,-0.00527306967985,-0.00110753121224,0.0231760774272
0.00900120155574,0.0244104261481,-0.0106513097544,0.00484223517545,-0.0284339457568,0.013849287169,0.00672782874618,0.0187979223349,-0.0183592457823,0.000548847420417,-0.0177528089888,0.0109741684957,0.0172046825115,-0.00657150222618,-0.0134317521781,-0.000438544121226,-0.0220333648096,0.0137226277372,-0.00406622131862,0.0673025592936,-0.0176381656308,0.0518050541516,0.0132896320385,0.0357390220252,-0.00249066002491,-0.0242974857384,0.0520805031113,-0.0300396622698,-0.00174367916303,0.0083128660495,0.0233867475097,0.0113520840393,0.0236477699928,0.00529616724739,-0.0261058738216,0.00329292201,0.003861003861,0.0148728610267,0.0162935323383,-0.0406737143881,-0.00660720185002,0.0235546038544,0.0791366906475,-0.0116987570071,0.0168891748432,0.0126823081801,0.0772727272727,0.02821170436,0.0429770954439,0.0397896181111,-0.00121187638861,-0.00458127176104,-0.014301430143,0.0138888888889,-0.0424333458505,0.0912992586812,0.00482879719052,-0.00042331028644,-0.00669980548952,0.0319258496395,-0.00152632917833,0.00160032006401,0.00544121126094,0.0616321559074,0.0115789473684,0.0225038738879,-0.00797872340426,0.0205223880597,0.0312241863539,-0.00362622036262,0.00258397932817,0.0127862027951,-0.0178997613365,-0.00484397882167,0.0110165247872,0.0108108108108,0.024133242692,-0.00428385174148,0.0287413280476,0.0475198788338,0.0350330107852,0.0104277129728
0.00186716568398,-0.0302907915994,-0.0434760212229,0.000306479490423,-0.0171544349392,-0.0389714744877,-0.0285540704739,-0.00679776644817,-0.0126368997473,-0.019747668678,-0.0176161061542,-0.0237140948564,-0.0151700087184,-0.0198581123578,-0.0470992272783,0.00285178742258,-0.000536423130565,-0.0403225806452,-0.0422863808691,-0.00725909106547,-0.0381326949384,-0.0329500600652,-0.0181041308669,-0.0074896348803,-0.0355805243446,0.0253356431356,-0.0539493575208,-0.0364995159729,0.0218340611354,-0.0410342889264,0.0172097616025,-0.0128999832468,-0.0414486828581,-0.0024954942465,-0.0402084884587,-0.0134779024446,-0.042094017094,-0.0179640718563,-0.0462611675438,0.0155024280911,-0.0259394745594,-0.00439330543933,-0.0733333333333,-0.0382244143033,-0.0272065801961,-0.0500939261115,-0.101687763713,-0.0337868480726,-0.0443754483501,-0.0855509126897,-0.035187057634,0.00220913107511,-0.0569196428571,-0.0447488584475,-0.0871176470588,-0.0264569181266,-0.0183486238532,-0.0347261434218,-0.0128372497824,-0.0978043912176,-0.0486624203822,-0.0173756740563,-0.0522352941176,-0.0574804956402,-0.0405827263267,-0.0373519670931,-0.0145538108005,-0.0614259597806,-0.055751361743,-0.0391937290034,-0.0332187857961,-0.0440399295361,-0.0540704738761,-0.0315825220738,-0.0762753838534,-0.0540701128936,-0.0517756388981,-0.0338570894126,-0.0315510597303,-0.0892824868968,-0.0537319610218,-0.0508868287563
-0.0338424647039,0.00124947938359,0.00323119177123,-0.0313391427722,-0.0203399147922,-0.00877926421405,-0.0581613508443,-0.0232217061843,-0.00358361774744,-0.023503077784,0.0130414531905,-0.00273691412932,-0.0368271954674,0.00176353388857,0.0097824687862,-0.0412432718681,-0.0148132245599,-0.047418967587,-0.0359317904994,-0.0204490200678,-0.00871111111111,-0.0429458740018,-0.00940662753315,-0.04716345506,-0.0187702265372,-0.0397043294615,-0.0446819135124,0.0101437160403,-0.0205128205128,-0.0156311059007,-0.003189571488,0.00984385607604,-0.0187429718876,-0.0109798471161,-0.0318076027929,0.00397532653416,-0.0144992192728,-0.00353016688062,-0.0189914025407,-0.131230457973,-0.00990099009901,-0.0422357638159,-0.0594908688434,-0.0389743589744,0.0141463414634,-0.015491100857,-0.102865194927,-0.0577329265431,-0.0666103663042,0.0002405002405,-0.0463215258856,-0.021675238795,0.0325443786982,-0.00223072020395,0.0101595893206,-0.0499449136981,-0.0447263017356,0.0163790582042,-0.0255675556535,-0.0829646017699,-0.00535618639529,-0.0414634146341,-0.0675273088381,-0.0286062081558,0.000542299349241,-0.0454954351446,-0.00544111931597,-0.038176860148,0.00950118764846,-0.0212703962704,-0.0124407582938,-0.0402334152334,-0.0282594733462,-0.00584453535944,-0.0221626452189,-0.0769472361809,-0.0276513825691,0.0302032913843,-0.0273563790102,-0.0307600714427,-0.0369076793444,-0.015001621797
-0.0345370801014,0.0178868552413,0.00767620376832,-0.0399228375146,-0.00280570493336,-0.000843525938423,0.00531208499336,0.0035035035035,0.00102757321459,0.0266475644699,0.0386206896552,0.0221269296741,-0.0169117647059,0.0199291348811,0.0356915232632,-0.048431138579,0.0742536500327,-0.0144927536232,-0.0224257738471,-0.045058333356,-0.0173959827834,-0.0133506397182,-0.00474797621032,-0.0395983594965,-0.0112137203166,-0.0101165603695,-0.00368682222408,-0.0348282063116,-0.0418848167539,-0.0195514092894,0.0271285475793,0.0588235294118,0.0276958085891,0.017425519955,-0.00520833333333,0.0314983722908,0.0217292892712,-0.012077294686,-0.00444735120994,-0.0439292897216,0.0120689655172,-0.0188679245283,-0.0809061488673,-0.0197438633938,0.02886002886,-0.00669568128557,0.00523560209424,-0.00174346201743,-0.0192484103647,0.00721327242126,0.0520879120879,-0.00863687570409,0.0458452722063,0.056850846375,-0.0771847756751,-0.0143022806339,0.0114139296529,0.0224460431655,-0.0490839176657,-0.0458383594692,-0.00430802369413,0.0125106022053,-0.0495207667732,-0.0627192982456,0.0189701897019,-0.0312111489874,0.0480656506448,-0.0352369380316,0.0665546218487,-0.00267936885978,0.00779844031194,0.00256,-0.0502313284865,0.021164021164,0.0400292451106,-0.00510377679483,0.00395968322534,-0.0116519451231,-0.0189209920736,0.0177108927109,-0.00412740180724,0.00609203918663
0.0530239290321,0.0298324478954,0.0720754314937,-0.00367302491414,0.000703399765533,0.024482904179,-0.00594451783355,0.00199501246883,-0.00975192472198,0.0602846776444,-0.0765825586543,-0.00335626783017,0.0237471952132,-0.00862137116255,-0.0172307692308,0.0617291781373,0.0614128505502,0.0147058823529,-0.00193861066236,0.0589911655742,-0.0255521080489,-0.00281901898139,-0.0148861836724,0.0584597261081,-0.00733822548366,0.0128860253277,0.0450841173796,-0.00381707709177,0.0364298724954,0.0288490737929,0.0715156440471,0.0222222222222,0.000398247710076,0.0241712707182,0.0197341925091,0.0139885132638,0.0292423571112,-0.00244498777506,0.0271974773354,0.0788308237378,0.00477001703578,-0.0290697674419,-0.0134443021767,0.0299401197605,0.0297646875487,0.0151668351871,0.0390625,-0.0194610778443,0.028986017906,0.0334208641681,0.0219344056821,0.0412878787879,0.0180821917808,0.0350559081293,0.0562211981567,0.00549019607843,0.0193459235375,-0.0159020546017,0.0306850618459,-0.0720606826802,0.0411032990806,0.0207329842932,0.0484593837535,0.055418142924,0.0127659574468,0.065183644323,0.00223713646532,0.0348446683459,0.0406555310432,0.0417910447761,0.0467261904762,0.0248962655602,0.0591510090466,-0.000230282095567,0.0794376098418,0.00889192886457,0.0304768734313,0.0735881346264,0.0357049778473,0.0143848707374,0.0325592000697,0.00113441096176
0.0337920740731,0.0325396825397,0.0409440993789,0.0791796356557,0.0557638238051,0.0601565718995,0.0538205980066,0.0440517670483,0.00691085003455,0.0579099763096,0.0266059443912,0.0250883987203,0.0571689497717,0.0281136062589,0.0211646837821,0.0773927483869,0.0367892976589,0.0560806553245,0.0207186791842,0.0302556512379,0.0106761565836,0.0883905013193,0.0439753116408,0.0406232609905,0.0383064516129,0.0421144987936,0.0673761713521,0.140366122118,0.0404217926186,0.0279417552145,0.0571356339274,0.0281055900621,0.0672770700637,0.0250842886042,0.0497630331754,0.0617446826528,0.0749031424882,0.0415849673203,0.0395241749808,0.0611658456486,0.0603594438793,0.114233072317,0.0476963011032,0.056289640592,0.0325363196126,0.0308764940239,0.0977443609023,0.120865139949,0.0803993350642,0.10395010395,0.0639820114473,0.0321935249182,0.0365984930032,0.0700729927007,0.022687609075,0.0865834633385,0.0469950293719,0.043043043043,0.0447726748211,0.066757493188,0.0215584415584,0.0646286417727,0.0339300026717,0.0233088421586,0.0414915966387,0.0839393541931,0.0412946428571,0.0503042596349,0.0271047849788,0.0498567335244,0.0535968154677,0.041108688882,0.0749014454665,0.0505585627087,0.0486812113318,0.0674576271186,0.0822894919972,0.0518951470067,0.0231504781077,0.0773502578342,0.0567650420867,0.0166290815739
0.031288554992,0.0234435049962,0.0146069024774,0.0119988526138,0.0142032845095,-0.0272055965799,-0.0271122320303,-0.0162097735399,-0.0236787920384,-0.0111968151281,0.0140088722858,0.00213534822602,0.0062197650311,0.00112895511326,-0.0105469708119,0.022393191741,-0.0282949308756,-0.0322195704057,-0.0174437044085,0.0848911956076,-0.00889547813195,-0.00329004329004,-0.000372282706411,-0.000534759358289,-0.0258899676375,0.0601978530836,-0.142858038704,0.00519612467796,0.000844594594595,-0.0258422664625,-0.0545258878393,-0.0270351910588,-0.0317045878404,-0.0292066833311,-0.0233258088789,-0.0444212450604,-0.0256307569083,-0.00117656286768,-0.0283007259751,-0.0276595744681,0.00463703229933,0.00826787928896,-0.0777330442862,-0.0357768326245,0.0202257071669,-0.00289855072464,0.00913242009132,-0.00635641316686,-0.00950553360937,-0.0437329985353,-0.030739673391,0.0102202643172,0.0155763239875,-0.0177353342428,0.0337030716724,0.0287150035894,-0.00776866637894,0.00479846449136,-0.00905677048818,-0.0434227330779,-0.00330536486143,-0.0233185584891,0.00749354005168,-0.0196830898737,-0.0237014624307,-0.0365571639851,-0.0307252590211,-0.0181537273078,0.0281586318738,0.015556768559,-0.0376467413305,-0.0245288662878,0.0213936430318,0.00197325147994,0.00388138487812,-0.0215941568752,0.00401864651985,-0.000673514059606,-0.00688637481554,-0.0324005891016,-0.126422794208,-0.0263920509569
0.055932799962,-0.00150206533984,-0.00479887085392,0.128319732621,-0.0249452954048,-0.0437475029964,0.000324044069994,-0.0111461109765,-0.0393673110721,-0.00855561147458,-0.0405249827308,-0.0306507129979,-0.0508241758242,-0.00929261626531,-0.0194595934556,-0.037069997976,-0.0159347434317,-0.0604192355117,-0.0713363460297,-0.0403810826233,-0.0330029917726,-0.0305767894371,-0.0284013601843,-0.0321027287319,-0.0418604651163,0.0266031367878,-0.033266269159,-0.00653377710074,-0.0126582278481,-0.0490273138141,-0.0150499557354,-0.0344613474076,-0.0296610169492,-0.0360482450197,-0.0523882896764,0.00124367865776,-0.0493218249075,-0.05465682425,-0.0224135747752,-0.0139248060473,-0.020531593188,-0.0319803198032,-0.0735392881128,-0.0799169693825,-0.0295934492171,-0.0503875968992,0.0113122171946,-0.00365547178433,-0.0611469563244,0.0619256017505,-0.0408325074331,0.0669806384092,-0.00613496932515,-0.0661111111111,-0.0825423029303,0.0317515701326,-0.0513266637669,-0.0201937508528,-0.0769059295586,-0.0347129506008,-0.0492346938776,-0.0250591949487,-0.0938702231341,-0.0506377067812,-0.0255681818182,-0.0514111074414,-0.00958348691485,-0.094807238395,-0.0183538858618,-0.0126310131685,-0.0667414469994,-0.0778902177246,-0.0107719928187,-0.0175054704595,-0.0119084441695,-0.056799740344,-0.0179314761447,-0.00303285593934,-0.019935611689,-0.0452815829528,-0.0434788726449,-0.0282560308684
0.0660786516854,0.0496427228281,0.00926582517846,0.0404069069397,0.0336624775583,0.0457489032797,0.0547457078069,0.0448419505023,0.00439077936334,0.0253807106599,-0.0448764098872,0.0282380791343,0.0276772793054,-0.00426630057,0.025913285299,0.0253360092393,0.00231325301205,0.0324803149606,0.0305874174487,0.00906739326243,0.095426858745,-0.00268817204301,0.0118455182387,0.0270867882808,-0.0506241331484,0.116611873912,0.0838592986121,0.0337993982821,0.0401709401709,0.00588903812377,0.0166923472008,-0.00225080385852,0.0107185391028,0.01602699283,0.0650406504065,0.106851665481,0.0185905750108,0.0265824887855,-0.00673575129534,-0.00242081904378,0.0427364315892,0.0194832698009,0.0699528814788,0.0265087422448,-0.00133234641007,0.0132653061224,-0.0447427293065,0.0454024306352,0.0157711112901,0.0269936121986,0.0415375077495,-0.0246853032532,-0.0457818930041,0.0208209399167,0.19028340081,0.0172472100101,0.0385144429161,-0.00167107645175,0.0630282540449,0.0912863070539,0.0139522404078,0.0261080752884,0.0325502405887,-0.00931098696462,0.0119268486615,0.029349601071,0.00893189430592,0.0178183398522,-0.0210341805434,0.00435492651062,0.00420673076923,0.034253408713,-0.113732607381,0.025723830735,0.0442948818281,0.0464556090847,0.0332572546462,0.00321108669934,-0.0218572331017,-0.00757273814269,0.0831212580356,0.0385062554801
-0.00439146580102,-0.022930849158,0.0366761909223,-0.0197256205817,-0.0343030829353,-0.0471434278865,-0.0276412776413,-0.0262664165103,-0.0205828779599,-0.0148514851485,-0.0175879396985,-0.038398289755,-0.0473508185179,-0.0196951054565,-0.0425702316412,0.0171966021708,-0.010481777094,-0.0502065459167,-0.0667790893761,-0.0644678444,-0.0603706972639,-0.0537286612758,-0.0436181661644,-0.0487755651238,-0.0430971512053,-0.0299618981642,-0.0073942703133,-0.0232255706222,-0.0262941659819,-0.0529991783073,-0.0324576913362,-0.0543828553013,-0.0298507462687,-0.157603431576,-0.0587786259542,-0.0171328462056,-0.0600594227504,-0.031234827642,-0.00482524778299,0.030131445905,0.0306997039115,-0.0880764437059,-0.0128726287263,-0.0637362637363,-0.012303587311,-0.0634441087613,-0.0117096018735,-0.0133801272209,-0.0793546694648,-0.0100321027287,-0.16369047619,-0.034026148173,-0.105121293801,-0.0407925407925,-0.0551776266062,0.0216090425532,-0.0348785871965,-0.06807086065,-0.0742844161745,-0.0608365019011,0.0161418364647,-0.0489151873767,-0.0568804824561,-0.0484693877551,-0.00288108957569,-0.0453012300744,-0.0271117668757,-0.0256191289496,-0.0168606386153,-0.0636856368564,-0.0472770795931,-0.0601286173633,-0.0552901023891,-0.115296927587,-0.00569544364508,-0.218513646827,-0.0571158094036,-0.034871967655,-0.0519245672953,-0.0712851405622,-0.00539865135577,0.0514576251014
-0.109741595593,-0.102310231023,-0.124796674498,-0.10012045606,-0.095773381295,-0.143396226415,-0.119393556538,-0.113198458574,-0.0723451738888,-0.144472361809,-0.0992327365729,-0.104061564771,-0.126201034738,-0.01834609222,-0.0911781738627,-0.0628361843218,-0.144800777454,-0.123787219806,-0.135887242501,-0.139495079161,-0.127371782829,-0.146221040638,-0.0987160588295,-0.128934153759,-0.153435114504,-0.142117479022,-0.154037703995,-0.183702402971,-0.0801687763713,-0.111930585683,-0.100509071923,-0.0200221521684,-0.166396761134,-0.162286465177,-0.100567721006,-0.158200841927,-0.192594265071,-0.120447711326,-0.0860961866073,-0.214762465646,-0.164801935289,-0.173120728929,-0.181194234729,-0.114436619718,-0.0852468857872,-0.0777777777778,-0.218009478673,-0.196087149844,-0.140850250317,-0.161532225375,-0.152550415184,-0.153565851119,-0.206024096386,-0.104799513973,-0.2244,-0.218353400586,-0.116193961574,-0.100883101332,-0.131779141104,-0.229419703104,-0.1453125,-0.150559933637,-0.18442086906,-0.179060251164,-0.159443131074,-0.190027794827,-0.130236966825,-0.0762489044698,-0.185764152375,-0.157452966715,-0.0935929648241,-0.107765993842,-0.21387283237,-0.0908086881826,-0.182845945131,-0.112560488113,-0.242302543507,-0.131960202479,-0.139509536785,-0.150054054054,-0.155512617435,-0.0683700216132
0.0854997958723,0.0420751633987,0.0477542591637,0.0205309895135,0.0387866732969,0.0411160058737,0.149928263989,0.0122216186855,0.0344827586207,0.128340675477,0.0431572969903,0.0639435006681,0.0839500951575,0.0287724770809,0.0489946190881,0.0185146534653,0.0417045454545,0.0496372661321,0.0309493935592,0.0866569272727,0.0385360602799,0.293816725979,0.0488498571685,0.0381617408249,0.214156898106,0.105723204995,0.241555936206,0.146190942192,0.00871559633028,0.0534929164631,0.176171818314,0.056164145366,0.116075764934,0.0607843137255,0.0703336339044,0.0582331484059,0.108501118568,0.0490978157645,0.0328362489246,0.15775,0.0778421433744,0.116253443526,0.120704107293,0.0629555997349,0.114520098441,0.0582977069569,0.151515151515,0.148506637168,0.0476194148998,0.207396664249,0.0659294512878,0.162976629766,0.191198786039,0.111978283,0.19185146983,0.151956702748,0.0590062111801,0.0680872315632,0.125777275297,0.134851138354,0.0889701401584,0.118408203125,0.0723449750535,0.0659161223788,0.0625,0.20100914266,0.0815170008718,0.0967741935484,0.112022367195,0.0810717966335,0.0651420651421,0.0648006134969,0.103860294118,0.0911054123363,0.111787493082,0.102418207681,0.0441696113074,0.0979288156043,0.0478150728309,0.127194098194,0.226976157559,0.0691387369053
-0.070341483364,-0.0599764798118,-0.125203252033,-0.105988734437,-0.0722833891814,-0.070051716032,-0.0636306924517,0.0152938019855,0.0137596899225,-0.0918792295679,-0.0500816548721,-0.00753498385361,-0.0948107686305,-0.032582061136,0.00458963282937,-0.132264242688,-0.0246536489582,-0.0847580938523,-0.0600405679513,-0.166760462499,-0.06135986733,-0.0818291215403,-0.0246431844965,-0.11669012983,-0.0464166357222,-0.05119518163,-0.0827930775825,-0.11427670392,-0.00136425648022,0.0178530025504,-0.0154225786552,0.0181099769509,-0.121409921671,-0.14528650647,-0.0850884582982,-0.0844222760103,-0.104944500505,-0.056576446094,-0.0158267388588,-0.0179226948823,-0.0503862949278,-0.0325765054294,-0.106955871354,-0.0274314214464,-0.0437214779921,-0.0719794344473,-0.1,-0.0862027450036,-0.0940313781501,-0.137537537538,-0.102035456336,-0.104177683765,-0.119108280255,-0.0811718034788,-0.173085244483,-0.0231297434044,-0.0828445747801,-0.051433915212,-0.0996736128546,-0.188271604938,-0.0517627308338,-0.0910281597904,-0.192755068129,-0.165201967266,-0.0794117647059,-0.109185761992,-0.0306328093511,-0.0544982698962,-0.0888367415354,-0.157610422625,-0.0611581001952,-0.040331292762,-0.151540383014,0.00346363186541,-0.0580720092915,-0.141075268817,-0.0960236886633,-0.0538461538462,-0.112420670898,-0.192281651997,-0.0878420674613,-0.0343208631356
0.094069128044,0.0775646371977,0.163287146559,0.0821199984278,0.047213622291,0.0738119312437,0.0486342438374,0.051532769556,0.0474096731027,0.0905703640011,0.0160458452722,0.0535068691251,0.0974137931034,0.0304039433104,0.0452835259339,0.167346373609,0.0501062520971,0.0397456279809,0.101208459215,0.0966069375795,0.0366607773852,0.0975472757911,0.0578152917859,0.116699132283,0.0654205607477,0.13112477683,0.117020810515,0.114405307767,0.0573770491803,0.102391799544,0.115664160401,0.0549805950841,0.0797424467558,0.117430795848,0.0483425414365,0.16926396018,0.129368658399,0.0612166570716,0.0651713922979,-0.0336411609499,0.1752741422,0.136734693878,0.118927973199,0.0615384615385,0.136391625616,0.0474871388999,0.0584795321637,0.0474308300395,0.113745885986,0.10747446611,0.111436092425,0.0606060606061,0.10701373825,0.096313517104,0.0884353741497,0.0695523492416,0.100186517453,0.0757476174827,0.0803123257111,0.16825095057,0.0728828562998,0.135446685879,0.154796212433,0.115124589531,0.0760383386581,0.0664294187426,0.0964656964657,0.0580969807868,0.121412803532,0.0980761976613,0.0812543312543,0.0636022514071,0.145240431796,0.0769230769231,0.132464329752,0.0826239359039,0.0912494150679,0.103174603175,0.0708205652026,0.0427493713328,0.112244455682,0.00186823775164
-0.0408239095315,-0.0015479876161,0.0168014332058,-0.0264157363215,-0.0322739591032,-0.0115348399247,-0.0209656925032,-0.0243779844182,-0.012593538967,-0.0147174770039,-0.0194585448393,0.00102951269732,-0.0243519245876,-0.00867873643257,0.00989844453015,0.0137811227351,-0.024603259133,-0.0412844036697,-0.0534979423868,-0.0529896291504,-0.03408606732,0.105083589219,-0.0180169370284,-0.0310815096733,-0.0592105263158,-0.00227990178885,-0.0608919046125,-0.035425400932,-0.0241171403962,-0.0215931397872,-0.0606537122318,0.00781729000613,-0.056880733945,-0.0367718211728,-0.0478700043917,-0.0139147591962,-0.0316945345645,-0.0327305605787,-0.0252946629585,0.0145620022753,-0.0368698269375,-0.0132405745063,-0.0329341317365,-0.0335144927536,-0.035356272013,-0.015111446921,-0.0497237569061,-0.00201257861635,-0.0618962145755,0.0375183399707,-0.0613157894737,-0.0155844155844,-0.0437622468975,-0.028779157831,-0.0567307692308,-0.011760636458,-0.0239767498184,-0.0305483427524,-0.0650490449148,-0.104963384866,0.028602860286,-0.0418781725888,-0.0595365418895,-0.00658236618742,-0.0285035629454,-0.00339103858656,-0.00530906332954,-0.0475572849114,-0.0216535433071,-0.057368601855,-0.0450248357635,-0.0312224378197,-0.0822622107969,-0.0518543956044,-0.0183543319334,-0.0518038852914,0.0420240137221,-0.00965081593262,-0.0235294117647,-0.0404608788853,-0.0504585368388,-0.0171755585085
0.0157460274685,0.00348837209302,0.0312380952381,0.010060367535,0.0325865580448,0.00690640628721,0.0441271901363,-0.0216383307573,-0.000739371534196,0.00426780474793,0.0255967788323,0.0339389784025,0.0344202898551,-0.000584242402619,0.0147657841141,0.0012874157571,0.00447696003494,0.0478468899522,0.0434782608696,-0.0143606520761,-0.0207322452581,0.0118863846866,-0.00412160860227,0.00654664484452,0.108003108003,0.0337493408332,-0.00553386096435,0.000339311682016,0.0141218005296,-0.0116156282999,0.0309697476982,0.01536121673,-0.0510700389105,-0.0295358649789,0.00184501845018,0.00318349922659,0.00670103092784,-0.0304729856048,0.0297554347826,0.0715407041938,0.0046875,0.00386627245849,0.0998452012384,0.0256169946892,0.00814492346581,0.00460299194476,-0.0290697674419,-0.0486513738341,-0.0454541919125,-0.0440404040404,-0.00280347631063,-0.0199773840935,0.0396174863388,0.0230817217717,0.0336391437309,0.0458522926146,-0.0114143920596,-0.0340318260596,0.0267807840972,0.215454545455,-0.0355614973262,-0.0313465783664,0.0128885519333,-0.0458587619878,-0.00672371638142,-0.053346770261,-0.000381242851697,0.0894235133908,0.110328638498,0.051749271137,0.0327181208054,0.0517115804807,0.0485527544351,-0.0236629240613,0.0405640944383,0.02,0.00452674897119,0.0278171509568,-0.0403777271247,0.0136833286791,-0.0156977817906,-0.0353323896423
0.083409025169,0.0509849362688,0.116041743628,0.0312200240543,0.0813609467456,0.081362346263,0.0261031696706,0.0545023696682,0.0456899741028,0.0932270916335,0.0389792484577,0.0144230769231,0.0443666082896,0.0181042522904,0.0666081284496,0.00487851549124,0.0814218936841,0.0540334855403,0.00277777777778,-0.31563863219,-0.0702702702703,-0.00961098398169,0.0480217456962,0.0413008130081,0.0245441795231,0.0856997109335,0.0438802794227,0.125090856229,0.0478677110531,0.0547008547009,0.0699373695198,0.0742959856201,0.0512557662737,-0.0180124223602,0.0340699815838,0.0584707557466,0.0389144905274,0.0383725414578,0.0719092228526,0.0502302218501,0.0477449455677,0.0362483008609,0.0654468684025,0.0536095035029,0.062682824906,0.0389461626575,0.0748502994012,-0.00609432962374,0.103687105317,-0.0574809805579,0.0584762440259,0.1075,-0.0466491458607,0.1125,0.0645956607495,0.0555555555556,0.0652610441767,0.0562714076007,0.0354934122076,0.0291697830965,0.054061546992,0.0717866909754,0.0774700598802,0.0243055555556,0.0707692307692,0.0571829212454,0.0270785659802,0.0479166666667,0.0502869223799,0.0142065142065,0.0219333874898,0.0446675900277,0.0418521816563,0.0274514653147,0.0979138114817,0.0636059301769,0.116755428103,0.0318910532667,0.00271462504242,0.00137741046832,0.0386507671781,0.00984578930863
-0.0205529187491,-0.0650496141125,-0.0489883735363,-0.0270365398258,0.0141358869129,-0.0419947506562,-0.0314960629921,-0.0124843945069,-0.0194586944985,-0.040573372206,-0.0275303643725,0.0312142506946,-0.0575740637228,-0.0174974139594,-0.00682112195696,-0.0336065481231,-0.0376960193004,-0.0108303249097,-0.00554016620499,-0.0802066644916,-0.047480620155,-0.0101663585952,-0.0568826548991,0.000156152404747,0.00958247775496,0.0364917776038,-0.0325611023569,-0.0166174961058,0.00332225913621,-0.0269448946515,-0.019512195122,-0.0329057445622,-0.0711847879083,-0.122074636306,-0.0756901157614,-0.0426629615871,-0.0892065056678,-0.0590529247911,-0.00356967011324,-0.0259067357513,0.0583345702835,-0.0485351989506,-0.0871862615588,-0.0566637756577,0.0155983746231,-0.0231532524807,-0.0724233983287,-0.0543854972007,-0.0365337763012,-0.119955156951,-0.0709163346614,-0.072582045494,-0.00551343900758,-0.0427514387503,-0.0472440944882,-0.0294863665187,-0.0466540999057,-0.025169857937,-0.00649182030641,-0.0436046511628,-0.061546554445,-0.137146502233,-0.0170197985412,-0.00838537020517,-0.0316091954023,-0.0295272073672,-0.0326773115485,-0.0421471172962,-0.0258806613947,-0.0505637171165,-0.0829888712242,-0.0397746105403,-0.0393162393162,0.00397159706343,-0.00735090152566,-0.0494604316547,0.0135730007337,-0.013698630137,-0.0622673434856,-0.0148555708391,-0.0348507352843,-0.00897149824021
-0.0708629290034,-0.0357704402516,-0.0777463563193,-0.0683786690528,-0.0728417266187,-0.0703196347032,-0.0500312695435,-0.04399494311,-0.0276023813819,-0.0833122309445,-0.0988065500971,-0.0380348652932,-0.0579280347964,-0.034440300505,-0.0333925399645,-0.132089461278,-0.0707197325812,-0.0343065693431,-0.0744130521289,-0.143472782525,-0.0918107833164,-0.137410519763,-0.0268062402273,-0.0421545667447,-0.0827118644068,-0.0802357207616,-0.0813978472266,-0.136405442495,-0.010761589404,-0.0455965021861,-0.11818684356,-0.0632929642445,-0.0346456692913,-0.0828530259366,-0.0510597302505,-0.0743179075899,-0.123917748918,-0.00907835010855,-0.0560840024707,-0.171644844517,-0.0805049088359,-0.0919117647059,-0.145441389291,-0.0478087649402,-0.0490449148167,-0.0387509405568,-0.129129129129,-0.13419791373,-0.0545319402459,-0.0738853503185,-0.0671812464265,-0.0320164763153,-0.0644490644491,-0.077297452047,-0.175498298493,-0.0176412936949,-0.0612951062778,-0.0571835894187,-0.041819132253,-0.341945288754,-0.0644618834081,-0.0965993100049,-0.100706713781,-0.047319179561,-0.0658753709199,-0.0915445421936,-0.0376199616123,-0.041095890411,-0.110996309963,-0.114789492623,-0.0617198335645,-0.0538488091129,-0.155693950178,-0.0565811555982,-0.127567416515,-0.117786187323,-0.145132102787,-0.0640243902439,-0.0433056658246,-0.0605975984362,-0.069154356461,0.0114126103541
0.0379337859226,0.0982470444354,0.0912350221719,0.0840531241293,0.109602327837,0.132121807466,0.125082290981,0.0751124041259,0.0643784786642,0.130386740331,0.0369571912535,0.0795716639209,0.0931794333683,0.0368792622299,-0.00490015925518,0.0854736960179,0.131744604317,0.126606198035,0.107480653482,-0.0143955595663,0.142537104453,0.190690961573,0.0753165581628,0.106275468623,0.170731707317,0.115163463118,0.127920926548,0.149058820546,0.0853556485356,0.0966404886562,0.0996740220662,0.0708019085732,0.135399673736,-0.306362922231,0.117766497462,0.087768429733,0.104385423101,0.0900219079865,0.102866117,-0.00197579649296,0.0436241610738,0.193825910931,0.251481795089,0.125523012552,0.0762757871878,0.0861056751468,0.137931034483,0.118528166721,0.131397657738,0.187895460798,0.145571559914,0.118181818182,0.206666666667,0.0797393732547,0.153301886792,0.122713668108,0.126908899421,0.0520833333333,0.157119476268,0.19168591224,0.0578190533253,0.161211129296,0.150098231827,0.09537299339,0.119440914867,0.111442028407,0.107698444356,0.05670995671,0.107421550722,0.135365853659,0.0923872875092,0.098869025903,0.167544783983,0.064040660737,0.110345932095,0.257908847185,0.166807790008,0.0655085052479,0.103734439834,0.138822829964,0.115712572888,0.0591425817408
0.0801936472329,0.0014847809948,0.0475964032509,0.0842186311469,0.0174825174825,0.0160520607375,0.00468110005851,-0.0194341943419,-0.016210563012,0.0058651026393,0.00653400653401,-0.0103769265985,0.0297561912075,0.0137021094565,0.0139111165825,0.0186008098793,0.00744934445769,0.0134183160013,0.0186335403727,0.0511548567952,-0.0176470588235,-0.0207575757576,0.0206127244109,0.0511271548549,-0.00883838383838,-0.0246022392457,-0.00295673929185,0.0284823162479,-0.00462606013878,0.0399840859359,0.0597423326873,-0.00819318671841,-0.0234674329502,0.0181200453001,0.0345140781108,0.0228270613984,-0.0302013422819,0.0429380595651,-0.00842529963213,-0.00791883197228,-0.0378544285297,0.00996184824078,0.0108254397835,-0.00571918787532,0.00756620428752,0.0111711711712,0.0727272727273,0.00320232896652,-0.00911907448199,0.0588235294118,0.0345104333868,0.00380556997059,-0.139349294045,-0.0408045977011,0.0858895705521,-0.0263625592417,0.00794392523364,0.00415202810604,0.00707213578501,0.0532945736434,0.0546587369017,-0.00986610288936,0.0676460539802,0.0725862068966,0,0.0597309317937,-0.0208858480375,0.0462925030725,0.02023988006,-0.0601503759398,0.0240189445196,0.00796812749004,0.0198555956679,-0.00370193455935,-0.0235107457089,0.0315430520034,-0.0319303338171,0.0232676630435,-0.0187969924812,-0.00678673975463,-0.00235617645292,0.00293971065158
-0.0338591233795,0.00778354336546,-0.0194775719061,0.0240559365708,0.0562714776632,0.0533731853117,0.0215492137449,0.0534370296036,0.0444720056697,0.033527696793,0.0123930362939,0.0464148033924,-0.000559284116331,0.0146685832092,0.0257406508014,0.0547223404124,0.0797594400079,0.0489904005296,0.0746951219512,0.0128688534371,0.00923153692615,-0.0603434937336,0.0325498540476,0.00140173815531,0.0643312101911,0.0505965866183,0.030507155461,-0.025590776449,0.0549961270333,0.0328997704667,-0.0107584722969,0.0298550724638,0.0720941638058,0.064886911383,0.0474100087796,0.0885501577456,0.0686274509804,0.0324106517169,0.0512206797511,0.0977799950112,0.0397994835182,0.0467995802728,0.0053547523427,0.0373885533506,0.0230287859825,0.039914468995,0.0395480225989,0.000290191526407,0.0851801380088,0.0570866141732,0.095940005172,0.0268826469068,0.046362339515,0.0859796285201,0.0306026365348,0.00790994828111,0.041261010663,0.0696564885496,-0.0065543071161,0.0413983440662,0.0515574650913,0.0438908659549,0.0576,0.0628516315705,0.0573212258797,0.0588824124376,0.0393527031997,0.0121378230227,0.0837619397502,0.0380952380952,0.0403039312851,0.036231884058,0.392920353982,0.0291262135922,0.0923190546529,0.0190082644628,-0.00862068965517,0.0328630705394,0.0121908742598,0.0283837056505,0.0437089371496,0.0333330932765
-0.00243931471473,-0.0205958072821,-0.10142670763,-0.00633803831366,-0.00203334688898,-0.0494527766518,0.0564424173318,-0.00785901405096,-0.0284987277354,-0.00423131170663,-0.0323520839405,-0.0446507515473,-0.0374930050364,-0.0028332539098,-0.0145596590909,-0.0232769124993,0.0624543462381,-0.030293467971,0.0429078014184,-0.309322558034,0.13152039555,-0.0894121521489,-0.00626881890343,0.0183370660694,-0.0640335128665,-0.029470960322,0.00718778077269,-0.0166840382272,-0.0168869309838,-0.00611111111111,-0.0311038607939,0.0702223473121,0.016010978957,0.0661559888579,0.0326906957251,0.0271550053635,0.0561252023745,-0.00101815713558,-0.00125227686703,-0.100431720064,-0.0733382030679,-0.0637530072173,-0.0146471371505,0.0138619351261,-0.0217763640812,-0.00137080191912,-0.0271739130435,0.0113141862489,-0.0109888279694,-0.0198634388579,0.0202925908447,-0.0328914247357,-0.0613496932515,0.0507586206897,-0.0950205573321,0.0295804406882,-0.0356188780053,0.0306274159976,0.012959472196,-0.0123674911661,-0.0273237997957,-0.00340909090909,0.0468986384266,0.10148215366,-0.0869565217391,-0.0451501723289,-0.00070771408351,0.0119922630561,-0.0381016949153,-0.0223853211009,0.062559542712,0.0270184361093,0.0260482846252,-0.0265548567435,-0.0247464503043,0.0924574209246,-0.0862003780718,-0.00626707375864,0.111837577426,0.0467671863021,0.0101859627305,-0.0131129146354
-0.012475421828,0.00638377769433,0.0163458386024,0.0264747271983,-0.0105949470253,-0.0341151385928,-0.0280626011873,-0.0139222275564,0.0202549327746,0.0441454202077,-0.00180722891566,-0.00832947709394,0.103100775194,0.0042619560684,0.0109309309309,0.00252107460805,-0.0201959436232,0.0260331923202,0.0173410404624,0.106603443718,0.0288398514311,-0.0128390596745,-0.0103186203501,-0.0312027491409,0.00319693094629,-0.0276996000593,-0.0325343572638,0.0201097301534,0.0261389096341,-0.00633501024781,0.0491637669772,0.0114398422091,-0.0130571814498,0.069235793599,0.00689935064935,-0.00343428834976,-0.0454777721002,-0.0107015457788,0.0215433717087,-0.160899216974,0.00488727731357,0.0488222698073,-0.00405405405405,0.00464861908668,-0.0148824412206,0.0123541523679,-0.0502793296089,0.00688468158348,0.0104777461563,0.000633312222926,0.00555041628122,0.0149227832726,-0.0406681190995,0.0438435284852,0.0762241292277,-0.0460275579009,0.0129270544783,-0.0452971725332,0.0148871830658,0.046511627907,0.0364925177212,-0.0408209806157,0.0028901734104,0.010435260195,0.00646678424456,0.0308616511112,0.0230169971671,0.012996941896,0.0305892303355,0.039039039039,-0.0146443514644,0.0194986072423,0.136222910217,-0.0251256281407,-0.0526899611758,0.0968819599109,0.020273065784,0.0181112548512,0.0151655834107,0.0458984375,-0.0179264918649,0.0132871478712
-0.0512098038151,-0.00149253731343,0.00889400921659,0.00767719897523,0.0144151565074,-0.0194260485651,0.0516379789006,-0.0150925024343,-0.0188259455759,-0.0133393624237,-0.0214242607121,0.011354798569,0.00316233309909,0.00283357198787,-0.00843631178707,0.0499015717092,-0.000613981229717,-0.011734855693,-0.0561497326203,-0.0562590072212,0.00127415587173,-0.0109910239971,-0.0028965347232,-0.0408626560726,0.0197578075207,0.0178244972578,0.00767046403635,-0.0326432946238,-0.0684133915575,-0.00131258203638,-0.00213972397561,0.0110504420177,0.0177919708029,-0.0265729993891,0.0108827085852,0.0187573186755,-0.0117773019272,-0.00738324175824,-0.0070296808748,-0.0960264900662,0.0045497332915,-0.0302164148632,-0.0033921302578,-0.0100707675558,0.00279294147518,-0.0128813559322,-0.0117647058824,-0.143304843305,-0.0207348696446,-0.0649789029536,-0.0501379944802,-0.0147033680971,-0.0408781226344,0.0369718309859,-0.0858348968105,-0.0184388444991,-0.0232452142206,-0.0179812632215,0.0210864084346,-0.0854700854701,-0.00227963525836,0.0710889205896,-0.0314121037464,0.0134529147982,-0.0105140186916,0.000480204086737,-0.0197300103842,-0.000377358490566,0.0176446450554,-0.0484104046243,-0.0139520776463,-0.0288403157256,-0.0321525885559,-0.0368188512518,-0.0103922716628,-0.0142131979695,0.036496350365,-0.0273189326557,0.00640243902439,-0.0128384687208,-0.00741779365869,0.0304876136447
-0.0270265780731,-0.0657698056801,-0.135568446535,-0.0523006387929,-0.0430369468128,-0.0310670868978,-0.0496304118268,-0.103806228374,-0.0411651840223,-0.044912923923,-0.0351526364477,-0.0569055675177,-0.0495621716287,-0.0318965368488,-0.0258837627322,-0.106193882147,-0.0530981218185,-0.0622593068036,-0.0570113314448,-0.131237903917,-0.0965005302227,0.0187071679941,-0.0462805174164,-0.0427514792899,-0.063125,-0.035922766053,-0.0462493286388,-0.0846911451005,-0.071875,-0.0469395418701,-0.0550016082342,-0.025588273113,-0.0614074406096,-0.108879824286,-0.131578947368,-0.0446335815474,-0.0433369447454,-0.0321743642968,-0.023373412743,-0.0822510822511,-0.107449632985,-0.0894736842105,-0.00408441116406,-0.0558152323343,-0.0417774401823,-0.042239010989,0.10119047619,-0.141336880612,-0.0304793996018,0.00406137184116,-0.0704600484262,-0.0808606628492,-0.0465666929755,-0.0443851564395,-0.149820420729,-0.0231684408265,-0.0634624358376,-0.0498538236652,-0.12480359147,0.138317757009,-0.022086824067,-0.0341842397336,-0.036001190122,-0.0757575757576,-0.0661157024793,-0.0195439250841,-0.0197740112994,-0.0490751226878,-0.0352150537634,-0.00873196659074,-0.039372500769,-0.0706470772116,-0.0906531531532,-0.0220438328236,-0.0566484247892,-0.0617919670443,-0.0770735524257,-0.0333115610712,-0.0142381096637,-0.176164577914,-0.0459785828207,-0.0853110057555
0.0192675047472,-0.0052,0.025891677675,0.0124793767328,-0.00466694951209,0.010687732342,0.000555555555556,0.0976282404854,0.0169183190831,0.00407869481766,0.0479386385427,0.0119047619048,-0.00608070757324,0.0172045023126,0.0115635379505,-0.010781746212,0.0292890907406,-0.0177960301164,-0.00037551633496,-0.0606940762882,0.0117370892019,0.0429090909091,-0.00730927152624,-0.000309071240921,0.0240160106738,0.0475081509082,0.0128895006883,0.0316523693823,0.023569023569,0.00315208825847,0.0152030859995,-0.000659804697809,-0.0124164278892,-0.0461267605634,-0.0449954086318,0.00983841539775,0.0345413363533,-0.00339588918677,0.00690369347601,-0.011611030479,0.0262467191601,0.0215028901734,0.0136705399863,-0.0419336051252,0.0198176773682,-0.000358551452133,-0.0459459459459,0.0441518202943,0.0279094260137,-0.0348314606742,0.00338629851524,0.0366245044365,0.00579470198675,0.011421319797,-0.133977066989,0.0807692307692,0.0144494270055,0.000647773279352,-0.031290074378,-0.0771756978654,0.0067497403946,-0.0172374166858,-0.0246913580247,-0.00783403452778,0.0158027812895,-0.039137795637,0.0036023054755,-0.0297737197301,-0.0408191696851,0.0172347759479,-0.0156900416266,-0.0215270770266,-0.00990712074303,0.0156351791531,0.02743806836,0.0120746432492,0.0186519711742,0.00506756756757,0.0236631837738,0.0252583237658,0.0126507997161,-0.016924840105
0.0449048414893,0.0333735424206,0.0107648725212,0.0636867098014,0.0660699062234,0.064367816092,0.0433092726263,0.00879396984925,0.0286225402504,0.0561529271207,0.0481854223849,-0.0119258662369,0.0101965146459,0.046430026415,0.060440228627,0.0243805291005,0.00666366501576,0.0533101045296,0.0484598046582,0.00242171942079,0.0716937354988,-0.0400976290098,0.0654517645303,0.0814654506106,0.0351791530945,-0.035126722988,0.0733327842297,0.0350711356063,0.0230263157895,0.0714846818539,0.0453732677693,0.0501782648884,0.0652804642166,0.0867478774456,0.0567307692308,0.0269905402861,0.0941434044882,0.0329985652798,0.0663924122957,0.086637298091,0.0538789428815,0.0289723856949,0.043830074174,0.0927051671733,0.0814872392797,0.0652797704448,0.0254957507082,-0.0441394658754,0.0696721311475,0.0896391152503,0.052440290758,0.00400655618284,0.148971193416,0.0677540777917,0.141463414634,-0.000889679715303,0.0564833005894,0.0519501537466,0.134498279057,0.0195729537367,0.0634347601857,-0.0147333956969,0.0787974683544,0.0675537359263,0.0280024891101,0.0181874147548,0.0448671931084,0.0568739770867,0.0745098039216,0.205195783133,0.0852309694209,0.0694396699897,0.0368980612883,0.0361770365619,0.0578361056005,0.0549530007231,0.13899292551,0.0453781512605,0.0228159711798,0.0509518477044,0.0797137582038,0.0371062607178
-0.00297626468985,-0.00739299610895,-0.0342437831227,-0.000414846059857,-0.0403838464614,0.00518358531317,-0.0138371474188,-0.0283935242839,-0.00591304347826,-0.00452488687783,-0.0139656677335,0.0383297993802,0.0053220774454,-0.00246569378511,-0.0349770642202,-0.0178296425064,-0.0125234815279,-0.0363876943434,-0.0186313149409,0.0733046490501,-0.0192682398788,-0.0366872502724,-0.00614266206824,-0.0360205831904,-0.0264317180617,0.000153609831029,-0.0146825599836,0.0140004643603,-0.0257234726688,-0.0315249266862,0.0231986316015,0.017603420093,-0.0512936904222,-0.086277173913,-0.0427661510464,-0.00623215778754,0.00550275137569,-0.000173611111111,0.00192884697814,-0.00844594594595,-0.0464326160815,-0.0461944566652,-0.0613695090439,-0.0442280945758,-0.00658840440824,0.0020202020202,-0.0220994475138,-0.0981761738456,-0.0530012771392,0.0213675213675,-0.0458806117415,-0.0284781425721,0.0243553008596,-0.0357226792009,-0.0848595848596,-0.0175126150193,-0.0185960018596,-0.0373846153846,-0.0175029171529,0.0157068062827,-0.0191561590689,0.0256349394731,-0.0190671751247,-0.0576633337899,-0.0411622276029,-0.0108155159653,-0.0192373754723,-0.0189701897019,0.00283860502839,-0.00218681661981,-0.0329736211031,-0.0430729668917,-0.0132689987937,-0.0220378853535,-0.0158684362377,-0.0616860863605,-0.0617464377055,0.00418006430868,0.057822130907,-0.0109216835376,-0.0159764347587,0.00221554215513
-0.0245761213067,0.00078400627205,-0.0537674124103,-0.00569332165702,-0.0377083333333,-0.0174043833262,-0.0453318942256,-0.0394770571648,0.0525717284815,-0.00863636363636,-0.0336382413691,0.014451775055,-0.0522088353414,-0.00549332952843,-0.0248366013072,-0.0329411710261,-0.00362351662288,-0.0405080672846,0.00419861263235,-0.107753408858,-0.0481236203091,0.00301659125189,-0.0061806275748,-0.0487841043891,-0.0549450549451,0.0327138688374,-0.0401155244029,-0.0438486021111,-0.0387788778878,-0.0344436033308,-0.00459722077108,-0.0242184603979,-0.0315789473684,-0.0271375464684,-0.037072243346,-0.0035048765304,0.0256218905473,-0.0197951033165,-0.0106951871658,0.131516183986,-0.0205293518833,-0.0846402214022,-0.0946317962836,-0.0261932479627,-0.019293379959,-0.00537634408602,0.0225988700565,-0.0305507745267,-0.0563047875927,-0.0443514644351,-0.0827300930714,-0.00952203136669,-0.034965034965,0.0114550329028,-0.0166777851901,-0.0374622356495,-0.0582662245381,-0.0103883650312,-0.171971496437,-0.0644329896907,-0.0217552533993,-0.0261513538533,-0.0968899521531,-0.105813953488,-0.0347222222222,-0.0116978169344,-0.0479859894921,-0.017363851618,-0.0354495214989,-0.0407013149656,-0.0511469311841,-0.0450117568021,-0.0788508557457,-0.0330421572351,-0.0316622691293,-0.0299488677867,-0.0210280373832,-0.0284982388729,-0.0463374028857,-0.0530568273633,-0.0296747761232,-0.00699374072868
0.0552568249166,0.0195848021935,-0.0114314392461,0.0181889573265,0.0565057371725,0.0426415919528,0.043810062182,0.0485721910862,0.0585888805784,0.041838606144,0.0790839694656,0.0424279962837,0.0521956856703,0.0419697864799,0.0316841335608,0.0478541752768,0.00727338848986,0.0636851520572,0.0285402654063,0.0814560768902,0.0493970315399,0.0445488721805,0.0559760188234,0.00639127045986,0.107387140903,0.0273646638905,0.0516433512059,0.0359531906062,0.0472103004292,0.0407683261466,-0.00346383961373,0.0326706344181,0.054347826087,0.11196025984,0.0681145113524,0.0589324276204,0.0589376667475,0.0414526129318,0.043027027027,-0.0111412225233,0.0592412956868,0.0435878054926,0.0771569745344,0.0821876867902,0.0237304807574,0.00844594594595,0,0.0270750110963,0.0614505180422,-0.0118213660245,0.0704622322435,0.00508953817154,0.0739130434783,0.0527710843373,0.0993894165536,0.0599497802888,0.0261569416499,0.0518410852713,0.0593803786575,0.174471992654,0.0725296942128,0.0760456273764,0.0201986754967,0.00845253576073,0.0323741007194,0.0679359561525,0.0353200883002,0.0618473895582,-0.00838457238681,0.048955613577,0.0568441685724,0.0682377769961,0.07199734572,0.0239591516104,0.0405691795338,0.20218373494,0.15354017502,-0.0530652603823,0.0183299389002,0.0383959044369,0.0502035987634,0.0274287046787
0.00414103109244,-0.00268920476373,-0.0235785198556,0.020153561161,-0.00614754098361,-0.00545302013423,-0.0208502572434,0.0417409009926,0.00816454702465,0.0124326108483,-0.0645161290323,0.00415923945336,0.0012813472451,-0.0100718433863,-0.0158280179542,-0.0291034396861,-0.00667930318621,-0.0208543558695,-0.000706963591375,-0.045853696153,-0.0123756906077,-0.00251934497031,-0.00588940012882,-0.00387236679058,-0.00370599135269,0.0350318471338,0.0127750953149,-0.016381821264,0.00983606557377,-0.00960451977401,-0.0294923109332,-0.0196198651134,-0.0131208997188,0.0474226804124,-0.0101663585952,0.0116896848511,-0.0169491525424,-0.000850484776322,-0.0147180762852,0.0112667478685,0.00163532297629,-0.00531144374698,-0.0218772053634,-0.0118751726043,-0.00180158539515,0.00871021775544,0.00552486187845,0.0112359550562,-0.018175698418,-0.00642445724413,-0.0134281200632,-0.0146286571643,0.0128205128205,-0.0018310826276,0.000925640234496,0.0180633698549,-0.00906862745098,-0.0107477352986,0.00243704305443,-0.0164190774042,0.0122525918944,0.00287102473498,-0.0155793573515,-0.0212765957447,-0.00855242318657,-0.0113279514331,-0.0135039090263,-0.0151285930408,-0.0114148816234,-0.037025513379,-0.00896445131376,-0.0111952584788,0.0151655834107,-0.00370796573328,0.0122199592668,0.0109614782336,-0.0179310344828,0.00887573964497,-0.0134285714286,-0.00657354149548,-0.00110158204608,0.0111814458216
0.0413086725743,0.0685670261941,0.0315424610052,-0.0362908614405,0.0501030927835,0.0632644453817,0.0492256637168,0.0439775225996,-0.000155738981467,0.0126059552271,0.0133091349062,0.00931952662722,0.0221206581353,0.00963839649156,-0.0517282765242,0.0178952769879,0.043798273512,0.0360700790106,0.00919702865228,0.416937748773,0.115462072052,0.181309760058,0.012220036639,0.0362307572695,-0.0415375077495,0.0387412587413,0.0285861202103,0.00593801898913,-0.00974025974026,0.0112188629017,0.0410245278923,0.00562851782364,0.0935422602089,0.0439632545932,0.0588235294118,-0.0248586530998,0.0116495806151,0.00323459312223,0.0599621291816,0.0743751881963,0.0310204081633,-0.0572815533981,0.049062049062,0.0229178311906,0.00144386957045,0.0338757887745,0.123626373626,-0.0410256410256,0.102845389098,-0.0617614269788,0.084067253803,-0.0230300723258,0.0842771485676,0.0357716120156,0.0980271270037,0.0811518324607,0.0239920850853,0.0226602514357,0.0456509994598,0.158982511924,0.0139664804469,0.0262056815679,0.024727992087,0.0260210803689,0.00127795527157,0.0202290538903,0.0275576368876,0.0138248847926,0.0064148253742,0.0904684975767,0.0252651278852,0.02331002331,0.109146341463,-0.00718685831622,0.0475711411325,0.0102230483271,0.0108848314607,0.0289805071589,-0.0194034173183,-0.0340501792115,0.0231026597965,-0.013200625662
-0.00455291623995,0.0183850036049,-0.000784050179212,0.00406507588152,-0.0127626153544,0.00674335581119,0.00474433315762,0.0505499648959,0.0529595015576,0.0165271517493,-0.0259701492537,0.0644877619815,0.0112681094616,0.00132498632468,0.0202506011897,0.01333831009,0.0100983720728,0.0261936339523,0.0154223624255,-0.0387003857205,-0.0140421263791,0.205253512523,0.00512091275683,0.0255102040816,0.0012936610608,0.00471253534402,0.0141704777599,0.00360563819017,0.00327868852459,0.0310267017676,0.0111551292744,0.0149253731343,-0.00390794615719,0.122250157134,0.0141093474427,0.0175856035437,0,0.0315628712031,0.0152838427948,0.0316704035874,-0.0251781472684,-0.0710607621009,-0.0557083906465,0.000546448087432,-0.00576715126757,-0.00449726951494,0.0464547677262,0.0833333333333,0.0422754118744,0.0660646387833,0.0448055145249,-0.00837716734853,0.0365591397849,0.0314367943325,-0.00954519932622,-0.05864944848,0.0391304347826,0.0308089239642,-0.00542495479204,-0.0082304526749,0.0229568411387,0.00622317596567,0.027027027027,0.0409309791332,0.0134014039566,0.0174422633366,-0.0134969325153,-0.0170454545455,0.141076487252,-0.0118518518519,0.00365074536051,-0.0218027985682,0.0742166025289,0.0866080661841,0.0109754424475,-0.0119595216191,-0.00138937130948,-0.0105616093881,0.0646780862374,-0.0301127443985,0.0172036855471,-0.0281973458813
0.0181015393645,0.052389380531,0.0429884542092,-0.0631538362925,0.0624502784407,0.021670606777,0.0403987408185,0.0552461572733,0.00266272189349,-0.000422297297297,0.0376953723567,0.0110147322043,0.0284754156349,0.0185333559942,0.012777571021,0.0737721687648,0.00241316900802,0.0723747980614,0.0434932688989,-0.00445008121398,0.0510681586979,-0.00468829194121,0.0314837633646,0.0332162715833,0.0129198966408,-0.00388635754489,0.0322413782611,0.044741722471,-0.0138888888889,0.0470545321904,0.0825858335911,-0.00416666666667,-0.010897994769,0.0168020162419,0.0626086956522,-0.0327572768495,-0.0087517273146,0.0335581510117,0.0109481915934,-0.0258082042923,-0.0255035737492,-0.00332594235033,0.0640932265113,0.0786455488804,0.0367371601208,0.0406582768635,-0.018691588785,0.140682846565,0.0390694900089,0.0804725813642,0.0435909519321,0.0968565815324,0.0337877889745,-0.0111611933891,0.206916099773,-0.00600171477565,0.0432357043236,0.0188457008245,0.0945454545455,0.0878284923928,0.0100987432675,0.0183407976114,0.0858395989975,0.0504240555127,0.0573047858942,0.0603418919839,0.0270078180526,0.0682080924855,-0.000868917576961,0.0407796101949,0.0815398605638,0.103459747172,0.007164790174,0.000594813228646,0.0329759804587,-0.0155183116077,-0.00417391304348,0.0506607929515,0.0396671289875,0.0959387875221,0.0449249853323,0.0364577238151
0.0598983923588,-0.00403632694248,0.0325648879574,-0.013372408279,0.00112317484088,0.0165831083687,-0.0136157337368,0.0270213215115,0.00811448804957,0.0240811153359,-0.00679267572357,-0.00966907258614,0.00825451418745,-0.00754066316517,-0.00244977951984,0.00847477258591,0.00232138251225,-0.0304308526665,0.0254713860404,0.334927623688,-0.00909794812234,0.131508593253,-0.0314056733738,0.00538167398385,-0.00829081632653,0.00914839230459,-0.00624922621609,-0.0128194653852,0.0082850041425,-0.0148057829646,0.00485714285714,0.0134137336943,-0.000881445570736,0.403470118425,-0.013093289689,0.0272956248556,-0.025092936803,-0.00350151201655,-0.0195320054148,-0.0312325711099,0.0146691115186,0.0027808676307,0.0130047912389,-0.0106329113924,-0.00967478727124,-0.0210852713178,-0.0333333333333,-0.0652722683015,-0.00545350172216,-0.0148545492057,-0.00248363061639,0.0114633709475,0.00516055045872,0.0121554156718,0.022076092062,0.0235767682576,0.138591800357,0.024710982659,0.0078310393925,-0.0387794024158,0.0146634081315,0.00314136125654,0.036064627813,-0.0452143276571,0.0142942227516,0.0137269115367,0.0217993079585,-0.0212842712843,0.0049695614362,0.0622299049265,0.00504484304933,0.00271329514622,0.0614837398374,-0.0145048151231,-0.0286389910667,0.0100882723834,-0.00768424729305,-0.0111272375423,-0.0257470651014,0.00510204081633,-0.00960822285118,-0.0236901439263
0.0241935110027,0.0199257007768,-0.0468904501691,0.0543546908776,-0.00074794315632,0.0276934749621,0.0322085889571,0.151593011305,0.0115615395873,-0.00391914191419,0.0193279809694,0.0110698569857,0.0416169196657,0.0136226801813,0.0442043222004,0.0274116168166,0.047263681592,0.044437538844,0.0275806451613,0.0304543881776,-0.0297909747998,0.137938793879,0.00409867550906,0.019439357656,0.0173633440514,0.0631915744567,0.0246201671798,0.033570832048,0.012325390304,0.0236916548798,-0.00113733295422,0.000121432908318,-0.0154389060432,0.019819466248,0.0456053067993,0.0763824482531,0.0641086749285,0.0415269126338,0.0122287968442,0.10089234312,0.0313783472975,0.0537992235164,0.060472972973,0.0125383828045,0.0102401129944,0.00490972442192,0.0591133004926,-0.0486111111111,0.04329004329,0.0207329842932,-0.00837483023993,0.0279794581194,0.0268111808329,0.0306669526056,0.0772058823529,0.075,0.0340508806262,0.0293329572698,0.0178949846951,0.0218253968254,-0.00481716663017,0.0171189979123,0.0513784461153,0.0677275522755,0.0293599530241,0.0478371455209,0.0751777853031,0.00534463693328,0.0143404623563,0.0501762950909,0.0125488008924,0.0261575466025,0.26352321685,0.0392085896972,0.0334054638896,0.0415106117353,0.00598380851813,0.0109262883235,0.00150623031631,0.0667913438418,0.0316670619747,0.0382370480132
0.0832601604673,0.012582781457,0.0461395653598,0.00510660827981,-0.000748502994012,0.0118124769288,-0.00792471520555,-0.0200803212851,-0.0133101851852,0.0198798923172,0.0148774795799,-0.00496429785787,0.0109710168659,-0.00775255028494,-0.0137582314205,0.0641288916215,-0.0171185191252,-0.0105623326391,0.015539161827,-0.0847202439302,0.00251686298198,0.133577219695,-0.0162347263091,-0.0237667541799,0.0189633375474,0.0576802507837,-0.00767177539358,0.0159272065514,-0.00568181818182,-0.0226252158895,0.0368156371572,0.0105633802817,-0.0170250896057,0.0400230902444,0.0253766851705,0.0237691088075,0.0284434490482,-0.00414046925318,0.0120810600156,-0.0547784024055,0.119146224912,-0.0794736842105,0.0289901242434,-0.00176901693202,0.0220202726319,-0.0130811662727,0,0.00243309002433,-0.00580912863071,-0.0125153877719,0.0052499429354,-0.00826873385013,0.0172222222222,0.0524344569288,0.00810580204778,-0.00627123072903,0.0132475397426,-0.0120564460885,-0.0201249132547,0.0161812297735,0.000660066006601,0.0137520525452,0.0162892332141,0.0601195190438,0.0228180262407,0.0281434642894,0.0204724409449,0.00311640696609,0.0316879951249,-0.0142045454545,-0.0013770311209,-0.0137708760621,-0.0130706573215,0.00116090085907,0.0595471796885,0.155828588553,-0.00804758572428,-0.0421842232618,-0.017774131802,-0.0237916353619,-0.0044579022626,-0.025143155513
-0.000955431754875,0.0219097449313,-0.0474450649825,-0.012349990372,0.0250936329588,0.0642101422838,0.0129805292062,-0.143897996357,-0.00615835777126,-0.0162436548223,-0.00229951135384,0.0205030071077,0.0126336248785,-0.0101574564965,0.00715392869918,0.0199070331624,-0.0295833333333,0.0100736731319,0.0123647604328,0.0300059171598,0.0480016067483,-0.0991713911906,0.000367846437775,0.00608634111819,-0.068858560794,-0.0397154712507,0.00979076470657,0.0573002873254,-0.00163265306122,0.0139600636155,-0.026265214606,0.0158596659858,-0.0159525979945,-0.0412580943571,0.0046403712297,0.00580476108882,0.0200348432056,0.00261780104712,-0.00211782826338,0.0854771784232,0.010389980074,-0.00114351057747,-0.0185758513932,0.0232911392405,0.0185818513452,0.00542957521559,-0.00232558139535,-0.00121359223301,-0.028102392877,-0.00664865987949,0.0485921889192,0.0078165711308,-0.0404150737302,0.00296559905101,0.0520524756665,-0.0481199053379,0.0078446021666,0.0371654416863,-0.00897072710104,0.0738853503185,0.0173702726473,-0.0141729094958,0.0140734949179,0.0156207552296,0.00111544896821,0,0.00123456790123,0.031798245614,-0.0223272297696,0.0597327744302,0.0279922779923,0.0106951871658,0.0318618042226,0.0209879406308,0.00296442687747,-0.0199637023593,0.0236331569665,0.0016,-0.0186525612472,0.0826064648538,0.00696181142278,0.00944467456044
0.0470798004779,0.0032,-0.0217534246575,0.00772405679862,-0.0175374497625,0.000685635927323,-0.00591424346969,-0.0385106382979,-0.0050162289761,-0.00454076367389,-0.0337078651685,-0.00776855076346,0.0126359564939,-0.00262975889856,0.00733988398248,0.0154844522023,-0.000429368827823,-0.0142899672522,0.0158778625954,-0.10209052628,0.0166730548103,0.025755228505,-0.00258028185587,0.0129431626337,-0.00999333777482,0.0340740740741,-0.00561064115009,0.0427825969097,-0.0261651676206,0.00888811432555,0.0765037593985,0.0134831460674,0.0115794349236,-0.00810497877267,-0.0354118552733,0.0162945908022,-0.00982066609735,0.0210413146982,0.0243102450318,-0.0140163098879,0.0463445555712,-0.0377790497997,-0.0239747634069,-0.0395843641762,-0.0106323447118,-0.0079415501906,0.039627039627,0.0858647225597,-0.000858860578299,0.0702781844802,0.00173235166739,0.015856601172,-0.049516220831,0.03351074315,0.0697908286404,0.00138121546961,0.00222386953299,-0.00641797031689,-0.0316817532158,0.0154211150652,0.0138318564945,-0.0367631957281,-0.0228732973529,0.00628594356025,-0.00278551532033,0.00567962225471,-0.00339087546239,0.00212539851222,0.0563073948768,-0.0410383189122,-0.00737759892689,-0.0185185185185,-0.0063244047619,-0.00102214650767,0.00554187192118,-0.0193121693122,0.00585802894555,0.0102572725744,0.073475177305,0.0251184834123,-0.00839598156352,-0.0169121002345
0.0140756372448,0.0143540669856,0.00969024813757,0.00810787590375,-0.0130159910747,-0.00308324768756,-0.02825979177,0.0230139411374,-0.00311387900356,0.0167945262285,-0.00715563506261,-0.0136339092873,-0.0189543516032,0.0116070924616,0.0298507462687,0.0864694142305,0.01735395189,-0.0277861673211,-0.00150285542531,0.0127959053103,-0.000754005655042,0.02614687559,0.00702354594271,-0.00777777777778,-0.0161507402423,0.00525310410697,0,-0.0229734911258,-0.016792611251,-0.0176196234237,0.00698445957744,0.0485470883417,-0.0631868131868,-0.0101167315175,-0.0399042298484,-0.0015654324512,-0.0232858990944,0.000902527075812,0.0346581277077,0.0441974670457,0.0189822294023,-0.0190362879239,-0.0394311570782,-0.0221535291087,0.0419683257919,0.00640409862312,0.0112107623318,-0.0130548302872,0.0335243553009,0.0078170803205,-0.0270211846087,-0.0147607736681,0.0461077844311,0.0175472057982,-0.0197405527355,-0.0485517241379,-0.00665680473373,-0.0158794240345,-0.0282902829028,-0.0420560747664,0.0147090172671,0.0334754797441,-0.0360336664913,-0.0229930887826,-0.0217877094972,0.00846714230814,0.0216517166718,-0.0417108518911,-0.00800732097918,-0.0082495488528,-0.0345945945946,-0.0356394129979,0.0355672032946,-0.0195543428831,0.0118799755052,-0.035068788778,0.00719424460432,0.0274633821571,-0.0192917547569,-0.0217290799815,-0.0119475391341,-0.00622490248852
0.0353361158632,0.00754716981132,0.0173638078331,-0.0148150967283,0.0167671439337,0.0175257731959,0.0117346938776,-0.00151416828899,0.0118994496505,0.0422104404568,0.00990990990991,0.0183385794444,0.0280148124296,-0.00599799933843,0.020540910647,0.0128523880646,0.0178179361594,-0.00869835352594,0.0102347983143,-0.041604548326,0.00792303338993,0.0132462514948,0.00715655941241,0.0190369540873,-0.00889192886457,0.0435866983373,-0.00153986507295,0.0128776490309,0.0196413321947,0.0307719359944,0.0332928732443,0.00233722871452,0.00782013685239,-0.0137578616352,0.0286783042394,0.0253980144125,0.00618101545254,0.0250976856026,0.0305843801202,0.030198019802,0.000396353547364,0.0212249848393,-0.0185060565276,0.0179135932561,0.0133535989578,0.00381800827235,0.0288248337029,-0.102040816327,0.0390906570557,0.044211751018,0.019551210842,0.0384019287067,-0.0520892959359,-0.00974695407685,0.0145761411584,-0.0101478689475,0.0145197319434,0.00505948311227,0.0562025316456,-0.0146341463415,0.0424369747899,-0.0191871260574,0.000545702592087,0.0504693239015,0.0165619645917,0.00559598712633,0.0108991825613,0.0274806344522,0.0072647601476,0.0301533662594,0.0128779395297,0.0310559006211,0.00795372378886,0.0180890538033,0.0142822561123,0.0240424937098,0.0578231292517,0.00899076624008,-0.0167070870385,0.00496219281664,-0.00202104397769,-0.0132591804074
0.0889495048639,0.00499375780275,0.0116145918534,0.0476411537156,0.0279785065777,0.00844309354948,0.0156328794755,0.0197140381282,0.000293987946494,0.0477401682645,0.0127862027951,0.0150517403575,0.0454189506656,0.00603419242057,0.00659733870066,0.0706350718181,-0.00464614618767,0.0604826073331,0.0283075089392,0.0765519332428,-0.00393037619315,0.0472083522469,0.00801754721214,0.0465659340659,0.0455486542443,0.022078069876,0.0339176385688,0.0444987325479,0.0485762144054,0.0291709314227,0.0018459473066,-0.00610703975128,0.0703200775946,-0.0109605420486,0.0367676767677,0.00583091154292,0.00351031154015,0.0104090309339,-0.0158982511924,0.000480538202787,0.0150554675119,0.0195961995249,0.00377099760027,0.042701863354,0.00374973216199,0.0101426307448,-0.0215517241379,0.0185185185185,0.0160085378869,0.0536675951718,0.0315972978862,0.028192371476,0.12077294686,-0.0155214840053,0.0835538752363,0.0371997656708,0.00844036697248,0.0440816326531,0.0445829338447,0.0680693069307,0.0112857718662,0.0193521245267,0.128988273793,0.012691012691,0.0292134831461,0.0119287897386,0.0041928721174,0.0364387004129,-0.0117916428163,-0.0363361090083,0.0259812050857,0.0262048192771,-0.051649928264,-0.0112756264237,0.0170644391408,0.011193011193,0.0106109324759,0.058200208718,0.000548095368594,0.0359746061604,0.0323220997351,-0.00522522786984
0.00978206946667,0.0121118012422,0.0935209141871,0.024211670187,0.0162220620043,0.016409912927,0.0347567030785,0.0031867431485,-0.00778839088905,0.044070961718,0.00910158543746,0.0393221236595,0.0275655430712,0.00730121912824,0.0166629637858,0.0551992388331,0.0485954822039,0.00443262411348,-0.00318748188931,0.0670001469436,0.00563697857948,0.0399653229302,0.0074118490678,0.019425121407,0.0257425742574,0.0501057788665,0.00347863286351,0.00767054385413,0.0199680511182,-0.0265208022543,0.0289782244556,0.0223438721931,-0.0235613955596,0.0213580495668,0.0101325019486,0.0234547053876,0.019676432007,0.0150899593732,0.0547478011129,-0.0170509125841,0.0165235493104,-0.00990099009901,0.00546448087432,0.00372300819062,0.0227345501121,0.00815814245372,-0.011013215859,-0.0433884297521,0.0141806722689,0.0560451180825,0.00401351922264,0.0314516129032,0.0743534482759,0.0492213035955,-0.00488485694348,-0.00536571589946,0.0145560407569,-0.00260620276257,0.020927030748,-0.0440324449594,0.0107612594659,-0.0286834502683,0.0234299516908,0.0294117647059,0.0191048034934,-0.000980990759963,0.0254995526394,0.0110841704191,0.0532900834106,0.115475255302,-0.0137392241379,-0.0140886410332,0.0552193645991,-0.0104826632876,-0.00668778599085,0.0197084233261,0.0509067769647,0.0200273099681,0.063270336894,0.0515206536541,-0.000975323214355,0.0489671707857
0.0191935547114,-0.00920527769254,-0.0237590575245,-0.0037110010256,0.00673997871586,-0.00988467874794,0.0167946257198,0.0330368487929,0.00873815165877,0.0135932749061,-0.0061099796334,-0.00382165605096,-0.00393643388249,-0.0064728248183,0.0034965034965,-0.0209816454966,0.014546899841,-0.0216240070609,0.00872093023256,-0.0657424356319,0.0369955156951,0.00200066688896,0.00376763393816,-0.00849748937814,-0.00546975546976,-0.0133601951013,-0.013372673525,-0.0391277219692,0.00391542678152,0.0321811680572,0.0306039394433,0.0147524860671,0.0264501160093,0.0134148747287,-0.0354938271605,0.00712192781755,0.00814751286449,0.00643224699828,-0.00391422736555,-0.0109943806499,-0.0161269678741,-0.0170588235294,0.0414402173913,-0.013353115727,-0.00897516176164,-0.0115157173981,0.0690423162584,-0.0613390928726,-0.0150181253237,-0.000166889185581,-0.00820534399327,0.00891321344801,-0.0105315947844,0.00146600696353,-0.0284011220196,-0.0408858603066,-0.00358680057389,-0.00405016984583,-0.00723725613593,-0.0187878787879,0.00374605678233,0.00148714680263,-0.000708048147274,-0.00683229813665,0.00696304231387,-0.000986028545934,-0.00741602442926,-0.0277492291881,0.0103387593489,-0.0161971830986,0.00300464354002,-0.0166716284609,0.00215053763441,-0.0197904540163,-0.0140562248996,-0.0275350807519,0.0166515289131,-0.00520600922207,-0.00231839258114,-0.0276278868983,-0.0107723114984,0.0127015384615
0.0284489967265,-0.0368535150201,-0.0312042413532,-0.0248565587631,-0.0218463706836,-0.0239600665557,-0.0580462482303,-0.0448954489545,-0.0160035237116,0.0132345156167,-0.0468384074941,0.0134271099744,-0.0266393442623,-0.0205843584362,-0.043118466899,0.0621970359876,-0.00799185144558,-0.0335287926628,-0.04265129683,-0.0639625585023,0.0147747747748,0.00773710482529,-0.0244914344168,-0.0142838592391,-0.0229699126496,-0.0125738850081,-0.0446813349252,-0.00792212936448,-0.00780031201248,-0.0249917518971,-0.0064760701311,0.00183071290114,-0.0198915009042,0.0243332684446,-0.0512,-0.0123667188328,-0.0650786899192,-0.023292146002,0.0114471211345,-0.05854743083,-0.0312215428646,-0.048473967684,-0.058056099152,-0.0466165413534,0.00379106992418,-0.022355163728,-0.03125,-0.0289921767142,-0.0144584647739,-0.0360540811217,-0.0543063215952,-0.0426224426534,-0.0385200202737,-0.056175663312,-0.0490797546012,-0.0227945529899,-0.0356371490281,-0.0175783812147,-0.0500339597012,-0.0920321185917,-0.000196425063838,-0.00827322868053,-0.0425129900803,-0.0522826766729,-0.0441489361702,-0.0413357967592,-0.0143568707882,-0.0211416490486,0.0126279120401,-0.0529706513958,-0.0430283224401,-0.029821374508,-0.0517525035765,0.00676959619952,-0.00239607044447,-0.0283147291043,-0.0416914830256,0.0622009569378,-0.0335657113349,-0.0506104328524,-0.0440631395968,-0.036029404105
-0.0881748137032,-0.0008038585209,-0.0331995622036,-0.0392647670859,0.023234870317,0.0148312308217,-0.0117735470942,-0.0156685984117,-0.0113398985377,0.0388366422849,0.0227272727273,-0.0137539432177,-0.00375939849624,-0.000264287805354,-0.011379153391,-0.0820529584832,-0.00655556433141,0.0017112632234,-0.0112883804937,-0.0518372703412,0.00852272727273,0.0116403863618,0.00238341925619,-0.0422869187195,-0.0208609271523,-0.0349368741837,0.00473126982521,-0.0220383691476,-0.0361635220126,0.0203874460706,0.00763116057234,0.018596151779,0.0184501845018,-0.145381984036,0,0.00374719563218,0.00545950864422,-0.000436236731133,0.000337837837838,-0.0687483600105,-0.0165167181415,-0.0433962264151,-0.031163434903,-0.00289169295478,0.0131137221989,-0.00354267310789,-0.0666666666667,-0.00236966824645,-0.00480128034142,-0.0311688311688,-0.0340960071781,0.018779342723,-0.0853979968371,-0.0645599069407,-0.011385199241,-0.00848227809755,-0.00559910414334,-0.0150887969021,0.00452812202097,-0.0319727891156,0.0267190569745,-0.00748663101604,0.013566847558,-0.00277154546654,0.011407902059,0.00430968466552,-0.0781807372176,-0.0140388768898,0.0536443775532,-0.00302343159486,0.00369948776323,0.0145108441254,0.0751329536454,0.0159254453226,0.0202954245226,0.0291398150743,-0.0229956494717,-0.0209740990991,-0.0464867753139,-0.0696750058452,0.00673404623498,-0.0018335008339
-0.0145314006398,0.0336283185841,0.0147708894879,-0.0139759185491,-0.0336208414012,-0.0243574668235,-0.00228136882129,0.121020497165,0.0306368849985,-0.0182732606873,0.0630630630631,-0.00933981576254,-0.0708226415094,0.0109078042452,-0.0029926335175,-0.0042735042735,0.000556527269836,-0.00947352073303,-0.0068503577409,0.00682352941176,0.00299295774648,0.030683858332,-0.00292582288769,-0.0127922971114,0.0368616841393,0.0368783128454,-0.00732114721666,0.116898241105,0.00815660685155,-0.0590283535069,-0.00426001893342,0.00622625580414,-0.0267210144928,-0.0237936402046,-0.0236087689713,0.0486982012967,-0.0244343891403,0.00378236834449,0.0081053698075,0.0332488024796,0.00191152375751,-0.0223537146614,-0.0543245175125,-0.018718692328,0.024024024024,-0.0116354234001,-0.0138248847926,-0.00522565320665,0.0321629589922,0.048436103664,-0.0257779842081,-0.0344827586207,0.0697406340058,-0.0389637305699,-0.105182341651,0.066300030553,-0.00713213213213,-0.00637201735358,-0.0533807829181,-0.0681658468025,-0.0126291618829,-0.000215517241379,-0.0501338525189,0.0170725251456,-0.00577716643741,-0.00143180903565,0.0257981296356,-0.0142387732749,0.0142842567085,0.0467525903462,-0.0382761553728,-0.0138418948016,0.0285914751798,0.0114955875523,-0.0151836158192,0.0372992104547,-0.0101781170483,-0.0211358734723,-0.016531241244,-0.0278964563961,-0.00822723962127,0.0168854789933
0.0214787551089,-0.00326899128269,0.231937951551,0.0121324847136,0.0344262295082,0.0449380165289,0.0241361788618,0.0118653958374,0.041294479426,-0.0203210382514,-0.00960451977401,-0.0581815833656,0.0369082816206,0.0494888578659,0.0180096975294,0.0884403433476,0.0648390941597,0.00156788962057,0.0285101164929,-0.213078921683,-0.0207126557837,0.0709422011085,0.0198030769488,0.0217361014351,0.013698630137,-0.0176201870785,0.0329255922191,0.0345521878258,0.0416666666667,0.0214977973568,0.029947710347,0.106502359727,0.0372266170312,0.0143507972665,0.0354058721934,0.0189625368255,0.00602968460111,0.0186956521739,0.0301507537688,0.0493591491683,0.105342055056,0.0342972427707,-0.0173847316704,0.0472864051585,0.0280109212256,0.0130804447351,0.053738317757,0.0348615090735,0.0150610231109,0.0282986703034,0.0238379022646,-0.0433673469388,0.220905172414,0.00970455035583,0.164307164307,-0.00573065902579,-0.00113421550095,0.047073270569,0.0443609022556,-0.00603318250377,0.0424418604651,0,0.00871124775813,0.113988288874,-0.084947426674,0.019861958961,0.0562716127004,0.0955555555556,-0.010059350166,-0.0630130371801,0.0725235849057,0.02027448534,0.0491132332879,-0.0058546665136,-0.00717102904267,-0.144619422572,0.0273136246787,0.0339306698002,0.0011396011396,0.0037487073423,0.0290459600618,0.00433315234171
-0.0248293089891,-0.0426362642511,-0.0290642518327,0.00446388606173,-0.0223630920937,-0.0235623661229,-0.053336641032,-0.0407535563245,-0.021094079595,-0.0329440474115,-0.0424985738734,-0.0381899211519,-0.0299232335892,-0.0152992770124,-0.0570424132456,-0.0304538604279,-0.0111931945377,-0.0416405760802,-0.0307004470939,-0.0834774557588,-0.0222262054132,-0.0367440484992,-0.0370376442812,-0.232224192009,-0.0122265122265,-0.0435119574845,-0.0104559003628,-0.0231574801325,-0.0454368932039,-0.0239779196136,0.0393846153846,-0.0131273399365,-0.0134589502019,0.0318886144172,-0.0667222685571,-0.0245589761328,-0.0295066851083,-0.0459524825722,0.0120325203252,0.510395010395,0.00357539144372,-0.0162548764629,-0.0407692307692,-0.0395074397127,0.0117056856187,-0.0377663008393,-0.039911308204,-0.0770650669128,0.00511639805577,-0.00397877984085,-0.0442374854482,-0.0458494623656,-0.00794351279788,-0.0638615976079,-0.0696389093589,0.0561959654179,-0.0105980317941,-0.0261923377639,-0.0369570434365,-0.0136570561457,0.0107826733594,0.0336279370554,-0.0551181102362,-0.0311879453335,-0.0359842757787,0.000802798564114,-0.0199404761905,-0.0723461798513,-0.0245909968499,0.00876062870394,-0.067619571193,-0.0492204218893,0.00812743823147,-0.015935334873,0.0811363909955,-0.0095121202823,-0.0325304973413,-0.0322488989913,-0.0381331815595,-0.0215067611075,-0.00806704841942,0.00610949745938
-0.0197715668029,0.000978792822186,-0.00990406821816,-0.00584274126713,-0.0268371757925,-0.0249746878164,-0.124475890985,0.0513026052104,0.0084757937078,-0.032624369142,-0.0214477211796,0.0138294838894,-0.00742894056848,-0.00560592671029,0.0138304269393,-0.100955751502,0.0329031771187,0.000653381247958,-0.00891758917589,0.0477846925064,-0.00238313473877,0.0101312456827,-0.00298809868387,0.0664108985631,0.00977198697068,-0.00428290311379,0.0381440530537,0.00448869229036,0.0284784377543,-0.0217391304348,0.048549437537,-0.0310218978102,-0.0204638472033,-0.0198041349293,-0.0214477211796,-0.023830141844,0.0175771971496,-0.0152102594691,-0.0273136246787,0.113214039917,-0.0266584766585,-0.0495703899537,0.0529270248597,-0.00667735042735,-0.0304326689353,0.00268366320027,-0.066974595843,-0.052,-0.0152710613388,-0.0635818908123,-0.0404384896468,-0.0490443562928,0.0240213523132,-0.00912616929044,-0.0134653465347,0.0507503410641,-0.00191277735272,0.015790177974,0.0266633441316,-0.0446153846154,-0.0452455398198,-0.00458811261731,-0.0341397849462,-0.057270315891,-0.0442283563363,-0.00160430919111,-0.0321894928637,-0.0302478134111,0.0225023439942,0.0199233716475,-0.0283018867925,-0.0218649517685,0.011609158336,-0.0442384416804,-0.0262776973611,-0.0811648079306,-0.0109925638539,0.0425719318849,-0.0094674556213,-0.0579099763096,0.0365825582466,-0.0219716153141
0.00548117327956,-0.0303129074316,-0.0216211366797,0.0167380653869,-0.0320192485656,-0.00623052959502,-0.00209518108351,-0.0299275638582,-0.0125356125356,0.000558971492454,-0.0456621004566,-0.0237659963437,-0.0689879596486,-0.0115256174857,-0.0067615658363,-0.00829337559839,-0.0336815956747,-0.0375448906301,-0.00682593856655,-0.0678260553196,-0.04796030871,-0.0413342451182,-0.0131089100457,0.0173217854763,0.00516129032258,0.0318530574285,-0.0317771829592,-0.0183822010236,-0.0348101265823,-0.00180668473351,-0.018492377188,-0.0508474576271,-0.00974930362117,-0.0264209591474,-0.0264840182648,-0.0426656650195,-0.00980392156863,-0.000908540278619,-0.00313842087876,-0.0401854714065,-0.0127476965796,0,-0.0639756283321,-0.0354934122076,-0.028379462495,-0.00401472064236,-0.019801980198,0.0274261603376,-0.0175756009305,0.0410593672236,-0.022340695608,0.0255972696246,0.00955690703736,-0.00644715634354,0.00722601364914,-0.0210334977928,-0.0344959754695,-0.0175207482545,-0.0740291262136,-0.0692431561997,-0.0288961664419,-0.0173894825058,-0.113554133036,-0.00562731807136,-0.0147686248769,-0.0466122156726,-0.019454032005,-0.0402104472003,-0.0435048395313,-0.099423991986,-0.028822815534,-0.0351742274819,-0.112209116991,0.0168201350522,-0.02081189251,-0.012137559002,-0.0637463223276,-0.0173190650521,-0.00448028673835,-0.0634255378597,-0.0348028872848,-0.0396337193644
0.00179963782756,-0.0231932773109,-0.0239328779056,-0.0367688207168,-0.0156787762906,0.00487634970394,-0.0203959208158,-0.00786009039104,-0.00389497980381,0.0160148975791,0.000318979266348,-0.00749063670412,0.00174764068508,-0.00051883859367,0.00895736295235,-0.00729838330166,-0.00529260547407,-0.0183175033921,-0.0128084973446,-0.021193138575,0.015827060413,0.0475548862646,-0.000378526515242,-0.0176817288802,-0.0141206675225,0.0412347904461,-0.00358924620022,0.0212581710155,0.00327868852459,0.0217194570136,0.029483676111,0.00563909774436,0.00187529301453,-0.000228050171038,-0.0112570356473,-0.00098658659631,0.019801980198,0.0180357684147,0.0351284175642,0.0442834138486,0.010099718742,-0.0111265646732,0.00895036615134,0.00892110398662,0.0548044173805,0.0174672489083,-0.0252525252525,-0.0574948665298,0.0165745856354,-0.0223663991805,-0.0041547649961,-0.0338325013866,-0.0357142857143,0.0289687137891,0.0235153447589,0.0249336870027,-0.00277888050814,0.0127379994637,0.00576671035387,0.0311418685121,0.0368974409839,0.0234541577825,0.00847723704867,-0.0298392282958,0.00466355762825,-0.00295172016296,0.00032,-0.000783085356304,0.0611418832552,-0.0486651835373,-0.000937207122774,-0.00681431005111,-0.0599640933573,0.0421395798116,0.0191521662969,0.000341296928328,-0.0139664804469,0.0373979080097,0.00720072007201,-0.146479713604,-0.00304892079709,0.03385457564
0.00355670751216,-0.0175498967653,0.0078913993142,-0.021875901447,-0.027195027195,0.00346620450607,-0.0134721371709,-0.0253515547633,-0.00506879073135,-0.0120967741935,-0.0271045918367,-0.0582002902758,-0.0256454989532,-0.0238512260457,0.0246212121212,-0.0556612326402,-0.00585284280936,-0.0639253628196,-0.0408227848101,-0.074336583129,-0.0349610488315,-0.0471362639025,-0.0214500242349,-0.0345,-0.0227864583333,-0.0436052802424,-0.0432319322931,-0.0294893536838,-0.0482026143791,-0.0271036315323,0.0213746856664,-0.023779854621,-0.0481984089846,-0.0761861313869,-0.0417457305503,-0.0196368890464,-0.0337494220989,-0.0113145749591,-0.00816391868097,-0.110254433308,-0.0321478293887,-0.0808720112518,-0.0540322580645,-0.014092290688,-0.00205479452055,-0.0300429184549,-0.0155440414508,-0.0397603485839,-0.0597826086957,0.0340551868669,-0.0631029986962,-0.0208572522005,-0.0705042391789,-0.022972972973,0.00623052959502,-0.0683229813665,-0.0238853503185,-0.0332318284126,-0.0620276257493,-0.0956375838926,-0.0197053759327,-0.046875,-0.0401618929016,-0.0417605727164,-0.0431034482759,-0.0344525560232,-0.0217530390275,-0.0399686520376,-0.14284280265,-0.125986553639,-0.0293933708568,-0.0157804459691,-0.154316271963,-0.00544548719731,-0.00825025782056,-0.0324121460252,-0.0492209631728,-0.0190607734807,-0.0804289544236,0.0450891296749,-0.0417710124523,-0.0136134137697
0.012192852748,0.0120840630473,0.00899473365335,-0.0174386360167,0.0377396166134,0.0341968911917,0.0226567349472,0.00670595407438,-0.0132459970888,-0.0198515769944,0.0232710586693,-0.0183387270766,0.0347358997314,0.0130146912563,0.0155961182994,0.0408249394443,0.0112393913908,0.0206718346253,0.0270537776311,-0.0307677396427,0.0211655837763,0.00746387168493,0.031813387406,0.00224408769204,0.0193204530313,0.023305803824,0.0295834196386,0.0451958547714,-0.00472103004292,0.00928623452294,0.0229790726303,0.0325497287523,0.031465093412,-0.0414814814815,0.0480198019802,0.00906588403944,0.01004784689,0.0307182653215,0.0290510006456,-0.0485268630849,0.0184386033739,-0.0191277735272,0.0451832907076,0.0180773542601,0.0366702617904,0.0490129339687,-0.0210526315789,-0.0323312535451,0.0145884943573,0.0437426110454,0.0570553854718,0.0418213797147,0.0566490638502,-0.10142923006,0.0410216718266,-0.00972222222222,0.021207177814,0.0080799780882,0.0322311753265,0.0584415584416,0.0189305230289,0.0284153005464,0.0327602984106,0.0401217487548,-0.00762300762301,0.0116021698507,0.0264879005886,0.0448979591837,0.0037475114182,0.0254180602007,0.0365657216495,0.0254444057163,0.0189701897019,0.0217847157502,0.0370883882149,0.0490126939351,0.0249534450652,-0.0164742326105,-0.054097829608,-0.00836120401338,0.0297718335812,-0.0132439646828
0.0255785537718,0.0327046201765,0.0284526558891,0.00413354720981,0.0552241677891,0.0407481629927,0.0403641881639,0.0135244247073,0.0623985838619,0.0255536626917,0.0237027546445,0.0350078492936,-0.0176501124762,0.0220242603479,0.0468661130702,0.0495395116174,0.0733403901406,0.0133815551537,0.0481850305172,0.0592111111111,0.0371155885472,-0.078420554855,0.0359094591293,0.0322080606269,0.0124183006536,0.0399115533444,0.049638465817,0.0381156938438,0.00388098318241,0.0589933249143,0.0525471319695,0.0454311321727,0.0815061963775,0.0404430705822,0.0392064241852,0.0467471148893,-0.00189483657035,0.0279035792549,0.0696361355082,0.052276867031,0.103749357987,-0.0304212168487,0.0114192495922,0.0339986235375,0.0657334720515,0.0489941596366,-0.0134408602151,0.00703399765533,0.0412371134021,-0.0118122977346,0.0379146919431,-0.0778465578691,0.0390731485688,0.0182144689584,0.0505576208178,0.0347826086957,0.0563099041534,0.0751256622741,0.0113055181696,0.0411919368975,0.0475004788355,0.00871413390011,0.0565326633166,0.0700984304336,0.0321229050279,0.0395993435978,0.03281299777,0.023828125,0.0491191226228,-0.00358773646445,0.0197358197358,0.0380693405846,0.0567375886525,0.0167597765363,0.0599376114082,0.0531092436975,0.00363372093023,0.0631352899069,0.0325342465753,0.0381112984823,0.0490447759448,0.0360996744898
-0.0256325075165,0.000837801608579,-0.011632084793,-0.0177804332281,-0.0499635302699,-0.0267971758665,-0.0119603267211,0.00129456283609,-0.00881699527909,-0.016334440753,-0.092928660826,-0.07128772941,-0.0566320239563,-0.00949266582758,-0.0126045854613,-0.0324426132146,0.000493096646943,-0.0372947894361,-0.0547042598835,0.00448971456745,-0.0352295965793,-0.0254853331053,-0.0214161291257,-0.0338728516603,-0.00355067785668,0.0195619817138,-0.000253676905818,-0.0161213659824,-0.0227663230241,-0.0400340715503,-0.0616742886179,-0.0615884903429,-0.0612604671662,-0.0136172319881,-0.00590909090909,-0.00995928398503,-0.0130517323208,-0.0213189312109,-0.0407624633431,0.011424614852,-0.0896928804095,-0.0253419147224,0.0153225806452,-0.0159744408946,-0.0278665246716,-0.0185586142901,-0.0108991825613,-0.0389988358556,-0.0156331422616,-0.0748321598166,-0.0492135971588,-0.00630593978845,-0.004372540446,-0.0256991685563,-0.0983722576079,0.00406614258607,-0.0196597353497,-0.0387920141521,-0.0300771892467,-0.0589225589226,0.0173706344853,-0.0246523388116,-0.0246730083234,-0.0275947793661,-0.0510825439783,-0.00166475464277,-0.0232880937693,-0.0652422739412,-0.0371441281139,-0.0530278232406,-0.0380981408107,-0.0224296005239,-0.0239093959732,-0.00874635568513,0.00441454698339,-0.0398978614746,-0.0228095582911,-0.200983032588,-0.0102819237148,-0.0246913580247,-0.00196773582171,0.0166014539273
0.0381160639605,0.0232713879123,0.0420320807016,0.0352595557437,0.0236084452975,0.0636438582028,0.00856214939474,0.0270512182994,0.0416754220074,-0.00947556055915,0.030010348396,0.0596113016495,0.0393987489497,0.00712142444323,0.0388467040828,0.0448246827016,0.0252059424065,0.0483781278962,0.0436051223861,0.0122393140971,0.0672511802678,0.059763053971,0.0341252626728,0.0257340241796,0.0262390670554,0.0826903023983,0.137668737947,-0.013873417146,0.0501098901099,0.0590949423248,0.0123874636161,-0.106374041794,0.0413145539906,0.0332580321285,0.0315500685871,0.0484618841673,0.0454436162539,0.0543130990415,-0.0336288596759,-0.0491186034571,0.057124600639,0.0136194799835,0.0679110405083,0.00757575757576,-0.0482015702027,-0.0110305704381,0.0936639118457,-0.000605693519079,0.0389094759132,0.0444247787611,0.0221451440768,-0.00798362333675,0.0909090909091,0.00930954228084,0.0690737833595,0.125539956803,0.0404936367142,0.037334034442,0.0326564215148,0.171735241503,0.0386412652768,0.0324044069994,0.0518134715026,0.0736290425668,0.0335115864528,0.0527518576119,0.0266856150324,0.0404081632653,-0.030954030954,0.0314552367784,0.0519645120406,0.0500753642606,0.0552213149979,0.0470588235294,-0.00973210548347,0.0485372340426,0.0640978140052,0.0383416196174,0.0187667560322,0.0309793471019,0.131656994767,0.0150709094758
0.036065624125,-0.0183246073298,-0.0186202686203,0.00954403951033,-0.0185636602288,-0.0305379011006,-0.0251756440281,-0.00261450566476,0.00591715976331,-0.00757719265012,-0.00535833891494,0.00107891491985,-0.006197790353,0.00373009665235,-0.00455508474576,-0.0234850077086,-0.016825767461,-0.0307637906648,-0.0546753650202,0.223132395877,-0.0185068159249,-0.031136137794,-0.00430530456043,-0.034180838525,-0.00568181818182,-0.0327458345372,-0.0407016222164,-0.0132213685903,0.0113017999163,-0.0375335120643,-0.0303557100829,0.0191539365452,0.00991884580703,-0.0137252520345,-0.0239361702128,-0.0257612594307,0.00367985280589,-0.00716253443526,0.0580512496046,-0.0255579553636,0.00108800773694,-0.0276872964169,-0.0167348456675,-0.0249731471536,0.0166890466142,0.0019120458891,0.0453400503778,-0.0618181818182,-0.00738853503185,-0.00542280969327,-0.0234925606891,-0.072224515064,0.0402576489533,0.039456828081,-0.0216593245228,0.015111537539,-0.0289103039288,-0.00722341908503,-0.0653733723093,-0.00916030534351,0.0110745803772,-0.00376647834275,-0.0898290350623,-0.0884629122515,-0.039668851328,0.00633999614266,-0.0218394340203,-0.0231463318949,0.00631704410012,0.0566353887399,-0.0280120481928,-0.029346092504,0.0576257381389,-0.000540190146932,-0.00538941139174,-0.0491439441978,-0.0160167130919,-0.00649245252394,-0.0197368421053,-0.0584814216478,-0.0352938853874,-0.000173772816371
-0.011370776011,-0.0186666666667,-0.0401688513664,-0.0189243309758,-0.0397401604891,0.0179085385353,-0.0276276276276,0.00854368932039,0.0329545454545,0.00973468219126,0.026936026936,0.0184757505774,-0.0173535791757,0.0140895812285,0.0125571991061,-0.0408198656609,0.0143894942721,-0.0357533746808,-0.000985869208018,-0.000118086658738,0.0623620309051,0.0147008547009,0.00288261356964,0.015690376569,-0.00666666666667,-0.0291745494374,-0.00319298988887,-0.0511292950886,0.00248344370861,-0.00539693593315,0,0.0445059379684,0.00848214285714,0.00615763546798,-0.0576748410536,-0.0269683938716,0.0123739688359,-0.014012208657,0.0242188667962,-0.0321388991504,-0.0630358652337,-0.034338358459,-0.0472768532526,-0.00371798402644,-0.00924528301887,0.018606870229,-0.00240963855422,-0.0497416020672,-0.0728952772074,-0.0330550349293,-0.0189788826517,0.00756227758007,-0.0139318885449,0.0596499876756,-0.0296435272045,0.00189035916824,-0.0209923664122,-0.0113607352566,-0.0282911572363,-0.075500770416,-0.0236180044498,-0.0131274942239,-0.000636739891754,-0.00248171368861,-0.0431034482759,0.00353944771567,-0.0238993710692,-0.0335341365462,-0.0454814639346,0.00285442435775,-0.0278896808181,-0.0208675649031,0.00269541778976,0.00551291752243,-0.00276243093923,0.000666888962988,-0.0226468506723,-0.0086587158961,0.0177852348993,-0.0178448867536,-0.00542304898139,0.0197996398801
-0.00507374168553,-0.0054347826087,0.0462941530485,0.0706011841295,0.00517309988062,-0.014451775055,-0.00741198270537,-0.000962649210628,0.00342975474018,-0.0434782608696,0.112131147541,-0.00559334845049,0.0544518027962,-0.00959978993219,-0.00798738833421,0.0492056199332,-0.0412477620163,0.0147559591373,0.00789473684211,-0.036636494774,-0.0128138528139,0.0318396226415,-0.00287432799276,-0.0303810504634,0.00735059124321,0.00964102564103,-0.00137354805604,0.14611071101,-0.0140379851363,-0.000700157535445,-0.0875741277065,-0.00320123633955,-0.0309871624613,0.0494492044064,0.0110843373494,-0.110060802975,-0.00407424173834,-0.0196988884199,-0.0235002189461,-0.0501908396947,-0.0148214976157,0.0251517779705,0.0305676855895,0.0225293711126,-0.0354218244144,0.00452771272443,0.0048309178744,-0.0265125764786,-0.00885935769657,-0.0502202643172,0.0291553133515,0.0567328918322,-0.0529827315542,0.0251221214236,0.0649651972158,-0.0709905660377,0.000389863547758,-0.0158812136862,0.00804681784931,-0.0633333333333,-0.0131463628396,-0.0294774928169,0.0127429117553,0.0183318056829,0.00675675675676,0.0143191496278,0.10631443299,0.0434240598379,0.00136493361459,0.0208728652751,-0.0204016576347,0.0256754489008,0.0195852534562,-0.00419264674264,-0.107074366077,-0.0449850049983,0.0470673425054,0.0217534607779,-0.0154962083745,0.0691823899371,-0.000905340480036,-0.0301658611075
-0.0145743055411,0.0122950819672,0.0445997964692,0.0272777293555,0.0197941409343,0.0267771756455,-0.0124455507156,0.0716901137021,0.0764865213466,-0.0735177865613,0.0692806603774,0.0550319245971,0.0319260293091,0.0076536778983,0.0219302892256,0.0200712917265,0.0578179989945,0.0145413870246,0.0120757180157,-0.277583187391,0.0147342571479,0.10587755102,0.0327825433521,0.0145158435121,0.0139593908629,0.0624746038196,0.0664569773598,0.0307417989645,0.00753768844221,0.024873007532,0.0308343409915,-0.047065337763,0.0456829602558,-0.0118964310707,0.0314585319352,0.0296142166,0.0609090909091,0.0370317209703,0.00328849028401,0.00381756077959,-0.0341444270016,-0.0499153976311,0.0269645608629,0.0602865639362,0.0155972359329,0.0220702517874,0.0528846153846,-0.120111731844,0.0195530726257,-0.0142857142857,0.0709557850146,0.00940045957802,0.0576046415251,-0.00589970501475,0.0105301379811,0.004315816197,-0.0549493374903,0.00760955129887,-0.00725689404935,0.0871886120996,0.0552397868561,0.0241228070175,0.0732934885184,-0.0581200977241,0.153616703952,0.0191404810358,0.0326150262085,0.0792512943051,0.138909541512,0.244423791822,0.0615034168565,0.0543193717277,0.146139359699,0.0146820684443,0.0953346855984,0.249825540823,0.076071922545,0.01,-0.00368385800402,0.0617647058824,0.0672721468804,0.0307456559636
0.0462494794375,0.0104588394062,-0.00889491295692,0.0166379897395,0.021350931677,0.0847562868674,0.0516698172653,0.0365042258587,-0.0123412413132,-0.0725255972696,-0.0132340777502,0.0240634005764,0.0165680473373,0.0278477486157,0.000414679659963,-0.0255221746776,-0.0123574144487,0.0378537302462,0.0364398581103,-0.0166181818182,-0.0323249783924,0.014615782092,-0.00959196859003,0.120397836329,0.00375469336671,0.0147241610097,0.0141772521536,-0.0182002917882,-0.050706566916,0.0189711160485,-0.0319648093842,0.000581057524695,0.00087374399301,0.00448536355052,0.0425138632163,-0.00164785127395,-0.00385604113111,-0.0368166089965,0.0104290822408,0.0396317053643,-0.0180143573073,0.086375779163,0.0510127531883,0.0158082610913,-0.00874805598756,-0.0136861313869,0.00456621004566,0.0690476190476,0.0232876712329,0.038208168643,-0.0101359703337,0.0260761589404,-0.282915360502,-0.024880164346,0.0240747394898,-0.0528311425683,0.0342268041237,-0.00338541666667,0.0122807017544,0.0752864157119,0.00993098804915,0.045182012848,0.0167057444314,-0.00764505119454,0.0904977375566,0.0387019174076,-0.00507614213198,0.0180811808118,-0.019366771842,0.0268857356236,0.0162477007971,0.0158286778399,0.0483075911929,-0.0273433343973,0.027559912854,0,-0.0199228791774,-0.00926221654424,0.00100840336134,-0.0132348414897,0.0110761630936,0.0312197384034
0.0119670862962,0.0146911519199,-0.00662421471003,0.0267414352218,0.014443177499,-0.0111619919863,0.0389454763331,-0.0175225537821,-0.00242630110397,0.0604875804968,0.00502933780386,0.0109750949768,0.0327623482455,0.00985175313773,-0.00901554404145,-0.155039565047,-0.00632476282139,0.0460339943343,0.00404480398258,0.0549371987822,0.10146480886,-0.0152055292834,0.00669008430349,0.0113689456471,-0.0635910224439,-0.0230848958824,-0.0139790673903,0.0122859250532,0.00875656742557,-0.0222240858772,-0.193123295971,-0.013356562137,-0.00130947184636,-0.0129259694477,0.0469858156028,0.0356764611559,0.0103225806452,0.0175312544906,-0.0020642878207,-0.0100115517905,-0.0177931034483,0.0549180327869,0.05710206995,0.0173192771084,-0.0164738183958,0.0218933086648,0.138636363636,0.0705270972532,-0.0112449799197,0.00471356055112,0.0297202797203,0.0227914481646,-0.00601092896175,-0.0121722846442,0.0312280701754,0.028556178276,0.00837320574163,0.00810033969166,0.0187752744079,0.0220700152207,0.00666666666667,0.0108584306495,-0.000288267512251,0.0452606961068,0.0207468879668,0.0202761000863,0.00878684807256,0.0268213120696,0.00876511705315,0.0744242424242,0.0150829562594,0.0125267338833,0.0721003134796,-0.0180485670532,-0.0036043676455,-0.00223338916806,0.0167213114754,0.0241779497099,0.0829415715245,-0.00779787897692,-0.0128490180736,0.00571698762036
0.055793395326,0.0115169463639,0.034030287386,0.0235295542269,-0.0172349194455,-0.0188133140376,0.0922722029988,-0.00247218788628,0.0122826219141,0.0420733029712,0.00166805671393,-0.0144745998608,0.0112721417069,-0.00561033345138,0.00407821813239,0.0437898576512,0.00103777501038,-0.000338524035206,0.0511310814998,0.0722664921833,-0.0241647745702,0.0079048463357,0.0208161775995,-0.0127810286418,-0.00399467376831,-0.0201581790123,-0.00902808195844,0.0238279980288,0.0399305555556,0.0180976069989,0.134221888493,0.018128310771,0.0222902097902,-0.0185714285714,0.0135478408129,0.00395428142444,0.0166028097063,-0.000847337946618,0.0298463356974,0.0672889926099,-0.00140429714928,0.0536130536131,-0.0108035111411,0.000246730816679,-0.0295114656032,-0.0111647555824,0.0219560878244,-0.00970873786408,0.0167885188194,-0.118729700469,0.000242541838467,-0.00177479787024,0.0324354040682,0.0348341232227,0.00238176250425,-0.0394395433316,0.0328192961645,0.00648004147227,-0.00113410830734,-0.0335070737156,0.00264900662252,0.0340494527767,-0.0207612456747,0.0102658594367,0.0377468060395,-0.0136085456771,0.00393368923855,-0.000705965407695,0.0332160140783,0.0225631768953,0.00980683506686,-0.00814725407363,0.025730994152,0.00880026734989,0.0117033726992,0.0366536094012,0.0154788777814,0.0407617248977,0.00806201550388,0.0399245520277,-0.00704221948331,-0.0153833002916
0.0158322397189,-0.00162654521796,0.0148533388808,-0.009354700746,-0.0529927563858,0.00206489675516,0.0221752903907,0.0123915737299,0.0142960115329,0.0226847034339,-0.0119344990286,0.0124276232171,-0.00684713375796,0.0235463917526,0.00645698812747,0.00305143162432,0.0186605846983,-0.00711141212326,-0.0471698113208,-0.0287890510074,0.0287518697025,0.066407681595,0.00257044805097,0.00686320386835,-0.00735294117647,0.052662663648,0.0138791346414,0.0124995519415,-0.0225375626043,-0.00707666385847,-0.006454816286,0.00265926696728,-0.0260795211629,0.0131004366812,-0.0292397660819,-0.0188703240595,-0.0121440536013,-0.00197879858657,-0.000573888091822,-0.0249635568513,0.0009843903811,-0.0464601769912,-0.0204778156997,-0.0231869758263,-0.00595849599343,0.014037229173,-0.0078125,0.195378151261,-0.00505992010652,0.0495495495495,-0.0339476236663,-0.0444488344528,0.080404685836,0.0164872910465,-0.0173116089613,0.0237709346299,-0.0141653905054,-0.0213752253412,-0.033295486801,-0.040061633282,-0.0110634081902,-0.0145041160329,-0.101590106007,0.00534132360604,-0.0134303301623,0.00036474255568,-0.0151133501259,-0.0438007771106,0.0301256120928,-0.033759929391,-0.0111830488523,-0.00486766048068,-0.035062713797,0.0059628975265,0.0181932905668,0.00512820512821,0.0168307399174,0.0058974746711,-0.00153798831129,0.0553204353083,0.015041034278,-0.00509546483595
-0.0154518433951,0.00423590746171,0.0178337159725,0.0237138832477,-0.000402576489533,-0.0129526052399,-0.0144628099174,0.00874278720056,-0.00604050692882,0.00956450956451,0.00449438202247,0.00488213139908,-0.0145903479237,-0.00527046379349,0.0127276490066,0.0274811399526,-0.00542777664699,-0.00954979536153,-0.0324876237624,-0.0428031280504,0.0116316639742,0.0175957110454,-0.00735063482755,-0.00418280402789,-0.013468013468,0.00252478025061,0.00042627191304,0.0104335248422,0.00426985482494,-0.0066180213813,-0.0181575878727,-0.0204105166052,-0.0140474100088,0.00766283524904,0.00602409638554,-0.0177756731262,-0.000847816871556,0.00991360997026,-0.00674705713465,-0.00336385722295,0.0275358246699,0.030935808198,-0.0222996515679,0.00353535353535,-0.00434063662671,0.000902798675895,-0.00393700787402,-0.0550673696544,0.00856531049251,0.0158017947718,0.00175702811245,-0.0471366549514,-0.0137999014293,-0.0292858751971,0.0521588946459,-0.0147757255937,0.0108737864078,0.0106578947368,0.00214346536688,-0.00321027287319,-0.0018367006178,-0.00536992840095,0.0176991150442,0.00673836983284,0.0113442994895,0.0027214157376,-0.00142085819835,0.00258588843738,-0.0133305776584,-0.0449874400548,0.00922619047619,0.00963008254356,-0.0543574593796,0.0046103183315,-0.000722991117538,0.00725026852846,-0.000936914428482,0.00977149729405,-0.0197165742452,-0.0111715840733,-0.0029636307834,-0.0126327377197
-0.00375759463435,-0.00324464633355,0.03552503323,0.0228869111157,-0.0632299637535,0.0190873844319,0.00366876310273,0.034148032588,0.0015490943756,0.0245918161661,-0.0173378076063,0.0213770127707,-0.00276602668402,-0.0313190373796,0.0263614999489,0.00620275772955,0.0341769561362,-0.012741046832,0.027502398465,-0.0636237897649,-0.0138933248164,0.0151300236407,0.0165294122265,0.0395146235221,0.0313993174061,0.0266766159873,0.0322763389161,0.0223283331081,0.0187074829932,0.0184489238128,-0.029182219206,0.00129487934079,-0.0080142475512,0.0622623574144,-0.000427715996578,0.00691372614885,0.0161221892236,0.0152853737204,-0.033386327504,0.0620663791487,0.0090237899918,0.0382595648912,-0.0534568781183,0.00830397584298,-0.0157774548474,0.0261575466025,-0.00790513833992,0.0632362058277,0.0342356687898,-0.0591511426925,0.0405913304936,0.0296159687568,-0.105947026487,-0.0194940821536,-0.0180564674984,0.0340117836101,0.0315021129466,0.013409712277,0.00571344857896,0.0322061191626,0.000836400133824,0.0149970005999,0.0296296296296,0.0341099240572,0.0633763320247,0.0332918481643,0.0116676152533,0.00957995578482,0.0510054461667,-0.0153036824486,0.0212326747272,0.00105980317941,-0.0668541080912,0.0164991258741,0.010645994832,0.0259930685151,0.00844013754298,0.0233735298496,0.049025769956,0.0162224797219,0.0339714299456,-0.0266254690814
0.0558899670564,0.0159505208333,0.00354039716862,0.0131430757922,0.00214961306965,0.0260462393913,0.000522193211488,0.102916526986,-0.0233194527067,-0.0230179028133,0.0159362549801,0.0438977983148,0.0574318812204,-0.0126840652866,0.0179193628671,0.0575850070966,0.0185356200528,0.0149982560167,0.0398381574852,0.0196655233708,0.0137651821862,-0.00385920553596,-0.0106711614131,0.0333732415444,0.0377233620119,0.0150813118924,0.0188465958395,0.040180757104,0,0.00888963435089,-0.069905627403,-0.0538443451681,0.0439856373429,0.0671140939597,0.0218228498074,0.0305335387495,0.0104384133612,-0.00773480662983,0.00702751196172,0.0158898305085,-0.0379403794038,0.0267341040462,0.0135542168675,0.0272023958073,-0.0101244463193,0.00322297099326,-0.0478087649402,0.0390670553936,0.0561970746728,0.0246989181466,0.0252829280039,-0.00305552628806,0.00447177193963,0.0409467455621,-0.0304246071548,-0.00518000518001,0.00614525139665,-0.0110483042138,-0.00772032046613,0.0249609984399,0.00150426207588,0.0336879432624,0.0506725054739,0.0108289768484,0.00791139240506,0.00752785305631,0.0165963431786,0.00912408759124,-0.0247135027404,-0.0412821758135,0.0141495812879,0.0102843315185,-0.00401740877134,0.00935182199291,-0.00163632644713,0.00922437313239,-0.0077495350279,0.0295315682281,0.00449370880767,0.0094070695553,0.0193000981519,0.00355148607168
-0.0128480342828,-0.0137776353733,-0.0123837209302,0.055495080406,-0.0220935220935,0.0390758699373,-0.0185281837161,0.0206686930091,0.00998903642344,0.0302053966975,-0.000840336134454,0.00130191381331,-0.0176670266934,0.0486161640661,0.00352078239609,-0.0189166113184,-6.47626449064e-05,-0.0144329896907,0.000149655791679,-0.0110487741999,0.00686900958466,-0.037071671899,0.00770475263021,-0.00854453294714,0.0204081632653,0.0106506757361,0.00873796688044,-0.0231762363562,0.00667779632721,-0.0329177057357,0.022172115746,0.0467196819085,-0.0816852966466,0.00880503144654,-0.0489949748744,0.0140898724657,-0.000206611570248,0.0297884187082,-0.022271714922,0.0205074730622,0.0474647887324,-0.0636875439831,0.0148588410104,-0.0323129251701,0.044747496271,0.00408878504673,0.0481171548117,-0.023569023569,-0.0228377065112,0.0268924302789,-0.0272428370127,0.000211371803001,0.0356149137451,-0.0102319236016,-0.171379310345,0.0510283780266,-0.01906348325,0.0372824110158,-0.0458015267176,-0.0479452054795,0.0270360480641,0.0521250238231,-0.00327478416195,-0.0518409062923,-0.0455259026688,0.0476202478773,-0.00996126175982,-0.0430379746835,-0.00623275773986,0.0136778115502,-0.0216400911162,-0.0244011976048,0.0541176470588,-0.0202342917998,0.0251997541487,-0.0123583934089,-0.0212433614495,-0.124770382931,-0.0175961825231,-0.000282406099972,0.0084610399686,0.0237180557875
-0.0454550981819,-0.041910331384,-0.0109691725045,0.0165464393746,-0.00175477078307,-0.0288223991216,0.0124966764158,0.00416914830256,0.0261729586298,-0.0198397185301,0.035884496776,-0.00169028734885,-0.0275661666536,0.021378457065,-0.0204658415359,-0.010012993126,-0.0288860103627,-0.0373082287308,-0.0237917103097,-0.00603299527043,0.00301443756941,0.0711709211987,-0.00594547591889,0.0407537248028,-0.0109375,0.0272759475735,-0.0106749547033,-0.0218999204953,-0.0787728026534,0.0200275055871,0.0115808823529,-0.00474833808167,-0.0257490636704,0.0188715710723,-0.0202553940995,-0.0342032850242,0.00557966522009,0.00168964585023,0.00455580865604,-0.0388283378747,0.0408766975931,-0.0717775272454,-0.039897510981,-0.00828521215164,-0.0148888435652,-0.0485747527632,0.0239520958084,-0.0373563218391,-0.0310790651417,0.0820562560621,-0.0197971994206,-0.0126796280642,-0.0381515314347,0.0244658855961,-0.0432792342905,-0.0123854347288,-0.039558490566,-0.00807764558547,-0.0286153846154,-0.0775379696243,0.0264868378291,-0.0287111674667,-0.00298685782557,-0.0144155844156,-0.0254934210526,0.0142673994563,-0.0136948015651,0.0279667422525,0.00745424634999,-0.0474762618691,-0.022700814901,-0.000460334509744,-0.0406568877551,-0.0148369565217,-0.0258792965627,-0.00404066736184,-0.0331950207469,0.018889247659,-0.0210989678203,-0.0694915254237,-0.00758905944537,-0.0179814542884
-0.0321809795273,0.00983384198033,0.0279742867347,-0.00517207055671,-0.0107668644254,0.0234595816846,-0.00735294117647,0.0351423487544,0.0112834978843,-0.0276199022834,-0.0278755074425,0.0456499088304,-0.00823776449685,-0.00970524802301,0.00835737737539,0.009762348328,0.00853674803255,0.013763129301,-0.0119558553035,0.311698367699,0.0145523568491,0.0055692267841,0.012133515427,0.00140350877193,0.0129541864139,-0.00655172413793,0.0236238997657,-0.00642888812257,0.017101710171,0.020814022078,0.0356169362166,0.0214694656489,0.038443056223,0.0595964355135,-0.0103370786517,0.0190476266697,0.00904233456638,0.00708454220363,-0.0133030990174,0.0363217576187,0.00762175429531,0.051012145749,0.00419367136866,-0.0053164556962,-0.0213250517598,0.0195658819933,0.0389863547758,0.0776119402985,-0.00615858352579,-0.0482251703119,0.020197044335,-0.00128424657534,0.0312849162011,-0.0142392644915,0.0069595476294,0.0466516177577,-0.00635321019814,0.00410327630831,0.0174216027875,0.0133448873484,0.0213709039101,0.0563222678105,-0.0278609946075,-0.0697061536434,-0.00084388185654,0.00196208665713,0.0187021819212,0.0224264705882,0.0358728376792,0.00577124868835,0.00416914830256,0.0110531163648,-0.0184477314276,0.00590279693275,0.0303620884193,0.0365135453475,0.0604159788709,-0.00903184915227,-0.0336486276942,-0.0734669095325,0.0265710285957,0.022183993188
-0.00534403309966,-0.00906648757555,-0.0574377035727,-0.0222469821038,-0.034651266104,0.0060756697045,-0.0185185185185,-0.0356682423722,0.0020920502092,-0.0223543888433,0.00695991091314,-0.0288347761101,-0.0343648208469,-0.0119782214156,-0.047755303404,-0.0474518194497,-0.0119699775162,0.00821722043587,0.00310269934843,-0.119157566006,-0.00685999376364,-0.00508758371973,-0.00523370746289,-0.0217238962859,-0.0218340611354,-0.0331482124262,-0.0306408944852,-0.0108535587674,0.000884955752212,-0.00759451873865,0.0231619582383,-0.0365483418963,-0.00740397963906,-0.07468719923,-0.00454132606721,0.00630252348328,-0.024032586558,0.00777167358971,-0.0458097134978,-0.089758933151,-0.0673076923077,0.0546995377504,-0.0288534548216,-0.0185797912955,-0.14279669981,-0.0152923538231,0.0506566604128,0.0160664819945,-0.00516395558998,-0.00263703145602,-0.0275229357798,-0.00257179597085,-0.0720476706392,0.036169244768,-0.0276457883369,0.0155763239875,-0.0126532226176,-0.0299258141582,0.0171232876712,-0.0217205404481,0.0265034097954,-0.0393714689266,-0.0169491525424,-0.0539660056657,0.0112612612613,-0.0006527481373,-0.0147426981919,-0.0305645451277,-0.0453201970443,-0.0675534689619,-0.0169039145907,-0.027027027027,-0.037250253979,0.00120653723813,-0.0300647088104,-0.0429292929293,0.0750311332503,-0.0354972817397,-0.0137997432606,-0.0435779816514,-0.0274512939421,-0.0347938275242
-0.00115019976864,-0.051169095222,-0.0425915308379,-0.0840915476741,-0.0124252185918,0.0164699423552,-0.0194070080863,-0.013963161022,0.0183252145674,-0.0497168030208,0.00442355543268,-0.0380915736822,-0.0102884128858,-0.00808229243204,-0.0156460470418,-0.056270691914,-0.0275075480273,-0.0152374202693,0.0358799876276,0.0481764922066,-0.00847723704867,0.0547608259434,-0.0120530652208,0.000143266475645,0.00573979591837,-0.0663256147909,0.0151887081927,0.0580162008261,-0.0150309460654,-0.00282814839461,-0.215743440233,-0.0265422373046,-0.00745920745921,-0.0301643436655,-0.00912408759124,0.0754299554875,-0.0116861435726,0.00465363648451,-0.0314707771355,-0.063298271976,-0.0489347079038,-0.0467494521549,-0.0641125879593,-0.00311203319502,-0.038005923001,-0.00609013398295,0.0392857142857,0.0823336968375,-0.0153127433169,0.013597733711,0.0203574975174,-0.0928233777396,-0.0297723292469,-0.0252469813392,0.00355397601066,-0.0276073619632,-0.0188225871045,-0.0264419961115,0.0973370064279,-0.048951048951,-0.00800241582364,0.0154383385407,-0.0297805642633,-0.0432699505914,-0.0350779510022,0.0135576011913,0.0488424618859,-0.0122403560831,-0.0247678018576,-0.0131468531469,-0.000603318250377,-0.0249687890137,-0.00422089342244,0.00964066608238,-0.0158062198501,-0.035092348285,0.0608166811468,0.000994694960212,-0.0214773836642,0.0243233984241,0.015725338668,0.0146332393101
-0.0473626451274,0.0075,0.0190777654205,-0.00518688904715,0.0228331780056,0.0143127194167,-0.0494777350192,0.010394697198,-0.00193621867882,0.012582781457,-0.0313790255987,0.00266666666667,0.00613496932515,-0.0148148148148,0.0204210526316,0.0216149506347,-0.0163110805231,0.0406621086722,0.0155270229919,0.0250487259077,-0.0145661811273,-0.0840748695919,-0.000172356723577,-0.044119753617,0.0646797717185,-0.0843026050178,-0.0380104505841,-0.012758800398,-0.0314183123878,-0.00917584250918,0.00284277279685,0.0530378486056,-0.0347581023955,0.0280995280995,-0.0193370165746,-0.0278490226327,0.0650337837838,-0.00410269984119,0.00994694960212,-0.00621616202126,0.118225177049,-0.0873563218391,0.00668337510443,0.0156087408949,0.0223191380195,0.00888480392157,-0.0309278350515,-0.0156171284635,-0.029520295203,0.00652133407863,0.054501216545,0.0485551871151,-0.0264741275572,-0.0261261261261,0.0256750774679,-0.0572676534822,-0.0722448979592,-0.012381839968,-0.0136680613668,0.00551470588235,0.00563165905632,-0.0492307692308,0.0439418416801,-0.0169014084507,0.0611656087709,-0.0265922280173,-0.00807537012113,0.0428088621855,-0.0256084656085,-0.0328798185941,-0.00905523694537,0.0108834827145,-0.0141292829389,0.0261501736111,-0.017520075086,0.0497675690457,-0.029484029484,-0.0485260019874,-0.0312603924177,-0.0675585284281,-0.0389048019461,-0.0358774165217
-0.0320841112722,0.0503367600142,-0.0164120214909,0.0115684326505,-0.00505239179954,-0.00346112886049,0.00636205899364,-0.000447293872074,-0.0146068697934,0.112055809898,-0.0315430520034,-0.0252659574468,0.0235433604336,-0.00714285714286,0.00814937074479,0.0954851068236,-0.0232981179598,0.0190179806362,0.00676271684799,0.124456740443,0.0102827763496,-0.0294807370184,-0.0307611840597,-0.0106398921025,0.0344252531269,-0.0490237245434,0.00546507919128,-0.00323452204418,0.0426320667285,0.0260986698097,-0.0178805058875,0.0406715535588,0.00778588807786,0.00730231587732,0.0413145539906,0.00929382251934,0.0245836637589,-0.00571428571429,-0.0507222586999,-0.0635593220339,0.0221015897635,0.108312342569,0.0804979253112,0.0443135245902,-0.00803011292346,-0.0054661402976,0.00354609929078,0.0261003070624,-0.0048886474742,0.00888559792669,0.0394554683895,0.0074542579625,0.0815822002472,-0.00115633672525,-0.100345274061,0.263037323037,0.0136383633964,0.0223779994608,0.0418552036199,0.0676416819013,0.00121083699107,-0.0350276032743,-0.0101795109873,0.00159184972939,0.0174007612833,-0.0380794588402,-0.0100407055631,0.034209578682,0.0281277150304,0.042203985932,0.018580566555,0.042431918936,0.0333213901827,-0.000481125092524,0.0420337543785,0.0148476165668,-0.020253164557,0.00156657963446,-0.0823892893924,0.00354017216643,0.00619452879006,-0.0182332667458
-0.0714845906178,-0.0475869051637,-0.0335424401485,-0.0249798646212,-0.0491824296789,-0.033796419984,-0.0313218390805,0.102744630072,-0.00961204400695,-0.00646931974123,-0.0387323943662,0.0321964529332,0.019692205858,-0.0170390003786,-0.0179064770285,-0.00214228394974,-0.000859598853868,0.00118764845606,-0.044976635514,-0.000635227384563,-0.174300254453,0.000345184673801,-0.0173754694024,-0.00106028476219,0.00817595578075,0.0153438569379,0.0154680908484,-0.0380928537383,-0.0426666666667,-0.0260912372826,0.00266429840142,0.00193137923199,-0.036214389184,-0.00124275062138,-0.0414788097385,-0.0132759562427,0.00754643962848,-0.0114942528736,-0.0456510461698,-0.0519284636932,-0.0260495700556,-0.0136363636364,-0.0848694316436,-0.0127544763306,-0.0419934227169,-0.0160305343511,-0.017667844523,0.00548628428928,-0.0362991266376,-0.0315596330275,-0.0446170921199,-0.000224215246637,-0.0405714285714,-0.0331095160917,-0.00191892540177,-0.0191363182457,-0.0412326388889,0.0162183544304,-0.0043431053203,-0.0470890410959,0.0137566137566,-0.0313671335569,-0.0306774938948,-0.0576923076923,-0.040085515767,-0.00826257662586,-0.0186403508772,-0.00800835654596,-0.0352804478716,-0.0232002249719,0.00269138755981,-0.0148845686513,-0.0275658807212,-0.0226872398161,-0.0729347051034,-0.0613449691992,0.0261269020959,0,0.00692106247662,-0.0415923541837,0.0127266217492,-0.0193317187038
0.0421859747173,-0.0528809355067,0.0143065306663,0.00346892891681,-0.0248013484228,-0.00428591179317,0.0857787006823,0.0120657937453,-0.00140318054256,-0.0185477505919,-0.00335775335775,-0.00634417129262,0.00762739370334,-0.00498844375963,0.00615023963326,-0.0125216697223,0.0290364209923,-0.0205049991527,0.00672782874618,0.0405550581916,0.00500770416025,0.107246376812,-0.00360770988582,0.00303260045489,0.0485436893204,0.00532724505327,-0.0131762994461,0.0094799065023,0.0436304549675,-0.00673967986521,0.00155004428698,0.0373058169861,-0.0140280561122,0.0383658233098,-0.0253998118532,0.0165844045769,-0.00364893412714,-0.00459707950243,0.00652292081899,-0.0584090909091,0.00584263827577,0.0529953917051,-0.0181871590432,-0.000993788819876,0.0681278056509,-0.00915438324282,-0.0287769784173,-0.126488095238,0.00396488246956,-0.146456991285,-0.0164962825279,0.00605516932048,0.0464562239428,-0.00694444444444,-0.00696947849075,0.0030126740079,-0.00452693526483,0.0314000259504,-0.0545256270447,-0.00539083557951,-0.000745600954369,0.0264765784114,0.0103225806452,0.0315365154326,0.0128062360802,-0.0142284900613,0.00111731843575,-0.036504036504,-0.0220081024855,0.00762919245718,-0.000894721145243,-0.0141843971631,-0.0340203244785,-0.0268456375839,0.00439512141523,-0.0191413727099,-0.0201454952434,-0.000173792144595,0.0120750510868,0.151967182547,-0.0089165189763,-0.0306941573076
0.0420695756541,0.024592463998,0.0605546123373,-0.010565770313,-0.018024691358,0.0172174396001,0.0412113131666,0.00868751670676,0.0220725995316,0.0231202251709,0.0128637059724,0.0479515828678,0.00644226123369,-0.0124078124698,-0.00321320323122,0.0231682484189,0.0388768898488,0.0250865051903,0.0113912515188,0.00859502710144,-0.0170563434266,0.0869483919222,0.00814777045871,-0.00241874527589,0.02151416122,0.0172607332108,0.00667611622962,0.0726181917346,0.00890577318304,-0.00882103477523,0.0142604466062,0.0107127240927,0.0167682926829,0.0219692430597,0.0101351351351,-0.0151892200778,0.0404780262143,0.0239065471339,0.0232223222322,-0.0224475018103,-0.00580870014199,0.0645514223195,0.0347657351923,0.00422780402885,0.0426452410383,0.00970873786408,0.0222222222222,0.0965360590574,-0.020874471086,-0.0221975582686,0.0222064729506,0.0283102987071,0.022766078543,-0.00675186882083,0.0469506292352,0.00652511651994,0.00636653024102,0.0137124166562,0.0164359861592,0.0289069557362,0.00358155499179,-0.00535714285714,0.029374201788,0.016517385603,0.00604727872457,0.00827293386395,0.0245535714286,0.0309653916211,0.00503806538289,0.0231428571429,0.0232656716418,0.014075695965,0.00937953334884,0.0283648498331,0.00809539437698,-0.00390298299415,0.00799543118218,0.0239874847905,0.0370778267254,0.0152152800259,0.0104282484619,-0.012704878658
-0.00566502609284,-0.0348950155194,0.0275392003941,0.0515773106615,-0.0173497611265,0.012285012285,-0.00130149567043,-0.0113873062144,0.0127742452884,0.0176694831991,0.0365890535228,-0.00158659643333,0.0140822531605,0.0062720501764,0.086536463744,0.0434534914608,0.00965729997988,-0.000506329113924,0.0421985283076,-0.073855445325,0.0432832910899,0.0361832673892,0.0132930909508,0.0150022730717,-0.0109304185551,0.01194798126,0.0165772564922,0.0124531389399,-0.0026455026455,0.0169433510183,0.130899182561,0.00930131948951,-0.0219890054973,0.0193472737932,0.0186335403727,-0.0165467477773,0.01370878103,0.0201644998673,-0.00826882477129,-0.0350617283951,0.00194754609192,-0.00445357999315,-0.029326724494,0.00148588410104,-0.0197984588026,0.00744416873449,0.0144927536232,0.0103573278094,0.0339959665802,-0.00740976163451,0.00485324705339,-0.00628658140039,-0.0261380077908,0.0218499635834,0.0517799352751,0.00205803663305,-0.0162675101672,0.00111690245719,-0.0110638297872,0.0412642669008,0.0173977695167,0.0181528027129,0.0232630272953,-0.0308830625704,0.016393442623,0.0027929019771,0.00490196078431,0.0116607773852,-0.0111395789239,-0.0670203853672,0.00235126635822,0.0172732880938,-0.0725909672701,0.00841211465657,0.00287140531742,0.0103554436048,0.0362606232295,-0.00744186046512,0.0145132743363,0.0248596938776,0.0176060374037,0.0156436714946
-0.096161516287,0.0193193943109,-0.0102229425185,-0.0141394668731,0.0276356192426,0.00458468176915,0.0399260123383,-0.00483309342104,0.0151583710407,0.0226070300372,0.0603850641774,0.0233918128655,0.00883698911157,0.0105181145306,-0.053924849412,-0.0626532083418,0.0172035868482,0.00709219858156,0.0302593659942,0.115795193928,0.0192487385535,0.0220807969009,0.0163094655927,0.0595700209018,0.0474393530997,-0.026683475155,0.0134536808329,-0.0168154320283,0.0106100795756,0.00319757657354,0.0185042405551,-0.0330047149593,0.0183955033214,-0.000191717791411,0.0365853658537,0.0027407172952,0.0241228070175,0.0417425227568,-0.0193365265212,0.0299385875128,0.0163275884411,0.0199587061253,0.051914893617,0.0244807121662,-0.0459409772617,0.0240147783251,-0.0213214285714,-0.0553562275756,-0.00835887433826,-0.150344436414,0.0236890524379,0.0115619546248,0.0376964966315,-0.000950344499881,-0.0184615384615,-0.00800985828712,0.0151584749655,-0.00904921284244,0.0341910499139,0.12478920742,0.00701549254604,0.0623040752351,0.0294028493483,0.0383402489627,0.00645161290323,0.0499734836049,0.00460704607046,0.0405169402724,-0.0446096654275,0.150853038013,0.0209545983702,0.0239539114615,0.139984227129,0.0179378017478,-0.0189861775087,0.0858725761773,0.0155822854019,-0.0108018251596,-0.0237264480112,0.0445058432588,0.0175041789256,0.0085732462595
-0.0207455009797,0.00575352635486,0.0245792468822,0.0515892796863,0.0244023904382,0.00765100671141,0.0161697827185,0.0162962962963,-0.00267439268999,0.0305891238671,0.0217331499312,-0.000745341614907,-0.0295635851713,0.00424055512722,-0.00171803941385,-0.0145218544316,-0.00319968656132,0.0363849765258,0.0467132867133,0.116746324592,0.014301430143,-0.0286425902864,0.0108144757693,0.0277582076934,0.013381369017,0.0274150026983,0.00784478085181,0.00293486639857,-0.0266841644794,0.026170105687,-0.00151400454201,0.00387854609929,-0.00100351229303,-0.00556088207095,0.00497737556561,0.0458386724568,0.00606709493219,0.00486830607914,-0.0112156295224,0.0387577639752,-0.00433507586383,0.0404858299595,0.0141585760518,0.00289645184649,0.000740350094318,0.0198436560433,0.0655767616684,0.198046663049,0.0351222253442,0.0549125168237,-0.00449337227589,0.00129394004744,-0.115914096916,0.0392390011891,-0.0705329153605,0.0289855072464,-0.00429864253394,0.0262697022767,0.00632698970096,-0.00974512743628,0.0177068214804,-0.0154924382147,0.0270906949352,0.0578644501279,-0.0106837606838,0.0220588993228,0.0035068788778,-0.00704934541793,0.0281806390756,-0.0106631989597,0.0114025085519,-0.00088836245188,-0.0297474922172,-0.0131717597471,-0.00904478270461,0.00663265306122,-0.0248990578735,0.0198824343015,-0.0811293781272,-0.011617515639,0.00664653370647,-0.00927554956016
0.0025796528532,-0.00129175124562,0.0187500984795,-0.0156497971528,0.0034030140982,-0.00466231517251,-0.0139234211835,-0.0371057513915,-0.0234636871508,-0.0163063393184,-0.0180398492192,-0.0145450024863,-0.00225660863959,-0.0145873320537,0.00668151447661,0.000761748952251,-0.0234523419587,0.000808930593755,0.00293960448958,-0.0472037017873,-0.027838033261,-0.0354515050167,-0.00811013895227,0.00562105840417,-0.00203148806501,0.00210106103582,0.00379241607189,-0.00458388509728,-0.04,0.0019617459539,-0.00644427596664,-0.00651286013909,-0.00301356102461,0.0817585807944,0.0238631247186,-0.111197822142,-0.00851365732529,-0.00944099378882,-0.0162824734724,0.0162640516623,0.00550646689717,-0.0849546044099,-0.0227363382529,0.0134777376655,0.0146947048391,-0.0713443396226,0.0102739726027,0.0149456521739,0.00760043431053,0.0604746108701,0.00812457684496,0.0234762007323,0.00903145437558,0.0608695652174,-0.0233678631655,-0.0154929577465,0.0152238127698,-0.0101170160897,0.0184674751929,-0.0567751703255,0.00884198516828,-0.00412139378044,0.0229357798165,-0.0132970686008,-0.00539956803456,0.0105459912122,-0.0161290322581,-0.00304259634888,0.00974770642202,0.0991062039958,0.0135287485908,0.0148192056906,0.0798573975045,-0.0184730379071,0.0129118432769,0.0489102889002,-0.0299516908213,-0.0564502458044,0.00427849085959,0.0156720916215,-0.00155278820057,-0.019898436661
0.0230790865795,-0.0129453067258,-0.0299663714973,-0.0029879412212,-0.000968992248062,0,-0.00910741301059,0.0108725571153,-0.0137299771167,-0.00111752654126,0.0148066904305,-0.0100920903242,-0.000652665589661,-0.00844565640826,-0.0071399839099,0.00494071498387,-0.0181122962367,-0.00129324280634,0.00399680255795,0.0261520558573,0.00409074005206,-0.0113846509478,-0.00956860940837,0.00725562372188,0.0127226463104,-0.01729741063,0.0143108029,-0.00160942209653,-0.00561797752809,-0.0296067874041,0.0080122090805,-0.00644444444444,-0.00604534005038,-0.00909090909091,0.00615655233069,0.00130663835174,-0.0178890876565,-0.00890393779784,0.00595127394458,-0.0138856201459,-0.0128629648497,0.029057406095,0.000816326530612,-0.00118736642128,0.012734082397,-0.0126984126984,-0.0203389830508,0.0111557340473,0.00404094827586,0.0233397497594,0.0120886501007,0.00252525252525,0.0253086419753,0.00625539257981,0.0014800197336,0.00551808706315,-0.0161145926589,-0.00972786602635,-0.0221921515562,0.0176565008026,0.00339270568278,-0.0079006772009,-0.00924887892377,0.00490045941807,0.0217155266015,0.0109183089595,0.000546448087432,-0.0030518819939,0.00352072685974,0.0162640516623,-0.00275305895439,0.0017523364486,0.00429184549356,0.0147954743255,0.00175824175824,-0.0115970041073,0.0358565737052,0.00449155587496,0.0158830364059,-0.00445103857567,0.0206141510265,0.00278630016906
-0.0155462632539,-0.000737559762933,0.0701120102045,0.0386924382755,0.0305528612997,0.0144539614561,0.0326167720134,0.0466984343091,0.027030162413,0.0389781838523,0.0275601188868,0.0925194341787,0.0347625914167,0.0474125060896,0.0267395928289,0.0596237946491,0.000341600054656,0.0333441243121,0.00690021231423,0.0713988705007,0.00944074074074,0.0669901210031,0.0347797880776,0.0220323704492,-0.0251256281407,0.0380840623,0.0270501846853,0.0492643427538,0.0527306967985,0.0473237674736,-0.052611657835,0.00704540371282,0.0369994931576,-0.0844360496492,0.0201048951049,0.0237169940488,0.0167577413479,0.0275844615969,0.0642447772231,0.128639618138,0.0710876015998,-0.00482093663912,0.0415986949429,0.0140275796481,-0.0148150887574,0.0295819935691,0.0658477508651,0.0458958517211,0.0466863429031,0.0115212790971,0.0238885202389,-0.00923593618808,0.0771583383504,0.0250803858521,0.0472906403941,0.059756097561,0.0382165605096,0.0330763491669,0.0398560752837,0.132492113565,-0.0167652859961,0.0673113386424,0.0209335219236,0.0387077110637,0.0441020191286,0.0373241893128,-0.0163844893501,0.0183673469388,0.0225215029425,0.00964932925394,0.0136359833803,0.0469387755102,0.0349013806706,0.0272298456261,-0.0301557700746,-0.00342214617453,-0.00164835164835,0.00912180289751,-0.0103163922364,-0.00923994038748,0.0221014508394,0.0535926134058
-0.0422779479122,0.00749344323717,0.0159093194864,-0.0156516413883,0.0352470588235,0.0269129287599,0.0334987654199,0.0115764828304,-0.0181859256749,-0.0188512645279,0.0265579805417,0.139274466348,0.00359318856429,0.0307576894224,-0.00986485153398,0.00842739487471,-0.0173473569185,0.0131578947368,0.00579862941487,0.0427901069047,0.00330582757596,-0.0171478661042,0.00848687494921,0.0389352403655,0.00154639175258,0.0209639297092,0.0229012583156,-0.0061675221569,0.0286225402504,0.0062610370846,0.0141829804235,-0.0166574125486,0.00928641251222,0.0338689332406,0.00685518423308,0.0213545816733,-0.0132568971695,0.0208102450437,-0.022843741857,0.00105730598435,-0.0103589496507,-0.00138408304498,-0.0446358653093,-0.00961313012896,-0.0480266072059,0.00780762023735,0.0226276661364,0.0248945147679,-0.00717764675724,0.0281264528126,-0.00216029379996,0.0201271186441,0.0742471327327,-0.0282308657465,-0.0117591721543,0.0161104718067,0.0324276950044,0.0116754935002,0.0173010380623,0.058495821727,0.0106032382863,0.0261147628353,0.0205042948185,0.037411971831,0.0132315521628,0.0223558149864,0.0222098833981,-0.0263861055444,0.0146098505811,0.041958041958,-0.014030261348,-0.00334168755221,0.0790395690195,-0.0141932790649,0.00847179649591,-0.0190090753005,0.0101816180517,-0.0122297057781,0.0192800323581,0,0.020880230088,-0.0101747900778
-0.00348779133521,0.013387876534,-0.00223701096322,-0.0259108481838,-0.0340470021365,0.0345580678314,0.00214592274678,0.00655779863701,-0.0556833870225,0.00256081946223,0.00435450819672,0.0241629978499,0.00684931506849,0.0218340611354,0.00826940320813,0.0147832339925,0.00278009452321,0.0364873222016,-0.00471698113208,-0.0413319889835,0.00841104406656,-0.0637123745819,0.00521888622828,0.0110898661568,0.0303654143078,-0.0194262707599,0.0171611610935,0.0193679827364,-0.0121739130435,0.0159540523293,-0.0581051802245,0.00406549971767,0.0125907990315,-0.0302166476625,0.0765957446809,-0.00856256826338,0.0167029774873,-0.0200241254524,0.0350222222222,-0.0217574989438,-0.0118062317429,0.002079002079,-0.00245901639344,0.0194128787879,0.01261829653,0.00340873876666,0.0031746031746,0.00823384108687,0.013942680093,0.00203481799683,0.00389694739121,-0.000623052959502,-0.00208116545265,0.0458360232408,-0.00618752974774,0.0207625519064,0.0428692699491,0.0109458655562,0.0497121925693,0.0375,0.0109173401389,0.00207756232687,0.0181916915558,-0.0432753500212,0.0386740331492,0.0398396360782,0.0328625746877,0.0473413379074,0.0258536053234,0.00246085011186,0.037109375,0.0192791282481,0.0415072122461,0.0057167054838,0.0154777927322,-0.000875109388673,0.0329610460365,-0.0059214067827,0.0136054421769,0.0336943441637,0.0164361686724,-0.0156043018478
-0.100340759864,0.0242568807339,0.0144050471869,0.0656055487757,-0.00941176470588,-0.0172606482056,0.00214132762313,0.00766479305059,0.0427631578947,0.0220762634556,0.0226982912522,-0.0107967609717,-0.0156153370439,-0.00961538461538,0.0127470355731,0.0479545724819,0.0395758247851,-0.0143198090692,0.00684570826751,0.634674704068,-0.0239347234814,0.0174435911175,-0.00133994014171,-0.0199193141704,0.0144855144855,-0.029973311435,0.011005400914,0.0320961789637,0.00352112676056,0.00314070351759,-0.0077373483898,0.0397030705208,0.0674318507891,0.0115618263766,0.0245059288538,0.136919181209,0.00892857142857,-0.00566223535204,0.0358983167296,-0.00842150723386,0.0238945682966,0.0401106500692,0.0361544782251,0.0225267069206,0.0638629283489,-0.0132798023471,-0.00316455696203,-0.190690077583,0.0211357270181,0.0683664259928,0.0388182014233,0.025353283458,-0.0229405630865,0.0104938271605,0.0205938697318,0.0197855029586,0.020757020757,0.0257738025185,0.0403788634098,-0.00824350031706,0.00168302945302,0.0146855563234,0.0362666666667,0.0555801921656,0.0585106382979,-0.00662775360632,-0.0283986326584,0.054700294792,0.00744364100383,0.0854719928587,-0.0121065375303,0.00767543859649,0.0573770491803,-0.00736842105263,0.0639496355202,0.0182682682683,-0.0108122362869,0.0561371841155,0.0525727069351,0.0587892898719,0.0100612138578,0.0460154183012
-0.0167036510253,-0.0168750671778,-0.0581792915369,0.011042267166,0.00522565320665,-0.0348749052312,-0.011396011396,0.00380324543611,0.00175254118472,0.00124955373081,-0.00224438902743,-0.00363820111167,0.0309407884404,0.00251708018698,-9.75704946823e-05,-0.0364410337882,0.0382692179479,0.0069612590799,-0.00366108786611,0.0779062637638,0.00520156046814,-0.00128730251609,-0.00150993306601,0.000385901723694,-0.0477597242738,0.00761904761905,0.0139717031917,-0.00464581006536,0.0175438596491,-0.0280212899186,0.0031612223393,0.00205538727823,-0.030017921147,-0.0197597830298,0.00308641975309,-0.00747495500752,0.0138053097345,-0.00854171824709,-0.0285193168629,-0.0280923344948,-0.000481174064718,0.063829787234,-0.035685963521,0.000454235748353,-0.0341630063446,0.0237871674491,0.0047619047619,0.0297679112008,-0.00822942643392,-0.0221752903907,-0.0249117708117,0.0180381029591,-0.0373532550694,0.0105884748524,0.104176442985,0.00815956482321,-0.0147527910686,-0.000229463056448,0.00527072352659,-0.0076726342711,-0.0250630075609,0.00715137067938,-0.00849202264539,0.0177846240022,-0.0109639104614,0.00710455562732,0.0495263870095,-0.0316770186335,0.0783196115685,-0.0464638157895,-0.00735294117647,0.000544069640914,-0.0964982624967,-0.000954400848356,-0.0212810131838,0.0164659621529,-0.0226606238336,-0.00273457528628,0.086078639745,-0.0192413413964,0.011028819187,-0.00295818206266
0.0850382984111,0.015306122449,-0.0106546657435,0.0308296428932,-0.00614366729679,0.0117831893166,0.021613832853,0.0204597120485,-0.00956379752741,0.000891424496345,0.0367408147963,0.0136930723197,0.0234613040829,-0.00466284074605,-0.00478142076503,0.0247613021718,0.0528478777371,0.0126239855726,0.0141732283465,0.018026823914,0.0173720199593,-0.00193344269979,0.013265392066,-0.00835797865501,0.0806618407446,-0.030665826507,0.0130618563804,0.0129273381203,0.169827586207,-0.0107907875664,-0.0031512605042,0.105473388751,0.0461893764434,-0.00691699604743,0.0507692307692,-0.00364376556262,0.00733240223464,0.0093644649769,0.0387438129374,0.0239749047726,0.0530749789385,0.088125,0.0287828947368,0.0460839954597,0.0348660939869,0.0186487312748,-0.00789889415482,0.0377266046056,0.0364596429469,0.106047516199,0.0174579518842,0.0167230738602,0.0177383592018,0.022365504735,0.0305992350191,-0.0136690647482,0.00607041683529,0.026509065871,0.0178741658723,0.0193298969072,-0.00502656900761,0.00270498732037,0.00934336880353,-0.00385250412768,0.045727482679,-0.0218821774795,0.0384218669417,0.0330339961514,0.0101801096319,0.0478654592497,0.0277091906722,0.0247417074497,0.0369822485207,0.0216537522556,0.017394993636,-0.146276595745,0.0122749590835,0.0162810625536,-0.0407697325506,-0.00896860986547,0.0109085111895,0.00852909551493
-0.0411937329168,0.00538406317301,0.0306356673535,0.0133818739731,0.00404184498336,0.0672877846791,-0.0131640808651,0.029702970297,-0.015426283561,-0.0320627003919,-0.0079556412729,-0.0117070242145,-0.0260494194701,-0.0371171171171,0.0017648789097,0.00883466820397,0.0291534520615,-0.00311665182547,-0.000129399585921,0.0653332179059,0.0094459582198,-0.0318168476666,0.0145841440883,-0.0035010373444,0.0055023923445,-0.0681473456121,0.0208383338934,0.00514284992229,0.0589535740604,0.0105828720287,0.0765015806112,-0.01064453125,0.00618101545254,-0.0302487562189,0.00585651537335,-0.00404150477376,0.0128249566724,0.000371103414151,-0.0156095957936,-0.0019693654267,0.00491428571429,-0.0252728317059,0.0176658673062,0.00206163194444,0.00390625,0.0195078031212,0.0031847133758,-0.00802644003777,0.000242600679282,0.00390548720953,0.00627746390458,0.00569806148424,0.19825708061,0.0398108001577,0.0103092783505,0.0262582056893,0.0076427996782,-0.00860816098379,-0.00491688129244,0,-0.00851616628176,0.00252908447142,0.00282849061455,0.00303867403315,-0.00485865724382,-0.034295577499,0.0143779488453,0.00186277553555,0.00552325581395,-0.000205761316872,0.0176187933796,0.00636773680021,-0.0172610556348,0.00903896103896,-0.081317764804,0.090059473237,-0.00485044462409,-0.027150084317,-0.00748044882693,0.0336538461538,0.0212307110021,-0.0459567393701
-0.0377260329403,-0.0228489825062,-0.0196910631793,-0.00267444767225,-0.0419133317547,-0.0443743937924,-0.0157217722725,0.0117788461538,0.0710441334769,-0.0207949944792,-0.0123936816525,0.00232864230029,-0.00962861072902,-0.00860778443114,-0.0203582264853,-0.0437444945589,-0.0437359250919,0.0043174036028,-0.0135887148958,-0.0537803206873,-0.00701817527443,-0.0337112714485,-0.00734924459373,-0.0178269355888,-0.0135617416131,0.00325543541449,-0.0311386819552,-0.054496769165,-0.00278357689631,-0.000805542129853,-0.0281910728269,0.000394827756391,-0.0250109697236,0.000615637184486,-0.0371179039301,-0.0050424272237,-0.0239561943874,-0.0158278718932,-0.0559172091471,-0.0164437623328,-0.0290003411805,0.0430170889806,-0.0338543712199,-0.030427720628,-0.00729571984436,-0.0282602296144,-0.0380952380952,-0.0742503569729,-0.0637885035169,0.00641898463334,-0.0393013100437,0.0112731449933,-0.0522727272727,-0.0352539802881,-0.145714285714,-0.0193674484719,-0.0331337325349,-0.0147722147046,-0.0385882352941,0.00252844500632,0.020963750182,-0.0361587621931,-0.0610256410256,-0.0194161388047,-0.00443852640923,-0.00624944737075,-0.0217630786555,-0.0449333746514,-0.0238990074203,-0.0777937847294,-0.0215110178384,-0.0145003954653,-0.104659602264,-0.021931630972,-0.0410803449841,-0.056638087815,-0.0563227728134,-0.0138672213555,0.0366563891744,-0.0812585499316,-0.0303327452351,-0.0520230775933
-0.051377631918,0.0284983558641,0.0509485708041,0.0388664276548,0.0514087988136,0.024613042375,0.00387221684414,0.0422903302447,0.0355108877722,0.0467957150911,0.0278051181102,0.0662626262626,0.0282407407407,0.0673839184598,0.0333699670297,0.0632427147282,0.0532969757065,0.024607174622,0.0616636053529,0.0105398347198,0.0489307720188,0.0833281044111,0.0175252994194,0.0412029676736,0.0950313555234,0.0418356704137,0.0532125305883,0.0348796496966,0.00244242847174,0.0685262818446,0.00342465753425,0.0222989639862,0.0418541854185,0.0797785069729,0.0256991685563,-0.0441784243311,0.0774894810659,0.0405829878125,0.0413719943423,0.0323227819884,0.0494260951042,0.0282485875706,0.0288617886179,0.0118382845656,0.138657520823,0.0152983944259,0.0561056105611,-0.00874035989717,0.0155440414508,0.00521839969076,0.0138528138528,-0.00654601463227,0.0896882494005,0.0176817288802,-0.0243669374104,0.0938575828955,0.00949628406276,0.0159093510358,0.0423396965247,0.0592686002522,0.0325110509055,0.0390856744024,0.0554341889678,0.0235921921079,0.0679893000446,0.0750010327657,0.016016016016,0.0103828682674,0.0235956165465,0.0669493416648,-0.0243967828418,0.0101658640984,0.0389105058366,0.0282134961575,0.0183431952663,0.0300192784357,-0.00746054519369,-0.00246088943575,0.0204890945142,0.000297796307326,0.0492057172433,0.0313011996196
0.0424233132413,-0.00994671403197,-0.0068466943161,0.0162089104133,0.0197461212976,0.0186973749381,0.0549662487946,0.047184864372,-0.0139113555484,0.0522441651706,-0.0117309073498,0.0602500947329,0.0010505778178,0.00548187444739,-0.00957169099874,0.0154899834708,0.0245940221229,0.0277777777778,0.0252100840336,-0.00419513966416,0.025397373877,-0.00521285838401,0.0329094602716,0.0151418755567,-0.00440528634361,0.0196885428254,0.0406926506676,-0.0490272073592,0.0316742081448,0.00437603742266,-0.0546075085324,0.00665958884278,0.00820734341253,0.0216524216524,-0.00368459837878,-0.0453705923929,0.00130165961601,0.022579087177,-0.0461799660441,0.134744115742,0.0354910714286,0.0510989010989,0.00316080600553,0.0251655629139,-0.0316265060241,0.0129792630166,0,0.0575726141079,0.0265306122449,0.0513362814843,0.0860375747225,-0.012984496124,0.0294894366197,-0.00926640926641,0.0499510284035,0.0112638727845,0.0265848670757,0.0130689499775,-0.00422634421226,0.1125,0.00897666068223,0.0386230058774,0.0442432082794,0.0241459733846,0.0219160926738,0.0239704869476,0.026354679803,0.0317919075145,0.00356867283951,0.00418322526668,0.0533113492718,0.0140360169492,0.0402621722846,0.01494829528,-0.000581057524695,-0.048128342246,0.0104076322637,0.071718061674,-0.00291450777202,0.0324501339684,0.0412060911702,0.0910535146215
0.0407655612539,0.00825260136347,-0.0492187730423,-0.0323782289134,-0.0198248040572,-0.018597301568,-0.00959780621572,-0.0248149760557,-0.0114829396325,-0.0286640505033,0.0278585271318,-0.000178699070765,-0.032083958021,-0.00422089342244,-0.00741897696212,-0.0389755579394,0.00792465832089,-0.0253378378378,-0.0101253616201,0.0284849777916,-0.00269587194608,-0.00954876273654,0.00547910977852,-0.0271997994485,-0.0261061946903,0.0214901276317,-0.0172702011536,-0.0502262952872,-0.0303643724696,-0.0172776442308,0.0218730091315,0.000575263662512,0.025706940874,-0.0299312139803,-0.0347633136095,-0.0604536188767,-0.00292492687683,0.00389656393907,-0.00249199003204,-0.0224548049477,-0.0178917870231,-0.0219550444328,-0.011421819614,-0.0342377260982,-0.00222172850478,-0.00486008836524,-0.03125,-0.02893575282,-0.00844930417495,-0.0438917337235,-0.0108118734028,-0.02670331828,0.0171013253527,-0.0164653156664,0.00606343283582,0.00704340704341,0.00478087649402,-0.00211298932384,-0.030771044565,-0.0176565008026,-0.0316178483438,0.0108326596605,-0.0081764122894,-0.0329537843269,0.00122549019608,-0.0491859122402,0.00287976961843,0.00840336134454,-0.0270062469966,0.0331181003958,-0.0148708583355,-0.0274223034735,0.0588058805881,0.0198728941794,0.005,-0.0294943820225,-0.0065808297568,0.0180861558698,-0.0120168886002,-0.0164359861592,-0.0160867093313,0.00903124533877
0.0172481060722,0.00213523131673,-0.00725154416672,0.002290454346,-0.00517403574788,0.0333168194204,-0.0378403322566,0.00401785714286,0.0710255559243,-0.00421570349552,0.0886165448975,-0.000983020554066,0.0171933085502,0.0554574355351,0.0372738001574,-0.00167893735134,0.00398814949863,-0.00404390525708,0.0348270823186,-0.0258629793911,-0.0244973813144,0.000176356475222,-0.0045156022578,-0.0414894987759,0.062244434348,-0.0137761640325,0.00232062994964,0.0239447705569,-0.00139178844816,-0.00871426387403,0.00540315876974,-0.00986968187045,-0.00208855472013,0.0134151015715,0.0206896551724,0.0059319928868,-0.0459582790091,0.00811573747354,0.0535331905782,0.0561611835702,0.0153643546971,-0.0614644575094,-0.0111553784861,-0.00468227424749,0.0469828545981,0.0167233979577,-0.00967741935484,0.0823232323232,-0.00350877192982,0.0520275439939,-0.0172893481717,-0.0484163808755,-0.0689365279529,-0.00208023774146,-0.0139082058414,-0.0126870527001,-0.00674068199841,0.00635239050485,-0.00425738961197,0.0762527233115,0.0151236749117,-0.0193538067818,0.00874344241819,-0.0288128549661,0.00203998368013,0.0187574765759,0.0411581718114,-0.0188271604938,0.00227182931648,-0.0417338709677,0.00370762711864,0.00187969924812,-0.0161518843865,0.0261127596439,-0.000925604535462,-0.00434153400868,0.0936059907834,0.0366602067183,0.00624589086128,-0.0269715625916,-0.00457821864328,0.0171863396229
-0.0747881864593,0.0159801136364,0.0218346393521,-0.0104364967921,0.0132387706856,-0.00803068440609,-0.000959232613909,0.0666963094709,0.0568123127776,0.00317516316811,0.0168867720286,0.0469630557295,0.00502512562814,0.0267737617135,0.0032236654973,0.000172359291064,0.0939166950403,0.0153712296984,0.0209461049659,0.00907186637292,0.00103914097679,0.0491947807688,0.0118109393833,0.0315902675091,0.00513259195894,0.0351922035734,0.00363772595298,0.0857551678151,0.00627177700348,0.00400987045034,-0.0148821827201,-0.00609697087003,0.0129761406446,0.0257186081694,0.003003003003,-0.00782166417315,-0.0194738640246,0.0151674250379,0.0133807588076,-0.00470002764722,0.0184824902724,0.0202164009112,0,0.0172491039427,0.0123351765206,0.0285298398836,0.00325732899023,-0.0111992533831,0.047032193159,0.00145454545455,0.0093023255814,-0.0201399194403,0.038374717833,-0.0117133214215,-0.00329102021627,0.0146622734761,-0.00798403193613,0.0180509413068,-0.00317615440997,-0.0506072874494,0.00389863547758,0.00668732670038,-0.0111441307578,0.0188275566966,-0.00407166123778,0.0595517673005,0.00091932888991,0.0059767222397,0.0129102197694,0.060382916053,-0.0065963060686,-0.00804073974806,0.0576036866359,0.00983227299017,-0.0116965836711,0.0145348837209,0.00184356070582,-0.00576413771616,0.00392028748775,0.0262127146731,0.00525790919036,-0.00246363372133
-0.00629479965009,-0.00069905627403,-0.0101674286791,-0.0328761575286,-0.0158656089594,0.0060415659739,-0.0124819971195,-0.0162567736557,0.0272700615776,0.0219799542817,0.014690227805,-0.00273410799727,-0.00212121212121,-0.0172750977836,0.0116246101503,0.00110670377909,0.0070550396846,0.00171379605827,0.00945136007377,-0.106176183935,-0.00916955017301,0.0557951935466,-0.00657138829169,-0.0280166796977,-0.000851063829787,0.0269874476987,0.0352674172067,0.00287455591523,0.0152354570637,-0.0193548387097,0.0912715065044,0.0117818889971,-0.0103305785124,0.0182522123894,0.00149700598802,0.0194399353832,-0.0114982578397,-0.0155154579933,-0.00852415176333,-0.0233333333333,-0.00859598853868,-0.0360033491488,0.00161160354553,-0.0310504294208,-0.011974789916,-0.00764223039909,-0.012987012987,-0.00613496932515,-0.00792697573865,-0.00580973129993,-0.0340613103586,0,-0.0752173913043,0.0102450783447,0.00188679245283,0.00909238512746,-0.0221327967807,-0.0059828130099,0.0110294117647,0.00106609808102,0.0224687933426,0.0610823071938,-0.0395692461808,-0.047459050819,-0.00858544562551,0.00597150106041,-0.0146957520092,-0.0137585991245,0.0571122786534,-0.00337301587302,-0.0241699867198,-0.0308024858146,-0.0201525054466,0.00343642611684,-0.0187485352707,-0.0117478510029,-0.0431125131441,0.0189595738013,0.114220631305,-0.00381679389313,0.0316970879249,0.00670500742303
-0.0149227011961,0.00349772647779,0.0338675419965,0.00913716526629,0.013750592698,-0.0115301465289,0.0233349538162,0.0737288135593,0.032159847764,-0.00705437026841,0.0201426772975,0.03127141878,-0.00561797752809,0.00132669983416,-0.0264387144993,0.0213201215512,0.0237984855509,0.00570287995438,0.0184973738296,0.082423597189,-0.0350969093766,0.109195097363,0.00311318696329,-0.0205121329937,0.0212947189097,-0.0199633326543,-0.0321550132687,-0.000540092283485,-0.0259208731241,-0.0119047619048,0.0636416073832,-0.0377249542874,-0.0200417536534,0.00597501357958,-0.00523168908819,0.0323684210526,-0.00951709552344,0.000583703011908,0.0632164531355,0.0250284414107,-0.0199100834939,-0.0208453966416,0.0313757039421,-0.00363636363636,-0.00318945354029,0.00798630918426,-0.00328947368421,-0.014245014245,-0.0142857142857,-0.0549671292915,-0.00414851690521,-0.010385114669,-0.0112834978843,-0.044143965003,0.000470809792844,0.0170555108608,0.0148148148148,-0.0149923396805,-0.0201212121212,0.0181043663472,0.00949538795442,-0.0224461749885,-0.0427640156454,0.0135214579659,-0.0123711340206,-0.000402633896741,0.00256350501049,0.00634115409004,-0.0353428439945,0.0185148317738,-0.00435492651062,0.00473933649289,-0.0327959977765,0.0163622526636,0.0337950800096,-0.00144969556393,0.0101648351648,0.00461325542058,0.00146028037383,0.0235779546124,-0.0326248412351,0.017524334568
-0.0504464099636,0.074590449634,-0.0155767219483,0.0232547205248,0.0701590271282,-0.01652490887,-0.0218527315914,0.0664956590371,0.0455383480826,0.0161150580489,0.0226244343891,0.0537509346183,-0.0138952511834,0.0443855581318,0.00911620765761,-0.028831289723,0.0827672955975,-0.0130422455344,-0.00156950672646,-0.0120685484031,0.00307636626855,0.0227696723272,0.0161330253976,-0.0870517382973,-0.00125104253545,-0.0599667428809,0.0407896403478,-0.0753942251232,0.0140056022409,-0.00348763474952,0.00488069414317,-0.00510051005101,0.0140605027695,-0.00791936645068,-0.0172802404207,-0.0688642914567,0.00818505338078,0.0228678100572,-0.00110987791343,0.522937476878,-0.000218435998252,0.0218805440568,-0.0179407176287,-0.0269160583942,0.017704778157,0.00622524052066,-0.0016501650165,0.0187861271676,0.0152296732989,0.0119806763285,0.0214538637784,-0.0032794053345,0.020446980504,0.0112336176409,-0.0315294117647,0.0367030533143,-0.00729927007299,0.00788801244306,0.0353785254824,-0.0261506276151,0.0286213383499,0.0390502967823,-0.0128030509398,-0.026247099768,-0.0116910229645,-0.0179579917259,0.0244072524407,0.00409577819786,0.0456063352734,-0.0127052384676,-0.0183433570257,-0.0288568257492,0.000287356321839,0.010576563085,0.00612221323784,-0.00464576074332,0.0905629589339,0.0172968008572,0.0548264800233,-0.0175640656493,0.0383093305047,0.0244555739542
0.0788881319268,0.0577359714564,-0.0523992050079,0.023679668209,0.0384615384615,0.0252038547072,0.0189412336085,-0.054764107308,-0.0595133133486,0.0330832196453,-0.00603378921963,-0.0659886471145,-0.0459894704243,0.00285442435775,0.0329973373906,0.0123901765007,0.0390799256506,0.0333237575409,0.0119020884797,0.233083099157,0.0543027241566,0.00781067302745,0.0250396356479,-0.0565217391304,0.0200417536534,0.0907683803206,-0.0205422818792,0.0234377516694,0.0310773480663,-0.0305440661788,0.0163698506926,0.0825291515883,0.0340336134454,0.168178519594,0.100917431193,0.0300924526907,0.0240028238616,0.0361583209764,0.0431746031746,-0.048584962954,0.0355036049814,0.0283564814815,0.0778395552025,0.0234411626817,0.00167679731712,0.0160292463442,0.0148760330579,0.0326241134752,0.00701669489475,0.0656864617147,0.0161092985318,0.000438692695767,0.0260950605778,0.02694918741,0.0714285714286,-0.0169388066534,0.0878267973856,-0.00859788359788,0.0891278375149,0.00429645542427,0.0172436316133,-0.0431449188214,0.0543598233996,-0.0744601638124,0.0388677651035,0.0075623574047,0.0167914681189,-0.036397866332,-0.017793594306,0.0714709958424,0.049597593918,0.0225714285714,0.0405056018386,0.00407520607576,0.0118254879449,0.255250875146,0.0114713216958,0.0290400240746,0.00774122200719,0.0120164126612,-0.0201821753885,0.0285820059299
0.0711197040639,0.0349586016559,0.0239449026988,0.0518760404286,0.00631313131313,0.0310918293565,-0.00810295519542,0.0653748287336,-0.0172494609543,0.0313634862991,-0.0319708619992,0.0232126276695,0.0365200454472,-0.0148640101202,0.00423455767283,0.0390033368605,-0.035239926658,0.0297470113984,0.031735463826,-0.0201034636559,0.0335386721424,0.219370707258,0.0230103039574,0.0432226283172,0.0302906262792,-0.0161159537807,0.0329123360961,0.0236564264902,-0.00334896182184,-0.00311782080735,-0.00566371681416,0.0239576562355,0.0251930109711,0.0285758658177,0.0284722222222,0.0253902660459,0.0151671837297,-0.0475561426684,-0.00791235544735,-0.0137878207583,0.00843970883005,0.0292628024761,0.0191599115696,0.0494732020156,0.0190416405106,0.027124273457,0.104234527687,0.0641025641026,0.0358000961076,0.0397778175954,0.042946016456,0.0414382810787,0.0236148955495,-0.041266025641,0.0448979591837,0.0341508848184,0.0390536988359,0.0132310429175,0.0153576129882,0.0438502673797,0.00988827533068,0.0597014925373,0.0363779115415,0.0325020112631,0.0146400976007,0.0257875930072,0.0158446775273,0.0319114295018,0.0393905611297,0.0740946045824,0.00849031573362,0.055881531154,0.158752070679,0.00737939304492,0.041643027346,0.0471763885661,-0.0142998027613,0.0184237461617,0.040329218107,0.0278019113814,0.0325082026978,-0.0140561732759
-0.0129589140585,-0.0213333333333,0.0343727514469,0.0185480919663,0.00710999581765,0.00958391771856,0.0221047573282,0.000734888848062,0.0196508633025,0.00544174135723,0.0257107023411,0.0696254743442,0.0149545881616,-0.0102728731942,0.0084334036117,0.0698076261507,0.0324943216057,-0.0134989200864,-0.0619488061949,0.0887018000837,0.0254966887417,0.0675920076118,0.020310347689,-0.0421934501142,0.0484704012714,0.0802513649943,0.0406132138889,0.0229252414859,-0.0134408602151,-0.0289711934156,-0.0418298326807,-0.0056225628004,0.00317082837891,0.0388041672958,-0.00810263335584,-0.0316797048047,-0.00848896434635,0.0331715210356,-0.00383435582822,0.0375404530744,-0.00564912647767,0.188627665391,0.0296456977585,0.00938454823221,0.00759753593429,0.0113177041229,0.00294985250737,0.243975903614,0.0120621665507,0.00224022057556,0.00885126034251,0.00989473684211,0.0598935226264,0.0643543669035,0.0225694444444,0.033473431402,-0.0249367546079,0.0399429386591,0.0140449438202,0.0922131147541,0.0171668362157,0.016604892513,-0.0176767676768,0.0254012778557,-0.0292585170341,0.022744434462,0.0142794376098,0.00725781003471,0.0191276367537,-0.00378462067779,-0.00315706393054,0.00185234188939,-0.0405051227067,0.0072337698013,0.104139433551,0.0366178428762,-0.0292646323162,-0.00875807609476,-0.111023206751,0.0169061707523,0.0423950539692,-0.0165772507708
-0.0259702475879,0.0620647895852,0.0117957822357,0.0353268195298,0,-0.0386663579532,0.125763986836,0.0233155865614,-0.0440639910188,0.0160776822668,0.0138577542287,-0.0504396112911,0.019825657641,-0.000973078170613,0.0182710662667,0.083685053983,0.0109544760708,0.00246305418719,0.0155927539555,0.0443414997376,-0.00984824023248,-0.0601401448363,0.0138421699838,0.0262404580153,0.00719969685487,-0.0460614152203,-0.00780631100805,0.0112035796489,0.0340599455041,0.0110188167486,0.0453278840795,0.0114911080711,0.032003160806,0.0622093023256,0.0149761742682,-0.0129094716608,0.0712328767123,0.00908379013312,0.00261739799846,-0.0345601996257,0.0207259337191,0.00229990800368,0.0421348314607,0.0134054054054,0.0081516201345,0.0173194777511,0.0294117647059,0.104462123833,-0.00618840247536,0.0816712517194,0.0406255960328,0.0587867417136,-0.0309753034743,-0.00274833137024,0.0072156196944,-0.0932461873638,0.027057079318,0.00559248707397,0.0215214148732,0.0515947467167,0.00800100012502,0.00641680035001,-0.0491002570694,0.00592705167173,-0.0028901734104,-0.0228880308048,0,-0.031328320802,-0.0156990001754,0.0265929891211,0.0279757191871,-0.00396196513471,0.0191209336975,0.0128181818182,0.0234806629834,0.0252622564761,-0.00283432105128,-0.0244785631518,0.000593295757935,0.0304793571626,-0.00807522423651,0.0148349463078
0.00501140248152,-0.0231185860889,-0.022007630687,-0.0387549658504,-0.00651993355482,0.0103564547206,-0.0173313844226,0.00125583064227,0.0365042082599,-0.00736330878897,0.0205025125628,-0.00438596491228,-0.0278366111952,0.00487012987013,0.0211569362614,-0.0491158456973,0.0446753708145,-0.017472017472,-0.0419959358772,-0.0451267335644,0.0220120658731,-0.0505610114402,-0.0168891926494,-0.0117774678444,-0.00940556809631,-0.00859742077377,0.00120962905851,-0.0234116552928,0.0283267457181,-0.0291750503018,-0.00639772525324,-0.00153277432152,-0.0237366003063,-0.037903667214,-0.027498323273,0.0461180272242,-0.00335677749361,-0.0234141149864,0.0110565110565,0.0131817006979,-0.0095856524428,0.0449747590638,-0.0202156334232,-0.0320034136975,0.0155649888822,-0.00838135149293,0.0228571428571,-0.0134669589728,-0.0136070110701,-0.0135113654427,-0.0221774193548,-0.0301240401654,-0.00647948164147,0.0218503937008,-0.0459334176148,0.0313951625821,-0.0111872970047,-0.00199370409234,-0.0277430120985,0.0338983050847,-0.0310058290959,-0.000724532676424,-0.0246012435793,-0.0416981417132,-0.0538302277433,0.00572229101228,-0.0116959064327,-0.0271668822768,-0.00917758175176,0.0479394449117,0.0115532734275,-0.0175019888624,0.0441033138402,0.000718068396015,0.0102178523231,-0.038630194195,0.0162790697674,0.0203414996288,0.00444707975096,-0.0198978219952,0.00241087283158,-0.0162804216907
0.0125139952951,0.0385479587966,0.0196374264537,-0.00651523107141,0.0550516239602,-0.0355184743743,0.0361240968976,-0.0481992474467,-0.0640166178831,0.00157828282828,-0.044711443766,-0.0138032305433,-0.0160286336757,-0.0390953150242,-0.0306845003934,0.00187237890358,-0.0333701751403,0.00111141983884,0.0242752769267,-0.0295956495527,0.00303126994257,-0.0568894570732,-0.00429524243151,0.017249490356,0.00227876946449,-0.0372088333165,-0.0184339683344,-0.0225118277326,-0.0627802690583,0.00293609671848,-0.034877481667,-0.00514719162001,-0.0125490196078,0.00810695491395,0.0641379310345,-0.00259167052486,-0.0248596631917,-0.0099897831763,-0.0156439854192,0.011862244898,0.0288271412218,0.00966183574879,-0.00618982118294,0.00991844831386,-0.0212977707006,-0.0126782884311,-0.0335195530726,-0.0361904761905,-0.0133270984335,0.0215920077345,0.00693533270853,0.0107592367032,-0.0473913043478,0.00134848776729,0.0410777385159,-0.0715949681628,-0.0021897810219,0.0125118284092,0.035185582493,0.0120793787748,-0.0367336490465,-0.0294373549884,0.0360310421286,-0.00141888696201,-0.019693654267,-0.0206448180931,-0.0151216305062,-0.0252659574468,-0.0089928057554,0.024077046549,0.0296954314721,0.00944669365722,0.0259043173862,-0.0109426854426,-0.000381679389313,-0.00282363162467,-0.0175438596491,-0.00523864959255,0.0841204250295,0.0326474622771,-0.0189476266071,-0.0260050263769
-0.026248435282,-0.00337173363304,0.0531696092512,0.0260363148317,-0.00911251980983,0.00519031141869,-0.000820344544709,-0.0128012048193,-0.00827196610511,0.041758588087,0.0237113402062,-0.0252961418834,-0.0189783330697,-0.0053799596503,-0.00514069264069,0.0259526333698,-0.0228682000088,0.0163752428532,0.0144960883571,-0.0046862188584,-0.00222681724193,0.0709958910493,-0.0110712476993,-0.0117157391706,0.0132625994695,-0.0373900293255,-0.0163184468186,-0.00299389210422,-0.00546821599453,0.0154985362494,0.152705707932,0.00844149950077,-0.00397140587768,-0.0162246049661,0.00194426441996,0.0199508226216,0.0101973684211,-0.00905859419791,-0.000462891529085,0.0480272280348,-0.00414727898038,-0.00521966072205,-0.000692041522491,0.00283718900044,0.012812690665,-0.00802568218299,-0.0173410404624,0.115942028986,-0.0170616113744,0.00851735015773,0.00688756515264,0.0143603133159,-0.0451848471018,-0.0665640631012,-0.0593975392448,-0.0291067246571,0.0691294806145,-0.000311526479751,0.00580310880829,0.104006820119,-0.00398618123837,0.00911399970118,-0.03772070626,0.000473634354278,-0.00669642857143,0.00243306277526,-0.000222518914108,-0.0528649386085,0.0323049001815,0.0126959247649,-0.00492975104757,-0.00641711229947,0.000227479526843,-0.0163235694205,-0.00630011454754,-0.0252668263995,0.00569358178054,0.0106787595085,0.0492785189219,0.0132837407014,-0.0165530029446,0.0353673417911
-0.0156973452315,-0.0132506343389,-0.0107090836511,-0.00445929079141,0.00359856057577,-0.0145070076223,0.0139573070608,-0.0268878718535,0.00783236700234,-0.0012101043715,0.0147029204431,-0.00110328439277,0.000644849266484,0.025693035835,0.012600852144,0.00253785900783,-0.0649894234664,-0.0229382850901,-0.0158766160127,0.0375680419753,0.00398533397099,-0.079579163865,-0.0011634382085,-0.0101388238964,-0.0074794315632,-0.00641932325101,-0.0209703947368,-0.0221624322901,0.0123711340206,-0.0159403086315,-0.0416398713826,0.00765076507651,-0.00956937799043,0.0127635164205,0.0206985769728,-0.0213445444033,0.027027027027,0.0170099514001,-0.00370484717505,-0.0528025018042,-0.00233621127476,-0.0192391779624,0.00346260387812,0,0.00682730923695,0.0204962243797,-0.0176470588235,0.0298110979929,-0.019768563163,-0.0290897716609,-0.00425217230542,-0.019305019305,0.00669216061185,-0.0272052761748,-0.0153360396933,0.00223983459683,-0.0218953130346,0.0142308091825,-0.0259633216567,0.0223938223938,0.00867129135539,-0.00384957062481,-0.0150125104254,-0.0318762821524,0.00359550561798,-0.0289834428208,-0.0104607166704,0.0151242347857,0.01555907173,0.000619099210649,-0.0217983651226,-0.00807319698601,0.000909711166705,0.00792845948188,0.00499519692603,-0.0404469273743,-0.000772002058672,0.0308293530178,0.0197197716658,0.012323020451,-0.0218207240385,-0.0435352291657
-0.0681948916216,-0.0367142857143,-0.0267924381734,-0.0185731236426,-0.0605577689243,-0.00748502994012,-0.0261133603239,-0.0411522633745,-0.029672991522,-0.030592155081,-0.046248511314,-0.0399320305862,-0.0352021910746,-0.0560316413975,-0.018442256043,-0.0248685768996,-0.0350902527076,-0.0444382336501,0.00483982484443,-0.0594587001597,-0.0250873293109,-0.0615787890507,-0.00465751424466,-0.0277340056729,-0.0932554634514,-0.0364651773982,-0.00447508291213,-0.0240062787758,-0.0841819416158,-0.00904704463209,-0.0468042274786,-0.006967396159,-0.0881642512077,0.0218068535826,-0.0506970849176,0.0097052029581,-0.0409004438808,-0.0277619751963,-0.0193678339015,-0.0264126984127,-0.0364487884341,-0.0365581810076,-0.0255348516218,-0.0417845484222,-0.0103709613083,-0.015988372093,-0.0359281437126,-0.141014617369,-0.0479586817511,-0.0948775773196,-0.0505012996658,-0.00464365031294,-0.0811965811966,-0.0427966101695,-0.0306917086578,-0.0593089221248,-0.0472193074502,-0.0365628840639,-0.0795430505606,0.0166163141994,-0.0543578891681,-0.0309155766944,-0.0550381033023,-0.0458027709861,-0.0145544111061,-0.0323481612518,-0.0121457489879,-0.0344093650231,-0.0375660001731,-0.0945088940449,-0.0222841225627,-0.0293000542594,-0.0631674619405,-0.016921247599,-0.0282928694322,-0.0356311131812,0.00875611640484,-0.0395956192081,-0.05368956743,-0.031598031598,0,-0.0436615840017
0.0165948766818,0.0191309506155,0.0424596439376,0.0207984210116,0.0129770992366,0.0221216691805,0.0116399916857,0.0556918046188,0.0140420220512,0.0348383065146,-0.0772112382934,0.0523008849558,0.0179510728897,0.0141410614525,0.00720539948924,0.0443784659516,0.0868751870697,0.0250073120796,0.0604357798165,0.0402597402597,0.00846905537459,0.0538510852642,0.0156482600542,0.0384116693679,0.04882609599,0.0894419820434,0.0692464358452,0.0410304362055,0.058561897702,0.0981653769237,0.0703977472721,0.0320230277953,0.0251655629139,0.0569567627494,-0.0110146862483,-0.00518876925012,0.0201652892562,0.0215330602692,0.0333386000948,0.0490413460284,0.0302197802198,0.0726515502082,-0.0014164305949,0.0304337951397,0.0406086255542,-0.015442460051,0.0496894409938,0.102102102102,0.0415913200723,0.128492614344,0.0608134532655,0.0196754563895,0.184496124031,0.0146082337317,0.0359168241966,0.0862573099415,0.0363436123348,0.0318911448921,0.0160882555734,0.0601783060921,0.0372027972028,0.0397239263804,0.00955794504182,0.0452681926888,0.021358782095,0.0675754810365,0.0393897996357,0.0154298310066,0.0466768594298,0.0772121626238,0.03367003367,0.027110117384,0.10283773951,0.0369371045776,0.0241983080858,0.0376720598889,0.095736533061,0.0491228070175,0.0134444743211,0.0120353035571,0.0659226023961,0.0522449567205
0.0142456380431,-0.00101862630966,0.030095366925,0.0193831455096,-0.0293477350749,0.0430398425971,0.0119169919869,0.0322330848901,0.00707764898964,0.0309480676329,0.0223274695535,0.0254814565638,-0.0159120734908,-0.0101566534688,0.0198315675088,0.0569656380388,0.000895008605852,0.0184049079755,0.00843516816265,0.0393258426966,0.0218023255814,-0.00486660293734,0.0218854942537,0.0312158576557,0.0112916006339,-0.0158564573336,0.0329931972789,0.0152335785436,0.0126050420168,-0.00285035629454,-0.00328839197632,0.0230977076615,0.0021533161068,-0.0254359512259,0.0219372257847,-0.00293091533483,0.00129617627997,0.0247451025318,0.0168195718654,-0.000621658585105,0.00369230769231,0.0155306298533,0.00460992907801,0.00859598853868,0.0314709015203,0.037643207856,0.0295857988166,-0.0281562216167,0.0347222222222,0.0167166062135,0.00626728110599,0.0125323254426,-0.00174520069808,0.00283595113438,-0.0426551094891,-0.0134589502019,0.0180658873539,0.0165035541362,0.0325718163311,-0.0168185003504,0.00161812297735,0.0299454196784,0.0171597633136,0.034646184017,0.0140155728587,0.039644486025,0.00810514786418,-0.0191751085384,0.0237154150198,0.0342530922931,-0.00250563768479,0.00789115646259,-0.000439850450847,0.0227007626738,0.0343834037649,0.00139632301606,-0.00256290773532,0.0285674470457,0.0419209339347,0.0182346723044,0.0298002031832,0.000174441871522
0.0298518538507,0.0537509104151,0.0549916067254,0.0216555157921,0.0325641578607,0.0410280594199,0.0529949238579,0.0813953488372,0.0638622937462,0.0200615024162,0.0869181557467,0.106609808102,0.0215035839307,0.0497391304348,0.0290356952584,0.0259186100279,0.0287063786857,0.0588400112076,0.0320643431635,0.106735735736,0.0276592381856,0.172997554799,0.0195857345694,0.0738610564553,0.0711067580803,0.144053423786,-0.0121830754034,0.0509957621495,0.0463347164592,0.0295378751787,0.00296931705708,-0.0097972397342,0.0459819510099,0.0176241087044,0.0878467635403,-0.146576606374,0.0398058252427,0.0200111794298,0.00270676691729,0.0792485692958,0.0124667892908,0.0276125743415,0.0314154606424,0.0576923076923,0.00469395418701,0.0257623554154,0.051724137931,0.0563862928349,-0.00335570469799,0.00589421436327,0.0470782194541,0.0561886051081,0.0170454545455,0.0219708505547,0.0455086966881,0.0917462482947,0.0292275574113,0.0377817415275,0.0867469879518,-0.0684248039914,0.0615239633818,0.0358063592094,0.0509016870273,0.0513347022587,0.0495831505046,0.0312818040602,0.0132551064754,0.0800442641092,0.0287896592244,0.0463048144741,0.0844009042954,0.0677645788337,0.0277227722772,0.0215827338129,0.0523676880223,0.0385777364629,0.0383088063537,0.0376642731337,-0.004329004329,0.0407474695043,-0.00854981913844,0.0245236173618
-0.00264318046339,-0.11501244125,-0.0100786183114,-0.0151294259751,-0.0488721804511,0.0176670441676,-0.00809872734285,0.0355532431495,0.0430828147439,-0.0091874820557,0.0403896894662,0.0232696013043,0.0151762402089,0.0172299536117,0.0186383639658,-0.0122632354456,0.032719654081,-0.00979094998677,0.00332502078138,0.0154256084093,0.0315287603814,0.0348053286202,0.0110556246948,0.0270613107822,0.0190197512802,0.0451218382285,0.029,-0.0733418635778,0.00132187706543,-0.00647848218417,0.0629934210526,0.0290802718747,0.0402629416598,-0.0120306716023,-0.00728597449909,-0.0723321488037,0.0161842514784,0.00997369574748,0.0121475704859,0.0171757925072,0.0201857085184,-0.00744109136007,-0.0260095824778,-0.0095041322314,0.00373761913661,0.009738595592,0.00546448087432,0.0221173695075,-0.0026455026455,0.0271395528142,0.0113715885234,0.0252976190476,-0.00128921357972,-0.00170285227756,0.0907019143118,0.009684473602,0.0104800540906,0.01513671875,0.00665188470067,0.0581484315226,-0.000634115409004,0.0138274336283,0.00941046221976,-0.00841346153846,0.00418060200669,0.0198047057601,-0.0975766673815,-0.0560109289617,-0.00407930162356,0.0271101992966,0.0634700023164,0.0164348925411,0.00235495611218,0.0194950188939,-0.0123522145756,-0.0132020586261,0.0263217097863,0.000261130695913,-0.0158567774936,0.0294264339152,0.0242122719735,0.00543422023279
0.0503863622183,-0.0146829115901,0.00863285883749,-0.031218207791,0.0206411945542,-0.0340529712887,-0.0151632970451,0.0386869871043,0.00385497934832,0.0496957403651,-0.0124853687085,0.0331691772885,0.0326314097412,0.0296416938111,-0.00770859805167,-0.0137372290334,-0.0678119739284,0.0312667022982,-0.0229908864954,-0.0648935942794,-0.00208737140301,-0.0316198424404,-0.0144887567621,-0.00411692054343,0.00247666905958,-0.0243794326241,-0.0310981535471,-0.0128088080995,0.205940594059,-0.0135072193759,-0.0622002166177,0.033107599699,-0.0264612954186,0.0825638966948,-0.0201834862385,-0.0124015590416,0.0137825421133,0.00271296798698,-0.00592680397096,-0.0972348141432,-0.0445191927186,0.0612244897959,-0.00421644413212,0.011681268252,-0.0143362502327,-0.00329949238579,0.0190217391304,0.0178880553953,-0.0122980467808,-0.0403843266777,-0.0304445597647,0.02793904209,-0.00903614457831,0.00362473347548,-0.0137902214793,-0.0344987623762,-0.00501840080294,-0.00654160654161,-0.0238285943132,-0.0983369486623,-0.0331218274112,-0.0141843971631,-0.00850013709899,0.0451515151515,0.00208159866778,-0.0127837508849,0.0106939163498,0.0195369030391,-0.0221184566232,-0.106862605222,-0.00522761925506,-0.0144278606965,-0.139256727894,-0.027124926291,-0.00821868858317,0.0600907029478,-0.043840420868,-0.0195796893356,-0.0148128898129,-0.0101744186047,-0.0288212435233,0.00911985286062
0.0483711114585,0.00507292327204,-0.0166935696483,0.025763725061,-0.0135972461274,0.0513824884793,0.0386893012238,-0.0172524991938,-0.017737953735,0.0209799861974,0.00671671276175,0.0292303378663,0.0312889165629,0.00506168933882,0.0250128051904,0.0455685720878,0.0537599555473,0.0329100803317,0.00975196099216,0.0362487605124,-0.0164350814284,0.00664933135215,-0.00693428868206,0.0115750310045,-0.00927351498442,0.064697864607,0.0484787696423,0.0207231953474,-0.0295566502463,0.00598048473403,0.0466919650223,0.037468641256,0.0490872210953,-0.0312731767614,0.00499375780275,0.00672608695652,0.11419939577,0.086038961039,0.0256372037561,-0.00841074566909,0.0296127562642,0.0412087912088,0.0465772759351,0.0222680412371,0.0264450321118,0.0315762668704,0.0106666666667,0.206349206349,0.029541015625,-0.00422403003755,0.00597680642284,0.0446523120367,0.165436387321,0.0469513490546,0.0444915254237,0.0323666079154,0.0292535305985,0.0190762079985,0.0164102564103,0.136647955092,-0.010762567266,0.0895130049806,-0.024889380531,0.0595824876776,0.107602825093,-0.00896390191557,0.00775922877968,0.0308729595458,0.0273938175421,0.0351437699681,0.0100722574995,0.0224634023221,0.00322580645161,0.0163650532514,0.00396324986489,0.00320855614973,0.0249885373682,0.040873385701,0.0211026114482,0.0200685266765,0.0466822274091,0.0214174326716
-0.00445244340133,0.0369085173502,-0.0142865211469,-0.0215364541362,-0.0123887628686,-0.0186280955512,0.00114025085519,-0.0336341263331,0.00726054174811,-0.0140597539543,-0.0151098901099,-0.0408635837363,0.00316981132075,0.00346238589865,-0.036145581744,0.0317043295579,-0.0908731379356,-0.00376317109885,-0.00902792357758,0.0108734019436,-0.0104815433693,-0.09236503192,0.0167594563485,-0.000272442446533,0.0245753523672,-0.067508747973,0.0414540816327,0.0108138565214,-0.0310208685843,0.011733416771,-0.0107187894073,-0.00967238689548,-0.0177880897138,0.00446599464081,-0.027950310559,-0.0128295640143,0.00840563991323,0.0111609367215,-0.0158407208255,-0.019116343841,-0.0158889782784,0.00565397663023,-0.0310182063385,-0.00342880193626,-0.0252116304748,-0.00370278943471,0.0105540897098,0.016212406015,-0.0341474982215,-0.0480754124116,-0.000443380331648,-0.0054063186349,0.0152757078987,-0.0507305194805,-0.0162271805274,0.00279372962905,0.0166612218229,0.0119726339795,-0.0316851664985,-0.0242697897559,-0.0254743266552,0.0106666666667,0.0195689166194,0.00342044055274,0.010127531883,-0.0218589191314,-0.0111992533831,-0.0117039586919,-0.0196510110894,0.0520061728395,-0.0160416215044,-0.00814613675636,0.0225080385852,-0.000596353722951,-0.0059214067827,-0.00405117270789,0.0234846790427,-0.0282680992581,-0.0521828984758,0.0203934740883,0.0420516087926,-0.00819086024969
0.0864006518317,-0.0449345908123,-0.0374805478717,-0.0224279154293,-0.0159010600707,-0.0578383206789,-0.0785876993166,-0.0264855687606,-0.0345624249145,-0.0361990950226,-0.0332735604702,-0.0595753745651,-0.00195606379777,-0.0382685069009,-0.0315389268124,-0.0259805695039,-9.66697278746e-05,-0.031981868547,-0.0489406779661,0.0123932335073,-0.0135093644458,-0.0744429988616,-0.0123620136225,-0.0327020029977,-0.0507936507937,-0.0442064799561,-0.0373545621555,-0.0227118674301,-0.022700814901,-0.0193289005721,-0.0581580624602,-0.0393824826717,-0.0200787401575,-0.0130843495935,-0.00638977635783,-0.009341195811,-0.0322667383705,-0.0261160934266,-0.0375073833432,-0.0283944243676,-0.0294297976701,-0.00412293853073,0.0403618649965,-0.0329892734264,-0.0388899377006,-0.0247770069376,-0.0574412532637,0.0628901734104,-0.0117849251166,0.106453210101,-0.0345990063875,-0.0411075250552,-0.0267889908257,-0.0555793073963,0.00989690721649,-0.0283237888872,-0.0273136246787,-0.0292957746479,-0.00270946227595,-0.00216919739696,-0.0235534377127,-0.0239979896972,-0.0150208623088,-0.0250886283065,-0.0274786483476,-0.0387873110995,-0.0181689476168,-0.035179380007,-0.0207934791649,-0.0582367610386,-0.0242344128663,-0.0273768043803,-0.0621673923561,-0.0215667888501,-0.0514440433213,-0.0152001712695,-0.0369318181818,-0.0356719757799,0.0190787680567,-0.0150482012697,-0.035768878019,-0.0257692619956
-0.00939555493056,0.0878221259516,0.0022418336953,0.000855405930045,-0.000224416517056,-0.0177767243423,-0.0181293778327,0.053714684339,0.088829328994,0.0226205719163,0.00618301731245,0.0658411356086,0.00934720337705,0.00179386823222,-0.00187366167024,0.0175858688056,0.0264417266883,0.0195109261186,0.0260637112943,0.0883044024208,0.00715841892312,0.0762574126949,0.00180735784893,0.0370474714749,0.0295429208473,0.0264291870152,0.0203562340967,-0.00211269855031,-0.013698630137,0.0141911069063,-0.002030113348,0.0162348310922,0.0224989955806,0.0262582056893,-0.0064308681672,0.0175085075984,-0.0130591831064,-0.000101194090265,0.0595274624118,0.0354675876727,-0.000421141292904,0.0485509973654,0.00301003344482,-0.0117203850984,0.063052445492,-0.00584349593496,0.0152354570637,0.0291494452904,0.024347826087,0.135441527446,0.00735158978129,0.00779450841453,0.379336349925,0.0160706201901,0.029399755002,0.0453966231284,-0.00825900231252,0.000870574579222,0.00085684430512,-0.00144927536232,0.0252370329057,0.0235581874356,0.070036712793,0.00699300699301,-0.00610920198549,0.0161011248086,-0.00456621004566,-0.00361010830325,0.032447124777,0.00934579439252,-0.00022578460149,-0.00435005117707,0.0343048749033,0.00601150026137,-0.00304471931494,0.0130434782609,0.0201951440889,0.0187005187005,0.0518855308906,-0.000954881833373,0.0202916930881,0.0118703956799
-0.031322370179,-0.0219619326501,-0.0182732958317,-0.0224959826132,-0.0132435465769,0.0156853281853,-0.021821233739,-0.00248262164846,-0.0422857142857,-0.0189204229271,-0.0153625563294,-0.008359308586,-0.0100074682599,-0.00146508220739,0,-0.0115950905902,0.00320241122728,-0.0252615463128,-0.00673035171515,0.00420911893237,-0.012978986403,-0.011019958369,-0.0120779559895,-0.00434664493344,-0.021115322144,0.0053176602295,-0.0233790523691,-0.03791245976,-0.0144927536232,-0.0122823383085,-0.0271232412273,-0.00992415685009,-0.0330058939096,-0.0237050043898,-0.0284789644013,-0.0131994723377,-0.00506756756757,-0.0257059002125,-0.0260642919201,-0.0359204618345,-0.029702970297,-0.0437903804738,-0.0163387795932,-0.0199068191444,-0.0262379896526,-0.0115001277792,-0.0231923601637,-0.0272669625872,-0.0300751879699,-0.0706778770363,-0.0218938149973,-0.0144137809808,-0.0735374521597,-0.0200490086879,0.0059500198334,-0.00243790949261,-0.0256495669554,-0.0233884217648,-0.0254953957946,-0.0152394775036,0.0199918400653,0.000628851716765,-0.0300870942201,-0.0170833333333,-0.0161352285824,0.0214994292066,-0.0222114920328,0.0088768115942,0.00674619498149,-0.0432098765432,-0.0194218608853,-0.0149061937805,-0.0443890274314,-0.0252013510003,0.0068715403703,-0.01330472103,0,-0.011925499129,0.044749555047,-0.00740740740741,-0.0245494095712,0.0841143662844
0.0389039426915,-0.052245508982,0.0666595487223,0.0485942784019,0.0423111919927,0.00487051556189,0.026169026169,0.0396548863448,0.0250596658711,0.0272263187748,0.0447264406074,0.0606515216459,0.0455491852746,0.0143462667101,0.0311075355323,0.028911175756,0.0743498263074,0.0405759162304,0.0327868852459,0.0360688881492,0.0139323731997,0.142337501548,0.0369587817955,0.068485675307,0.0781710914454,0.046585003712,0.0255346313438,0.0536081788238,0.0441176470588,0.0302219423894,-0.0203868269733,0.00855675984027,0.0426655830963,0.0223278520041,0.0383077948035,-0.00419098840473,0.0326825127334,0.0337592188636,0.0272078501338,0.0902195608782,0.0286582718194,0.0176426426426,0.0254237288136,0.0220397579948,0.0187855787476,0.0222337125129,0.0614525139665,0.0239026510213,0.0267566891723,0.0154085383093,0.0283529192315,0.014606741573,0.109147241074,0.115480791089,0.0248422712934,0.162058958302,0.0205128205128,0.0237506185057,0.0561388472252,0.150700073692,0.0269333333333,0.0104323780794,0.0258503401361,0.0168150346192,-0.00862944162437,-0.0115836809593,0.0345679012346,0.0166995869995,0.0365285609218,0.0548387096774,0.066904652234,0.0174797808505,0.0480167014614,0.0126154939588,0.0409478672986,0.0632883862549,0.0255782918149,-0.0174938974776,0.0749574105622,0.0293692826192,0.0248486779229,0.0306031286845
-0.110734338266,0.0362028115622,-0.0121791064696,-0.000331415040978,0.0209515495417,0.0502423454309,0.0192307692308,0.00574529205235,0.0493418106922,0.0386526780784,0.0908004778973,-0.00289620798815,-0.0174461391939,0.0241080038573,0.0173385348938,0.00215002364177,0.0468063165806,0.0176100628931,0.018835978836,0.0272313630674,0.0154392465648,0.063439713468,0.00420029814547,0.0323033707865,0.0129958960328,0.00851214754389,0.0146280734516,0.0186082390516,0.012323943662,0.0070282658518,-0.00836001422981,0.0114738202973,0.0214341387373,0.0724069466435,0.023419955085,-0.0255393675083,0.0672694889711,0.0172829581994,0.0260529743812,-0.0701818625656,0.0481215702828,-0.0055330136481,0.0452892561983,0.0211416490486,0.0404172099087,0.0280728376328,0.00789473684211,0.0398981324278,0.0501704822211,0.042739802311,0.0333756575367,0.0232206577722,-0.0497219931363,0.0246586509069,-0.0261639091958,-0.0352260778128,0.0221105527638,0.0208796520058,0.0186650436194,0.0528338136407,0.00324591015321,0.0293568851847,0.0363395225464,0.0233463035019,-0.000354484225452,0.0139348752365,0.000715990453461,0.0282585658778,0.0290129296752,-0.00581039755352,0.02536427415,0.0341025641026,0.019422310757,0.0164063870855,0.0509925332362,0.0507261198609,0.0180004337454,0.0284334023464,-0.00973511433099,0.0184752104771,0.014609884986,0.0164968819566
0.0900209633173,-0.00185969939941,0.0521185247035,-0.00141927773483,0.00983326207781,-0.0108059432688,-0.00430680885972,-0.0069819105046,-0.0181771633385,0.00159489633174,0.0264695144213,-0.00851121318563,0.0130709355265,0.00266792215945,0.0018747337026,0.029987186641,0.012956547147,0.000494437577256,0.0760282509348,-0.000398464521599,-0.0530637068572,0.00475574288482,-0.0130896817803,0.0195423623995,0.0216070222822,-0.0109020573237,0.00429447852761,0.020690785249,-0.0168115942029,0.00758610226066,-0.0159641255605,-0.00271608883208,-0.000381533765738,-0.0435903445043,0.00257053291536,-0.0113045625108,-0.0225930680359,-0.00335835638088,0.011002962336,-0.00775794171699,-0.00805477245268,-0.0285608308605,-0.010752688172,-0.0153209109731,0.0361618331543,0.000492004920049,0.00757180156658,0.0414285714286,-0.00278293135436,-0.028437917223,0.00614358434264,-0.00807421405257,-0.00783874580067,-0.00974542561655,0.021730541288,0.00408719346049,-0.000983284169125,-0.00577596818483,-0.0157339175463,0.037104622871,-0.000647081661706,0.00761329305136,0.0432556949066,0.0100488864747,-0.0251773049645,0.00706596228825,0.0176484617219,0.0319477842666,-0.00513331290224,-0.0269147954476,-0.0189473684211,-0.00595090503347,0,-0.002416918429,0.00918385028591,0.0118551683862,-0.0021303792075,-0.00416051536706,0.0404663923182,-0.00665901262916,0.00275735294118,-0.00501812907904
-0.0283101778535,0.0164935858277,0.00369161128768,-0.0119455490321,-0.0295935647756,0.0267410104688,-0.0347682801236,0.00463406839246,-0.0271621034333,0.021364118896,-0.0432153654633,0.0501226325112,-0.0240649463613,-0.0164031929879,-0.0204133707578,0.0142363285518,-0.0078871242902,-0.00444773906597,0.0027027027027,0.0237389480515,-0.00770712909441,0.0578513374705,-0.0102564901916,-0.00376076671115,0.0961665565102,0.0325333333333,0.0235186316432,0.0189002616359,-0.0165094339623,-0.00150579731968,-0.0475756471017,0.022028196091,-0.0175572519084,-0.00967900024504,0.0963041710962,0.0146698026965,0.00262674021539,0.00148662041625,0.0157667085252,0.00305600021167,0.0667884693463,-0.024436807942,-0.00511508951407,-0.0107232968881,-0.0124395300622,-0.000737644455373,0.00414615185281,0.143640995493,-0.0218604651163,-0.00233612752508,-0.0289602233077,-0.0204364392103,0.076467268623,0.00964049005824,-0.0394431554524,-0.0207598371777,-0.0265748031496,-0.0117619047619,0.0360178065561,0.0245747800587,0.041958041958,0.00239865675222,0.0100588812561,-0.0506856681904,0.000363768643143,0.012116807611,-0.0185141785798,-0.00732356857523,0.0345783596457,0.00205468626521,0.00538626609442,-0.0107258667997,0.0688812896922,-0.00147096997491,0.00446428571429,-0.00536755228073,-0.0390691716482,0.0425876010782,-0.00153812348934,-0.0147942672215,0.0204705163459,0.0432977668941
0.0230739526422,0.000600961538461,-0.00834858250658,-0.0116111619169,-0.00397015837005,-0.000332483652887,-0.0230890700354,-0.0174964211866,-0.0152334152334,-0.00141613615694,0.0258364312268,-0.00173222522821,-0.00193107546049,-0.0210368861589,-0.0152817574021,0.0303971511944,-0.0173201528493,-0.0106726234798,-0.0215633423181,0.0289454143726,0.0129449838188,-0.0444910168731,-0.018788437158,0.0241110569898,0.0292432921314,-0.0143767217631,-0.012533572068,-0.0219564023183,-0.0101918465228,-0.00105564771528,-0.0114832535885,-0.00556469942785,-0.014763014763,-0.0272176172213,0.0139182020421,0.012544721899,0.049384333246,-0.0161306284018,-0.00535714285714,-0.00448430493274,0.0312083729781,-0.0117416829746,0.00192802056555,-0.00871413390011,0.018544436669,-0.0241141732283,0.021935483871,-0.042152159013,-0.00237755587256,-0.021349862259,-0.0132950053899,0.000176803394625,0.00314547837484,0.00358066441217,0.018115942029,0.00221698766801,-0.0134816312774,0.000530043849082,0.0107421875,0.058160169443,-0.0299527715635,-0.0148360851878,0.0126305562303,-0.0022659679932,0.00282828282828,-0.0196613444391,-0.0174307545368,0.00201207243461,-0.00565728747953,0.0157728706625,-0.00941281936351,-0.00378214826021,0.0319926873857,-0.000173310225303,0.0111111111111,-0.000580270793037,0.0819817818263,-0.00904860392968,-0.0081426056338,-0.016424213984,-0.0110778443114,-0.0011344838378
0.0169951749892,0.0345345345345,0.00216172767908,0.0119785880028,0.0271572492335,0.030155210643,0.0196592398427,0.0339970859641,0.0123389584467,0.0161200088471,0.0273600289908,0.00305452654838,0.00833457359726,-0.00260078023407,0.0251300590777,-0.0230877044774,0.00951012299759,0.0173105870547,0.0356158992523,0.019486748483,0.00750798722045,-0.0111058705469,0.0259070517708,0.0489892984542,-0.00410076157001,-0.0653332168748,0.0181323662738,0.00366608177714,0.0799515445185,0.0179649758454,0.0673765730881,0.0175756620429,0.0260252365931,0.0326847259316,0.0182841068917,0.0543056248195,-0.0143552615154,0.0296720981694,0.00787184090595,-0.0234499205087,0.0324783170327,-0.0261386138614,-0.00641436818473,0.0135077186964,0.0109927859842,0.0312657589511,-0.00631313131313,0.00805008944544,0.00190657769304,-0.0209711470795,0.030225782957,0.0509103765247,-0.024301019075,-0.0465807730426,-0.00316330565441,-0.0587584681322,0.0170823368637,0.0418994413408,0.0299516908213,-0.0765485528807,0.0238308776425,0.00607238280301,-0.0165507315903,-0.169056068133,0.0145044319098,-0.0106697207388,0.0191980558931,0.00669344042838,-0.0161700853421,0.0698602484472,0.0224089635854,0.0126550240445,0.0480513728964,0.0149072629572,0.0463229078614,0.00425778982001,-0.0215605749487,0.00795721367075,-0.0126469935656,-0.00453244274809,0.0166515289131,0.0110975589287
0.051049351705,0.0156748911466,0.0506594785967,0.145175378581,0.02921108742,0.0135600516573,-0.0175664095973,0.0488492249883,0.0184620899803,0.0174135723431,0.0296296296296,0.0316832966179,0.0150553505535,0.0589960886571,0.0096335799071,0.0682566355159,0.0177106012393,0.0108508014797,0.0085502565077,0.0944318915081,0.0193435864912,-0.00250312975785,0.0252543900272,-0.0171163001587,0.00176470588235,-0.01055976077,0.0210745028198,-0.0516712578357,-0.0207515423444,0.0234317069554,0.0417195719209,0.043373867245,0.000384319754035,0.00689655172414,-0.0127071823204,-0.0738401398726,-0.0233029381966,0.0293054605842,0.0208276240066,0.012617012617,0.037890974084,-0.00366002440016,0.0232408005165,0.0101544319865,0.0127420998981,0.0332518337408,0.0419313850064,0.033007985803,0.046146527117,0.0264519838988,0.0190880169671,0.00370058873003,-0.00455275843599,0.0212058212058,0.0154700515668,-0.0204171562867,0.0131004366812,0.0293057224739,0.0106941838649,-0.0295840656122,0.0769615817795,0.0123128923225,-0.0239024390244,-0.0280150324564,0.00913423351867,0.00974561783717,0.0185979971388,-0.00531914893617,0.047785725156,0.0495072497424,-0.0290832455216,-0.0172456885779,0.0667652651595,0.0178479931682,0.031830667313,0.00597417614184,0.0329485834208,-0.00608256762003,-0.000898876404494,-0.00191708602924,0.0199523525908,0.039404260264
0.0163304927612,0.0165761646185,0.0971694942928,0.0116615701109,0.00932256059664,0.024208961563,-0.0165721761884,0.0259889535752,0.0412706793383,-0.00943871130128,0.0176430284344,-0.0188406707279,-0.00334448160535,0.0332409972299,-0.000255580166979,-0.0247817568003,0.0467355082898,0.000487923883874,0.016013564431,-0.115467889764,-0.0370197542386,0.0273664849152,0.0129860617288,0.0245646407565,-0.0502055196712,0.173026067246,0.0125290697674,0.000576384695614,-0.00916380297824,0.0265178959571,0.0186313773289,-0.0816568925841,0.0253553592009,0.134540117417,-0.00783435926133,0.00962341251729,-0.00829875518672,0.0122425737876,0.0218791946309,0.0427384780279,-0.0263475116239,0.0134693877551,-0.0403785488959,-0.00565445026178,-0.006374769334,0.0238996687175,-0.090243902439,-0.0424325717231,0.00272851296044,-0.084593837535,0.00953867499133,-0.0194402547344,0.0608017218187,0.0280944625407,-0.053125,0.00389863547758,0.0427718832891,0.00368241422669,0.00389827362168,0.00935707817688,0.0149895421799,0.00798950632006,-0.00874562718641,0.0138840070299,-0.132624950807,0.0438825922697,0.032654494382,-0.0123663101604,0.043602033406,0.00165952150463,-0.0351638810506,0.0114445574771,-0.0126757773817,-0.0275358671029,0.0151894769809,-0.122988505747,-0.0113774888257,-0.00182291666667,0.017094017094,-0.0470588235294,0.010802919708,-0.0123218207227
-0.00589986868631,0.0104020241777,0.00161966764007,0.0109422939959,-0.00431034482759,-0.00103669914991,0.00133037694013,0.00886063057427,-0.00887348939407,0.0210900774997,0.0124558155193,-0.0352685143698,0.0150277210388,0.00119154006553,0.0254793353217,0.00982879781163,-0.0564398852337,0.0238966105828,0.0270721305396,0.0751586705338,0.0054918429979,-0.0701742804331,-0.00211500569425,-0.0223998199009,0.0259659969088,-0.0102254428341,-0.0195515489076,-0.0115439125863,-0.0265895953757,0.00804630152456,-0.0307692307692,0.00428421307898,-0.00786811539903,0.0437688658905,0.00112803158488,0.0176520281289,0.0298117154812,-0.0146259141196,0.0161565742808,-0.149299755878,-0.000884329678104,0.0362464760371,-0.025641025641,0.0353833192923,-0.021441836907,-0.0294661428241,0.0160857908847,0.0425188374596,0.0428571428571,0.0223378212974,-0.0281738532898,0.00324730815245,0.036013187928,0.0275247524752,0.0647689768977,-0.0609410007468,0.0130365659777,0.0119910514541,-0.00591715976331,0.069976076555,0.00435031482542,-0.0172719744469,0.0536929669776,-0.000520020800832,0.0394736842105,-0.0457361925584,0.0323019381163,-0.00812182741117,-0.0119968824807,-0.00497031616733,0.0209223847019,0.0213728941413,-0.0118355065196,0.00286434068399,-0.0208236927348,-0.00240279598078,-0.00452116728319,0.00430472214975,-0.0349402919062,-0.0236835474931,-0.0173310225303,0.00918484500574
-0.0146219269103,0.0459098497496,-0.0121595027039,-0.0151213862387,-0.00354566068852,-0.0172270651723,0.0383082373782,-0.0263916931064,-0.0350443383356,0.00771432126415,-0.0116375727348,-0.0148619957537,-0.028029322984,-0.0370425468611,0.022270234336,0.0242207422214,-0.0219935852043,-0.00476303881877,0.0142625022567,0.000918544014431,0.0412851405622,-0.00887468938587,0.00331056845766,0.0445595854922,0.0188309731847,-0.0549906450826,-0.0202049780381,0.0282278393192,0.00890736342043,0.0121131494188,-0.015873015873,-0.00032195750161,0.0173716012085,-0.00640363561248,0.00281690140845,0.0344080789054,0.0426612493652,0.00266412940057,0.0147362978283,-0.0854855761969,-0.00177022481855,0.0101049358725,0.0587044534413,0.0101708706265,0.0189786059351,0.000714370758424,-0.0211081794195,-0.117191533299,0.00239182430963,0.000598623166717,0.00760120205056,0.0165247018739,-0.0347613219094,-0.0975139718636,-0.025571483921,-0.0138380785748,0.00721908349027,-0.0162702272526,-0.0193452380952,0.0212409167132,0.0404650632623,-0.00854700854701,0.0401913875598,0.0445716267777,0.0130947184636,0.0267410022456,-0.0263504611331,-0.0058000682361,0.0111283279335,-0.00707645344804,-0.0285368003526,0.00590841949778,-0.0276086073894,-0.006280110117,-0.0894770006301,-0.00941537114079,-0.0194054500413,-0.00558514092739,0.417506874427,0.0289032258065,-0.0229276895944,-0.0141272359222
-0.00080782525081,-0.0103750997606,0.0333034311677,0.0207398318496,0.0178327609748,0.000633579725449,-0.0919172531457,0.0216264257147,0.0252717151188,-0.0055562415113,0.0112699747687,0.030307112069,0.0638864241349,0.0492816313919,0.00235734026987,0.0286639306886,0.0275991311385,0.0155539602776,0.00747597009612,0.0114225816609,0.00262264733107,-0.0172997851003,0.0211189301507,0.0310846560847,0.0343043028242,0.0413187569941,0.00866706515242,-0.0140120913327,0.0314891112419,0.0157039086821,0.0220430107527,0.00225442834138,0.0107646622123,-0.0426195426195,-0.0483146067416,-0.00609992670376,0.0181685338529,0.039001708104,0.0301910828025,0.0188274153592,0.00443341017911,-0.0719507502886,0.0057361376673,0.00906161900926,0.00812732814087,0.0334324806663,0.0121293800539,0.00487329434698,0.0190889370933,0.00957224050254,-0.0108771929825,0.046338193397,0.190971341618,0.00128122998078,0.00715705765408,0.0791935483871,0.0205671548769,0.0207640449438,-0.0227617602428,0.055829228243,-0.0151183172656,-0.0342399222924,-0.00413983440662,-0.0508052465549,0.0187419215855,0.00490860557021,0.0385656292287,0.00175017158545,0.0165784341042,0.0377305757406,-0.00714528751276,0.029246206559,0.0125260960334,0.0296943987534,-0.0140138408304,0.0108311229001,0.0648421052632,0.00809822361547,0.0413029421274,0.0175570604465,0.00541516245487,0.031137922441
0.00985560765449,0.0118279569892,0.0285651943212,0.0139404360195,-0.0345528455285,0.0533980582524,-0.000939408172851,0.0816296940699,-0.0178402137378,0.00211075242116,-0.00382568196939,0.0717740881161,0.00764525993884,-0.0103062426384,0.0150839347985,0.0276967542312,0.226343515563,0.00259189443921,0.00618374558304,0.0247848403046,0.025388521311,0.0719102204724,0.0356780269151,-0.00972845841351,0.0375982844889,0.00991981483012,-0.0162962962963,-0.0583686522836,-0.00656205420827,-0.00926304318213,0.00333157987024,0.00642673521851,0.00624311421227,0.0678610206298,0.0194805194805,-0.0215538081787,0.0577429077166,9.13325417847e-05,-0.0662792135526,0.10163721835,0.0282485875706,-0.0555555555556,-0.0171102661597,-0.00898024346438,-0.0502183406114,0.00161178908589,-0.0252996005326,-0.124927255092,-0.00744997871435,-0.00340740740741,0.00620787513303,-0.0314727316409,0.0155451448041,-0.00298571123907,0.0548756415318,0.0552981617098,0.00335877862595,0.0103029235646,0.00718167701863,0.0295489891135,-0.0552836484983,0.000628614533568,0.0482678983834,0.0295609585447,-0.0230492704589,0.0375595014203,-0.0110749185668,-0.0270973930321,0.00726325887351,0.00733907891193,0.0137080191912,0.00867911068838,-0.000824742268041,-0.00420380023541,-0.0152658361116,-0.024054231358,0.0280743376829,0.00699663125162,0.039819917721,0.00492975104757,-0.0209455415919,-0.0125597976141
0.0524873028602,0.0215196599362,0.0415779103595,0.00817483717378,-0.00210526315789,-0.0158284912843,-0.00846262341326,-0.00107238605898,0.00447525447525,0.00446041382728,-0.0131908498915,-0.00518419126616,0.0131052558974,-0.00505801844689,-0.0118239194695,0.025302587196,-0.00351527765151,0.00611045828437,-0.00333625987709,0.0390572067562,0.00585234093637,0.0088065313861,-0.00686475089135,0.0100399438627,0.0198401763571,0.0133420643366,0.00993975903614,0.0471029413902,-0.00459506031017,0.0206242265915,0.0400209716882,-0.00566730523627,-0.00255474452555,0.00132180986274,-0.00926462072959,-0.0234590377113,0.00293984622343,0.013698630137,-0.0108594888094,0.0189817539729,-0.00961538461538,-0.0386303775241,0.0154738878143,-0.0253725332259,-0.0187444739169,0.00206896551724,0.0300546448087,0.048104633119,-0.00278790478233,0.0731381001933,0.00705094306363,0.0256325450637,-0.00943594044873,0.00770053475936,0.0172155688623,-0.00623141198131,0.00030432136336,-0.00113309509283,-0.00770861437657,0.070996978852,0.0117744024491,0.0154542027893,0.000660938532716,-0.0117227319062,-0.0268398268398,0.0265467255372,0.00570926657883,-0.00633802816901,0.00258503401361,0.00848873738386,-0.00202839756592,0.000942951438001,0.0284770945109,-0.00151975683891,0.0108695652174,-0.0116513555904,0.0353846153846,0.0036026762738,-0.000298596595999,0.0056414029924,0.00794621026895,0.000540068852128
0.0275743487697,0.00663198959688,-0.0188883603815,0.022437264508,0.0518987341772,0.000407166123779,0.00616405879564,0.0089908749329,-0.00428059753647,-0.0165289256198,-0.0412859560068,0.0423027404819,-0.000953159041394,0.0373803827751,-0.0164119977363,-0.00826251577619,-0.0293715434619,0.0179864517636,-0.0232558139535,-0.0226684747588,0.00193943010592,-0.0579726509059,-0.00703826852577,0.0132535271484,0.0502566873818,0.01647819063,-0.0128243364152,0.00662129085096,-0.00173110213503,0.00229017917284,0.060494034616,-0.00569960664687,0.0274423710209,0.0289398862713,-0.0163646990064,0.00295568339193,-0.0110484780158,0.00108108108108,-0.0376221716428,-0.0361010830325,-0.0168169209431,0.0132420091324,-0.0346031746032,0.0126033057851,-0.00378446566949,-0.00229410415233,-0.025198938992,-0.011421319797,0.00129032258065,-0.0127441473888,-0.0045510239804,-0.0175749758143,-0.0230736663844,0.00827849713437,0.0459896983076,-0.0024226877583,-0.00121691512017,-0.00977312390925,0.00330161196349,0.0869769628585,0.0161759571744,0.0167037861915,0.0299427564949,0.0199415506275,0.00444839857651,0.00505611409867,0.00775109170306,0.00212615166549,-0.0161487311711,0.0445387062566,-0.000903342366757,0.0357983984927,0.017455858748,-0.0182648401826,-0.0183324519655,0.0054409430968,0.0148588410104,-0.00410256410256,-0.0158303464755,0.00634146341463,-0.0269860521528,0.0319186558215
-0.0157652452777,-0.0470223485338,0.0106006938608,-0.00478564576844,-0.0192539109507,0.002035002035,-0.0254476908577,-0.0501396462296,-0.0163186523952,-0.0410134202935,0.00388280974232,-0.0390129992353,-0.00790513833992,-0.024070337273,-0.0300838402104,-0.00375844164659,-0.0439583632533,-0.0296007342818,0.0551948051948,0.02991537099,0.00364800476474,-0.0395005188021,-0.0189214690504,-0.00506329113924,0.0221250321585,-0.0163699936427,-0.00785498489426,0.0274692946974,-0.0323699421965,0.00625,0.00776422120108,0.0329404165994,-0.00854700854701,0.0125333070167,-0.0103980986334,-0.0379989049093,-0.0446876424989,0.0203383729302,0.0101558152476,-0.0298127340824,-0.042144242638,-0.00585849481749,-0.0108516935219,-0.00550907977964,0.01501447178,-0.0073580133364,-0.043537414966,0.0169020111254,0.0112757731959,-0.00519152518591,0.00773694390716,0.000820613819137,0.0758396533044,-0.0103157894737,-0.0267323250088,-0.0112857142857,-0.00959488272921,-0.0122488544237,-0.00813008130081,-0.0151384083045,-0.0214154832799,-0.00158208591944,0.00865754595981,-0.0104500252823,-0.00132860938884,-0.00643374334816,-0.0222077781389,-0.0130834512023,0.0150344827586,0.0362944162437,-0.0135623869801,-0.000682128240109,0.01232498521,-0.00637381567614,0.00718261806428,0.0234498308906,-0.0183016105417,-0.0111997940268,0.000151745068285,-0.02981095492,-0.00249298846993,-0.0317172784313
0.0225820789827,-0.00718449234106,0.0358636912872,0.0392549121479,0.0355828220859,0.0355402112104,0.0430367504836,0.0499859983198,0.00963253656796,0.0243264452001,0.0116033755274,0.0304362782123,0.000686907542245,0.0249593856151,0.00584745762712,0.0110708963168,0.0292763264899,0.0253014897139,0.0165811965812,0.0389547104911,0.0382019138046,0.0356111007636,0.0312846960279,0.0458015267176,0.0261766926756,0.0575214089514,0.0532886723508,0.0412386815075,0.084229390681,0.0194349829693,0.0551886792453,0.00242301078631,0.014367816092,0.0465886939571,0.0513359351546,0.0246500080877,0.0195704057279,0.0299876521432,0.0184547582978,0.134651019148,0.0182253313697,0.0815956482321,0.0492021276596,0.0385720147723,-0.00213865621101,0.0535093815149,0.00142247510669,0.065011571639,0.0253796325794,0.0651622002821,0.00907346012912,0.0247622171204,0.0328298086606,-0.018506700702,0.00686664257318,0,0.0170690450561,0.0153448122045,0.0616705698673,-0.0562143170839,0.0248098303101,0.0418088737201,0.0482144749391,0.0429228410833,0.0150776053215,0.0183652713451,0.018612896078,0.0103905410247,0.0320695746705,0.0118785206956,0.0343721356554,0.0282138794084,0.0910684718029,-0.00719486823856,0.033160991264,0.0467063229786,0.055182699478,0.0209608123942,0.0160825367926,0.00874344241819,0.0596688534833,0.0433156987141
-0.0273104677848,0.0182960131076,-0.0237019814608,-0.00505777912841,0.0209320695103,0.0172582859384,0.0315252665739,0.00120016002134,0.0202296819788,0.0029366700715,0.00521376433785,0.0037422037422,0.0100219659528,0.0123919308357,0.00067402477041,-0.0289408296483,-0.00724441860886,0.0124538745387,0.00134521607533,-0.0357081766096,0.00300085738783,0.000251789685112,0.0142594971816,0.014699918897,-0.0139808682855,0.0137509549274,0.0124313385371,-0.0233301539017,-0.0192837465565,0.00327568134172,0.0102816271793,0.00163742690058,0.00354107648725,0.0262618737195,-0.0011422044546,0.0319490315455,0.00444756554307,0.00565165268025,0.00540906017579,0.00557974959173,0.00813596094739,-0.0406538139145,0.0120405576679,0.00454365863295,0.00642971959278,0.00417766051011,-0.00284090909091,0.0118530225207,0.0151201325601,0.0364141949153,0.0174649835725,0.0283245319251,-0.0138455538222,0.0329432162982,0.0165111270639,0.0015893656986,0.0178409434533,0.00606273613918,0.000735294117647,-0.0088413215449,0.0202124015074,0.019656019656,0.00242620299232,0.0279274865262,0.0253385757973,0.0117904024256,0.0402436371547,-0.0102836879433,0.0036866359447,0.011618056396,0.0110766504209,0.00685992476212,0.0092840564185,0.0109141709596,-0.00500431406385,-0.011997474216,0.019964664311,0.021805661821,-0.000447961773929,0.0148588410104,0.0153301886792,0.0121947797874
-0.0190968869095,-0.0311075355323,0.000660955502696,0.00708450566492,-0.015087040619,-0.0163871216503,-0.0107865168539,-0.0245071923282,-0.0174041042515,-0.0302991725016,-0.012102351314,-0.0376375902474,-0.0118254723393,-0.0170794192997,-0.0199545339732,-0.0115882694793,-0.0164531362114,-0.0220956719818,-0.024013434089,-0.0202185510929,-0.00441658355891,-0.0331555905895,-0.015663157066,-0.0221800379658,-0.00671641791045,-0.0214016578749,-0.00628212450029,-0.0412861391191,0.0157303370787,-0.010839754473,-0.0197640117994,0.00825159582749,-0.00423429781228,-0.0120689655172,-0.0114351057747,-0.0316649863811,-0.0151479841529,-0.0103882833787,-0.00228648285138,0.0217891460279,-0.0279770444763,-0.0157273918742,-0.00563556668754,-0.0298918387414,0.0072759538598,-0.0183928180425,0.0911680911681,-0.132565404139,-0.011426239543,-0.00306630893062,0.00543847722638,-0.00529100529101,0.0344077516314,-0.0415442719261,-0.0243644067797,-0.032025389498,-0.0216874628639,-0.00742358078603,-0.0218589272594,-0.0295774647887,-0.0170136556973,-0.0162937464142,-0.0207745058491,-0.0307435653003,-0.0140605027695,0.0279904181638,-0.0250941028858,0.0376209243999,-0.010101010101,-0.00837420744108,-0.00482033304119,-0.016043956044,0.00742968335397,-0.00889618241492,-0.0582726326743,-0.0176821474222,0.00225186211675,-0.0122301260452,-0.0318195398865,-0.0202537823328,-0.00493612078978,-0.00692228992475
-0.0150763857341,-0.0318295045668,-0.00673195811599,0.00506579108547,0.00157109190888,0.0223441787534,0.00817810086324,-0.00136537411251,0.0257314064152,-0.0137849547066,0.0535526776339,0.014020415693,0.00715268225585,0.0194034173183,-0.0140034364261,0.000166735408458,0.0316394515765,-0.01607267645,0.00825877494838,-0.0632973245521,0.0392100744133,-0.00066949366566,-0.00952229963465,0.0034739961173,0.0015026296018,0.00577545048514,-0.0704022988506,0.0146743694105,-0.0116150442478,-0.00963823607077,0.0490520613903,0.00540457072267,0.0074415308292,0.0464774501699,0.00173510699826,0.0596643822894,0.0705158542357,-0.0123902942695,-0.0119978430844,0.0203973509934,-0.00682656826568,-0.00665778961385,-0.0327455919395,-0.00932495438881,-0.0287174066244,-0.0278831139862,-0.0417754569191,-0.119063695701,0.0061919504644,0.00461361014994,-0.0128465179175,-0.00969962453066,0.129994264959,0.0383099824869,0.0293159609121,0.0229508196721,0.0154873975099,0.00580730312363,0.0249765258216,0.128688921142,0.0148030061489,-0.0152805319025,0.0622039134912,-0.0363084993033,-0.0406222990493,-0.00244536497418,-0.042042042042,-0.0345303867403,-0.0272992313809,0.0207503920859,-0.00528401585205,-0.00625418807237,0.0279192273924,0.00235294117647,-0.0331491712707,0.00412058121882,-0.0330107155202,-0.13708149084,0.0893380651134,-0.0112079701121,-0.0682812955938,-0.0185847287528
0.00922088307236,0.0400228702115,0.0220724845261,0.0245328268877,0.0137254901961,0.0264570552147,0.0247859396124,0.0719168717528,0.0236254295533,-0.00292864749734,-0.0172757475083,0.0129775621589,0.020622780661,0.00142045454545,0.0132438790625,0.0336222931948,0.048683698905,0.0286458333333,0.0472696245734,-0.0201015468963,0.013770311209,0.0867951045091,0.0116384201973,0.0115059566236,0.000500125031258,0.0696730725059,-0.00958268933539,0.0125628027079,-0.0509233351987,0.0263964804693,-0.00860585197935,0.040393180771,-0.0422089342244,0.196699727903,0.0132794457275,0.0943036361296,0.0112732095491,-0.00243944938143,-0.0259244098786,0.0655503634476,0.0354820731934,0.076854334227,0.041015625,0.0104358502149,-0.0146925448939,0.0119320789353,0.0122615803815,0.0365355135411,0.038358974359,0.0135221329251,0.0193493150685,0.0191153238547,0.0466926070039,0.00379506641366,0.073488045007,0.0700757575758,0.0296052631579,0.0161840608871,-0.00641260534995,-0.0407201028718,0.00998653500898,-0.015873015873,0.0323831685088,0.0280659976186,0.0481981981982,-0.0218360266741,-0.0147783251232,0.0211015736767,0.0104904632153,0.0497577118544,0.0451527224436,0.0339402112834,0.0454390160574,0.0440792905582,-0.00371428571429,0.0492440604752,-0.0196604110813,-0.0329428989751,-0.00807365439093,0.120654911839,-0.0147196993423,0.0318256917027
0.018181347385,-0.00962067069819,-0.0333577821771,-0.0428496256662,-0.0437137330754,-0.0196115054165,-0.0325417766051,0.00586734693878,-0.0052874527906,-0.00921228304406,-0.0297498309669,-0.0644755747126,-0.0204737053392,-0.046524822695,-0.0276034052799,-0.0295405928491,0.00134429205325,-0.0186421173763,-0.0490467655206,0.155103555787,-0.00366748166259,-0.0728082191781,-0.043391062647,-0.0350312059593,-0.0839790052487,-0.0707894925202,-0.0308988764045,-0.00601589052598,-0.0170990566038,-0.0510455903364,-0.0202546296296,-0.0178624151166,-0.040029379361,0.0286783042394,-0.0472934472934,-0.0500069860992,-0.0380327868852,-0.0235807860262,-0.0435635243031,-0.0331343647216,-0.0287047003947,0.0153526970954,-0.0331457160725,-0.0234912920211,-0.0598306332842,-0.0503401360544,-0.0148048452221,-0.0667981266946,-0.0310154089293,-0.0638137193203,-0.0500587938854,-0.0150364284607,0.0101826410215,-0.0640621718126,-0.00491320013102,-0.060449285228,-0.0636073191984,-0.0277203856749,-0.0602987276415,0.0232350312779,-0.00455504943895,-0.0245546461242,-0.0497746055597,-0.0380542686962,-0.0163300386764,-0.0726645884904,-0.0218181818182,0.00140105078809,-0.0500202238102,-0.0476244089169,-0.0156713257094,-0.0326086956522,-0.0514705882353,-0.035556665834,-0.0247586272823,-0.0152326060107,-0.00127620783956,-0.0261922785768,-0.081822076253,-0.0175320296696,-0.0289256198347,-0.0619437094058
-0.0889553779876,0.0124895920067,-0.103888166039,0.0292396323899,-0.0311488673139,0.00533434939989,-0.0204545454545,-0.000380420999239,-0.0149341883226,-0.0706104298612,-0.031881533101,-0.0490817175402,0.00163934426229,-0.045522166022,-0.025645560665,-0.0260225324516,0.00842621472614,-0.0267354596623,-0.00462645647704,0.060723741953,0.0109066121336,0.0482743591638,-0.0316342054718,-0.00709367828083,-0.0477489768076,0.191418887691,-0.00547504025765,-0.00926491732566,0.0233953209358,-0.0307966055297,-0.0115180153574,-0.015481737562,-0.00459066564652,0.0767201426025,0.00239234449761,-0.0182561285897,-0.0081799591002,-0.0268336314848,-0.034417106034,-0.0219226407963,0.0280753601773,0.0657948508378,0.0019404915912,-0.0199087515554,-0.0272175445467,-0.0353390639924,-0.0300546448087,-0.0182250396197,-0.0322120285423,-0.0279645065878,-0.0450928381963,-0.00173119294932,0.008,-0.0417414721724,-0.0266622778144,-0.0265178959571,-0.0325682382134,-0.024172126793,-0.0467032967033,-0.00393013100437,0.0266741071429,-0.0276406712734,-0.0249061079265,-0.093223254214,-0.0934906072521,-0.0293554822686,-0.162407063197,0.0444211262679,-0.0999148453023,-0.012885683887,-0.0314113597246,-0.0206741573034,-0.119896640827,0.000690726990157,0.0239168790433,-0.0382525083612,-0.00328587075575,-0.0254975124378,0.0245723172628,-0.0404941660947,-0.00294599018003,-0.0230985810147
0.0547530884013,0.00877192982456,0.0425249292286,0.0348502268606,0.0141962421712,0.0299412545007,0.0593967517401,0.0272738805023,0.0304068522484,0.0845295055821,0.0914162317797,0.0539703903096,0.0186852154937,0.0324189526185,0.0333091305137,0.0847156238493,0.0584909812214,0.0207228915663,0.0979514546394,0.0644451560972,0.0074173971679,0.0711398972129,0.0049947759506,0.00914057575121,0.0819484240688,0.0998254347967,0.0411269430052,0.0265308528876,0.134818288394,0.00903827143059,0.0560203167015,0.131221374046,0.0403535741737,0.0710548970267,0.0292362768496,0.0710172921747,0.0272623138603,0.00698529411765,0.0485363264068,0.0584825454077,0.00790513833992,0.0306748466258,0.0277598450613,0.0414727041896,0.0332125603865,0.00816831683168,-0.0169014084507,0.0955071294054,0.0398146197598,0.00124481327801,0.0831481481481,0.0165536812234,0.0496825396825,0.0339578454333,0.0382144064931,0.043018755582,0.0282141712087,0.0420107068324,0.0621655002058,0.0903112669882,0.012827481248,0.0478426395939,0.0598013379282,0.0510242792109,0.00674698795181,0.0401111577181,0.0202496532594,0.0137307434695,0.0409965310628,0.014251497006,0.0324300310973,0.0169802661771,-0.0234879624193,0.00129421915444,0.0522688110281,0.260812866768,0.0443223443223,0.0260051052967,0.0613236187007,0.0317119694802,0.032173342088,0.00834552439808
0.0283551673945,0.0222826086957,-0.00975420781839,0.0254661613239,0.019143680527,-0.0119595216191,-0.011826544021,0.00284020745863,0.0294264339152,0.00307486631016,0.0680956306678,0.046673477206,0.0212879903602,0.030193236715,0.0197628458498,0.0597440015896,0.0324877343062,0.0354107648725,0.071495766698,0.0117788829007,0.0274431057564,0.0657565789474,0.0244455502392,0.0446642373764,0.0124470338983,0.0613720533772,0.0136858475894,0.0184097054094,0.0227272727273,0.00335899230231,0.0127316452115,0.0446723800526,0.01699298116,0.0160133547669,0.0991304347826,0.0213422290514,0.0280999107939,0.0244614822928,0.00419499493708,-0.00681513934526,0.0727272727273,0.0260416666667,0.125,0.0314912637139,0.0114942528736,0.0211146575006,0.0186246418338,0.125491159136,0.0437601296596,0.0127089376986,0.0521456659258,0.0383064516129,-0.0296385906548,0.0187995469989,0.042345276873,0.0819180819181,0.028687246648,0.0190700104493,0.0170542635659,0.00844390832328,0.0342384887839,0.0352428242703,0.0361514919663,0.0312218011189,0.0220201053135,0.0170313051369,-0.00353452963567,0.0403039312851,-0.00484701605574,0.0238516944149,0.0733648881239,0.0376805054152,0.00501102425336,0.00706591986213,-0.049308588064,0.0348215824858,-0.00210452472817,0.025656974032,0.0245995423341,-0.0589322856483,0.0124045801527,0.0154491982525
-0.030221533647,0.00186071238703,-0.015587243763,0.00807264785042,-0.00504948495253,-0.0474860335196,-0.0195035460993,0.0290604605344,0.015746124031,-0.0329201652672,0.0268601420191,0.000976026352712,-0.0111431567908,0.00820633059789,-0.0186046511628,0.0263207237613,0.0528194905842,0.0134518923849,0.00621890547264,0.0263824082989,-0.0312703583062,0.0729340411741,0.0069482327516,0.0388678493123,-0.0211875490453,0.0166158958737,0.0177968702056,0.0279331063054,-0.00555555555556,0.0797879760078,0.0409275038413,-0.00607195917576,0.00581184162732,0.0864114890769,0.00580168776371,-0.000660848465624,0.10737527115,0.0256593014968,-0.00216076058773,0.0286729567455,0.0377201728149,0.0137781000725,0.0558347292016,0.00374236753989,0.0078967642527,-0.00144265448425,0.0098452883263,0.0931704123936,0.037849378882,-0.0725685445369,0.0430614234644,-0.00104555638536,0.0445691132928,0.0226767452201,0.075,0.0825748581981,-0.00969990906335,0.0217892847988,0.00266768292683,-0.0131578947368,-0.00477376504774,0.0175479644361,0.00553812073103,0.0432271613581,-0.023887587822,0.0373212192408,-0.018826739427,0.00793902826294,0.0162861491629,0.0217967939107,0.0290639406695,0.00587084148728,0.0203430394894,-0.0141182510482,0.0120574162679,0.0434782608696,0.00826010544815,0.000454821103699,0.101340033501,-0.015594302554,0.0147659440779,0.100268657832
0.000398066986713,0.00238790130008,0.0227414990855,-0.0080989646416,-0.00527811611855,-0.00293255131965,-0.0248643761302,-0.0253679550078,-0.016694490818,-0.0288037486218,0.0132291040289,-0.023218965202,-0.0238631844094,-0.0174418604651,0.0158855538002,0.0187033273196,-0.0209761944785,0.0029246344207,-0.013160764924,-0.00315391710554,0.00147948890383,-0.0233303674502,-0.00169204737733,-0.0128549501151,0.0221806520577,-0.0605829474258,-0.00331624962315,0.0357031322535,-0.00863382427628,0.00594238470482,-0.0258990874933,-0.0178072398778,-0.0032502708559,-0.0310872122332,-0.0188778185632,0.0348885095492,0.0875612144956,0.00121612230716,0.0435975169626,-0.0284693269803,-0.0280224179343,0.00464949928469,-0.0327868852459,-0.0074568288854,0.0456716988343,-0.00842764266795,-0.00557103064067,0.063872255489,-0.00336637366748,-0.00250036770113,0.0138650880199,0.00553229665072,-0.0489333134417,0.0113043478261,0.0523255813953,-0.0286340928476,0.0143862871136,-0.0198193677873,-0.0285062713797,-0.0109090909091,-0.00750782064651,-0.0124166475052,-0.0514044428126,0.00352289884248,0.0263915547025,-0.0207570791005,0.0261401557286,0.0110270951481,0.0506215366182,-0.0079006772009,0.010907674328,0.00605274535236,0.0220875684128,-0.00963374414164,0.0122919818457,-0.022030651341,0.0263203765034,0.0283376269132,-0.0263624841572,0.0103529998753,-0.00650154798762,-0.00776699029126
0.00598852431619,0.00105876124934,0.0298793873364,0.00738360488842,0.0138775510204,0.0101960784314,0.00556328233658,-0.014978514426,0.0138248847926,0.0438484461473,-0.00919881305638,-0.0116046917894,0.0467200869211,0.0378698224852,-0.0100215982721,0.00388570062171,-0.00112270261916,0.0289367429341,0.0026525198939,-0.0126571540333,0.0561375235026,-0.0303667228457,0.0200862325305,0.0281827016521,-0.00522875816993,0.0439018732239,0.019056261343,-0.00154432917437,0.0394467213115,0.0507255682548,0.010056481609,-0.00172037318865,0.0467391304348,-0.0371719273904,0.0358097274185,-0.0336021653456,-0.0380043227666,0.0176991150442,0.000968322036243,-0.0234183423247,0,0.0398718405126,-0.0109349371241,0.0241202056149,-0.0078581871345,0.0303545410393,-0.0280112044818,-0.0669793621013,0.0168887220867,0.0321439103509,0.00737553779963,0.0133828996283,-0.00705882352941,0.0554600171969,0.00828729281768,-0.0316106372303,-0.009656004828,0.0252538179336,0.0383411580595,0.015114379085,-0.00651397352385,0.034924330617,0.0178053028837,0.0155466399198,-0.0388031790556,0.000558716464813,0.020325203252,0.0202555313182,0.0342124019957,-0.0317406143345,0.023506743738,0.0266437473141,-0.0411168483458,0.0226973972483,0.00597795628619,-0.0305256284688,0.0353260869565,0.0235779546124,-0.0490757615204,-0.0664197530864,0.026488002493,-0.0670254403131
-0.00787256232061,0.00608143839238,0.012171760544,-0.0160699873312,-0.00563607085346,-0.0143633540373,-0.00829875518672,-0.0595787112053,-0.0122807017544,0.0084284937466,0.0083857442348,-0.051698017927,-0.000648760866744,-0.0236602052452,-0.00986124443669,-0.0412969689752,0.0224849112426,-0.0130804447351,0.00191064079953,-0.0391646778043,-0.0247965412004,-0.00337241798299,0.00357960093862,-0.0349716446125,0.0278580814717,-0.0111666666667,-0.0385871178391,-0.013740894158,0.0463282405126,-0.0155218772916,-0.0328696126568,-0.0161065818254,-0.00899965385947,-0.0410087060943,-0.0206398348813,-0.0273145887114,0.0020595394121,-0.00818414322251,0.0239082365948,-0.0244821092279,-0.0194398682043,0.0304690174598,-0.0149253731343,-0.0216216216216,-0.0112359550562,-0.00447796370493,-0.014409221902,0.000804343454655,-0.00202989481454,-0.0752857142857,0.014490543014,0.0127659574468,-0.0170616113744,0.0164969450102,0.0104109589041,0.0194300518135,-0.0295551492992,-0.0099026379296,0.00357950263753,-0.0370221327968,-0.000528764805415,-0.007424071991,-0.0249096786461,0.000658436213992,-0.0126459143969,-0.0147452919675,0.000265604249668,-0.0106902871106,-0.00317022742936,0.000352485019387,-0.00395331325301,-0.0159062369192,0.0115676106901,-0.0131962296487,0.0128133704735,0.00690351911096,0.0165682414698,-0.0195796141664,-0.0177960301164,-0.0134884951071,-0.0346083788707,-0.0178290508652
0.0236349912158,0.0643889618922,-0.0618331707728,-0.0286637473723,0.017004048583,-0.00945254037022,0.00278940027894,-0.0440026507621,-0.0208299693202,0.0214343488811,-0.0449955449955,-0.0582440258271,0.00934822124124,-0.0119708029197,-0.000793231094659,-0.0466085903289,-0.0954861387402,0.0287165893528,-0.0429807833358,-0.103662121099,-0.0109531881601,-0.0662010827523,-0.0259902463961,-0.0387855044074,-0.0621324469445,-0.158604415978,-0.00370484717505,-0.01532681199,-0.0348092322186,-0.0216014897579,-0.0425891975744,-0.0109808676906,0.0020957038072,-0.0549711995993,0.059009483667,-0.010646729014,-0.0663303437967,-0.0273336771532,-0.0107976784991,-0.0676962676963,-0.036122311828,-0.0365448504983,0.0353535353535,0.0578137332281,-0.0258941877794,0.00260416666667,-0.046783625731,-0.0397830018083,0.0198039940828,0.00247180596323,0.00180423996392,-0.0347725297015,-0.104789456766,-0.0156281306351,0.013557483731,-0.0634053367217,-0.0263736263736,-0.0238695579089,0.0587572742632,-0.0188048474718,-0.0330123796424,-0.0269718948323,-0.030031201248,0.00575752590887,-0.05960591133,-0.0327434723425,0.0313329792884,-0.00555727076258,0.0121681415929,0.0333568240545,0.030051030051,0.0263717566993,0.044952681388,-0.0237929836749,-0.0144847818115,-0.00367892976589,-0.0456672583508,-0.0123348017621,-0.0510104529617,-0.0193029490617,-0.0100314465409,-0.020288307528
-0.00454385534442,0.0120987654321,-0.0440099599289,-0.0374981924902,0.027627388535,-0.0051689860835,0.0391747797867,-0.0176070982947,0.0169854881266,-0.0315428269764,0.0267454517182,-0.0132880972576,0.0144069976846,0.0209810874704,-0.0149069418717,-0.0293502072594,-0.0215291175717,0.0126691002791,0.00766400980993,-0.0709164303463,-0.0100197758734,-0.0198782582754,0.0105953747745,0.0311799470145,-0.0212649945474,0.0158253205128,-0.0092965602727,-0.022990872569,-0.00248889756478,-0.0137038446898,0.0229783473266,0.0107622096587,0.00975949808296,-0.0151053398701,0.015671641791,0.0377240249732,-0.0228136882129,0.00194414987628,-0.0234684131532,-0.0237437879625,-0.0195223984661,0.000344827586207,-0.0292682926829,-0.00876702107816,-0.00210365270606,0.00590318772137,-0.0184049079755,0.0550324335635,0.0157567405849,0.0371397750039,0.0121566861774,0.0151606124287,-0.0391382405745,0.00346020761246,0.00374531835206,-0.0746167412834,-0.000967429861335,0.0278112622697,-0.0248226950355,0.0076660988075,-0.00470510996827,-0.0101327742837,-0.011258544431,-0.0605168465816,0.0460974332111,0.00580318305102,0.0326982492276,0.0282520956225,-0.0351092896175,0.0436462832462,-0.00422018348624,0.00891007045172,0.0596226415094,0.0106742572496,-0.0565581395349,-0.022994293387,0.0519107203247,0.0228962236099,0.00822440887061,0.00874794969929,-0.0114672342048,0.00299727520436
-0.0247231572399,-0.0290314710905,-0.0553125325168,-0.03077382854,0.0259936468583,-0.0191846522782,0.0194066473344,0.0193338978267,-0.0366466677477,-0.0402016898337,-0.0140845070423,-0.00315186246418,-0.00989094598022,-0.00940665701881,-0.00797815186246,-0.0185923197611,-0.0381861700023,-0.0192960135708,-0.0801642835412,-0.0398529326962,-0.0316952989746,-0.0435923428749,-0.0257577724794,-0.0379446640316,-0.0788300835655,-0.0425294156314,0.000938379730998,-0.0414550115487,-0.0494618395303,-0.0377975041811,-0.0377249820014,-0.0361210324146,-0.0200207110804,-0.0551594241894,-0.0188586823414,0.134797141487,-0.00880606184723,-0.00458634679838,-0.0111806622887,-0.0610859728507,-0.0533333333333,-0.0230954843158,0.0167504187605,-0.000376364320662,-0.0237638942123,-0.0295774647887,-0.025,-0.00337167790559,-0.00392716886826,-0.038632986627,-0.0383303677343,-0.0230666863818,-0.0629671150972,0.0210953346856,-0.0479744136461,-0.0735962468846,0.00903808908974,-0.0454050431432,-0.00309090909091,-0.0824175824176,-0.0391380826737,-0.0261207200847,-0.0526636844246,-0.0403899721448,0.0220330495744,-0.0747593414197,-0.0461231613064,-0.0184178743961,-0.0516777573269,-0.0241777390547,-0.0246913580247,-0.0184842883549,-0.0213675213675,-0.0117056856187,-0.00828239006113,-0.07507301151,-0.0434013824144,-0.0207848837209,-0.106919155135,-0.0162601626016,0.00192802056555,-0.0209182287422
-0.00341929945147,-0.0155778894472,-0.00582169298948,0.00845328754477,0.00283179158014,-0.00855745721271,0,-0.0753149660806,-0.0462885036189,-0.0159023143547,0.00875576036866,-0.00790457027882,0.0135758196721,0.00657414170928,0.015985341505,-0.00215434330999,-0.0498660898964,-0.0201081081081,0.0152141557797,-0.0189952718921,-0.00646403520836,0.00981893861866,-0.0136828013169,-0.00410846343468,0.0113395827034,-0.0253329671839,-0.0034375,0.0194521101164,-0.00972772659427,-0.0188790244946,-0.0424958850816,-0.000209746207089,-0.000352236703065,-0.0606578385305,-0.0504243634548,-0.144920485653,-0.0489669421488,-0.0159489633174,-0.0211926556243,-0.0596385542169,-0.00713615023474,-0.0374029640085,0.00604063701263,-0.0124246987952,0,-0.0251572327044,0.00160256410256,0.0819900497512,-0.00681003584229,0.0687789799073,-0.00871174157736,-0.00302709247768,-0.116251246261,0.00158919348431,-0.0109182530795,-0.0921031808831,-0.0499040307102,-0.00552874067574,-0.0399416377895,0.0087517273146,0.00697940503432,-0.000483266884137,-0.0163125134149,-0.00798258345428,0.0093091621754,0.0187076747108,-0.00313643491898,-0.0193786527222,-0.00194087787399,0.00837053571429,-0.0234271679577,-0.0249006068215,-0.00254730713246,-0.0191468519013,-0.0159077351362,-0.0163447251114,-0.0272223155772,-0.0440849042601,-0.0738868047627,0.0134986225895,-0.00288646568313,-0.0144284128746
0.0181910401378,0.0193976518632,0.0473552743994,-0.0106935069699,0.0146837349398,0.0250719276613,0.0240700218818,0.0720167689774,0.0326509001059,0.0168806809984,0.00700472057256,0.0417934231494,0.0226181450594,0.00957910014514,0.0136815920398,0.0461185219455,0.0660425486853,0.0174315975287,0.04740185698,0.051000137222,-0.0125968992248,0.0413441200953,0.0245146886991,0.0103135313531,0.0883540140529,0.0719870395154,0.021950454688,0.0175976055284,0.0233887733888,0.00844916871082,0.0506329113924,0.0346853146853,-0.00704721634954,0.0702592087312,0.00630914826498,-0.0326825882353,0.0497501629372,0.0297136682874,-0.00346470333478,0.0485265855221,0.0234537544922,0.0256598240469,0.021288209607,0.00838734273732,-0.00530035335689,0.0133995037221,0.0208,-0.0419348905646,0.0147961024901,0.070715835141,0.0248872297402,0.031425535145,0.0706227436823,-0.00833002776676,0.0478347013869,0.0691999302771,0.0296296296296,0.00758912813272,0.00246960486322,0.156164383562,0.0444267696853,0.0189773963496,0.0560768055859,0.0343818580834,0.0101941747573,0.00994588467092,-0.00419507079182,0.0106649937265,0.0053851907255,0.0211400110681,0.014703037338,-0.00214592274678,0.015870120394,0.013619030325,-0.0173772479289,0.0275679758308,0.0359302124719,-0.0111801242236,0.0542444522719,-0.0231041043762,0.0196204567385,0.018018018018
0.118454588344,0.0232849273911,-0.103636202628,-0.0303871239385,-0.0230055658627,0.0364875701684,-0.0162393162393,0.0346368715084,-0.0473423346437,0.00638479001135,0.0199606835022,-0.00736981158312,-0.0355863091561,0.0333525014376,0.0130587204207,-0.0665989648169,-0.0498694543258,-0.014313597918,-0.0606531881804,-0.0983683611098,-0.0103743165568,-0.0686761589404,-0.00499663543894,-0.0110249081258,-0.0662087912088,-0.00361390367304,-0.0248542497699,-0.0234830527536,-0.0182833925851,0.00932432432432,-0.0072884129109,0.00351446336848,-0.00106458481192,-0.0528291197507,-0.0245559038662,-0.105349202245,0.0486341059603,-0.00682056663169,-0.011009705925,-0.0146632045212,-0.0864904823508,0.00714796283059,-0.00320684126136,-0.0361058601134,0.0240773633314,-0.00391772771792,-0.0376175548589,-0.135630639278,-0.00480085348506,-0.081847649919,-0.00121414478677,-0.030468060053,-0.049947312961,-0.0112,0.117774176121,-0.0627649168569,-0.026814911707,-0.00332807847259,0.0710631040364,-0.0292259083728,-0.0306788511749,-0.00628706998814,-0.0367768595041,0.0392503536068,-0.0355598270062,-0.00227157326492,0.0113217482886,-0.00279329608939,-0.0114566284779,-0.0512681552135,-0.107530981888,-0.045376344086,-0.0554857245466,0.032336080258,0.026938104051,-0.0602719588387,-0.0623645155911,-0.0155464824121,0.011693952556,-0.0217028380634,-0.0211356466877,0.0193584070796
0.0115635814346,-0.0352336677269,0.0454177931201,0.0236142873532,-0.00607671857197,0.0147001934236,-0.00282363162467,0.0776187904968,0.0152493720847,-0.0001409840688,0.0355819125278,0.0391538838692,0.0193465727098,-0.00918196994992,-0.00951639415174,0.0455287263538,0.0245122296243,0.00594059405941,0.0172185430464,0.0960186779721,-0.0532653350333,0.0630029602524,0.0289374392806,0.0169281585467,0.0859076198882,0.0531522025851,0.0327249842668,-0.0305724245767,0.00465597516813,0.0117820324006,-0.00329637398861,-0.00545528017241,-0.00603907637655,0.0591401869159,0.0160685591859,-0.0104127299689,-0.0153937240971,0.0871632329635,-0.00292954445584,0.0604557432956,0.0400566457617,0.0205819730305,-0.00107238605898,0.00372622082761,0.00231258431297,0.0199115044248,0.0521172638436,0.0727373681288,0.0519921386457,0.0319211532804,-0.0369244795624,-0.0332473052983,0.186335403727,-0.0145631067961,0.0142580956984,0.0459210297443,-0.00336021505376,0.0121265377856,0.0122080679406,0.0878763222132,0.0832772166105,0.00561060045362,0.019305019305,0.00816604287173,0.00149476831091,0.0807387368083,0.0242124446759,0.00155617802677,0.0057194461168,-0.0414714954873,-0.0108951078829,0.00292858751971,-0.0397338403042,0.00199566160521,-0.0332398878654,0.0584669534611,0.11684154366,-0.0111660551922,0.112615587847,0.0193401592719,0.0312600708991,0.0219750406945
-0.0135280420914,0.0136951559726,-0.0231895005254,0.00579100957952,0.0076423385556,-0.0345024780785,0.0102374210412,0.00651384191407,-0.0128114507864,0.00324309080654,-0.00715819613457,0.0146265839849,0.00515334338864,0.055602358888,0.0176434623111,-0.023740989082,0.0361304806802,0.0269028871391,-0.0120442708333,0.00310790676686,0.0252880442915,-0.0253866479363,0.0130985892813,-0.00487210718636,-0.0666486047142,0.00876643706951,0.0722120658135,-0.0128851259041,0.0643666323378,0.00714569273521,0.0538184004811,0.019976975689,0.041815582559,0.0463786531131,0.0263574064312,0.00467043987142,-0.0465023050712,-0.00226757369615,0.0233583076245,-0.0097938897822,0.00466835246061,0.227746870654,-0.00268384326355,0.0205158264947,0.0249951932321,-0.00433839479393,-0.00928792569659,0.0567287784679,0.00577445652174,0.0188168210976,0.00694225307668,0.0298366834171,0.0170157068063,0.00964696223317,0.0178699070765,-0.0138034259105,0.0171948752529,0.00911616600104,0.0181786400979,0.0287958115183,0.0164732697886,0.00379867046534,0.0229377104377,0.0300371245359,0.0577114427861,0.0152224505122,0.00864260294865,-0.0024860161591,-0.00478898533373,-0.0171632896305,0.0203023758099,0.0215633423181,-0.0144525836468,-0.0104780048493,-0.178956089478,-0.0129318307778,-0.0291401273885,0.013550572673,0.0356188780053,-0.0627790178571,0.073125,0.00371648526679
0.0198370762039,-0.00550412809607,-0.0201578353556,0.000742715068387,-0.0125142207053,0.00493583415597,0.0500215610177,0.0211574362166,0.0031325516871,-0.00182712579058,0.0027397260274,-0.0209260612502,-0.00200075028136,-0.00558659217877,-0.0012016135954,-0.00389402743871,-0.0325740550836,-0.0287539936102,0.0247116968699,0.0551448834853,0.00510799766492,0.0368921503456,-0.010647689918,-0.0291717666259,-0.0162554426705,-0.0166356300435,-0.0304063654447,0.0194781449474,0.00532172230285,0.0126133228222,0.00499286733238,-0.026158544682,0.00377358490566,0.0261755380152,0.0333846944016,0.0143845583134,-0.0090393104898,-0.0279220779221,-0.00645994832041,-0.00767640980218,-0.00755082284608,-0.0209572359105,-0.0021528525296,-0.00478652115642,-0.0241980866629,-0.00605180343742,-0.0140625,0.0560344827586,-0.0103005741304,-0.0107737512243,-0.0261673456597,-0.0222628850259,-0.0825519396948,-0.00975808091075,-0.0376872659176,-0.0278246205734,-0.0304938680809,-0.00163468983911,0.012017167382,-0.020719738277,0.0202833554174,-0.0036660359508,0.0604813824316,-0.000982961992136,0.0536218250235,0.0136100091547,-0.0241935483871,0.0445482866044,-0.0425563909774,0.0345622119816,-0.0294242167655,-0.0195690413369,0.0389714744877,-0.0113765642776,-0.0474268415742,-0.00168444693992,-0.0264064293915,-0.00684386439599,0.0151905990255,0.0208395355761,-0.0308677926616,-0.0396720444327
0.0157798029175,0.00930817610063,0.0521814467091,0.0463411637589,0.00956221198157,0.021021611002,0.00698151950719,-0.0135283363803,0.0200749464668,0.0135173190651,0.00359505320679,0.0186592482019,0.000877083072297,-0.00374531835206,-0.0122883904786,0.033077606814,0.0308168529665,0.0142543859649,0.0337620578778,0.103840111846,0.0184405401481,-0.0144638295041,0.0102496545963,0.0216432023534,0.0333431690764,0.0244918570888,0.024325908558,-0.00592067924357,-0.00481231953802,0.0326975476839,-0.011071682044,0.013362421598,0.00580997949419,0.0466110051936,-0.00397614314115,-0.0190602051762,0.0186677980484,-0.000835003340013,-0.00520156046814,0.0568283249033,0.0362856028092,0.00896731269887,-0.00269687162891,0.00788764909581,0.0126874279123,-0.00584510472479,0.0364500792393,0.039146567718,0.0110902576352,0.0048090523338,0.0128720836685,0.0216781035558,-0.0563126252505,-0.00513241634161,0.0165409875943,-0.0202948829141,-0.00205128205128,0.00654946570148,0.0281594571671,0.0144766146993,0.004995004995,0.00878338278932,0.00872938894277,0.00754345687111,-0.00580357142857,0.0380057803468,-0.00413223140496,0.0256486728303,0.00109941887859,-0.00562653850662,0.00392584514722,0.0311729087239,0.00444702242846,-0.00433743471718,0.000529661016949,0.00581177352831,0.00859164420485,-0.0166666666667,0.0437605872388,0.0428696412948,0.0228365384615,-0.0470944643349
0.0236433808108,0.0166999002991,-0.0108897002306,0.000957786788857,0.0369356004412,0.0113527034828,0.010603588907,0.00753644675068,0.0185428146593,0.025979438733,0.0318097148589,0.0315726370479,0.00751126690035,0.0142320085929,0.00643814163912,0.0682304196739,0.0617597010443,0.016,0.00528771384137,0.0489887523161,-0.00142571998859,0.0386204376669,0.00672233434144,-0.00555327025915,-0.00428326670474,0.0292667898953,0.0168812589413,-0.0294143170991,-0.00290135396518,-0.00201030280186,-0.0096167647481,0.0014800861141,0.00407747196738,-0.00326633165829,0.0239520958084,0.0193481062354,0.0408163265306,0.0100284138392,-0.00726216412491,0.0223817567568,0.0203313253012,-0.00917431192661,0.0243374797188,-0.000381752242794,0.0121488230828,0.00146986771191,0.00305810397554,0.00535618639529,0.0384745190685,-0.0118243243243,0.00397140587768,-0.0155701419631,0.038224676152,0.0132067684688,0.030629337162,0.0269121813031,-0.0171291538198,0.0248287671233,0.0280481768685,0.048664471277,-0.00198807157058,0.0201200141193,0.01,-0.000651041666667,-0.0184104176022,0,0.00207468879668,-0.00552486187845,0.0205522434892,0.0333608393257,0.00738648707365,0.000217485863419,0.0359961501444,0.0184032716927,-0.000529380624669,0.0132339235788,-0.0128611992651,-0.00635593220339,-0.0566675682986,0.048937360179,0.0170387779083,0.00838150289017
0.0433473522695,0.0117675900956,0.0604203214741,0.0113233197446,0.0238444607483,0.0074200913242,0.000807102502018,-0.031207847946,-0.000429368827823,0.018009478673,0.0404110540203,0.0443597856267,-0.00658548707753,0.00794281175536,0.018153526971,-0.038223334376,-0.00018886305072,0.0189402000426,0.035426980198,0.00243969993847,0.0232724157624,0.0144540462729,0.00781045817334,0.0304033092037,0.0335531975911,0.00454953606705,0.018851997749,-0.0180234445956,0.0324927255092,0.00516177766587,-0.0104347826087,0.0235120247212,0.0294416243655,0.0798462314091,0.067738791423,0.0106225426321,-0.0112044817927,0.0134039384412,0.0054133138259,0.0272614622057,-0.00811808118081,0.0101273148148,0.00580781414995,0.0561390108841,0.0408852213053,0.0114970645793,0.0274390243902,0.0152725981176,0.020799480013,0.0173789173789,0.0276898734177,0.0170569080478,0.0979750460217,0.0303462321792,0.0840492221964,0.0605172413793,0.0132450331126,0.00233918128655,0.043813192104,0.0118632240056,-0.00149402390438,0.0132641291811,0.0378903274943,0.0221498371336,-0.0215004574565,-0.0105248503411,0.0126811594203,0.0353801169591,0.017524980784,0.0454026922199,-0.00603838688807,0.0228310502283,0.0154217762913,0.0133566128328,0.0895127118644,0.0693524650478,-0.00253807106599,0.0193537805478,-0.0162007168459,-0.0471874166889,0.0213749277874,-0.000573230151906
-0.0160085378869,0.00557305548825,0.000366106870229,-0.0322923273702,0.0752418487997,-0.0113314447592,-0.0108870967742,0.0223403582052,-0.0020618556701,-0.00119712689545,-0.0217565403097,-0.00414245084704,-0.0162601626016,-0.0215392697662,-0.0199524537273,-0.022310394172,-0.0320276062445,0.00522138680033,0.0103092783505,0.0169469932861,-0.0129761406446,-0.0170207815389,-0.0168748655269,-0.0411481332798,-0.034128745838,-0.0297360109648,-0.013256006628,-0.0116978401407,0.00657585720996,-0.0116482965932,0.030755711775,-0.0246783932791,-0.00525969756739,-0.0114969360957,0.0200821542675,0.0933198662469,0.0198300283286,-0.0280862181581,-0.02575669383,-0.100388687843,-0.0104166666667,0.0226296190203,0.0225721784777,0.00343518351112,-0.027027027027,-0.00725513905683,-0.0118694362018,0.0505509882806,-0.0191021967526,0.051806216746,-0.0249422632794,0.0105198963257,0.0184426229508,-0.0229294326942,0.0145641464982,-0.0164200942936,-0.00447196422429,-0.0185030838473,0.0222939729397,0.100344827586,-0.0247381546135,-0.0157085941946,0.00128416804256,0.0229445506692,0.00841514726508,-0.0531793154553,-0.013800153335,-0.0110138378989,-0.0276476809186,-0.00196420776953,0.0216966804079,0.00170068027211,0.0230558096981,0.0118883528601,0.0182304326689,0.0364699810769,0.00424088210348,-0.0292839903459,0.00174876129408,-0.00167879127029,-0.0248868778281,-0.0564955549183
-0.0148590021692,0.0118072289157,-0.00115957547145,0.0398153321801,0.00733088970343,0.00152817574021,0.0069302894415,0.000371425034047,0.0255681818182,0.0218404581169,0.00600354755083,0.0615881293847,0.0099173553719,-0.000536912751678,-0.0018192844148,0.00259463774865,0.0178264116635,-0.00103885310617,0.0779355220349,0.0215209458283,-0.0295448119876,-0.0913745432473,0.00724669188515,0.0334938245761,-0.0336110313128,-0.00712443188797,-0.0389028827316,0.00796198419241,0.0310312645824,0.00963122544671,0.0407786302927,0.00820995962315,0.0181758096497,0.00761601133546,0.0246085011186,-0.0167141753522,0.00753968253968,0.0132728494624,0.0153846153846,-0.00759833134684,-0.0291353383459,0.0336134453782,-0.0395277207392,-0.0176576576577,-0.00925925925926,0.0129110840438,0.0285285285285,-0.016317016317,0.0352158390133,0.0211661341853,0.011053213327,0.0111647555824,0.0267056886775,0.00809225166903,0.010977411864,0.0618181818182,-0.0062197650311,0.0194463315217,0.0162430440668,-0.0203697900345,0.00470491970952,-0.0121429397479,0.0291315500183,0.0133956386293,0.029207232267,-0.000235284793668,0.0217672972273,-0.0242718446602,-0.0211311373524,0.00142138639843,0.00509662348694,0.0108234295416,0.000715435521374,0.00987570236676,-0.063260921461,0.0310373443983,0.0555743243243,0.0107740759158,0.000872854233343,0.00476457399103,-0.0275522041763,-0.0115501519757
0.0231201144996,-0.00690640628721,-0.00751802958074,0.0180746724041,0.0221634138273,0.0238413122258,0.00607287449393,0.0261138613861,-0.00637958532695,0.0084712628698,0.00542520005425,0.0045031873209,-0.00289563137354,0.010206822455,-0.000520742926575,-0.00215660252157,0.00590123141709,-0.00603161397671,-0.00727123062148,0.00245745638134,0.00990531682447,0.00802940546713,0.000758306113933,-0.0093173992303,0.044292508918,-0.033465297538,0.0235876528829,0.0135660406404,0.00927811722109,0.0107945274256,-0.0303071672355,0.005206247497,0,0.0461123806176,-0.0152838427948,0.021911804849,0.0153603781016,0.000165809981761,-0.0272138864372,0.421408196967,-0.00135527589545,-0.0279132791328,-0.00908605024051,-0.00825385179751,0.0179439252336,-0.000481000481,0.0102189781022,0.0839539607312,0.0048596958771,0.0215095815409,-0.0187412150554,0.000149209191286,0.00552289328345,-0.00682319887618,-0.0194195030278,-0.031600249066,-0.000695410292072,-0.0116201582674,0.000147994672192,0.054062699936,0.0414333706607,0.0153359868883,0.00373865052519,-0.0385797725177,0.0315315315315,0.035112752712,-0.0116662439767,-0.0105355575066,-0.0412698412698,0.0077519379845,-0.000422564969364,-0.011757295822,0.0155495978552,-0.00168605631428,-0.0155453618756,-0.0170637475853,0.041446631461,-0.059035749426,0.0177325581395,0.0186889818689,0.0208768267223,0.0267527675277
0.0326912730012,0.00695443645084,0.0270029108953,0.010415962922,0.0042071197411,0.00931445603577,0.015291750503,0.0518634664094,0.01512207485,0.0169294391316,-0.00741939835424,0.0346995808104,0.0204545454545,0.00904014889657,0.0100729419937,0.04106400665,0.0328886066973,0.0236451140406,0.00442233278054,0.0454380802888,-0.00317322948219,0.103019081672,0.0146312636863,0.0318953179309,0.0111016225448,0.028224,0.0153627311522,0.0135790632772,0.0130044843049,0.00856823544021,-0.014923271857,0.0126162018592,0.00649139889646,-0.00280049288675,0.0181818181818,-0.0425935126729,-0.0193948797517,0.00862068965517,0.00740964766369,0.0228136882129,0.00756107018224,0.00808475048787,0.00862998921251,0.0109117810246,0.0163422695556,-0.00312800769971,-0.00867052023121,-0.00281074328545,0.0276131045242,-0.00535987748851,0.0498169664173,-0.0170073101596,-0.0483699503898,0.00545564760558,0.00915672913118,-0.00900176820447,0.0226165622825,0.00577303948422,0.01524119562,-0.00273141122914,-0.00909090909091,0.00622621930128,-0.00798155374246,0.0143884892086,-0.00174672489083,0.00452320836674,0.0112907364639,0.0165631469979,0.0188741721854,0.0371614301192,0.0312830268442,0.00679838538347,0.0376627947906,0.00895119067725,0.0033652601605,0.0135931870292,0.0135218192993,0.0327640292785,-0.0359897172237,0.0191675794085,0.0116856558574,0.00239592692423
0.0050225075025,0.00357227911407,0.0652676152107,0.00592457374385,0.0148243635192,0.016057585825,0.00832342449465,0.0302717578259,-0.00982023968043,-0.00165205235735,-0.0284044577331,-0.00551429214495,-0.0160851274437,0.0160737812912,0.00894085281981,-0.0190913446183,-0.0182077555293,0,0.00275178866263,-0.0174536645857,-0.0175083200695,0.0204775944267,-0.00124278525606,-0.0103031503864,0.00506756756757,0.0192954064484,-0.0042028579434,0.00827897524268,0,0.00135434622014,0.00485922538231,0.0222295081967,0.00064495324089,-0.00117951022242,0.00435540069686,-0.0245269743453,0.0134493670886,0.0110124917817,-0.023416391474,0.01590251962,-0.0132768905138,0.0107853982301,0.031550802139,-0.0148188803513,-0.00108401084011,0.0176200820661,-0.0102040816327,-0.0394613216411,-0.00834977986944,0.000769822940724,-0.000454821103699,-0.0160874184246,-0.052690374232,-0.0858118971061,0.00147710487445,-0.0415247364152,-0.0404899625723,-0.00628456510809,0.0440169071564,0.0222154595253,0.0264378021111,-0.0256674687751,0.00196674414447,-0.000788022064618,-0.0159667541557,0.00990625037226,0.00634356762243,-0.0130928135001,-0.0144621384465,0.0282043246631,-0.0102480016397,-0.000422029964128,0.0120420624152,-0.00301305657851,-0.0399896800826,-0.0250444336726,0.00424499696786,0.0146810664867,0.00725925925926,-0.0225685115529,-0.00606410626624,-0.0167314012549
-0.026034214619,0.0639534883721,0.0124957854868,0.00703412884398,0.081613210543,-0.0223433242507,0.0161163522013,-0.0110183639399,0.000420238695579,-0.0120926680244,0.00251783466219,-0.0346271359059,0.00188631790744,-0.00752074688797,-0.0027266530334,-0.0102320735212,-0.0539483971853,0.0051103843009,-0.0126234906696,-0.00139356547051,-0.0318114874816,-0.0447240132096,0.00796542545644,-0.012012012012,-0.0677871148459,-0.00238153395212,-0.0745638716939,0.0105563321738,0.00885347498893,0.00122955858847,-0.07922059451,-0.0365000962217,0.00354495649372,-0.0109092953945,-0.00650477016479,0.0107392343739,0.00292740046838,0.0185335717769,-0.0350445742392,-0.0210408619638,0.0547971918877,0.0511627906977,-0.0383618455158,-0.00724233983287,-0.0159160788569,-0.00332068311195,0.019145802651,-0.00521682425823,-0.00535823637477,0.0633333333333,-0.00318519642045,-0.00940922412463,-0.0575864779874,-0.0107715981534,0.142857142857,0.00456930106617,-0.000709219858156,-0.00421620710009,0.00446740192657,-0.0154807978565,0.00470927438731,0.0266964600729,0.0028551034975,0,0.0384529895532,-0.0258579405652,-0.0932929904186,0.00383254716981,0.0159934047815,0.00609570252972,0.000828328846552,-0.00105552037154,-0.0182671359142,-0.00696776359973,-0.0118247782854,-0.0306595956248,-0.0285326086957,0.0219524363878,0.00956022944551,0.019516217702,-0.0560720511331,0.00486174415071
0.054088291338,-0.0192929630869,-0.109378257382,0.000969019612496,0.00499119201409,0.0169082125604,0.0027079303675,0.0292595093405,0.0304125010502,0.00966370313104,-0.00306962466862,0.0273121556676,-0.048198820133,-0.00130650640188,0.000683526999316,0.0192200144746,0.112032727273,-0.037014439699,0.0102834908282,-0.060381759551,0.00243383024034,-0.00516939386956,0.0186469785054,0.0322188449848,0.0787259615385,-0.00385627716227,-0.0130738826391,0.023792016324,0.0254497586661,0.0174382905563,0.00401606425703,0.00918774966711,-0.0131663455363,-0.0557734947979,-0.067656045395,0.196979316732,-0.0167347733022,-0.0047885075818,0.0186365084422,-0.00778735333818,0.0545387317434,-0.0866736074961,-0.04474393531,-0.0544332210999,0.00845432824848,0.00499762018087,-0.0231213872832,0.0935758767617,0.018470063106,0.0355678803955,-0.0138466220329,0.062441606976,-0.0168925964546,0.000222222222222,-0.0379793510324,0.0109501347709,0.0471965933286,0.00203234820899,-0.0391938846421,-0.0329603870578,0.0203749760857,-0.0151202749141,-0.0179715302491,0.0826498422713,0.0244006849315,-0.0276897891178,-0.0150166852058,-0.111600587372,0.0293735800065,0.0179743512067,-0.144837575005,-0.0642434488588,0.00938886992147,-0.00092991799814,-0.00652706010335,0.0162420926654,-0.0222222222222,0.0136696501221,-0.0243298368298,0.0393637098949,-0.00738688827331,0.0377986090112
-0.0346394667744,-0.0136456675006,-0.0210979748129,-0.0279623478222,-0.00525854513585,-0.0160789329435,-0.0291280864198,0.00787229389897,0.0489196901753,-0.0105921388464,0.00923722883135,-0.00205385668644,-0.0338915996308,-0.0463108320251,0.0087943989071,0.0489231737527,-0.0292520673183,-0.0202745512144,-0.0540577716644,-0.0046154581584,0.0775417298938,0.0770452995252,-0.0155170198036,-0.017667844523,0.0176880222841,-0.0237802629962,-0.0289587184227,0.00245543630006,-0.0325203252033,-0.0220881110441,0.00846153846154,-0.00494788230637,-0.0328669053043,-0.0263126204239,-0.0107677902622,-0.0220722654999,-0.0283000197902,-0.0150761828388,0.0146989835809,-0.0928212641272,-0.0333099579243,-0.0259333143346,-0.00395033860045,-0.0170128585559,0.0200473847275,-0.0324413923751,-0.0118343195266,-0.0346171137419,-0.00272026598156,-0.0288741413436,-0.0456719642031,-0.0186135131174,0.0235468816292,-0.0108864696734,-0.00114986584898,0.0711548075321,-0.0237207726195,-0.0132679793797,0.0101258498481,-0.00906816760475,-0.0161244961095,-0.0417538962549,-0.0188439934771,-0.0110722610723,-0.0154617634768,-0.0129440246278,-0.00508187464709,-0.0204958677686,-0.0255399653161,0.0127963495685,-0.000241954996371,-0.00858175248419,-0.00727211229494,-0.00782704349298,0.0388721598686,-0.0306191117093,-0.00778766687858,-0.00947182533312,-0.0077646707481,0.00544747081712,-0.0272868217054,-0.0332167832168
0.0041845381316,-0.00391976020291,0.0149207763178,-0.00862108939876,-0.0302496328928,-0.00185701021356,0.00258295251341,0.00802777175092,-0.0103381267003,0.00438539920031,-0.140341145472,-0.00663160301852,0.0200655200655,-0.0189300411523,0.008717731697,0.00720044310419,-0.0190170075131,0.0023712006898,0.00290824487422,0.0682280738652,0.0109843683988,0.0410825470386,0.00160016170055,-0.110911270983,-0.0203914055016,0.0183168628438,0.103109137056,0.0154532997788,0.00840336134454,0.00962725253024,0.0700228832952,0.0150500563548,0.00269179004038,0.0150269000062,-0.00189304306673,-0.025031657963,-0.0761710794297,0.00423383813711,0.022037293882,-0.00565232437421,0.0197678636199,0.0260386190755,0.070821529745,0.00482994566311,-0.0155440414508,0.0178658835047,0.0254491017964,0.0499844768705,-0.00409152901955,0.000839227910323,0.000808407437348,-0.00746714456392,0.0039378238342,0.000449236298293,0,0.0101120099564,-0.0107601527247,-0.00316889345666,-0.00945152513246,-0.0299779110129,0.0432586946165,-0.0158999878626,0.00350877192982,0.0163523865645,0.0309847198642,-0.00405247526501,0.0136208853575,0.0327370907864,0.00501536968128,-0.011361410382,-0.00363020329138,0.00728929384966,-0.0289608177172,0.00370986311884,0.00816864295125,0.00624783061437,0.00752843184366,0.0145867098865,-0.0635063957863,0.0144478844169,0.0736372330252,-0.0241109101869
0.0330242733618,0.044212962963,0.0508906172152,0.0267648332612,0.042095699576,0.0182325581395,-0.0237812128419,0.0839431769264,0.0463399308828,-0.00359573648388,0.00129053073076,0.0509898710866,0.0040144520273,0.00782997762864,0.00234938748112,-0.025281070512,0.0757323941639,0.0227956989247,0.030303030303,0.0320235266031,0.0285555091238,0.0314341556826,0.0234819947083,0.0175320296696,0.0444258172674,0.0522932377303,0.0345125107852,-0.0142920769594,0.0206140350877,0.0321515892421,0.260906757913,0.00516002612671,0.0281879194631,0.0495918118679,0.0478899952584,0.0466152078568,0.0246913580247,0.029998378466,0.00452352231604,0.0591647331787,-0.00551307131424,0.045623039635,0.021164021164,0.0282395353495,-0.0152450090744,0.0120221207021,0.036496350365,-0.0260201064459,0.0295191722459,0.0673215141351,0.0250403877221,0.0136924465844,0.0668868703551,0.00404131118096,0.0418265541059,0.0471276759587,-0.00280701754386,0.0214795085488,0.0216857018939,0.0422901756669,-0.00182665083569,0.0132585101135,-0.0101214574899,0.0092767067691,0.00370522848909,0.0512319639215,-0.0114781634938,0.00653594771242,-0.00418544752093,-0.000990687537151,0.0189458343454,0.00927182270466,0.0389473684211,0.0111309372079,0.0128071092525,0.0469127285271,0.0340222575517,-0.00335463258786,0.015908725695,0.045523906409,0.0353325415677,0.032427424336
0.0240016135539,0.00133008202172,-0.0015245278597,-0.00359406107643,0.0116245277536,-0.00146172117669,0.00284206252538,0.066818903892,0.0117850172647,0.00489753834257,-0.0206218785242,0.0228890592487,0.0207916833267,0.00305216426193,0.0161560354931,0.000650378473256,-0.00551335041014,-0.00399495374264,0.0106951871658,0.032039284137,0.0186890574215,-0.00443570079551,0.0044446026695,0.00795228628231,0.00882825040128,0.00187969924812,-0.0113983875452,0.0448131777674,-0.00988397077783,-0.0181215207865,-0.0230664857531,0.0199493144454,0.0032637075718,0.0326793591827,0.000678733031674,0.0134177654661,0.0436746987952,0.0159005037783,0.108075652957,0.00503833515882,0.0150214592275,0.0259067357513,-0.00984455958549,0.0114920140242,-0.00737191301143,-0.00427655024947,0.0112676056338,-0.0195810564663,0.0162577593852,0.00493827160494,-0.00457052797478,0.0235267923408,0.0332817337461,0.0234794275492,0.00847145488029,0.0426533313723,-0.00738916256158,0.00992514088653,0.0157068062827,0.0365168539326,0.00686247598133,-0.020023127016,-0.00464770403421,0.00603188280913,-0.0135356849877,-0.0261884333214,-0.01246105919,0.0012987012987,0.0551244746201,0.0106108687029,-0.00357568533969,0.011875420121,0.0293819655522,0.000168067226891,-0.00670967741935,-0.00345963756178,-0.00953259532595,0.0312550088155,0.026415691237,0.0019459985405,-0.00917694293089,0.0233323362249
0.00945440220603,0.00575603276511,0.0150290491761,-0.0139016590418,0.00316001149095,0.00128087831656,0.0117408906883,0.00102373196836,0.0340529712887,-0.00205207130948,-0.00444151998684,0.0173447537473,-0.00639770204988,0.00110650069156,-0.0025537523684,-0.0256066906289,0.000991537788153,0.017099430019,0.00111389585074,-0.00684091097646,-0.0171496942303,0.0073148249015,-0.00167400520741,0.00219154065308,0.0212145319544,-0.00744606003752,-0.00393700787402,0.000179836862275,0.0217013888889,0.00337756332931,0.0232638888889,-0.00624362895005,0.00553025374105,0.00815018829745,0.0447659959304,-0.00112636593121,0.00185528756957,-0.00092980009298,0.0216743429965,0.0197253705318,0.0158562367865,0.00584795321637,0.0177917320774,-0.0155979202773,-0.00436316375789,-0.0062037699833,0.0111420612813,-0.00650255457501,0.00930773705643,-0.0167522894796,-0.0055414819506,0.0299470669277,0.0149812734082,-0.0107057024252,0.0346968590212,0.00465509944985,0.00106345267636,-0.00316482052136,0.00181108943996,-0.0183679614574,0.00227190112686,0.00794932306546,0.00186776242062,0.00299785867238,0.00956340956341,0.0212795446108,-0.0108976197304,0.00162127107652,0.0257392370155,0.0107938376999,0.0107655502392,-0.0011071744907,0.0265748031496,-0.00142833137288,0.0168875032476,-0.00115721606877,0.00605402049053,-0.00124339446689,-0.0181846201264,0.0235494051954,-0.00318379160637,0.00380005846244
-0.0403902439024,0.0228923618754,0.00973337053644,0.033089503587,0.0117411225659,0.0211988304094,-0.0016006402561,-0.00957605057642,-0.000789209355718,-0.00179925459453,0.0403172504957,-0.0104188591875,-0.00262812089356,-0.0240397899972,0.0455896927651,-0.03652626757,-0.0341942829957,0.00643420506434,0.0207232267038,0.00353781016292,0.0120384147166,-0.00671955413366,0.0073080609879,0,0.0856920280447,-0.030303030303,0.012987012987,-0.0228822665645,0.0135938827528,0.011781678288,0.0169664065151,0.014489037056,0.00905855710126,0.0046275646744,-0.0190434970786,-0.00687219713291,-0.0131687242798,0.0157437567861,0.0111376292761,0.0098322111788,0.0385015608741,0.00422832980973,0.0174807197943,-0.0205399061033,0.035710955711,0.0196878751501,-0.0137741046832,0.061399407823,0.0240634005764,0.0101090413448,-0.021334182455,0.0121092649958,-0.029704797048,0.0289310954064,-0.00247087892693,-0.0285032294299,0.0364730878187,-0.00267357339794,0.000695313586427,0.0164110429448,0.0296491069,-0.00345040049291,0.0136092468307,0.019925989183,0.00267710049423,-0.0524369438359,0.0101478689475,0.00615085788281,-0.0358476474981,-0.0249490340744,0.0149112426036,0.00842385280426,-0.0206136145733,-0.00328144720236,-0.00843127235565,0.0230883813307,0.0199043357507,0.00871459694989,0.0134986658295,0,0.013356562137,-0.03552708212
0.0332452216348,-0.00494942973962,-0.0538935291777,-0.0332264071317,-0.0223606000566,0.0204008589835,0.00440881763527,-0.0520041302919,-0.0093343864436,-0.0354062057422,-0.00381194409149,-0.0486015101563,-0.0108036890646,0.00311438278596,-0.00703001579779,-0.0377608728292,-0.0337747328935,-0.0185605279439,-0.042512603897,-0.0450218106569,-0.0191125367549,-0.00594685606057,-0.0074922664411,-0.0310518259348,0.0176991150442,-0.0227826510721,-0.0270345596433,-0.0603000324217,-0.0649622799665,-0.00641634980989,0.001001001001,-0.0275530839232,0.00961846745752,-0.0670958432765,-0.0271343481138,0.00428467555794,-0.0252293577982,-0.00710086279301,-0.0171780750066,-0.0249761879564,-0.0248830995324,-0.0386842105263,-0.0469934310258,-0.0239664469742,0.00126035289881,-0.00847657169767,0.00139664804469,-0.105124064014,-0.00506542845082,-0.0259754863376,-0.0313974296405,-0.021285475793,-0.0943145084617,-0.0169564284181,-0.0445859872611,-0.0346870935106,-0.0334813802528,-0.0280640026807,0.00236242356865,-0.0940093556662,-0.0194610778443,-0.0196611846173,-0.0117711973515,-0.000139547864918,-0.00636681043335,0.0565484258715,-0.0149253731343,-0.0215572715573,-0.067544539117,-0.028773397053,-0.0212220149254,-0.0230819960431,-0.0399738945994,-0.00987675164613,-0.0319505282144,-0.00752244600825,-0.0054462934947,0.00478247454489,0.000619482731919,0.0167220113852,-0.0280802292264,-0.0153985507246
-0.00560858014366,0.0177335640138,0.00188366478856,0.0268721248319,0.00492182976259,-0.0203437390389,-0.00359138068635,0.0443608278047,0.0305138798289,-0.00427122263748,-0.0366709183673,0.0305164319249,0.016116142781,-0.0112898673441,0.000954577996977,0.0105756811345,0.0301134043838,0.0224837150662,-0.0436886295717,-0.0327039062404,-0.00776672571195,0.0401413404279,-0.00443478058967,0.00654479801399,-0.0916568742656,-0.00517391846403,-0.0111715840733,0.0296346029215,-0.027790228597,0.0227218368811,0.0264444444444,-0.0140369118794,0.0181009844395,0.0140987507436,-0.00498866213152,-0.0249370813333,-0.00470588235294,-0.00138418948016,-0.00480320213476,0.136546184739,0.0037677684535,0.00218998083767,0.00159066808059,0.0214855739718,0.0205898219745,0.00878651151745,-0.0181311018131,-0.0164068908942,0.0127280441239,0.00450242438236,-0.00419885791065,-0.00796019900497,-0.00461893764434,-0.00327510917031,0.0512962962963,0.0342865698458,-0.0028278543655,0.010774004482,0.0390960765285,0.0193204530313,-0.0151773686574,0.00176589303734,0.0214033128606,-0.015840893231,0.00289375775114,0,-0.0434149184149,0.00526142716212,0.001827546104,0.00666324961558,0.0385989992852,0.017101710171,-0.0210740992522,-0.00673544206667,0.0327388874102,0.000896495517522,-0.0345299665348,-0.0221096269,0.0239900944126,0.00314942260586,-0.0126768867925,0.0064397424103
-0.00940035622403,-0.0131746706332,-0.0082594761171,-0.0158387382051,0.00547392682224,-0.0304332259219,0.00600720865038,0.0193419929838,-0.0148403432269,0.00898123324397,-0.0135716650116,0.0374227139603,-0.0192685804168,-0.0236939765915,-0.00405308749901,-0.00406591238559,0.00121330738313,-0.00822030415125,0.0300595238095,0.0153128171726,-0.0195001373249,-0.013780566176,-0.00336936838062,-0.00515695067265,0.048382923674,0.0523842346012,-0.010718424102,0.00361808590124,-0.0359612724758,0.0264265668849,-0.0113660965577,0.000593197996309,0.00623830318153,-0.0307972077198,-0.00865998176846,0.0166929999313,-0.0159037180314,-0.00623748652395,0.0116637618984,0.0877662114411,0.0184268896093,-0.0226714012565,-0.0198517734251,-0.00220352564103,-0.0122456171262,0.0411958568738,-0.00568181818182,-0.0460383653044,-0.0163385002095,-0.0232157223308,-0.0353347950751,-0.00759421120504,0.0655979751107,-0.00985761226725,0.0310022899419,0.0567458019687,-0.0202056008508,-0.000426366504647,0.00373582388259,0.127450980392,0.0098486230166,-0.0327373457567,0.00291545189504,0.00701978302489,-0.0348309975268,-0.0109798339954,-0.0715808711544,-0.00196270853778,0.0187396351575,-0.0198574338086,-0.013764624914,-0.0103982300885,-0.00607638888889,-0.00266094420601,-0.0319587628866,-0.0271150557772,0.0242634315425,0.0394096404459,0.0507859733978,-0.013023255814,-0.00716631830397,0.0225472273004
-0.00489461592249,-0.00753660637382,0.00118140648897,-5.10369170435e-05,-0.0226361031519,-0.0142171344165,-0.00437898089172,-0.0221374755837,-0.0175626472478,-0.00166068818919,0.0176174496644,-0.0119196988708,-0.00126971398022,0.00643274853801,0.00710181934248,-0.035510959907,-0.0154170751808,-0.0338789888106,-0.0223923721468,0.030964081292,-0.00735294117647,0.0119165539779,0.0257906792353,-0.00281721884156,0.0246791707799,0.0339982137541,-0.00117130307467,0.0169017389029,-0.012912482066,-0.0355434039645,0.0113872769079,0.00540148870298,-0.0058896466212,-0.0127103256264,-0.0528735632184,0.0469740919263,0.113343524787,-0.000387446726075,0.00437317784257,-0.0714661984197,-0.00753895124812,0.00614868641699,-0.0213340534702,-0.0535033125878,0.00909739564752,0.0101740899842,-0.0285714285714,-0.0199335548173,-0.0442220329358,-0.00953053300388,0.0194947110761,0.00794109153913,-0.0558194774347,0.0171460176991,-0.075773107808,-0.0267123287671,-0.0075976845152,-0.0137348575328,-0.00518410208693,-0.0559420289855,0.0107458912769,-0.0295495964593,0.0570494186047,-0.03112237713,0.00405722827248,-0.00971401299607,0.0452755905512,-0.0422812192724,-0.000325573823865,-0.0161038961039,-0.0424517329612,-0.0549966465459,-0.01903930131,0.0150615371374,0.0248935037274,-0.00987612989622,-0.00553760959852,-0.00135951661631,-0.00676064441887,-0.0341658812441,-0.00812030075188,-0.0172824791418
0.00190724754065,-0.0529399001953,-0.0488826815642,-0.0732073473774,-0.0773966578716,-0.0327776737217,-0.0831667333067,-0.0350994007419,-0.029431000654,-0.0393239736509,0.000659521846661,-0.0742857142857,-0.0537303445969,-0.041836141778,0.00602170984866,-0.0706542122841,-0.0717685863159,-0.100697050938,-0.0885178070046,-0.0537248872551,-0.00444444444444,-0.0754197153094,-0.0344873859367,-0.00711944852526,-0.0756262042389,-0.0627087412185,-0.0671357373204,-0.0577025468098,-0.107558139535,-0.0588235294118,0.00595431417127,-0.0268623468519,-0.0115372622389,-0.0803089749877,-0.0817961165049,-0.04414758777,-0.0655158885838,-0.0331782945736,0.0142499010424,0.00141830559758,-0.0397535449021,-0.0769444444444,-0.0736754966887,-0.0857991303426,-0.0192681633375,-0.0313339301701,-0.0617647058824,-0.0834968777877,-0.0834014110657,-0.0138987883108,-0.0466472303207,-0.0488468700759,-0.0440251572327,-0.10277324633,-0.162214622424,-0.0416608022519,-0.0696317900109,-0.0326961335525,-0.117584179583,-0.170095179613,-0.05056731886,-0.0849094567404,-0.107253351667,-0.0593023255814,-0.0535942152276,-0.0333946260158,-0.052102950408,-0.112251882272,-0.0690441296206,-0.0869060190074,-0.11891169683,-0.0818547433168,-0.0566239316239,-0.00805494319145,-0.0461098844006,-0.0608622147084,-0.0779582366589,-0.0397821812131,-0.113685734975,-0.0675774579166,-0.0688295936931,-0.0664038811401
-0.000500951808436,0.0098510882016,-0.000783162016642,-0.0227078476365,0.00349539243724,-0.00658404337723,0,0.00759069400631,0.0295747229709,0.0347693586369,-0.0080738177624,0.0516689529035,0.0362042143968,-0.00121285627653,0.0114200204773,0.0599308157971,0.0320471266653,0.059146196041,0.0486381322957,-0.180947167149,0.0136054421769,0.102454412061,0.0194579569145,-0.00819485545186,0.0234497133924,0.0333599557658,0.0383406662476,-0.0249699823426,0.0244299674267,0.0170682730924,0.0259362892811,0.0432909176597,0.0570977917981,0.0963204906013,0.0610626486915,0.0434128382449,0.0560453400504,0.00881975625401,0.0199037335762,-0.0107638561042,0.0252263338314,0.0511585916341,0.0467679475722,0.0515081206497,0.0335255948089,0.0108595194085,0.0438871473354,0.0759197975472,0.0860476421974,0.086616070353,0.0419140133117,0.0293674698795,0.113815789474,0.00363636363636,0.144307149162,0.0427375532384,0.0427115987461,0.0160064383439,0.0799515445185,0.0984091749908,0.0255951820834,0.0114335971856,-0.00231035810551,0.00703028430161,0.0110112359551,0.0323750204549,-0.0243377483444,0.0277563608327,0.0568479972013,0.0157279981496,0.148607664737,0.020097912909,0.0164212910532,0.0168390460723,0.0129357298475,-0.0280828082808,-0.0152658949841,0.0107120352867,0.00400326797386,0.00837257980115,0.0407033539564,-0.0029230269568
0.0536287089014,0.0415154264973,-0.0530354985141,0.032871263547,0.051298290057,0.0536062378168,0.0361971216747,0.101555620781,0.0777398007418,0.0170013386881,0.0483388704319,0.120652173913,0.0350757472362,0.0543412264724,0.0194673726834,0.0282756307397,0.0275203196816,0.0797117766269,0.0363327149041,0.0561781550399,0.0246085011186,0.11207893479,0.0425357873211,0.0447555657563,0.137983706721,0.132877526754,0.0220944309927,0.0404448694174,0.00635930047695,0.048988153998,0.0268540858072,0.105446566856,0.0435690838556,0.163190855475,0.0483308420528,-0.0155582638413,0.0127211290002,0.0510252742012,0.0283163265306,0.0650949699341,0.07390260631,0.05553965073,0.0523619806488,0.0286849073257,0.0254621555633,0.0461714285714,0.00600600600601,0.00398045956215,0.0483437779767,0.019623059867,0.0581837016575,0.0656912948061,0.131325063989,0.0275362318841,0.0578480524489,0.16,0.0556181886509,0.0375814117233,0.0524397083567,0.0879083866622,0.0304615102303,0.041884057971,0.0569278270938,-0.0289221327196,0.078017337186,0.0468043371656,0.0402172068556,0.0697674418605,0.189341277723,0.0582944324263,0.0350456072972,0.0310684516292,0.0908077994429,0.035137861466,0.0337410942331,0.0240785330617,0.0451448040886,0.0254052369077,0.0632272764261,0.0521536066424,0.0215894868586,0.0387622149837
0.0408143849301,0.033326072751,0.0543159637204,0.0252598794755,0.0334337349398,0.0286771507863,0.0345117845118,-0.0231814548361,0.0901484480432,0.00171120179018,0.0296308033592,0.0418040737148,0.0316455696203,0.0195796141664,0.0255881454323,0.0566536772874,0.00396899806238,0.0444212721585,0.0429658361927,0.0237472324723,0.0521288209607,-0.0292270923536,0.0689159147378,0.0740333919156,0.0366890380313,0.00257150354238,0.017175007403,0.0295014551143,0.0689836756187,0.0391718621339,0.0341199305343,0.0266199649737,0.0114383757506,0.0157858972349,0.055608365019,0.0379514768374,0.0518155053974,0.0536902601331,0.00769039940461,0.0124563132897,0.0100590771196,0.110930295633,0.0746349378042,0.0664950664951,0.0355442176871,0.0281844002622,0.0388059701493,0.0504595422599,0.0788499857672,0.0202239860824,0.0668950889215,0.0118066996156,0.182909850331,0.0345557122708,0.0978855267955,0.0269548324429,0.0384478462086,0.0154381202816,0.0543565147882,0.0374613003096,0.000178078532633,0.0130755320629,0.0547745115939,0.0176963185337,0.039175257732,0.0172146196506,0.015660685155,0.0357643758766,0.0217088783746,0.0839160839161,0.0255102040816,0.0570798628123,0.0924412665986,0.027529641059,0.0390117035111,0.0801229878821,0.040097799511,0.0273597811218,0.0485228838206,0.0621454993835,0.014088820827,0.0348071495767
-0.00521023765996,0.0305649241147,-0.00199496271098,-0.00982635110997,-0.0306033226465,-0.0476618705036,0.0231895850285,-0.0269139843608,0.00947016588264,0.0203679369251,0.0430901815943,0.00558607206033,-0.113496932515,0.070319118893,0.025471065763,-0.0654974468511,0.0206073151751,0.029552715655,0.025604348448,-0.00293401529364,0.0115434500649,-0.023503022569,0.0413506239295,0.097361423604,0.0662494605093,0.0249162479062,0.0113537117904,0.0225785945186,0.0305418719212,0.0174326465927,0.0645065691989,0.0240532241556,0.0336443313543,-0.0311840683374,0.0189104007204,0.0265210658765,0.00671767120731,0.00574135208842,0.0131708517971,0.0350504514073,0.00252924438824,0.00732421875,0.00754906894816,0.0140788415125,0.0157661356545,0.00934976625584,0.00287356321839,-0.031566306399,0.0100263852243,-0.00799317915379,0.0220217158587,0.0139755766621,0.0439899955863,0.00965689615996,0.012286236095,0.0357058406243,0.0260541652383,0.0827833932002,0.00985595147839,-0.012533572068,0.00845722424998,-0.037621859124,0.0282153366799,0.03726129483,-0.00595238095238,0.00527515467274,0.0118856408609,0.00575490859851,0.00299645873059,-0.0308684863524,-0.0124378109453,0.0113557358053,-0.0374006545115,0.00956294949814,0.202753441802,0.0226054922974,-0.00219401347751,0.0313655866252,0.00540145985401,-0.0213605758068,0.00543642404108,0.000606060606061
0.0474133970413,0.0116588259358,0.0587981191052,-0.0207622306218,0.0294648226097,0.0225684608121,0.0522862823062,-0.0614838347972,-0.024219755963,0.00231809401159,-0.0181469460018,-0.0337931672993,0.0149942329873,0.012401055409,0.00566489941172,0.0414189032339,-0.0776228146452,-0.000193948797518,-0.0241283124128,-0.0158302951867,0.0137197076548,0.0354429100707,-0.00328947368421,-0.0109972041007,0.059906901437,-0.0460674157303,0.0172711571675,0.0173492467297,-0.0487571701721,0.0116822429907,0.0214365256125,-0.0154922538731,0.00300875273523,-0.0284697508897,-0.00662836942112,0.0047150238708,0.0218721037998,0.00342514628229,-0.0117847163164,-0.0454934154267,0.0112740460423,0.00339311682016,-0.0162337662338,-0.00138833796113,-0.00614389652385,-0.00568421052632,0.00859598853868,0.0478299379982,0.00796760710554,0.086377309841,-0.00404010175071,0.0259601231099,-0.0177564825254,-0.000787667379318,0.0193537805478,-0.0513698630137,0.00467758102239,0.0101836136399,-0.0266516516517,-0.0241764883651,0.000176553672316,0.0572121557997,-0.00690235690236,-0.0161652447238,0.0171656686627,0.0238311183504,-0.0214285714286,-0.0114439582632,0.012629005975,0.00921753379762,-0.00595374398901,-0.00802016498625,0.0359397765906,-0.00211366838891,-0.013319458897,0.0157196659571,0.0252866342076,0.0226653277865,-0.0262813997386,0.00189798339265,0.015920696906,0.0890369473047
0.0406614615317,-0.0378083299636,0.0389719857607,0.00153684354179,0.058703271028,0.0160679656478,0.0213489514453,0.0015929908403,0.0316702274727,0.0345625080303,0.0177310293013,0.0634342660023,0.0183948863636,0.016158457128,0.00960496858525,-0.00537546831732,0.0142851049154,0.0252182347236,0.0179362583965,-0.0647253827011,0.0259296736656,0.0252723696415,-0.000648279113626,0.0126272144742,-0.0103112468971,0.0394581861013,0.0116015846067,-0.00793079836704,0.070351758794,0.0191355988123,-0.0116289633869,0.0178228990412,0.0329970002727,0.0451041495818,0.0338078291815,0.0194376150174,0.0150553237802,0.00455127293415,0.0946643717728,0.0195305500806,0.000545723863725,0.0531400966184,0.044935262757,0.0287984111221,0.0932162030259,0.0041287317383,0.0142045454545,-0.00405748098056,-0.00259168070494,0.0385680379747,0.01171875,0.000913003782444,0.083787661406,0.0186936936937,0.0576025744167,0.0582430806258,0.0305952776854,0.0245150450588,0.0282812700861,0.0755651904614,0.0377758164166,0.005330634278,0.0388201390066,-0.00517267609919,0.0125588697017,0.00597955291204,0.0121654501217,-0.0110657133129,0.0296365830763,0.04282524863,0.0290255701451,0.02772002772,0.0318799812471,-0.000313799325331,0.0168740771989,0.0341770111236,0.164981617647,0.0336653107028,0.0811213838354,0.00947193937959,0.018628030751,-0.0172413793103
-0.0299683877766,0.0216432023534,-0.028720959576,-0.0143020749616,0.0253793103448,0.028810324457,0.0207177210507,-0.000497017892644,0.0135826531855,0.00409836065574,0.000590580245091,0.0220760497387,0.00132505753539,-0.000256476019492,0.0155937052933,-0.00598203665075,0.00554182695442,0.0264900662252,0.035451035451,-0.0411257493967,0.0313154974726,-0.00251372788286,0.01515598278,0.00595570444817,-0.0333783523056,-0.00844707700232,0.0427972027972,0.00882419752224,-0.0117370892019,0.0156469191756,0.023071973527,0.00587387786767,-0.0744456177402,-0.00800376647834,0.0215146299484,-0.0145782873462,0.03270192995,0.00821180801359,0.0125786163522,0.0268014059754,0.0021817048465,-0.0103211009174,0,0.0550193050193,0.0110119047619,-0.00263574064312,0.0112044817927,-0.158377185537,0.00623619592049,-0.00171395924586,0.0022275022275,-0.00195465207193,-0.0177389462536,-0.0179084678311,0.000608550129317,0.0252444848761,-0.00322684737012,0.0225866567275,0.021502687836,0.00748632306363,0.0201564891988,-0.00449694610377,-0.0125652741514,0.00978742927053,0.0213178294574,0.0728085112119,-0.0201923076923,0.00327078671028,-0.0046887210211,-0.00593616193071,0.0138795612268,0.0215778826703,-0.0012872936544,0.017107431531,0.0101638664178,-0.0169914263445,0.0143326758711,-0.0100420681232,-0.016,-0.0152474783017,0.0368650217707,0.00848896434635
-0.0232032675763,-0.0190250925545,-0.059386809816,-0.0165290496672,0.000807102502018,-0.00424028268551,-0.0130482058717,0.0498259572352,0.0314283997356,0.0364873222016,-0.000590231665929,0.0419642069999,0.0114222036495,-0.0189840944074,0.00246513593464,-0.0151925078044,0.1154523134,0.0152995391705,-0.0230508474576,-0.00681753020684,0.0145845786013,0.0641759639851,-0.0055768560474,-0.0277520814061,-0.00958083832335,0.0239987533115,0.00295064377682,0.00510098035819,-0.0061757719715,-0.00812792180195,-0.0429919137466,0.0278757161745,0.0225328009127,0.00137109107209,0.0210614995788,0.00270589609328,-0.00969025783007,-0.00589804802696,0.000554569653949,0.0216516902011,-0.00528689161872,0.0662804171495,0.0106899902818,0.0279963403477,0.000735943479541,-0.00401691331924,-0.0387811634349,-0.112545381202,0.0198837959974,-0.0594238840137,0.0314861460957,0.0124037080559,0.0407681940701,0.049527239982,0.0513912117987,0.0283939662822,-0.00874069278084,-0.00597754774749,0.00807734671399,0.0294369819949,-0.05710712797,0.0128101402373,-0.00677573954718,-0.0292291382705,-0.00493358633776,-0.0235465329327,0.0075237160615,0.0676046671242,0.0276105731484,0.0283896231033,0.0355486862442,0.0195819581958,0.00447342482372,0.0100300902708,-0.0139630390144,-0.00745321915636,-0.0693544205341,-0.0119259766964,0.00939164564059,0.0152453549309,0.0131578947368,0.00448933782267
-0.0371441281139,-0.0214907222979,-0.0018582056673,-0.0280555084506,-0.0344086021505,-0.0251951738822,-0.0201983106867,-0.0227358848049,-0.0701468189233,-0.0347255369928,0.0843053299867,-0.0533886115577,-0.0308497452142,-0.0410564853556,-0.029087332256,-0.05022541561,-0.0239790728092,-0.0365831517792,0.0137404580153,-0.0366434281637,-0.0247437256981,-0.0780319576963,-0.0328309381937,-0.0388201712655,0.00403063280935,-0.0706133008674,-0.023803155924,0.00526034620919,-0.0430210325048,-0.00733758234696,-0.0141294653335,0.030174723979,-0.036820083682,-0.0609826741798,-0.0350660066007,-0.0312744542486,-0.0473527869998,-0.0257098460234,0.0203968517903,-0.0544479812364,-0.0372049398155,-0.0121712671158,-0.0591346153846,-0.0135279458882,0.00897190763348,-0.0127361494375,-0.0374639769452,-0.0163636363636,-0.0179769591087,0.0115606936416,-0.0302377361201,-0.0122517410369,-0.0658465522823,-0.0293865293865,-0.00925524222704,-0.0592105263158,-0.0306988896146,-0.0353109416251,-0.0490469831249,-0.07398667407,-0.0257294429708,-0.027027027027,-0.0314475873544,-0.0595943837754,-0.0297482837529,-0.0216825355979,-0.00714285714286,-0.0151076824172,-0.0115879281803,0.00333174678724,-0.0584221748401,-0.0174794993526,-0.0381944444444,-0.0216942937896,0.0108288213244,-0.0332321457102,-0.0242373589636,0.0147058823529,-0.0658241910846,-0.045049272642,-0.0284609008013,-0.0698324022346
0.0435666435666,0.0280694236126,0.00153526920794,0.0319089190623,0.0359131403118,0.0414998179833,0.0577211394303,-0.0994571539356,0.0308897243108,-0.00432686364198,0.0113017429194,0.0144797997855,0.0595424186443,0.0226343059722,0.0363267964397,0.065582585478,0.049106611078,0.033072646754,0.0199890470975,0.0294755993151,-0.00525552736499,0.0298246926511,0.0352742208263,0.0752326272025,0.0266961059815,0.0269635936903,0.0676712328767,0.0340883279405,0.013986013986,0.0217977770584,0.0678030663746,0.0142812548775,0.0550246162757,0.062363299871,0.0859341598974,0.0697984008337,0.0454878943507,0.0492967957083,0.0120586637697,0.0336640680369,0.0560155869459,0.0528052805281,0.0618293306081,0.0373511367737,0.00714285714286,0.0111803913137,0.0449101796407,0.0436691312384,0.0114735077994,0.0291729323308,0.0248852021923,0.0419114766941,0.0510119212642,0.0541436464088,0.0862647788644,0.0638541786083,0.050539083558,0.0451936599643,0.0411081322609,0.0383750562135,0.0301297758417,0.0451559934319,0.0340147740938,0.0550763105508,0.0224056603774,0.0478464914107,-0.0333551340746,0.0352480417755,-0.00463797990209,0.0842504743833,-0.00656702898551,0.0259169778168,0.0772249254434,0.0381041617865,0.0109188298311,0.0586679887622,0.0269807280514,0.0251572327044,0.0740300282444,0.0550368550369,0.066268486917,0.0525525525526
0.00858863113157,-0.0110462692789,0.0179421935147,0.00941217358632,-0.000806234883096,0.028923453338,0.00850460666194,0.0473627556512,-0.0102109037865,0.0228457909113,0.0339302544769,0.00854625550661,0.00570010729614,-0.00426666666667,0.00090775783814,0.00927456541788,-0.0251500184507,-0.00665815395841,-0.00496644295302,0.0155934557385,0.0440274488371,0.002179577209,-0.00968494749125,-0.0069968698214,-0.0121212121212,0.00297634865799,0.00102643058763,-0.00523024257219,0.00295566502463,-0.00982152286408,-0.00811558013021,0.00269292913749,0.0104309634916,0.000527899487937,-0.00354330708661,-0.00769912189062,0.0124561403509,-0.000414536410115,0.0100901674538,0.0266540966747,0.0162976629766,-0.00543364681296,-0.0105871029836,-0.0245260045225,0.0204081632653,0.000318945354029,0.00716332378223,-0.00177108700465,0.00790211572776,-0.0313656730957,0.00592571180806,-0.00238095238095,-0.020575046162,0.0106918238994,-0.0167965600645,-0.00635775862069,-0.00801796023092,0.000363662811841,-0.0110361741263,0.0258409123719,-0.00986697207295,0.00654621628699,0.00938694135238,0.0198113207547,0.00884275278739,0.00948880525984,0.0409336941813,-0.00819672131148,0.0185089308827,-0.0108942947147,-0.00182356963757,-0.0120959109398,-0.0064111904415,0.00248213614141,0.0129406969635,-0.00421479862629,0.0157075340562,0.0245398773006,0.0155017301038,-0.0221238938053,0.000133368898373,-0.0108416547789
-0.0672460714599,-0.0237091675448,-0.0315667863094,-0.0332212255083,-0.0330823023131,-0.0495116772824,-0.049191848208,-0.00529290853032,-0.0298434141848,-0.0303471716436,-0.029821591353,-0.0221892198829,-0.0140694805628,-0.0294590251741,-0.0233012418027,-0.053842970932,-0.0194796667384,-0.0332384537692,-0.0290031026575,-0.0314389185847,-0.0202419730107,-0.00338294551841,-0.0193236714976,-0.0294826627109,-0.0277063130813,-0.0346563510148,-0.0494744937196,-0.0227099451312,-0.0250491159136,-0.0310366894198,-0.0160942276569,-0.0345815428688,-0.0524314045096,0.00627868938954,-0.0454365863295,-0.0289957147981,-0.0344827586207,-0.0348354990323,-0.00467587672689,0.010351448368,-0.0291981845688,-0.0214330741752,-0.0374513618677,-0.0277282453638,-0.0124822695035,-0.0154107769157,-0.0327169274538,-0.0113107119095,-0.0437531613556,-0.000402252614642,-0.0537356321839,-0.020097977641,-0.000538647993536,-0.0337066998548,-0.0142134754681,0.00976032968225,-0.00484966052376,-0.0140322815181,-0.0269063856169,-0.0493948775683,-0.0282053563484,-0.0465660770031,-0.0344827586207,-0.0430157261795,-0.0384908536585,-0.0653020372047,-0.0100747481313,-0.00969485060394,-0.0282119710255,-0.0359623125581,-0.0227220826673,-0.0185285513057,-0.0369555653322,-0.0238595438175,0.00211246353486,-0.0290014108794,-0.0359928835363,-0.0126269200729,-0.0190813684067,-0.046201476542,-0.0460061341512,-0.0530718200173
0.0282352941176,0.00593631948192,-0.0356729328148,-0.0431215107997,0.0180806675939,0.00375268048606,0.0365853658537,0.0457198946118,-0.0112032407114,0.00438157235854,0.0161073825503,0.0452961672474,-0.00486947112133,0.0173841059603,0.018,-0.0524790903624,0.0329634139098,0.0090226992117,-0.0119477632676,-0.0372912236797,-0.0135359772026,0.0020852425631,0.0109936321038,0.0345815819641,-0.00671687360065,0.00653235988363,-0.0458468176915,-0.00959603710525,-0.0498740554156,-0.0454595487067,0.0231198026135,-0.0166384061043,-0.0278096330275,-0.00325083892617,-0.0206953642384,0.0216573630543,-0.00807609475951,0.0307934689201,0.0231689088191,-0.0224737668347,0.00966183574879,0.0105217951471,-0.00505305709955,-0.00651077487391,-0.00272910083309,0.0164075993092,0.05,0.0388066397488,0.0302168738429,0.0463782696177,-0.000455511691467,0.0342263812332,-0.012395580706,-0.019856176881,0.00263413281575,0.0372677478252,0.0157569850552,0.0313398716909,-0.0149082568807,-0.0626202812731,0.0117194652994,-0.012278308322,-0.0233549266962,-0.0148219751893,0.00237812128419,-0.00262049394759,-0.0508864084045,0.0515166104959,0.0364848960377,0.0123887308434,-0.00759434513378,0.00353278869508,-0.00959342165372,0.0171022290546,0.0402529612528,-0.0192121407814,0.0119250425894,-0.0320369149637,0.0832291232458,-0.00449438202247,-0.0547945205479,0.0453853183064
-0.0298398169336,-0.00772532188841,-0.00229882375307,0.0269484515052,-0.00409836065574,0.0106818586434,-0.0131907308378,-0.00494022329809,0.0141467161695,0.00473638289916,0.00435931307794,0.0411111111111,-0.030990893027,0.00189856251695,-0.0196463654224,-0.0305390488279,0.0141153938261,0.0031061746988,0.00857705286839,0.0580563855877,0.0276841598459,-0.0112263781418,0.00505080515776,0.0163434903047,-0.0477459016393,-0.01592495637,-0.0124364047484,-0.0279005703217,0.0737009544008,-0.0034594095941,0.0618971061093,-0.0143873262205,0.0280153347095,-0.0330352446081,-0.00803043110735,0.00974272611368,0.0132078885471,0.0148673058219,-0.0305749765209,0.0384582875497,0.0123475845038,0.0217807054824,0.0137125444388,-0.00886099316965,-0.0391761486389,0.00467289719626,-0.0112044817927,-0.00518246599007,-0.0258648353764,0.0450918180944,-0.0202035546104,0.00161130391671,0.0147339699864,-0.008979413053,0.0211559734513,0.0297162973701,0.00303854150008,-0.002574002574,0.0034924330617,-0.084333543904,-0.00891402714932,-0.0598066298343,-0.00768022342468,-0.0452984464432,0.0134440490312,-0.0254135565642,-0.0378761674161,-0.0227411477411,-0.034569770376,-0.0358049311095,-0.0295502707794,-0.0028602860286,-0.025061500615,0.0137918004912,-0.00685129788671,-0.0251851851852,0.00799663299663,0.00163443203487,0.0260389943561,-0.0280912967143,-0.00650695060633,0.00786713286713
0.0670818001698,0.0166522491349,0.0650749810828,0.0514538888925,-0.017695473251,-0.00140919499736,0.0104768786127,0.0635488034952,0.00820551663195,0.0931646197742,-0.00249901354728,0.018963960266,0.0185159208865,-0.00974553329724,0.0227955911824,0.0333657336692,0.0274695960312,0.0331237684151,0.0140805799526,0.323769386239,-0.0073787772312,0.03689863635,0.0236490481258,0.0193513218861,0.0639122014203,0.0128574595433,-0.011448196909,0.0447257608161,0.0288888888889,0.0340199028003,0.00887374884347,0.0457602099393,0.00286861732645,0.0971602654771,0.0328078397955,-0.0181292083239,0.0142857142857,0.0173877327492,0.0250807319699,0.0183949210483,0.0385729531941,0.0289071435999,0.0328156312625,0.0180666790836,0.0547144356168,0.0184989429175,0.0368271954674,0.0748860429781,0.0464488074845,0.0217111315547,0.011007751938,-0.00965227075857,0.115219144931,0.0187845303867,0.116858496953,0.000603318250377,-0.016262755102,0.0293189964158,0.046403712297,0.0700241462573,0.0878875039949,-0.00866754811224,0.0242744063325,0.0441932168551,0.0372610222396,0.0211200948808,-0.0422433938522,0.059503357801,0.0687401986409,-0.0506721820062,-0.0539851995633,0.032546337158,-0.0686011670084,0.00838613492359,0.0394481150408,0.032928064843,0.018093249826,0.0608512374218,-0.0105013126641,0.00387096774194,-0.00506103006847,0.0410523272622
0.0488947833775,-0.121888959796,0.177000961377,-0.00842152332687,-0.0601871247033,-0.0508026106897,-0.0407579549517,-0.00858930071889,-0.0452638828022,-0.00147526100772,-0.012526371308,-0.0447147921366,-0.097507230409,-0.0224166211044,0.0216577446555,-0.0276716641391,0.0760404690543,-0.0283378746594,-0.0224085784988,-0.0123067421384,-0.0350442477876,-0.0252021143545,-0.0361557121405,-0.0319073083779,-0.096177184466,-0.0251149047932,-0.0222929936306,-0.0419167260028,0.0139188864891,-0.0120859444942,-0.0199674850973,-0.00522793810121,-0.0366132723112,-0.0342621975407,-0.0571369636964,-0.0266407554557,-0.0635563380282,-0.0117077109407,-0.0354930169064,-0.111413043478,-0.0204051673517,0.110965133906,-0.048265825855,-0.0432674716429,0.0265776009096,-0.0459782044629,-0.0136612021858,-0.0266558966074,-0.0581124472707,0.0164775796867,-0.0582732709707,-0.0441084593278,-0.0551537070524,-0.0245119305857,-0.00557710960233,-0.0419053361471,-0.014262560778,-0.0337070826659,-0.0556787386056,-0.0833333333333,-0.00956857478597,-0.0348251333729,-0.0706680405289,-0.012467191601,-0.0618769983073,-0.000632112663473,0.0476726726727,-0.0232900943396,-0.00507459036439,-0.0253515547633,-0.00410361631187,-0.038999893151,-0.0213342363698,-0.0243577896877,-0.00635632828566,-0.0438123263037,-0.00765550239234,-0.0301865025957,0.0185723310171,-0.0156812339332,-0.0287253141831,-0.0230491530131
0.00918823231897,0.0261627906977,0.0167094685434,-0.0054866591507,-0.021396731055,0.0609552127857,0.0108087961237,-0.0874846972408,-0.0163278688525,0.00943289010115,0.0201629055949,-0.00379522644851,0.0241110941553,-0.00139821029083,0.0105479452055,0.0198612084538,0.0176407692308,0.0145821648906,0.0171565180706,0.00453584555906,-0.006603081438,-0.0323660625128,0.0308005752637,0.0578162401031,-0.0473313192346,-0.0378851658528,0.00829138288422,0.0115414900864,0.0433136094675,-0.00498414136837,-0.013696299447,0.0777275593862,0.0480997624703,-0.0128356523079,0.0286589367753,-0.0115155899899,-0.0035721000188,0.0412581699346,0.030157866086,-0.0296815974096,0.00209800689345,-0.0125534431002,0.0387359836901,0.0432163686777,0.0369652498962,0.0322019147084,0.0277008310249,-0.0363070539419,-0.0189171122995,-0.0527061741518,0.0284969874613,-0.0043137254902,-0.0327272727273,-0.0602623971537,-0.0358449158742,-0.0140549611915,0.0504768168366,0.00345945945946,0.0133055048265,-0.00298927378231,-0.0149152542373,0.0477506525411,0.0595953062922,0.0362956810631,-0.00761828388132,0.0253429648073,0,0.0181104738907,0.0130891661034,0.042471042471,0.0175122328097,0.0206804536358,0.0449826989619,-0.00871344143052,-0.00395108184384,0.0422294409301,0.0468384074941,0.0243193232884,-0.0143884892086,0.0146252285192,0.0166358595194,-0.013644115975
0.0614767791514,0.0356468366383,0.0304134201173,0.041338988815,0.0434254479198,0.0416009809073,0.0851769911504,0.0515995872033,0.0231317912139,0.0310740824139,0.030497382199,-0.018963765662,0.056176426762,0.0299635956315,-0.00298224210384,0.0679668973528,-0.0131525935176,0.0680854984338,0.0577906815982,0.0519898886168,0.0450516986706,0.00670444311018,0.0318567608418,0.0483899042646,0.0434578341555,0.0634115039085,0.01953010279,0.0393898444436,0.0485480943739,0.0274362477231,0.0154821459376,0.00234066416346,0.0220963172805,0.0326103916368,0.0259464057848,0.0188314149494,0.0537735849057,0.0291617627828,0.0164870006341,0.0535780496848,0.0614625392553,0.0389682174113,0.094700686948,0.0457336632756,0.0256341789052,0.0278246205734,0.0323450134771,0.00645855758881,0.0818968454044,0.0565737796895,0.0168619379354,0.0546146776946,0.00171481334916,0.00567912920019,0.0350278199292,0.071914893617,0.0214431053373,0.0283344106874,0.058316168898,0.123456790123,0.0466706813489,0.0108440797186,0.0580746424834,0.0340626753226,0.0638383838384,0.0811533674397,-0.0105696882838,0.0352801660243,0.0222006551013,0.0488304093567,0.0506200961782,0.0541394335512,0.0237582781457,0.00183444164183,0.0605402342274,0.1281167979,0.0159231477826,0.00529032258065,0.0572615152278,-0.0162162162162,0.02,0.0331412103746
0.0465848284545,0.00638249373148,-0.0044265761133,-0.0293198035634,-0.0174621653085,-0.0211048515934,0.0067957866123,0.0256133464181,0.0321866041178,0.0218388294387,-0.00177822939159,0.0685191577494,0.000846501128668,0.00584556824361,0.00876954452753,0.0944470123349,0.043201257009,0.00526179591133,0.0207815971768,0.0123149565147,0.0214369846879,0.0564368927527,0.0047323943662,0.0365266478499,-0.0200360198109,0.0101486642164,0.0187238945701,0.0283334034586,0.0112505408914,0.0674792243767,0.037202191362,0.0144490391632,-0.00859201773836,0.0121386118666,0.0327529021559,0.00581520568598,0.0322291853178,0.00139771283355,0.0276044915783,0.030441668133,0.0295857988166,0.0205710232311,-0.00672344240251,0.0338299737073,0.0127570945066,0.0157916324856,-0.00130548302872,-0.000641711229947,0.044776119403,-0.0118594565891,-0.00490463215259,0.0256442176024,0.0983671319463,-0.00694117647059,0.0507635919365,0.0701667328305,-0.0012258657677,-0.00122228042605,0.0117990512103,-0.0141287284144,-0.0189454650064,0.0194259205567,0.0210977418823,-0.0223221206015,-0.0341815419673,0.0257182085965,-0.0805721528155,-0.0130297823597,0.0488962734394,0.0323390019515,-0.00529992772826,-0.00961041645138,0.00250667097922,0.0289158464942,0.0148722058954,0.0213755998255,0.00246113989637,-0.0170709793351,0.0110701107011,0.00758765044479,0.0219845513963,0.00362622036262
-0.0293984962406,-0.00611551528879,0.0145080797885,0.0748037383178,0.00888625592417,0.0285174368665,0.018899763753,-0.00650655439671,0.00763792450448,0.00689249839709,0.0640030538236,-0.0283476013568,0.0241753594587,-0.00283822138127,-0.00303254936316,0.034631245963,0.0176462338719,0.0286596876609,0.0216389244558,0.0178234184943,-0.0206411439114,-0.0156905234667,0.0113266793765,0.00784879064552,0.0133241442683,0.00260671228413,-0.00593807436731,0.00533951981146,-0.0053487376979,0.0242889765414,0.156532776481,0.0166890466142,-0.0307520268381,-0.0342871361035,0.0289040545965,-0.0203330737785,0.00416305290546,0.000761324704987,0.0723933829109,0.0260416666667,-0.0095785440613,-0.0018245004344,0.0196299638989,0.013479145473,0.0272493573265,0.0175651120533,0.0352941176471,-0.0338184931507,0.0226642555756,-0.130317957904,0.0156470035988,0.0237892948173,0.0631818726771,-0.016704181969,0.0595895587466,0.0054715756283,0.00767106474379,-0.00783216783217,0.0156287569127,-0.00509554140127,0.0499329758713,0.0061149032992,0.0330912025827,0.00951323925797,-0.00668501769564,0.014765689036,0.0460811343048,0.0320615116785,0.010522742702,-0.0207939508507,0.0198595301526,0.0340150250417,-0.00693660267785,0.0169434969598,-0.013338013338,0.0126708428246,-0.0223543093423,-0.0118829981718,0.0280197786673,0.0018177096858,-0.00406976744186,-0.0389105058366
-0.0151057401813,-0.0234731084777,-0.0183970128742,-0.00159977044277,-0.0393423370523,0.0116919993319,-0.0274925472011,-0.0236925744005,-0.028941928209,-0.0125762801804,-0.00143506338197,-0.0157925359488,0.000688183882733,-0.0398481973435,0.018521022036,-0.0259324475748,-0.000673416869093,-0.0253586920254,-0.0233111918787,-0.072087291257,-0.0357941834452,0.0201467403085,-0.037037037037,-0.0158931977114,-0.0256177737474,0.00157079406348,-0.0123737732897,0.0415369400388,0.00301140030114,-0.0104884475071,-0.0284642073214,-0.0255660377358,-0.0207672339198,-0.00510151499536,-0.0600858369099,-0.0211916466188,-0.0371394023147,-0.00925573728921,-0.00509482026606,0.0566697178996,-0.0315004144791,-0.0135782052398,0.000663863686656,-0.0219991635299,-0.00275275275275,-0.0222222222222,-0.00757575757576,0.0323438192291,-0.027702463751,0.0299691040165,-0.0409027884764,-0.0227622999407,0.0100360847993,-0.0153012048193,0.0108087347745,0.0439033388674,-0.0298416565164,-0.0205102903862,-0.0437973484848,-0.0825864276569,-0.0237392275774,0.00749116607774,-0.035,-0.0332966860374,-0.0310768012668,-0.0079611202904,-0.0380271084337,0.00477930840596,-0.0440040309036,-0.0569957712815,-0.0346710995013,-0.0359233097881,-0.0743989603639,0.00288016333078,-0.0104055496265,-0.0215099114298,0.00555114988105,-0.0111008325624,0.0254237288136,-0.00362882322447,-0.0179509632224,-0.0451127819549
-0.0172251061822,-0.0301050175029,-0.0137626759925,-0.0217038805602,-0.0577628361858,-0.0135380551428,-0.0361035422343,-0.000690539607379,0.0517385975098,0.010801805675,0.0391616766467,0.0205219153788,-0.0372051440754,-0.0200451722191,-0.00457924077515,-0.0481183237469,0.0139830569661,-0.00154056829853,0.0051328114975,-0.0530933972549,0.0214922456954,0.0583313284299,0.00587286964532,0.00177648578811,0.0123313168916,-0.0346655129522,-0.0106566820276,-0.02031143153,-0.00579026377868,0.0177684469251,0.00604912178413,0.0410252686611,0.020913107511,0.0189050603408,0.0199252801993,0.028888116103,0.0992106207391,0.00678269772204,0.0132764343291,0.00590644195936,0.020970042796,-0.0150004411894,0.015922158337,0.00573041395826,0.0503136762861,0.0350040584416,0,-0.0583690987124,0.0122453928225,-0.00709929007099,0.00433700104409,0.00800679364309,0.019091213576,0.011990701089,0.050643217717,0.0988690581375,-0.0144381669805,0.00151111750738,-0.0110175786086,-0.00540823447313,-0.0283624177531,-0.0274971941639,-0.00420984455959,0.00129975629569,-0.0320735444331,-0.0282300658597,-0.0197651663405,0.011751538892,0.0344342937456,-0.0426983817508,0.0186961869619,-0.00429139627381,-0.037557037557,0.00828849789152,-0.0175249393367,0.035632183908,-0.0333859095689,0.026059067219,0.0012285012285,-0.0332986472425,-0.00965968197355,-0.00363416111448
0.018087234894,0.0311597690087,0.00471407400186,0.00664162214971,0.0120012974376,-0.0105439330544,0.00371024734982,-0.0102665350444,0.0215297797951,0.0353554149609,0.0132534286044,0.0173783515392,0.000928571428571,0.0168539325843,0.0196013067538,0.0196298470357,0.100659569767,0.00565746614092,-0.0252776713903,0.00718131961102,0.0198445905559,0.0587690639042,-0.000515168860904,0.0303885216831,0.0276947828085,0.0388795518207,0.0349344978166,-0.0159462661088,0,0.00754679009861,-0.000724427702115,0.00109274371672,-0.0276976341604,-0.0234851565677,-0.02442002442,0.00274239320816,0.0328056144932,0.0198932248634,-0.00439868975199,-0.0151882877946,0.0349308369429,0.0260682612201,-0.0113191118851,0.0272982396462,-0.00788436268068,0.00499950985198,-0.00508905852417,0.341385597083,0.00934243621991,0.0460221550856,0.0195921631347,0.0192562281863,0.0231704645048,0.020916455084,0.0514569125852,-0.00603039318164,0.0525477707006,0.0212674234804,-0.0182751283014,-0.0170145588493,0.0243533123028,0.0155799192152,-0.0108943089431,0.0378062631835,0.0303925707049,0.00607605924158,-0.0345378319026,-0.00304203539823,-0.00147192028986,0.0146639511202,0.00108669403526,0.014611584148,0.0184172137126,0.0133040092299,-0.0254299304793,0.0147058823529,-0.00557519717161,-0.0191456108362,0.0129392080312,-0.0141280947255,0.0399159663866,0.0297872340426
-0.00660325446113,-0.0442188776105,-0.00138625966083,-0.00749084537721,0.00833333333333,-0.0424560216509,-0.0265798274952,0.00428884899262,-0.0134201993515,-0.014275444182,-0.0219517743403,-0.0237514234586,-0.0169128666238,0.0341408131463,-0.00369450075198,-0.0265412553548,-0.0692426627563,-0.0112512785544,-0.0360183366077,-0.00571858688974,0.0011135857461,-0.0387608632796,-0.0162075482504,-0.00899632324181,0.00525550710053,-0.0279335634167,-0.0362869198312,-0.0118555927999,-0.00690250215703,-0.0189753320683,0.0181238219516,0.0189976311022,-0.0103857566766,-0.0233211868818,-0.0500625782228,-0.0040339623384,-0.0518331226296,-0.00629401134168,-0.00601616845272,-0.0360918991971,0.000540029701634,0.0384145276759,-0.0546014971378,0.0730132450331,-0.0149307645996,-0.0243854857589,-0.0102301790281,0.000594631328576,-0.0328705351845,0.0110715317223,-0.00470588235294,-0.0142874011099,0.00851223298892,-0.00994789199432,-0.016018081761,0.0446125222456,-0.0102874432678,-0.00914591248065,-0.0795613923244,-0.0478229835832,-0.012975281268,-0.0321022727273,-0.0251520631267,0.00093808630394,-0.0352314625154,-0.0246267836993,-0.0632754342432,-0.0298196948682,-0.0183127338701,-0.0673424327579,0.0295501145821,-0.0138831330294,-0.0495971351835,0.00238391745241,-0.0172705087291,-0.0169537872573,-0.0321345549022,0.0148718629664,0.00792864222002,-0.0342568581957,-0.04329004329,-0.0194805194805
0.00775500514363,0.0142822265625,0.00654021555829,-0.0306254288184,-0.0133502860776,0.0282635576753,-0.0155515370705,-0.0288012712285,-0.0549283344999,-0.0152115023963,0.0234911036167,-0.058740209965,-0.0162601626016,0.013698630137,0.000886030256292,0.0305958272092,-0.0421671743276,-0.0205172413793,0.0357336956522,-0.000614573169823,-0.00614718107839,-0.0425203358128,0.00419140761439,-0.0145247868645,-0.0284760845384,-0.0534228336847,0.00525394045534,-0.0190775818929,-0.0152041702867,-0.00386847195358,-0.0193677015095,-0.0144953961163,-0.00329835082459,-0.0257435241445,-0.0267896354853,0.0161415394621,-0.0253333333333,0.0012542330365,-0.0169283147343,-0.0247422680412,-0.00958035352854,-0.0395157222129,0.00908244061481,-0.0313223268014,-0.0101454589903,-0.0159968006399,0.0103359173127,0.0385431700484,-0.0149693251534,0.0576080746524,-0.0220646178093,-0.00766650694777,-0.0608344834908,-0.016028708134,-0.0465394986518,-0.0801874007821,-0.00978294099664,-0.00340812269242,0.00221637345893,0.0281109445277,0.00332806389883,0.00675080716173,0.00691399662732,-0.0135114026867,0.011889596603,0.00957648080199,0.0596026490066,-0.000285918513224,-0.00386947733179,0.00279780479931,-0.0161668228679,-0.0283673040555,-0.00640542577242,0.0030526764163,-0.00611270296084,-0.0136300417246,0.0052274653857,0.0138688996467,-0.016497323282,0.0183719615602,0.00980392156863,-0.0057194461168
-0.00392618767177,0.00517511132507,0.0141101739868,0.00862193216288,0.0222293814433,0.00979213193609,0.0279206465834,0.0459147152061,0.0464322514168,0.0262378332628,0.0420406771958,0.0307161193237,0.0143152302243,0.00675675675676,-0.0228196721311,0.0124387135974,0.0240438353355,0.00695300123218,-0.00275482093664,0.124007956241,0.0378770028275,0.0380482929378,-0.00382608695652,-0.0110541493111,0.0251889168766,0.0719099806599,-0.0110336817654,0.0021117072212,0.00529333921482,0.000408788962698,0.000435666569852,0.00934320074006,-0.00481347773767,0.0413042288965,0.0076714801444,0.0544008604591,0.172366621067,-0.0110234247777,0.0023088023088,0.0808456659619,0.0153950953678,0.00367647058824,0.0408492960997,0.0154507805033,0.010372931588,-0.0030481609429,0.00255754475703,0.030000817461,-0.000871948181365,0.0607724858198,0.0120870265915,0.000845002414293,0.128532670133,-0.0269876002918,0.0325756782235,0.0282875905035,-0.0410620561902,0.0126816756911,0.00483759502419,0.0164053955523,-0.0155900157559,0.0137026239067,0.0345000837381,0.00506689889953,0.0127989928661,-0.00134060491501,0.0129166666667,0.003289003289,0.0146103896104,0.0247880673892,0.0413193617528,-0.00497404844291,0.0506257110353,0.00191096326704,-0.00221026330963,0.00592216582064,-0.0098383696416,-0.0553619821913,0.0378804710064,-0.0172078823203,-0.00911127707244,0.00968816227672
0.00591249507292,0.0274185823755,0.0186993883515,-0.00749107019012,0.0315159155373,-0.00527390268799,0.0178699070765,-0.0158877590927,0.0214167025663,-0.0109278350515,-0.0500490677134,-0.0145139127448,-0.00130947184636,-0.00697986577181,-0.0181854784593,-0.00694311314857,-0.00103977677632,0.0168691547942,-0.0276243093923,0.195310817945,-0.0262784494012,-0.00997877368813,-0.0130353817505,-0.00963874939252,-0.00256868438687,0.0153635866594,-0.00352319436289,-0.0152807450928,0.0125054848618,-0.0126672795996,0.0130643054144,-0.00490330858766,0.0547158403869,0.0149206682778,-0.02552619794,0.0196749055568,-0.00751166861144,-0.0100063331222,-0.0182839044054,-0.0176824974572,-0.0379712867302,-0.000697714983429,-0.020399113082,-0.000470588235294,-0.0257883158152,-0.00163065633918,-0.00255102040816,0.00873015873016,-0.00548560029921,-0.0331013410287,0.0171974522293,0.0358219756362,0.0568967244315,0.0194902548726,-0.0370257658754,-0.0164565252988,0.020605280103,-0.0173772337132,-0.00976616231087,0.0136298421808,0.0263667761772,0.01164797239,-0.0118180346446,0.00575029539189,0.00227884814585,-0.0324309504468,0.119703825586,0.00313568985177,0.0117714285714,0.063664921466,0.000800457404231,0.021734405564,0.0672261324671,-0.0186493359706,-0.0682846961379,0.0297168488926,-0.0174591909155,-0.0121584699454,-0.00246173605908,0.0163795537984,-0.00150738619234,0.0191904047976
0.0395768025078,0.119449947559,0.125927704038,0.0396490551485,-0.00702719217843,0.00701214297931,0.0143960674157,0.0227013064428,-0.0216304151353,0.0604544506984,-0.0114784205693,-0.000305010893246,0.00859557109557,-0.00527169505272,0.00444262183036,0.0518540900774,-0.0795656577049,-0.0448684889118,0.035579004329,-0.00230828923814,0.0123571928188,0.046549897562,-0.00117924528302,-0.0265805185246,-0.00660620311275,-0.0590167465403,0.0167943429582,0.0538633647759,0.0279523293608,0.0512157268495,0.0276543917467,0.0367487911582,0.0578962453425,-0.0490216378507,-0.0822610294118,-0.094867807154,0.0540083768095,0.0121545547595,0.00185755487119,0.0185583432895,0.0189679218968,0.0445103857567,0.00497962879131,-0.0164783427495,0.00890728892234,0.00612494895876,0.0102301790281,0.0429583005507,0.0200576657891,0.0819873595506,0.0408578584847,0.0174662319516,-0.0391432091745,0.0394607843137,-0.00400294954177,-0.0263048364272,0.00141955835962,0.00229111477053,0.0602861508543,0.0355626326964,-0.0210111621799,-0.00568585643212,-0.00720838794233,0.0487155388471,0.0264572137247,0.0370882667165,0.0580455547392,-0.0592497868713,0.0239466847396,-0.0263831462886,-0.0116544789762,-0.0176558179111,-0.0206307601251,-0.0277857759862,0.0117841637379,0.0487340049006,0.0066454781855,-0.017494122528,-0.0274678111588,0.010558488469,0.0208333333333,0.0347160929685
-0.0297776102525,0.00437226733292,-0.0353887642765,-0.0234579199714,0.0286153846154,-0.00169836956522,0.00969193492558,0.0264231591218,-0.00166276635054,-0.00835462944761,-0.0231072921505,-0.0419735867149,-0.00252780586451,0.0495991303166,-0.00823353293413,0.0113788700926,-0.00783517866776,-0.00476961843053,-0.00914435009798,-0.0197505583131,0.00644864117918,0.00145708372054,0.0212514757969,0.0549487481096,-0.0522993688007,-0.0197424892704,-0.00115908432338,0.000337760407242,-0.0223440134907,-0.00305118110236,-0.0110847741216,-0.0103939945809,-0.00812787862368,0.0323335692123,-0.00450676014021,-0.00431531207544,0.0185443390965,-0.0061939072178,-0.0116613808246,-0.0123553331248,0,-0.00885695187166,0.0184684684685,0.00925482687091,-0.0386719721462,0.00223214285714,-0.0151898734177,-0.0319855159928,-0.0105690057761,0.0382930391043,-0.00654233719356,-0.0387960631724,-0.00374827382127,0.0174487149257,0.0482284505553,-0.00555698042233,0.00173255630808,0.0147867704836,0.0073365649155,-0.0203314539552,-0.0247317236754,-0.00171551107934,-0.0469471947195,-0.00224047796863,0.0197341925091,0.0146285880822,-0.0333333333333,-0.000453103760761,-0.0366243794815,0.00611729019211,0.0232369942197,0.0186227804244,0.0223603556937,0.001332741004,-0.0032693093584,-0.0251817237799,-0.0199483352468,0.0135829403899,-0.0477714033539,0.00934836403629,-0.00680272108844,-0.00398066533978
-0.0184926184926,-0.0180348258706,0.0231895329047,-0.012770600396,-0.0221358061621,-0.0172677781558,0.00137127185465,-0.00880181714935,-0.00653876997101,-0.0187332738626,0.00142636396054,0.031847133758,-7.24060531462e-05,0.0183842568617,-0.010154373928,-0.0639704606063,0.0276782662731,-0.0154625192151,0.0123269611074,0.0631551858552,-0.0146453089245,0.00714975792432,0.00820809248555,-0.00159286396942,0.0371075166508,-0.0598949211909,-0.0487380330722,-0.0130275221982,0.0625269512721,0.0102181854082,-0.0553048995418,-0.0103685084609,-0.0150232177001,0.0416029528078,0.00201207243461,-0.00399309655809,-0.0194387405886,0.0202238616128,0.00720774091627,-0.0175771971496,-0.0678894059677,0.0553026471084,-0.0875718708536,-0.0096442687747,0.0216013452335,-0.00647904434096,-0.0154241645244,-0.00639027431421,-0.00981244565892,0.00711048601344,0.0105215350844,0.026907965234,0.0357425742574,-0.0158748551564,-0.0196751084653,0.0398899587345,-0.022641509434,-0.0327326481768,0.0158668227338,-0.0320892919428,-0.0100575947735,-0.0630101675498,-0.00528092805818,-0.0059880239521,0.00454186413902,-0.0515489828037,-0.0158045977011,-0.00498640072529,-0.00240467193404,-0.0347721220039,-0.00847361880014,-0.014987244898,-0.0413781455835,-0.0123484176279,-0.124128741287,0.0133155792277,-0.0279689559233,-0.023746701847,0.00405515004055,-0.0478071370199,-0.0318642048839,0.0385383956609
0.030636478784,0.0135106607558,-0.0175813751689,0.00163051046209,0.0220250841236,-0.0137626590496,0.0188291680931,0.0598682325981,0.0148401117665,0.0339393939394,0.0250445103858,0.0261904761905,0.0198406951484,0.0170353419781,0.00547584390379,0.0256747416511,-0.00375400059308,0.0247979426892,0.0341863645243,0.047336309206,0.0152113330237,0.0401622748634,0.0030959752322,0.0328653477983,0.0174311926606,0.0131644311972,0.02714242147,0.0191985012625,0.0316558441558,0.000146591741999,-0.0204843102869,0.0171897677794,-0.00915141430948,0.0163004961021,0.0135542168675,0.0126514469747,-0.00349015775513,0.0155840917591,0.00333300656798,0.026031592521,0.00234948604993,0.0113436651222,0.0310227823558,0.0114942528736,-0.00709040263358,0.0213980028531,0.0182767624021,0.129098039216,0.0189412945309,0.0964388238032,-0.0146816479401,0.00533333333333,0.0290603192811,0.00482750500412,0.0604158089749,0.041832010582,0.0215572715573,0.0264900662252,0.0172833183971,-0.0356756756757,0.027613754776,0.00504355800092,0.0165361183638,-0.00722891566265,-0.0096323963043,0.0321944284374,-0.0408759124088,0.0435839028094,0.0345500459137,0.019001509709,0.0621011850501,0.021689867271,0.00246652572234,0.0346634723366,-0.000585137507314,0.0241787122208,0.0256101235312,0.049359886202,-0.0679667666744,-0.00443427263625,0.029836973239,0.00357339197361
0.0180505415162,-0.0231201832951,0.0056201204026,0.0143598540911,0.00119724633343,0.0157977883096,-0.0168010752688,0.0063963963964,0.000856583455702,0.00586166471278,0.00104214914312,-0.0024061184154,-0.0129224652087,0.00425,-0.00951330483938,-0.00685381808619,0.00824440044621,-0.00761785266177,0.00793350963355,0.00647352583972,0.0344275420336,0.0345047711076,-0.00754458161866,0.0010812480692,-0.0197249774572,0.0538122088747,0.0169239904988,0.00437155849657,0.00275373721479,0.0431893687708,-0.0140941642542,0.000579658447407,-0.00727679820879,0.0211197449691,-0.00247647350173,-0.0146819883979,-0.0240963855422,-0.0109256076602,-0.0519785051295,-0.0175162987982,0.00102549077058,-0.0116903633491,-0.0192759755524,0.0589488636364,-0.0158122927825,-0.00518754988029,0.0025641025641,0.175743262017,-0.0132955804506,0.0345315595811,-7.60225026607e-05,0.00588167454734,0.000371574547143,-0.00632763065386,0.0161118120936,0.00928424059673,-0.0132283464567,0.00708968450904,0.0203876164108,0.0213004484305,-0.0417441270914,0.0158150851582,-0.0344178082192,-0.00470266990291,-0.0129019452164,0.105889640053,0.00228310502283,0.00101862630966,0.00432708310219,-0.0269745580873,0.00718806994958,-0.00591465990706,-0.0195079086116,0.000289435600579,-0.00936768149883,-0.00359250705671,0.0157168037603,-0.0272468483123,0.0513804630432,-0.0477011494253,0.0188172043011,0.0739523418242
-0.0151275086766,0.00703624733475,0.00769356866767,-0.00957584938325,0.0136023916293,0.0157249006394,-0.00273410799727,0.0212156476591,-0.0400415698741,0.0143745143745,-0.00543666859456,-0.014126970454,-0.00136670982592,0.0129449838188,-0.00897828507795,-0.0346214315267,-0.0133686197875,0.00623137361149,-0.00212393803098,0.00184829567328,-0.0490933215391,-0.00013582940294,-0.0175074867542,0.00910353340534,-0.00310451879959,-0.041642433407,-0.0195620437956,0.047555580311,-0.00372695174578,-0.00323154739603,-0.0173093269454,-0.00851158645276,-0.0346771919932,0.00214634146341,0.00844091360477,0.0139517838755,0.052540913006,-0.00012411567581,-0.00525610635886,0.0137511992325,-0.00761012732328,0.00527493606138,0.0728667305849,0.0246665176243,-0.00259134490801,-0.00902527075812,-0.0076726342711,-0.0354484225452,-0.0271990018715,-0.0138850889193,-0.0260016726222,-0.029121761064,0.0184789674064,-0.0169811320755,0.0454675709237,-0.0248447204969,-0.0389403127992,0.0065469904963,0.0284903798717,0.0398829125503,0.0153439153439,-0.00134730538922,-0.0354672814329,0.00243865264441,-0.00683691936457,-0.000346375220169,-0.0203113135915,0.00799534816107,-0.0306009721608,0.0199516958942,0.0296122709842,0.0147683807905,-0.0105753719305,-0.00477430555556,-0.0290780141844,-0.0312902395055,0.0422270426609,-0.00320512820513,-0.00918511540273,0.000452625226313,-0.0190559953093,-0.0102014792145
-0.0209522350327,-0.03175947491,-0.0172187452935,-0.0104331676408,-0.0768323256157,-0.0155665192242,-0.0310143934202,-0.00333099579243,-0.00356619754187,-0.0132133282267,-0.0316352640149,-0.0318042813456,-0.0308290715263,-0.0157286802654,-0.030479668516,-0.00223715564089,-0.0177450062934,-0.0518757853168,-0.0214097909102,0.00675821434831,0.0116279069767,0.0238998805201,-0.021101992966,-0.0276758409786,-0.0309111880046,-0.0327709673504,-0.0151876116736,-0.0273337359144,0.00177200236267,-0.0179955833294,-0.0132106628922,-0.00292147961706,-0.00613317757009,0.0254088785047,-0.0216642048252,-0.0231387198094,0.00450081833061,-0.012040714995,0.0109821798591,-0.010094637224,-0.0253649904144,-0.01955795834,-0.0281501340483,-0.0407272727273,0.00168875032476,-0.0274235984618,-0.0180412371134,-0.0893054024256,-0.0129537001411,-0.000693625580911,-0.0110061665756,-0.0173594709495,-0.0244347191831,-0.00383877159309,-0.0651439013248,-0.00104813351608,-0.0222517436068,-0.0223807525528,-0.0136707039213,-0.0879662209711,0.0109431995831,0.00614600509669,-0.00275785990072,0.00334499011707,-0.0512249443207,-0.0424954292118,0.000387521798101,-0.0242284395731,-0.00182336182336,-0.0466385256872,-0.0413821642872,-0.038529996859,-0.0391304347826,-0.00857682802733,-0.0261748234721,-0.00451947361425,0.0217843763008,-0.0293583111981,0.000118849536487,0.000150806816468,-0.0137477585176,-0.0409688224684
-0.00688575899844,-0.00557620817844,0.000401180637544,-0.000883197173769,0.00287539936102,0.00820876177309,0.00725022104332,0.0392260334213,-0.00236467054387,0.0143605666602,0.0139322603891,0.00171464669254,-0.00966183574879,0.00149812734082,-0.00593987685621,0.00971607748808,0.00494318789161,0.00425975009466,0.00946775844422,0.0427111198905,0.00896551724138,-0.0513790318426,-0.00694610778443,-0.00959270325523,-0.0366579385861,0.0868364914042,-0.0184457211975,-0.0139669821635,-0.0353773584906,-0.0138755980861,0.0113156426807,0.00667147493689,0.0188069350573,0.0209342067787,-0.00805234021137,0.00228269686018,-0.00081466395112,-0.000439753737907,-0.00204960032794,-0.0161328871893,0.0163413527009,-0.00145961725592,-0.0312643678161,0.0113722517058,0.0103747892621,-0.0117573613568,-0.010498687664,0.0240785579769,0.000779625779626,0.0285972096897,0.0149960536701,-0.00468693666627,-0.0310280373832,0.00867052023121,0.0370406567631,-0.0158999192897,0.0123980978261,0.0090857061096,-0.0120364741641,-0.0648148148148,0.0116838487973,-0.0159415971395,-0.0125368731563,0.0610698590696,0.000853606487409,0.0183708391801,0.00213054425721,0.0103458468815,0.0310537732618,-0.00917926565875,-0.000431685732786,-0.000980071871937,0.00622171945701,-0.0120967741935,0.00762595324416,-0.0319134730939,-0.0188756110809,-0.00187238945701,-0.0320855614973,0.0117611580217,-0.0224242424242,-0.0319720580333
0.00543649543019,0.016602528862,0.0297875775456,0.0307180478821,0.0277158330679,0.0450805622215,0.0161516853933,0.0281821259309,0.0392056374119,0.0311842356993,0.0394456289979,0.0768468468468,0.0111069418386,0.0234355522314,0.0215696276324,-0.0212445548598,0.0754355104564,0.0462814591385,0.0428390367554,0.0319260976503,0.0372522214627,0.0433813482585,0.0250844187168,0.00349317243569,0.00642451198419,0.0867105415079,0.0249537892791,0.0291651981768,0.0281173594132,0.0237748665696,0.0519265621306,0.0327780763031,0.0109604845688,0.0229692658204,0.0076103500761,0.0158031678741,-0.0294877021334,0.0815159323738,0.0332717190388,0.044819628325,0.0461515557541,0.0820204645119,0.0334598955861,0.0197901049475,0.0350404312668,0.0273741840387,0.0291777188329,-0.0298830947064,0.0115554401454,-0.0222687090897,0.0133748055988,0.0135233035499,0.0534336419753,0.0352196752627,0.0453303175949,0.148199786763,0.028686462003,0.0330379298121,0.0296578882599,0.0160891089109,0.0165166440217,0.0331566994701,0.0184839432412,0.0147100828335,0.0157782515991,0.020360524172,0.0384615384615,0.0430076067876,0.030339940206,-0.0016348773842,0.00518246599007,0.0279049487683,0.00927487352445,0.0205565862709,0.0320099255583,0.00703448275862,-0.0258823529412,0.0174603174603,0.0332719459791,0.0250372578241,0.0226286422815,0.0432972522898
-0.0241360394953,-0.040233614536,-0.0147376744826,-0.0329293583707,-0.0579665220087,-0.0162374938494,-0.0483759502419,-0.0496748703597,-0.0654666502281,-0.00649350649351,-0.0395441595442,-0.0386513845896,-0.0704371706376,-0.00511571254568,-0.0320992938155,-0.0370830761742,-0.0511533273096,-0.0717117117117,-0.0121536217793,-0.0433846431494,-0.0242723778144,-0.0302279579804,-0.0481176470588,-0.0320411392405,-0.0446845077339,-0.0556736081598,-0.0293056807935,-0.0385429332184,-0.029330162505,-0.0424644549763,0.00666666666667,-0.0182535553243,-0.0733238231098,-0.027407845098,-0.0327291037261,-0.0313745119632,-0.0530663679642,-0.0373082287308,-0.0350824885709,-0.0542509493916,-0.029030880888,-0.00600420294206,-0.0760045924225,-0.0592472802117,-0.0159970238095,-0.0408895265423,-0.0438144329897,-0.0439374449936,-0.0523681170581,-0.0295396507695,-0.0268569674647,-0.0681439123183,-0.0769089910273,-0.0264098719871,-0.0801027767761,-0.0549285714286,-0.0518590998043,-0.0239516848535,-0.0414724512968,-0.239545269996,-0.0341255586651,-0.0564185228605,-0.075893675527,-0.0177339901478,-0.0235096557515,-0.0518121277798,-0.035920342453,-0.0357643758766,-0.0317033852767,-0.105240174672,-0.0554242749731,-0.0593849416755,-0.0899470899471,-0.0309045956952,-0.0436402981486,-0.0524585673195,-0.0335322534811,-0.0246773507304,-0.0685598859316,-0.0789473684211,-0.0336465595635,-0.0287310454908
0.0118043844857,0.00045075501465,0.014376537855,0.00807408775982,-0.0115169463639,0.0355118372791,-0.0116194625999,0.00177558356069,0.0191292875989,0.0140989729225,0.0131703844328,0.0340266295362,0.00782497604599,0.0102840352595,0.00140025057115,0.0304225758985,0.0212511042124,-0.00252329192547,-0.00959645669291,0.025370969106,-0.00911751463305,0.014396894865,-0.00098875293536,-0.0198610543523,-0.0077101002313,0.047704770477,0.00851525003871,0.040172086043,0.0134748877093,0.00890912690556,0.00319964283057,0.0267190743276,0.000615763546798,0.0305168707356,0.0031233732431,-0.0117406672454,0.0461333727636,0.0178679222504,0.0271912658358,0.0557240022945,0,0.0270311084265,0.00248508946322,-0.00625097671511,0.00919974795211,0.0293834811411,-0.00808625336927,0.0130293159609,0.0065014221861,-0.0470805774838,0.0121431950796,0.020071592943,0.0769688553858,-0.00402748163942,-0.000931053070025,0.0588768800544,0.015479876161,0.0160315004922,0.0117206982544,-0.0218900160171,-0.000691921812835,-0.017859916136,0.0107121602857,-0.0144719873907,-0.0251504729149,-0.0134117394235,-0.0050193050193,-0.00610909090909,0.0104328523862,-0.0261713030747,-0.0120536729588,-0.0157835400225,-0.0407996736026,0.0274630449463,-0.0126964173476,0.00838392599017,0.00147015583652,-0.000727061218555,0.0406939660671,-0.0118389897395,0.0112923462986,-0.0145165708025
-0.00269841269841,0.0259067357513,0.0447896981928,0.0478536256271,-0.0103195739015,0.0259217517308,0.0209404849375,-0.00959709493343,0.00815533980583,0.025688242335,0.106452746223,0.0174213095438,0.00507051180479,0.00824042656326,0.0602001766264,0.0262477769114,-0.0331164355378,-0.0400856197704,0.0116770186335,0.0688971507242,0.0347608769738,0.0467944713416,0.0111344797724,0.00450300200133,0.003885003885,0.0691043814433,0.0337734111145,0.0277708310088,0.0429089443997,0.0344387755102,0.0338970479157,0.0315726083964,-0.0184615384615,0.00435354405696,0.00207576543851,0.0406607319262,0.0043816254417,0.0329735499941,0.0510378020656,-0.0356283474346,0.035175142899,0.0813115718277,-0.0143777887952,-0.0270482780311,0.0253496503497,0.00456715798215,0.0380434782609,0.0318747378722,0.0359305611627,0.0526158668557,0.00654409473356,0.00187993482893,0.0407073125806,0.0185537583254,-0.0142240533647,0.0314061384725,0.0386178861789,0.0140484429066,-0.0230465861474,-0.0387554585153,0.00199065258785,-0.0117014547755,0.0370951913641,0.0194824076767,0.032855567806,0.00950495049505,0.0128055878929,-0.0595638811649,0.0162565905097,-0.0263734886926,-0.0211786372007,-0.00687285223368,-0.0157379838367,-0.0102972321624,0.0376878023937,0.027379587156,0.0151203758074,0.00552968568102,0.029909291493,-0.0124600638978,0.0269851116625,0.0166759310728
0.0510106636957,0.030303030303,0.0714050373367,0.211830934182,-0.021190716448,0.00941619585687,0.00863620007197,0.031863814928,0.0550847457627,0.00915619389587,0.012383573243,0.11862023327,0.00567554784802,0.00504807692308,0.00680272108844,0.0653241021351,0.0452416736958,0.0154064463815,0.00798133595285,0.0936113510032,0.00878252277967,0.0465487402324,0.00538358008075,0.00431678565499,0.0201238390093,0.0268695695847,0.00504900504901,0.069512710992,0.0141008305969,0.011381959594,0.0241050290552,0.00158452172463,0.00313479623824,0.083758522599,-0.0797514241326,0.000140893194517,-0.0574162679426,0.0120564932828,0.00801373783629,0.0742916934965,0.0186889423758,0.0169975523525,-0.00905432595573,0.00193955067076,-0.00694190719766,-0.0225253151478,0.00261780104712,-0.013954748679,0.0110418290465,0.064733408962,0.00448916408669,-0.0365273955467,0.0245132743363,-0.0147127510509,0.0263707831625,0.0320415224913,-0.00554468362688,0.0100320753429,-0.0276270972625,0.0726859738785,0.000691025308802,-0.0392,-0.0187358062074,-0.0109811751284,-0.00426985482494,0.0313848568066,-0.0800766283525,-0.0311235605353,0.00659316904453,0.00862179899627,-0.00634995296331,-0.0080738177624,0.031331028522,-0.00250885478158,0.0161963190184,0.0252546393191,-0.0399132321041,-0.0169319826339,0.0347536300881,0.000970559689421,0.000906070673513,0.0172225259705
-0.0704172029984,-0.0334612105712,0.0887313893195,-0.0498962170348,-0.0257731958763,-0.0499067164179,0.00642169104531,-0.0648054145516,0.00730193501278,0.013698630137,-0.0132775744903,-0.019744139614,-0.0283743533469,0.00526189906721,-0.00544677330392,-0.0495468423204,-0.243317986775,-0.0211619085646,-0.0263125837495,-0.0372682044324,-0.00859723582544,-0.0376711224176,-0.0298162346355,0.00429823111258,-0.0431208902377,-0.0311063288663,-0.0197990543735,-0.0199509975499,-0.024380952381,-0.015286504736,0.0421015761821,-0.0014987510408,-0.04625,-0.0947837680193,-0.0219471018571,0.0935266386273,-0.158405494177,-0.0349444066258,-0.0141964792731,-0.0767213606054,-0.0596247394024,-0.0477336542318,-0.0197969543147,-0.0661396999516,-0.046602894285,-0.0215644820296,0.00261096605744,-0.0513877438857,-0.0504946678659,-0.0771791969102,-0.00369856680536,0.0675149311867,-0.0984711065043,-0.0495378051671,-0.093562148536,-0.0322537383491,-0.0570678911118,-0.00912162162162,-0.0211468604048,-0.0407623080995,0.00164005179111,-0.0609492089925,-0.0154291224687,-0.0106705118962,-0.0257289879931,-0.027577025485,-0.0387338608913,0.0873755220045,-0.0112745624396,-0.0241132942077,-0.0518343195266,-0.063488372093,0.00377121307354,-0.0210830004439,-0.0301859454238,-0.0251769188895,-0.0326856454285,-0.0418077432651,-0.0129974695192,-0.00452488687783,-0.0256487628244,-0.0161246976619
-0.0352692025739,0.0321940463065,0.0068122554736,0.00979841098637,0.0246913580247,0.0343642611684,0.00531726338178,0.0819612809843,0.0607104023197,0.0212355212355,0.0162110616656,-0.00822269161135,0.039528880284,0.0823221508446,0.00880415944541,0.0458653716444,0.0483146586674,0.0216194166837,0.0183910922057,0.0575965423283,-0.0205268935236,0.0263689054312,0.0048921224285,0.0350617283951,-0.0302629840095,-0.0119636547198,0.0364787458547,0.0117857142857,-0.00351425224522,0.00047619047619,0.0473917719817,0.00696297531688,0.0203145478375,-0.00262346389285,-0.0126582278481,-0.0324357314042,-0.0207557211283,0.0265694803668,0.0182411674347,0.11166112148,0.0478864912799,-0.0035102499298,0.0507509062662,0.013473829677,-0.00102907126318,0.0267934312878,0.03125,0.0349073001159,-0.0179972936401,0.00187617260788,-0.00262954369683,-0.0291899781075,-0.00373670594999,0.0326683291771,-0.00759439512247,0.0197477827051,0.00591304347826,0.000954653937947,0.00384360503645,0.0485651214128,0.044812133747,-0.00443341017911,0.0440744368266,0.105815478793,-0.0105633802817,0.0385292391942,-0.0246967071057,-0.00649926144756,-0.00803649000869,0.122368937116,0.045931103345,0.0263223243109,0.0740972657065,0.0649890425452,-0.117529880478,0.0575177998046,0.0218000622859,-0.0110616070057,0.013751311036,-0.00357142857143,0.0334468875813,0.0259491942092
0.0108071597433,0.0111087374493,-0.0206156664112,-0.00237709110603,0.0203098106713,-0.0594842588198,0.00811001410437,-0.0252508361204,-0.0284184748562,-0.0329953600275,-0.0204358252528,-0.00182551152354,-0.0198665218066,0.0202242251044,0.00501649257834,0.067127241068,-0.0291016798513,0.0397284887203,0.0272727272727,0.0930170575693,-0.00515521685532,0.0482255940246,0.0185994257895,0.0884223918575,0.0125374761515,-0.0270781178154,-0.108202443281,0.011648429227,0.128918495298,-0.000571156592099,-0.0711122521019,0.0255890025258,-0.028901734104,-0.0227503461006,0.025641025641,0.0109401709402,0.0422101449275,0.0174072377462,0.013200075429,0.01927147967,-0.108462623413,0.0422713822742,0.172005914243,0.0412476563832,0.00579448879732,0.0122053872054,-0.00252525252525,0.0856543037089,-0.000275595976299,0.0747623163354,-0.0102357320099,0.0347030819344,-0.000384689363339,-0.0202849553248,-0.0188618236689,-0.0743358021336,0.0190179806362,-0.00694870222767,-0.0114866649063,-0.00947368421053,0.0183107885186,-0.162451015319,0.0202626641651,0.00342691445894,0.019128113879,-0.0116760828625,0.0457574411373,0.0300327088909,0.0193781475805,-0.0103669190448,0.0532219570406,0.0404064843939,-0.0062184220754,0.0239125807138,-0.0347065462754,-0.00976897689769,0.0248399878086,-0.00574801926363,-0.032302563513,0.0263929618768,-0.0967935271202,0.0109158679446
-0.0213832275309,-0.000211282484682,0.0214122137405,0.046702362503,-0.0188933873144,0.0161480235492,0.00821965722281,-0.00137244810431,-0.00474794841735,0.0261240447841,-0.0133049494412,-0.000152404175874,-0.0171021377672,-0.00452488687783,-0.00109401709402,-0.0129858356941,0.00362037328392,-0.0226574500768,0.0376704137766,0.0189384702918,0.0039427734595,-0.00729776247849,0.0379901960784,-0.0115429573349,-0.028398384926,0.00414850601271,-0.00424005218526,-0.0129099790649,0.0170079833391,0.00542908848462,0.0413183168659,0.0280592676329,-0.0185185185185,-0.0182273220947,-0.0323863636364,0.00148423702702,-0.0354597601252,0.0142953624493,0.0143309138284,-0.000143235694335,0.0210409745293,-0.00365012843044,-0.0164003364172,-0.0260271730234,0.00473690948662,0.00561330561331,0,-0.0616217609901,0.00537560303239,-0.169012196756,-0.0123785647133,-0.00460104128829,0.102559168751,-0.00517623859995,-0.00109853894321,0.02356309183,0.00576857821513,0.000617410989916,-0.00641111259517,-0.0850159404888,0.0368540417949,-0.0608251807741,0.0187568959176,0.0211480362538,-0.0458315146224,0.00323932926829,-0.00552251486831,-0.0233833718245,0.00891418752014,-0.0160075329567,-0.00453206435531,-0.0395348837209,0.0256159561987,0.0160776160776,-0.0152002338498,-0.0191974403413,-0.00089219330855,-0.01140625,0.0258968876218,-0.0304761904762,0.000331785003318,-0.0136950223861
-0.119836121543,-0.119188503804,-0.134243675498,-0.109492715925,-0.0973177441541,-0.0993213044198,-0.126105810928,-0.135414877169,-0.130455268273,-0.128160720471,-0.112513484358,-0.135889032848,-0.109392621234,-0.0917748917749,-0.0898076528168,-0.101365417585,-0.119368476535,-0.118074656189,-0.144059006569,-0.227185705169,-0.0820242369838,-0.125147201609,-0.0994096812279,-0.115594974132,-0.132566837512,-0.127444827947,-0.12676056338,-0.118769883351,-0.107167235495,-0.201875710496,-0.101187711499,-0.0894989004084,-0.114892183288,-0.0776297436391,-0.113329418673,-0.0792419097646,-0.102360785727,-0.0965486627455,-0.113211009174,-0.145691569372,-0.0605825844438,-0.135685210312,-0.114578879863,-0.131596638655,-0.0607798165138,-0.0905519950382,-0.0886075949367,-0.168841873884,-0.0856868659172,-0.135967741935,-0.10534666032,-0.0902566597738,-0.15034904014,-0.0733399405352,-0.114593643462,-0.141709695927,-0.106950067476,-0.0860414095708,-0.0950396558677,-0.16144018583,-0.105694867588,-0.136096014493,-0.108483754513,-0.137895549267,-0.0846294602013,-0.113580246914,-0.0841520717642,-0.0913390481821,-0.110283159463,-0.0799043062201,-0.101980423401,-0.0694915254237,-0.0920877025739,-0.0585868230801,-0.0555060848917,-0.0958271034389,-0.133353177556,-0.052789631737,-0.149490504863,-0.0219384413883,-0.109452736318,-0.108144192256
0.0934833204034,0.0441458733205,0.10686878588,0.0480658704655,0.0872380952381,0.0352876309502,0.0273918221516,0.0438626993195,0.0280411812517,0.0868096940803,0.0520238239942,0.0414535191392,0.023516642547,0.0095328884652,0.0532450928781,0.0634688106837,0.0680793719851,0.0657161951437,0.0578968627979,0.187345169282,0.0218799657744,0.0176778672009,0.0136339800734,0.0519806117332,0.029702970297,0.0320047947258,0.0273818454614,0.0874448455676,0.0944189602446,0.0178041543027,0.0221467591909,0.0354539573,0.0422535211268,0.030453146999,0.0652317880795,0.0410339966517,-0.00441678377836,0.0474143225648,0.00600041382164,0.0691707889662,0.0186376381329,0.0384615384615,0.0854659584742,0.0810915424811,0.034595034595,0.0152307342578,0.0597222222222,0.098347107438,0.0595291647923,0.0377076722046,0.0457527930484,0.0430538842091,0.193283352162,0.0304812834225,0.0849583902621,0.0798796791444,0.0309784661881,0.026254594554,0.0809566250743,0.136426592798,0.0324947589099,0.0686762778506,-0.0534521158129,0.0162638018502,0.023988005997,0.0310692093422,0.0928171641791,0.0953155497723,0.020698731754,0.0655226209048,0.0618504435995,0.048139474369,0.0793784124318,0.022531333768,0.0295411690761,0.0720084185207,0.017860209514,0.0363757717337,0.0483321987747,0.0699698694342,0.0301675977654,0.0323353293413
-0.0309506917347,-0.0209099264706,-0.0270816407186,-0.0291131750929,-0.000700770847933,-0.00976389135452,-0.0139103554869,-0.0286475682878,-0.0313611806562,-0.0078596234692,0.0101675332178,-0.00584349593496,-0.0404736656062,0.00495750708215,-0.0112102820421,-0.00271495386981,0.0166834846956,-0.0273829431438,-0.0213822069492,-0.141180561593,-0.00598086124402,-0.0263096397274,-0.0151319192964,-0.018906895456,-0.0204714640199,-0.00121958301876,-0.0335889010588,-0.023238657322,-0.0185120502969,-0.00723032069971,-0.0304781164235,-0.0225767484484,-0.0193571950329,-0.0225191032842,-0.0432079577246,-0.00499089930522,-0.0310546481145,-0.0136038466049,-0.00370218017277,-0.00415621079046,-0.03125,0.00332577475435,-0.0324733096085,-0.0340136054422,-0.10713349069,-0.00783699059561,-0.00917431192661,-0.0380737396539,-0.00905745825078,-0.0315704263357,-0.036120061048,-0.00512754775029,-0.00266804372149,-0.0269849507006,-0.0455638236978,-0.0211234911792,-0.00806156101136,-0.025875301513,-0.0415006183867,0.024984765387,-0.0232656514382,0.0630365464803,-0.0295187165775,-0.00323006900602,-0.0409956076135,-0.0191188694929,-0.026034997866,-0.020196020196,-0.0248505450709,-0.0236700829673,-0.0434471234185,-0.0287984111221,-0.0620622568093,0.00297576874026,-0.0225885225885,0.017809563876,-0.00573646026658,-0.000322009338271,-0.0519480519481,-0.043491864831,-0.0267534345625,-0.0171113689095
0.055275922028,0.0100915278104,0.044849498998,0.0373791656067,0.0305049088359,0.00842595912513,0.00705329153605,0.0714285714286,0.0270711467828,0.0370302137067,0.0313393572,0.0410597154783,0.000368391969055,-0.00681230913789,0.019280762565,0.0333908853644,0.046218487395,0.0279389641092,0.0204187800754,-0.031379694301,0.0125150421179,0.0628210564211,0.0211424819435,0.00534412955466,-0.0398986700443,-0.0184905221537,-0.00566679259539,-0.0275679758308,0.0395017793594,0.0433454716316,-0.015494636472,0.0409972299169,0.057355679702,0.0665769310416,0.0136452241715,0.00428835646899,0.0210197710718,0.0130781119962,0.0210569777044,0.061894637373,0.0320909242855,0.0298327557631,0.0432183908046,0.0667160859896,-0.0403877221325,0.0225682690138,0.0132275132275,0.0308197747184,0.0424164524422,0.0662208600353,0.00387051372273,0.0135291843835,0.106403175699,0.0189333333333,0.073527647835,0.0393644771164,0.0247506464721,0.0166579125084,0.0394265232975,-0.00713436385256,-0.0299696838458,0.0108444854638,0.0171919770774,0.0413904846075,0.00814249363868,-0.00762711864407,-0.00438212094654,0.0412246135192,0.0351003726409,0.00774806298425,0.0688794609433,0.0375766871166,0.00248911014312,-0.031788640859,-0.000624609618988,0.027555800496,-0.0186662141524,-0.01530037043,0.0201369863014,0.0186457311089,-0.0092867756315,0.0118028917085
-0.000867227473766,0.0248605947955,0.0518048355911,0.0222385703557,-0.0078257910854,0.0291555555556,-0.00622568093385,-0.0330132601738,-0.0258940397351,0.0222064309824,-0.0212931130088,-0.0251206938876,0.00147302522556,0.013481551561,0.0145944031173,0.0160471857199,-0.0603045251874,-0.00794480451599,0.0619423910273,0.0481764029679,-0.0062990254338,-0.00380128035402,0.0275205761317,0.0119201030928,0.0280343007916,-0.0491113744076,0.00493920972644,0.00660194174757,0.0790825059911,-0.0226300382797,0.0233050847458,0.0103983297171,-0.0102148643889,-0.0282982234734,0.0025641025641,-0.0110466506626,-0.0183448838157,0.0305128506044,-0.000404367165386,-0.123544679273,0.028016194332,0.0326261887345,0.0370207139709,-0.0161570535094,0.0384144475054,0.0295740454646,0.00391644908616,0.0270147215055,-0.037950404165,0.00243902439024,-0.00893796004206,0.0245359776252,-0.0744871694876,-0.0269562941638,-0.00312849162011,-0.0714883261084,0.000360490266763,0.0107757030039,-0.0611034482759,-0.0568862275449,-0.00160728636485,0.024423647569,0.0273022751896,0.0312588401697,0.022715800101,0.0480358667805,0.0206866197183,-0.035807860262,-0.0141679247474,-0.0543154761905,-0.0109736166239,-0.0209411185021,-0.0440720049659,0.0146651101707,-0.000625,-0.0333869670153,0.0793705689089,-0.010631337913,0.0518329528669,0.00256904303147,-0.00262467191601,-0.0151647710703
-0.0240430518184,-0.0185898889141,-0.0808362809016,-0.0640648895019,-0.0137174211248,-0.0532043530834,0.00469851213782,-0.103461320219,-0.100958596777,-0.0307612095933,-0.0636827195467,-0.12044653349,-0.0340136054422,-0.0322053675613,0.00237413588437,-0.0828616881329,-0.0837256305444,-0.0105374077977,-0.0336053768603,-0.00827517447657,-0.0431766535103,-0.142430606073,-0.0160200250313,-0.0442534224769,-0.114533205005,-0.092891408635,-0.0476370510397,-0.0686728395062,-0.00666243654822,-0.00679645202166,-0.00857734398107,-0.00376808070986,-0.0750889679715,-0.163244917329,-0.0812020460358,-0.0820491706043,-0.15157807309,-0.0373533766086,-0.0394417475728,-0.166596158727,-0.0839634530561,-0.0583734769056,-0.00977475563111,-0.0558008122903,0.0125276344878,-0.0190782422294,-0.0338101430429,-0.0858578395153,-0.0576758758189,-0.00638686131387,-0.0845269672856,-0.0258096538032,-0.198044833979,-0.0282409897795,-0.0729657027572,-0.186010320256,-0.0367567567568,-0.061701350858,-0.0925517849273,-0.107301587302,-0.0586709596637,-0.0369875222816,-0.0267875975533,-0.0500617199287,-0.0128331688055,-0.122224485639,-0.0681328158689,-0.0338164251208,-0.0378136411827,-0.105035405193,-0.0401322001889,-0.0359838953196,-0.0893939393939,-0.00582440497591,-0.0384615384615,-0.0572894992371,-0.0948413969881,-0.0552157381385,-0.210774926593,-0.0679051889814,-0.0447368421053,-0.0784720165828
-0.0147634293846,0.0771540771541,0.0786013413877,0.0759790148178,0.0851877607789,0.0877577084474,0.0463756819953,0.0470464135021,0.0874168179068,0.0586336740183,0.0645044172819,0.11289245157,0.070232204035,0.0680009645527,0.0314872866597,0.0631452540988,0.05240928456,0.067731629393,0.0660705414804,0.118427666633,0.026,0.042204282127,0.0518951920631,0.0844437041972,0.117753623188,0.12239010989,0.125446605796,0.0660729080365,0.0210795273076,0.0590350266759,0.00775656324582,0.033878314625,0.070796460177,-0.0259089009611,0.0508002783577,0.0114347047529,0.074400391581,0.0571394771087,0.034954727311,0.162639593909,0.068271711092,0.017002708396,0.0909871244635,0.0740602206845,-0.00844250363901,0.0638111888112,0.0417227456258,0.116553507921,0.0995919601028,0.129651493288,0.0479041916168,0.0490383390651,0.269756200084,0.0188209244395,-0.0101559666304,0.10615818072,0.0602319491208,0.0755642023346,0.0590901732232,0.249644381223,0.0404750593824,0.0518278574734,-0.0400953619419,0.0496679179902,0.0215,0.0464144813182,0.000462748727441,0.065,0.0823947110676,0.203516483516,0.073290703394,0.0910989297833,0.0658426432137,0.0424562418632,0.100487804878,0.0612124779282,0.0509734513274,0.0393700787402,0.0883209317373,0.0615120274914,0.129476584022,0.0404884318766
0.00740205813324,0.00793480591894,0.0119739574702,0.0070718209671,0.032041012496,0.0109023817511,0.0413407821229,0.00251863792061,0.0641863699583,0.025406504065,-0.0198954070032,0.00840336134454,0.0277431975814,0.0171596297133,0.0375498075235,0.0567356415606,-0.0763570057582,0.0241372431678,-0.022367194781,0.0197752808989,0.0174220272904,0.113476373479,0.0360338573156,0.0165873137767,0.0651539708266,-0.0217843593195,0.0112874779541,-0.045657664659,0.0190803878636,0.0208082356806,0.0173179396092,0.0112509342669,0.0194035213798,-0.101550530122,0.0331125827815,-0.0170004869776,-0.0227790432802,0.0344673231871,0.0280773143438,-0.0110897659797,0.0495814552479,0.007693445776,0.0365853658537,-0.0148006268501,-0.074427480916,0.0334839769926,0.0129198966408,-0.0250470537136,0.0501649257834,0.0178834094604,0.0112442396313,-0.0268334142788,-0.122651659356,0.054333061668,-0.0278490289483,-0.0638588192486,0.0204657727594,0.0359597713624,0.0162029960257,0.0261809903244,-0.0039265820473,0.0228772547294,0.163919620682,0.0415405777166,0.0220264317181,-0.0168551785318,0.0402405180389,0.0228873239437,-0.0302002035969,0.0349403457512,0.0240604949588,-0.0133971291866,0.0932203389831,0.0380906126414,-0.0056146572104,0.00970604547976,0.0508588750421,-0.00824915824916,-0.0487514863258,0.0802848818388,0.00487804878049,-0.00216182828907
0.00116487455197,0.0131914893617,0.0417310459534,0.0347709348744,0.0428438373176,0.0214036834246,0.0103719599428,0.0412018892574,0.0094099196236,0.00710274198877,0.0260990604338,0.0153911564626,0.0226682817096,0.030410654828,-0.00266874959318,0.0214817509037,0.031549110798,0.0253213868329,0.0533841754051,-0.103657999119,0.0463417554784,-0.00620693464553,0.0189075630252,-0.0172231454903,0.019476567255,0.0140748154635,0.0282525287757,-0.000203583061889,0.0359116022099,0.00933376247184,-0.0346282554925,-0.0188668382671,-0.0366584420162,0.00600272851296,0.013141025641,0.038190686965,0.0195804195804,0.00346170488966,-0.00277063130813,0.0232229580574,0.00368098159509,0.0613713111144,0.0554079696395,0.0643336868151,0.0123711340206,0.00298151460942,0.00510204081633,0.0692010692011,-0.0396544954849,0.0509583206571,-0.0473933649289,0.00548970679975,0.0441467786058,-0.0456068023705,-0.0221133308205,0.0424642891847,-0.015214384509,0.0169018019276,0.017448856799,0.0626733222407,0.0159515951595,0.0516129032258,0.0172647914646,0.00198098256735,-0.00574712643678,0.0327092262576,0.028901734104,0.136833046472,0.0143456962911,-0.0532878484884,0.0418438129335,0.0620756547042,-0.209506323949,0.00815399010827,0.00475482912333,-0.0329579785773,-0.0176282051282,-0.00441351213716,0.04359375,0.00928978124064,0.0287794729542,-0.00526152893841
0.0317730242549,0.139227215456,0.0618689805232,0.0445318951354,0.0297707651087,0.0100714749838,0.0247787610619,0.0484509217257,0.0266071081763,0.0403477119895,0.0115306353154,0.0355079139101,0.00186125211506,0.00818612666954,0.0229082365226,0.0292050896354,0.00578748809611,0.117211246201,0.00497737556561,0.013275641656,-0.0234607461662,0.0426121089059,0.0321878579611,0.0522674865488,-0.00298507462687,0.0487323422368,0.0254409769335,0.147220525351,0.0334814814815,0.0385841836735,0.066013564431,0.0406391245738,0.0204903036956,0.00115269867101,0.033217336286,0.0378524031963,-0.0432098765432,0.0299698145752,-0.010121055765,-0.00957887469796,-0.00687652811736,0.0247613777839,0.0233728874506,0.0217535702424,-0.00234999216669,0.0334918747523,0.0355329949239,0.260833333333,0.0440174434451,0.0194673614127,0.050325296594,0.0048393100881,0.01445478363,0.0388768898488,0.00102788127971,-0.024235645041,-0.0212429775281,0.0272664835165,0.109846244826,-0.134655532359,0.0614510016243,0.0171779141104,0.0223112128146,0.0831685778305,-0.00963391136802,-0.0332022717344,0.0583405358686,-0.0373454453697,0.0546165344372,-0.16550695825,0.0266323024055,0.0351598173516,0.0206451612903,-0.183969769292,-0.0919846199349,0.0702925305311,0.0161500815661,0.00682011935209,-0.117083395718,-0.0157363420428,0.030670711156,0.0351586807716
0.0511797362942,-0.0186175115207,0.0324345586772,0.0227321065308,-0.0138768430182,0.0090061112898,-0.00621761658031,0.00892939335359,0.0235212511035,-0.0187608387198,-0.0327447474296,0.0287100687424,0.0241513257896,-0.00769230769231,0.0154405665795,0.0359170244013,0.10371445604,-0.0309471178371,0.0120441242683,0.0446428571429,0.0319934372436,0.0606919118669,-0.0346243480191,-0.000292184075968,0.0559880239521,0.0632315746133,0.0208402249421,0.0117145899894,-0.0088876146789,-0.00204687340088,-0.0458080022621,0.0433196174801,-0.0164933667981,0.00805960040637,0.0342927127985,0.015527137247,0.094623655914,0.0128741888214,0.0156375300722,0.106038163283,0.0180027696569,-0.0280777537797,0.00843288826423,-0.0193401592719,0.0398869346734,-0.0046021093001,0.0110294117647,0.0614672835426,0.0110951572902,0.0250585646341,-0.0214975405356,0.0418621881946,0.0744500846024,0.0459979209979,0.0178410987036,0.116163546045,-0.0109417040359,0.0296850972789,0.0203809777541,0.0307599517491,0.0300093513559,0.0195014073181,0.0611826151837,0.00693599415916,0.0068093385214,0.0316312697695,0.0191915067374,0.0830930537353,0.00392498909725,0.0101250744491,-0.0010460251046,-0.0127922364358,-0.0169405815424,0.00999268827687,0.0071661237785,-0.180310468356,0.024883608926,0.0152413209145,0.04120739359,0.0371040723982,0.017331589274,-0.00180342651037
-0.005033833966,0.0172802404207,0.043192322242,0.00940166367989,-0.0222808560539,-0.0221549250877,-0.0205074730622,-0.0135948905109,-0.016511613579,-0.0144601542416,-0.0354708261121,-0.103144654088,-0.126978891821,-0.0441429801895,-0.0250706880302,-0.106352960421,-0.0319394113965,0.00386032637305,-0.00122344566789,0.020624303233,0.00124914830797,-0.0353713298791,-0.0026439820669,-0.00672219786643,-0.0450808052169,-0.0449214427971,-0.0443940375891,0.0238596491228,-0.015041943882,0,0.104237664839,-0.0155200060181,0.0127597520962,0.0387664606289,-0.00473653049142,-0.0123349065958,-0.0146256275922,-0.0150873204506,-0.0303987366759,-0.0637308964865,-0.102478839178,-0.0147222222222,0.094425087108,0.0102751077229,0.0209906372697,0.0157965709882,-0.00363636363636,0.0161892901619,-0.0219468112574,0.0285318559557,-0.030534351145,-0.0309351665284,-0.12258599254,0.00819875776398,0.0704918032787,-0.0469017459774,-0.0181356546971,-0.00668787741056,0.00522193211488,-0.0731421884143,-0.118520964015,-0.0577795306646,0.116364914748,-0.0282779456193,-0.0280193236715,-0.000219010074463,-0.0104166666667,-0.0314617618587,-0.000543006081668,-0.0181308962264,-0.00816753926702,-0.000446827524575,-0.0154320987654,-0.00305662805663,-0.0142302716688,0.000809323405633,-0.0117481203008,0.00266889074229,-0.112377850163,-0.00698080279232,-0.0453230472517,-0.0271002710027
-0.0530397279589,-0.00729320531758,-0.0117162733222,-0.0057634776157,-0.0374812593703,-8.14995925021e-05,-0.0493257629524,-0.0397743039497,-0.0321368163879,-0.0107597000326,-0.0196454240537,-0.0345371669004,-0.00321118247072,-0.00743410678081,0.00831399845321,-0.0337718796476,-0.0336397524335,-0.00585561964691,-0.000389755011136,0.0135627161842,-0.0398094589997,-0.000250841509704,-0.00276625172891,-0.0310431072532,-0.02182304038,-0.0216056533828,0.0274669379451,-0.0239890335846,0.0264317180617,-0.00625576863911,-0.0106004696411,-0.0115734962078,-0.0169186465083,0.100252247591,0.0553242117787,0.00576238856317,0.107665042091,0.00262301962019,-0.0682003257329,0.0541018090029,-0.0355338497811,-0.0415844375529,-0.0321553645336,-0.0406824146982,-0.0712912291081,0.0119476578798,-0.00243309002433,-0.00541258169935,-0.0269271383316,-0.0181120387827,-0.0328404071442,-0.0040362035225,0.0207821651237,-0.0347461803844,-0.113205324538,-0.061242816092,-0.00738825267824,0.00679827428422,0.00532467532468,-0.0599747474747,0.00486891385768,0.0876935956467,-0.0406235238545,-0.0123119015048,-0.00795228628231,-0.0339539978094,-0.0372469635628,-0.0217391304348,-0.0551993915028,-0.0744632937997,-0.00570101351351,-0.0113991953509,-0.104101358412,-0.00911731482976,-0.0136154855643,-0.0435063884846,-0.0101442383896,-0.112294127433,0.0440366972477,-0.0776215582894,0.0306397306397,0.0458062519344
0.0313115830961,0.00790477076165,0.0481312347554,0.0350205265079,0.0741433021807,0.0127964789306,0.0238895110116,0.0245641075041,0.0515857605178,0.0323005932762,0.000855327468231,0.0314145632831,-0.0721053628956,0.000453926463913,0.0447427293065,-0.00201283478178,0.0378090501887,0.00835164835165,0.024452737704,0.122855859901,0.00921332388377,0.022332823943,0.00959315765141,-0.0245976313392,0.0125967521627,0.0417974069031,-0.0105610561056,0.0126404494382,0.068669527897,0.0426212590299,0.019936258222,0.00667992644575,0.0648114243867,0.026512256775,0.02198421646,0.0362943515391,0.0176,0.00732524068648,0.117107275508,0.0559546615581,0.0284616727781,0.0145609648478,0.0171052631579,-0.0287277701778,0.107660455487,0.0178035982009,0.0109756097561,0.135640209467,-0.0179055887141,0.130562984297,0.0194598888006,0.0364730443326,0.0455302609661,0.0140413581823,0.0324123273114,-0.0644729290224,0.0487532564198,0.00960914166991,-0.00542565560005,0.0288784419073,-0.0448192322028,-0.021550894747,0.0292138519613,-0.045202719718,-0.00350701402806,-0.0385487528345,-0.00967199327166,-0.0176245210728,0.0518688901668,-0.00535279805353,0.0320662561053,0.0198959981913,0.0118093016475,0.00398990310235,-0.0164643272909,-0.0370307744335,0.0120096076861,-0.00880809595202,0.0572934973638,-0.0152429342648,-0.00751388435152,-0.0130216040249
0.00467091295117,0.0029525742757,-0.0208986877568,-0.0178317239603,0.00841067285383,-0.0204410107838,-0.00656215822093,-0.00376081233546,-0.00843232596787,-0.0199553001277,0.0258820656818,-0.0365316901408,-0.0035739814153,-0.00952813067151,-0.0124197002141,-0.0122358263731,-0.0251143585387,0.0134263295554,-0.00543714658547,-0.0135967367832,0.000468164794008,-0.046159403318,-0.0124785346308,0.00529265255293,0.0134892086331,0.0140364834915,-0.0156771180787,0.0260055478502,0.00829986613119,-0.00821538156983,0.0279236752875,-0.0163276794035,-0.0223521320495,0.0531439697629,0.0353006067292,0.00179140384299,0.00825471698113,-0.000207770621234,0.017211030706,-0.0221483105299,0.0118845500849,-0.0172513772108,0.025873221216,0.0850352112676,0.0849748382459,-0.00110476891917,-0.00844390832328,-0.0324593128391,-0.0205801104972,0.0108570388791,0.0120763537203,0.0342417061611,0.0111524163569,0.0216515609265,0.0681935151827,-0.0248466257669,-0.00248403122782,0.00630225080386,0.0157163267957,0.039817232376,0.0258511364745,-0.0208456243854,0.0121192792218,0.011077409996,-0.0155857214681,0.000235849056604,0.0556263269639,0.0080603224129,-0.0230701946206,0.017775603392,0.0224279835391,0.0135225005542,0.035734870317,-0.0209245742092,-0.0142035847142,0.0115891132572,-0.00775316455696,0.0308186802798,0.0219414893617,-0.0112866817156,-0.0141540487163,0.00629685157421
-0.000169061707523,0.026862925483,0.00756633574007,0.013292126461,0.00618349151567,-0.00805126519882,0.00880733944954,-0.0287844469611,-0.0173805090006,0.00814464896563,0.00999642984648,-0.00365463682047,0.0746054519369,0.00847457627119,0.035311609466,0.0428954638267,-0.0182325809689,0.00395732966277,-0.020336759239,0.0164599043217,0.0106457650912,0.00387529843893,0.00394157199165,-0.0399504490554,0.0257320319432,0.00397892849137,-0.00643849542528,-0.018249408584,0.0273499734466,-0.0136726546906,0.0062738503331,-0.0264152702409,-0.0844178684488,-0.0424687330071,0.00745871070858,0.00480750740356,-0.00409356725146,-0.0170407315046,0.0348009998077,-0.0585188620903,0.00604026845638,0.0442543147957,0.0438209331652,-0.0507869544053,0.0396236416645,-0.0136405529954,-0.0170316301703,-0.00700869077656,-0.0198843604569,0.0676827073083,-0.0565819861432,-0.00962309542903,-0.0570728291317,0.00616067028093,0.0442062153698,0.00146796686589,0.0117395944504,0.0173824130879,-0.0039641943734,-0.0677966101695,0.0368010650437,-0.0530226953203,0.00441153300772,-0.000913003782444,0.0286006128703,-0.000235793444942,0.0358004827031,-0.0286303843178,-0.0158925573587,0.0153821502964,-0.0231434896357,-0.0153105861767,-0.0233722871452,-0.0391815772034,0.0528301886792,-0.0329803853498,-0.0210492744379,-0.00366837857667,-0.0300910865322,0.0283757338552,0.00267111853088,-0.0101311084625
-0.049036185323,-0.012005017022,-0.0177958559939,-0.0135189329746,-0.0147205945405,-0.0496935564022,-0.0363768643143,-0.0235156933243,-0.00120025268478,-0.031830667313,-0.0272180982679,0.011095827602,-0.106809078772,-0.0161253690665,-0.0315940641455,-0.00348581870672,0.00269857710421,-0.0365038560411,0.0408482142857,-0.0374122527122,-0.006597985878,-0.012202848063,-0.0230946882217,-0.0361290322581,-0.0602652825836,0.0482277421155,-0.0706002728513,-0.0349397590361,-0.0188679245283,-0.0255995143175,-0.0235891502764,-0.0201241806634,-0.0284287360738,-0.008120847294,-0.0454785827604,0.0119229885937,0.0446271285966,-0.0123678646934,0.0109624674842,-0.0500041054274,-0.000333555703803,-0.015962706597,-0.0163092721232,-0.0287179487179,-0.00943275971957,-0.0136423098486,-0.00990099009901,-0.0863918690006,-0.0441726618705,-0.00202315387209,-0.03080375357,-0.013996529786,0.0156888228741,-0.0227773695812,-0.094416887761,-0.0134017380379,-0.0246132208158,-0.0339195979899,-0.00423674412633,-0.0801346801347,-0.0666788957168,-0.135949098621,-0.0472156862745,-0.0148825065274,-0.0297914597815,-0.0619103773585,0.0512621359223,0.0106213489113,0.0032980780166,-0.0630424491084,-0.025442933663,-0.0330964015993,-0.0407407407407,0.00948357617036,0.0863473444119,-0.0831089570993,-0.0618993321388,-0.039027982327,-0.0368941807815,-0.0907072629242,-0.0675990675991,-0.0608067429259
-0.0457859174964,-0.00562205295611,0.0100319207843,-0.00228184750964,-0.00667246881346,-0.0158619487537,0.00547376368441,0.0212956513086,0.00739991145405,-0.00634178905207,0.0282218992248,0.0052602938509,0.0412128977151,0.0258541089566,-0.0151384083045,-0.0170817024686,0.053720759843,-0.0071149057275,-0.0175852455501,-0.0334797381288,0.0154975530179,-0.0136865232593,-0.00543735224586,-0.000334672021419,0.0115065971157,-0.0144842643378,-0.00660550458716,-0.015873015873,0.0205479452055,-0.00643821391485,-0.0291620038181,0.00794502045843,-0.00672202451562,0.0697354860873,0.0260387811634,0.0199907328605,0.00505902192243,-0.0112383602697,-0.0110273846719,0.0420051858254,-0.00433767100434,-0.0136376686764,0.00997850782929,-0.0174234424498,-0.0104233689358,-0.00341038272073,0,0.00329625051504,-0.0189673340358,0.0136276607726,-0.0366238686592,-0.0414124824026,0.0318983639521,-0.0265664160401,-0.00108273358385,0.105168205455,0.0127974044701,0.000585175552666,0.0153429602888,0.0812591508053,-0.00368514150943,-0.0373097692685,-0.00954889693777,-0.0127219719056,0.0445240532242,-0.0222501571339,-0.0254894717399,-0.0105097214924,-0.0392201314895,-0.00530526315789,-0.000105697072191,-0.0119457845164,0.030591030591,0.0102485267743,-0.0107978404319,0.0312255285826,-0.000173641257163,-0.0352490421456,0.0649486331186,-0.0373212417161,-0.0146428571429,0.00432692307692
-0.00475170036337,0.0204267736641,0.0160870415795,0.0281808622503,0.0201518691589,0.012929507616,0.0253425943308,-0.00925655266491,0.0153817177298,0.0109170305677,0.011190952998,0.0745218332732,0.0168170631665,0.0141764176418,0.0111048371918,-0.00215566233705,0.0211049801368,0.0107488355428,0.0281597904388,0.00411557918203,0.00917957544464,0.0145150690076,0.0191347753744,0.0127217944426,0.0192628545427,0.0217755443886,0.0129294421869,0.00181225081551,0.00748580278782,0.0265468227425,0.00461079468402,0.00871004611201,0.0326433121019,0.00652965103832,0.0259179265659,0.014444112133,0.0128635346756,0.008226888937,0.0107786656755,0.0281187790312,0.0157506702413,0.00698588269539,0.00744794041648,0.0111051406054,0.00442132639792,0.0226235741445,0.0175,-0.0154004106776,0.0564676998619,0.00961111111111,0.0487218702207,0.010157875413,-0.0285208148804,0.0659114315139,0.0113491456261,0.011138851546,0.0300765260723,0.0298914809279,0.016253968254,-0.039268788084,0.0349657247127,0.0497195308516,0.0282579787234,0.0198657718121,0.0352768250857,0.0146567240936,0.0413191811979,0.00477960701009,0.0145115620576,0.0209955976973,0.0105708245243,0.00883515461521,0.0587896253602,0.0283202299434,0.0382049727107,0.00958709065021,0.00555748523793,-0.0323669579031,0.0107913669065,-0.0373188405797,-0.00507430228344,0.0186692197224
-0.0137614678899,-0.0205540661305,-0.0565906398104,-0.0291471926774,-0.0269109647867,-0.0271026403217,-0.0329549615525,-0.0360936270653,-0.0209608606937,-0.0320651270975,-0.0325023299161,-0.0124265323258,0.0108914885034,-0.0284002662525,-0.0100521221147,-0.0216738939165,-0.030344908391,-0.036866359447,-0.0236730360934,-0.061053710187,-0.0150085275725,-0.0439216702451,-0.042915451895,-0.039173553719,-0.0654761904762,-0.0233738762559,-0.0302698760029,-0.0437771345876,-0.0361260568793,-0.0390959071472,-0.025782937365,-0.0384074392436,-0.00578257517348,-0.0360523237265,-0.0278947368421,0.000511414430112,-0.0193263390392,-0.0390809534035,-0.000367714653429,-0.00855183541751,-0.0405806664467,-0.0446596328949,-0.0232347616174,-0.0356067316209,0.020326255826,-0.0416434281465,-0.029484029484,-0.0567257559958,-0.0503994190269,-0.0528806471139,-0.0175,-0.0370729343349,-0.0579868708972,-0.0292270531401,-0.0174000756525,-0.00360873694207,-0.0269523151348,-0.0203798346899,-0.0287392227915,0.00986610288936,0.0079100352616,-0.00850133592422,-0.0250565793728,-0.0238220584364,-0.0137245622338,0.0580334515966,-0.00145613396432,-0.0309196617336,-0.0260495406443,0.0016583747927,-0.0418410041841,-0.0318045632634,-0.0127925966249,-0.0309930943768,-0.0283294392523,-0.0163595336593,-0.0105354058722,-0.00533552226554,-0.0323519896474,-0.0207000376364,-0.0306010928962,0.00845864661654
-0.0647365923113,-0.0456204379562,-0.0302202546351,-0.0347226949756,-0.056781406296,-0.0165348670022,-0.0431654676259,-0.0154065911642,-0.067260325881,-0.00755235152763,-0.0244431065623,-0.124043530012,-0.0808060654429,-0.048184517013,-0.0302118590949,-0.0875964572778,-0.0545791003397,-0.0576002944424,-0.0281613569642,0.0455620225537,-0.00761860787256,-0.0691702642532,-0.043377604484,-0.034577670738,-0.0391719745223,-0.124702187568,-0.0267017675818,-0.0124858115778,-0.0374800637959,-0.00402627675355,0.0117777469863,-0.0331965381334,-0.0880186118651,-0.0858892321271,-0.0969139144559,-0.0142673439901,-0.0709459459459,-0.0174301675978,-0.0327386426338,-0.154121572138,-0.0154745529574,-0.0285930408472,-0.0831016373185,-0.0600661278472,-0.0183986803705,-0.0801163918526,-0.0329113924051,-0.0355958434667,-0.0339553380239,-0.0774459679294,-0.0409245122986,-0.0313286361349,-0.107723577236,-0.0323463548146,-0.152444501476,-0.110846359131,-0.0696022727273,-0.0571943836146,-0.0872250096488,-0.125610607118,-0.0178706505295,0.00367466927976,-0.0842314707345,-0.071457462586,-0.0230326295585,-0.149461077844,-0.0266131972293,-0.0984455958549,-0.0131343283582,-0.12582781457,-0.0585152838428,-0.0702213758629,-0.13564929694,0.0131500805973,-0.0423805229937,-0.130950105142,-0.0706929656135,-0.0480709717351,-0.101638248078,-0.116833205227,-0.0229237128899,-0.00124262193228
-0.0142088703948,-0.0250478011472,-0.0769904814323,-0.0308021020091,-0.0717404865876,-0.015168128655,-0.0652948159873,-0.0482901554404,0.0244430902566,0.00311310965064,-0.0134534682794,0.000291177326992,-0.00542652485348,-0.0328694817658,-0.0279860392968,-0.0435984088429,-0.0187043153587,-0.0620972466315,-0.00234951890803,-0.0950682786814,-0.13237175759,-0.037165875553,-0.00751496624634,0.0461511047755,-0.0341398740471,-0.0183730281472,0.00850077279753,-0.032183908046,-0.0359016846175,-0.0267021276596,-0.0336209257738,-0.0242918382786,-0.0323129251701,0.0328284352182,-0.0359712230216,0.0327475012514,0.00424242424242,-0.00682283375028,-0.00570450656018,-0.0581048581049,-0.00855745721271,0.0288117115714,-0.086590296496,-0.0263826460817,-0.0266287487073,-0.0151834668916,-0.0497382198953,-0.0497478221,-0.0571564281191,-0.0239309780213,0.00176873756356,-0.0135082478244,-0.165310771233,-0.0313705322705,-0.0814534443603,-0.108800514525,0.0125954198473,0.00232272168329,-0.0421423537703,-0.11572226656,-0.114662558968,-0.0273370759092,-0.105558573239,-0.0373166836068,-0.0309430255403,-0.066178541256,-0.0378277153558,-0.0323653962492,-0.0140350877193,-0.105303030303,-0.0071892393321,-0.00281618023554,-0.014673046252,-0.0356724166806,-0.0627746390458,-0.028816542015,-0.0619834710744,-0.0379280450802,-0.0225158168962,-0.0317667536989,0.00653846153846,-0.0423017107309
0.0237825594564,0.0156893508531,0.0462136599343,0.0325551380033,-0.00537634408602,0.00593802189646,-0.0190516511431,-0.0133928571429,0.0140779907469,-0.005,-0.015263355436,0.0353192315156,0.0384111741598,-0.00272885140164,0.00259325753042,0.0102968511327,-0.0410858518692,0.0426816572975,-0.0269148816867,-0.0472895040369,-0.0305671001475,0.0219680311049,0.0278490759754,0.0376426503151,0.0219629375429,-0.0260902445173,-0.00383141762452,0.034639746635,-0.00515611572615,0.0026232375123,-0.00736909232622,0.0505254996554,-0.0347100175747,0.0194566170026,0.0516169154229,0.00174069089278,0.0585395292698,0.0322876116327,0.0254350736278,-0.0591359411705,-0.0103928131055,0.0584317287315,0.0483216525267,0.0246888799679,0.0172642762284,0.0152034261242,0.00550964187328,0.0354644149578,0.0095717884131,0.0225175817795,0.00882807327301,-0.00658327847268,0.017673814165,-0.0225643748341,0.0810944453601,0.0224921818619,-0.0105540897098,-0.0137677208288,0.00058858151854,-0.0541516245487,0.0190300130492,0.0547051442911,-0.0289473684211,-0.00377073906486,-0.046122655854,0.0205066344994,0.0408719346049,-0.011253516724,0.0249110320285,-0.100973751058,0.10955384256,0.0485237483954,-0.145354483652,0.0151962486975,-0.0338245144005,0.035107587769,-0.0576692030437,-0.0225275963055,0.101085094232,-0.0462921348315,-0.00649598777226,0.00649561545956
-0.0302695092518,0.056381540838,-0.036410406853,0.0506391523351,0.0412162162162,0.0295148496587,0.0133793698748,-0.0723981900452,-0.00443198852897,0.0639403916132,0.0172786177106,-0.0552952202437,-0.030895334174,0.0629353233831,0.00311712428704,-0.0118951117102,0.0433036843557,0.0549121405751,0.0327302062925,-0.0507465698144,-0.000414880376158,-0.115932719832,0.0359595455113,0.0231451083388,-0.00705171255876,-0.0714378154523,0.0373076923077,-0.0839869906256,-0.00172761301468,0.0505832334024,-0.0189877935613,0.0875804666038,0.0405097860719,-0.0890646492435,0.0437610881135,-0.0269787897245,-0.00513112884835,0.0466947648625,0.0585602387169,0.00293095961789,0.0256318974724,-0.0818077803204,0.0309641097818,0.04152791381,0.0702349869452,0.0198270407087,0.0191780821918,-0.0221342031687,0.021623419827,-0.0124305906108,0.0619120542551,0.0686547382372,-0.0731707317073,0.0983161325367,0.0614422930325,-0.110104693565,0.0841904761905,0.0630269523151,0.0679411764706,0.0458015267176,0.0472735033614,0.0956459671663,-0.00667083593913,0.0734292202877,0.0494155154091,0.0328014184397,0.00074794315632,0.0591210875751,0.0383141762452,0.158229338356,0.0505263157895,0.0421155729677,0.151893939394,0.0319904199812,0.0384748700173,-0.00875273522976,0.0174245643859,0.00622263194284,-0.0219571230982,0.0301602262017,0.0426923076923,0.0558244595031
-0.0147257077673,-0.0968744288064,-0.150849819793,-0.0864202031734,-0.064892926671,0.0643253897151,-0.0234241908007,0.0143961927424,-0.063829787234,-0.118241042345,-0.0894217559635,-0.0160714285714,-0.0481457384515,-0.14954364615,-0.0279669421488,-0.102380930434,-0.0829402084476,-0.0365322733295,-0.163709407432,-0.114464874057,-0.0769230769231,-0.0663207975709,-0.0207303844763,-0.132841328413,-0.0852215082854,-0.0303135888502,-0.0882461994809,-0.0609857978279,-0.171618113643,-0.0565528691502,-0.143418467583,-0.11958529689,0.00656167979003,-0.148294954071,-0.0827195467422,-0.0660577115505,-0.03629417383,-0.0271272650207,-0.0604298801973,-0.112458058231,-0.0577924331829,-0.122741433022,-0.139249146758,-0.0754184690615,-0.0811173456941,-0.0318510858325,-0.0967741935484,-0.116750059566,-0.0322370563334,-0.149383425979,0.0278121137206,-0.0461366736947,-0.0230090934142,0.0796241345203,-0.148233266303,-0.144216787839,-0.0354884047786,-0.0487582889091,-0.0900578353071,-0.0720802919708,-0.115039739148,-0.0912052117264,-0.0881427072403,-0.109026798307,-0.0258227848101,-0.0824034334764,0.194319880419,-0.0823880597015,-0.0795664206642,-0.14799756048,-0.050501002004,-0.0397086466165,-0.00164419598816,-0.121508495649,-0.0193591455274,-0.0953642384106,-0.117167919799,0.00183234081539,-0.104649107301,0.0224153705398,-0.0947989671708,-0.107885085575
-0.0107357120303,0.0220603116778,0.0388854663214,0.00387696033245,-0.00624566273421,-0.0441077441077,0.0950719581334,0.0490265071546,0.012027972028,0.0317694865164,0.0571938005761,0.0329703569268,0.0152654363181,0.0484314804623,0.0110869269487,0.0864756623537,-0.0141563982933,0.00471512770138,0.0230851347745,0.0489678348536,0.00929256594724,-0.0294983740046,0.00603076923077,-0.00333024976873,-0.000369685767098,0.0140855192239,-0.00162667751118,0.000444839857651,-0.0208913649025,0.0400351957765,0.039500509684,0.0834582280649,0.0512820512821,0.0542956341878,-0.00802964793082,0.0473111496609,-0.170961347869,0.0137239952075,0.00787549221826,0.015,0.0112359550562,0.0520241477273,0.0202220459952,0.00976403580146,-0.00132749236692,0.0455030976287,0.0297619047619,0.00161855948206,0.0733512786003,0.0398107113348,0.00220485067148,0.0228838902613,-0.0359610774221,-0.0142006413193,-0.0281618887015,0.082483781279,0.00910746812386,0.0865910333516,-0.000453995157385,-0.0147492625369,0.02233736327,-0.216009557945,0.033831990794,0.0180465410796,-0.00467775467775,0.0236981602744,-0.0375469336671,0.0556278464541,0.0458531696317,-0.019804342639,0.00569860700718,0.0190849033521,-0.0158102766798,0.00877441268044,0.0432266848196,0.238653001464,0.0246037378756,-0.0182898948331,-0.0110562685094,-0.020581655481,0.00529747351263,0.0243233984241
0.0307479519098,0.0425742574257,0.103375975512,0.0313487291302,0.0247905027933,0.0241282141599,0.0605336519315,-0.00380143112701,0.0265339966833,0.0538847117794,0.0223144784639,0.0207906295754,0.150807899461,0.0419947506562,0.00948536831483,0.217776769596,0.0752774856403,0.0422369964803,0.0929959566975,0.0518306636156,0.0239085239085,0.0442732381731,0.0570100318082,0.0512344533135,0.152736686391,0.0298348805896,0.114052953157,0.0778123610494,0.120910384068,0.0390228426396,0.060799215494,0.0257687139357,0.0458867300537,0.07153867713,0.157534246575,0.0380778497214,0.119187089062,0.0521113140647,0.0312558139535,0.0693259641956,-0.0444444444444,0.0678481012658,0.225029148853,0.0598307816277,0.0856041472817,0.0608908868002,0.0693641618497,0.139779154323,0.0468652037618,0.156396734812,0.0448,0.0462692258803,0.081041544763,0.0539033457249,0.115564809995,0.120005707763,0.0660649819495,0.0500660418894,0.0649507948524,0.102794411178,0.0476405000563,0.123437976227,0.120881567231,0.086767221272,0.0511749347258,0.165397502284,0.0533159947984,0.0308166409861,0.0348586487782,0.122200584226,0.0260230849948,0.0453781512605,0.0786479250335,0.040404040404,0.000326264274062,0.0732860520095,0.072731470792,0.111085235212,0.00698742263925,0.140703517588,0.107012565869,0.0250836120401
-0.00196118909992,-0.0336182336182,-0.0124754244861,-0.0162265962554,0.00817717206133,-0.00722269991402,-0.0168982350732,-0.0207631874299,-0.0422724824987,-0.0112111431969,0.00177664974619,-0.0358577165806,-0.00955538221529,0.0209068010076,-0.000199920031987,-0.0180143121032,-0.0241138983132,-0.00525328330206,0.0161097852029,0.0160992059175,0.0207396664249,-0.0297379923697,-0.0197916666667,0.0061804697157,0.0198909207571,-0.0311037709882,-0.0120658135283,-0.0181518151815,0.00475888324873,-0.0163867684478,-0.0332023726986,0.00300570239655,-0.0458498023715,-0.017589746943,0.0150618612157,0.0209426846295,-0.0371715445418,-0.0233864379085,-0.00811834746527,-0.0394382022472,-0.0266869996188,0.0153311205943,-0.00507614213198,0.00722296141418,-0.0173870454267,-0.0102080123267,0.00540540540541,-0.0330812854442,0.0203623296901,-0.159107946027,-0.0141653905054,0.00923338597983,-0.00541271989175,-0.00154320987654,0.0335977601493,0.0430628105491,-0.00812732814087,-0.00898472596586,0.0420813193062,-0.0380090497738,0.0201032036121,-0.000271296798698,0.0276067527309,0.0108742309343,-0.0407352210631,-0.0371144798745,0.0037037037037,0.0122571001495,-0.0210672531543,-0.055748373102,-0.0341583145838,0.00183739090491,-0.0269934843314,0.0241819489392,0.0212002609263,-0.00936123348018,0.0144210073181,0.00503039195137,-0.171094369548,-0.005206247497,-0.00549249359209,-0.00815660685155
0.0535732754163,0.00294811320755,0.0186056613335,-0.00616268369538,0.04562352146,0.0213060800277,0.0366692131398,0.0275071633238,0.0353528254147,-0.0036076275554,0.00266024828984,0.0339184766439,0.0494191770033,0.0296076980015,-0.0123975204959,0.0207238324073,0.0389334048776,0.0465861938891,-0.000469759248385,0.0222674231881,0.00667803353225,0.0631737930316,0.0165308773173,0.000351000351,0.0682604592639,0.0625,0.0325684678016,0.0193277310924,-0.0217871802968,0.0283526490066,0.0198406374502,0.00649162319775,0.0579950289975,0.0757454739084,0.0302066772655,0.0171026148008,0.0237408475704,0.00982955139601,0.0463805020007,0.0638671189613,0.0303564433999,-0.0101183063512,0.03125,0.0660501981506,-0.0427414330218,0.0233508464682,0.0483870967742,-0.0381231671554,0.0203961848863,0.052076368769,0.0417475728155,0.00397255326833,-0.00285714285714,0.0227423272246,0.097366440933,0.0775619885184,0.0163878456811,0.0100936838924,0.0237380627558,0.0893697083725,0.0165454737064,0.087381275441,0.124275222265,0.0655343241331,-0.114966338685,0.0138436482085,0.00369003690037,0.00590667454223,0.014662409838,0.150241212957,-0.00211774671749,-0.00343878954608,0.13137755102,0.00684630913719,0.0734589587991,0.0251991847323,0.0577127095268,0.0863399374348,0.0662520928008,0.0817230273752,0.0357142857143,0.0240131578947
0.00638068126043,0.0419361160102,0.0187812722104,0.0525252525253,0.0158371040724,0.00457937584803,0.0206337509211,0.0090351366425,-0.0182608105356,0.0112068965517,0.0299431459255,-0.0408633093525,-0.0227016885553,0.0122214234364,0.0303705203482,0.0265597051331,-0.0435960225586,0.00216255181114,0.0223240512278,0.0276468740182,0.00127028934368,-0.085749975507,0.0137065861308,0.019649122807,-0.0111896348645,-0.100935828877,-0.00286738351254,0.000824402308326,0.0461588121369,0.000503119339908,0.031018048285,0.0366783710545,0.0250587314017,-0.042383368395,0.0241769547325,0.0355867983703,0.0374945817078,0.0190535362949,0.0111246306275,-0.058933479934,0.0131153773047,0.0188708916496,-0.00123685837972,-0.0145158435121,0.0538922155689,0.00798630918426,0.00512820512821,0.047256097561,0.0199884958297,0.0350233017935,0.00130475302889,-0.0136690647482,-0.0588074771456,0.0133851468048,-0.00178277564454,-0.0253910677851,0.0184749748069,0.00718046912398,0.0250533049041,-0.0371329879102,-0.021667012233,-0.00773646119291,-0.0252707581227,0.0205897980871,0.0848449385606,-0.0149933065596,0.00551470588235,0.00998238402819,0.0497611001049,-0.037547433593,-0.0025466893039,0.00552104899931,-0.00338218714769,0.0108098683637,-0.00357036596251,-0.000903668895717,-0.0162487462387,-0.0378191591476,-0.0560789591745,-0.00967621883141,0.000355492356914,0.0138130420816
0.033066718689,0.0129772428061,-0.0338177731975,0.0158881158029,0.0289532293987,0.0102988350498,0.0176895306859,0.0244306875967,0.016526068317,0.0076726342711,0.0249018645731,0.011501150115,0.00230370512574,-0.0366950757576,0.00831859566385,0.018691588785,-0.00667261512201,0.0253551519511,0.0630961958396,0.0298583511668,-0.0225542712151,-0.00597422777078,0.0199381230663,0.0240880935994,0.0562835020846,-0.0255762081784,0.00539180445722,0.00247116968699,-0.0114162295588,0.0259479030474,0.0193998181267,-0.00740004145496,0.0183346065699,0.00232603217678,0.041185334003,-0.0169964730982,-0.0503446835179,0.020424753582,0.00446965789926,-0.0183432644,-0.00300187617261,-0.0131193085353,0.0498452012384,0.0571223280043,-0.00617588932806,0.0233918128655,-0.00255102040816,0.0955846676371,0.0193148174256,0.0143948696957,0.0225241995532,0.0120350109409,-0.00536387358655,0.0624201107797,0.0607226267344,-0.0906024656897,0.0250659630607,-0.00689163498099,0.0369214768591,0.0340807174888,0.0430221468687,0.0301810865191,0.0259259259259,0.0154887413771,0.0167206040992,0.0356075020386,-0.00670322973796,0.0267441860465,-0.0058836589698,0.022826312513,0.0104255319149,0.0144131777625,0.033371040724,0.0608020698577,-0.00656912511197,0.0182706222865,-0.0152936378467,0.00638467677574,-0.31463878327,0.00676437429538,-0.00355366027008,-0.00380228136882
-0.00679822490794,-0.00594132937245,0.046734719665,-0.0116509672052,-0.0136054421769,0.00417780748663,-0.0102873359347,-0.00226610553577,0.00925107135569,-0.00236886632826,-0.00909634949132,-0.018983587107,-0.0386899061482,-0.0307200786434,-0.00824996751981,-0.0470044649799,-0.0167545401289,-0.00876885303402,-0.00108108108108,0.00148426677221,-0.0240842226709,-0.0193776951272,-0.00797663183912,0.0110887096774,-0.00676628136453,0.0109873340455,-0.00286020736503,-0.00903861955629,0.00312109862672,0.000392118419763,-0.009515313708,0.0139089744783,-0.0390097524381,-0.0193386192226,-0.0255668113845,0.00202387691041,-0.00571931368236,-0.00906193985262,-0.0143761766216,-0.0633182575577,-0.029544599172,0.0109477635283,0.0271306399292,-0.0090059473237,0.00472284364902,-0.00147465437788,0,-0.0400797165633,-0.0132780082988,-0.0584437420136,-0.0209357363918,-0.00132132132132,-0.0023320215712,-0.0274714257068,-0.00375599015672,0.010359380995,-0.0112612612613,0.0100502512563,-0.00789869608826,-0.0997398091934,-0.00711165295134,-0.014404296875,-0.0182224514354,-0.0182004614201,-0.0201591511936,-0.0322834645669,-0.00674846625767,0.00651189127973,-0.00245672808487,-0.0245485899777,-0.00947567909033,-0.00473612990528,-0.0821018062397,0.0108943089431,-0.0354673880373,-0.0241605969089,-0.0157382480845,-0.0245836637589,-0.0197642163662,-0.0115714818962,-0.00178316690442,0
0.0563741800551,0.0353007097497,0.0229703169727,0.0157180596856,0.00313479623824,0.0222998835081,0.00860215053763,0.0192515682457,0.0423940149626,0.0218792401628,0.0425172122237,0.0184438621246,0.00916517234509,0.0451318458418,0.0331433811489,-0.00409469864727,0.0486574515412,0.0212314225053,0.0227272727273,0.031024602312,0.00960543815576,0.113920265516,0.0159682899207,0.0262545696245,0.0508089696282,0.110188679245,0.0247400501972,-0.00373134328358,0.0650280024891,0.028515433611,0.0114830381267,-0.00442712744106,-0.0179547228728,0.101689344639,0.0480198019802,0.0648616096105,0.0449115044248,0.0292432921314,0.0184059732592,0.0529860228717,0.0587550901687,0.0170173267327,0.0278495549813,0.00754458161866,0.0210291934686,-0.0132914897545,-0.00255754475703,0.0239907727797,-0.0698065601346,0.00935714285714,-0.00204537002603,0.0309117151792,0.0736303871439,-0.0232989690722,0.00754030161206,0.0692405063291,-0.000325414904003,0.0201374081971,0.0458738784279,0.0404624277457,0.0421569630615,-0.0200644042606,0.0189108737524,0.0348563968668,0.00703844071467,0.0580417683754,0.0441630636195,0.0303797468354,0.0132094481137,-0.0376455906822,0.00212585034014,0.00657149331521,0.000298151460942,0.0252533376226,-0.0545341227797,0.0072819952667,-0.0340837365874,0.00142276422764,0.00495224619738,0.00528700906344,0.0364415862808,0.00954198473282
-0.0221382289417,-0.0182211798665,0.00237731626921,-0.00738459230126,-0.0115625,0.00276737750285,-0.0159914712154,0.0196307300509,0.0116384326911,0.013112033195,-0.0572355462866,0.0515586343394,-0.00177690029615,0.026686074721,-0.0385468839156,-0.00593714892023,0.0258327336086,0.00294525294525,-0.00455026455026,-0.00517489218975,0.0259074941452,-0.000888477670861,0.00691115817635,-0.0259067357513,-0.02566180443,0.012168592794,0.000349895031491,0.00166458593425,-0.00759567630733,-0.0150533536585,-0.0162499072494,-0.00856072333666,-0.0143084260731,0.00453460620525,-0.017949929145,-0.00368147707914,-0.00486978615287,-0.0191368873267,-0.0361466325661,0.0287196814287,0.0338827838828,-0.0228171585032,-0.00391061452514,0.00068073519401,-0.0348921734916,-0.00767072029935,-0.0128205128205,0.000901103852219,0.00316455696203,0.013728681622,-0.0190050307434,-0.00665033251663,0.0541570281671,-0.00506649778341,-0.0018064516129,0.00876050668877,-0.0221354166667,-0.0246748722712,-0.0198163363944,-0.00740740740741,-0.020029455081,-0.0396865520728,-0.0245746691871,-0.00971363693705,-0.0241935483871,0.000256344527044,-0.044661342798,0.000546000546,-0.0398850955696,-0.0685109141993,-0.0178192617734,-0.0029266096353,-0.00953800298063,0.00564794477565,-0.00230718523401,-0.0533164648473,-0.0535830973644,-0.046275624112,-0.00387187609996,-0.0304282494365,-0.007928300586,0.0151228733459
