12.861283,164.80333,27.580334,10.216697,15.365504,15.252482,222.89406,11.829378,31.053797,39.325275,4.757822,7.229792,22.36462,5.110466,18.01932,0.31381,14.312937,8.387122,4.157052,26.856018,43.715122,14.231378,17.024158,6.726042,6.027279,16.221193,36.141174,30.937069,9.5,9.722296,126.97488,4.713956,14.619302,1.49726,18.658609,2.768009,8.423621,15.627137,29.102177,1.798617,55.704769,59.729027,4892.1743,6.993702,6.49827,21.757832,28.366335,8.112777,33.798779
12.030658,180.98392,26.645994,9.705864,15.53982,15.031436,221.97931,11.674138,32.032207,38.90889,4.638663,7.229792,24.630789,5.162612,18.225445,0.325391,14.633975,8.586061,4.508353,28.320889,45.389446,14.208786,18.383913,6.772753,6.250676,15.425313,35.36319,33.663319,57,9.836675,140.90556,4.920909,14.731545,1.478437,25.162966,3.148611,8.275838,15.026895,32.971256,1.767173,53.40802,68.892708,5551.4028,7.350523,6.095091,19.974407,27.454632,8.342927,33.17334
11.709125,171.30968,25.227182,9.818245,15.000805,14.230125,219.60095,10.928982,30.241299,38.173286,4.834424,6.828138,23.093523,5.110466,19.089752,0.324829,14.045405,8.590583,4.449802,28.467373,44.445732,13.544657,17.024158,6.889524,5.750799,14.501277,34.380882,42.428829,21.833332,10.130796,129.94371,4.73695,17.677853,1.3347,29.370497,3.252411,7.802932,15.235312,31.401203,1.603662,51.505489,69.552704,5828.9731,6.743927,6.095091,18.807066,26.677618,8.055239,31.372843
11.07499,170.29594,23.185476,9.246112,15.597164,13.82671,200.33023,10.525352,28.990631,36.336559,4.8174,6.828138,24.838062,4.693285,18.925787,0.319865,13.577225,8.048016,4.397109,27.393137,44.293526,13.271322,15.229277,7.239836,6.193167,14.568727,32.337669,41.486496,27.833332,10.261517,128.34967,4.759945,18.553326,1.390313,28.100018,3.18321,6.679783,14.234907,34.737568,1.674098,65.988724,76.711029,6342.478,6.708245,5.810495,17.788891,26.781214,7.566172,31.3918
10.253298,165.21756,22.69408,8.800661,15.597164,14.069866,201.73282,9.966486,28.850258,38.353714,5.004649,6.9888,29.501669,4.359539,20.729359,0.318211,13.343139,8.002807,4.449802,27.8326,38.357277,12.988954,14.141471,7.239836,6.701893,13.320939,32.534134,49.783798,30.973333,10.261517,129.25401,4.759945,16.77993,1.510094,34.128567,2.994294,6.975351,12.96356,35.438496,1.710573,65.046028,81.990959,6033.6812,6.850973,4.956708,18.158552,25.900599,7.479863,29.68606
9.476261,181.30067,19.378904,9.017258,17.088064,14.174864,224.41862,10.308017,28.063274,39.672268,4.979115,6.707642,30.779839,4.650523,19.441097,0.290647,13.376576,8.002807,4.888929,28.662691,37.139587,12.311269,13.59757,7.47338,6.967315,13.590731,33.791489,46.820477,36,10.130796,134.73953,4.897915,21.836357,1.582817,33.465923,3.598412,7.099485,12.709292,36.756218,1.811195,72.844704,87.06781,6491.6714,6.601197,5.07529,17.347902,23.305355,7.537403,29.376503
9.735276,171.60208,21.434454,9.685431,15.436604,14.47881,241.18901,10.183824,27.650637,37.266483,4.681221,6.434516,30.745306,5.005127,20.612242,0.297811,13.677549,8.002807,4.742553,27.002502,35.313049,13.199032,13.624766,7.35661,6.856722,14.467552,34.561623,47.413143,75.333336,8.888956,130.8618,4.920909,24.33371,1.651263,39.397312,2.974918,6.620669,14.168217,37.51321,1.735729,72.844704,81.244667,6661.6831,6.779609,5.359885,17.315475,22.776991,7.192178,28.77634
8.96717,173.25914,20.783878,9.227721,14.679686,14.920909,236.9812,10.432211,27.990959,41.305424,4.425881,6.9888,31.090761,5.006169,19.253712,0.292235,12.373333,7.008106,4.274154,26.41655,35.313049,12.647856,13.59757,7.706925,6.392233,15.735571,33.634323,50.186806,115,8.826864,132.45578,4.805935,25.927517,1.49726,45.089569,3.04481,6.236435,13.922284,38.298241,1.641395,85.699646,95.44458,7425.0015,6.815291,4.928248,16.212992,23.823364,7.284238,26.306189
9.772788,167.16704,22.299582,9.278806,14.335626,14.368285,230.51695,10.432211,28.05477,40.255211,4.425881,6.506813,35.5471,5.047888,17.333027,0.267202,12.808073,7.008106,4.537628,28.711519,34.923389,11.769124,13.59757,7.006293,6.679772,15.647886,32.927063,50.257935,96.666664,9.705956,129.48695,4.957701,23.570469,1.69832,42.872456,3.210891,6.798009,14.276593,40.98978,1.594857,86.728043,97.288383,7841.3564,6.565516,4.932991,15.720118,23.621342,6.985044,26.691551
9.110073,200.4055,19.517326,9.440231,13.727802,14.47881,268.02173,10.488097,26.799858,34.583107,4.187564,6.426484,33.768021,4.518069,18.504173,0.266375,12.232882,6.623792,4.625453,29.297468,32.877666,10.504111,14.250249,6.772753,6.569182,15.040858,31.944744,51.08765,112.33,11.111196,146.15813,4.966898,22.504187,1.745377,58.043476,2.83721,8.039384,13.130295,44.914921,1.540774,85.699646,95.230576,8742.0713,6.565516,4.937735,15.162389,22.145012,6.818185,25.908182
9.826375,197.38379,21.109165,10.216697,14.645276,16.573259,261.86237,11.798334,29.369236,34.467449,4.510993,7.350289,29.881668,5.032244,19.616774,0.292301,13.376576,6.275646,4.625453,29.893183,35.313049,12.738209,14.957324,6.375728,6.325879,15.850233,36.070446,49.783798,106.5,9.934717,137.02324,5.058877,21.269547,1.591373,46.559326,2.80261,8.985194,14.176552,37.737507,1.716862,79.700668,81.694054,7091.918,6.494152,4.980424,16.867994,24.32584,7.825089,27.790806
9.520919,203.96332,23.296215,10.175829,15.597164,18.67877,262.22833,11.4568,29.862686,33.551407,4.35779,7.952773,30.883482,5.282552,18.152826,0.316837,13.242809,6.510757,4.566902,31.006491,38.539932,12.993473,15.338059,6.714366,6.193167,15.384842,34.577339,47.768738,101.66666,10.588316,152.78095,5.173853,22.335825,1.607629,44.753254,2.97561,8.973372,15.527097,38.130024,1.754595,72.073402,84.405457,7355.6089,6.137331,4.980424,16.783686,24.75061,8.170316,28.113003
10.360477,208.34958,22.154242,10.124747,17.432127,18.319565,240.88411,11.798334,28.935335,32.0154,4.264166,7.591282,29.01804,5.55372,18.246525,0.308846,12.874954,6.840816,4.596178,30.537725,35.854927,13.553693,16.045132,6.772753,6.193167,16.187469,36.761997,49.191135,95,10.915117,148.44185,5.233639,23.009266,1.488704,37.117931,3.04481,9.635437,15.547941,33.083401,1.729439,67.702728,76.58786,7143.9614,6.379968,5.018371,16.699381,24.85939,8.342927,28.965862
10.047876,198.5535,22.043505,9.705864,15.964157,17.324837,246.98247,12.139864,29.564922,36.132999,4.332256,7.63145,27.290773,5.402491,17.333027,0.319865,11.838271,6.555971,4.274154,30.274052,35.313049,13.440745,15.299985,6.889524,6.100271,16.794504,34.506607,47.413143,95.400002,10.980475,154.37952,5.008289,24.580633,1.527205,43.094166,2.90641,9.623618,15.435392,33.251625,1.735729,71.130699,76.592979,7209.8848,6.137331,5.122722,15.564469,23.23283,8.187575,27.159052
10.985678,199.33327,21.725138,9.938803,15.36779,17.076151,256.13004,12.115025,29.369236,35.739742,4.281188,7.551117,24.185154,5.527646,17.567255,0.320196,12.032231,7.008106,4.684002,29.785759,38.290302,13.836061,15.501231,6.889524,5.969771,16.52471,34.828812,47.407227,80.016663,10.473937,162.65117,4.874919,23.009266,1.540039,34.128567,3.04481,9.700464,15.272828,27.223703,1.704284,71.816307,68.780472,7119.6743,6.244377,4.932991,14.306342,22.471361,8.055239,26.059801
11.164307,194.70819,22.977844,9.401404,15.597164,16.584316,256.73978,12.01567,26.948748,33.866009,4.145008,7.792109,25.321695,5.561021,17.16906,0.32152,11.102559,6.565013,4.684002,29.639275,38.661705,14.11843,15.017156,7.006293,5.925535,15.512993,33.437859,47.590946,87.333336,10.032758,137.02324,4.82893,23.85107,1.535761,37.4916,2.90641,8.66007,15.13527,27.949865,1.742018,67.88269,76.51638,7536.0293,6.280058,4.932991,14.851099,22.222713,7.991951,26.217739
12.584409,206.30263,23.185476,9.82642,16.445827,16.35774,253.81261,12.506234,28.27038,34.189865,4.281188,7.390455,24.661882,5.757095,19.382534,0.325391,11.38347,6.9855,4.859653,29.199808,39.392311,14.45727,15.773181,7.006293,5.938805,15.411822,36.015446,45.872215,91.333336,10.326876,147.29994,4.874919,24.412271,1.55715,39.584145,2.833059,8.453178,14.868497,28.877882,1.847671,72.836136,83.231026,8674.0664,6.208694,5.217587,14.980803,23.419317,9.666287,26.217739
12.539749,206.05901,22.078112,10.217338,17.202755,18.175879,261.25253,12.947119,28.556833,35.161423,4.885491,8.338361,24.147158,5.780042,19.79244,0.350755,11.303208,7.188962,5.123129,30.029907,41.249287,14.231378,16.752207,7.006293,6.193167,16.52471,34.813091,47.531677,88.400002,11.111196,145.0163,4.874919,24.692873,1.501538,43.248615,2.768009,8.571403,15.006055,29.155453,1.986026,71.430656,86.805367,9159.8145,6.065967,5.321939,15.564469,23.621342,10.24166,29.566031
12.236081,197.35945,23.531528,10.254986,17.615622,18.236666,250.70244,12.052928,27.093735,36.729805,4.349279,9.117571,22.488981,5.94587,18.504173,0.354345,10.888531,6.736825,5.445155,31.055317,38.357277,14.11843,17.676842,7.47338,6.524944,17.81971,34.050819,46.820477,83.753334,10.620996,142.27582,4.897915,26.32036,1.484426,38.737167,2.97561,8.482733,15.31451,28.036776,1.993572,75.844185,78.890739,8847.5488,6.351423,5.478466,16.245417,22.533516,11.219796,29.250151
12.173601,198.84589,23.289293,9.934974,19.037712,16.855101,243.81136,12.38825,26.573708,37.520943,4.298211,8.314261,19.276268,5.975073,19.523075,0.369501,11.16944,6.78204,5.234373,31.64127,40.488247,13.707967,17.676842,7.882082,6.480708,17.900646,33.437859,47.413143,65.75,11.228508,137.47998,4.796736,25.820885,1.403146,38.044632,3.037891,8.748744,15.089422,25.768623,2.089388,72.844704,75.316422,7980.1421,6.351423,6.147266,15.175357,19.529051,11.795174,27.986643
11.764108,184.22494,24.285925,9.41208,18.326666,18.059948,232.95628,12.108816,26.26964,35.735107,4.204587,8.314261,21.469894,5.838445,19.722176,0.3673,10.788207,6.872466,5.24023,33.692093,37.748436,14.217031,18.220743,7.660214,6.414351,17.199188,32.691296,43.392494,73,11.429617,136.45232,4.851925,23.845463,1.368923,36.544968,3.037891,9.00293,15.839721,24.150997,2.085476,72.844704,76.695076,7494.394,5.709145,5.900617,11.867909,18.907434,12.082858,27.418068
12.229185,189.53722,27.338095,9.62124,18.464294,18.882124,241.79886,12.648854,25.538094,39.972988,4.170541,8.033105,25.477001,6.014852,21.181423,0.363991,10.701262,7.008106,5.269504,34.278042,38.010231,14.560992,17.812817,7.823695,6.436471,17.873667,32.927063,45.116306,74,11.231859,149.7664,5.242837,25.500999,1.403146,42.025467,3.04481,9.72411,16.673393,26.960564,2.112866,66.845726,86.294739,8146.6836,5.709145,5.924335,11.627959,19.637831,11.996555,27.544884
11.832664,180.81335,26.576786,9.41208,19.909319,18.227737,244.79102,12.458166,26.441507,40.38937,4.15352,7.952773,23.03051,5.721054,19.592144,0.375027,10.768144,6.872466,5.45728,33.692093,35.891453,15.019607,17.758423,7.800341,6.403293,17.30036,33.319981,48.623379,86.666664,11.211751,143.41765,5.150858,24.131672,1.407424,43.370682,3.18321,9.865981,16.590027,28.059433,2.080259,66.220116,84.762886,8604.6748,5.602098,5.976511,12.094893,19.684454,12.658235,27.223469
11.047032,182.76279,26.645994,8.240799,20.322187,18.770264,244.66643,12.140356,24.881458,39.787922,4.085429,8.033105,23.752943,6.420829,16.759546,0.380536,10.667822,7.008106,5.45728,32.764339,36.190445,13.918933,18.275131,7.566798,6.347997,15.850233,24.361305,50.525524,86.666664,11.613964,146.6149,5.150858,22.167465,1.368923,44.603794,3.148611,9.221648,15.735517,29.168507,1.982441,61.960842,76.848267,7078.0391,5.416552,5.772548,11.349092,19.228601,12.363733,25.712837
10.732038,182.27547,20.970741,8.247076,21.558491,17.701992,234.76266,11.441175,24.788916,39.095421,3.889668,7.992937,22.16151,5.875966,19.356085,0.375027,10.025744,6.736825,5.488286,33.154968,36.562271,13.758418,17.40489,7.566798,6.102481,17.282312,30.294466,51.001045,78.333336,10.658704,137.63528,5.173853,22.728668,1.291921,49.075386,3.11401,8.074852,15.022724,29.202557,1.982441,59.758362,81.44384,9534.5352,5.423687,5.573333,10.992409,18.140779,11.352638,25.102158
10.735744,183.39638,18.894432,8.805524,20.812376,17.674028,233.82831,11.186926,24.074989,40.412811,4.127985,7.028966,20.870203,5.395204,19.733776,0.372545,9.73146,6.225912,5.581308,30.850243,40.032574,13.712558,17.350498,7.47338,5.967559,16.603367,32.259087,52.308773,72.333336,11.228508,150.26884,5.196848,22.953148,1.226042,45.811985,2.90641,7.631503,14.797635,26.563261,2.08678,59.689804,81.06089,8521.4033,5.102548,5.255534,11.05726,17.534704,10.300155,25.513573
10.765389,179.35126,21.07456,8.847357,21.968622,20.241232,237.93932,11.32676,24.458391,41.402035,3.855623,7.464549,20.399055,5.65909,21.124104,0.330851,9.972238,7.064169,5.816964,34.082722,37.801662,14.549527,16.094065,7.47338,6.126813,18.242443,32.41626,56.94524,70.833336,11.396097,145.70138,5.242837,23.233753,1.240587,50.296032,3.01021,7.854198,15.414553,25.882151,2.097214,67.274216,83.052299,9256.9648,5.459369,5.710887,11.128598,17.902491,10.613533,26.265663
10.17802,192.02277,19.828772,9.182011,22.803431,20.38106,239.18509,12.064082,24.987223,43.971203,3.872646,7.506484,20.800404,6.073612,21.468739,0.407225,10.099315,6.659039,6.108432,33.325871,40.020187,14.27665,15.002944,7.47338,6.591299,18.592203,33.390705,61.248814,70.666664,11.345818,153.32901,5.265832,24.777054,1.283365,55.701805,2.93063,7.762588,15.72718,30.053942,2.073737,74.130196,91.809433,9534.5352,5.423687,5.853186,10.62275,16.18787,10.761352,25.674269
10.654215,198.0677,22.237293,9.177827,23.009241,20.694269,234.76266,12.884034,26.027252,45.874641,3.77051,7.548419,19.289232,6.005238,20.866812,0.387503,9.49737,6.533309,6.027812,33.936237,38.421375,14.985209,14.730162,7.35661,6.193167,18.619635,34.06654,59.560661,68.333336,11.228508,149.51518,5.219843,26.657076,1.283365,57.146667,3.18321,7.463322,15.827221,32.539986,2.046349,72.244797,89.353355,10041.101,5.445096,6.213674,11.12211,16.420982,11.648281,28.914087
10.78392,197.67651,21.535416,9.299138,23.15955,20.358688,235.82152,12.915812,25.14587,45.011997,3.813066,7.716163,16.385555,6.30224,20.961231,0.387503,9.356917,6.682322,5.736346,33.570015,40.466373,15.478219,14.839276,7.917112,6.193167,18.338455,35.559643,63.626476,62.666664,11.228508,160.50522,5.219843,26.937679,1.223475,49.414181,3.213133,7.939703,15.935597,31.331022,2.08678,70.702209,82.955299,9161.2021,5.352323,6.29431,11.874394,15.959948,11.796103,30.174019
10.190989,187.16182,23.129063,9.37025,26.940464,20.274792,236.81812,12.712416,25.216385,44.346272,3.676886,7.590356,15.956284,6.384504,21.423885,0.390767,9.53081,6.822022,5.953396,34.365936,42.697292,15.576823,15.712173,7.35661,6.14893,18.701931,35.245312,72.756737,47.966667,12.468672,151.00957,5.284228,25.703033,1.11225,53.140919,3.277253,7.75648,16.394112,32.369717,2.210683,71.130699,80.090691,9173.6934,5.388005,6.284821,11.764146,17.700474,11.772448,30.341158
10.172462,191.58287,23.023293,8.765784,25.437357,20.979513,241.36517,12.725126,27.477127,45.687111,3.659863,7.548419,16.874155,6.153738,22.363367,0.387503,9.865225,6.705604,5.860374,33.828815,42.139565,15.459875,15.112055,7.47338,6.049397,17.47434,35.834702,60.96349,51.599998,13.239586,158.71874,5.196848,27.947847,1.197808,53.021343,3.255881,7.713727,17.177763,37.120453,2.286329,65.388832,83.486343,8708.7637,5.280958,6.42712,12.036526,18.270283,11.843403,32.256763
10.1984,185.6897,23.213682,8.713496,23.471737,20.302757,236.56897,12.585292,26.445923,45.705856,3.600284,7.548419,16.064474,6.089638,22.448343,0.38887,9.664577,6.519338,5.92239,33.408878,38.421375,16.005625,15.275722,7.358943,6.01622,17.590929,36.549824,66.099258,52.333332,12.559172,148.32071,5.173853,28.116201,1.330422,56.787941,3.215984,7.695406,17.152756,36.813957,2.243289,65.645927,86.550034,8327.1055,5.388005,6.379686,10.992409,18.979956,11.890704,31.112541
10.144667,188.18391,23.693188,8.824349,25.206099,20.890024,233.4546,12.87132,26.723549,46.671638,3.455591,7.674228,15.460704,6.090705,22.660788,0.384097,9.129513,6.612471,6.170447,31.787756,38.365597,16.601826,15.384833,7.35661,6.03834,17.021708,38.223675,64.625107,54.333332,12.502191,145.66399,5.288828,27.218281,1.266254,53.79858,3.312875,7.695406,17.561253,37.154503,2.238072,66.63147,89.751633,7784.4546,5.723417,5.876901,11.089685,19.415089,11.766536,32.790298
11.765958,188.09102,24.433598,8.807616,23.818609,20.358688,219.25297,13.036582,25.529274,46.1325,3.489637,7.758098,16.123804,5.877035,23.184818,0.380712,8.895422,6.496055,6.201455,30.5182,37.801662,16.326656,14.653783,7.35661,6.193167,17.021708,36.659836,64.677414,71,12.270918,143.60266,5.380806,25.265301,1.223475,53.21067,3.562233,7.695406,17.598768,39.504333,2.243289,66.845726,94.668892,9021.0303,5.916101,5.885365,11.089685,19.48761,11.825665,32.398186
11.838222,191.88121,25.773392,8.763696,25.437357,21.438147,209.59836,13.309899,25.52046,45.349552,3.44708,7.674228,15.582854,5.915495,22.955854,0.415302,8.928865,6.659039,6.195252,31.6901,37.894619,16.535326,13.03892,7.543443,5.971983,15.986143,34.970264,71.330139,72.300003,12.401637,149.32846,5.518775,23.85107,1.240587,50.81918,3.661974,8.238969,17.340332,38.9935,2.243289,66.245827,90.3797,8411.7637,5.744826,5.924865,11.336122,20.04706,11.825665,32.076775
11.302733,180.95079,24.327827,8.71977,24.281109,20.134966,199.32088,12.78869,24.233637,45.190151,3.523682,7.548419,15.090764,5.705028,23.838678,0.384097,8.728217,6.47277,6.077425,30.274052,35.01302,15.592869,11.893242,7.940466,5.817154,16.905123,34.773808,70.283958,71.666664,12.234048,142.4575,5.748725,24.524513,1.180696,49.822723,3.743906,8.043531,17.127747,35.962566,2.218508,62.83498,91.962608,7771.9644,5.495052,5.781681,10.707059,19.529051,10.968304,31.498228
10.617157,178.75006,25.03298,8.500157,24.512358,20.917992,205.11365,11.441175,23.339033,44.135296,3.549216,7.548419,13.488857,6.003099,24.431168,0.387503,7.878803,6.426205,6.027812,31.489527,37.491817,16.097349,12.198756,7.59015,5.861391,15.636379,34.341591,63.578938,67,12.173715,150.93173,5.610756,25.057655,1.163585,50.121662,3.597855,7.628224,16.602526,33.886879,2.202857,62.132244,76.950394,7355.6089,5.495052,5.628622,10.343888,17.695288,10.471626,32.719593
11.512112,182.58421,26.231745,8.422768,24.743599,21.701019,209.97212,12.648854,22.404766,43.929012,3.472614,7.548419,13.600536,6.228523,24.147903,0.383771,8.025946,6.286504,6.077425,32.206566,35.198929,15.66396,12.793417,7.35661,5.861391,16.109585,32.919189,78.22538,65.666664,12.907756,154.82523,5.472786,25.254076,1.113961,53.7089,3.775967,7.145734,16.673393,38.142113,2.166338,62.097961,74.550476,7472.1885,5.709145,5.233629,9.980717,18.068254,9.844866,33.748093
11.102621,185.69463,27.148443,8.983309,25.437357,21.980671,208.66405,11.930601,22.611898,45.218281,3.319411,7.296807,13.366705,6.445399,22.656067,0.390909,8.427244,6.47277,5.866576,31.38924,35.954964,14.859094,12.547917,7.35661,5.540674,15.293477,36.149036,79.418983,60,13.909942,155.22833,5.472786,24.973473,1.094283,49.802795,4.13219,6.767071,18.749226,35.170784,2.210683,65.131737,73.273941,7529.0903,5.780509,5.529873,9.42299,17.431105,9.401402,36.242245
11.302733,178.26103,28.177969,8.470875,24.974854,21.812881,199.63235,11.409393,22.739697,39.990868,3.361967,7.129063,12.529103,6.40694,22.637186,0.387503,8.092828,6.05367,5.469683,32.893524,35.01302,15.306237,12.547917,7.35661,5.529614,14.991724,34.373024,73.707817,62.666664,13.407173,151.84782,5.518775,24.440331,1.13364,44.142937,4.096566,6.931972,18.594999,31.416162,2.191119,63.246338,71.55825,6939.2544,5.637781,5.66812,9.144124,17.058134,9.460531,36.158672
11.302733,178.26103,25.949682,8.470875,25.495163,21.812881,199.63235,11.409393,22.739697,39.990868,3.361967,7.212935,12.529103,6.40694,22.637186,0.375939,8.092828,6.05367,5.469683,32.893524,35.01302,15.755683,12.547917,7.35661,5.529614,14.991724,34.373024,73.707817,64.366669,13.407173,151.84782,5.518775,23.57608,1.13364,45.986378,4.096566,7.005262,18.65336,31.416162,2.191119,63.246338,71.55825,7437.4922,5.637781,5.66812,9.144124,17.058134,9.460531,34.474487
9.66291,191.22095,26.549063,9.098346,25.460478,21.292723,201.12724,10.875468,22.607485,43.689911,3.106628,6.709706,15.743396,6.490271,22.519159,0.381385,7.892181,5.727702,5.519293,30.787527,31.57369,16.076714,13.229867,7.35661,5.573851,15.019156,38.538017,76.080734,62.713333,14.580303,164.2155,5.495782,26.253016,1.197808,51.905315,4.488413,6.559417,19.257767,32.863518,2.217204,66.082993,73.738602,8313.2256,5.673462,5.46075,10.564385,19.554955,10.548491,35.419437
10.539336,195.3535,28.720934,9.604505,28.570774,22.372183,207.72972,11.345832,24.502462,46.59663,3.021514,7.129063,14.389272,6.668687,23.250908,0.381385,9.162954,6.323757,5.643323,30.837673,34.765144,16.785269,14.730162,7.35661,5.662325,16.047861,40.471195,76.08548,62.333332,15.786948,173.90814,5.72573,25.450495,1.283365,49.214886,4.670086,6.046391,19.632919,33.093403,2.243289,57.504463,79.232857,6939.2544,5.495052,5.55456,11.128598,20.124762,11.116124,38.594975
10.856183,198.62042,26.866381,9.138086,30.964201,21.756952,205.61195,11.504735,23.709219,46.085613,2.987469,6.961321,13.593553,6.837489,23.604986,0.394295,8.728217,6.519338,5.550301,32.718021,34.077278,17.656637,13.748154,7.47338,5.686656,16.418201,39.135254,69.190239,56,16.289717,177.72836,5.702736,24.771441,1.249142,41.970665,4.509786,5.496718,19.933043,29.62825,2.295458,52.705284,67.65712,6495.1416,5.709145,5.752056,10.473591,19.580847,10.850047,37.090767
11.413908,200.56198,28.206175,9.056513,25.668598,21.281538,200.25522,11.059801,21.946445,45.335499,2.66404,6.877448,13.712213,6.519116,23.838678,0.387503,8.761658,6.146805,5.333251,32.341953,34.87669,16.058367,13.104389,7.47338,5.571638,17.440048,38.742329,69.903542,52.529999,16.624899,177.13287,5.656745,23.317928,1.180696,38.164207,4.425005,4.928724,19.166065,26.648403,2.269373,52.191086,67.197563,6252.2676,5.851874,5.816242,10.544929,19.425449,10.761352,37.990723
11.951251,195.32904,27.14139,9.129718,28.466711,19.553289,193.27898,10.595798,21.184057,41.772419,2.46828,6.793579,13.960004,6.900521,23.062077,0.401107,9.129513,6.05367,5.122401,30.456589,34.083469,15.982695,12.547917,7.47338,5.697715,16.973703,38.608746,66.812553,46,15.786948,165.06749,5.72573,23.570469,1.189252,40.306587,4.630901,4.580599,20.437414,23.840527,2.223725,52.276783,69.495346,6450.7305,5.81619,5.845867,9.695367,19.451347,10.288327,35.631569
11.951251,198.19003,25.054136,9.234299,26.940464,18.910089,182.93922,10.494098,20.117579,40.084633,2.647017,6.919386,13.031664,7.10992,20.673243,0.404492,8.87536,5.63457,5.271236,32.226624,32.193386,15.806129,13.093475,7.47338,5.640206,16.685665,40.054707,51.11517,45.903332,15.602601,168.73202,5.656745,23.716383,1.227753,43.246124,4.915882,4.849328,21.995243,22.442549,2.262853,47.948952,69.776192,5758.1929,5.673462,5.752056,10.052054,19.912384,10.790919,36.255104
12.683148,192.62944,23.79191,10.029098,29.657639,19.810568,193.09213,11.091583,21.307447,42.311562,2.638506,6.835514,12.906024,6.645183,21.291702,0.397701,10.052496,5.77427,5.004572,34.598366,31.976501,16.150087,12.275134,7.298223,5.883509,17.15201,43.693184,56.113041,53.166664,14.25853,158.18742,5.95568,25.254076,1.197808,41.980629,4.167811,5.496718,20.463659,24.0091,2.341107,48.857368,76.490829,6474.3237,5.887555,5.890304,11.024833,21.404251,10.347457,37.444328
12.047603,180.95079,22.353397,9.642155,26.015472,18.95483,185.18159,10.678429,21.166424,39.545486,2.383166,6.625836,12.759443,6.48493,20.066603,0.400087,9.698019,5.820837,5.091393,35.059673,31.046934,15.088396,12.111467,7.333254,6.193167,17.076571,41.249195,59.679539,51.666664,14.416061,161.6962,6.047658,24.496452,1.163585,38.612614,4.488413,5.527255,18.208832,21.202929,2.365887,51.076988,68.928558,5211.3794,6.194421,6.344542,10.700573,20.565071,9.584701,33.169563
11.710374,190.04723,22.423908,9.746734,25.668598,18.417898,178.70363,10.074588,19.39044,40.600346,2.27252,6.625836,11.475124,6.72531,20.158661,0.394295,8.106205,5.91397,5.03558,32.84338,29.745577,15.718989,10.91123,7.333254,6.104694,17.638931,42.278652,55.161976,46,14.747891,163.29942,6.116643,24.653589,1.137917,37.237503,4.060944,5.496718,19.982914,19.241337,2.316326,50.442814,69.597473,4899.1133,6.137331,6.166798,10.642208,19.813957,8.987506,34.165939
12.229185,194.93777,23.199581,10.07511,25.784225,19.51973,192.40697,10.869114,19.716549,41.964626,2.289542,6.458092,11.202901,6.922957,20.536341,0.390909,8.306854,5.890686,5.085192,32.642807,30.365271,15.890971,11.402239,7.59015,6.414351,18.825377,43.905361,56.350807,42,15.753429,174.54941,5.886696,25.254076,1.086583,38.363499,4.274678,5.649403,20.336031,20.823212,2.347628,48.805946,71.078278,4996.2627,6.351423,6.250732,10.700573,19.896835,8.839683,35.798702
12.229185,189.75382,25.188116,10.261262,27.044525,19.637184,192.78069,11.186926,20.976923,42.949162,2.621483,6.877448,11.869493,6.292624,20.040636,0.407899,9.029188,6.05367,5.091393,33.846226,32.782108,15.847401,11.784129,7.59015,6.071516,18.365889,41.846439,51.357693,59.996666,15.904263,164.44457,6.254613,24.440331,1.11225,31.08938,4.345924,6.431159,18.098223,17.198008,2.248506,48.797379,71.231453,4510.5151,6.708245,6.072988,11.349092,20.673859,9.472358,37.283619
13.326107,175.73254,25.336199,9.656797,24.456861,19.351936,200.25522,12.076797,19.465355,43.624283,2.757664,6.793579,12.961863,6.483861,18.997297,0.428293,9.269968,6.170087,5.060386,33.139217,35.186535,16.280794,12.384245,7.358943,5.861391,17.419472,40.549786,62.290222,50.07,14.07753,159.84103,6.208623,25.534672,1.129362,33.181934,4.659399,6.596062,19.059713,23.949501,2.30198,51.599758,73.937737,3344.7205,6.565516,6.171736,11.666866,22.569778,9.756173,35.168747
13.906069,171.65381,25.738136,9.255214,23.171118,20.694269,198.07513,11.758986,21.576271,46.113747,2.689574,7.003256,13.523753,6.250959,18.954805,0.421502,9.851849,6.170087,5.531697,34.989479,34.827114,16.838009,11.675015,7.358943,5.839273,17.213732,39.9604,57.5872,50.273335,14.178086,152.99298,6.208623,26.629017,1.16444,31.278706,4.182061,6.84036,18.549183,25.87364,2.211987,53.905079,79.656677,3747.197,6.529831,6.216171,11.958702,22.290058,9.844866,37.148628
13.685573,175.39999,27.430508,9.562675,23.818609,21.292723,203.05818,11.727203,23.145132,47.309258,2.859799,7.129063,12.249902,6.388779,19.710167,0.428293,9.644513,6.123521,5.643323,34.773865,35.632729,16.739407,11.184012,7.358943,5.684443,16.994276,41.029156,63.959354,50.233334,14.848443,161.00911,6.139638,27.498873,1.197808,36.988392,4.488413,7.023584,18.379005,26.903816,2.266766,56.347515,78.890739,3983.1318,6.629745,6.230985,12.69153,22.668203,9.590613,36.769363
13.340935,178.75493,27.352938,10.039556,25.645479,21.225609,194.83617,11.663642,21.704071,45.335499,3.157695,8.051649,11.900902,6.238138,20.677969,0.448688,9.564253,6.719574,5.581308,34.222294,35.83102,16.631634,12.002354,7.358943,5.750799,17.796669,41.728558,65.195755,45.996666,14.915479,159.33258,6.300603,28.116201,1.197808,32.743496,4.524035,7.029693,18.187557,27.755201,2.292849,59.732655,77.818459,3554.2859,6.686836,6.12236,12.866629,22.4869,9.815301,35.548012
13.53178,181.2491,27.994629,9.790657,26.940464,21.544413,190.6006,11.94967,23.048183,46.366905,2.842777,8.13552,10.92719,5.952888,19.882484,0.441815,9.664577,6.756828,5.767352,33.846226,35.942566,16.601826,13.093475,8.409889,5.971983,17.378328,41.249195,64.577553,48.333332,15.585838,161.28391,6.415576,28.626896,1.439936,34.34779,4.630901,6.870897,17.821682,24.392221,2.305893,60.33255,73.146271,3414.113,6.693971,6.418604,12.490486,21.342091,9.377754,36.769363
14.258118,180.85298,26.873434,9.830397,26.720785,21.555601,190.04002,12.210274,24.105844,44.660385,2.740641,7.632292,9.248503,6.060791,20.973032,0.441897,9.831783,8.056039,5.76115,34.122009,36.054115,16.170729,14.184599,9.31837,6.325879,17.001135,41.964321,61.510342,45.666664,15.988054,161.49007,6.80649,28.060081,1.424536,34.477325,4.666524,7.298419,18.800194,25.35429,2.354149,58.618561,72.773529,3122.6641,7.057931,6.981466,12.912025,22.435099,10.643097,36.89793
13.887538,173.90837,26.267,9.74255,27.287346,21.924738,177.52017,11.956026,23.184795,41.20982,2.595949,8.13552,8.567953,5.91763,20.798355,0.438491,9.798343,8.61484,5.556503,33.720867,40.106945,16.640804,15.0575,8.897992,6.303761,16.006714,40.314034,52.546543,37.349998,16.071848,156.9552,6.80649,25.242847,1.368923,29.13633,4.773391,9.344421,17.74085,21.514536,2.329369,58.232906,61.386711,3122.6641,7.100748,7.075275,12.535886,21.575197,12.150867,37.605026
12.395947,174.10396,27.395247,10.152499,28.351082,21.68424,177.14645,12.070437,23.334631,41.67865,2.510836,8.118747,9.628914,6.004169,21.091057,0.430333,9.698019,8.82439,5.519293,33.470158,40.670883,16.610994,15.030223,8.757868,6.36348,15.259186,41.532093,48.742252,35.666664,16.574615,159.66237,6.85248,25.613247,1.254276,28.398952,4.702147,9.863555,17.528128,25.303209,2.36067,56.313236,64.893425,3315.5754,7.172112,7.085152,12.289448,20.906965,11.71332,37.926441
12.247714,174.64198,26.873434,10.401397,28.836704,22.075752,187.4239,11.981451,24.581787,42.161541,2.612972,7.967777,9.388103,5.769131,20.635481,0.431699,9.758214,8.847672,5.519293,33.92144,40.745232,17.177382,15.139331,9.341725,6.215285,16.116442,41.453514,56.778782,32.549999,15.753429,161.34807,6.85248,24.131672,1.286788,29.644522,4.630901,10.077317,17.10269,25.933237,2.334585,49.405846,64.893425,3566.7766,7.279159,7.095026,11.835485,21.513035,12.996403,40.112038
11.534347,156.34145,24.680403,9.61078,25.622353,19.575663,184.99468,10.805552,22.585453,37.529541,2.553393,7.875519,9.070511,5.635586,19.998142,0.428355,8.82854,8.568274,5.327049,33.09409,37.491817,16.345001,13.393535,9.108183,5.817154,14.930001,38.852356,47.030334,25.366667,14.07753,146.67174,6.875477,20.388456,1.240587,24.293562,4.630901,9.869662,16.013563,21.676304,2.339803,42.686993,56.608059,2879.7903,7.207796,7.011089,11.371116,19.684454,12.742153,35.419437
10.896948,157.96513,23.97525,9.01468,25.668598,18.52417,178.14307,10.430537,21.726101,36.380905,2.519347,7.632292,8.6901,5.149483,18.128632,0.424887,8.159712,7.450672,5.20922,33.229473,35.422024,15.455286,12.547917,9.108183,5.419022,14.257906,36.541958,48.504494,23.666666,13.578115,145.42578,6.162633,21.583815,1.137917,21.1348,4.488413,9.039048,16.009304,22.34038,2.386754,34.374126,56.505146,2449.5566,7.136429,6.912342,10.11516,18.493023,12.795369,32.141045
11.026649,159.92137,23.939995,9.466462,27.749834,19.335161,195.6459,10.792842,22.321043,40.506577,2.383166,7.548419,9.335751,5.742421,17.961039,0.422848,8.440619,8.638123,5.271236,33.089073,38.421375,15.237447,14.648328,8.769545,5.485376,14.401931,37.830746,55.589951,27.833332,14.580303,153.58846,6.749047,23.570469,1.176418,24.403172,4.317425,9.662009,17.315407,21.923203,2.510658,31.023273,59.489922,2387.1033,7.136429,6.887654,11.134781,18.964417,14.190799,33.381699
11.365733,149.99353,22.832901,9.299138,26.593588,19.284822,190.91206,10.462317,22.739697,39.437653,2.383166,7.464549,9.147292,5.52875,17.503099,0.428966,7.758416,7.846489,5.358057,32.026051,39.078251,15.170951,13.579026,8.87464,5.449987,13.476091,36.266918,53.117172,23.663334,14.044012,154.36719,6.598529,21.914925,1.206364,21.921997,4.407906,10.052885,17.766376,21.078634,2.517179,29.137878,58.769463,2609.1594,7.100748,7.011089,10.324486,18.347986,14.338617,31.723211
11.636257,147.93951,23.446384,9.934974,26.593588,20.582409,193.59044,10.411467,23.202425,41.022285,2.434234,7.800035,9.995363,5.956091,18.159309,0.435085,8.49521,8.428573,5.63092,31.459444,39.660763,15.81301,13.802705,8.991413,5.695501,14.401931,38.427998,55.399731,24.833332,14.21528,151.61879,6.57425,24.687263,1.374912,23.904943,4.766266,10.016241,18.14502,23.32799,2.549785,30.680473,64.697861,2899.2202,7.207796,6.946903,11.263076,20.098867,14.102103,33.490974
12.470065,147.57272,23.270096,10.257078,25.992346,21.275946,194.89844,10.398756,25.333195,41.270767,2.383166,7.967777,10.281544,6.057588,18.860382,0.435085,8.781795,7.986188,5.878979,30.852716,38.446159,16.441311,13.213503,9.341725,5.64463,15.026008,39.08025,60.96349,24.716665,13.958381,145.52199,6.700491,25.25968,1.437369,27.05374,4.680773,10.077317,18.14076,27.840343,2.594128,28.96648,65.433777,3262.8369,7.286296,7.011089,11.74925,19.430628,14.279488,35.033745
12.694266,156.498,23.587416,10.20688,26.477959,20.806135,198.19971,10.176289,25.199715,43.178905,2.4087,7.925839,9.943013,6.036219,19.561453,0.435085,8.399681,8.149173,5.792159,30.887814,37.064224,16.627047,14.075489,8.87464,5.653477,14.333346,37.917191,58.015179,26.333332,13.393195,144.93108,6.749047,27.498873,1.411702,29.594698,4.773391,9.833017,18.570454,30.18165,2.581087,32.651566,61.934361,3608.4121,7.364795,7.183899,11.722243,19.295946,14.013412,35.869415
12.510827,155.76929,23.693188,10.003814,24.974854,21.740168,199.94377,10.487741,26.235319,42.381886,2.391678,8.387134,9.597502,6.024467,19.341923,0.45344,8.024389,8.382004,5.823167,30.647135,35.186535,16.264744,13.338979,8.87464,5.861391,15.019156,36.235477,57.064114,25.663334,13.93783,142.9202,6.773323,27.779476,1.433091,28.947004,4.980001,9.936844,17.936552,28.538479,2.680208,32.548725,43.382351,3648.6597,7.493253,7.480142,11.46565,18.695051,14.184882,35.676567
12.043894,153.67123,23.47459,10.305094,24.45455,22.623873,201.56328,10.277986,26.295164,43.132011,2.383166,8.51294,9.126352,5.929384,18.978409,0.465677,8.461089,8.791792,5.816964,30.436533,33.903759,16.728123,13.257145,10.19416,5.905627,14.95743,37.084194,58.252953,24.673332,14.225555,144.28978,6.71506,26.572903,1.535761,30.082962,4.488413,10.138391,18.170546,28.922316,2.607171,34.365559,43.495571,3552.8979,7.493253,7.529515,11.546679,19.347744,14.190799,37.444328
12.964029,155.03082,25.209272,10.555454,25.437357,23.211147,202.43529,10.265274,26.226114,43.718048,2.306565,8.806489,8.909973,6.116346,19.23807,0.472489,8.597559,8.964088,5.953396,30.637104,35.700882,16.888882,13.229867,10.030676,5.861391,15.368917,37.288513,61.343925,23.666666,14.078268,141.54141,6.749047,26.488716,1.514371,29.265869,4.381546,10.230003,17.443041,29.364351,2.78254,39.721786,45.286442,3641.7205,7.63598,7.65295,12.424499,20.539173,14.740689,38.055008
13.275868,156.498,24.595787,10.247808,25.957659,22.653784,197.57683,10.551306,25.954557,43.353981,2.391678,9.225846,9.335751,6.175105,19.436344,0.469083,9.21167,9.592741,5.568905,30.561888,35.8806,16.891211,13.257145,9.808812,5.971983,15.053446,36.934875,62.889412,28.666666,14.136501,142.64993,6.700491,26.348415,1.506671,30.830301,4.231932,10.223895,18.106728,30.664568,2.786622,42.858391,46.511238,4024.7671,7.31484,8.097316,12.066617,20.487373,15.136848,38.511406
13.112433,165.24232,25.420815,10.014422,25.448917,22.308655,182.75232,11.250675,24.513916,42.322433,2.315076,9.141974,8.777352,6.49473,19.136662,0.469083,9.143436,9.732441,5.966625,30.33625,35.019218,16.627941,13.311703,10.50944,5.59597,14.689968,37.296375,58.966236,23.933332,13.680927,149.22771,6.676214,25.843334,1.510094,29.495054,4.210559,10.260541,19.102257,27.656643,2.841048,40.707336,42.600143,3747.197,7.743792,8.161501,11.796519,20.210157,14.456873,37.347908
12.868219,168.67546,25.597103,9.855292,26.917339,22.891401,185.16559,11.231031,24.721039,42.41275,2.34061,10.064558,8.444816,6.582479,19.637121,0.431006,8.870498,10.151541,5.821099,29.709471,34.29417,16.721128,13.962657,10.042354,5.832636,15.293477,37.013466,57.183739,22.799999,14.181032,150.382,6.312058,26.095881,1.451059,29.365515,4.189186,11.05451,19.276688,30.554054,2.842409,39.156166,43.974167,3851.2859,7.518243,8.541681,11.46565,20.256903,14.507955,37.470036
12.229505,165.30096,24.574629,9.653732,27.754459,21.867348,180.7151,10.648196,23.933983,40.901058,2.187406,9.854882,8.677304,6.482663,19.494137,0.54396,8.734029,9.988557,5.602808,28.631401,33.463772,16.320396,13.793414,9.528561,5.618088,13.75727,36.581253,57.708351,20.5,14.574948,147.49623,6.287781,24.692873,1.43908,26.306398,4.313863,11.439281,20.060789,27.385553,2.749884,37.279346,40.459324,3400.2344,7.593427,8.393559,10.918702,19.332355,14.038581,36.084976
12.661578,165.37436,24.616941,9.280312,29.075022,21.878662,187.0461,10.477929,23.980003,41.83279,2.21294,9.56133,8.959872,6.488145,19.970758,0.54219,8.461089,9.779008,5.953396,29.082685,31.332006,15.896377,12.9754,8.989077,5.463258,12.433665,34.302292,61.051617,15.366666,13.944682,148.52686,6.506275,21.898092,1.398869,23.596043,4.303177,10.993436,20.082521,29.543924,2.683212,35.6082,36.815815,3379.4165,7.593427,8.393559,10.344742,18.490921,14.568914,35.82914
13.593347,168.60211,24.659248,9.887119,28.795233,22.12195,187.3595,10.595805,24.969585,40.235538,2.315076,9.812945,9.628735,6.794182,20.035107,0.535461,8.215446,9.779008,5.655726,29.308329,32.137337,15.845118,11.25475,9.131536,5.576063,13.059681,36.824871,62.000721,16.5,14.054289,150.79428,6.55483,21.325661,1.467315,25.907816,3.919168,11.578734,20.421579,28.317968,2.658721,35.308254,37.309864,3400.2344,7.179924,8.319499,10.466288,18.594793,15.056571,36.406399
13.178185,163.27144,24.518217,9.865901,27.396271,22.653784,176.64072,10.67439,24.817699,38.766628,2.298054,9.645205,9.335438,6.72398,20.06609,0.533335,8.324622,9.975836,5.821099,27.578405,33.498821,16.784035,11.959934,9.465504,5.640206,13.052664,34.970264,58.232975,13.7,13.869321,155.24666,6.749047,20.674675,1.368923,22.918455,4.060944,11.362597,20.751942,24.173878,2.646474,32.565868,32.956181,3236.468,7.142331,7.899818,10.716127,19.036293,15.306499,35.291248
13.676006,156.98702,24.264366,9.982595,29.051712,22.512331,173.25581,10.726778,26.203106,38.481415,2.27252,9.603268,9.53216,6.987235,19.091377,0.526101,8.30415,9.714563,5.589578,26.074131,32.93523,16.693172,13.539546,9.341725,5.691079,13.291259,34.404453,59.515923,12.303333,13.924125,153.14873,6.608239,20.770071,1.3501,22.66934,3.904207,11.115585,21.108383,26.15959,2.592048,31.494621,32.781216,3347.4961,7.330287,8.146688,10.520308,19.062263,14.148302,35.160049
13.967185,151.07928,24.377106,10.033516,29.518028,21.980497,169.87094,10.510673,26.603537,38.072594,2.298054,9.150364,9.124405,6.998203,19.374975,0.514287,8.085799,9.785821,5.45728,25.798347,33.878761,16.85626,13.878038,8.87464,5.684443,13.298278,35.449638,50.315968,12.333333,14.845548,145.37082,6.651938,20.556816,1.540039,20.925545,3.959066,11.17734,21.425705,26.936607,2.579803,27.766685,31.057245,3164.2996,7.225031,8.442932,10.398763,17.914373,13.715503,33.618523
13.982213,156.72942,24.377106,9.619784,32.15274,22.608517,163.1012,10.412442,25.986776,37.278721,2.102293,9.18391,8.999217,6.669134,21.019346,0.505939,8.188153,9.975836,5.688801,27.578405,32.86557,16.774719,13.962657,8.872304,5.684443,13.536874,36.164753,44.783596,12.9,15.50665,148.2979,6.651938,22.723053,1.672653,23.596043,4.116357,11.115585,20.821491,27.644556,2.707704,29.994877,31.700512,3323.9026,7.097222,8.586119,10.364999,17.530012,14.099535,34.589359
14.389862,157.46635,24.513689,9.643124,32.374241,22.631144,163.91606,10.399343,24.923555,37.178886,2.170384,9.225846,8.512774,6.718494,21.305325,0.520283,8.597559,9.443789,5.887247,27.076979,32.738922,17.147488,13.398512,9.224954,5.629147,13.543893,35.402485,46.638851,12.2,14.660581,147.79208,6.506275,22.448065,1.672653,24.114199,4.116357,11.115585,20.621538,28.663313,2.734917,30.072006,32.961327,3587.5942,7.330287,8.753989,10.479792,18.309124,14.873701,34.143295
14.061112,155.99248,24.729355,9.526431,32.409214,21.708929,164.73094,10.17669,24.168711,35.391487,2.21294,9.141974,6.928253,6.663649,21.045563,0.516994,8.229094,9.828571,5.920321,26.425125,33.410168,17.00304,12.918986,8.757868,5.662325,13.207049,28.392712,44.411583,10.7,14.311193,149.28657,6.506275,20.20326,1.642708,22.918455,4.086219,11.115585,20.547642,27.342381,2.717228,27.852385,30.362503,3471.0146,7.330287,8.640428,10.574327,17.935146,14.751784,34.438477
13.961548,154.54309,25.246944,9.333357,32.250671,19.915415,169.11874,9.56111,21.94562,35.866856,2.323587,8.806489,6.21647,6.608804,20.776266,0.522812,8.017563,9.500795,5.788023,28.079832,33.562145,16.497469,13.257471,8.760204,5.653477,12.343891,26.192335,33.561459,11.333333,14.489313,149.74643,5.938189,20.48386,1.681209,22.021645,3.939942,11.115585,20.864958,26.900349,2.694098,27.423885,28.314318,3540.4075,7.32277,8.640428,10.11516,17.182003,14.501857,32.332813
13.935246,155.85487,26.799717,9.781034,32.04781,20.724466,169.55753,9.626597,23.722258,37.411831,2.127827,8.387134,6.452541,6.739337,22.067936,0.521547,6.072879,9.120762,5.940165,28.480972,31.662399,16.937805,10.983955,8.991413,5.507496,12.168451,27.072487,34.815781,10.466666,14.424233,146.45856,6.312058,21.99349,1.805267,23.815262,3.789254,11.115585,20.560678,27.506424,2.72131,28.366581,30.660984,3948.4353,7.292698,7.475204,10.175931,18.361065,14.264119,33.008469
14.006631,151.47232,26.95787,9.547645,30.91699,19.887121,171.24999,9.534913,22.069891,36.080788,2.110805,8.823264,6.062671,6.586869,20.947849,0.521193,5.588413,9.173017,5.754949,27.829123,31.098814,16.49514,9.223817,8.594387,5.706563,12.042135,27.646154,34.229164,9.933333,14.523567,145.12505,6.307203,20.48386,1.88227,22.768986,3.968609,11.115585,20.125996,25.624308,2.706343,27.423885,28.849529,3519.5894,7.330287,6.845997,10.06114,18.085775,14.264119,31.913
14.307208,129.36316,25.937067,9.530671,28.986429,20.368038,151.25409,8.971727,20.620045,31.474432,2.042714,8.722619,5.372348,6.224892,21.653263,0.50088,5.677119,8.897494,5.424205,26.299772,26.678736,16.075769,9.026364,8.057238,5.646842,11.094765,27.520416,27.824017,8.096666,14.537267,124.1426,6.069286,19.810417,1.759066,20.12838,3.840708,10.961201,19.274006,22.284861,2.601573,23.481705,24.881821,3108.7859,7.10474,6.741077,9.628984,17.737774,13.90447,32.582085
11.703505,106.17315,24.211763,7.988198,28.91181,15.672071,123.79894,7.661984,15.773414,27.096239,1.863977,8.387134,5.222123,5.983574,19.30825,0.473483,5.42465,8.408204,5.126535,25.44735,25.684542,15.814828,8.744292,7.940466,5.529614,7.761423,23.654043,23.803497,6.583333,13.622694,112.01667,5.777961,17.11665,1.522927,17.338308,3.491554,11.479929,17.896049,19.138807,2.455983,18.596823,21.933052,2754.8838,6.134887,6.704354,8.217725,13.166987,13.227839,26.238842
9.768577,100.86202,21.674128,6.577269,26.81337,14.184073,96.53183,6.339147,13.909324,23.055574,1.617149,7.925839,5.679951,5.725803,19.18432,0.440167,2.975029,7.600636,4.491506,21.566313,23.430176,14.715157,5.923552,7.193129,4.888179,6.231595,20.534225,26.231071,5.483333,13.091762,109.9014,5.103055,13.524962,1.420258,13.402313,3.160774,10.374546,16.126875,17.957737,2.197458,14.140441,19.375395,2289.9536,6.07474,5.87549,6.928006,10.569947,10.362824,22.991785
10.640233,121.84605,23.651039,8.247045,29.14497,15.858781,112.95478,7.072602,15.046186,28.61743,1.829931,7.967777,6.152088,6.240248,19.901653,0.470346,4.210074,8.712229,5.192683,22.112867,26.596418,14.829315,6.126644,8.39354,5.175719,7.298263,24.75423,31.477282,9.083333,14.21528,129.90436,5.938189,16.381477,1.796712,16.142563,3.675319,11.115585,19.169683,20.029783,2.517213,15.245967,21.557379,2641.0798,6.465689,6.730584,7.63026,13.743527,12.002586,25.615667
11.32779,121.8952,25.196621,8.147326,30.777086,17.657951,113.45624,7.406585,17.025345,29.449337,1.778864,8.219392,6.355967,6.636228,20.947849,0.478947,5.397357,9.263276,5.543274,24.2199,28.62281,15.183447,6.803624,8.622411,5.153599,7.438615,25.304327,31.00036,12.816666,14.098822,136.19037,6.312058,18.805868,1.903659,17.736889,3.671644,11.05383,19.952118,21.471582,2.464147,19.462389,22.231533,2761.823,6.225105,7.449284,7.799073,12.917669,13.044968,25.648474
12.19569,124.94135,25.987387,8.713818,30.357405,18.642408,109.25648,7.858446,17.757172,30.542686,1.915045,8.890361,6.313043,6.471693,20.056553,0.484867,6.175232,9.500795,5.397747,25.593597,28.686138,14.948133,7.446751,8.407551,5.175719,8.252651,29.060682,31.572676,14.216666,14.557823,140.4577,6.21495,18.51965,1.931893,18.085649,3.895839,11.090883,19.408758,22.44717,2.469589,19.32527,24.778891,2963.0615,6.570945,7.575186,8.771423,13.5046,12.679218,26.665226
12.066072,123.07928,25.469797,8.064579,29.961033,18.761223,105.30746,7.976322,17.384356,28.213371,1.719284,9.536172,6.220048,6.493631,19.305862,0.507128,5.793118,9.382036,5.622652,24.078878,28.964769,15.167139,7.988333,8.524323,5.352665,8.350896,27.072487,32.908077,20.783333,14.468761,140.4301,6.190672,19.361456,1.877992,19.420898,3.903189,11.733117,19.169683,19.321835,2.540343,20.096567,25.370703,3330.8416,6.826565,7.659122,7.71129,13.883768,14.294603,26.238842
12.267078,138.55077,26.95787,8.338278,30.777086,19.547653,112.82941,7.53101,19.55682,30.471376,1.744818,9.469075,6.856718,6.224892,19.801559,0.494125,6.543699,9.833326,5.563118,22.72085,29.129408,15.237031,8.885328,8.561691,5.352665,9.228091,26.710995,36.00811,23.4,14.557823,147.97606,6.21495,19.080854,2.190278,20.516998,3.976695,11.733117,18.947992,20.63413,2.653278,19.968016,29.503098,3469.6272,6.804011,8.288638,8.190714,14.673272,12.191558,29.092321
11.513768,130.39496,26.073654,7.998806,29.494717,19.349634,113.39356,7.43933,17.950485,30.594988,1.608637,9.519398,6.034054,6.274251,16.801176,0.49582,5.847705,10.289364,5.688801,23.452093,29.452366,14.97143,8.174501,8.991413,5.30843,8.035107,26.388794,33.528084,17.666666,13.427448,137.76764,6.312058,18.974228,2.26728,19.281393,3.932592,13.715395,19.278355,20.133385,2.623343,16.98567,27.526953,3193.4446,6.841602,8.162735,8.008401,14.018816,12.496348,27.806616
13.07862,136.63467,25.771721,8.720183,28.363888,21.069599,121.10355,7.465524,19.041323,33.646873,1.727796,9.653592,6.774451,6.217214,17.432711,0.514363,5.93641,10.688394,6.019545,23.295397,30.079277,15.225383,8.795064,9.572933,5.363726,9.480725,27.331806,35.626568,19.463333,13.355514,146.54132,6.21495,20.495087,2.438394,19.679977,3.932592,13.925356,18.804544,22.309032,2.76349,18.768223,30.537472,3425.2158,6.954375,7.952896,9.28461,14.917387,13.227839,31.033998
13.653461,127.7664,26.375578,8.913259,27.186432,21.414722,131.00748,8.821107,20.712099,35.453281,1.75333,9.56133,7.150015,6.438786,16.157728,0.514869,6.550522,10.788157,6.11877,23.321512,29.161072,15.423418,8.05039,9.131536,5.30843,10.898273,28.997812,40.267078,19.233334,13.136294,137.39973,6.239227,21.853191,2.421283,22.220934,3.956849,12.999058,18.587202,21.635618,2.914523,22.281908,34.994076,3816.5896,7.40547,8.435528,10.378506,15.587426,13.349755,32.877274
13.480637,130.93539,28.036186,9.110576,27.512857,21.923925,134.01628,9.299162,22.875362,34.987423,1.736307,8.798103,6.93183,6.515568,17.511354,0.527011,6.686991,11.59097,6.105538,24.340034,28.863447,15.623785,8.462217,9.054468,5.259768,10.800026,29.862247,40.061996,20.033333,14.044012,138.40681,6.603384,22.504187,2.395615,23.30707,3.895839,12.350648,19.352249,23.051516,2.979836,22.367607,34.891151,3969.2532,7.435544,8.655857,10.486544,15.810772,13.349755,34.569679
13.364165,129.70216,29.29422,9.102091,28.909483,20.079487,119.78723,8.840753,21.430117,34.226837,1.685239,8.848426,6.849566,6.110814,17.928411,0.53966,6.3117,11.638474,6.11877,23.295397,33.562145,14.934157,8.907896,9.108183,5.618088,10.070199,28.997812,39.084301,18.5,14.386552,137.3078,6.773323,22.683773,2.413583,22.12129,4.035501,10.738891,18.100349,23.828533,2.870983,23.635962,33.964832,3983.1318,6.954375,8.021093,10.527059,14.543414,13.105923,31.716198
15.084932,135.11157,31.630566,9.133914,30.770096,21.584457,119.34846,9.417039,22.295425,36.413544,1.659705,8.722619,7.121401,5.8684,16.913191,0.53966,6.550522,12.588552,6.019545,22.224644,35.715191,14.854942,8.575045,9.565928,5.750799,10.919326,29.131405,40.157387,18.566666,13.680927,140.7106,6.846155,22.391951,2.471761,22.549765,3.92083,11.794871,17.387466,26.035261,3.017934,23.86735,37.104012,4450.8374,7.367878,8.183719,11.404878,14.751178,12.374433,33.913712
14.446218,124.42545,30.049038,8.665019,28.468809,20.916838,108.56696,9.35155,20.251829,35.034954,1.591615,8.974231,6.681454,5.991251,16.348387,0.548109,6.345819,11.971003,5.993084,22.663393,31.48509,14.351701,8.292975,10.22919,5.59597,10.350902,27.308237,40.061996,17.65,13.273306,132.98532,6.797601,19.361456,2.677956,20.12838,3.950968,12.196268,17.68306,24.175608,2.993441,20.996412,34.690441,4078.8931,7.157367,8.183719,10.871435,14.595355,12.496348,31.965473
15.488831,124.67112,31.774342,8.614098,28.58539,22.331287,107.31331,9.626597,21.098722,36.651226,1.489479,8.890361,6.835256,6.096555,15.912268,0.53966,6.550522,12.018505,6.204761,22.120182,33.43549,14.305103,9.026364,10.22919,5.485376,10.442131,27.048912,38.416595,20.656666,13.358942,137.35378,6.797601,20.018066,2.780625,21.503489,4.193539,12.8138,17.843887,25.002699,2.945819,16.977098,36.923893,4538.2715,7.255105,8.262408,10.810662,14.231774,13.16688,32.851028
15.836365,130.68973,31.918121,8.858093,29.727873,22.150238,109.50723,9.724828,22.253996,37.744587,1.463945,9.209069,6.903215,6.381749,16.562866,0.53966,6.379935,11.875994,6.158457,22.172413,34.195393,14.794366,8.96995,10.813046,5.319488,10.407043,28.133381,39.017521,20.483334,14.211857,140.2278,6.918986,19.647669,2.913239,20.925545,4.286156,12.758222,18.343779,25.261703,2.979836,19.32527,38.261898,4371.73,7.19496,8.314869,11.067252,14.335653,13.733788,34.438477
15.610934,130.69467,32.406956,9.144521,29.90274,23.423239,113.70696,10.477929,23.473713,39.170708,1.532035,8.806489,7.210819,6.23586,16.360291,0.548109,6.666522,12.769067,6.350289,25.332441,36.348438,14.747767,10.098247,10.672922,5.750799,11.56494,29.94083,36.842735,20.333332,13.478828,138.71028,7.186034,21.718504,2.926073,23.038029,4.454486,11.825748,17.996027,26.936607,3.095491,23.310303,40.011608,4681.2207,7.608462,8.341098,11.654717,15.686113,14.325081,34.569679
15.648509,129.46144,31.378963,9.123308,29.611298,22.26339,112.45331,10.157043,21.904194,37.4356,1.710773,9.68714,6.520499,6.411365,16.121981,0.556356,7.922037,12.588552,7.210224,24.548962,36.171127,14.736125,10.707527,10.745317,6.027279,12.014065,29.217857,37.19566,19.633333,13.25618,134.28204,7.137481,22.055222,2.951741,22.918455,4.37363,12.505033,18.495918,28.585613,3.273736,23.86735,39.111023,4670.1182,7.969338,8.183719,11.46565,17.223566,14.751784,33.388931
15.413686,129.70711,31.285507,9.193322,30.660515,21.505247,117.46795,10.281467,21.724691,37.093327,1.659705,10.232303,6.330928,6.471693,15.905118,0.541354,7.894742,11.780987,7.137461,25.750294,33.562145,14.806017,10.143376,11.607094,6.049397,12.421084,28.031221,35.521645,18.666666,13.187672,128.73184,7.137481,20.20326,3.011631,22.071468,4.26337,11.875152,18.96538,27.756792,3.291425,21.98196,37.232658,4455.001,8.916636,8.314869,11.202304,16.62105,13.715503,32.824795
14.944043,130.88625,31.343014,9.6113,31.359987,21.776823,122.48258,10.772621,21.701677,35.813236,1.727796,11.180049,6.416772,6.46292,16.179174,0.548109,8.051682,11.182437,7.144075,24.548962,34.885643,14.747767,10.493148,11.443615,6.259524,11.978977,29.563622,35.76965,18.4,13.102037,127.00741,6.986962,19.754297,3.19558,21.70278,4.300123,12.560611,18.821932,29.164059,3.251966,20.996412,37.114414,4350.9116,9.330139,8.23618,11.067252,17.249531,13.715503,33.782516
14.902715,126.90661,31.558681,9.537039,33.178638,23.994675,120.85283,10.995274,21.42551,34.58849,1.82142,10.987146,5.955365,6.524344,15.466613,0.570876,7.94933,11.187185,7.342523,26.12114,35.018612,15.190439,10.713165,11.443615,6.347997,11.929854,29.320011,32.097294,18.866667,12.331331,125.99577,7.18118,20.068571,3.165635,22.559731,4.358929,12.53591,19.039274,28.110767,3.122704,20.696466,36.164375,4066.4028,9.172256,8.346343,11.323848,18.07539,14.020288,36.216164
14.803147,123.57059,30.552254,9.093601,30.301451,23.134689,114.7099,10.798813,19.855995,32.034138,2.289542,11.112951,5.365193,6.340064,15.919415,0.564957,7.430748,10.925915,7.269758,25.724176,33.93576,14.808346,10.154663,10.871433,6.325879,11.76845,27.166788,30.046503,17.156666,12.108681,124.38631,7.088926,20.343559,3.165635,21.124834,4.414059,12.387702,18.387241,25.812519,3.13631,18.682522,34.00555,3941.4963,8.871528,8.209948,11.046998,16.569105,13.520439,34.241688
14.774971,124.79398,29.761492,8.732913,29.9144,23.247843,114.39648,10.923243,19.492386,32.620308,1.872488,11.322631,5.440307,6.148108,14.584849,0.582665,7.266984,11.519713,7.144075,23.728922,34.005413,15.108895,10.493148,10.813046,6.414351,12.070205,26.655987,30.575893,15.466666,11.063944,127.60517,7.088926,20.876705,3.574601,19.45079,4.306004,12.671766,17.843887,27.195618,3.126786,18.545403,34.349087,3983.1318,8.570797,8.708317,11.128026,17.166428,12.86209,33.946507
13.807505,119.63517,28.934782,9.061776,29.984343,22.959301,114.20844,10.72023,19.837587,30.714087,1.838443,10.911661,5.433153,6.098748,13.726922,0.569182,7.649098,11.662225,6.747182,25.18619,32.86557,15.225383,10.154663,10.836403,6.303761,12.070205,26.773867,28.949566,15.5,10.461078,120.89152,7.132624,20.624163,3.678981,19.03228,4.072253,12.721168,17.517874,25.753815,3.193458,18.871063,32.673645,3650.0474,8.345252,8.550938,11.303592,16.517164,12.599974,32.988785
13.995365,127.2751,29.83338,9.488239,29.753517,25.063999,122.29454,11.132798,22.000851,32.834759,1.957601,11.280695,5.941059,6.208438,14.060563,0.581501,7.812861,11.396203,6.94563,26.638235,33.498821,15.516612,9.646927,10.626213,6.414351,13.017573,29.351444,29.583881,15.933333,11.47499,129.90436,7.161758,21.409847,3.567756,16.640789,4.094306,12.659417,17.978643,27.437347,3.204343,19.659498,36.415638,4241.272,8.570797,8.886681,11.850537,17.062542,13.288798,37.455956
14.089291,135.11157,29.114496,10.090802,30.730461,25.177151,130.50601,11.132798,22.875362,35.298557,1.915045,11.238758,6.334504,6.276445,15.299798,0.560758,8.665793,11.377201,7.474819,26.063686,34.081406,15.889385,9.759758,11.572062,6.912015,13.628104,29.948689,34.887325,15.066666,11.817524,134.52576,7.161758,22.448065,3.721761,18.982456,4.145759,12.227143,18.017765,28.765181,3.149917,21.87055,41.288677,4572.9683,8.27007,8.881433,11.884304,18.475334,13.733788,38.275913
14.714857,139.22386,27.892408,9.933795,31.698069,26.025824,130.06725,11.198286,24.440275,34.550369,1.829931,11.490374,6.084129,6.351034,15.83362,0.556533,8.931911,11.210939,7.494666,26.037571,33.245522,16.44854,11.000882,11.326842,6.624477,12.933366,32.062618,35.388103,14.216666,11.47499,137.62965,7.23459,21.886869,3.969877,18.623735,4.364808,11.918377,18.252491,29.366087,3.196179,21.853409,40.057205,4496.6362,8.563281,8.78176,12.647568,18.049417,13.593586,38.767895
15.257765,133.14632,27.60486,10.014422,31.450922,26.733042,129.75382,11.394749,24.716436,34.740986,1.957601,11.322631,6.116321,6.166755,16.801176,0.554433,8.49521,11.258442,7.937861,26.074133,33.54948,16.569693,10.978317,11.672487,6.701893,12.729856,30.805271,36.437344,13.666666,11.423607,130.07913,7.283145,23.009266,4.115325,18.035826,4.403033,11.634313,18.539389,29.284925,3.19754,22.281908,39.560383,4586.8467,8.758754,8.865695,12.633583,17.685835,13.160787,40.768608
15.533912,134.12894,27.59767,9.884997,32.176048,25.969246,129.56578,11.152446,24.072056,35.236595,1.889511,11.448436,6.177126,6.400394,16.658188,0.560758,7.778746,11.082677,7.904786,26.377077,34.081406,16.48349,10.747015,11.677156,6.591299,12.25968,30.475204,37.615353,13.566666,12.023047,131.31609,7.433662,22.728668,4.384832,17.726925,4.462572,11.424349,18.726303,29.958336,3.143113,21.424911,40.168198,4767.2676,8.939191,8.918156,12.605616,17.857235,12.929147,39.660023
15.02858,133.83414,27.425142,9.980473,31.359987,25.324259,127.24651,11.132798,23.243572,34.502693,1.846954,11.599404,6.016171,6.482663,16.295946,0.550639,7.519453,11.35345,7.706339,26.528547,33.878761,16.355345,11.282956,12.132565,6.569182,12.154415,30.797403,34.95409,13.12,12.164028,131.99667,6.797601,22.728668,4.300985,16.660719,4.630901,10.652435,18.734993,27.644556,3.129507,20.567913,37.483269,4817.23,8.638462,8.640121,12.339941,17.727386,13.288798,37.816738
15.030458,136.63467,25.333212,9.971987,31.476576,25.092283,124.11235,12.213334,23.082481,33.001549,1.795886,11.741986,5.776525,6.569315,16.705851,0.556533,7.534568,11.329701,7.719569,26.638235,33.847111,16.751419,11.170126,12.84487,6.679772,12.042135,30.954575,35.7458,11.466666,12.551865,134.04753,7.33763,21.892473,4.468678,14.77742,4.777915,10.627734,18.917562,25.620857,3.170326,20.225115,35.517139,4517.4546,8.570797,8.813237,12.025325,17.483263,13.989814,38.184082
15.01918,135.35724,25.39072,10.137479,31.474243,26.025824,125.61673,12.115105,24.426737,34.893486,1.991646,12.589088,6.098436,6.44756,16.682016,0.535461,7.47178,11.861744,7.441748,26.951626,34.195393,16.753748,11.988141,13.779047,7.232735,12.091258,31.543955,36.003338,10.953333,12.629436,133.51871,7.312063,22.588366,4.535415,15.554653,4.79629,11.195864,18.552425,27.057474,3.17713,21.510611,35.876541,4788.085,8.38284,8.655857,12.242061,17.088512,14.782267,38.590786
14.575837,129.04384,24.801241,9.598566,31.593159,24.758474,124.30042,12.180593,23.708719,34.192944,1.880999,12.781991,5.293659,6.252313,16.682016,0.553168,7.506663,11.448458,7.461589,28.33577,34.575344,16.355345,13.229265,13.31196,7.409683,12.077222,28.934942,31.63467,11.25,11.80792,125.76586,7.148435,23.093445,5.787123,13.731143,4.851421,11.492281,18.200329,24.691885,3.19754,21.167812,34.983322,4718.6929,8.458025,8.918156,11.808589,15.400437,14.843223,36.261459
15.417447,124.07169,24.873127,9.789518,30.611561,25.080969,122.79603,12.239532,24.03253,36.099167,2.000157,13.587157,4.5783,6.273154,14.894658,0.564957,7.527595,12.137267,7.243299,28.466349,35.145264,17.462013,13.257471,13.090091,7.321209,11.859678,28.211967,28.911407,9.383333,11.705671,122.45501,7.235363,22.167465,5.637398,14.747527,4.61032,11.918377,18.082964,22.922014,3.185294,21.433481,34.401947,4052.5242,8.157295,8.912909,11.605837,15.182289,14.873701,36.388809
15.91339,124.08152,25.297268,10.197745,29.935379,26.614231,120.91551,12.259176,24.562832,36.313618,1.94909,13.587157,4.413766,6.152496,14.863681,0.569182,7.422945,12.06601,7.011776,27.839567,33.245522,16.825974,13.793414,13.428732,7.288031,11.214063,28.133381,26.545841,9.246666,11.35309,121.62729,7.414328,21.942984,5.257521,17.099159,4.810992,11.733117,17.796072,21.903261,3.075081,19.19672,34.634495,4441.1226,8.239994,8.975862,11.689733,14.901811,14.93466,36.8647
16.883574,126.73467,25.491362,10.625286,29.319838,26.902773,122.41991,12.769977,25.290241,37.238148,2.000157,14.174253,4.764293,6.230376,14.918499,0.573406,7.534568,12.636058,7.468206,27.076981,33.907665,17.739141,13.370301,13.230216,7.321209,11.382483,28.329845,19.434841,9.7,11.77619,121.72385,7.260929,22.420004,5.390136,17.168911,4.410382,12.227143,17.822155,22.997583,3.154906,20.053719,37.900806,4675.6694,8.224958,8.918156,11.983377,15.712085,15.233352,38.057774
16.741133,121.84605,24.082367,10.59693,31.425291,26.572857,121.22892,12.508028,25.294928,35.98003,1.983135,15.04652,4.274271,6.2929,14.298874,0.573406,7.946178,12.517297,7.011776,26.324844,30.445711,17.642181,13.037459,13.066737,7.498157,10.814061,27.583288,21.652561,9.836666,11.176803,119.71896,7.127982,20.781298,5.244293,16.202351,4.226616,12.344473,17.778687,20.254255,3.181907,19.882317,36.405071,4295.3979,8.224958,8.870941,12.011339,14.210995,15.788067,39.659702
16.570208,118.30861,21.882601,10.863054,29.76984,26.24106,120.79016,12.789623,24.656693,37.446636,1.880999,16.858141,4.238504,6.118492,13.360643,0.577099,7.625262,12.422288,7.049035,26.586002,29.18388,18.044214,12.704127,13.078414,8.161711,10.315813,27.347525,20.784552,9.166666,10.679664,113.22604,7.112643,22.420004,5.555511,16.4415,3.932592,12.103636,17.756948,19.640915,3.196119,20.362236,34.882904,4163.5527,8.044518,9.232914,12.13719,13.894156,15.23945,37.870102
15.990966,110.88974,21.616619,10.143212,29.546009,25.234211,110.63551,12.383602,23.596088,35.33799,1.898022,15.22265,3.863294,6.200039,13.041729,0.577605,7.534568,12.332032,6.294531,24.157223,28.795628,17.583061,12.698369,13.078414,7.918408,10.273709,26.050884,18.56216,8.193333,9.942771,110.7981,7.081964,22.088896,5.579584,14.817278,3.667969,12.041883,17.122309,19.419479,3.0469,20.225115,33.403023,4148.2861,8.27007,9.101765,11.969393,14.179832,15.491733,37.065788
15.673804,100.87675,21.544727,9.608786,29.20647,22.51685,105.17129,11.820414,21.686062,32.429512,1.744818,15.306517,3.619996,6.2238,11.766065,0.548109,6.627629,11.265831,6.497128,23.342407,28.148535,17.393866,12.127978,12.15592,7.719341,9.578971,24.809242,15.630783,6.963333,9.435054,99.283745,6.570631,21.157301,5.816007,12.605148,3.638566,11.671364,17.027765,17.978395,2.882049,19.453821,31.389326,3590.3696,8.232476,9.049304,11.375118,13.54615,14.550942,34.431618
16.558813,94.043091,20.035093,10.05596,27.414097,20.514593,102.29076,11.604308,21.099447,33.956455,1.642683,15.767808,3.336147,6.506649,10.490401,0.679723,6.732276,12.037929,6.217681,22.094065,29.18388,16.417166,10.831638,11.910699,7.829933,9.92985,27.74832,15.46686,7.843333,9.519671,102.08415,6.902997,21.536205,5.682751,12.306212,3.34454,11.997051,17.161493,15.054055,2.926104,19.410969,31.60074,3927.6177,7.743792,9.442753,10.885716,12.860538,14.550942,31.904724
15.801046,101.14204,18.40324,10.285001,29.277878,23.466499,97.297844,11.787671,23.06109,34.126125,1.915045,16.123322,3.502032,6.646942,10.896295,0.671321,6.334617,11.047311,6.063986,21.869467,32.22522,16.71987,11.062099,12.118042,7.46498,10.105287,25.909431,15.235439,8.483333,9.660707,110.36124,7.148435,21.519119,6.305188,11.937525,3.712072,11.378259,17.874699,17.222708,3.055428,15.554484,32.123989,4010.8887,7.884417,9.600132,10.696946,12.808594,13.67287,32.709045
15.687097,102.8191,17.82095,10.404974,28.516178,24.124384,98.38604,11.492976,22.831137,35.144093,1.727796,16.387083,3.981258,6.765738,12.80496,0.707006,6.125325,11.071591,6.252613,22.172413,30.148046,17.145554,11.004482,12.569502,7.420942,10.063182,26.239483,15.428287,9.293333,9.156515,116.33457,7.056396,20.090208,5.425694,6.895464,3.46215,11.719226,17.972767,17.046965,3.041215,17.05423,33.297321,4096.9355,7.798545,9.52669,10.606058,12.757298,14.864539,31.368504
14.718519,91.520088,16.879223,9.456092,27.504553,23.580912,88.656258,10.942887,21.371637,32.671879,1.702262,15.86807,4.47523,6.35391,11.737073,0.755248,5.86022,10.998752,6.105904,21.744112,29.442717,17.036768,10.664555,12.353273,7.468891,8.68774,23.976242,13.475647,8.773333,8.038835,102.5394,7.046169,17.881367,5.275244,7.244224,3.271033,11.801311,17.121376,13.444253,2.955948,17.491299,29.994013,3322.5146,7.751707,9.442753,9.990808,11.769467,14.739101,28.419334
15.138239,81.007622,18.178972,8.683901,26.685715,22.711361,81.807007,10.694037,20.766247,30.587467,1.727796,15.995691,4.368325,5.894564,10.473488,0.7133,5.246291,11.091016,6.070972,20.631575,30.38101,15.371876,10.474423,12.118042,7.226856,8.449144,21.610836,13.292436,8.23,7.40419,91.540054,7.030829,15.997022,4.755971,7.254188,3.418046,11.750799,15.512207,13.356382,2.714356,15.554484,29.333351,3298.9211,7.025717,9.180454,9.536363,11.198955,15.027611,28.653923
14.336791,72.226646,16.894268,8.365424,24.98617,21.080946,73.421463,10.281467,19.485073,27.533579,1.702262,15.44265,4.386756,5.359415,9.54332,0.681832,4.764917,9.857601,5.595914,18.281141,26.822001,14.518147,9.201131,11.878059,6.831833,7.719318,19.84268,9.088225,7.383333,6.610884,86.432724,6.81607,15.923012,4.943391,7.583019,3.22174,9.37033,14.437942,12.653415,2.634773,15.254536,25.897919,3122.6641,7.017909,9.154223,8.753317,10.644289,14.005279,27.313391
14.505816,66.037926,16.560095,8.539933,24.041187,21.916178,65.035934,11.172092,19.672792,28.028023,1.608637,16.165859,3.981258,5.457845,7.221513,0.687055,4.743988,9.575957,5.65879,18.411722,27.50144,14.378615,9.443115,12.360403,7.363856,8.835111,18.616751,3.857072,7.066666,7.115072,87.274391,6.64733,13.862188,4.685475,6.586564,3.22174,10.551091,15.289329,12.616511,2.673143,14.87746,23.810223,3178.1782,6.768107,9.180454,9.14484,10.591465,14.845722,30.195534
14.547597,66.735451,16.248201,9.368837,24.469645,22.001984,69.196693,11.132798,21.282465,29.957302,1.583104,15.059778,4.257734,5.837993,8.2145,0.686017,4.430047,8.740733,4.918256,18.019981,26.446678,15.750262,8.671073,12.355651,6.73593,9.361427,19.96056,7.964856,6.45,7.756771,93.092087,6.596198,12.809003,5.106738,6.825713,3.322227,10.797349,16.2477,13.619996,2.828047,14.35469,25.818634,2357.9585,6.651011,8.760777,8.949079,10.892569,14.989977,32.172829
14.281713,61.60043,17.072493,8.971834,22.041729,22.385275,68.172501,10.96908,21.21208,29.569504,1.744818,14.80453,4.054985,5.93982,7.9729,0.677111,4.46493,9.857601,5.099896,18.751228,26.36903,15.371876,9.587152,11.73787,6.719948,8.035107,18.83679,7.116301,6.323333,7.580479,89.850266,6.335417,12.643909,5.394744,6.457025,3.222508,11.744486,16.729111,13.549703,2.87068,15.940134,25.977192,2345.4678,6.432433,8.839466,8.564548,10.776352,14.362783,32.139317
15.193316,73.463409,16.619505,9.152885,23.422308,22.682755,74.957756,10.805362,22.023952,31.363075,1.804397,15.97868,4.313029,6.05409,7.76029,0.692311,5.316057,11.120155,4.904284,18.542301,28.970346,16.393515,9.857944,11.76163,7.044184,9.649148,19.646214,8.003425,6.936666,7.397138,90.525475,6.38655,14.51687,5.553793,7.034969,3.174181,11.997051,16.537437,15.377415,2.828047,15.931564,27.87462,2525.8884,6.877395,8.918156,9.753098,12.149811,15.366295,32.373913
13.81642,64.80117,16.188791,9.170338,23.041456,21.973385,71.309082,10.805362,20.681774,30.631105,1.702262,15.740441,4.217184,5.944345,6.970247,0.734258,5.260245,10.68312,4.680727,18.756451,28.989754,16.507029,10.122972,11.524024,6.930016,9.03862,18.938953,7.66111,6.463333,7.086867,85.873184,6.289396,13.144881,4.646788,6.178018,3.018464,12.628475,16.693451,13.690292,2.764095,16.000124,25.401094,2269.1357,6.853975,9.164283,9.396534,12.023028,16.282,31.100397
13.780337,58.869659,15.743233,8.910758,21.184809,20.7663,63.435635,10.707135,19.733801,29.44832,1.566081,15.229942,3.944394,5.709014,6.487041,0.734258,5.232339,9.663364,4.121833,17.889402,27.734402,15.778638,9.500728,11.048805,6.19934,8.140369,17.43012,6.571487,5.906666,8.021205,80.351448,6.171791,12.182783,4.814433,5.709684,3.156538,12.577964,15.891097,11.950449,2.728567,11.963671,23.699236,2009.6077,6.635399,8.711459,8.627471,10.660136,15.830421,29.873814
13.74995,49.569252,15.891751,8.825686,21.727524,20.068373,63.691685,10.51722,19.405291,28.861788,1.617149,14.889611,3.859608,5.651314,5.919274,0.734793,5.267221,9.493406,3.632803,15.669549,26.71846,16.199587,9.506489,10.71853,6.210756,8.028089,16.463531,6.108639,5.876666,7.929533,75.380089,6.146225,10.531844,4.443033,5.301137,3.225576,11.93391,15.512207,10.897755,2.663195,12.512148,22.610464,1942.9911,6.619785,8.317935,8.851198,10.2481,15.855509,29.377817
12.794668,49.222969,14.963494,8.50721,20.470718,19.51346,54.473991,10.346953,18.02088,25.701235,1.523524,12.762523,3.542582,5.216857,5.242785,0.734258,4.890493,8.658181,3.534996,15.266758,26.265497,15.608364,9.1608,13.828826,5.959585,7.459669,15.551945,4.170459,5.273333,7.517014,62.385101,6.105316,10.104878,4.684615,5.839223,3.244753,11.144629,13.831717,9.572659,2.623403,11.055254,19.687698,1711.22,5.932827,8.086132,8.326838,9.1599,15.303576,27.494364
12.781377,45.141659,12.735679,8.005504,26.314386,19.593552,46.856594,9.024116,17.03536,23.46656,1.489479,13.187942,3.446738,5.385436,5.433652,0.7133,4.883517,8.740733,3.353357,16.226383,24.26598,15.376601,8.630741,10.324096,5.744949,7.080719,15.237602,4.122247,5.066666,6.981094,53.880566,5.72693,10.247204,4.706968,4.882627,3.315324,11.049915,13.684619,8.270415,2.754147,6.641723,19.21731,1963.8088,5.761087,7.547055,7.900358,9.048966,14.111902,26.153828
12.496503,39.229961,10.374195,7.390367,24.160204,19.221703,38.791111,8.388892,16.035765,20.238146,1.378832,13.102857,3.343519,5.50197,5.532709,0.7133,4.562599,8.099744,3.562941,14.994138,23.845367,15.892151,8.158297,9.860758,5.877385,6.315805,16.031309,3.331546,3.863333,6.420491,46.846642,5.343431,10.036566,5.012169,4.543832,2.999287,11.138316,13.662331,7.469032,2.39176,4.387821,17.293468,1550.2292,5.589347,7.331426,7.0474,7.707204,14.111902,23.962051
13.372016,47.442039,12.126742,8.0644,24.17211,18.935665,46.152466,8.100748,16.411203,21.328825,1.276696,12.337107,3.866981,5.204413,5.585861,0.669244,4.283541,8.352253,3.695679,13.336604,22.674135,15.821206,8.158297,9.26674,6.359175,7.193,15.347624,3.693146,3.62,6.794226,57.538574,5.338317,10.896189,4.943391,5.978726,2.762259,10.677378,13.497403,9.982139,2.512556,4.799179,19.835688,1768.1218,5.362964,7.681825,7.348033,8.568256,13.955105,25.336103
14.220942,53.922646,13.225799,8.376331,24.571999,21.143873,51.273403,8.899692,17.743994,22.371035,1.370321,14.12386,3.830118,5.047149,6.97508,0.692311,4.604458,8.342544,3.632803,15.871977,24.440689,15.040788,8.31962,10.763675,6.589795,7.719318,16.958612,6.07971,4.056666,7.055136,67.055885,5.701364,12.399117,5.545195,6.955252,2.753821,10.412179,13.903039,12.758862,2.714356,7.215909,22.277493,2171.9863,5.651798,7.439241,8.347813,9.249701,14.801818,27.648521
14.826776,50.454769,13.158963,7.907343,25.921638,20.806355,44.872234,9.541465,16.983738,20.989502,1.617149,13.95369,4.11028,5.377517,6.46288,0.696496,4.430047,7.924929,3.807457,14.383468,23.703009,14.839768,7.927835,11.374331,6.45051,7.94388,14.381031,6.002569,3.433333,7.580479,60.243946,5.573529,10.702632,5.583882,5.998656,2.569722,9.944925,14.219521,13.672721,2.690197,7.11307,22.716171,2291.3416,5.620573,7.482367,7.795488,9.001424,13.892389,25.128315
14.686237,51.943813,13.871863,8.070944,25.731213,20.354408,47.048626,9.35155,16.190636,21.086456,1.634171,13.613357,4.217184,5.287005,7.339903,0.681832,4.457953,8.352253,3.772526,13.892751,24.388926,15.177952,7.933599,11.167612,6.395708,8.105283,14.813246,5.930249,3.48,8.112876,58.731728,5.670682,10.67417,5.760125,6.526776,2.84587,10.36798,14.201691,14.692023,2.697302,6.427474,25.527945,2498.1313,5.526897,7.374552,7.341041,9.772673,15.303576,25.939337
14.754608,53.210258,14.27287,7.966239,26.154911,18.369314,45.192291,9.384295,15.444456,21.813576,1.532035,13.383632,4.054985,5.133135,7.999476,0.681832,4.813753,8.531926,3.25555,12.840434,24.427755,14.579632,8.267766,10.644867,6.391142,7.866685,15.292616,5.935071,3.173333,8.285642,58.768719,5.900783,11.727353,5.717139,6.038514,2.707796,10.923632,13.818347,13.147252,2.643299,6.538883,23.773228,2194.1919,5.456639,8.107696,7.585742,9.841345,14.757919,24.189941
15.06987,50.949467,14.733287,8.297803,24.038815,18.872738,48.008808,9.593852,15.425686,23.965847,1.549058,13.485732,4.268794,5.191967,7.926998,0.692311,4.918399,7.837524,3.07391,13.952725,23.942432,15.064438,8.32538,11.28641,6.324925,7.993002,17.673735,5.886856,2.59,8.031783,60.535286,5.808744,11.932297,5.932071,6.357379,2.761492,10.128039,13.617757,14.576032,2.572243,6.341774,25.18968,2095.6545,5.284898,7.978315,6.984476,10.158298,14.8959,25.40983
15.601635,55.960823,12.958462,8.306528,22.491604,19.021477,52.42561,9.986774,16.659927,24.86747,1.489479,13.826066,4.453111,4.960033,8.2145,0.734258,4.87654,8.352253,3.03898,13.167579,23.068859,14.371525,8.440613,11.405217,6.094305,8.070196,18.388857,6.479882,2.25,8.6488,69.136955,5.69625,11.254844,5.855555,6.526776,2.769163,10.115411,12.971414,15.570727,2.546663,6.684572,26.526865,2283.0146,4.94142,7.816593,7.445913,10.311489,14.550942,26.616308
15.550356,55.505695,13.418876,8.44177,23.774591,19.450535,59.850979,10.615451,17.194921,24.4312,1.370321,15.953153,4.508405,4.864995,11.084744,0.744769,5.267221,7.793818,3.03898,14.132655,23.683594,14.449563,7.916315,11.345818,6.564678,7.789494,18.12167,6.749876,2.343333,8.906183,64.743607,5.752498,11.391474,5.974195,6.736032,3.028436,9.907041,12.592525,15.553161,2.486975,6.650292,26.093473,2373.2249,5.027291,7.681825,8.354804,10.829177,13.666594,27.279877
15.426913,53.304268,12.936183,8.590103,22.851038,19.050081,57.994637,9.737926,15.838657,23.505339,1.540547,15.910609,4.582133,4.896674,10.113501,0.774129,4.87654,7.750117,3.004049,15.321282,24.285391,14.650576,7.547577,11.875684,7.19032,7.438615,17.720888,6.306314,2.166666,9.149462,60.586155,5.624664,10.822182,5.545195,6.676245,2.762259,9.78707,11.874862,14.47586,2.559453,7.11307,24.571302,2217.7856,5.316125,8.301762,8.145061,10.258665,14.300062,26.569399
15.271179,50.806007,12.082188,8.206187,25.612192,17.551247,53.513817,9.999874,14.651348,22.458288,1.472456,15.315025,4.637427,4.8616,9.577141,0.739514,4.409119,7.313079,2.724602,13.254818,23.424759,14.49213,7.397778,10.813569,7.235988,7.087738,16.746437,5.419187,1.96,8.303268,60.183819,5.368998,10.822182,5.923472,5.839223,2.515259,9.578701,11.500426,13.63757,2.488397,7.284469,23.022711,2178.9258,5.019484,8.247854,7.704598,9.424026,15.554456,25.222155
15.744072,48.688686,11.718309,8.169106,25.421772,17.019215,51.401428,9.56111,14.074119,22.298319,1.446922,15.910609,4.795941,4.58554,9.519158,0.738475,4.283541,7.279086,2.494059,12.08255,23.521824,14.350239,7.02328,9.452072,7.261106,6.666684,17.23366,4.826162,1.603333,9.442104,56.072598,5.210484,10.975893,5.87189,5.360925,2.42551,9.452415,11.438023,14.08571,2.444342,7.02737,22.208782,1856.9442,4.785293,8.307153,7.606717,8.673907,15.052697,24.122919
15.100257,44.478764,12.089613,7.787371,24.993315,16.000925,48.136826,9.345005,13.337327,20.795605,1.463945,15.60431,4.427307,4.3174,9.084271,0.744769,4.116107,6.871186,2.584879,11.831738,22.965319,13.995496,6.936857,8.910326,7.192605,6.266683,15.363339,4.45974,3.433333,9.026061,53.177643,4.95993,11.021434,5.77732,5.02213,2.416305,9.401901,10.751565,13.071682,2.414497,6.855971,21.14115,1672.3602,4.722841,8.274808,7.012443,8.319979,14.989977,22.62822
15.605432,48.184082,12.512897,8.306528,24.993315,17.328138,53.513817,10.26837,14.458942,22.812149,1.480968,16.591278,4.829119,4.774483,9.63996,0.770982,4.457953,8.109457,3.031993,12.589623,24.13656,14.430645,7.541816,10.428644,7.169769,6.96142,17.123642,5.829,4.366666,9.463258,56.946655,5.854763,11.328849,5.763565,5.331032,2.458494,9.50293,11.638612,15.129622,2.491239,7.02737,22.858875,1984.6266,4.816519,8.339495,7.893369,8.99614,15.178135,25.403133
14.633063,46.017292,12.215856,7.990234,25.088522,16.704576,50.185204,10.143945,13.966179,21.619673,1.489479,17.025206,4.924963,4.832185,9.857402,0.79751,4.3254,8.595052,2.689671,12.704123,23.042976,14.352601,7.374732,10.098373,7.078436,6.708789,16.65999,5.438472,4,9.731222,54.523388,5.624664,11.385781,5.329405,5.400783,2.377951,9.281929,11.709933,16.491617,2.457131,6.727422,22.351484,1730.6498,4.800906,8.79232,7.627691,8.562975,16.369808,24.370918
14.20575,43.657543,11.777718,7.852811,24.993315,15.852186,48.968979,9.751024,13.309172,20.548386,1.455434,17.569738,4.843864,4.679446,10.674023,0.789329,4.534694,9.08065,2.794463,13.031268,22.648247,13.054268,7.518772,9.741958,6.758763,6.666684,14.145276,4.990088,3.336666,9.766478,51.096588,5.675798,12.239714,5.085245,5.580145,2.363377,8.397939,11.763423,14.976726,2.43013,8.090045,20.670759,1762.5703,5.152192,8.490438,7.781503,8.135088,16.307091,24.585396
13.880989,39.205219,11.450972,7.316202,23.803158,14.982632,45.768394,9.430138,12.49729,18.872684,1.446922,18.845993,4.563701,4.178238,10.495235,0.792066,4.437023,8.832997,2.773504,11.689976,19.619856,13.004603,7.115465,9.454447,6.868366,5.852646,13.532313,4.194567,2.783333,9.798212,45.903233,5.624664,11.841212,5.40764,5.580145,2.372581,8.378995,11.322126,14.811525,2.347705,10.498206,19.666555,1665.4208,5.308319,8.420359,7.33405,6.803893,16.626959,22.990162
14.264624,36.553612,10.544993,7.529974,23.831722,15.371646,43.079903,9.495624,13.365483,19.22822,1.319253,17.910072,4.327775,4.78014,10.289875,0.779384,4.255636,8.789291,2.794463,9.85251,18.422729,14.515781,6.913811,9.523355,6.76333,6.084226,12.754324,4.49349,2.983333,9.836995,41.158443,5.701364,11.556565,5.588181,5.580145,2.393292,8.903075,11.424649,15.054055,2.288017,8.578534,20.694757,1711.22,5.269287,8.431138,7.201212,6.465811,17.247879,25.858908
13.603713,33.540874,10.403898,7.198409,24.245895,14.811007,39.047161,9.286064,12.774176,18.302847,1.259674,16.846529,4.254048,4.209917,10.101425,0.776237,4.116107,8.449373,2.759533,8.996483,17.277378,12.70663,6.798583,9.128929,7.012218,5.78247,11.850597,3.905286,2.8,9.449154,36.233303,5.752498,10.987275,5.444608,5.580145,2.45466,8.290595,9.975952,14.920486,2.309334,8.424275,19.152496,1679.2994,5.464446,8.452704,6.865623,6.201684,15.60463,23.955353
13.579026,35.123924,10.240526,7.503797,23.529423,14.673711,39.687283,9.325357,13.234084,19.676294,1.174561,17.00819,4.792255,4.367181,9.768012,0.765727,3.99053,8.541636,2.675699,8.396717,16.216146,13.373529,6.885003,9.147934,6.993951,5.817558,12.125645,3.866715,2.633333,9.836995,40.862476,5.905896,11.112519,5.476418,5.580145,2.343432,7.861229,9.913549,14.569005,2.366179,9.426961,20.081808,1546.0658,5.573735,8.237073,6.893587,5.868886,16.432526,23.84811
13.863902,35.287174,9.787537,7.416543,23.08906,14.667993,38.535069,9.168188,13.234084,18.906776,1.191583,16.846529,4.242989,4.389809,9.347621,0.785143,3.941695,8.857275,2.619809,8.778385,15.724358,13.423195,7.115465,8.910326,6.793014,5.712295,12.471416,3.804037,2.683333,8.856822,40.6035,6.120656,10.99297,5.373252,5.580145,2.376417,8.315852,9.98487,15.017145,2.424446,9.3584,20.40074,1496.103,5.659603,8.086132,6.802699,5.393459,16.68968,25.369616
14.173462,32.877968,8.940966,7.377276,23.969778,14.816731,37.894951,9.639694,13.327942,18.361292,1.157538,16.974157,3.933335,4.480321,9.473253,0.784608,3.704495,9.032088,2.508031,7.851476,14.371933,13.479955,7.115465,9.207338,6.507594,5.515803,9.563778,3.389403,2.75,7.897803,38.651947,5.982596,10.884805,5.390446,5.580145,2.071118,8.378995,9.129024,13.558488,2.486975,9.821179,20.224777,1451.6919,5.659603,7.908237,6.229397,4.875772,16.746124,24.866911
13.91328,30.617176,8.280047,7.036991,23.588932,13.232084,35.462502,8.670485,12.323652,18.142126,1.353298,17.476147,3.730586,4.33324,10.587044,0.777276,3.592873,9.367152,2.165709,8.560288,14.52076,13.600562,6.798583,9.147934,6.619478,5.101767,9.485193,3.1628,2.5,7.485283,37.065735,6.135997,10.378136,5.178094,5.580145,2.089528,8.612623,9.004211,12.38453,2.474185,11.689432,19.768368,1380.9115,5.792313,7.331426,5.548609,4.315823,17.009548,22.118822
14.492522,29.538721,8.391439,6.903928,24.067377,13.443752,38.727104,7.884642,11.98107,17.922962,1.242651,17.867531,3.844862,4.084333,9.671364,0.776237,3.564967,9.226328,2.305433,8.860172,15.88613,12.068106,6.856195,9.217463,6.875215,5.480715,8.015655,2.955482,3.236666,7.725036,35.377766,5.829195,10.247204,5.695647,5.580145,2.113309,8.233766,8.643152,13.567274,2.428709,10.669605,19.993822,1480.8368,5.573735,7.762686,5.322583,4.479582,16.05621,19.772881
15.575048,30.003746,8.985523,8.291258,23.20808,15.64052,45.960426,9.168188,13.85355,21.434498,1.276696,20.990097,3.962826,4.519919,10.992939,0.772021,3.760308,9.639086,2.452142,9.678034,19.19924,13.515425,6.740965,10.543244,7.078436,6.322824,10.939013,3.548506,3.426666,8.708738,37.921265,5.624664,10.059337,5.901979,5.580145,2.109473,8.315852,9.828856,13.88361,2.479869,11.312352,23.17766,1505.8181,5.7767,8.264028,6.117325,5.858321,18.000517,22.319895
15.569349,24.735157,8.76274,7.715385,24.279224,15.085603,42.247749,8.480575,13.018206,19.578886,1.446922,20.726339,3.855922,4.444116,11.106488,0.765727,3.495202,9.51283,2.494059,9.198222,17.050896,13.338059,6.64302,9.888837,6.73593,5.642119,10.23175,3.27369,2.966666,8.056463,27.340309,4.847437,10.218738,6.576859,5.580145,2.109473,8.486336,9.49454,12.815099,2.390338,10.712455,21.412527,1804.2061,5.425414,7.78964,5.555902,4.780686,18.866047,20.610718
15.956779,24.745054,9.230583,8.35888,26.421505,16.195427,43.207924,8.618096,13.679914,20.31431,1.489479,21.526123,4.184007,4.673789,11.309434,0.815573,3.627755,9.891596,2.689671,9.269103,15.96378,14.331317,6.251237,10.422055,6.815848,5.831594,11.096183,3.34601,3.033333,8.197495,29.643332,5.169551,11.499638,6.533874,5.580145,2.156265,8.896762,10.051732,13.161309,2.438656,10.472496,22.363829,1881.9257,5.620573,7.70878,5.760056,5.14518,19.173376,21.415039
15.772561,28.17334,9.943482,8.43959,26.361994,16.481468,46.792583,9.011018,13.478112,20.728291,1.932067,24.980505,4.172947,4.706599,11.782981,0.81293,5.023046,10.357766,3.004049,9.269103,17.471502,13.643127,7.09818,10.422055,7.192605,6.224576,12.007767,3.538864,3.323333,8.64641,33.477077,5.174999,12.752074,6.8236,5.580145,2.339598,10.986776,10.114139,14.322965,2.515398,11.012403,22.765245,1988.79,5.737669,7.924407,5.687143,5.805496,18.088326,21.448551
16.087826,29.1677,9.965761,8.616278,26.076351,17.362463,54.730038,9.698633,14.730995,22.471888,1.702262,26.639633,4.478915,4.717913,11.386749,0.869573,4.737011,10.93077,3.353357,9.699843,17.607393,13.756645,7.714663,11.027992,7.076152,6.336858,12.715032,4.059569,3.33,8.480487,38.087749,5.33842,13.37829,6.933643,5.580145,2.624184,11.207772,10.452909,16.53731,2.58077,11.012403,24.150957,2005.4443,5.230255,7.919018,6.350644,6.376008,18.125954,22.132225
16.148594,27.787474,10.143987,8.323978,26.742849,16.813269,53.257771,9.823058,14.02529,21.848484,1.693751,27.184175,4.501033,4.729227,11.125821,0.912591,5.943939,11.445504,3.507052,8.996483,18.105654,14.054374,8.008498,10.955282,7.404957,6.168436,13.359426,5.303474,3.266666,8.627975,37.135094,5.300287,13.39537,7.892775,5.580145,2.711632,11.075175,10.32364,15.294817,2.656089,10.815294,23.546082,2128.9629,5.37077,7.924407,6.328771,6.08547,19.223547,20.925741
14.889448,32.041924,11.354433,8.840956,26.13587,16.813269,57.610569,10.582708,14.370745,22.934566,1.702262,25.950462,4.434679,4.808425,10.715093,0.964514,5.929984,11.445504,3.283495,9.590796,17.730343,14.025442,8.642264,11.997484,7.877613,6.645629,12.840768,4.917768,3.1,8.757025,42.083351,5.305736,13.890651,7.715303,5.580145,2.540572,11.60557,11.032388,16.869463,2.73283,11.320923,24.750332,2173.3743,5.464446,8.420359,6.817281,7.664946,20.760178,21.338505
14.929331,32.947746,11.02026,8.184376,25.476522,17.002058,56.458355,10.602355,14.010488,23.129389,1.685239,28.588049,4.265107,5.011411,10.280205,0.920459,5.616044,11.294971,3.3813,9.945202,17.924469,13.902476,8.296575,11.149175,7.786279,6.680718,13.469446,5.414365,3.476666,9.380158,41.153824,5.316631,12.638215,8.143834,5.580145,2.990849,12.533763,11.20623,16.384415,2.458553,11.766561,24.189445,2102.594,5.620573,8.193947,6.788116,6.671829,20.691189,22.648643
14.860543,34.144192,12.260411,8.553579,26.55242,16.321287,58.122662,10.576159,13.45283,23.93787,1.608637,28.035007,4.534211,5.208078,10.437248,0.96505,5.99975,11.260976,2.969118,10.435921,16.986185,13.063408,7.979691,11.633924,7.877613,6.463174,14.514624,5.472222,3.25,10.091783,42.892651,4.984342,13.361213,7.694525,5.580145,2.953262,12.75476,11.295382,15.869494,2.771744,11.99795,23.111666,2062.3462,5.683024,8.404185,6.861028,6.206967,20.5093,21.491819
14.273813,29.885675,11.896536,7.853022,27.849688,15.608609,56.458355,10.432088,12.589204,22.647217,1.549058,27.907379,4.467855,5.000749,9.821163,0.959794,6.07649,11.173568,2.822408,9.841607,14.889603,12.925976,7.945122,11.282486,8.220119,6.021068,13.296556,5.187762,3.133333,10.217146,37.736275,4.967999,13.327054,7.704915,5.580145,2.799846,11.997051,10.658753,15.873927,2.720748,10.206827,21.264057,1834.7388,5.425414,8.625206,6.233985,5.488544,20.634741,20.990068
14.389243,32.64864,12.423785,8.327593,28.308256,17.105406,62.411449,10.694037,13.201146,24.254442,1.583104,29.438889,4.692724,5.187937,10.165173,0.991169,6.160207,11.023034,2.626796,9.378152,14.883134,13.331042,7.973929,11.633924,8.663091,6.435104,13.650192,5.047944,3.12,10.655918,42.420948,4.815473,13.606008,7.87806,5.580145,3.22174,12.18648,11.048055,17.217798,2.759746,9.521231,22.160372,1994.3414,5.448833,8.894744,6.605836,5.874167,19.64377,21.40123
14.091066,35.082077,14.244709,8.327593,27.7083,18.095505,72.141235,12.487506,13.161666,26.543512,1.608637,31.353268,4.670606,5.210447,10.093522,0.980784,5.978819,11.290591,3.367328,10.108775,15.91848,13.388909,8.336904,11.646044,9.53074,7.122823,14.73466,5.284189,3.45,10.176586,44.372501,4.652051,14.294847,7.564668,5.580145,2.911072,12.853683,11.088327,19.463596,2.789742,11.098104,23.848515,2158.1082,5.635463,8.458094,7.065181,6.867283,21.414635,22.404739
14.389243,37.262028,14.453963,8.65075,27.628792,18.34594,74.829056,12.170768,13.679838,27.51759,1.642683,33.973835,4.534211,5.171351,10.303543,1.151597,5.954928,11.042994,3.367328,10.654016,16.30674,13.417843,8.985018,11.949008,9.500133,7.256158,14.852537,5.462579,3.4,10.792343,45.459278,4.875394,14.027281,7.618343,5.580145,2.847405,12.694206,11.419458,19.436539,2.687752,11.098104,23.073179,2137.29,5.512954,8.14004,7.138093,7.057455,20.893917,23.463997
14.966349,38.529449,14.050958,8.85866,27.529907,18.840994,77.54541,12.467286,14.286848,28.38756,1.634171,32.84222,4.792255,5.21637,10.735943,1.159591,6.359142,10.518077,3.339383,11.024779,13.129513,13.69271,8.834765,11.876298,9.377703,7.185982,15.567661,6.677556,3.416666,9.708317,44.666611,5.055157,14.124059,7.791489,5.580145,2.891895,12.732483,11.755058,18.760094,2.624758,10.592476,23.920002,2144.2292,5.553791,8.059179,7.677645,6.999347,20.731188,25.052889
14.269971,36.62833,13.640202,8.589734,28.690691,19.836916,79.356323,12.393158,14.805022,27.983446,1.642683,30.672594,4.976573,5.301672,10.585223,1.149376,6.351923,10.805295,3.318425,11.444615,12.5989,13.11404,8.438104,11.517585,10.312411,7.493038,17.28867,6.383454,3.56,9.295353,42.394863,5.011578,14.03982,7.531772,5.580145,2.661772,12.439053,11.808754,18.994596,2.677253,11.115243,23.590075,2012.3835,5.390444,8.08074,7.181842,7.121579,20.31461,25.268921
14.152623,36.653679,14.663217,8.510639,27.678661,20.250427,80.261772,12.730111,15.515664,28.322701,1.668217,32.627563,4.851235,5.248359,11.096694,1.179353,6.258089,11.439153,3.576914,10.904828,12.715372,12.694509,8.390025,11.678376,9.770892,7.536857,15.402636,6.282207,3.35,8.790209,41.593914,4.962551,14.231906,7.531772,5.580145,2.677112,11.960625,11.33891,18.399319,2.692252,11.303782,24.040979,2128.9629,5.300602,7.978315,7.954708,7.137901,20.171415,26.070339
13.756345,39.568733,14.601217,8.944535,27.42016,20.040756,84.983047,13.107498,15.925268,28.711845,1.787375,32.292706,4.711155,5.317072,11.242476,1.184275,6.301396,11.810555,3.905263,12.300645,15.206678,12.882576,9.225419,12.244855,10.477221,7.872804,15.944871,6.716127,3.37,8.664847,43.556496,4.815473,13.475198,7.531772,5.580145,2.562051,12.757998,11.504474,18.976559,2.614259,12.409307,25.377193,2228.8884,5.651798,7.886673,8.348433,7.344636,20.067272,25.944897
14.408475,43.345642,14.608965,9.202157,27.139719,19.737904,87.699402,13.275976,15.318265,28.811623,1.872488,31.854807,4.718529,5.331291,11.205414,1.221173,6.691174,12.895045,3.828415,13.140317,17.465033,13.265944,9.592031,12.836076,10.79978,8.0992,15.850564,6.870411,3.33,9.033564,44.797756,4.793684,13.56251,8.463286,5.580145,2.849706,12.82179,11.200192,18.379477,2.575262,12.049371,26.070057,2512.0098,5.823311,7.773467,8.61821,7.709149,20.203959,25.561611
14.07183,42.286083,13.849456,9.127582,27.176302,19.935928,86.147202,13.33663,15.490987,28.572151,1.915045,31.45126,4.733273,5.44384,11.361079,1.289121,6.496285,12.677155,3.842387,13.843678,17.083254,13.32381,10.52359,12.14838,11.322463,8.02617,15.229747,6.484703,3.213333,9.232672,43.120884,4.766445,13.85355,8.397493,5.580145,3.115103,14.41654,11.142022,17.948357,2.609759,12.400739,26.944372,2591.1174,5.880484,7.746513,8.465094,7.165102,20.666098,25.645235
13.966024,46.787926,14.337712,9.554695,25.849674,20.005814,89.510292,14.64401,15.545272,27.998411,2.204429,30.137571,4.932337,5.383419,11.440143,1.404847,6.604557,12.815811,4.142792,13.723725,17.147959,13.482943,10.739952,13.605393,11.543778,8.216051,16.487103,6.836661,3.233333,9.040937,46.943039,4.728315,14.226086,8.74378,5.580145,3.012632,17.229677,10.998833,18.633823,2.572263,13.883343,27.301796,2498.1313,6.109169,7.762686,8.443219,7.121579,23.432423,26.586031
13.540889,43.49773,17.352505,9.023629,25.742367,19.411753,84.142281,14.421623,15.421897,26.391943,2.808732,30.481016,4.9692,5.450948,11.427794,1.421131,6.460195,12.528597,4.534018,12.845887,18.280373,13.200842,10.090867,13.110656,10.995195,8.040776,14.970415,6.195422,3.01,8.996693,43.444084,4.63571,14.377427,8.612193,5.580145,3.212655,15.469073,10.904863,17.786011,2.593261,13.626244,27.213816,2518.9492,5.880484,7.908591,8.195319,6.871315,23.211121,26.286371
13.792892,43.269581,17.151003,9.443963,28.068846,20.262074,88.669533,15.331395,16.334877,27.364799,2.510836,32.799301,5.068731,5.56942,11.168353,1.417429,5.918837,12.503834,4.471142,12.584172,19.089241,13.909706,10.066826,13.553444,10.573754,8.486267,15.159019,6.142388,3.106666,9.582951,45.809509,4.701078,14.697569,8.609594,5.580145,3.049521,16.330238,10.989882,17.677784,2.594761,13.497693,28.868967,2689.6548,6.027495,7.836085,8.55988,7.012769,22.775015,29.443239
13.902543,43.421677,18.584774,9.672209,28.276127,21.718102,87.311348,15.776175,17.050451,26.776096,2.544882,35.289291,5.057672,5.578898,11.116464,1.498479,6.351923,12.845527,4.750588,13.194841,21.198759,14.119477,10.493538,14.065501,10.98578,9.201977,15.693398,6.499168,2.96,9.512896,49.847103,5.174999,16.298294,8.698761,10.472737,3.106905,15.469073,10.918284,19.111845,2.654755,15.940134,31.145491,2728.5144,6.615544,7.858397,9.106721,7.72547,24.578011,31.073944
14.67202,41.170742,18.569273,9.477861,28.21516,20.792068,82.331367,15.998564,17.119539,26.262234,2.323587,33.486191,4.792255,5.580083,11.366014,1.474793,6.604557,12.236428,4.331419,14.503419,21.67761,13.909706,10.301219,14.161979,11.280084,9.09243,15.127588,6.127924,3.043333,9.723063,43.654861,5.169551,16.385609,8.951554,11.718305,3.225771,13.746746,10.976458,19.707117,2.678753,15.254536,31.013519,2617.4866,6.680883,7.969943,8.997352,7.888683,24.53896,31.122726
14.725888,43.234108,19.54579,9.525318,28.163946,22.044249,87.828751,16.463562,17.489666,28.093203,2.459768,34.34481,4.799628,5.3692,11.758884,1.50588,7.218094,12.256234,4.261557,14.607017,23.29534,14.437743,10.637779,14.322771,10.536082,9.567136,15.677683,7.492363,3.533333,10.526866,47.121017,5.332972,17.724398,9.080545,11.289829,3.402021,14.161381,11.5,21.853704,2.770244,15.254536,31.42594,2886.7297,6.96674,8.248804,9.799385,8.87341,24.148418,31.847481
14.562368,42.078217,18.29027,9.317411,28.239542,20.430967,87.893433,16.039,16.45825,28.407516,2.519347,32.885151,4.851235,5.272053,13.20682,1.476643,6.979897,11.87988,4.261557,13.870941,21.127579,14.372645,10.60773,13.850287,10.700891,8.749181,15.166879,7.897356,3.35,10.37938,45.387936,5.169551,16.199339,8.89961,9.715431,3.33234,14.422922,11.007779,20.347486,2.741748,14.860318,30.023718,2636.9165,6.729887,8.193032,9.29629,8.585065,23.334789,30.174961
14.408475,41.824738,18.592525,9.371648,27.873751,21.84041,95.654434,16.638775,16.759283,29.011189,2.681062,32.730598,4.810687,5.426068,12.754654,1.480344,7.210876,12.12253,4.408267,14.852375,20.150467,14.589641,10.43344,14.540452,11.112918,9.201977,16.188482,8.027532,3.4,10.877148,45.200588,5.42013,15.192338,9.514271,9.984474,3.287253,15.813541,10.90934,21.644457,2.849737,15.383086,31.068504,2609.1594,6.803393,8.170725,9.573359,8.862531,23.42592,30.314339
15.020209,38.443268,17.66251,8.714029,26.766603,19.435049,85.629791,16.82073,15.150473,26.89085,2.510836,30.22344,4.652174,5.052878,12.193762,1.469241,7.001552,11.889784,4.128819,13.194841,21.612898,14.372645,9.28552,13.484181,10.571401,8.522783,15.033282,6.754698,3.076666,10.032785,40.66647,4.788236,15.023535,9.258018,9.536069,3.320044,14.709973,10.435018,19.481636,2.752246,13.069196,28.566532,2387.1033,6.484867,7.64088,8.7932,7.888683,22.814072,27.568623
14.748971,40.197369,17.399006,8.98973,27.00803,19.813618,91.191849,17.110512,15.268915,27.664139,2.46828,33.743771,4.707469,5.147657,12.848541,1.286419,7.506818,11.983871,4.191695,14.721516,19.904575,14.039909,9.748292,14.097665,10.594944,8.573905,15.143304,6.725771,3.1,10.139716,42.188774,5.033367,15.599796,9.348919,9.426459,3.19708,14.569635,10.542414,20.591007,2.797242,13.711943,29.941246,2586.9536,6.41136,7.886283,8.953607,8.035577,23.875042,28.119162
15.341464,40.531979,17.484259,8.790864,26.395927,20.314487,97.335983,18.188763,15.254108,27.863707,2.553393,35.031708,4.714842,5.107376,12.544623,1.442966,7.571783,12.672205,4.163751,15.1359,20.318707,14.155644,10.776012,14.347505,10.762108,8.712665,14.648218,6.672735,3.396666,10.493684,43.027203,5.180448,16.036358,10.04496,9.635715,3.459404,16.406788,10.367897,22.382236,2.969727,13.711943,30.496632,2685.4912,6.542038,7.875127,8.98277,8.394651,24.896952,28.948452
15.277986,42.078217,17.817513,8.928716,26.939749,20.384378,103.5448,18.86941,15.757478,28.113163,2.570415,39.487938,4.714842,4.936773,12.477911,1.393374,7.506818,12.999034,4.18471,15.484856,22.454117,15.132147,10.878183,14.483562,11.23064,9.11434,15.088292,6.783626,3.093333,11.186869,45.434788,5.066051,16.09457,10.257927,9.436424,3.430713,16.681082,10.479767,22.288435,2.92473,14.911737,30.711077,2636.9165,6.778891,7.947631,9.281709,8.541542,25.059675,30.035587
15.272213,40.988239,16.600744,8.797643,24.435255,19.394279,100.95779,18.80876,14.903724,27.314917,2.612972,37.521709,4.762764,4.984163,12.082572,1.402626,7.412984,13.246635,4.017042,15.757477,21.567604,14.994706,12.350643,14.273293,11.265957,8.924458,15.033282,7.251297,3.1,11.079943,46.699467,5.174999,15.139953,10.302076,8.7688,3.606961,15.966639,10.399221,21.489326,2.947228,13.677664,29.776279,2654.9585,6.574707,8.209764,9.011933,7.883243,24.701683,29.262054
15.331847,46.752449,16.569744,8.917416,23.662205,19.807795,109.94763,19.678101,15.836435,28.307735,2.800221,41.771877,4.995005,5.151211,12.169054,1.472943,7.846068,13.647752,4.247585,16.515362,23.780657,15.334677,12.921598,14.842245,11.440184,9.851958,16.337791,7.955211,3.193333,11.10944,48.053139,5.120525,16.699932,10.863064,10.044261,3.565973,16.89159,10.69455,22.602306,2.947228,13.840491,31.893335,2879.7903,6.729887,8.075908,10.462885,8.177029,26.003489,30.237679
16.153265,48.055359,16.236492,9.633792,23.776825,21.84041,102.57466,19.758968,16.152279,28.82659,2.808732,41.643085,4.961827,5.431993,12.440846,1.478494,7.723361,13.370438,4.757575,16.820696,22.460592,15.39254,12.92761,14.46872,10.922208,10.165996,17.689453,7.776821,3.163333,11.485533,49.088306,5.142314,16.874556,11.56603,9.466318,3.524985,18.180147,11.079376,24.171661,2.984725,11.080964,33.762947,2464.8228,6.860564,8.516514,10.885776,8.764601,25.131281,31.150595
16.247526,48.536968,16.507742,9.559216,23.415897,21.921944,98.888191,19.866793,16.004227,28.527248,2.893845,38.371738,5.061358,5.50426,12.838659,1.495147,7.708925,12.984179,4.757575,15.566643,22.628834,15.009172,12.957657,14.570138,10.526665,9.932294,17.697313,7.61772,3.083333,11.883745,48.676109,4.880841,16.734856,11.269088,9.466318,3.54138,16.840559,11.567118,23.904692,2.92473,10.969554,34.653763,2455.1079,6.983074,8.522092,11.345122,9.074709,25.072699,31.394499
15.485744,45.180862,15.507979,9.324191,22.898909,20.995911,100.56975,18.916584,15.421897,27.115358,2.774687,37.736362,4.92865,5.433177,13.305654,1.572126,7.376893,12.850476,4.82045,15.484856,22.318226,14.756008,12.615085,14.100137,10.171146,9.275009,17.131498,7.352544,2.966666,11.81,46.371578,5.087841,16.4671,10.579108,9.247097,3.533183,16.968138,11.629766,22.719553,2.915731,10.515345,32.338741,2324.6499,6.729887,8.38266,10.854971,8.111743,25.027136,29.101772
16.563013,47.594013,17.058001,9.324191,22.825747,21.391951,104.38558,19.590492,15.683455,29.016172,2.851289,37.564636,5.105595,5.603777,13.088223,1.646883,8.033741,13.345677,5.533038,16.417217,22.098221,14.929607,13.546641,14.347505,10.124057,9.311524,17.71303,7.588791,3.216666,12.064417,44.418346,4.902631,16.09457,11.384226,9.585892,3.606961,17.357256,12.036963,23.125423,2.92473,10.549626,33.466007,2473.1499,6.893233,8.438434,11.424337,8.459933,25.046667,28.885736
16.35141,47.903263,17.864014,9.65865,22.623341,21.176458,102.44532,20.581135,16.749414,30.986837,2.808732,37.444431,5.109282,5.728174,13.636755,1.572866,8.019302,13.578423,5.400301,17.867559,22.518829,15.067042,14.063506,14.545403,10.477221,9.20928,17.988073,7.993783,3.333333,12.315145,43.561176,5.120525,16.793068,11.51755,9.51614,3.606961,17.631554,12.842409,23.675596,2.953227,12.383598,34.835228,2442.6174,7.252597,8.510938,11.483494,8.857088,24.929497,29.931061
16.765001,47.974236,17.445509,9.491421,23.103754,21.57832,98.888191,20.729397,17.479797,31.765125,2.842777,38.200016,5.238304,5.76727,13.589804,1.585449,8.055394,13.419956,5.169759,17.6113,22.615894,14.878977,13.859164,14.46872,10.594944,9.282311,17.492992,7.825035,3.146666,12.237714,43.640812,5.256709,16.531128,11.614511,9.257063,3.606961,16.260071,13.066147,23.55835,2.939729,11.398053,34.956196,2345.4678,7.587457,8.488629,11.542649,8.775482,27.240192,30.551277
17.07279,51.457092,15.414975,9.753564,23.215931,21.607441,100.1817,20.223965,17.914076,31.38097,2.791709,40.140495,5.164576,5.852572,13.83442,1.59137,7.766671,13.221876,5.260578,16.280909,21.832914,14.322012,13.877193,14.916459,10.771525,9.640166,18.074518,7.439327,3.046666,12.130787,44.657249,5.011578,15.919941,11.600657,9.267026,3.606961,15.692341,13.64786,23.630503,3.03572,11.312352,34.785732,2206.6826,7.146421,8.38266,11.091593,9.031184,28.587563,31.08091
17.242079,50.539486,14.926721,9.782944,23.498817,21.514256,99.082207,20.122877,18.220045,31.690292,2.723619,39.762703,5.249362,5.987631,13.740531,1.580268,7.889378,13.419956,5.470162,16.379051,22.227638,14.611343,13.853154,14.661671,11.068183,9.581742,18.074518,7.526112,3.65,12.167654,44.512032,5.011578,16.996794,12.08546,9.486247,3.606961,15.188399,14.032683,23.673796,3.179707,11.260933,34.318333,2234.4399,7.187258,8.365929,11.15814,8.780922,28.867451,30.27253
18.219316,51.244175,15.693979,10.110623,24.018246,21.723923,102.44532,20.513744,18.3829,33.177013,2.808732,40.595566,5.51478,6.153493,13.99008,1.665388,7.997649,13.66756,6.112889,16.891579,22.441181,15.204479,14.153655,15.262781,11.74626,9.786229,18.656044,7.583967,3.66,12.481067,46.179539,5.311183,16.344862,12.518324,9.75529,3.78649,15.271326,13.974514,24.413374,3.292196,11.518031,35.19265,2328.8135,7.350605,8.505361,11.88279,9.243361,28.37928,31.115757
17.601814,50.255589,15.042971,10.101583,24.240162,20.390203,103.22142,19.887016,17.884468,32.079441,2.808732,41.213772,5.662233,5.88693,13.807243,1.810831,8.784423,13.697271,5.81947,18.00387,20.901096,15.240643,14.694564,15.559628,11.56026,10.319362,19.096117,8.485559,3.766666,12.536374,44.376194,5.196789,16.96769,12.397121,9.795147,3.320864,16.228174,13.3928,25.180012,3.2532,11.82655,37.144741,2398.2061,7.505784,8.834421,12.08244,9.80917,28.769812,28.781202
17.73839,55.066696,14.453963,10.219095,24.006052,21.380301,104.96765,22.137857,19.177437,32.259041,3.421546,40.784458,5.713843,5.908254,13.812179,1.776413,8.964871,14.058769,6.077959,18.756304,21.994684,15.327443,14.364008,15.574467,11.301275,10.742942,19.520477,9.228045,4.573333,12.422071,45.706451,5.240367,18.009615,12.507933,11.18022,3.320044,15.309601,13.719454,24.12476,3.445181,12.25505,37.513165,2567.5239,7.603791,8.600174,12.814484,10.61436,27.402924,30.119215
18.45785,56.349323,14.368712,10.1287,23.228125,20.582397,105.93777,21.450474,19.137957,32.24556,3.89818,43.360329,6.045613,6.181926,13.792418,1.794917,9.253596,14.628249,5.966181,17.442272,22.214693,15.638479,14.364008,15.287518,12.24069,10.947432,19.245434,9.391973,4.833333,12.352017,45.547195,5.262157,19.208704,12.440408,10.931106,3.304469,17.102097,14.932102,23.928135,3.449682,9.846889,36.418892,2552.2576,7.636463,8.655947,12.969768,10.712291,27.246708,28.774233
17.542175,52.1922,14.678718,10.031527,22.845253,20.495035,100.31105,21.342653,18.876402,31.582781,3.44708,50.100491,5.901846,6.096627,13.093156,1.80417,9.0948,14.682719,6.077959,17.404104,22.81649,15.783143,13.943306,14.965933,12.86697,10.553062,19.158993,8.832696,6.533333,12.536374,44.643185,5.425578,19.296021,12.726095,10.522559,3.19708,16.974518,14.507003,23.884848,3.466181,9.212711,36.34483,2471.7622,7.677298,8.477476,12.023287,10.374982,27.988735,28.19582
17.896132,52.288513,14.027707,9.717407,22.684307,19.743729,99.470268,20.3857,18.067064,33.490791,3.378989,49.79998,5.783883,6.32291,13.508266,2.016969,8.885476,14.5094,5.889332,16.575338,21.256998,16.209911,13.456491,15.139091,12.949373,10.406997,18.278841,8.702519,6.563333,13.281184,42.970993,5.392893,19.220346,13.496587,11.200149,3.107724,17.236057,15.169259,23.991274,3.701658,10.198257,36.070805,2457.8835,7.767138,8.438434,11.858506,10.195446,29.921902,27.485001
17.609505,52.126293,14.88022,9.482382,22.557491,19.621422,102.18662,21.854822,18.071997,33.681606,3.472614,50.169178,5.783883,6.243534,13.574976,2.102089,9.289688,14.321226,5.477149,16.820696,22.266462,16.246077,13.763001,15.336991,12.831653,10.589579,18.428152,8.9918,6.083333,13.808448,42.399551,5.490947,19.499744,14.219462,11.698375,3.1233,18.186531,14.869459,24.568506,3.860645,10.181118,37.18927,2524.5005,8.093834,8.616907,12.239077,10.228089,29.941429,27.57559
17.796103,53.119938,15.228974,9.473341,21.972219,19.58065,101.9926,22.131121,17.766024,35.54945,3.404523,52.538975,6.030869,6.218653,13.421788,2.127995,9.044272,14.415312,5.372357,16.891579,23.133566,16.434145,14.965014,15.584364,11.960514,10.801369,17.940924,9.338938,6.83,13.826885,44.029587,5.801446,19.1796,14.044586,11.140361,3.292991,18.212044,14.90078,23.994884,3.937137,9.855459,36.199425,2525.8884,8.28168,8.722874,12.178185,10.336899,29.61598,27.129589
17.409439,50.828457,15.647482,9.672209,21.557652,20.023287,101.08714,22.218729,17.840054,34.645653,3.336434,46.96653,5.798629,6.444938,13.327892,2.120223,8.784423,15.103643,5.372357,16.030096,23.29534,16.390743,14.934964,16.519428,12.713933,10.516545,17.917351,8.919479,7.166666,13.089452,43.95932,5.599894,18.440357,14.27747,10.911177,3.434811,17.861197,15.903109,22.908957,3.946136,8.955613,34.700668,2477.3135,8.232677,8.655947,11.866118,10.075755,30.982878,26.342119
17.986547,50.798038,16.33724,9.807801,22.130735,20.722179,100.1817,22.306339,17.988106,37.648273,3.378989,48.726696,5.898159,6.525499,13.149987,2.072482,8.936001,15.598843,5.379343,15.757477,24.26598,16.441376,14.874862,16.895428,12.549123,10.742942,18.451727,8.490381,7.376666,14.306217,44.750916,5.583553,18.620804,15.318931,10.970964,3.36759,17.701721,16.739882,23.68462,3.90264,8.612815,35.707294,2485.6409,8.412359,8.722874,12.147741,10.783016,29.954454,27.220192
17.428677,48.03508,14.686468,9.495939,21.6113,19.900976,92.873398,20.63505,17.075123,35.022236,3.200252,44.510868,5.577447,6.287368,12.695351,1.924447,8.3369,14.989747,5.442218,15.239497,23.217686,16.209911,14.057492,17.798326,12.356057,10.005324,17.052914,7.858785,6.633333,13.6499,42.811745,5.474604,16.455458,15.011601,10.492666,3.147073,18.4991,16.086578,22.367805,3.883142,8.115757,33.956882,2295.5051,8.232677,8.633638,11.234378,9.765648,28.626612,25.471016
18.277029,44.668819,14.027707,9.267695,20.826057,19.796144,90.351074,20.695702,16.729675,34.043118,3.047049,41.213772,5.418934,6.152308,12.35437,2.059529,8.048174,14.390552,5.351398,14.230801,23.133566,16.115875,12.801395,17.996229,11.866336,9.377253,15.709113,7.106655,6.503333,14.025989,42.718063,5.283946,15.949049,15.067871,10.293375,2.992138,17.867577,16.055252,22.512112,3.727156,7.378738,33.050919,2194.1919,8.061164,8.410547,11.006034,9.471862,27.897602,25.011074
17.861506,45.652328,13.399949,9.299334,20.679737,19.132195,88.928223,20.715916,16.882662,33.601269,3.234297,42.1926,5.418934,6.206806,12.848541,1.983661,7.961558,14.360842,5.239619,14.97233,22.97179,15.891644,13.702903,19.026871,11.197679,9.60365,15.84271,7.101835,6.51,14.103421,42.624386,5.414683,17.363506,14.757078,10.273446,3.279056,17.924992,16.019461,22.346155,3.877142,7.404449,33.302578,2267.748,8.249013,8.477476,11.127818,9.787409,28.698214,24.349033
18.65984,47.583885,14.167209,9.789722,22.069765,20.215477,92.550026,22.117641,17.464987,35.519321,3.276854,45.20636,5.500034,6.54327,13.49097,2.02067,8.48126,14.445025,5.491121,14.585207,23.735363,16.745178,14.995059,19.668615,10.924563,10.275542,16.227776,7.569505,6.363333,14.302526,44.029587,5.403789,17.573057,16.262564,11.05068,3.279056,20.699854,17.021788,24.182478,3.952136,7.832946,34.952332,2475.9255,8.461362,8.912503,11.828062,10.429384,28.184004,25.366484
18.877214,46.787926,13.942456,9.767124,21.596672,20.133945,96.042473,22.238945,16.788897,36.016415,3.344944,44.734108,5.39313,6.530237,13.663929,2.10875,8.661713,15.004603,4.953186,14.105394,24.020086,17.041746,13.985374,18.553082,11.52259,10.268239,16.557833,7.289866,6.25,15.722773,43.584606,5.62713,18.434536,17.210527,10.662064,3.361032,20.412802,17.200779,24.640667,4.031629,8.081476,34.980289,2413.4727,8.641045,8.839997,11.797617,10.228089,28.574539,25.505859
19.236946,46.889324,13.702203,9.945653,22.598953,20.448446,94.296257,23.903502,17.418829,35.710125,3.344944,45.506866,5.415248,6.829974,14.200115,2.088025,8.423514,15.123448,4.939215,13.920013,23.489471,16.87538,14.183708,18.550575,11.635599,10.144085,17.052914,7.000586,6.366666,16.558811,44.123253,5.806892,19.150501,17.11097,10.691956,3.279875,21.337757,17.40661,23.758577,4.079624,7.687257,34.812519,2345.4678,8.445026,9.06309,11.462717,9.754769,28.769812,26.19577
19.113838,46.894402,13.810704,10.067687,22.520916,21.80546,95.072357,25.891529,19.660603,35.951141,3.387501,46.107903,5.308343,6.839452,14.333544,2.013638,9.087584,15.103643,4.890311,15.811999,25.107197,17.511913,14.454156,19.468075,13.175403,10.22442,17.257233,6.494346,6.333333,17.308229,43.748547,5.883157,19.621983,18.021708,10.662064,3.361032,21.694977,17.149546,23.585405,4.199612,7.841517,36.378384,2400.9817,8.453197,9.152325,11.599722,9.841814,27.917133,26.899626
18.532875,44.871597,13.740953,9.726445,22.203892,20.949318,93.002754,24.402189,19.268934,34.520126,3.234297,44.648251,5.308343,6.551562,14.360711,2.183507,8.878256,14.5094,5.037021,15.811999,24.356575,17.72464,14.027446,18.603218,12.278361,9.786229,17.862339,5.920606,6.133333,16.826191,42.254341,5.583553,19.470642,16.67091,10.084119,3.385625,21.612047,16.72912,22.818769,4.175615,7.712967,33.694042,2324.6499,8.34702,8.951545,11.021257,9.493625,27.337831,26.321415
18.505945,44.095947,13.175194,9.655046,22.494095,20.547453,88.281479,24.280891,18.619593,33.370293,3.268342,45.395248,5.046613,6.735906,14.358248,2.201642,8.878256,14.014197,4.666754,14.448896,23.521824,17.349401,10.974342,18.778692,11.795705,9.318828,17.139355,5.60722,6.3,16.408175,40.966255,5.659815,19.138857,16.644846,10.054226,3.16019,22.517868,16.572041,22.65642,3.862145,7.16449,32.983818,2122.0239,7.873316,9.202521,10.610243,9.232482,27.149075,25.877359
17.849966,42.217281,13.033719,9.66205,22.32095,20.034933,84.336296,24.213497,18.356768,32.57193,2.817243,42.956768,4.84755,6.77163,14.449666,2.132066,8.228628,13.98944,4.40128,13.712821,23.337341,17.018309,10.59571,18.553082,12.313677,8.778394,17.092207,5.178119,5.95,16.664257,39.29406,5.643473,18.632442,16.922838,9.605821,3.177404,19.774897,16.479641,23.289387,4.024192,7.138781,31.339649,2109.5332,7.636463,8.906926,9.917609,9.341292,26.10763,25.268555
18.053509,43.26371,13.575442,9.659716,22.62578,20.338774,86.017845,23.553066,18.032097,33.289963,3.030026,44.510868,4.910219,6.729748,14.575682,2.19091,7.939905,13.419956,4.261557,14.219895,23.03686,16.525337,11.005504,18.262285,12.009954,8.844123,17.508711,6.195422,6.833333,16.984358,38.877186,5.610788,18.777966,16.183805,9.306885,3.268399,20.754341,16.368759,23.311592,4.078698,6.650292,31.932446,2081.7764,7.848811,8.929233,10.199231,8.819005,26.003489,24.960581
18.778679,44.021446,13.535014,9.771767,22.440443,20.551992,86.85862,25.129795,18.815424,32.215443,3.030026,44.819984,5.065044,6.990905,14.929016,2.127995,7.687271,13.345677,4.191695,14.121752,24.111914,16.753428,11.236083,18.425232,12.119236,8.544693,18.349566,6.147211,7.363333,17.323292,39.345589,5.725183,18.801247,17.399923,9.007948,3.176585,20.33145,16.4935,24.46653,4.092715,6.701712,32.234432,2153.9446,7.865149,9.090976,10.37429,8.850924,25.638979,25.583702
19.175291,43.774014,13.61587,9.963186,22.294119,20.498684,90.286415,26.292261,19.289549,32.998722,3.004492,45.335152,5.168263,7.04634,15.598878,2.224217,7.867722,13.98165,3.618831,13.903654,24.712877,16.679852,11.167532,18.425232,11.928855,8.289083,18.656044,5.920606,7.18,18.53216,41.241985,5.883157,17.986332,17.519178,9.356708,3.280695,20.728323,16.756836,24.005669,4.084929,6.564592,32.642673,2122.0239,7.858413,9.481385,10.503686,8.995931,25.196365,25.691133
19.130577,44.866814,14.17879,9.918834,23.160566,21.06135,93.326134,26.100792,19.706982,34.444839,2.978958,45.395248,5.289912,7.153512,15.644116,2.168705,7.694489,14.042484,3.618831,13.789154,25.093485,16.495909,11.46666,18.593184,12.133695,8.289083,18.270979,5.8965,8.633333,17.989864,41.883781,5.894053,18.341404,17.540947,9.267026,3.36923,21.255306,17.084864,24.714544,4.050667,6.530313,33.162769,2110.9211,8.084612,9.386572,10.199231,8.834191,25.444218,25.325863
19.101416,44.79982,13.52976,9.965521,23.282608,20.895508,95.201714,26.32645,19.660603,33.725098,2.92789,45.764454,5.319404,7.227426,15.714481,2.305496,7.643962,14.321306,3.723624,13.865488,25.367262,16.952085,12.326659,19.641047,12.058989,8.113805,17.972357,5.4674,8.55,18.792007,42.273613,6.002998,19.255272,17.67152,9.286956,3.410218,21.912424,17.856409,24.986624,4.243778,6.170373,32.167324,2047.0797,7.958946,9.537158,10.001336,8.181666,25.901945,24.452057
19.206396,45.011158,14.145505,10.168612,23.700886,20.966589,91.644569,27.18121,19.902817,33.005352,2.893845,43.085258,5.289912,7.300106,15.395313,2.252527,7.571783,14.154015,3.863346,14.176276,25.207001,16.753428,12.177094,20.297836,10.868512,7.836288,18.404573,5.867572,8.093333,18.136736,41.717384,6.073814,19.241312,17.844759,9.40653,3.605322,22.042542,17.879511,25.106926,4.299843,6.658862,32.547604,2206.6826,7.942188,8.800957,10.37429,8.449368,26.285633,24.580978
19.169456,45.727661,14.594834,10.233975,24.245155,21.14427,92.097305,26.374317,19.222549,32.388424,2.936402,41.441437,5.253049,7.305033,15.732077,2.223565,7.528475,14.118526,4.065945,14.552492,25.841352,16.974157,11.921586,20.850075,10.109405,8.040776,18.404573,5.888296,8.066666,18.22336,41.869522,5.997552,19.294176,17.95879,9.197274,3.734845,21.795309,18.202909,24.969969,4.366808,6.564592,32.251213,2220.5613,8.21028,9.040781,10.564576,8.594378,26.978951,24.158403
19.148077,43.645145,14.869423,10.275996,24.298071,21.244955,87.246681,25.423832,18.836039,31.437347,2.612972,41.527954,5.212498,7.493511,15.108825,2.229281,7.398549,14.138806,4.093889,14.399825,25.701124,15.311324,11.547675,20.722948,10.328701,7.712135,18.00379,5.722152,7.813333,18.121674,39.896561,6.264472,18.794935,17.271084,8.928232,3.64631,21.470011,19.057619,23.829834,4.293613,6.641723,31.535389,2245.5427,8.176769,8.923656,10.587409,8.226283,26.393326,23.793125
19.087805,42.304913,14.062295,10.27366,23.887348,21.019892,86.793953,25.704189,18.526833,29.843624,2.459768,38.932465,5.157204,7.391266,15.053533,2.22547,7.362456,13.96644,4.142792,14.312586,25.841352,15.392261,11.840574,20.659374,10.338342,7.339673,17.485132,5.463166,7.573333,17.790264,38.513107,6.47692,18.031389,16.633863,8.469863,3.549578,20.539642,18.766556,23.309748,4.4182,7.11307,30.987329,2162.2715,8.235414,8.834421,10.579796,7.796844,25.336517,22.912163
18.387905,40.691483,14.078938,10.0659,23.584978,21.096889,90.286415,25.875145,18.635054,29.92589,2.434234,38.716171,4.954455,7.250832,15.277198,2.286442,7.261403,13.854914,4.086904,14.09449,25.033388,15.03909,11.803184,20.341545,10.338342,7.186306,16.935034,5.565784,7.27,17.135,36.411793,6.264472,18.366175,16.435389,8.22075,3.500392,19.771927,18.475491,23.357872,4.382382,6.933102,30.75246,2237.2153,8.168392,8.667101,10.640688,7.579336,25.094194,23.585421
19.206396,41.392529,14.153827,10.336689,24.33839,21.866848,92.097305,26.798281,19.124638,29.689404,2.510836,38.413364,5.131399,7.284091,15.181705,2.281869,7.514037,13.941095,4.226626,14.056322,25.146906,14.950798,11.990139,19.921997,10.36244,7.164396,17.43012,5.599989,7.7,17.564318,37.928356,6.487814,19.435139,17.061287,7.941742,3.721622,21.034105,18.803514,24.653469,4.791966,7.507288,32.609119,1898.5798,8.545394,8.589021,11.280046,7.941849,23.99699,24.158403
20.372896,38.974964,11.066777,10.266657,23.249849,20.07225,84.659668,27.926554,17.712576,27.710104,2.391678,35.878426,4.947082,7.123948,14.98819,2.248334,7.355237,13.707896,4.40128,12.69322,24.479164,14.354827,11.011734,18.58709,10.719102,6.791936,16.70714,5.380095,7.9,17.413677,36.050476,6.754736,18.6481,16.422335,7.483372,3.510583,21.086147,18.849718,23.032118,4.791966,7.20734,31.048851,1843.0659,8.285681,8.529346,10.747247,8.137051,25.343252,23.277441
19.933517,38.376999,10.292934,9.956184,20.795599,19.645807,84.853691,28.152205,17.18692,27.195999,2.051226,39.494831,5.009748,7.163368,14.915313,2.126391,7.362456,13.560881,4.191695,12.916769,23.470892,13.795642,10.999269,18.581997,10.386539,6.441384,15.606956,5.277478,6.756666,16.912806,35.689163,6.689366,17.138634,16.992516,7.12465,3.336323,21.398441,18.212151,21.562532,4.983519,6.890251,29.863276,1733.4255,8.369458,8.454427,10.998423,8.427061,25.074001,21.995392
20.411781,39.799713,10.842113,10.166279,20.319365,19.693193,85.823822,27.776115,17.150848,28.640627,2.298054,39.503468,5.168263,7.077137,15.154059,2.311212,7.607872,13.91068,4.226626,13.004007,23.437502,14.11202,11.398108,18.686249,10.856464,6.682388,16.322073,5.433846,7.193333,16.340387,36.069492,6.749288,19.382275,17.29285,7.563089,3.328443,21.665192,17.995007,22.025246,5.095649,6.890251,30.75246,1794.4911,8.671061,8.598504,11.219154,8.404753,25.100924,22.124313
20.775337,41.748207,11.100061,10.514102,20.334482,20.46315,89.768997,29.102695,17.913563,29.406641,2.298054,42.479641,5.400502,7.206482,15.229455,2.259767,7.853286,14.093183,4.100875,13.205746,24.399038,14.641776,11.934052,18.421808,11.311931,7.208216,16.911459,5.844316,7.55,16.042877,37.529018,6.809209,18.871294,17.613199,7.463444,3.476431,21.925436,18.664915,22.995098,5.119008,7.044511,31.787045,1777.8369,9.131843,8.684951,11.774784,8.711494,24.434526,23.134193
20.485657,42.27914,11.18327,10.633155,20.057308,20.480923,89.963036,30.299358,18.057865,29.843624,2.349121,39.018982,5.326776,7.332136,15.063587,2.349319,7.651179,14.133734,4.226626,13.380222,24.185362,14.663852,12.12101,19.019342,11.398685,7.047546,16.502821,5.990914,7.67,16.0956,37.229504,6.705709,19.182581,17.584471,7.224294,3.612161,22.244225,18.863575,22.413929,5.2763,6.950241,32.771301,1686.2386,9.17373,9.105652,11.896564,8.265325,23.559462,22.897839
20.996973,42.660587,11.224874,10.588803,20.299206,20.469072,93.326134,30.395088,18.052708,29.211279,2.451257,39.936058,5.312031,7.160905,15.292277,2.362657,7.593436,14.123594,4.247585,13.478367,24.125273,14.899295,12.463762,20.036421,11.548097,7.127881,16.549971,5.917615,7.796666,16.359217,37.557533,6.901814,18.794935,18.09634,7.722522,3.607784,22.777721,18.064314,23.40044,5.388431,7.370169,33.442387,1666.8087,9.550735,8.880893,11.896564,8.25417,22.906527,23.334742
21.687153,44.310116,11.482822,10.90628,20.309284,20.8659,99.470268,31.113077,18.248539,30.625055,2.417212,42.384476,5.404189,7.34199,15.644116,2.408386,7.434639,13.925885,4.121833,13.587415,24.065172,15.237746,12.507383,19.960142,11.280601,7.259338,17.249378,6.386724,9,16.664257,39.45443,6.890919,18.830175,18.977301,8.778763,3.634053,23.129055,18.179811,24.063046,5.263841,8.055767,33.906555,1597.4163,9.659645,8.736815,12.117294,8.449368,23.047884,23.141359
22.173189,42.212128,11.898867,10.696182,19.409729,20.013025,96.10717,30.771181,17.470366,30.342306,2.417212,40.204258,5.492661,7.231121,15.684323,2.530329,7.254185,13.748453,4.121833,13.074888,24.145306,14.619704,12.183328,19.184616,10.940808,6.87227,17.186512,6.245014,8.576666,16.803595,37.38163,6.901814,18.430784,18.684807,8.430005,3.485188,23.031462,17.662369,23.455963,5.329251,7.627267,33.330544,1519.6965,9.701534,8.575449,11.919398,8.30994,22.913261,22.589863
22.328728,43.078125,10.492636,11.382495,18.943573,20.149246,99.082207,30.470304,17.609507,30.583933,2.425723,40.783913,5.732275,7.440541,15.865266,2.54862,7.232531,14.194571,4.212654,13.096698,25.801283,14.649135,12.469994,18.935432,11.0854,7.193609,17.862339,6.464907,8.566666,17.658461,37.847542,7.190526,18.853672,18.932032,9.237134,3.501827,22.771223,18.25835,24.033436,5.442937,7.892937,33.777927,1645.9911,10.782274,8.736815,12.239077,8.599952,21.243904,22.597025
22.509531,44.011139,10.667375,11.240098,18.419462,20.315081,97.788704,29.198425,17.552822,31.118595,2.434234,41.787506,5.610625,7.685684,15.80998,2.515086,7.182004,14.681239,4.205667,13.194841,25.888086,14.76686,12.762891,19.324463,11.082991,7.003728,17.878059,6.391609,9.096666,17.172657,37.985401,7.441103,19.264809,18.612556,9.057772,3.66908,22.328806,18.512457,23.735441,5.427363,8.132896,34.258869,1908.2948,11.410615,8.921235,12.376081,8.80073,21.1362,24.280163
22.145973,41.743053,8.820139,11.037005,17.958345,20.048553,97.659363,28.890722,16.965321,30.820423,2.4087,37.677975,5.485289,7.620395,15.699398,2.476979,6.59012,14.437906,4.170737,13.331151,26.689371,14.465191,13.143036,19.576187,10.760069,7.047546,17.312248,6.27922,9.066666,16.856316,35.085396,6.809209,18.395544,18.690031,8.758834,3.66908,21.957962,18.503212,23.422647,5.24827,8.407135,32.827229,1866.6593,11.318457,8.563923,12.02596,8.783998,19.534155,24.7099
21.694925,41.449234,7.372304,11.475872,18.588289,19.752419,96.301186,28.883881,16.893171,30.023558,2.553393,37.764496,5.477917,7.672134,15.990922,2.543667,6.669518,14.458181,4.170737,13.227555,25.934832,14.369542,13.080717,20.328827,10.687775,7.047546,17.634443,6.347632,9.733333,16.393112,35.104412,6.999868,18.172354,17.336372,8.868444,3.768032,22.445917,18.618713,24.529459,5.12991,8.741364,32.916702,1884.7013,10.472294,8.638844,11.515998,9.018239,21.80933,24.495031
21.294428,42.98019,7.397268,11.41518,18.754593,19.633965,92.679382,29.266813,16.687033,30.635342,2.698085,34.693153,5.536898,7.856914,15.078666,2.533759,6.698392,13.941095,4.128819,12.273384,25.761223,14.391615,12.962313,20.097443,11.32639,7.54416,17.453697,6.416044,10.133333,16.445831,36.454578,6.896368,18.201721,17.088276,8.200821,3.835459,22.771223,19.18236,24.714544,5.086304,8.398564,32.631496,1909.6827,10.639853,8.581213,11.188707,9.113049,21.775677,24.939093
21.558836,46.036938,7.755065,11.695306,18.568134,19.160145,96.36586,30.032673,17.063236,32.218784,2.698085,37.245384,5.636428,7.810103,15.631547,2.629027,6.496285,14.194571,4.107862,12.764101,28.245195,14.700638,13.30507,19.324463,12.386731,7.785163,18.247408,6.552866,12.5,16.942936,37.733437,6.852788,18.142986,18.044981,8.569508,3.882745,23.682072,19.70904,25.097681,5.245154,8.741364,33.889774,1908.2948,10.924698,8.586977,11.645389,9.001508,22.85268,25.110989
22.340391,47.93903,8.487303,11.674298,19.999357,19.479971,97.982742,30.080542,17.774418,32.82542,2.689574,37.245384,5.835492,7.902495,15.631547,2.549383,6.40245,13.941095,4.135806,13.423843,29.266832,15.35547,13.211589,18.960863,12.290337,7.909319,18.89966,7.080615,13.216666,16.543745,39.535255,6.591316,18.554127,18.028437,8.42004,4.014972,26.154377,18.909779,25.671448,5.20622,8.141466,33.996033,1909.6827,11.176036,8.408321,12.109682,9.509027,22.563234,25.526402
22.98391,47.629761,8.445699,11.877388,19.961559,19.160145,98.564812,29.902744,17.480671,32.609489,2.629994,36.596519,5.894474,7.91235,15.22694,2.76469,6.655082,14.519016,4.18471,13.800058,28.418808,15.465837,13.691443,18.625225,12.181893,7.741346,18.907518,7.276077,12.633333,16.626598,39.730156,6.776525,19.470383,18.032789,8.09121,3.677837,27.22788,18.544792,25.005131,5.77621,8.312866,33.973671,1873.5985,11.68708,8.696475,12.010735,9.442101,23.216164,24.917608
23.110279,48.743183,8.179431,11.940416,20.536064,18.858084,98.176758,30.942129,17.423983,33.128742,2.655528,36.925278,5.861296,8.001045,14.867561,2.819946,6.388014,14.397346,4.135806,13.810965,28.826124,15.671848,13.890863,19.756721,12.278289,7.777862,18.946808,7.17346,12.933333,16.427,40.295914,6.618553,19.881517,18.002319,8.180891,3.642811,24.332678,18.480114,25.171711,5.681212,8.398564,33.895367,1879.1499,12.658911,8.679186,12.261909,9.514605,23.054615,24.55233
23.3708,49.526695,5.766373,12.094487,21.2164,19.012072,97.788704,31.728506,17.604355,33.802216,2.629994,34.99596,6.01981,7.871699,14.860019,2.800892,6.416886,14.336514,4.114847,14.012704,28.91293,15.885225,14.108979,19.451595,11.762577,8.02617,19.166847,7.593703,12.66,17.018253,42.169025,7.054341,19.910885,18.26696,8.370217,3.677837,25.503769,18.794277,25.06991,6.104812,8.527115,34.918774,1802.8181,12.256776,8.903946,12.162962,9.246901,22.812286,24.609627
22.85754,48.583385,5.766373,12.017451,20.788036,19.30821,97.141968,31.031025,17.712576,33.313824,2.561904,33.395405,5.990318,7.955464,14.00305,3.006672,6.157034,14.873882,3.625816,13.870941,28.839481,15.980869,14.364486,20.532246,11.714377,7.785163,19.151129,7.388468,12.533333,17.511593,42.169025,6.945395,19.605471,17.376417,8.180891,3.730378,24.573406,18.41081,24.625708,5.967765,8.124327,34.471386,1754.2433,11.578168,8.823264,11.904178,9.324982,23.539267,24.136915
23.403847,48.980297,5.866224,11.898396,21.566648,19.213448,96.36586,31.933641,17.815649,33.257271,2.53637,36.700336,6.045613,7.973944,14.731855,3.084792,6.279742,15.18312,3.500065,13.581964,29.320248,15.568843,14.838108,20.850075,12.046941,7.558767,19.60692,7.349375,12.066666,18.377758,42.454269,7.680788,19.088608,17.322445,8.141033,3.896756,24.586411,18.304554,24.061193,6.087679,8.372855,34.309204,1841.678,11.829505,8.99039,12.155351,9.587105,24.400871,24.072454
23.224983,50.439095,6.448686,12.208872,22.047924,19.699116,97.530014,32.316574,18.315535,33.210999,2.553393,36.509998,6.097223,8.232637,14.792171,3.040587,6.351923,15.132426,3.576914,13.412938,29.647446,15.723354,14.8755,21.378962,11.827643,7.646405,19.84268,7.207666,12.736666,18.675262,43.500195,7.59363,19.382275,17.741167,8.350288,3.94054,24.755577,18.803514,24.316618,6.104812,8.192885,34.745415,1847.2294,12.022195,8.932759,12.299967,10.005392,24.400871,24.323135
23.08695,50.310211,6.315552,12.37228,21.569166,19.663578,98.047409,31.954155,18.171236,33.58115,2.493814,36.657078,6.137772,8.26097,14.880129,3.015817,6.272524,15.335203,3.632803,13.631034,29.58066,15.693922,14.950284,22.001917,12.049348,7.704831,19.599064,7.129481,12.7,19.063156,43.000992,7.735262,19.382275,17.610586,8.02146,3.966811,25.536295,18.803514,24.320316,6.089237,8.252876,34.88522,1790.3274,11.938416,8.8175,12.330412,9.715381,24.468184,23.886236
23.067503,50.248367,6.848089,12.346601,21.974846,20.492762,105.16167,32.993538,18.516521,34.480827,2.459768,40.74931,6.185696,8.341045,14.601175,2.899971,6.748919,15.761038,3.486094,13.712821,30.715816,16.429693,14.769559,22.629963,13.244646,7.777862,18.89966,6.753216,13.05,18.456839,44.498554,8.007629,19.805164,17.540075,8.439969,4.089404,25.243528,20.07402,24.679382,5.799571,8.535685,35.002647,1845.8416,12.290287,9.272782,12.452195,10.20617,25.20862,25.762758
22.326777,49.04216,6.540216,12.152849,22.040359,20.036715,105.22634,33.848293,18.037249,34.321457,2.800221,39.823582,5.935024,8.157493,14.445361,2.947605,6.720047,16.344032,3.597872,13.483819,33.052887,16.275179,14.906661,21.95615,13.191628,7.704831,18.711054,6.821628,13.286666,18.422949,42.744278,8.007629,19.852152,16.464985,8.200821,4.084151,26.349556,20.235718,23.246817,5.731047,8.869913,34.113468,1915.2341,12.491355,9.336178,12.566365,9.971929,25.848093,25.297199
22.667006,46.995716,6.373798,12.145844,21.486019,19.26083,104.96765,35.250092,17.990868,33.980831,2.647017,36.882027,5.986632,8.257276,14.97814,2.808513,6.842753,16.901672,3.667734,13.903654,33.720619,16.128027,14.676079,22.273989,13.201268,7.441916,19.60692,6.504002,13.366666,19.567791,41.836239,8.334473,19.382275,15.863459,8.250644,4.115675,26.095823,20.064779,22.484259,5.701457,9.255561,34.12466,2084.552,13.530206,9.105652,12.878432,9.776731,26.285633,25.626675
22.24124,46.248287,6.398761,12.099156,21.793428,18.976538,104.19154,35.133846,17.779572,33.475826,2.715108,36.293716,6.01981,8.350898,15.483277,2.770405,6.561247,17.439039,3.772526,13.903654,33.994396,16.723995,15.579705,22.324846,13.119333,7.558767,19.599064,6.494228,13.833333,18.8372,41.023289,8.225526,21.144308,16.431032,8.190855,4.439676,26.069794,19.806059,21.84016,5.88211,8.904192,34.337166,1986.0145,13.655874,8.892421,12.269523,9.854808,26.655848,25.683973
22.552303,47.521519,6.174097,12.535687,22.249504,19.468128,108.65413,38.251999,18.470142,35.688457,2.953424,35.627537,6.08985,8.666258,15.608931,2.766595,6.828316,17.956129,3.884304,14.552492,36.498405,17.776146,15.585936,23.799603,13.389239,7.989654,11.748437,6.616392,13.766666,19.959448,42.216572,8.906447,22.02532,16.53985,8.758834,4.422162,26.642332,21.945133,22.386168,6.083008,9.546941,34.351624,2040.1407,13.856943,9.192101,13.178298,10.239634,26.588537,26.142359
21.930172,49.052471,6.864731,12.979222,21.75815,19.663578,109.75359,38.2178,18.470142,35.24073,2.885334,36.856064,6.01981,8.793141,16.27993,2.915214,7.218094,17.499876,3.870332,14.939613,34.969288,17.393545,15.174629,23.596184,13.832653,8.077291,13.07652,6.621279,13.566666,19.338068,43.238705,9.298656,23.1119,15.517859,9.237134,4.636702,27.650764,22.014433,22.872946,6.408494,9.855459,35.048012,1690.4022,14.719857,9.151755,13.351903,10.546373,26.070229,26.7798
22.311232,47.841084,7.646893,13.252346,21.921934,19.320061,109.43022,38.696465,18.274311,34.730522,2.910868,38.508526,5.894474,8.684737,16.403078,2.896541,7.297493,18.25523,3.604859,14.514325,35.316513,17.533342,14.769559,23.83774,14.023031,7.836288,13.084378,6.254787,13.876666,20.995083,43.024773,9.527445,23.147135,16.148117,9.526105,4.553512,27.650764,21.8897,22.580503,6.519067,9.598359,34.254578,1622.3975,14.52717,9.076838,13.651767,10.384637,25.370176,27.152243
21.801855,49.083405,7.180924,13.156635,21.821144,19.154222,108.9775,38.730656,18.119703,34.923149,3.021514,38.759438,5.876041,8.325029,16.792604,2.877106,7.434639,18.559399,3.646775,14.530683,33.219822,16.459122,14.676079,23.690268,14.05195,7.821681,13.555889,6.29388,14.173333,21.804752,43.813957,9.848842,22.859339,15.512637,9.466318,4.468572,28.008602,20.933348,22.747082,6.570458,9.649779,34.071918,1596.0283,14.049633,9.278545,13.651767,10.959085,25.390369,26.579258
22.07209,50.310211,7.006185,13.422754,21.619566,19.604349,113.44006,40.925663,17.996021,35.662434,3.072582,38.499882,5.846551,8.453144,16.561399,2.896541,7.651179,18.620235,3.870332,14.694255,33.18063,16.996233,15.28057,23.392775,14.170035,8.004262,13.296556,6.518662,13.366666,21.767097,44.641167,9.788918,23.106026,15.411658,9.456352,4.483459,28.320894,20.785507,22.787802,6.81029,9.73548,35.544628,1608.5192,14.108276,9.192101,13.628094,11.232363,26.25197,26.765476
23.446621,50.897854,6.698313,13.095942,21.498611,20.575686,109.68893,40.48119,17.872335,35.927937,3.302388,37.029099,5.654861,7.945611,16.207056,2.792127,7.456293,19.720312,3.877318,14.721516,33.3307,16.679852,15.766658,22.884232,14.336318,8.157626,13.241549,6.328085,12.633333,21.567497,44.403461,9.260525,22.876961,16.013184,9.037842,4.486085,28.171255,19.967762,22.673048,6.660785,9.255561,35.459003,1569.6593,13.923965,8.984629,13.178298,11.823541,26.204851,25.855864
23.203598,50.387543,6.565178,12.769125,20.709929,20.409845,107.61932,39.31189,17.362139,35.105358,3.217275,38.941113,5.673293,8.097133,16.048725,2.816135,7.246967,19.36038,3.737596,14.176276,35.063412,16.643061,15.26811,23.151218,14.43994,8.14302,12.927211,5.863862,12.09,21.371677,44.094452,9.314999,22.906334,16.143761,9.247097,4.423038,27.000168,20.859425,22.400972,6.825865,9.169862,34.92244,1547.4536,14.024497,8.788684,12.728498,11.382946,26.79047,25.375992
23.621595,50.732906,6.365477,12.778463,20.878757,21.013966,108.26607,39.284531,17.728039,34.662838,3.149184,38.17112,5.70647,8.066336,15.799932,2.699907,7.182004,19.456701,3.653762,13.249367,33.678616,17.003588,15.143469,23.647041,15.278573,8.223354,12.754324,5.780791,11.6,21.254929,43.95182,8.982709,22.906334,16.316998,9.29692,4.247027,26.284498,21.159725,22.928467,6.649884,8.604244,35.048012,1526.6359,13.28725,8.932759,12.760065,11.773347,25.84136,26.235464
24.072641,50.727757,6.465328,12.918527,21.87154,20.788906,110.20634,42.956562,17.707424,35.089737,3.200252,37.305943,5.691725,8.222783,15.892913,2.724677,7.189222,19.294479,3.947181,13.631034,33.426201,17.283182,15.28057,23.761461,15.420757,8.12111,12.652164,5.560897,12.033333,21.575035,44.218048,8.87921,23.282227,16.909822,9.356708,4.303071,27.130283,21.552431,22.872946,7.003401,8.612815,34.962395,1700.1172,13.655874,8.8175,12.460198,11.182167,26.521223,26.192492
24.234007,50.201973,6.448686,13.098277,22.289816,20.599373,113.18138,43.633533,16.862249,35.271965,3.57475,37.262695,5.699097,8.31271,16.184435,2.838999,7.145915,19.517532,4.121833,13.467462,33.971939,17.798223,15.853908,24.025904,16.191916,8.150323,12.927211,5.595103,11.466666,23.245018,43.761665,8.979441,24.039898,17.062836,9.934651,4.256658,27.97607,21.852732,22.378759,6.987828,8.655664,35.367676,1650.1545,13.94072,8.932759,12.483871,11.338329,27.880941,25.676805
23.796568,48.536991,6.623425,12.18086,22.299896,20.131477,113.8928,41.780415,16.813175,34.527477,3.498148,38.110565,5.713843,8.442057,16.028622,2.844715,6.734482,19.466833,3.905263,12.954935,32.566681,17.599564,15.26811,23.856237,15.232785,7.909319,12.927211,5.477826,10.85,23.176985,42.28788,8.798153,22.424713,16.746954,10.263481,4.277676,27.455585,21.57091,21.451483,6.758898,7.841517,34.659859,1548.8416,13.890454,8.915471,12.026182,11.304868,26.9251,24.623957
23.291086,47.454502,6.282269,12.145844,21.83374,19.681349,111.04711,40.700008,16.355272,33.147835,3.183229,38.110565,5.673293,8.195682,15.674274,2.752114,6.669518,18.52898,3.919236,12.398788,31.495682,16.988874,14.806947,22.19758,15.037587,7.493038,13.084378,6.328085,9.796666,23.660782,41.265743,8.724504,21.90785,16.933334,9.805112,4.273296,26.681362,21.696644,22.58976,6.593818,7.541569,33.421196,1519.6965,13.32076,8.638844,11.529037,10.86985,26.25197,23.255955
23.349411,47.547276,6.240664,11.69764,21.163485,19.367439,109.62425,38.97683,16.349884,32.830254,3.021514,38.932465,5.337833,8.031841,15.631547,2.571485,6.193125,18.351549,3.667734,11.918977,30.69754,16.686136,14.333327,22.677038,14.483317,7.273944,12.573578,6.088645,9.66,22.371912,40.314922,8.214628,21.70228,15.614683,10.054226,4.525491,25.367142,21.987455,22.526829,6.103254,7.455869,32.325237,1486.3882,13.379406,8.212376,11.213388,10.401371,26.016378,23.844202
25.064163,48.969994,7.347342,12.674427,21.302071,20.001179,106.19647,37.916927,16.969402,33.548714,3.319411,39.365044,5.708801,8.594481,15.995952,2.643508,6.178689,18.65572,3.730609,11.799025,31.413816,16.843555,14.894195,23.324951,14.941195,7.471129,13.123671,6.27922,10.366666,23.675905,43.099445,8.616864,22.906334,15.896436,9.625751,4.576281,25.477749,22.359316,23.663263,6.543983,8.132896,32.810425,1343.4396,13.546963,8.477478,11.450124,10.568683,26.453907,24.872219
25.146488,48.235828,7.638573,12.391969,22.002563,20.03079,104.5796,38.190456,17.141792,32.054531,3.191741,41.034813,5.655016,8.538089,16.259829,2.730393,6.243652,18.452938,3.695679,12.458766,32.998798,18.230314,15.679414,22.495619,14.238676,7.653708,13.1001,6.372064,10.233333,23.71748,40.943256,8.826479,22.782988,17.478468,9.575928,4.632324,25.907146,22.187691,23.790968,6.338413,8.132896,32.719097,1373.9724,14.636081,8.287296,10.976652,10.702536,26.184662,25.249403
26.281567,49.023571,7.555364,12.708226,21.783346,20.87203,107.1666,39.615154,17.551212,32.018097,3.166207,40.533024,5.666542,8.61883,16.15428,2.781838,6.43854,18.665859,3.758553,12.894959,33.903351,18.680079,16.439703,22.412685,14.674102,7.704831,13.398717,6.596846,10.333333,23.641882,41.678211,8.866137,22.818228,17.544092,9.675573,4.639329,26.644112,22.488031,25.377762,6.74483,8.218596,33.535358,1371.1967,14.912549,8.656133,11.331757,11.129247,26.413523,26.39576
26.265852,49.496212,7.32238,12.959296,22.409176,21.077133,110.91776,40.18396,17.416538,33.461922,3.191741,41.527954,5.808685,9.13788,16.086422,2.845859,6.517939,19.946785,3.772526,13.821868,34.296928,18.687576,17.532272,22.749601,14.538801,7.529555,13.477303,6.494228,10.133333,23.966938,42.247681,9.189054,22.906334,17.661142,9.725395,4.692746,26.378988,23.932571,25.646107,6.890967,8.244306,33.592438,1400.3414,15.498997,8.679186,11.442233,11.334291,25.578842,26.181286
26.501507,50.25769,7.52208,13.314185,23.066309,21.819117,117.01646,40.926178,17.820568,34.120235,3.208763,40.576279,5.797161,9.091746,16.688332,2.861297,6.705609,20.014484,3.772526,13.903654,34.455746,18.815008,18.154528,22.547455,15.830317,7.648859,14.954696,6.679917,10.9,23.95182,42.977764,9.596956,23.493671,18.177109,9.565963,4.768053,27.180965,24.004087,26.161713,7.017835,8.484264,34.517159,1372.5845,16.331766,8.967339,11.734206,11.613377,26.767214,26.854309
27.355762,50.845863,8.169457,13.5725,23.833813,22.343935,118.72377,40.059097,18.256922,34.783905,3.242809,42.16819,5.739534,9.214779,16.698561,2.948382,6.777792,20.14469,3.891291,13.320246,34.697414,18.800013,18.56509,22.547455,15.874598,7.738317,14.546059,7.193004,10.666666,23.88756,44.165363,9.517639,24.081011,18.351431,9.565963,4.781189,27.505737,24.895596,26.439642,7.127037,9.041312,35.63596,1269.8834,17.470791,9.088362,11.497471,11.858288,26.196072,27.187119
27.46377,51.192482,9.144522,13.717351,23.951895,22.096605,123.64871,39.816322,18.321568,34.869553,3.234297,41.441437,5.747219,9.209653,17.71377,3.094825,7.189222,20.311344,3.849374,13.265722,41.084507,18.635101,18.693388,24.6467,15.89674,7.812867,15.300469,7.671886,10.96,25.887014,44.17025,9.772578,22.449301,18.187622,9.526105,4.78294,27.803993,24.647686,26.575731,7.46749,9.40982,35.6702,1257.3928,18.729717,9.364992,11.907812,11.909548,25.736364,27.68264
27.54232,50.331211,8.845852,13.251415,23.641294,22.19916,118.59244,41.064911,18.278473,34.200516,3.489637,41.749039,5.655016,9.357037,17.936255,3.245172,7.073732,20.207188,3.891291,13.063983,40.87735,18.305277,18.276411,25.139112,15.136586,7.574306,14.695371,7.388468,10.833333,25.248253,42.933952,9.982191,22.782328,18.063225,9.51614,4.930054,27.53224,24.824085,26.968664,7.294051,9.144153,35.316307,1296.2526,17.213869,9.549407,11.213388,11.619073,26.718464,28.126389
27.903669,50.142159,9.487112,13.446961,23.910824,22.977335,118.39545,41.599041,18.197664,34.923061,3.557727,41.565651,5.923939,9.506986,18.087132,3.186595,7.153132,20.139484,3.821429,13.249367,41.222607,18.09539,18.60358,26.254614,15.417031,7.671222,14.758236,7.631688,10.376666,25.323845,42.933952,9.823565,22.889366,18.04571,9.526105,5.100811,27.505737,25.720364,27.802446,7.54618,9.084162,34.699821,1274.0471,19.380589,9.509068,11.473798,11.755766,26.941343,28.370453
27.247755,51.339523,9.829701,13.157265,23.358931,23.212599,117.01646,40.620968,18.062988,34.741085,3.659863,40.343132,5.900886,9.428808,17.997623,3.138562,7.145915,20.655077,3.807457,14.356206,41.049984,18.417715,18.847353,25.618935,15.35061,7.551942,15.331909,7.656467,10.67,25.3692,43.002102,9.789574,23.073723,18.518749,10.313304,5.078918,28.035961,25.305597,26.96483,7.494791,9.178432,35.190723,1485.0002,21.016342,9.480252,11.229171,11.824114,27.756269,28.681072
28.494772,51.990715,9.917545,13.531461,24.141848,23.574543,121.35042,42.403683,18.790249,36.930141,3.710931,39.845394,6.008455,9.417274,18.028315,3.188938,7.593436,21.587315,3.989096,14.617921,41.139748,18.800013,18.82811,25.676718,16.088619,7.790503,15.968442,7.824958,11.07,25.928591,43.620239,9.557298,22.936941,19.321169,10.861354,5.236541,28.433645,25.472458,27.946207,7.475518,9.255561,36.463634,1446.1405,21.281826,9.90672,11.631622,12.103199,27.756269,30.027121
28.803089,53.70274,9.618876,13.91773,24.603888,23.484055,122.53238,43.929752,19.258926,38.01128,3.540704,39.696945,6.123707,9.737677,17.87233,3.150277,7.932684,21.889374,4.100875,14.77604,41.222607,19.324734,19.277157,25.059429,16.546188,7.872507,17.492992,7.829917,12.116666,25.701809,45.581741,9.72159,23.192661,19.945761,10.761708,5.092053,30.713631,26.340132,27.850372,8.071312,9.51266,37.531059,1375.3601,22.172491,10.229451,12.152442,12.285459,28.10453,31.210463
29.339197,55.04715,9.908761,14.147076,24.129015,23.3815,121.02207,44.394505,21.613092,38.268185,3.787532,40.779755,6.288901,9.791504,18.419565,3.356469,8.055394,22.134161,4.212654,15.206656,41.132839,19.377205,20.117527,23.509636,16.826632,7.701041,18.695341,8.013273,12.233333,27.757957,46.740147,9.857556,23.668404,18.107029,11.120432,5.501128,30.52804,26.3449,27.181421,8.310596,9.726911,36.332348,1454.4677,22.463675,9.935535,12.223461,12.319633,31.057766,33.10379
30.46839,54.353931,9.882408,13.922553,23.832941,22.162962,129.16466,45.115917,21.580772,37.208454,3.830089,40.142292,6.150599,9.554407,18.153612,3.388101,7.528475,22.165407,4.18471,14.837243,41.153557,19.204798,20.059793,22.984283,17.675343,7.812867,17.917351,7.854693,11.716666,27.497158,45.197227,9.715925,23.81707,18.540646,10.691956,5.634264,29.149448,25.591642,26.5949,8.33147,9.769759,35.744408,1547.4536,24.835936,10.25845,12.152442,12.342415,32.165234,32.571285
29.574863,57.074257,9.618876,14.062579,24.60918,22.162962,138.48918,45.26852,22.36729,38.1665,3.923713,42.569866,6.146756,10.111907,18.409338,3.629439,7.232531,22.79558,4.331419,15.7084,41.236416,19.287252,21.009214,23.378298,17.461317,8.312354,17.71303,7.824958,11.726666,27.138084,46.141479,10.214467,24.203617,18.736876,10.143907,5.588036,30.806416,26.421177,26.817244,8.408555,10.086848,36.486465,1540.5144,25.281265,10.30008,12.452306,12.211416,30.646822,32.881916
29.091761,57.200287,9.539817,13.970839,24.774776,22.440456,142.95448,44.810707,22.717449,38.359169,3.830089,42.377758,6.04303,10.110624,18.143385,3.707932,7.037642,21.821678,4.373336,16.155006,41.119038,19.18981,20.508842,23.614708,17.741766,8.252713,17.60301,8.176811,12.066666,26.941542,45.77644,10.469403,23.834919,18.515245,10.143907,5.556601,30.713631,26.24955,26.824909,8.19015,9.898309,36.075489,1602.9678,24.519058,10.240609,12.483871,11.334291,30.054779,32.541706
27.874201,54.185879,9.574955,13.558014,24.32197,21.64418,138.48918,44.436119,22.593546,37.15493,3.855623,41.513264,5.854786,9.770996,18.248238,3.91881,7.001552,21.509193,4.380322,15.76905,40.946411,18.672581,21.086195,22.902845,18.228849,8.014154,18.946808,7.795226,11.366666,26.344349,44.389259,10.254127,23.906279,18.676432,10.163836,5.732268,30.223166,25.41048,26.054371,8.166061,9.769759,34.893902,1598.804,24.596132,10.204928,12.152442,10.850163,31.204041,31.728172
28.268932,54.301422,9.487112,13.99981,24.650581,21.903576,139.9995,44.734394,21.81242,38.220013,3.915202,42.18565,5.854786,10.104215,18.8594,4.065252,6.994334,21.951876,4.163751,15.570556,40.449249,19.152328,21.458271,23.246958,18.84878,8.066339,19.056824,7.864604,11.316666,26.419947,43.776001,10.458074,23.757607,19.710112,10.41295,5.835819,32.363972,26.144669,26.412807,8.655866,9.77833,35.185017,1553.005,26.857065,10.821903,12.452306,11.00092,32.03986,31.38056
28.467278,57.279053,9.574955,14.509199,25.093033,22.573166,145.38409,46.683598,22.545065,41.324295,3.864134,42.26424,5.900886,10.164453,19.309477,4.018391,7.246967,22.41539,4.289502,15.383093,40.704727,19.662056,22.195999,22.724232,18.856161,8.349628,19.83482,8.672377,12.086666,26.665627,45.241035,10.509062,23.727875,20.183161,11.010822,5.613924,33.490711,26.988501,27.342428,8.858209,9.752619,36.526424,1630.7246,28.903887,11.411721,12.862649,10.829606,31.350307,33.340458
27.962572,56.19199,9.399268,14.581629,25.067154,22.295677,143.02011,46.829262,22.625872,40.682026,3.710931,41.836357,5.900886,10.192649,19.204624,3.751279,7.073732,22.253946,4.205667,15.10741,41.99596,19.474655,22.324293,23.24958,18.656897,8.252713,20.157017,8.479103,11.736666,26.011745,44.914936,10.424082,23.906279,19.668066,10.711885,5.795138,34.23304,27.126759,27.499605,8.864635,9.39268,36.47506,1587.7012,31.139124,11.828444,12.973125,10.786776,30.19408,33.909935
27.787807,54.831829,9.451974,14.265371,24.955896,22.627459,144.72742,46.003811,22.631262,39.986237,3.566239,41.958607,5.754901,9.732552,19.278784,3.912952,7.073732,22.175825,4.240598,14.616696,41.360699,18.537651,22.7092,22.051773,19.040659,8.140889,18.616751,8.384949,12.133333,25.5166,43.805202,10.469403,23.799234,19.385992,10.662064,5.710079,35.492332,25.863384,26.615986,8.907991,9.589789,35.44759,1500.2666,32.7663,11.969487,13.067821,10.211644,29.107519,38.354847
28.392649,58.996334,9.891192,15.088605,24.710085,23.562477,149.0614,47.377254,23.778715,41.650772,3.736465,41.827621,5.816369,9.795349,19.370846,4.060565,6.849972,23.22785,4.254571,15.719428,41.422852,18.904953,23.831831,22.866077,19.704872,8.222893,19.489044,8.617865,12.71,26.469084,46.238815,10.424082,24.67342,19.777565,10.711885,5.917179,36.453384,26.244781,27.562857,9.433127,10.583906,36.589214,1541.9022,35.267021,12.09771,13.707007,10.841841,30.47966,37.866714
29.38241,58.907059,9.689152,15.180341,24.505678,23.369446,142.88878,47.238522,23.326199,41.206539,3.64284,41.91494,5.862469,9.845331,20.332354,4.19998,7.073732,21.618561,4.247585,15.267308,43.086948,18.320269,23.094101,22.10957,19.926273,8.42418,18.436008,8.221413,12.813333,26.310339,46.068466,10.480735,25.595181,19.333435,10.911177,5.824724,35.187458,25.615484,27.106672,9.185814,10.412506,36.195358,1829.1873,34.82169,12.104119,13.849051,10.682764,29.24682,36.816498
29.767313,60.886909,9.548602,14.832702,24.140852,23.079882,144.85877,46.954117,22.631262,40.922867,3.421546,41.69664,5.893203,9.580038,20.490904,4.034792,6.821099,19.972822,4.247585,15.090872,43.639339,18.35025,22.125433,21.329416,19.262064,8.543461,18.17668,7.780357,12.833333,26.155369,48.185719,9.885882,25.624912,18.711468,10.133943,5.876499,34.001057,24.790714,27.33285,8.601264,10.189688,36.069775,1748.692,31.815683,11.69381,13.770136,10.444145,29.74135,35.07848
28.771658,59.721058,8.88099,14.190528,23.393084,22.211224,135.66556,43.354008,21.424543,40.120045,3.396012,39.434986,5.739534,9.5198,18.987265,3.750108,6.424104,18.373955,4.135806,14.00468,43.107655,17.75057,20.451109,20.751518,16.841391,8.27508,17.406546,7.636645,12.663333,26.397272,47.309605,9.489313,25.696276,18.280476,9.785182,5.573245,33.563625,24.55234,27.99221,8.426219,9.924019,34.73407,1633.5002,28.073162,11.187335,13.233537,10.089276,30.507519,33.76202
26.880529,60.514038,8.213379,14.192945,23.268883,22.030252,137.76688,43.159782,21.855513,40.67667,3.098117,38.832458,5.658858,9.413426,19.056311,3.807513,6.640646,18.353121,4.100875,14.148034,42.817657,17.615643,20.906576,19.556341,18.619997,8.178164,17.917351,7.696114,12.8,25.18399,46.881298,9.885882,25.0005,17.870508,9.815076,5.41237,33.298508,24.790714,26.962915,8.599657,10.121128,34.557121,1590.4769,30.248449,11.155278,13.115168,9.881249,27.860748,32.970673
28.651869,62.598934,9.44319,14.24847,23.623362,21.209848,150.3747,46.995743,22.410387,42.630222,3.140673,39.731876,5.735693,9.67616,19.575424,3.936383,6.864408,19.097874,4.156765,15.498881,45.641781,19.18981,21.920151,20.869722,19.335863,8.69256,19.685505,7.958763,12.733333,27.156984,50.001202,10.197473,25.648701,19.846773,10.163836,5.60098,34.51804,26.831179,27.639526,8.74419,11.209514,35.470413,1687.6265,31.644398,11.379668,13.557075,10.162697,28.313484,33.54015
29.260653,62.756466,9.487112,14.709578,23.933857,22.229322,148.86438,47.793457,22.976036,43.775593,3.191741,40.159752,5.628123,9.890187,20.403955,4.030107,6.712827,19.009335,4.205667,16.750479,48.493523,19.639568,21.669962,20.685854,19.114464,8.603101,20.172733,8.350258,12.333333,27.327072,51.909161,10.37876,25.690327,19.753918,9.605821,5.845063,35.658043,26.89316,28.09955,8.487245,11.149525,36.132561,1765.3461,32.672096,11.796388,13.588637,10.125986,29.950306,33.747231
28.710783,64.016861,9.548602,14.803731,24.1926,22.711914,157.33527,48.847832,23.299259,43.604321,3.132162,40.177216,5.489822,9.881215,20.498573,4.19998,6.705609,19.478056,4.107862,16.292847,50.060947,19.66955,22.580894,20.079065,18.745453,8.49873,20.039143,8.48406,12.166666,27.946934,52.36668,10.622368,25.630859,19.877432,9.615787,5.863554,33.868507,26.9599,27.769869,8.826091,11.372342,37.09724,1775.0612,33.999535,11.386079,13.770136,10.089276,32.478661,32.667442
29.005354,64.400215,9.557386,15.161032,25.61828,22.464586,164.82117,48.77153,23.051453,44.813911,3.140673,40.386799,5.53208,10.418212,20.467888,4.217554,7.030424,20.030111,4.107862,16.298359,53.023182,19.572105,22.799013,19.876804,19.225163,8.595644,20.219887,8.246189,12.266666,26.299,53.145432,11.188892,24.976709,20.04388,9.456352,5.954162,33.199085,27.937223,28.530817,8.580388,12.01509,37.108662,1797.2667,35.75518,11.988724,13.856938,10.125986,32.666737,32.467747
29.832121,67.194061,9.144522,15.419346,26.526474,22.796362,165.01816,50.817841,23.417776,45.440125,3.293876,40.308212,5.443722,10.556624,20.979332,4.217554,7.362456,20.493628,3.982111,17.092327,50.930981,21.236219,22.067696,21.455498,19.793428,8.632921,21.524395,8.375035,12.296666,26.499315,58.367977,11.32486,25.482189,20.649195,9.715431,5.933821,33.139435,28.533157,29.862957,8.569146,11.937959,37.394058,1929.1125,37.151131,12.052831,13.478161,10.162697,32.353294,34.412853
30.772787,65.854904,10.312841,15.233453,26.987038,22.69381,168.89244,50.908005,23.261551,44.706879,3.404523,40.168495,5.386096,10.309274,21.411501,4.115629,7.535689,20.103025,3.975124,17.197084,52.816032,20.951374,21.054121,21.933569,20.51668,8.864027,21.107895,8.409726,13.05,26.763903,55.510918,11.32486,26.136341,20.3277,9.585892,5.70453,32.708626,27.975363,29.709621,8.504909,12.512148,38.701229,1945.7667,37.647839,12.052831,13.470272,10.609343,29.602045,34.597755
31.220524,66.800194,10.347979,15.556952,27.274242,22.319805,174.67104,51.386642,22.922163,44.150246,3.515171,39.251598,5.37457,10.932137,21.736259,4.125001,7.34802,19.764496,3.940193,17.230167,51.718147,20.93638,21.535248,21.408216,19.284203,9.020583,21.563688,8.523705,13.366666,26.495546,55.65694,11.018933,25.66654,21.287802,9.904757,5.806231,33.006886,29.081411,29.617617,8.361982,12.08365,40.870316,1963.8088,36.500252,12.366975,13.40714,10.401317,28.975176,33.288685
31.642744,67.561668,11.243984,15.675249,26.824034,22.247419,176.31268,51.164661,23.056841,44.316158,3.540704,38.858646,5.370728,11.338408,22.365334,4.196466,7.557346,20.769653,3.947181,18.057217,51.711235,21.018835,23.793341,22.485188,19.040659,9.072766,21.162903,8.647597,13.95,26.35947,56.323742,12.180315,26.677502,21.330727,10.004403,6.06511,34.756641,30.020599,29.477688,8.410161,12.263619,41.064404,1999.8929,37.75061,12.354152,13.770136,10.382958,29.114477,32.689632
31.420835,67.188812,11.270337,15.622139,26.909412,22.349966,170.86244,52.010944,23.240002,43.834469,3.523682,38.422039,5.409146,11.199991,22.759146,4.240983,7.578998,20.988392,4.114847,17.820129,51.966713,21.236219,24.268055,22.356482,19.874613,9.326239,21.186476,8.682285,13.773333,26.438845,55.671535,12.321947,27.456533,21.593531,9.904757,5.944916,35.300129,29.820364,29.356936,8.198181,11.955101,41.326984,2012.3835,39.060925,12.713172,13.904289,10.584869,28.626921,32.992855
32.848522,71.206284,13.396153,15.279321,27.551094,22.790331,171.45343,53.925446,23.746393,45.08688,3.659863,41.338619,5.509031,11.301241,23.022537,4.539727,7.939905,21.509193,4.18471,18.939402,53.023182,21.723461,25.031445,23.352028,20.590479,9.691534,21.178617,9.341386,13.766666,26.363253,55.291889,13.08109,27.652782,21.664488,10.213658,6.06511,37.374653,29.629669,30.600903,9.111941,12.469298,42.891006,2234.4399,42.058365,13.065781,15.032728,11.251777,28.229902,33.54015
32.284901,68.097328,14.13404,15.11999,27.6546,22.410292,175.32771,53.419064,24.295874,45.836193,3.532193,42.089588,5.236269,11.446062,22.477854,4.334707,8.271937,21.352955,4.324433,19.022104,53.168175,21.146265,24.537481,23.233822,20.369081,9.438064,20.72283,9.138206,14.706666,29.613777,54.4888,13.205724,27.069994,21.082819,10.143907,6.556974,38.209774,30.101645,29.36268,8.993107,13.249165,41.19569,2305.2202,42.580776,12.937558,15.024839,10.835721,28.487617,35.263378
32.56966,65.802399,14.309728,14.950994,27.543339,21.650211,169.87746,52.010944,23.078386,44.487438,3.515171,40.840878,5.04034,11.339688,22.457392,4.331192,8.517353,21.035259,4.359363,19.215084,53.147469,21.820908,24.691444,23.323135,19.188263,9.296418,20.172733,9.167938,15,30.233643,52.240128,13.579631,26.754816,21.930796,9.715431,6.495952,39.628143,31.136185,27.984545,8.60287,13.180605,39.957024,2194.1919,41.57877,12.597772,14.693404,10.566514,29.671694,33.821186
33.355179,69.714821,14.625963,15.496601,27.426905,22.271545,185.50591,54.001759,25.26556,46.72049,3.566239,41.644241,5.063391,11.525521,22.413925,4.522154,9.253596,22.566427,4.603879,20.510792,60.798168,23.31262,27.886127,23.220692,19.771294,9.423155,21.217913,9.921198,16.173332,32.59594,55.501179,13.794915,27.712255,23.249182,9.615787,6.784416,40.781384,31.713037,31.785454,8.949745,13.094905,43.530319,2367.6733,47.71925,13.097836,17.321177,10.707236,30.08264,36.269215
33.875587,67.840012,15.662518,15.583509,27.168165,23.073858,183.53593,57.088558,25.588781,46.758255,3.489637,45.530109,5.01345,11.980493,22.684984,4.42843,9.022619,22.389357,4.610866,19.005566,57.311169,22.083267,28.136312,24.337065,20.162436,9.959914,20.25918,9.896418,16.636665,32.165047,54.026417,14.214141,27.878763,23.301739,10.004403,6.725244,40.29755,32.509205,32.201389,9.12479,12.726397,43.069748,2289.9536,49.903091,14.033855,16.224295,10.688881,29.901548,36.291397
33.266804,69.14241,15.882127,15.383132,26.922356,23.882195,191.08749,58.198429,25.879688,47.972122,3.915202,44.665627,5.167119,11.816448,23.756458,4.64048,9.376305,22.993486,4.876339,19.319841,57.414722,22.195711,28.245369,23.866877,20.501923,10.041921,20.542084,9.836952,17.003332,32.429634,54.771091,14.095173,28.182055,25.40415,10.243552,6.749282,39.999306,32.323277,32.088295,9.221144,11.82655,43.122074,2307.9958,45.526821,13.867163,15.68022,10.676646,29.999058,40.972973
32.893692,70.528809,16.417974,15.185168,28.148806,23.888227,199.42706,57.678165,26.0413,49.169804,3.685397,44.787865,5.232428,11.910005,23.723211,4.683827,9.960971,25.873529,4.806478,19.011078,57.649502,23.140209,28.83555,25.374643,21.387535,10.235751,21.217913,9.465278,17.866667,31.90048,56.343212,13.794915,29.377369,26.189924,11.2699,6.721546,40.098721,33.391182,32.632652,9.368889,11.99795,44.657166,2274.6873,47.44519,13.918454,16.036949,10.658289,29.762238,43.783398
32.738541,71.327065,18.420809,15.344506,29.918612,23.984745,206.78162,60.834347,25.411013,51.047264,4.366302,46.979664,5.144067,12.143259,23.036953,4.614707,10.047587,25.519382,4.82045,19.849155,62.420837,23.32761,29.188375,26.267746,21.586798,10.414671,22.404547,9.45041,17.283333,32.637508,55.642334,13.755257,30.287237,26.45536,12.096957,6.747434,42.312435,34.921532,33.474113,9.980744,12.07508,45.413086,2220.5613,49.449192,13.944097,17.051647,10.382958,30.08264,43.635471
31.126263,70.040428,17.463312,15.04032,29.496861,23.695189,196.99742,60.008884,24.290489,49.579826,4.519505,47.215439,5.24011,11.56397,24.081642,4.761149,9.946532,24.712137,4.862367,20.428085,61.751049,22.9603,27.744995,26.777338,21.808197,10.258117,22.781748,9.083694,15.706666,31.454487,53.729507,13.143408,30.667828,27.065935,12.854263,6.749282,42.855927,33.491299,32.87608,10.053007,11.955101,43.750069,2213.6221,50.86227,13.777411,16.758335,10.285066,30.995089,41.083904
31.124306,69.179153,17.032879,15.165856,29.354549,24.467339,195.2901,59.599625,25.443329,50.340515,4.553551,48.289505,5.412989,11.78441,24.324896,4.860731,9.686683,25.024618,4.848394,19.93186,61.212463,23.335106,27.558958,26.215221,20.863546,10.347576,22.208082,9.063871,14.316666,31.639681,55.121548,13.313365,30.269392,26.456236,12.306212,6.656827,42.385342,33.615253,33.246021,9.972713,13.352005,44.430389,2151.1687,51.992744,13.783822,17.54314,10.181052,31.62892,41.401928
31.420835,70.84391,18.72826,15.1562,31.851431,25.516966,205.13998,60.092117,25.12549,50.982521,4.987627,48.027534,5.359203,11.958706,25.141689,5.037632,10.033152,25.48814,4.848394,20.262676,63.159668,23.552492,28.174797,27.581137,21.003771,10.213387,23.693336,9.440498,16.326666,30.199623,54.756493,14.299121,30.16235,27.745718,12.106922,6.527389,43.412659,34.130138,33.408943,10.228052,13.360575,44.180363,2060.9583,52.789204,13.578667,18.169399,10.45638,30.744341,43.0438
32.308479,71.342827,19.896582,15.921494,31.077787,27.75498,215.12117,62.013569,25.238619,51.252277,5.762156,48.114864,5.428355,11.918977,25.093048,4.932194,10.459017,26.352669,5.099896,20.207542,64.858269,23.837337,29.457802,26.551439,21.033291,10.802335,23.661903,9.460321,15.903333,30.611612,57.03437,15.012947,31.458761,27.550365,12.316178,6.470066,42.564297,33.820259,33.336113,10.78691,13.669093,43.767502,1931.8882,55.195713,14.104376,18.391363,10.321775,29.671694,45.950371
32.047283,72.356384,17.050447,15.61972,30.790581,27.41717,215.90916,63.01939,25.534908,50.847641,5.940893,47.285294,5.347679,11.638304,25.246672,5.024746,10.018715,28.175478,5.064966,20.0697,65.044724,24.107195,29.945349,26.217836,21.741776,11.011074,24.369164,9.995532,15.803333,29.644011,56.946747,14.446421,32.82653,27.37166,12.156745,6.536634,42.418484,34.239792,34.311729,10.695374,12.923506,44.796719,1880.5378,52.026993,13.687656,18.890781,9.911841,29.351299,46.083492
32.599117,71.090736,20.098621,15.361407,30.516317,26.578665,218.01048,65.169746,25.260168,52.018349,6.085587,44.359993,5.278528,11.535774,24.560455,4.831442,10.235259,27.6026,5.386329,20.957397,64.954956,24.639416,31.741558,27.318464,22.693811,10.958888,25.618662,10.020309,15.346666,29.092184,56.367554,14.623041,32.374573,27.067684,11.957454,6.471916,43.081264,33.105137,35.438782,10.729096,13.112046,44.628101,1855.5564,54.150894,13.912044,19.461548,9.869013,29.114477,46.601208
32.911358,69.499504,19.808737,15.486943,30.531834,26.832026,207.83229,64.989388,24.759165,50.826065,6.111119,44.953781,5.197851,11.676755,24.06628,4.920478,10.069243,27.081797,5.302495,21.552874,64.084923,24.122189,31.286095,29.196289,22.671671,10.630868,25.657957,9.722973,15.22,29.840555,55.778618,14.158349,32.118855,27.157915,11.61866,6.527389,41.039883,34.354198,35.028595,10.242506,13.017776,43.633766,1757.0189,51.667301,13.790233,19.303001,9.752764,29.567217,46.253601
33.060612,70.528809,20.643253,16.776112,31.626328,27.151735,211.11557,67.007957,25.817919,51.840321,6.613287,45.853199,5.243952,12.508515,24.166134,5.007172,10.365184,28.430676,5.623858,22.368895,66.860718,24.360397,34.718136,29.389351,24.169832,10.645777,26.522387,9.846863,15.5,29.700703,55.773754,14.2407,33.896961,27.725565,11.807985,6.749282,42.816154,35.236187,34.212059,10.810999,13.034915,45.4189,1811.1453,55.7952,13.969744,21.268978,9.930199,28.877663,47.370369
32.864227,69.688576,20.933134,16.406744,31.036386,26.005587,215.71219,65.461082,24.176834,52.503902,6.17921,45.364193,5.501347,12.371387,24.353054,4.96734,10.827141,26.295372,5.588927,22.054615,66.978096,24.147583,34.769455,28.933508,24.273153,10.899248,25.477209,9.638725,15.413333,31.749292,56.173431,13.152503,33.004932,27.989243,11.768127,6.823247,42.391968,33.577312,33.198101,11.498327,14.268991,43.610516,1730.6498,53.868271,13.931274,20.714066,10.327893,29.065722,45.269955
31.833237,71.206284,21.960907,16.595051,31.954927,25.824623,208.16061,64.087631,24.137892,53.302353,6.672867,44.089287,5.309262,12.0497,23.863998,5.107925,11.606696,27.253658,5.798512,22.390947,68.4972,24.352802,37.219994,28.424007,23.955809,10.958888,26.695282,10.610031,15.36,32.259548,57.413734,13.387786,33.706665,29.086784,12.047135,6.897213,43.406033,33.552883,33.97438,12.339828,15.691606,43.581436,1640.4397,59.674744,13.976156,22.561127,10.278946,29.838858,43.265675
32.982059,69.750816,21.275726,16.471279,30.749182,24.774982,209.80223,61.881767,23.364639,51.619133,6.63031,42.744514,5.232831,12.044804,23.185459,5.401983,11.303863,27.420321,5.714679,22.490194,66.777855,23.638334,33.268333,28.625114,24.318741,10.779967,26.318069,9.732883,14.376666,32.841614,55.588303,13.146621,32.767059,27.891581,11.409404,6.934194,43.478943,31.515375,32.021217,10.884871,15.974414,41.145069,1683.463,59.315056,13.12348,23.060547,9.911841,30.890608,44.023922
31.245262,65.793991,18.535004,15.859667,29.696079,24.087299,193.71413,59.319096,22.51906,49.094269,5.898337,39.400051,5.099381,11.575595,22.615562,4.861901,9.829129,24.613182,5.232634,20.345385,61.847721,22.88586,30.450861,26.841923,21.862833,10.183566,24.086258,8.949891,13.333333,30.751453,53.51281,11.893723,28.937296,26.186037,10.761708,6.420141,39.173962,31.036545,32.677757,10.603771,14.286131,39.865822,1632.1124,51.812885,12.232341,20.515879,9.933252,29.1493,40.683857
31.077066,65.596695,19.272892,16.158012,30.731359,25.345661,199.86424,61.443909,23.097612,49.428761,5.881314,41.172703,5.083207,12.328482,23.139576,4.96734,9.894511,25.493956,5.141814,19.794018,62.117012,22.787046,30.907198,26.949183,22.771595,10.405402,25.327898,9.167938,13.666666,30.747673,53.622837,11.993714,28.943245,26.613523,11.010822,6.749282,39.180687,32.868832,33.500347,10.780005,14.097591,39.807678,1625.1732,55.264229,12.482372,21.831814,9.94578,27.512489,42.108852
30.758488,64.338188,19.720896,15.700546,30.190556,24.175198,192.31587,60.16061,22.608065,47.831852,5.940893,43.486755,5.257095,11.918425,22.978745,5.07395,9.923571,25.041935,5.310521,19.755421,64.042404,22.232193,29.283939,27.190514,22.801632,10.588891,25.060713,8.315569,13.666666,30.656971,52.437546,11.864308,30.566734,25.779707,11.140361,6.471916,38.132462,31.608213,32.735241,10.804712,14.920307,38.685432,1550.2292,59.563412,12.193874,21.601923,10.064777,29.554163,41.324734
29.025053,61.911842,18.209984,15.193357,28.352869,23.494984,177.21919,55.932041,21.222879,47.236244,5.370636,40.936932,5.261138,11.465351,22.415813,4.741232,9.059073,22.760563,5.020212,17.935915,57.432514,22.087778,25.978735,26.278807,20.939051,10.604181,22.577431,8.047881,12.7,27.950714,50.88718,10.929045,29.778944,24.067993,10.50263,5.972653,34.295696,31.324821,31.040504,9.95812,13.514834,37.010796,1443.3649,52.086941,11.027058,19.271292,9.714045,29.86412,39.5303
28.383924,59.560158,18.763399,14.708542,29.024937,22.404194,172.20921,53.610886,20.61651,45.588467,5.370636,42.331226,5.123645,11.053953,21.401516,4.620564,8.521486,21.973511,4.864437,17.572016,55.50901,21.684937,24.82485,23.827902,20.646141,10.558311,22.766033,7.901649,11.71,27.432903,49.711895,10.487884,29.142876,22.652435,10.373091,5.909783,35.216255,30.318287,30.51523,9.042358,12.306469,35.685028,1422.547,47.043385,10.911658,18.153543,9.638888,30.469622,39.771564
29.286259,64.018234,17.357899,15.143633,31.148769,23.366297,185.10153,56.941853,21.044863,47.097546,5.353613,44.315918,5.062986,11.373928,22.638912,4.699058,9.044541,21.361954,4.977728,19.093782,59.733742,22.574226,27.05439,25.359045,21.352123,10.856481,23.221827,8.047881,12.37,26.302774,51.807392,11.099629,28.041994,25.472971,10.383056,6.200095,35.283455,30.611446,32.467659,9.88236,13.026345,39.482056,1486.3882,53.615822,11.174516,20.452461,9.770413,29.842493,40.38982
29.58703,65.868645,18.227552,15.608556,30.928259,23.936207,189.9779,56.044235,21.489902,48.823002,5.234455,46.000694,5.08725,12.102613,23.315975,4.843292,9.734688,22.60634,5.154746,19.60104,61.552334,22.642635,28.3517,26.671564,22.088142,11.009389,24.251289,8.123521,14.033333,26.873503,53.417786,11.258445,30.255993,26.788927,10.512594,6.440479,36.627323,31.784117,32.705509,10.388007,13.446274,39.557648,1589.0891,57.320911,11.116814,21.221411,9.701518,28.57383,41.339813
29.523706,65.559364,17.410606,15.551372,30.783861,23.758488,189.2431,54.585632,21.389769,48.639912,5.404681,43.574963,5.083207,12.144293,23.06694,4.926675,9.284278,22.80842,5.324683,19.849155,62.18885,22.619833,27.797577,27.904696,22.185781,11.12407,24.455603,7.699949,14.95,25.425888,53.232746,11.499615,31.307949,26.33676,10.562417,6.471916,35.626133,31.86718,32.836327,10.434124,13.677664,39.232018,1557.1686,58.219109,11.097582,22.442217,9.676466,27.124954,40.910053
27.8536,61.799858,15.838205,15.088936,30.484577,23.439833,176.08357,51.822689,20.889095,46.287529,5.506816,41.184513,4.929537,11.497619,23.510536,4.498013,8.819338,21.154558,5.08394,18.481768,60.475174,23.151886,25.196442,26.184299,21.554903,10.512438,23.67762,7.362098,14.333333,24.796314,50.962196,10.964337,30.457821,24.327133,10.672027,5.778495,34.067238,30.943703,29.456762,9.758827,12.957787,36.347904,1437.8135,53.572632,11.597641,21.054937,9.457259,25.517494,39.764027
28.597631,63.570278,15.521969,15.233135,31.526802,23.090534,172.47641,50.826912,20.950287,47.463718,5.472771,40.71701,4.872923,11.75306,24.236887,4.460433,8.289014,20.909935,5.168907,17.660233,61.356487,22.513422,25.170364,26.540903,20.586058,10.940582,23.803354,7.296545,14.433333,25.745008,52.582577,10.987867,28.641363,23.85557,11.2699,5.584338,34.026928,31.803661,27.39929,9.561183,11.955101,36.720062,1372.5845,52.43261,11.879732,20.381115,9.444732,25.877911,39.379509
29.333746,65.884651,15.952402,15.578722,32.70031,24.689962,185.96992,55.118595,22.507931,50.570641,5.617464,41.457966,4.961889,12.921375,24.532621,4.46513,9.051807,21.696981,5.133504,18.038427,67.148003,23.737141,26.500265,27.327602,22.155739,11.116426,23.426147,7.568842,15.01,26.950018,53.912907,11.358445,29.766708,25.561113,11.847844,5.741858,33.939571,33.533344,28.404243,9.849418,12.280759,36.656094,1378.1359,53.045799,12.084887,21.52265,9.908201,26.901501,44.461224
28.550144,68.220345,15.706439,15.551372,33.872162,24.205841,189.9779,54.83107,22.112959,48.73423,5.779178,44.677578,4.953801,12.967087,24.976213,4.820978,9.255219,21.19179,5.636232,17.937216,68.365051,24.269192,27.373831,29.110607,21.32959,11.322851,23.378996,7.488161,14.496666,27.240747,56.4235,11.287856,29.356937,24.883303,11.698375,5.726608,34.638386,34.305355,28.267477,9.5793,12.614987,36.865425,1422.547,53.995823,12.689949,22.148907,9.78294,28.581039,44.634628
28.676783,68.577629,13.176543,15.312694,32.989861,23.893309,171.00682,54.291103,22.196405,47.097546,5.566396,43.22213,4.383609,12.94692,25.396461,4.979524,8.877455,21.462999,5.487539,17.62233,67.148003,24.778444,25.56151,27.245934,19.812489,10.887063,22.789608,7.02929,14.36,26.322655,57.048653,11.087863,28.323328,24.342995,11.499084,5.501661,33.254192,33.836285,27.522182,10.236477,12.126499,36.330463,1401.7291,55.058125,12.425988,20.690283,9.269366,27.44212,46.331047
29.753248,70.262741,14.25702,15.780107,33.519249,24.604162,172.0088,56.731461,23.036415,48.684288,6.281346,40.752293,4.569629,13.261518,26.496374,5.055861,9.21163,21.68103,5.551265,18.392675,69.155441,25.47011,27.875799,27.719589,21.104277,11.322851,24.361305,6.943569,14.3,28.855072,58.198925,11.093745,28.427303,24.573925,11.339651,5.909616,35.357365,35.150639,29.171337,10.254594,13.137754,38.2784,1505.8181,59.220947,12.670154,21.261045,9.331998,27.744875,48.125481
29.729507,69.697479,14.011058,15.829832,34.120815,24.763496,181.16036,56.885754,22.685946,49.172535,6.391993,41.696121,4.690946,13.336806,26.631269,5.049989,9.153512,22.675472,5.50878,17.487379,67.777512,25.006468,28.058338,26.813116,20.465893,11.498696,24.801382,6.762037,14.366666,29.249088,57.613789,10.858459,29.338587,24.111181,11.100504,5.802861,34.786217,34.872128,28.879955,9.984477,12.375029,38.109772,1418.3834,58.115471,12.683351,20.563446,9.206736,27.788122,47.069939
29.397066,70.923988,15.618597,16.073483,34.634144,24.806393,181.62795,58.498634,22.936283,49.732883,6.485617,41.008099,4.597937,13.417474,26.652021,5.049989,9.516747,22.946692,5.593749,17.470509,68.994568,25.257294,29.290451,26.377573,20.52598,11.85803,25.697248,6.751952,14.61,29.696667,59.144154,10.958455,30.121435,23.602602,11.220078,6.458638,35.229691,34.881905,29.407209,10.192006,12.580708,38.702877,1403.1171,61.302361,13.264068,21.395811,9.739098,28.62429,47.733418
28.565971,70.390717,14.942201,15.747789,34.080708,23.91169,180.75954,56.170467,22.329916,49.122593,6.485617,40.64645,4.541321,13.331429,25.876377,4.897316,9.589394,22.505306,5.50878,17.526739,69.351288,25.143284,30.737698,26.399357,19.835016,11.705122,25.398628,7.059548,14.753333,29.023396,58.368969,11.087863,30.580149,23.365499,11.16029,6.660709,36.264481,34.520332,28.860136,9.841182,12.212199,38.214439,1355.9302,61.578724,13.24427,21.031157,9.544941,29.453243,46.858822
28.62138,71.99585,14.801651,15.531487,33.374866,24.457088,186.77153,60.307861,21.795868,51.597023,6.843091,40.840508,4.77587,13.371762,26.473026,4.988919,10.359453,23.217897,5.522942,18.117149,69.617088,26.458214,31.233156,27.112555,20.2556,12.408499,26.231627,7.513373,15.206666,29.065466,60.32444,10.823166,31.89509,23.426319,11.240006,6.754117,37.279106,35.082237,30.562801,9.702829,12.07508,39.202942,1387.8507,62.191925,13.171679,20.928102,9.751623,30.671457,49.015163
28.486814,71.670563,15.012475,15.499161,33.471119,24.800262,178.82237,61.962818,21.773615,51.236397,6.851603,41.38739,4.929537,12.910622,26.270687,5.019454,9.901775,23.340206,5.473377,18.049673,68.770744,26.602625,30.757254,27.697819,20.127922,12.385564,26.247341,8.496669,15.21,29.417408,60.864574,11.317267,30.708578,22.997066,11.459228,6.719805,38.145897,34.002396,30.059334,9.972949,12.289328,38.883133,1361.4816,63.021049,12.742743,20.706139,10.121146,33.107868,49.19611
29.365398,72.779739,16.470678,15.700546,33.66362,25.88493,177.35278,64.122688,21.923815,52.795414,7.098432,41.19334,5.071075,12.567791,26.5742,5.120453,10.330394,24.882401,5.643314,18.280214,71.974258,27.780739,32.184952,28.332067,20.65365,12.775479,26.600969,8.905114,15.773333,31.988091,62.369926,11.176097,31.466969,23.710136,12.306212,6.750306,38.569218,35.546406,31.000858,10.409416,13.009206,40.005379,1394.79,64.005615,12.854927,21.062862,10.196302,33.49712,50.651253
29.761162,74.896797,16.988958,16.080938,33.543316,25.982979,177.61998,64.564491,22.151899,54.343327,6.970762,41.466785,5.107471,12.393012,26.283653,5.367082,10.221423,25.392916,5.671637,18.983084,72.477882,27.69713,33.580044,28.909166,20.593571,13.050713,27.488983,8.118479,16.773333,31.307159,62.975063,11.229037,30.671886,24.625927,12.455681,6.55586,37.648666,37.598587,31.952295,10.822829,13.514834,39.447166,1383.6873,68.05616,12.722946,22.085491,10.471879,34.924374,52.468315
29.65827,77.541794,17.577511,16.329567,33.623508,26.430328,186.90512,64.459282,22.669258,54.720592,6.911182,41.590279,5.172173,12.59199,26.309599,5.502138,10.286804,27.030825,5.770766,19.387936,72.981483,26.952257,33.905994,28.69412,20.80386,13.157749,28.039082,8.40086,16.353333,30.775431,63.890293,11.970189,31.19175,24.944118,12.306212,6.485326,38.233246,38.0481,32.697582,11.05177,13.574824,39.144794,1360.0938,68.816177,12.868126,22.07756,10.753718,35.428959,52.973469
30.885118,76.971169,16.936251,16.620453,34.289246,27.459839,182.96394,64.65564,23.036415,54.15469,6.749468,41.987209,5.160041,12.657867,27.632601,5.829801,9.996217,26.695797,5.678717,19.938986,72.303009,26.701433,34.121124,27.765867,20.706226,12.920741,28.58131,7.936945,16.91,31.073809,63.86528,12.658401,31.161165,25.257021,12.027206,6.243223,37.601631,38.111618,31.090057,11.200006,13.651953,41.424175,1354.5424,72.244911,12.821932,22.545273,10.966662,35.414539,55.416313
31.122578,77.264481,16.426758,17.135103,35.668831,27.698837,186.70471,61.35976,24.071136,54.676216,6.809047,42.692883,5.467379,12.596024,27.733767,5.531499,10.170569,26.158697,5.522942,19.983971,72.88356,26.557024,34.453606,27.357548,22.358521,13.532377,28.188393,7.760458,16.616667,31.571114,62.965065,12.658401,31.986835,24.856863,12.674902,6.4777,38.159348,37.808685,30.911659,11.876946,14.200431,41.429989,1319.8461,73.540375,12.953911,23.87706,10.803822,35.681248,59.336914
30.988018,76.752548,15.794283,16.732334,36.17416,27.153439,193.78545,60.349941,25.38957,53.866192,6.553708,42.525288,5.495687,12.332515,27.546993,5.437546,10.27954,24.983437,5.572506,20.225758,74.072639,26.610222,32.889015,27.520878,23.642797,13.570602,28.321987,7.538587,16.18,32.703434,63.365162,12.476054,32.794147,24.23634,12.226497,6.195564,36.244316,37.129513,30.544968,12.275537,15.100277,40.906666,1353.1544,72.31398,12.901119,23.179459,11.029294,34.866703,59.600807
29.238762,80.789368,16.163227,17.403616,36.438839,26.871548,192.91708,60.588371,25.573154,54.432091,7.149499,41.281544,5.313709,12.652491,26.914022,5.713534,11.027805,25.307829,6.046914,19.118034,74.100632,27.013067,33.377949,27.02,24.100935,14.228106,30.176584,7.614224,15.516666,32.030167,63.505211,12.95839,34.494396,25.829067,12.405858,6.752211,37.191753,38.7859,31.155462,12.352949,15.117417,43.546558,1480.8368,75.69088,13.079293,23.43313,10.302775,37.757244,60.317066
29.547459,79.984131,16.699074,17.522957,36.575199,27.196339,187.5731,60.854843,26.229588,55.169975,7.643155,44.104214,5.568476,12.948266,27.380968,6.077603,11.064125,26.238464,6.32306,19.028067,74.415382,27.279089,33.345356,27.071718,24.16102,14.602733,30.844555,7.503289,15.733333,32.844978,62.189892,11.893723,36.011177,25.071049,11.638588,7.057223,36.835629,39.479736,31.928511,12.311773,15.014577,44.046627,1507.2059,72.072159,13.099091,22.711744,10.164989,37.483326,60.882538
29.682022,79.482849,18.297827,17.580135,36.29446,26.234232,185.96992,62.551868,25.333942,55.702606,8.290015,44.104214,5.536126,12.93751,26.535282,6.71766,10.897039,25.972567,6.492998,18.887495,74.331436,27.833944,33.045467,27.357548,23.920689,14.694475,31.433945,7.387312,15.343333,32.160229,61.219646,12.470172,36.268044,25.200615,11.259935,6.98097,36.378708,42.284359,31.946346,12.394125,14.783189,43.377926,1587.7012,75.949997,12.20822,23.092255,10.064777,36.430912,61.31229
28.819258,77.424469,18.034298,17.154991,36.109985,25.24761,181.16036,60.146584,24.149021,53.516659,8.485774,45.630219,5.317752,12.707611,25.956791,6.870334,11.027805,25.079161,6.585046,18.465773,74.142586,27.172684,32.536983,26.402075,23.289814,14.900902,31.787573,7.225949,14.8,31.276558,61.259655,12.293707,35.901096,24.313906,10.841425,6.55586,35.599258,41.815292,30.491447,12.212949,14.826039,41.220665,1532.1873,79.629158,12.063042,22.719673,9.876885,35.529869,61.334919
29.800743,79.237556,19.325598,17.654726,37.064465,25.603041,183.89911,61.324688,24.733137,55.031281,8.341083,46.309429,5.40672,13.463183,27.510677,6.859764,11.550862,25.637535,6.464674,18.5951,74.842049,27.605928,34.486198,26.500071,23.853092,15.313758,32.455551,8.017625,16.166666,31.582596,62.680012,12.670166,37.919376,24.993483,11.010822,6.651176,36.183842,42.973297,30.874004,12.992005,15.160266,42.796455,1593.2526,82.660583,12.043243,25.097864,9.952043,37.605869,61.749596
30.109432,81.87188,19.483717,18.042574,39.847717,26.485485,187.10551,61.913746,25.701101,56.440491,8.409174,48.073601,5.641267,14.035915,27.134535,6.85859,11.870508,27.647703,6.662935,19.331709,77.569923,28.746038,35.261971,28.920057,24.784386,16.055361,32.927063,7.679779,16.200001,31.15797,63.605217,13.276025,40.2924,25.637796,11.509049,6.735055,37.017048,43.901657,31.341793,13.354361,16.205803,43.191853,1701.5051,85.044281,12.340205,26.104635,9.776676,41.101906,62.842842
29.682022,82.506454,19.237753,18.134567,38.837074,26.093283,190.44551,61.100281,25.64547,55.641575,8.511309,48.488182,5.548257,13.420161,26.218801,6.852717,12.277331,28.583647,6.889517,19.640968,77.143265,27.894758,36.28548,28.990837,22.831675,15.818353,32.039043,7.538587,17.200001,30.243698,65.090576,12.587812,37.650272,25.834349,11.459228,6.860872,37.346302,40.461838,31.413141,13.039772,15.905854,42.325459,1609.9069,85.070183,11.99705,27.198603,9.513626,41.022617,63.33292
29.864063,82.527794,19.290459,18.360813,39.398548,26.663187,192.71668,61.780499,26.034878,56.224121,8.553866,49.837772,5.596784,13.824839,26.192862,6.811612,12.40083,29.524912,6.797466,20.17515,77.590912,28.244387,35.985603,31.533312,23.222216,15.940678,33.382847,7.583969,18.123333,30.044781,65.225609,12.499582,39.387226,26.060879,11.578801,7.003846,38.622974,40.798985,31.920578,13.538831,16.034403,43.691921,1683.463,85.545219,12.096038,28.292574,9.482308,41.188416,64.757919
29.523706,83.828957,19.334381,18.186783,39.743446,26.712217,197.32584,61.5,26.218462,56.618034,9.243282,51.160889,5.843463,13.07599,26.41077,6.929055,12.081183,31.253225,7.024048,19.764675,77.653862,28.594019,33.958153,31.849075,22.951843,17.179232,31.984035,7.780627,18.233334,33.089806,64.890518,12.664284,38.543213,25.561991,11.867773,6.845622,39.106773,39.333149,32.36459,12.461652,15.965844,43.796593,1664.033,80.596451,12.102636,27.380934,9.663941,40.827999,65.059509
29.650349,83.343681,19.325598,18.288713,39.013554,26.779627,211.48735,62.762264,26.029316,57.821968,9.277327,47.720768,5.964782,13.53444,27.121559,7.011264,12.161097,30.577862,6.910759,19.832151,77.989594,30.304186,34.460129,31.563259,23.470062,17.156298,32.817039,7.548673,18.366667,33.464691,64.890518,12.193709,39.42392,25.913679,12.575255,7.266921,40.585033,40.197987,30.921568,12.830597,16.351494,45.029312,1616.8461,82.263321,11.383341,27.80901,9.814255,42.947247,62.578964
30.560602,81.002663,22.022396,18.263849,38.692711,27.821398,219.70367,65.111473,27.158604,58.26025,10.111435,49.308521,5.916254,13.383862,26.703901,6.882077,12.8803,31.907333,6.839952,19.781544,78.654083,30.471411,36.637516,32.665726,23.77799,17.370371,33.673607,8.320179,18.666666,33.426437,63.86528,12.41135,40.97739,25.208548,12.525434,7.575745,41.613106,39.206104,29.993931,12.908009,16.54003,45.471226,1614.0704,83.014694,11.178772,28.601738,10.390459,43.646454,64.094421
29.009222,78.805618,21.960907,17.88843,38.468121,28.526125,218.76849,64.340073,26.869328,59.653206,9.711404,52.660439,5.730234,13.269585,26.566422,6.712961,13.018329,31.625483,7.066535,18.977463,78.115509,29.893745,39.440742,32.937931,23.612761,16.17004,31.583254,9.106813,19.006666,34.732758,61.464714,12.511345,40.671597,24.397644,12.684865,7.406082,40.759739,39.362473,28.241697,13.076008,16.231514,47.09935,1604.3555,83.031967,10.881815,27.896206,10.077305,42.529163,63.785297
29.547459,82.842422,22.93597,18.805851,41.187199,28.948963,217.90008,67.088989,26.991718,60.10025,10.230593,52.704533,5.451203,14.712167,27.095615,6.752892,13.258064,32.800732,7.293116,18.465773,78.731026,28.730837,40.490322,32.284622,23.920689,16.743446,31.929026,8.521879,19.026667,34.78326,61.814789,13.352492,42.506409,25.574331,13.452136,7.575745,43.467648,40.197987,28.19413,13.916008,17.765535,49.922588,1645.9911,85.847496,11.304152,29.79212,10.096094,44.2952,64.162285
29.998627,83.546326,23.01503,19.143972,40.649803,27.925573,213.49132,66.759399,27.564703,59.753796,9.651825,52.13118,5.5523,14.795521,28.348579,6.811612,13.752062,32.705013,7.838329,19.146149,77.98262,28.730837,42.276562,33.087658,24.408863,16.842836,32.031189,8.748796,19.516666,35.29998,61.094627,13.970122,41.326004,25.508228,13.312632,8.006575,44.058949,41.097034,28.455778,14.123537,18.896772,49.271183,1643.2153,86.020226,11.086384,29.677967,10.87898,44.143829,64.486504
30.085693,82.986412,24.394176,18.950052,41.026787,28.219721,217.43249,69.304962,30.107004,59.915844,9.702891,52.034157,5.53208,14.452691,28.058035,6.754067,13.664886,35.629852,8.093235,19.58474,78.409279,29.118475,43.436966,35.48859,24.559072,17.049263,30.86813,9.126986,19.546665,37.576633,61.589752,14.034824,41.215916,25.560232,13.26281,8.014199,44.46883,40.285942,28.376495,14.471069,18.142614,49.898903,1683.463,88.352104,11.073187,31.920122,11.67439,44.871868,66.069809
30.156923,87.492485,24.156996,19.683489,41.909084,27.459839,219.77048,68.58268,29.928978,59.34586,9.362441,52.792747,5.576565,14.479578,29.347313,6.622532,13.708476,36.714699,8.496834,19.663462,80.039024,28.76124,45.21669,35.81525,25.505384,16.697575,31.119604,9.217752,19.666666,37.627144,62.710007,14.223051,40.61655,25.063108,13.232915,8.071389,43.165272,38.331505,27.631197,14.494126,18.091196,50.041023,1775.0612,90.545776,10.921408,31.65922,11.611763,48.295822,71.581276
28.850922,83.855614,23.225855,19.099222,38.949379,26.258739,204.80739,64.627594,28.287895,54.646248,8.83474,54.327572,5.14791,12.960364,27.567745,6.547369,12.190154,32.651833,7.84541,18.308329,75.961189,26.747042,41.292168,33.501431,22.981886,15.711314,28.903513,9.02109,17.883333,35.117371,58.849091,13.587781,38.115089,23.494188,12.14678,7.54715,40.316261,37.27121,28.019705,13.290128,16.557171,46.57074,1504.4303,80.838272,10.446278,30.175318,10.941609,46.407246,70.28447
29.40498,84.196907,23.550877,19.569122,40.240738,25.891056,210.08455,66.633186,29.389378,55.227406,9.004964,55.888859,5.08725,13.379831,27.910166,6.972508,12.349977,33.656918,8.199444,18.628839,77.339096,26.009764,41.846298,37.984787,23.169645,15.848933,29.335732,9.363984,17.833332,36.449955,59.124153,13.764243,38.916294,23.721594,12.206568,7.794973,40.988194,37.79892,27.821486,13.110595,17.182777,47.382057,1529.4115,87.419342,10.545263,30.517759,11.154554,50.494366,77.695915
29.523706,79.461533,24.025232,18.974915,39.141884,25.094408,202.603,64.298004,30.045805,52.550709,9.013476,56.347549,5.034678,13.377139,27.121559,7.280205,12.902096,32.747551,8.064911,18.611971,75.716362,26.26059,43.678177,37.334206,22.929312,15.176137,29.037106,9.479963,17.866667,35.614658,56.8536,14.199525,37.937721,23.432489,11.847844,7.854072,41.767651,37.061115,26.933485,13.044715,17.345608,46.872749,1479.4489,87.661171,9.568605,28.479441,10.340354,51.013363,78.593147
31.510427,83.35434,25.430729,19.641224,40.697929,26.883795,222.91008,67.600914,34.490654,56.166222,9.226259,58.526291,5.08725,13.537127,28.317451,7.594948,13.737535,36.773197,8.553479,19.050558,77.968628,27.111872,47.39407,38.940269,23.312344,15.642506,30.687395,9.570726,18.346666,37.685421,60.439461,14.487747,38.940758,23.702206,12.963873,8.300149,44.704006,38.380363,27.155485,13.626126,20.147987,48.643436,1554.3929,91.84127,9.185862,29.677967,11.517814,51.287289,88.741486
32.396923,81.967865,24.244841,20.953955,40.946587,27.067646,221.2401,67.853363,34.156876,56.350616,9.592245,61.481293,5.006371,13.683672,28.255192,7.708867,15.052442,36.225456,9.176579,19.286724,77.290138,28.039165,49.480198,40.015514,23.154623,15.543118,30.302324,9.459793,18.126665,37.498936,63.320156,13.940712,41.674618,24.125282,12.674902,8.504125,46.632473,38.693066,26.457766,13.561891,21.073544,47.387966,1594.6405,94.414955,9.436625,30.199783,11.592971,51.835117,84.820877
32.935162,84.175575,25.474651,21.573025,42.181789,27.514997,223.71166,70.160492,33.483749,57.278244,9.609268,63.113129,5.212612,14.585788,28.859615,7.868586,15.306708,37.156078,9.99086,19.635347,79.857147,28.297596,51.924866,39.664364,23.552675,16.429985,30.506645,9.580812,18.700001,38.330345,64.265388,15.051883,43.338181,27.698549,12.80444,8.868237,47.573189,39.841305,27.567774,14.551777,22.436169,49.188255,1597.4163,98.646889,9.858963,30.640059,11.592971,52.296448,83.644691
34.217422,85.908684,25.465866,22.182154,43.023979,27.539505,228.38762,70.756554,34.674343,58.641762,9.677358,63.510075,5.313709,14.557554,29.015257,7.909694,15.205006,37.065681,10.975079,19.770298,83.389435,28.09997,51.429417,40.110786,24.408863,16.911648,30.137293,9.379112,18.656666,37.972916,64.365402,15.15014,42.812202,30.056343,13.332561,8.795796,47.371613,40.373886,28.059347,15.136481,22.693266,50.733913,1571.047,98.335976,9.964548,31.732597,12.444751,51.928825,84.285561
34.92979,88.255043,24.798254,22.279114,43.400963,26.712217,240.67877,71.7313,34.218102,62.944603,9.243282,62.892616,5.414809,14.357231,28.400452,8.031833,14.878092,37.246494,11.329111,19.669085,83.228546,28.289988,52.022667,41.569862,24.761858,16.865774,29.972265,9.424496,18.5,37.207546,66.535919,14.886074,45.062908,30.107395,12.993766,8.608974,47.707573,38.233772,29.232784,16.123068,23.104626,53.505402,1554.3929,101.32423,10.096528,32.001659,12.601328,54.084114,86.291107
34.629017,88.468353,24.921236,21.814186,42.743248,27.833651,245.82233,70.826698,33.989983,62.972561,9.788007,62.910244,5.402676,14.424456,28.553511,8.12696,15.568238,37.177357,11.484887,19.759052,82.487114,29.595848,50.97308,43.439968,25.009697,17.359629,29.571484,9.207667,17.933332,38.287609,65.305626,14.929059,45.80294,29.799343,12.854263,8.50222,49.387413,39.228832,28.138634,15.666832,24.767197,53.280376,1550.2292,104.75294,9.957951,32.058739,12.689012,54.257118,84.97451
33.481312,87.727089,24.771904,22.7034,43.523262,29.457592,246.42349,76.595062,34.856838,63.98959,9.788007,65.097832,5.151953,15.024076,28.96339,8.097599,15.996854,38.31538,11.095449,20.017708,83.291481,30.481491,52.602871,44.319229,24.386332,17.226692,32.156918,9.328686,17.416666,38.87038,68.434456,15.131716,45.662273,29.828634,12.794476,8.431684,49.723385,40.382023,27.95628,15.698125,24.672926,53.410656,1512.7573,112.31857,10.393485,33.705696,13.515739,56.441231,84.418076
35.38097,87.541603,23.963741,22.564426,42.760834,30.891556,246.35672,73.79744,34.56599,65.917496,9.107101,59.011452,5.44045,15.382223,29.111256,8.103433,16.331028,37.597469,11.145014,21.086067,81.885574,29.549644,50.106037,44.61322,25.402256,16.81225,32.172638,9.126986,16.549999,38.205906,69.779556,16.642429,43.72961,29.536564,12.654973,8.464096,47.962906,42.198555,27.377483,15.294594,23.678814,51.580761,1478.0612,113.12178,10.076731,33.901379,13.377952,57.255775,80.332466
36.593624,88.054573,24.48403,23.182066,43.27182,30.35228,240.47833,75.550423,36.727432,65.185455,8.851762,58.217564,5.37207,15.710061,28.70138,8.203518,16.592556,38.714226,10.883029,20.523773,83.963631,29.403318,57.942921,45.405361,27.064947,16.429087,34.184414,8.8799,16.726665,37.812897,70.296898,16.851233,45.25861,29.411392,12.674902,8.626129,49.458073,42.096493,27.558353,16.260483,23.944481,54.802334,1447.5283,122.42335,10.736635,34.439499,13.277741,58.452358,83.053658
36.489761,88.900406,24.366102,23.390516,42.549953,30.914604,248.56885,74.677513,38.324272,62.586967,8.690046,58.70015,5.731062,16.104584,27.888256,8.03075,16.578028,37.836777,10.649365,20.231379,83.553665,29.049063,56.540661,44.400887,26.826319,16.648039,32.974205,8.466413,17.01,38.859592,71.585075,16.599445,44.065994,29.464659,12.525434,8.483157,47.522816,41.397438,28.2654,17.441906,23.370293,57.982452,1436.4255,119.21919,10.545263,34.423191,12.945797,59.483162,85.31752
37.712204,92.824036,24.257242,23.791985,43.799034,31.523573,249.93311,76.201538,39.037148,65.553581,8.919851,61.813046,6.132793,17.22286,28.828634,8.109389,17.573288,40.146164,10.628122,20.653101,83.935364,29.873096,57.407162,46.17572,27.357464,16.937365,33.24139,8.506754,16.826666,38.69228,72.997437,16.838949,45.221924,29.546333,12.784511,8.856798,50.064541,43.20887,29.229538,18.00737,24.38155,58.462128,1419.7714,128.07156,10.703638,36.233215,12.964585,62.207909,86.857231
36.138203,89.004089,23.685738,22.291636,42.160618,29.087694,240.38325,73.411072,36.984066,61.623253,8.468754,59.811901,5.850729,15.987894,27.541529,7.848449,15.967793,37.219063,10.218798,20.580002,79.38343,28.879629,52.254471,42.577053,26.202812,15.357798,31.076073,8.159184,16.136665,39.812893,68.5224,16.820522,45.831211,29.380316,11.92756,8.669888,46.957226,40.861664,29.125088,17.10532,23.181755,55.77356,1439.2013,118.81737,10.347292,34.667789,11.73702,61.472687,83.015541
36.473782,94.422928,23.295662,23.686472,44.301907,30.858681,250.9563,75.872406,39.339413,64.818459,8.596422,63.325008,5.95757,16.918636,28.248121,7.9116,16.883144,38.847637,10.71395,20.25387,82.295532,30.18885,54.873814,45.261089,26.579998,16.343071,33.123573,8.066229,16.533333,41.45879,70.333107,20.204283,45.559124,29.371441,13.561745,8.749767,49.171871,41.836266,29.374159,18.073002,25.718462,63.472176,1487.776,128.68039,10.710239,36.624573,12.350802,66.26609,86.636192
35.770672,96.900421,22.706013,24.360727,43.223152,29.82716,243.52107,73.368134,38.609421,63.932827,8.366616,60.843597,5.786621,16.549116,26.658934,8.174922,18.597612,36.656376,10.742653,20.141411,79.595459,30.435286,55.297134,47.139362,26.418346,15.920812,31.755938,7.560153,16.266666,39.377094,70.798721,20.652584,44.768169,29.300417,13.491994,8.708853,47.734047,40.319374,30.3624,18.616592,26.438341,62.210785,1455.8555,125.63626,10.664048,36.306591,12.031385,64.736588,86.300819
37.376633,94.7285,22.696941,25.024693,42.858166,29.833368,242.08858,74.727592,39.116997,62.404686,8.18788,61.901978,5.850729,17.265926,26.895344,8.161815,18.750174,35.628376,10.398201,20.203264,79.715614,30.104132,53.372326,47.356644,26.556904,16.233599,32.712494,7.358756,16.1,39.707832,70.45726,20.09374,45.084545,29.313744,13.252844,8.72249,47.004929,40.540058,30.587374,19.19552,26.35264,63.11092,1416.9957,124.80131,10.84882,35.980457,12.851851,63.514462,90.020538
38.159641,93.369705,22.633442,25.384987,45.242779,30.603907,242.70253,76.544983,38.940193,62.769363,8.341083,60.425583,5.842181,17.032547,27.060825,8.382245,19.367668,37.219063,10.613484,22.160051,79.666145,31.166903,54.490162,49.617336,28.789227,16.233599,32.325123,8.019753,15.62,40.310944,70.245171,21.24213,45.192116,29.300417,13.591639,8.669888,47.059441,40.575977,29.848198,19.453007,29.489246,64.668411,1371.1967,130.28946,10.690442,37.024086,13.258951,64.948822,94.31955
37.368641,94.422928,21.835146,25.45961,44.520901,30.380201,239.29185,76.06559,39.208244,62.207882,8.170857,59.989765,5.799443,17.300659,26.170355,8.638417,19.062553,36.504871,11.338272,22.862921,78.104073,31.736794,54.152832,48.644928,29.351147,16.077206,33.534641,8.262464,15.56,38.910175,69.432922,20.965778,44.957996,28.929337,13.063519,17.308603,47.659103,42.007896,30.410612,19.594376,31.143251,65.799522,1332.3367,136.11685,10.756432,37.048538,12.833062,66.170959,93.625946
35.962425,90.974075,20.83728,25.099319,43.912586,29.479174,230.0831,77.174629,37.132343,60.112488,8.102766,58.255451,5.637042,16.850567,26.170355,8.944633,18.42326,33.869942,11.223455,22.0982,76.626816,30.519999,52.413219,50.265606,28.565992,16.061565,32.214447,7.534334,14.283333,38.233135,68.170616,20.713993,45.122513,27.702461,12.69483,17.051426,45.246841,41.238045,32.138031,19.389055,31.29751,62.755619,1325.3975,133.57716,10.512266,35.19775,12.808009,59.51141,92.635025
34.883789,83.432465,20.011772,23.606695,41.349537,28.006458,216.30403,74.169487,37.200779,56.645245,7.302703,54.013042,5.37207,16.024015,27.580927,7.74479,16.687004,32.6147,10.635012,19.680328,73.884331,28.802626,48.107182,45.233276,27.534506,15.725321,30.562218,6.739071,14.15,35.567787,64.36293,18.687424,43.186245,26.189716,12.296248,16.669563,42.848209,40.057617,31.487236,17.38805,30.346245,56.134789,1226.86,122.3747,9.271649,32.849602,12.494856,59.679718,95.150414
34.156719,83.923615,20.093414,23.637577,40.408848,26.608315,198.70503,72.073051,37.480225,56.952019,8.06872,52.767879,5.436177,15.937887,27.84886,8.354838,17.587818,32.890636,12.522334,20.65992,75.79277,28.456074,48.451145,46.939106,29.813011,16.452547,30.261814,6.202011,12.546666,35.665066,64.264641,19.068176,44.299927,25.618006,12.635043,16.615013,45.267284,40.073021,31.647932,18.000637,32.505875,53.86665,1190.7759,128.09769,9.298794,32.580547,13.014692,64.151123,106.12667
34.204659,83.650749,18.433327,23.547503,40.343033,27.527979,198.5686,66.112869,34.263733,55.099731,7.643155,48.961262,5.555841,15.82536,28.037987,7.45406,16.091295,30.948256,9.874345,17.883329,72.965462,27.87077,45.276184,41.832607,28.527504,14.966815,27.463314,6.553165,12.396666,35.797359,65.159645,17.207413,40.933605,25.306404,12.326141,15.531761,39.550102,40.473335,31.784508,18.54254,29.069321,54.565453,1249.0657,109.5023,9.640662,31.145565,12.068965,53.481243,109.57963
33.589436,86.237389,16.963741,23.182066,40.334808,27.291847,205.04883,63.823254,34.297943,54.902924,7.013318,51.762859,5.637042,16.407421,27.974941,7.089459,15.255854,29.216881,10.462787,17.358028,72.597916,26.869612,42.207066,44.582256,27.503721,15.592387,26.459326,5.902499,11.466666,35.914085,67.161789,17.784681,42.078915,23.690687,12.236462,16.747496,35.877197,42.038689,31.053362,15.669776,26.112682,52.202576,1138.0376,107.94544,9.28512,32.686535,11.029294,54.12524,111.97305
33.86908,86.030006,17.462675,23.856318,39.824764,27.366419,201.2289,66.828377,35.963223,52.755436,7.353772,56.681229,5.769527,16.486607,27.951298,8.03075,17.086563,32.749969,11.374153,17.998781,74.690102,27.339388,48.881084,47.186321,29.558989,16.155401,28.411959,6.212339,12.396666,35.59502,65.821854,19.344526,43.066025,25.10577,12.405858,17.316399,40.15657,41.504932,31.117647,16.761997,30.663332,54.589142,1176.8976,121.87022,9.551777,34.569946,11.20466,57.959965,113.46704
34.476311,85.84993,18.14304,24.996382,40.532249,27.733047,205.25348,68.266571,37.17226,52.46022,7.328236,59.678486,5.829359,17.107561,28.416237,8.096284,17.217321,32.6147,12.228111,19.205242,77.750664,29.118364,48.70248,47.227531,29.620569,16.749695,29.052292,6.041927,12.5,36.630032,65.589058,19.731417,43.319134,26.165751,12.565291,17.589155,41.519424,42.362019,31.760408,17.736416,30.131996,54.595058,1248.4442,126.11464,9.654337,34.977604,11.931178,57.930698,115.55557
33.940987,82.870392,18.696402,24.062201,39.109062,26.956293,195.15791,64.968071,37.434605,51.921909,6.928206,59.553967,5.731062,16.518557,28.368954,8.489479,16.556232,32.463207,11.912364,18.425949,74.35083,28.017094,49.086136,44.244392,31.344849,16.249235,28.301281,5.887004,13.333333,36.310966,65.185524,19.577885,42.762295,26.202145,12.375964,17.339777,39.46833,40.617043,32.443336,16.805754,30.577635,52.350605,1279.5846,122.48775,9.456054,33.110504,11.524076,57.074467,113.88626
34.036865,81.593468,18.669188,23.936102,41.716869,26.58967,185.74452,65.79805,37.234997,52.07819,6.919694,58.077583,5.842181,17.478466,29.235781,8.055771,16.904938,30.093391,11.82625,18.166183,71.79213,28.525373,48.37838,46.518829,31.498798,15.232684,27.747906,5.504867,15.026666,37.738976,65.1493,19.135723,41.610676,26.028147,12.256391,16.505907,37.499004,42.362019,33.254826,18.768053,30.431944,51.829491,1238.536,119.86108,9.558614,32.768063,11.499024,58.530769,115.80711
36.106247,87.858124,19.830341,24.715874,42.786324,27.07436,202.79781,69.976624,38.774811,53.166412,7.268659,61.048161,5.923381,17.642391,29.826803,7.891345,18.532232,31.018589,12.859611,18.143093,73.318871,28.486876,57.235168,47.754932,33.507881,15.287417,26.712299,5.091742,14.586666,38.131969,67.260063,19.86038,40.307171,27.977661,12.535397,16.770874,38.248573,44.117275,33.552097,20.018476,33.422863,57.473156,1310.7249,126.47124,9.579127,36.004921,11.129501,59.665092,118.65788
36.753426,89.413376,21.299927,24.962925,43.205883,28.105883,193.65724,69.389893,40.286114,52.315517,7.566554,57.366058,5.889191,18.011908,29.369749,7.711427,17.921999,29.655136,13.979087,17.710154,73.177498,27.79376,56.269474,46.741329,32.938259,15.77224,26.309122,4.83354,14.456666,32.917995,69.722649,18.914646,40.269203,26.753445,13.491994,17.495636,37.962368,45.266907,32.981655,21.635771,34.45126,57.100086,1218.7194,119.8002,9.633824,36.41259,11.799655,55.398605,120.81505
36.042332,89.620743,20.95521,24.697859,45.213146,29.454317,204.98064,70.999794,41.626312,55.337059,7.575064,62.987034,5.867822,17.989685,28.613247,7.796022,18.474117,30.840048,15.077034,18.801163,74.216537,26.83881,58.042149,48.208179,33.253857,16.124123,28.269661,5.917989,14.496666,34.781796,70.203766,20.572744,41.199375,26.871515,13.581675,18.142471,41.832882,45.21558,33.447651,20.762329,35.068295,58.639809,1245.6133,126.07985,9.87313,36.697945,12.357066,58.472237,128.03346
35.203384,88.676674,20.773779,24.605207,46.389561,29.34868,213.16618,71.07135,42.801144,53.837856,8.017653,61.644028,5.846453,17.767414,28.234995,8.129645,18.953583,33.090828,14.926333,17.779423,75.785698,28.086403,60.258003,48.686142,34.593254,16.616758,28.087835,5.67528,14.466666,34.88686,71.595436,20.26569,42.142189,26.63271,15.185966,17.963226,43.032196,45.903313,31.744339,22.204603,37.365044,58.029842,1222.9657,129.48058,10.734638,36.76318,12.927007,59.71632,139.05542
35.10751,85.206001,20.247631,24.85227,44.57972,28.441437,205.59456,69.389893,42.145294,51.412521,7.889985,57.944168,5.649862,18.232786,28.053743,8.358413,19.912519,30.645267,16.146276,16.284334,74.668907,27.339388,59.953743,49.444279,33.330837,15.803514,26.775537,5.251829,14.336666,34.314877,68.967316,18.085596,42.445915,26.1835,14.598058,17.277428,40.306488,47.468658,30.490961,21.662699,38.222046,54.103546,1188.9945,118.85217,10.659427,34.806389,12.350802,58.296597,135.29761
36.122215,82.488396,20.401846,25.181671,45.451725,28.422798,192.22475,72.988914,43.799171,50.60215,7.719757,59.055912,6.102878,18.599524,28.534435,8.340542,20.253963,32.003311,16.361561,15.995708,78.019249,27.062141,62.758266,51.364372,32.730423,15.694042,27.004801,4.854198,14.666666,33.548351,69.432922,17.661856,37.497684,26.12669,15.554653,16.599422,40.783482,49.229053,29.904442,24.298166,34.631229,54.375946,1125.2983,120.49602,10.55003,36.73872,12.206754,55.069286,138.57523
35.970425,82.291962,19.549124,23.905216,44.036762,27.490702,187.65446,73.804581,42.265057,50.359047,7.79636,45.581558,5.940476,18.489782,27.82522,8.459694,18.575821,31.895098,14.93351,15.955301,75.510025,27.331684,62.407711,51.479744,33.099911,15.334333,26.237978,4.621815,13.346666,32.976376,67.580833,17.348661,36.586514,25.740517,15.574584,16.942324,40.551792,47.976765,29.414331,23.58629,33.945633,55.021435,1237.1205,115.12961,10.420119,35.222206,12.995901,56.31337,145.65642
38.247536,77.10778,17.117958,23.882061,41.618149,25.527077,177.9682,70.434555,41.170086,47.806358,6.800535,42.860001,6.072961,18.941257,27.620327,8.249987,17.87841,30.277355,13.541343,13.29416,75.884644,28.255827,61.356018,50.61446,30.536591,14.12229,24.293251,4.544355,13.033333,31.474438,63.535191,16.366079,40.307171,25.931381,14.697704,16.404596,39.652317,49.069942,28.393953,24.685238,35.282543,61.452755,1096.989,110.17199,10.775662,35.083599,13.221374,58.743004,136.68488
37.112965,77.364265,18.424255,23.202654,43.14006,25.968266,175.51253,65.053925,37.953583,48.657249,6.766491,44.46981,6.329385,18.821793,28.148306,7.303931,15.698998,30.574928,11.467443,12.555275,81.518036,29.495735,56.223164,46.494102,29.589777,14.247404,23.771494,4.497879,12.633333,31.151491,62.598785,14.057021,36.523228,25.422697,13.970292,15.500589,36.647209,45.759613,28.040432,21.566769,31.040413,57.621212,1163.5161,100.35246,10.775662,31.830437,12.532433,52.990921,129.69513
36.753426,74.35743,17.435459,23.833164,44.176617,25.166662,162.82487,62.041641,37.371872,48.610947,6.068563,43.651573,6.487513,19.127405,28.723566,7.029884,16.490856,26.787554,11.194752,11.827935,81.602844,28.148016,55.369892,44.598747,26.857111,14.130111,21.834673,4.544355,12.29,34.548344,62.091801,14.204405,34.5933,24.43462,13.57171,16.490324,33.962387,47.196651,27.952051,19.180376,30.809021,58.171955,1098.4045,91.315689,10.23551,30.387306,11.380025,48.936646,121.31811
36.329964,76.944054,18.723616,24.386465,45.254288,25.912344,184.85773,63.615776,39.664486,51.973999,6.264323,46.568787,6.453323,19.35384,30.118376,7.363507,17.987375,30.039286,12.278345,12.451369,78.952271,29.079861,59.656082,46.733093,27.788528,14.427258,25.170746,5.102071,13.913333,34.524998,64.419846,14.21669,35.694305,24.398224,14.388803,16.731909,38.466633,47.925442,28.072563,23.439875,32.960083,61.423149,1061.6023,94.759926,10.194486,32.857754,12.018861,54.154514,124.88539
36.521717,78.444748,17.635035,25.014397,44.036762,25.48979,187.58626,65.769447,39.470573,52.182384,6.37497,45.866169,6.431954,19.966459,29.834684,7.294399,18.256172,30.08798,13.304529,12.918945,78.365593,30.111834,62.076988,45.587631,27.51141,14.411617,25.139124,5.535851,16.923332,34.330444,68.082649,14.136858,35.434872,25.141277,15.365329,16.770874,38.207684,50.245243,28.691223,25.117752,32.780113,62.879955,1068.6796,95.490517,10.796174,31.03957,12.15665,59.994404,119.66408
37.991856,78.744888,16.392235,25.279469,43.576077,25.67621,182.26564,63.007565,37.62851,51.603546,6.289857,46.177448,6.449048,20.290134,28.944212,7.446911,17.580559,29.162783,12.787849,12.595683,76.365273,30.373676,60.410149,44.499851,26.695461,14.30996,25.328857,5.453226,16.08,34.618378,67.115219,16.820522,35.447525,24.990358,15.116214,16.459146,36.865265,48.941635,28.771572,24.986483,31.23752,62.423981,1009.2299,88.114975,10.673101,30.240549,12.213016,57.94532,118.14721
39.254253,79.907227,14.541646,26.012917,43.584297,26.421888,177.28609,63.486965,37.651321,50.862633,5.855781,45.759438,6.41486,19.934509,28.715685,6.857116,16.948526,28.102312,12.773496,12.618773,75.149544,29.919302,59.133545,44.227909,25.425348,14.294323,25.842705,5.535851,16.226665,34.645618,67.792938,16.538034,35.23872,24.159416,14.946817,16.911148,34.596119,48.423275,28.66712,27.241615,31.246092,64.401924,985.16687,86.34938,11.185903,30.917273,11.555392,58.560051,121.50868
40.956097,80.736702,14.732147,26.097843,43.600746,26.316252,179.12784,63.673016,37.92506,51.748264,5.915359,44.291939,6.419133,20.224842,28.912691,7.219335,17.289968,28.556799,13.275827,13.276841,74.923363,29.595848,60.853313,45.315693,25.864117,14.247404,26.562092,5.551342,16.1,34.357685,68.775902,16.378363,34.802109,24.235765,14.767456,16.817633,37.056072,49.2701,28.546606,27.389709,31.726009,64.467064,986.5824,88.758614,11.069669,31.267864,11.981282,58.618587,118.98566
39.797577,77.533424,12.954129,26.293427,41.971889,25.415224,173.80722,55.702251,33.744751,50.486389,5.753645,44.914513,6.410585,20.538797,28.762968,6.942904,14.928944,26.019257,12.622798,11.74712,70.533981,28.62549,55.012714,43.428562,23.862724,13.567096,24.94149,5.256992,14.976666,33.489986,68.243034,15.973048,34.802109,23.783897,14.847172,16.131838,32.197491,50.157997,27.413736,27.894592,28.8465,61.174427,969.59674,81.635315,10.844035,29.824734,11.217186,56.29874,113.69571
35.794643,76.480209,10.98561,25.693798,38.524971,26.024195,172.17007,55.695087,33.031872,48.738289,4.808889,42.006184,6.547344,20.559635,30.472982,6.011147,13.258064,24.828939,10.32644,11.244907,67.049339,26.754095,49.608677,40.24765,21.67659,13.355965,22.103455,4.828377,14.506666,36.147552,67.756729,15.831807,34.327534,23.082573,15.235789,15.539556,30.296303,49.891121,26.361221,28.549252,28.126623,57.550148,1281,79.44352,9.592799,29.514904,10.302775,61.23851,114.46556
32.950241,72.682137,9.706526,23.663311,40.9189,23.41432,143.79341,54.392868,30.425596,45.392601,4.834424,37.301277,6.436228,20.254025,29.684959,5.458289,14.144359,22.610622,8.776398,9.911451,69.692879,25.398676,44.780098,39.184593,20.768267,12.918064,19.391911,4.957478,13.276666,34.544449,62.381512,15.180842,30.436028,21.196085,14.000185,14.674515,30.412144,48.084538,27.068254,25.099239,27.432457,54.482552,1190.4099,80.252388,9.920994,29.188778,9.018843,60.865265,114.33598
33.157986,66.368347,10.078458,21.68429,41.667515,23.116051,132.94751,52.096085,29.302101,44.512764,5.106785,35.246777,5.803716,17.668783,27.30512,5.838379,14.892622,23.162497,9.070619,10.534885,73.62986,24.012455,44.489059,41.557926,21.053082,12.683473,18.830629,5.148548,13.08,31.657318,58.159977,16.378363,31.378847,21.229822,13.13327,14.113405,34.398495,42.428741,25.244425,28.587955,28.572262,49.662018,1183.3326,84.314171,9.449215,26.881392,8.887317,61.018963,120.35768
34.747971,66.155525,11.538973,22.628763,42.152889,23.271397,144.61194,50.579212,30.533953,44.796391,5.532351,35.753731,5.795168,17.5382,27.265717,6.095744,15.473797,23.719782,10.16139,11.198728,73.389557,23.565781,46.050083,42.851711,21.938313,12.456704,18.957117,5.448062,14.826666,33.458858,62.945419,17.968916,34.264263,21.83527,13.920469,14.456306,33.594421,42.367157,25.911287,29.466452,30.543352,53.994453,1414.0542,96.629913,10.016716,29.357985,9.363312,62.182545,115.47934
33.645367,63.137783,11.139826,21.604507,42.251598,21.388556,135.40318,46.572376,29.108196,43.91655,5.132319,32.436283,5.654137,17.727127,26.59589,5.887231,14.965266,22.080391,10.175742,9.155249,69.551491,22.372087,46.691677,40.420708,20.029295,12.050084,18.24563,5.411913,14.266666,32.680649,58.915306,18.834812,33.694763,20.981249,13.88061,14.113405,31.168539,43.429546,26.345152,29.239262,29.737776,51.6931,1392.8221,98.49118,9.84578,28.258118,9.526152,62.197189,113.87103
34.452351,61.702591,11.620617,22.013697,42.704063,21.885679,133.90248,46.922977,30.801989,43.019352,5.32808,31.858179,5.568662,17.94245,27.336639,5.921784,14.754594,25.207682,11.029701,9.484283,70.993423,23.29624,48.37838,41.491989,19.782969,11.901509,20.103395,5.448062,14.8,32.894661,58.222057,18.177711,34.694542,20.619043,14.040044,14.760238,31.481991,44.127533,26.088043,30.98782,31.708868,52.901169,1394.2375,99.848007,10.112438,28.266577,9.76415,65.197632,114.32836
33.98893,63.388809,11.629687,21.753777,42.53952,22.121807,131.31038,47.223492,31.423622,43.048298,6.043029,33.850414,5.423355,17.657675,27.683371,5.607227,15.103298,27.496338,12.127646,9.663232,73.912605,23.173018,48.834778,41.813381,21.491848,11.68256,20.024343,4.916166,14.706666,32.100895,60.322479,17.182854,37.054752,20.206236,14.099832,14.729067,31.556944,41.181595,26.120182,34.028885,30.551924,52.949486,1453.6873,103.97935,9.818433,30.669359,9.58252,65.344009,114.3741
33.509541,64.120049,10.586463,21.612232,43.55962,22.482218,136.97206,46.30764,31.817133,42.984627,5.889825,33.35236,5.37207,17.253426,27.320881,6.374556,15.68447,28.426949,11.151693,9.293789,74.605301,22.495308,47.716927,42.143009,21.47645,12.112641,19.921574,4.812886,13.983333,31.980268,60.213833,16.30467,36.871254,20.912003,14.717632,14.884929,31.488796,40.991695,25.397078,32.440197,31.71744,51.596455,1354.6044,101.91802,9.914156,32.276867,9.958306,67.232094,114.32836
31.951504,60.649384,9.180378,21.432087,42.84391,21.599833,126.60368,43.617332,30.710747,41.074451,5.600441,32.792042,5.098553,16.949198,27.123871,6.600942,15.568238,27.869654,11.079932,9.264927,75.601906,21.039778,46.559399,43.840603,21.337893,11.870231,18.46698,4.60116,13.333333,31.886883,57.275303,15.033456,36.586514,20.073076,13.591639,14.916104,31.052687,39.954979,25.469391,31.332823,33.080059,49.22863,1299.4012,94.472916,9.51759,30.880877,10.753718,67.327217,115.66991
32.422905,60.905861,10.568319,21.540173,42.794556,20.009048,123.0566,38.072147,29.952246,40.512981,5.779178,32.267303,4.880592,16.793608,24.751913,7.029884,15.502855,28.610909,10.943585,9.068661,75.177834,20.870346,41.009838,43.700508,21.946011,12.026625,18.664614,4.389433,12.966666,31.618404,57.978901,16.03834,35.713291,20.757536,12.166709,14.183547,30.671087,40.273182,25.220324,33.263142,32.171646,48.382996,1389.9912,98.743408,9.585963,30.821653,11.273554,68.600586,119.78603
31.312319,61.566162,10.840466,21.547901,43.189426,21.270493,118.00882,42.007439,30.163252,40.675049,5.540862,31.102184,4.478861,16.615795,24.153011,6.674817,14.013594,27.079725,10.283384,8.624174,77.496208,22.148752,38.357433,40.560791,20.267923,12.574,18.648804,4.404926,12.55,30.960819,59.981026,15.187378,35.789223,21.08778,11.837879,13.645818,29.642132,39.010635,25.212284,29.813139,30.114857,40.476208,1312.1404,89.063026,9.387679,28.816511,10.083567,65.095177,135.86925
33.381695,68.791283,11.466401,21.846422,42.926182,21.469339,137.31314,45.663681,31.320972,41.896404,6.170699,33.032177,4.581432,16.436592,24.972561,7.02631,15.343033,28.9193,11.06558,9.651687,77.715332,22.410595,38.350815,42.258381,23.801146,13.324687,19.407724,4.730261,13.34,31.882996,64.068047,16.285181,37.073738,21.771353,13.073483,14.604376,31.243492,39.996037,25.437252,34.88549,33.217182,41.605759,1438.1172,95.890617,9.54494,30.491693,10.35288,63.536407,139.90915
33.573456,72.622086,11.348471,22.868097,43.34573,22.196377,150.54651,48.654499,30.374266,43.459278,6.187721,33.797054,4.778023,16.86307,25.926075,7.268187,16.193003,29.752531,11.797546,8.756944,77.39724,22.479906,41.433167,43.543938,24.247608,13.67657,21.1311,5.401585,12.773333,31.291559,66.380592,16.850325,37.624249,22.131784,13.541816,15.149896,31.747747,41.699955,26.69063,37.926552,35.72818,42.964828,1472.0885,99.256561,9.975693,31.42235,10.653508,65.497688,141.02199
32.239151,69.729866,10.631821,22.911846,41.955444,21.711687,140.10986,47.967617,28.572113,42.556286,5.957916,34.624191,4.778023,16.821394,25.350809,7.209803,16.599821,29.855328,11.740136,8.768488,76.704559,21.455641,38.8932,40.04987,23.908913,13.434161,20.237789,5.308632,12.66,33.095463,64.978577,16.616474,35.422218,20.972374,13.163163,14.53424,32.981136,39.980637,26.296944,38.116726,34.237007,41.225212,1374.421,96.351578,9.859456,31.100849,10.666034,65.329353,138.65906
33.253857,72.414734,10.949324,24.049334,42.08707,21.643332,158.11815,53.147884,30.033442,44.796391,6.111119,40.067295,4.872044,17.497917,25.721184,7.438571,17.413467,30.445082,12.486452,9.189883,77.043839,21.494148,40.149956,42.530319,25.933393,14.231766,20.972988,5.633967,13.146666,33.374645,64.383629,17.318029,37.560966,21.155249,13.402313,14.884929,33.362724,38.271587,26.433529,43.493687,35.042583,43.454098,1380.0829,104.28377,10.119277,33.918205,11.467708,64.560959,141.12875
33.365715,70.67939,11.176111,23.174345,42.942631,21.761398,158.8685,56.024223,29.731087,44.101784,6.383482,38.19067,4.88914,17.781309,26.477688,7.464784,17.914732,30.223246,13.692042,8.722307,76.089607,21.946291,42.822201,44.236156,26.133533,14.137929,20.767447,5.551342,13.666666,36.326038,66.417198,17.668806,37.965935,20.761974,14.109795,15.11093,32.844845,39.998405,26.465662,44.452965,36.156677,45.054779,1344.6962,111.54621,9.832108,33.300583,11.467708,65.278145,140.2598
32.255127,72.856766,11.230541,24.412952,43.970951,22.755632,163.02951,55.487595,29.837797,45.340504,6.102609,39.400257,5.03872,17.656281,26.682575,7.827003,18.38003,31.289122,14.029321,8.930119,77.877892,21.867802,44.866085,45.521706,26.479929,13.684391,21.352446,5.62364,14.063333,36.549377,68.699409,17.675301,41.129772,20.725082,14.518343,15.578522,34.725586,40.100063,26.071976,45.333138,37.287914,46.5709,1309.3094,118.67823,10.269698,35.018063,11.542867,70.627731,145.83804
35.554947,70.42292,11.139826,23.921577,43.341064,22.444937,156.48106,56.641014,30.655922,44.130733,6.085587,38.421921,5.047268,18.281439,27.376038,7.685213,18.123629,29.822872,14.947862,10.205851,77.722382,22.841101,45.203423,45.966705,26.325975,13.692402,21.210152,5.541014,14.266666,35.025826,65.979134,18.441816,41.193043,20.371124,14.020115,16.061699,36.470043,41.453682,25.308702,47.84407,37.750694,45.235981,1227.2122,117.35616,9.907318,37.395473,10.897767,69.156776,144.23703
37.822216,70.39563,10.858609,24.925804,42.749409,23.618193,154.02536,60.327015,30.863424,43.991806,6.366459,36.011658,4.778023,18.828619,27.911898,8.013462,18.900146,32.089878,15.730059,10.223168,78.807159,24.065577,51.012314,47.746693,26.841717,14.120289,23.257645,5.659787,14.366666,34.946056,65.692505,19.377226,42.237106,21.469812,14.059973,15.921423,37.415997,41.523235,26.385323,52.196125,42.781261,46.232643,1339.0343,119.94807,9.77741,38.799911,11.423944,70.188629,149.05547
36.674622,64.676666,10.386889,25.065432,41.666088,22.556847,158.14058,56.508839,29.316101,41.890614,6.000473,33.602287,4.92225,18.843016,27.462725,7.745128,18.211536,29.77417,15.407134,9.212975,76.368584,23.398392,49.839615,46.51059,26.170906,12.754341,23.297174,5.799217,15.266666,35.987015,63.961903,18.864048,41.174057,22.45891,13.123304,15.64866,34.857277,42.357861,26.682598,51.169739,39.824627,43.164154,1238.536,108.7369,9.43554,36.117935,10.502963,65.387909,139.1646
36.626133,69.479111,10.541105,25.876333,42.224407,24.340681,161.70392,59.842392,29.00189,39.783642,6.121353,34.602245,4.92225,19.692579,28.67021,7.898811,18.336071,33.249332,16.182199,9.276472,78.771408,24.120514,50.142899,44.392723,25.720905,13.717087,22.917713,6.233342,15.396666,36.038876,65.167908,20.072287,40.471687,22.579287,12.714759,15.469419,35.66824,44.455154,28.538568,51.034248,40.964432,44.04604,1181.9171,110.68,9.982531,36.744015,10.730054,69.425911,136.27817
36.52916,65.174141,9.73374,25.352737,42.107754,22.096504,141.82054,50.487892,26.713516,39.57098,5.832362,32.232975,4.759852,19.309559,28.310028,8.204955,17.764675,35.797516,16.262415,9.305335,72.514023,23.853643,47.083099,47.136883,24.591965,13.141086,25.941463,6.411901,15.883333,35.49646,64.454041,19.786467,43.181107,21.980982,12.236462,15.157689,35.661247,43.443962,27.469976,54.60601,40.501656,42.258114,1113.9746,111.5388,9.291959,36.777859,10.162327,71.372246,131.8215
35.96344,66.989761,9.43438,25.470884,40.799435,21.457138,150.72887,47.183704,26.013964,38.595898,5.779818,31.845589,4.773576,18.516155,28.798271,7.614618,16.892921,32.891697,14.884124,8.624174,68.623734,22.495735,45.944099,46.288082,24.520916,12.935369,24.886469,6.114301,14.913333,34.718719,65.681694,21.982075,43.486881,21.138323,12.704795,15.609691,35.794075,43.037342,28.066029,60.601265,39.850334,44.976257,1109.7283,107.47264,8.628735,34.383526,10.074014,67.039627,133.93825
34.039993,66.430229,9.27,24.114906,40.416103,20.715475,135.33527,46.111691,26.310377,36.176712,5.858634,34.250912,4.581443,18.173445,27.629692,7.409708,17.347109,33.087273,14.658052,8.647264,66.843071,21.15353,45.506027,47.993916,22.799871,12.054909,23.537054,6.022317,15.503333,35.640034,64.134964,22.066521,42.915207,20.392687,12.575255,16.147427,33.032619,42.202713,27.079967,64.967323,39.044758,43.907124,1030.4619,110.13669,8.321053,35.466465,9.739684,66.920311,140.44237
32.649952,64.117882,7.44,23.693342,38.541134,19.302473,135.76288,46.845947,23.64259,34.257412,5.306924,32.863575,4.720967,18.30592,28.045908,7.36214,16.629204,31.416428,13.447487,7.850654,65.398491,19.724977,43.814381,45.810825,21.323563,11.561193,20.911829,5.870813,14.373333,35.616104,60.300606,22.618668,43.114635,19.232912,12.664936,15.874876,31.949007,42.042206,27.259253,61.488708,38.761951,42.819859,1007.8145,105.90402,7.986024,34.358147,9.29181,63.385651,137.82527
30.896227,62.639118,7.01,22.662264,36.624485,18.944429,133.55362,43.754704,22.765182,33.467476,4.842787,33.034737,4.988582,18.092808,28.974354,7.140153,14.841744,29.633814,12.178581,7.486984,60.499878,19.324671,40.801758,42.658936,20.281464,11.092162,20.691019,5.887045,13.733333,32.158188,58.494293,21.170086,43.201046,17.846748,12.724724,16.040817,29.844709,42.646774,27.031073,55.295296,34.04847,41.339977,1003.568,89.735817,7.746716,29.044945,9.039486,62.304352,135.22365
29.182915,61.737015,6.52,21.781551,34.474522,18.38818,139.11241,39.620808,22.243479,32.257877,4.221019,32.872585,5.000018,17.623394,28.918331,6.990129,15.244655,29.019125,12.03273,6.459472,55.601234,18.359221,38.901184,43.892998,18.631474,10.968733,19.865015,6.163001,13.083333,31.831144,58.59705,23.580055,41.698742,17.020258,12.196602,15.88278,26.530956,41.63023,26.428028,58.428417,34.288425,41.545357,990.82874,91.190506,7.596295,28.503473,9.058411,59.522842,129.81256
30.718433,63.472706,7.97,22.152102,32.991207,19.244932,150.87138,52.844872,24.359932,34.936268,4.562554,34.485134,5.036614,16.750786,27.813786,6.415649,15.779427,30.248514,12.207751,6.465245,56.673935,19.308975,38.341789,45.527309,21.457771,12.515712,22.097677,6.568816,13.826666,31.6078,60.749485,22.300371,40.050201,17.566463,12.774547,16.175152,27.796333,40.394321,28.522387,51.615147,35.256836,44.656116,1054.5249,87.457352,8.259517,27.589735,9.45582,57.121655,145.48399
31.518517,62.307964,7.73,22.452833,34.066193,19.615763,151.299,53.527744,23.049747,38.190857,4.28232,34.124794,5.000018,17.306604,28.886316,6.20098,15.640239,27.929438,13.075567,6.805825,54.414124,20.423555,35.106773,47.336742,21.086723,12.713197,21.271673,6.28745,14.686666,31.532007,58.342854,21.222055,38.381725,18.595076,12.943943,17.004848,27.740408,40.405033,27.903048,44.337849,35.985279,44.42054,980.92047,85.406761,8.184306,27.319002,9.733377,56.361019,158.63072
31.720552,61.976807,7.11,21.566744,34.316193,17.493067,149.65987,53.34417,21.721777,37.671558,4.194747,33.359051,5.027465,17.466436,28.806274,6.280261,15.383841,24.40892,12.951593,7.461839,52.490437,19.528749,33.253368,42.183643,20.818302,12.104281,20.33935,6.27663,15.926666,31.412365,57.834503,21.676765,38.89357,18.816969,12.126851,16.222563,27.034311,40.795597,30.315224,51.281513,37.202217,46.558819,846.45081,89.043495,7.787742,29.764086,9.115182,62.147751,151.21835
34.064247,64.214951,7.67,21.443232,31.474556,18.816553,155.68188,53.410255,24.763062,40.139828,4.063387,36.737301,5.21731,16.97686,29.646698,6.022903,15.339891,27.029751,13.126613,8.401665,55.386711,21.954145,35.362873,42.28371,22.105141,12.927142,22.024076,6.384846,16.84,31.03746,59.116222,21.163595,39.651375,20.092634,13.531853,17.044357,29.614004,40.64579,31.077177,49.256001,33.92849,47.875614,811.06409,88.508949,8.376947,29.806389,9.46213,63.967304,154.35878
33.943016,62.833241,6.76,21.384159,33.932854,18.91246,149.48167,54.357452,24.608925,38.896076,3.651795,37.575108,5.100658,16.903421,28.318035,5.698462,14.504764,26.504463,11.901463,8.647659,54.449886,21.797161,35.443748,41.249741,22.578819,12.577424,21.35346,7.261411,17.156666,29.131016,57.558693,19.955357,39.219292,19.541946,14.488448,16.744085,28.684193,38.516396,31.500927,47.867264,33.859932,46.099758,904.48511,86.11657,8.334461,28.105829,9.102568,62.125378,158.28433
32.165054,61.354465,5.57,21.212311,32.474552,18.305063,146.16779,54.262001,24.033867,36.93108,3.625522,38.286785,5.011454,17.002773,29.318533,5.849706,15.244655,26.012712,11.850414,8.786426,54.292557,20.878807,36.623177,42.050232,22.334084,11.882108,20.772804,7.450791,16.863333,30.339491,56.374302,20.624435,38.813801,18.703779,14.378838,17.26561,28.977821,39.04607,30.755287,52.026691,33.345734,45.151424,876.17572,90.54203,8.256568,28.723444,8.604229,64.705551,156.74493
32.367085,65.145592,5.41,21.147869,33.041206,17.90226,143.17459,54.372135,23.654448,37.312542,3.73061,39.025497,5.173852,17.214449,29.294519,6.098525,15.750125,26.884462,12.047317,8.830579,55.064892,21.004395,38.880959,41.741711,23.968288,12.091937,21.549734,7.51572,16.6,31.208965,57.423473,20.552977,40.54211,19.318251,14.458555,18.063702,30.452929,39.393833,31.130148,56.091267,35.231125,44.85545,958.27295,92.101898,8.207001,28.943417,8.572688,66.323769,157.022
30.871983,61.228867,5.08,20.49807,33.341202,17.633726,119.87041,54.306057,23.526985,36.344467,3.485405,38.349854,5.002305,16.251131,28.622185,5.91557,14.57802,25.163317,10.092908,9.410874,52.840847,20.17238,34.884357,39.365284,21.789351,11.98908,20.069468,7.315519,15.206666,29.856905,55.638794,18.825073,40.143265,18.943638,13.741108,17.605391,28.991804,36.349541,30.641188,44.459785,29.540668,41.581581,951.12677,77.116699,7.463485,24.40012,8.008114,62.22979,151.63402
30.387077,63.175812,4.45,20.304745,34.374523,18.522446,124.64529,54.284027,24.099081,37.120205,3.529192,36.854412,5.29279,15.771632,30.63118,5.720417,13.852782,25.560072,9.81579,9.391951,53.35574,21.177076,34.311489,37.147285,20.920935,12.375824,19.717804,7.174835,15.83,31.185032,56.877247,19.572098,42.875324,18.864588,14.239334,17.842447,29.669935,35.942932,30.388563,46.099163,29.206438,41.956085,952.57666,75.583145,7.63343,23.22411,7.822026,57.748051,163.834
31.251823,57.386356,3.43,18.784981,37.141151,19.769209,113.10008,52.132637,23.396559,36.863766,3.940785,39.070545,5.029752,14.821271,29.558647,5.550878,12.658706,25.347725,9.662647,8.767503,57.560684,22.511435,29.654398,33.803619,20.123569,12.573313,18.409281,7.596886,14.333333,31.639708,56.298595,19.773474,42.270416,19.30298,13.452136,17.708113,30.383018,34.899632,32.539967,38.61356,30.988991,42.463478,813.38739,77.002785,7.56262,21.853508,8.030193,61.655598,201.66553
31.098267,59.002144,1.91,18.779608,35.316185,18.042921,102.69517,45.891403,22.860037,35.196877,3.537949,37.160706,4.915388,15.266213,28.366062,5.159352,11.633114,22.833071,9.356358,7.461839,54.743088,21.271265,25.293856,32.060905,17.976215,11.877995,16.511921,7.483255,14.023333,30.379375,60.706219,20.390585,38.886921,17.776676,13.113341,16.222563,27.495724,36.312092,31.896179,35.80899,26.009844,40.343327,842.38513,67.696213,7.392673,19.712996,7.475082,57.240967,198.42502
30.047651,56.575603,2.15,17.8613,35.324509,16.540415,101.05603,37.814518,18.870201,33.985191,3.397833,37.926437,5.347685,15.253254,29.870804,4.819055,9.823682,19.798721,8.415618,6.540936,52.383163,19.497351,19.160788,28.083515,14.818339,11.470676,14.908983,6.931347,15.413333,30.463135,58.407764,20.416565,37.94965,16.169512,13.820823,16.143543,23.364023,36.488651,28.114922,29.508884,22.059088,36.924503,666.94867,59.344818,7.151916,17.428661,7.31738,54.563854,213.82703
25.028931,40.509026,1.54,13.720873,30.832907,12.550763,69.16423,27.571556,13.377507,20.018629,2.85488,27.125067,4.117123,10.937762,25.148466,3.84817,9.288909,14.601762,6.453918,5.184811,51.954086,17.181843,14.914815,25.015005,10.657834,8.960954,11.629497,6.168411,13.19,24.608213,46.336826,18.019587,32.099991,12.580579,10.811531,13.283062,19.777626,28.104824,20.348686,26.169153,15.640185,28.268713,420.46762,43.71991,5.388721,13.113795,5.529037,40.730869,263.24277
25.473427,41.245544,1.64,13.167743,32.26622,13.097423,71.836723,29.443924,15.239035,20.906563,2.163053,30.809603,5.21731,12.397859,27.261513,3.914033,7.897039,14.428535,5.899684,5.05866,48.464252,17.990311,13.998228,25.80715,8.763106,10.310444,11.204226,6.119713,14.46,25.497622,51.112202,17.214094,33.502579,12.19249,11.120432,15.5509,19.379137,31.314968,21.803328,22.700708,16.137243,27.302269,474.1135,42.589458,5.346234,13.579124,5.986372,44.712978,275.55826
22.305412,34.565422,1.53,12.018518,32.041229,11.671636,65.208931,25.934149,13.285616,19.399956,1.926606,24.161215,4.995443,11.758528,27.101431,3.659116,7.486803,16.294966,5.170427,4.459442,41.627632,16.891428,14.759802,25.75712,8.005219,9.113181,9.71578,5.394653,14.533333,25.920387,48.813751,15.875944,26.58935,10.886281,11.220078,14.357716,15.289385,31.721586,21.179911,20.668415,12.743536,24.6264,426.26718,37.936165,5.25418,11.836257,5.488034,38.113419,162.29457
22.248838,33.126614,1.85,14.000123,34.249527,12.860856,60.077744,23.760733,15.894127,18.874249,2.119267,27.773687,5.297366,12.81256,28.221983,3.354188,8.299948,19.94401,5.425667,4.667591,41.656231,17.668495,16.330141,28.984058,7.728903,9.002095,9.764851,5.243149,16.336666,27.751051,55.649616,16.428093,31.441904,11.807096,11.339651,13.251455,16.834402,34.664215,22.496014,20.783573,13.086335,28.063345,474.1135,44.832848,6.231373,12.699232,6.017913,44.66824,384.47305
22.224594,37.425888,2.1,14.005494,37.36615,13.78474,60.11338,23.863529,15.117504,19.258915,2.285655,25.530533,5.317951,13.365495,27.397583,3.488356,8.585649,20.156361,4.827677,3.620537,40.333244,17.998161,19.147306,28.900671,7.2868,8.800495,10.926166,5.297258,15.936666,27.013206,55.687485,18.097536,30.843649,12.677605,11.658517,14.760712,15.212484,35.712864,22.707893,22.511026,13.403424,26.269371,466.86404,41.905918,6.514616,11.819337,6.150383,49.582489,306.50845
19.921322,31.927616,1.68,13.89809,35.716179,13.676047,48.568188,27.365963,13.768786,15.707168,2.145539,23.60268,5.311089,12.160268,28.950348,3.456644,7.933667,18.289927,3.996325,3.052857,36.550217,17.668495,19.86171,25.123409,6.315753,8.44255,9.52768,5.351366,16.183332,26.881584,57.358585,18.941999,30.258678,11.562741,12.236462,14.673793,13.471716,35.750317,22.777163,22.0707,13.189175,25.689497,430.61685,40.311001,6.79078,11.497839,5.324024,53.557133,303.70676
17.35943,26.62919,1.76,11.642603,33.499538,11.470235,38.804657,25.743242,11.999146,12.052848,1.777732,20.242453,4.684371,10.190434,26.949358,2.991937,7.398895,15.395281,3.493138,2.541945,23.956808,15.42363,16.88279,23.222269,6.51312,7.397517,9.06152,5.243149,14.4,23.000906,55.325142,14.726171,26.954954,10.737154,11.459228,11.931839,11.968644,30.961847,19.391146,18.778387,12.529287,24.149218,366.82175,34.7551,6.691645,10.457195,4.630136,48.844234,280.9462
19.767767,37.231758,1.82,13.479217,36.249496,12.579533,51.41885,27.380646,14.616551,17.938229,1.804004,20.530724,4.981719,11.89244,27.437595,3.573736,8.90065,17.96023,4.331781,2.806862,26.72435,17.425169,20.522192,26.532587,8.66837,8.504264,10.656283,5.270204,15.393333,26.279341,57.84531,17.577866,28.4506,12.038874,12.385929,11.773803,12.821551,35.354397,21.872597,23.886209,17.517008,28.431807,439.31616,47.61956,7.031538,13.50298,5.529037,54.06422,215.77441
18.434288,37.494404,2.17,12.142035,34.349518,12.672244,49.63718,26.264574,13.297477,16.072599,1.672645,22.305431,5.114383,10.151556,27.469614,3.245635,7.538081,15.819978,3.690036,2.453639,19.30847,16.867878,17.961132,24.031088,7.894692,8.389063,9.846634,5.118698,14.916666,24.76775,60.787342,15.518665,28.716496,11.364207,12.834334,11.750098,12.164393,31.143755,20.690952,20.492283,16.608591,27.060654,378.42087,41.14352,6.727049,12.690771,4.973926,51.558624,220.09253
21.836676,41.416843,2.55,13.463101,33.616199,14.066063,47.463558,25.038349,14.260844,16.999002,1.646372,23.87294,4.995443,11.421582,26.933352,3.087073,8.585649,18.943737,4.142176,2.504099,22.505095,17.087654,20.926571,24.322929,8.581531,8.677066,9.67489,5.06459,15.683333,24.76775,64.345886,18.552242,29.248285,12.244596,12.246425,12.571892,14.079934,33.11264,20.45055,24.38751,18.348295,28.619055,376.97098,41.616737,7.775053,14.035992,5.100087,53.63171,235.2097
21.974062,39.960915,2.62,14.193454,33.191204,14.00852,44.39909,27.285194,15.443567,17.117607,1.646372,20.395597,4.903952,11.559814,26.397087,3.404196,8.541695,19.049908,4.689118,2.756402,19.172596,17.770535,20.919834,23.605827,8.905211,8.763466,10.173763,5.118698,15.703333,24.045855,57.526245,17.603846,31.08959,12.172729,11.837879,12.14519,15.2754,32.524124,20.454622,25.484947,19.659498,31.409687,391.46985,41.625492,7.987486,15.14432,4.724756,58.292427,220.08478
21.125488,41.822212,2.77,13.962531,34.19952,13.592931,45.00486,21.895708,14.767726,16.338663,1.681401,22.476599,4.869643,11.430219,26.245005,3.624964,8.636928,19.105793,4.958943,2.920398,21.91869,17.739138,21.499437,24.172838,9.87626,9.051468,10.1983,5.226916,16.83,24.412786,58.413174,17.733768,29.873133,11.862794,12.057099,12.919574,15.869636,32.71138,19.639698,25.078491,19.44525,30.702965,465.41415,44.350868,8.029973,15.381214,4.967617,59.276764,200.12607
22.475128,44.04892,3.36,14.982872,35.224506,14.283444,48.211853,22.358294,16.451399,18.685122,2.084237,23.494572,5.04119,12.842798,27.333548,4.038444,9.523331,20.933107,5.462131,3.677305,23.699354,18.814472,23.993109,26.549265,10.29468,9.578098,11.547713,5.362189,17.75,26.275349,60.857639,19.344744,31.641321,13.14565,12.236462,13.520117,16.988203,35.332996,21.122862,27.971121,21.253513,33.523804,462.51437,49.915539,8.14327,16.929487,5.28933,61.901669,199.43337
22.305412,40.423386,2.44,13.812166,34.049534,14.315413,33.281502,21.910395,16.146088,15.582153,1.952878,21.260431,4.88794,12.095469,26.445107,3.88354,8.871347,19.37402,5.287109,3.185316,24.385883,18.398468,21.647713,24.589752,9.236789,9.220154,11.032483,5.06459,16.98,27.455908,61.38765,16.545017,27.486736,13.34059,12.445717,13.23565,15.960522,33.776081,22.365627,27.347883,18.074057,30.66069,446.56561,46.874695,9.021328,15.592727,5.059085,56.883022,218.47613
21.036592,37.534367,2.15,12.759609,33.091209,12.502811,22.591509,13.444346,14.186738,12.835,1.690159,21.134304,4.570007,10.812488,26.41309,3.241976,7.149824,18.725803,4.404708,2.724864,22.526545,16.491119,18.116142,21.379496,8.052586,8.788151,10.312795,4.047343,16.360001,25.346064,60.571007,16.532024,26.58935,12.930042,13.063519,12.714126,16.002468,31.817888,21.933712,26.385929,14.980298,26.0942,410.31839,44.95554,8.568139,14.34057,4.112872,56.301369,187.21028
20.980019,34.622517,1.8,11.739267,32.08289,11.259246,21.237446,12.548547,12.390423,10.818713,1.471226,18.026321,4.666073,10.790886,27.317539,3.295643,6.080279,16.440258,3.916107,2.075186,20.087959,15.79254,16.040337,20.187111,7.160485,7.673175,9.045164,4.009467,16.049999,27.874685,53.243004,13.608877,24.595144,12.32994,13.402313,12.089878,15.680882,32.047955,21.114719,24.529772,13.523404,25.188152,350.87299,45.46381,8.490243,14.00215,3.860548,53.795769,181.26807
21.925573,37.73991,2,12.201107,31.999556,11.898609,25.335272,10.206248,13.042551,13.270953,1.479984,17.936232,4.332129,10.903201,28.021887,3.598129,6.615052,18.574919,4.295319,1.923804,21.704151,15.847486,18.129623,22.746984,7.357852,7.817176,9.372294,4.604664,16.4,26.430897,56.082264,15.317295,26.310163,12.693773,13.372419,12.643008,17.393684,32.566925,22.695671,25.166555,14.48324,26.565348,395.81952,50.020702,8.759327,13.486059,4.153874,58.784592,192.0056
23.501499,38.944614,2.08,14.016238,29.641256,13.979748,25.47781,10.63212,14.598765,13.793457,1.602586,20.674864,4.608891,11.235829,27.717741,3.728638,7.669946,20.32959,4.565145,2.453639,22.240494,15.902428,19.194485,23.880995,7.894692,8.944495,11.392327,4.685828,15.59,27.272442,59.424496,16.434586,26.536165,13.323522,12.854263,13.022299,19.316214,33.776081,24.048449,29.867929,17.191349,31.069628,384.2204,58.854069,10.260521,17.353485,3.819546,60.745819,207.18439
21.917494,36.820675,1.9,13.199964,29.441261,15.162575,22.947844,11.873024,14.308274,14.607668,1.821518,18.819084,4.414471,9.896687,27.861809,3.678631,7.34029,17.881994,4.477634,2.655481,20.624306,15.823934,17.873518,24.231207,7.042066,8.41375,11.310544,5.270204,15.99,26.315239,56.568996,16.869812,26.223747,12.568002,13.452136,12.635107,18.589151,30.496378,23.286489,28.729839,17.842667,29.018806,371.17142,55.015762,10.557926,16.214947,3.702847,58.284966,191.26666
20.454706,29.934999,1.48,11.674828,28.407934,13.6249,20.204081,9.721634,12.129573,11.76435,1.52377,18.026321,4.304681,9.339432,27.389574,3.198067,6.226792,15.093519,3.792134,2.195029,17.413378,14.732902,14.375646,22.163296,6.03944,7.710204,9.445899,4.0257,15.8,25.062887,52.269535,14.388386,26.044266,11.142314,13.362454,11.931839,17.16997,29.00366,21.355118,25.322365,15.545915,26.271835,321.87521,46.944801,10.3809,14.038877,3.154043,55.756989,173.18604
18.595924,30.620142,1.36,11.792971,27.491287,12.627489,19.883379,8.627584,10.677106,13.322243,1.672645,15.530922,4.375587,8.816734,26.004889,3.110248,6.26342,15.439984,3.376457,2.06257,15.017697,14.646561,14.827199,23.822628,5.628915,7.158888,9.658534,3.533309,14.55,23.714823,52.437183,12.894332,25.64543,10.737154,12.983802,11.765901,18.19066,26.735157,20.79282,24.069118,15.134557,25.293459,304.47656,43.316807,9.672789,13.03807,2.810252,55.786831,144.70656
18.539351,27.793924,1.22,11.137806,25.599646,12.678636,16.177517,9.457301,10.994279,12.046437,1.585071,12.368885,4.23835,8.726018,24.820299,2.955345,5.713998,14.16589,3.135802,1.879651,14.960485,14.599467,14.395864,21.721369,5.155234,6.566428,9.200551,2.975988,13.4,22.829407,44.460201,13.725164,26.582705,9.551324,12.505504,11.750098,17.197939,25.932621,20.377203,22.030054,13.977612,24.139482,255.18034,36.209797,9.375381,12.597345,2.125825,52.92329,157.40688
19.711195,32.195972,1.3,13.028116,26.899628,14.430502,19.063814,9.5087,12.781699,16.514967,1.733946,12.522031,4.325267,7.935493,23.979885,3.237098,6.226792,15.579688,3.638988,2.169799,15.010547,15.392233,17.725243,22.922087,5.51839,6.656943,10.844384,4.031111,12.67,25.222422,48.608234,14.341393,25.92462,10.151425,11.469191,11.900232,18.45632,26.804708,20.963953,22.077473,14.568939,27.275297,300.12689,38.286697,10.133061,13.478791,2.337146,57.054539,165.48889
19.412174,36.535206,1.45,12.861643,25.957975,14.053273,19.598312,9.604154,12.651277,18.143381,1.795247,13.251733,4.181167,8.790815,20.866341,3.281007,5.435624,15.546161,4.178638,2.384256,15.797186,15.046871,18.493565,18.344341,5.021024,6.632257,10.729885,4.274601,12.37,25.294216,51.377201,14.236353,25.160166,10.870111,11.479156,11.47353,17.708282,28.147623,22.353399,23.750725,15.468786,27.783298,314.62576,37.988739,10.96155,12.404529,2.472769,59.649624,161.7173
20.341562,37.911198,1.76,12.775719,27.824614,14.871665,31.998705,9.244365,12.348925,21.108511,1.987907,14.053503,4.236063,9.158001,23.251522,3.334673,5.728649,16.093794,4.52139,2.264412,16.626738,15.902428,19.248404,19.328266,5.273654,6.821515,10.819846,4.350353,13.15,25.964256,51.39883,13.767179,29.248285,10.236771,11.778091,11.773803,19.365152,28.864553,21.795179,24.35364,16.042974,27.808382,353.77277,37.769661,10.267601,12.119895,2.655704,59.97773,192.42891
21.869001,40.714565,2.06,13.941051,28.574606,17.339619,31.286037,11.784913,13.991099,22.432398,2.171811,15.215619,4.31383,9.240076,22.307056,3.600569,6.812845,17.865231,4.710996,2.743787,19.773298,16.773691,21.020926,23.055498,7.105224,7.455119,11.932092,4.972605,12.55,26.582458,53.421467,15.335768,31.428608,11.360613,11.798021,11.204867,20.162132,28.051315,22.491938,26.907553,17.636988,29.363743,362.47208,43.176601,10.69955,14.351056,2.851254,58.65036,181.96078
22.31349,39.972328,1.73,14.440479,28.282942,16.636316,31.642368,12.431064,14.500945,23.688972,2.294412,17.656971,4.33899,9.957165,22.67524,3.695707,6.886101,17.725527,4.66724,2.81317,21.811415,15.894577,21.735329,22.280035,7.705219,7.747232,13.265148,5.313492,13.21,26.198921,53.837898,15.335768,32.066761,12.517697,11.987347,11.236474,20.21806,30.111166,23.636908,28.76371,18.931051,28.736578,379.87076,42.387897,10.430467,14.580601,3.327516,55.51091,183.46176
22.402391,41.502476,1.8,14.574736,26.149639,17.377981,37.771294,12.746797,16.197742,26.734243,2.653462,17.449764,4.476228,10.013323,23.843821,4.214081,7.362267,19.228731,5.206891,3.317774,25.530087,15.643405,23.373058,23.430725,8.092059,8.047578,13.35511,5.708486,13.54,27.81226,55.325142,15.987011,34.001129,14.464432,12.027206,11.63947,21.567329,31.234713,23.991404,31.07375,20.850723,30.20414,413.21817,50.388763,10.897819,16.738306,4.674291,57.114189,191.1512
24.737995,40.069393,1.77,14.569366,24.841322,17.397158,36.2747,15.133152,16.571533,26.343168,2.784822,16.296663,4.110261,10.332987,23.227512,4.194565,7.259708,20.463709,5.586103,3.513308,23.155861,15.52567,24.047026,20.854181,8.092059,7.915922,13.16701,5.627322,14.41,27.699558,50.917503,15.874967,33.236687,14.332375,11.499084,12.002956,20.553629,28.51679,25.356401,30.260838,19.625217,30.925383,374.0712,49.766567,10.572089,16.288403,5.065393,55.58548,182.34564
23.129744,39.818176,1.8,15.342677,25.966309,16.783371,36.773563,14.384202,16.4986,26.061079,2.784822,16.864204,4.181167,11.075994,23.811804,4.490953,7.608146,20.106068,5.425667,3.45654,22.812599,16.55872,24.997311,21.938164,8.849951,7.952949,13.36329,5.735538,13.84,28.363247,59.752842,15.020652,33.489285,14.575829,12.465646,12.579794,22.399261,31.682138,23.653206,30.856976,18.92248,32.004097,375.52109,47.269032,10.38798,14.911141,5.25779,58.173111,185.69595
19.969807,43.032627,2.36,15.852847,28.191261,17.045507,44.684155,15.793986,16.811613,26.811178,2.714763,17.909206,3.721422,10.691532,23.475636,4.865404,8.402571,20.648115,5.97261,4.011605,28.998457,17.946001,24.875996,23.247282,9.315737,9.104621,13.674063,5.881635,13.87,26.192694,58.165222,16.80632,35.290714,13.798754,12.067064,12.129386,21.315653,34.061634,23.335384,33.87154,19.410969,33.032646,353.77277,51.992439,10.51544,16.738306,5.078009,63.020248,181.62856
19.779127,39.332867,2.08,16.080416,28.141722,15.741203,36.595394,13.950987,15.222231,25.746937,2.381986,17.909206,4.143658,10.888674,24.412653,4.652018,7.959527,20.414768,4.958943,3.229468,21.994083,17.631447,25.21151,23.197248,8.463109,8.002345,13.756347,5.351366,13.04,26.021555,54.538818,15.230728,33.628876,13.58674,12.116886,12.366444,19.169405,34.177704,24.101416,32.509907,18.374004,31.677973,339.27387,46.848396,10.345494,14.672417,3.788005,60.246185,171.00981
21.675421,38.72765,2.2,17.250425,28.828102,16.215843,39.909294,17.225798,15.19488,30.334068,2.793579,18.789539,4.106146,11.502576,24.477974,5.002539,8.364376,21.411903,5.265231,3.525924,20.100887,17.881481,25.351376,25.607027,10.05282,8.332161,14.228377,5.324313,13.94,26.731157,53.596531,15.706907,37.012375,14.635575,12.077028,12.706224,20.765379,34.299583,24.366266,38.237316,19.13673,33.170616,376.97098,55.304947,10.352574,15.7375,4.182261,60.805477,173.36954
21.279673,39.624046,1.91,17.146679,29.78046,16.435894,39.410427,16.476852,15.711505,30.324453,2.697248,18.486927,4.056133,11.507191,24.200367,4.914909,8.402571,20.633076,5.323115,3.141163,18.286573,17.542727,23.924706,23.897671,8.902777,8.475368,13.84064,5.032125,13.66,28.296457,56.537624,15.335768,34.399971,14.879742,12.49554,11.102142,21.387533,34.015209,25.139978,37.452301,17.834097,32.261238,365.37186,57.776188,10.359657,16.517948,3.942553,59.314415,165.716
21.477549,40.571827,1.88,18.063091,29.179869,18.115402,39.481689,17.879292,16.854156,31.336384,2.959968,19.073811,3.981112,11.424107,24.812725,5.289559,8.532427,21.689213,6.00497,3.38085,19.197315,18.21217,24.840853,25.431925,10.012609,8.566502,14.557118,4.858976,14.72,28.713871,55.852322,16.46319,35.970592,15.217192,12.575255,11.97135,21.907217,33.962975,25.098558,37.887627,19.788048,34.180347,382.77054,60.417496,10.76328,18.804199,3.989864,61.094448,187.07762
22.153614,38.767628,0.76,18.207182,28.776623,18.911472,38.840294,16.843983,16.899744,30.656141,3.213929,20.073353,4.038628,11.724133,25.474072,5.280669,8.70048,20.296761,5.904242,2.907783,20.351875,18.421877,24.994711,24.839905,11.44413,8.024043,14.50654,4.788635,14.62,30.671539,55.081348,15.966005,35.687969,15.683583,12.953908,12.026663,22.705042,34.293781,24.419325,37.930443,22.196209,33.929485,362.47208,59.343418,10.557926,18.381842,4.125487,59.412468,192.4258
22.104145,37.283154,0.74,16.731699,28.218935,17.40671,33.174595,14.442945,14.848436,28.285025,2.959968,16.643738,4.196172,11.908766,25.963959,4.794258,8.165768,19.181622,5.361857,2.60502,22.72555,18.220234,23.623989,22.079914,9.851764,7.633474,14.017651,4.539734,15.5,29.911854,53.322403,13.753171,35.214584,14.510288,12.854263,12.285473,22.302469,33.075016,23.914042,29.951853,20.087996,31.765779,326.22488,55.136566,10.692469,16.43531,3.538836,61.388611,173.8741
22.582342,36.078434,0.62,16.149578,28.502071,17.170479,31.856167,14.442945,15.675037,28.184608,2.81985,16.276932,4.11615,11.659512,25.735348,4.780288,7.936609,19.447128,5.284374,2.453639,21.986914,17.615314,24.617062,23.004709,9.320976,7.54234,14.717266,4.792877,15.27,29.31912,53.373802,14.488451,38.408203,13.805212,12.884157,12.325913,21.680315,32.314743,23.34663,28.553099,19.153872,30.636881,324.77499,56.613434,10.055169,16.32513,3.150889,64.345284,193.59016
21.840317,36.940575,0.51,15.942088,28.639343,17.115465,36.025265,14.87616,15.191841,27.659851,2.767307,16.212742,4.158662,11.142543,26.61714,5.058418,8.158132,19.199324,5.036427,2.472562,19.950291,18.429941,24.204449,22.808746,9.570285,7.572718,15.383172,4.804036,16.200001,30.212389,54.396049,14.299378,37.864162,14.08596,13.013696,12.350178,23.13689,32.076786,23.060858,28.660141,17.996925,29.708687,327.67477,53.811852,10.423388,15.599771,3.043651,63.839931,181.39568
20.883923,35.518906,0.53,15.942088,27.23226,16.717432,33.352768,14.075812,14.729918,28.291502,2.548375,16.680418,3.988614,10.560952,26.021111,4.817117,7.325512,18.898411,4.865963,2.302258,19.448309,17.574987,23.267324,21.428465,8.991243,7.451207,13.975505,4.865411,16.08,29.707315,53.796402,14.040277,34.847172,13.180614,12.455681,12.722218,20.984964,30.649088,23.657257,27.040165,16.454332,29.119152,301.57678,53.140541,10.557926,15.296775,2.498002,62.384232,165.49087
22.310263,38.858971,0.46,18.276342,28.261833,18.940598,35.490761,17.805866,17.595673,31.174419,2.924938,17.560745,4.151159,11.091768,25.86598,5.278128,7.928972,20.981188,5.478082,2.718556,21.520784,18.365417,25.428301,22.680941,10.237792,8.058761,16.006927,4.759399,15.95,30.208218,56.309189,15.398791,35.617321,14.363969,12.874191,12.697957,22.866072,32.779034,25.04472,27.004478,18.022635,32.374126,334.92419,59.119644,10.777441,16.47204,2.617856,64.956223,194.04816
23.950968,40.217842,0.44,19.76335,28.956797,19.972897,35.989628,18.268452,19.027029,32.975437,2.898667,17.881697,4.248686,11.728749,26.282383,5.342899,8.410208,21.240799,5.733778,2.920398,21.800461,19.744637,27.827072,23.055832,10.197582,8.358197,16.984705,4.988163,16.82,26.138432,57.902523,16.659264,35.935272,15.508003,13.412277,12.369008,24.783777,33.608952,26.096704,28.959881,19.745197,34.556652,304.47656,62.082329,10.58625,18.804199,2.772404,66.902199,202.95142
24.445652,39.509857,0.43,20.264784,30.312408,20.989016,39.196629,17.732443,19.735111,29.405798,2.942453,18.468582,4.496254,12.259563,26.306877,5.439419,8.776866,21.712814,5.842255,3.267314,21.94389,20.809299,29.456554,23.209198,11.009849,8.228007,17.21229,5.328518,16.32,27.257099,60.586636,17.114437,36.846722,16.262459,13.342525,13.497263,25.003357,34.386642,27.335062,28.103491,19.788048,35.121101,298.677,63.684513,10.718129,19.832554,2.851254,61.381073,195.81015
27.512695,43.477982,0.37,20.316654,30.544056,20.400057,42.617424,16.910067,20.409761,30.455315,3.100084,19.073811,4.556272,12.351882,25.376095,6.07442,9.334491,21.771818,6.105699,3.670997,24.382097,21.720715,29.680347,26.199812,12.891738,9.282546,17.61689,5.306201,16.15,26.902296,58.233757,18.325893,37.645123,17.359854,13.392347,13.321755,25.383972,34.079044,27.707819,27.382711,19.839468,37.015125,313.17587,64.176804,10.6236,21.448542,3.185584,60.611736,195.60835
26.185293,43.489391,0.31,20.040003,29.222776,20.720421,42.296722,17.11566,19.455524,29.713528,2.85488,19.99082,4.458745,12.716532,24.518799,6.27762,9.120608,23.406179,6.655831,3.68992,25.013163,21.688452,32.142052,27.946466,12.923906,9.143677,18.375511,5.345257,16.41,26.480705,57.262909,17.84971,38.387009,17.687243,14.588094,13.213111,26.386744,34.334404,27.28536,25.841232,19.282419,35.823517,308.82623,58.636299,10.470898,21.255724,3.321207,63.228989,148.02583
27.14168,44.134571,0.31,20.864197,29.428686,21.056969,42.225452,20.346415,20.03293,31.161467,3.117599,18.303522,4.571277,13.815091,24.95969,6.313181,9.624763,25.400452,6.911526,3.778226,24.740654,21.914289,36.785728,28.934814,13.141048,9.581983,17.119572,5.239245,16.200001,26.347136,58.250889,18.75305,37.122276,18.184731,14.847172,13.246542,26.540449,37.149174,27.500732,27.582535,19.856607,37.07785,308.82623,61.133556,10.180038,22.486078,3.318053,63.16864,117.32619
27.207638,46.561115,0.214,21.302225,31.093166,20.736603,46.501453,21.154102,19.428173,31.352579,3.108842,18.752857,4.693811,13.782779,25.12299,6.299211,9.777536,26.76931,6.950268,3.97376,30.205111,22.277239,36.561932,28.116873,12.256398,9.816326,18.426088,4.46926,15.51,26.580889,59.238876,18.795073,37.532078,18.417009,14.2493,13.146252,24.966766,37.764362,28.179964,25.855501,23.121765,38.275726,313.17587,60.865036,9.874639,22.293261,3.942553,62.859394,105.25591
26.020399,43.951866,0.219,20.149511,30.681337,20.535969,49.70845,20.779629,19.346119,31.420605,2.986239,18.569454,4.701313,13.17811,24.861715,6.397002,9.456712,25.087748,6.547355,3.803456,29.480825,21.083527,37.904682,27.869781,11.789947,9.317263,17.962488,4.368827,14.98,26.029903,59.678612,18.598993,36.45105,18.840422,14.219405,13.112821,25.296139,36.301849,28.097134,26.048185,20.919283,37.786537,323.3251,56.497074,9.838281,21.044546,3.863702,61.645065,93.822144
27.133438,47.297634,0.25,20.852667,33.392551,22.293142,59.044365,26.066319,20.364176,32.240131,2.986239,18.99128,4.768831,13.339664,25.980288,6.496062,10.258775,27.495029,6.958016,4.131449,30.993946,22.640194,38.7439,28.227634,13.205385,10.363123,19.370152,4.446941,16.690001,28.459251,59.273129,19.15921,38.860394,19.929583,14.66781,14.157501,27.748169,36.296043,29.202961,26.947386,21.690578,39.987881,387.12018,62.664139,9.925537,22.49526,4.396736,62.007099,99.224663
29.961382,47.126362,0.34,21.313755,33.092255,21.882166,63.92614,27.564211,20.324671,33.688068,2.933696,23.952307,4.656301,13.298121,27.62957,6.4986,10.732373,28.999584,7.45391,4.440519,32.858463,22.075603,38.219391,29.35231,13.253638,10.528031,19.538733,4.32419,17.08,28.321501,59.958435,20.433685,39.863693,20.342939,15.574584,14.525229,28.677742,36.661674,28.279367,28.274778,22.221918,41.674938,368.27164,63.031109,10.070969,22.908436,4.346271,63.500519,87.884041
29.681061,46.37841,0.31,20.322416,33.65852,21.68153,59.258175,26.609673,20.458384,33.54554,2.837365,22.57679,4.656301,13.021174,27.833693,6.223011,10.801124,27.400629,7.306693,4.320676,32.890457,22.995081,37.002522,30.664425,12.240314,10.250293,18.88969,4.391145,17.200001,28.463425,60.735115,19.70541,38.591904,20.530411,13.88061,13.806489,27.579815,36.092911,27.749233,26.269417,22.710405,39.843632,353.77277,60.659172,9.794653,21.264906,4.352579,58.922203,83.925293
28.782387,46.760952,0.224,19.682657,33.795799,20.600687,54.412048,25.214575,19.926565,32.275761,2.881152,22.35671,4.553771,12.864237,27.262157,6.325881,10.205302,26.698507,6.741062,4.118834,33.007092,22.785378,35.051342,29.233027,11.251117,10.007271,18.535669,4.173542,16.549999,27.79974,63.059437,19.397295,39.354984,19.339737,14.169582,14.16586,27.967754,36.098721,27.393049,25.898321,22.333326,37.755184,336.37408,57.419006,10.107326,20.686457,4.19803,56.59156,84.95768
28.732912,49.655678,0.225,21.6077,35.288689,21.25437,59.115635,29.186935,21.105682,34.510838,2.968725,26.529106,4.661302,12.873466,27.360134,6.832612,11.137224,30.200054,7.508149,4.642361,34.989849,24.882437,39.555145,30.911512,12.658512,10.245952,19.665173,4.407885,17.030001,28.359074,64.709885,20.734795,38.945179,20.676725,14.438626,14.625516,30.763796,36.609436,28.561003,27.368439,24.930025,40.602497,355.22266,60.265339,10.856285,21.935173,4.447201,55.362141,87.488152
29.804733,49.198914,0.213,22.70854,35.98365,21.519728,59.685776,30.325041,21.370077,35.518238,3.038783,25.17193,4.701313,12.065705,27.31115,6.781811,11.083754,31.025261,8.143516,3.481771,35.837383,25.584148,40.478287,31.823187,12.368989,10.180858,20.440649,4.240497,17.5,28.922575,63.293579,20.58074,39.001709,20.675814,14.617988,14.391508,29.329176,35.309422,28.610703,27.810902,24.852898,41.743931,346.52332,62.65519,10.979901,23.064526,3.816392,53.159718,90.756058
28.609243,47.788666,0.184,22.570213,36.352577,23.260721,58.011009,29.517349,22.412447,34.274376,3.04754,24.713425,4.783836,12.439585,26.355867,7.332991,11.053199,30.155275,7.934308,3.324082,35.184235,25.205065,39.750957,31.89987,11.926667,10.068027,20.415358,4.402305,18.42,29.010235,63.127972,20.160585,38.259827,19.670782,14.269228,14.307936,28.677742,35.587997,28.527868,29.259609,24.595798,41.110497,333.47433,60.131073,10.827198,22.403439,3.706,55.052883,89.265709
25.970928,44.557068,0.168,21.037102,35.949333,21.548851,50.599281,26.910717,20.105867,32.10408,2.802336,22.420902,4.646298,12.042624,26.902905,7.086612,9.800452,28.018688,7.407422,3.160085,31.669697,24.971161,35.883564,28.798492,11.19482,9.1133,17.979345,4.128904,17.809999,26.676895,61.471817,18.991142,36.118973,18.995884,14.050009,13.789774,27.038174,34.6478,25.512726,26.533466,22.367607,38.551678,304.47656,54.814339,10.223669,20.108006,2.974262,51.251457,85.881371
28.229992,45.282188,0.161,21.642281,35.597553,21.403229,49.530285,26.874008,20.184877,31.219776,2.837365,26.89591,4.723819,12.102632,28.519529,7.493011,10.556684,30.372774,7.949806,3.1727,34.546646,25.205065,39.002655,29.105225,11.420005,9.599342,19.437586,4.273973,17.18,27.11935,60.141182,19.35528,34.995552,20.393232,14.468518,14.132428,28.201969,34.415661,26.047003,27.675304,20.182266,38.858986,310.27609,56.35387,10.638142,20.998636,3.122502,50.912045,84.748085
29.49143,48.01704,0.182,22.916029,36.815884,21.65888,49.81535,27.696381,20.847372,32.677422,2.907424,26.684999,4.841352,12.314957,29.360508,7.734313,10.946257,32.682072,8.6859,3.235776,36.412769,25.979362,39.261414,30.246929,11.69344,9.729533,19.892757,4.435783,18.200001,27.607727,61.157719,19.964508,35.687969,21.097393,14.966745,14.516872,29.46093,35.854965,26.751085,27.689581,20.062286,40.044327,307.37634,55.521442,11.016256,21.889265,3.314899,49.026409,74.827957
29.120417,47.480343,0.171,22.979429,37.811138,21.202595,46.715252,27.035543,21.257629,31.783398,2.802336,26.13479,4.751327,12.379577,29.205376,7.886715,11.083754,31.991199,8.58517,3.513308,33.986816,26.664938,38.226383,29.556789,12.505708,9.291224,20.052914,4.195859,17.84,26.810472,59.410194,20.020529,35.70211,20.334705,14.538271,14.040498,28.524033,36.052292,26.564713,28.831425,19.44525,40.201115,313.17587,56.416519,10.718129,22.320803,3.318053,50.044655,72.965027
31.198095,47.154903,0.166,23.394411,37.570911,20.891933,44.434727,26.147089,21.044907,31.057802,2.793579,25.217777,4.926376,12.36573,29.246193,8.039113,10.824037,31.792902,8.251991,3.595307,34.546646,27.245665,36.778728,29.548273,12.352906,9.204432,21.047548,4.167961,17.84,27.323885,59.998409,20.65777,37.729912,21.160492,14.717632,13.948565,29.643913,36.034874,26.58128,30.698036,19.239571,41.217113,321.87521,57.114674,10.616327,22.467714,3.254972,52.367752,66.879417
31.099152,48.302509,0.168,24.143681,39.672958,21.196121,44.612888,27.54953,21.825924,32.172108,2.732277,27.74873,5.286477,12.818078,30.225965,8.488695,11.328192,32.848392,8.972586,3.519616,37.027035,28.54423,37.205334,29.607916,12.658512,10.115762,22.733374,4.184701,17.959999,27.215353,60.649445,21.37904,40.012085,22.015547,14.647882,14.082284,31.041935,37.143375,25.765369,32.662777,18.948193,39.824814,352.32288,57.982895,10.783571,23.248161,3.475755,51.31934,62.400616
31.099152,48.302509,0.184,24.806492,38.463211,20.529493,42.296722,26.719812,21.385275,30.941198,2.811094,28.519018,5.08392,12.725763,29.744247,8.224535,11.389303,32.50296,8.716891,3.374542,36.544956,29.33466,35.652782,29.897606,12.730893,10.172179,22.531076,4.195859,17.43,26.518278,59.764259,21.154953,40.570251,21.488798,14.936852,13.831561,30.522249,37.369717,25.413328,31.804611,18.716801,38.758636,410.31839,57.732273,10.521799,22.458529,3.321207,49.833462,63.39418
31.799961,47.959953,0.17,24.77767,39.372665,20.675117,42.082924,27.468756,22.333435,32.327591,2.942453,28.152208,5.0114,12.993479,30.789333,8.426465,11.39694,33.648014,8.701396,3.273621,37.516891,29.697613,36.2752,29.795368,13.374272,10.185198,22.252914,4.441361,17.139999,27.056742,60.820782,20.552734,42.301304,21.231823,15.405186,14.216003,32.725414,37.990711,26.676538,30.810953,18.468275,38.708466,417.56784,60.310093,10.485442,23.321615,3.535681,51.900112,59.187038
31.668041,50.003956,0.171,25.284864,39.544262,20.788378,42.474892,27.96806,22.743696,32.55434,2.924938,28.01466,5.211455,13.17811,30.773008,8.276603,11.786514,34.37727,8.833118,3.343004,37.400257,29.737944,36.645855,29.820927,13.052582,10.376143,22.404636,4.530635,16.950001,27.094309,62.134277,21.238987,42.004555,21.326017,15.504832,14.458368,32.198418,39.377781,27.103128,30.140989,17.885515,40.088223,455.26495,61.285717,10.63087,24.13879,3.728078,52.805214,59.691593
31.140385,49.758438,0.17,25.048561,39.406982,20.58127,41.940392,27.659666,22.628212,32.016624,2.968725,27.409435,5.146436,13.491984,30.160654,8.229615,11.885818,34.492413,8.778879,3.462848,37.501347,29.383051,37.450104,30.246929,13.149091,10.198215,22.202337,4.497158,17.040001,27.198666,62.060028,21.161959,41.333324,21.201647,15.564619,14.307936,32.747372,39.44162,27.335062,30.103348,17.782675,40.270096,445.11572,61.258877,10.5727,24.23979,3.683923,52.435631,59.769218
32.64917,50.238041,0.171,25.371325,38.077118,21.13464,48.532551,34.4002,22.448917,34.465492,2.911803,31.251709,5.056411,13.491984,29.495222,8.539495,12.504555,35.663059,10.018615,3.916992,39.771797,28.818459,39.911804,31.524979,13.856809,11.001054,24.027248,4.397283,17.540001,27.290493,61.59174,23.577869,42.209457,21.229994,15.614442,14.479262,32.410679,39.464828,28.449175,34.657627,20.040861,41.988529,552.40747,65.080826,11.048978,25.773142,4.333024,54.92466,59.031815
32.084396,48.399578,0.173,23.956366,36.614258,20.471247,46.765141,30.895952,22.178448,31.420605,2.874146,32.379631,5.018902,12.857314,30.152483,8.128013,12.10734,35.311226,9.522721,3.578276,38.877617,30.036366,39.492203,30.971153,13.844743,11.040111,24.752153,4.401189,16.885,27.670343,60.620895,23.507841,42.343704,21.312304,16.102703,14.458368,35.880112,39.534477,28.246229,32.866024,19.209576,41.662399,588.36469,60.882935,11.928827,24.473925,4.421968,54.871868,56.384888
30.423088,46.469761,0.161,23.322367,36.622849,19.869345,43.75769,31.237629,20.774441,29.172575,2.93282,31.416769,4.90587,12.709606,30.511732,7.785113,11.011187,33.641621,8.670402,3.390311,34.982079,29.5847,38.14246,29.944468,12.771102,10.150479,23.54257,4.148433,17.5,27.369799,62.534042,21.119944,41.863243,19.798811,15.893448,14.62134,34.452816,38.925095,27.413754,31.902473,18.198318,40.627586,560.81683,60.211624,12.074254,22.541166,4.188569,53.861172,53.986355
30.43133,45.915936,0.155,23.760399,36.271072,20.037615,40.172981,30.372026,20.315552,28.748234,2.955589,35.12149,4.679808,12.305723,29.911623,7.835914,11.305277,33.520081,8.282985,3.263529,34.033459,29.746008,37.722847,30.57922,12.960096,10.089725,23.167475,4.127788,16.879999,26.927341,61.962944,20.468697,41.962162,20.233194,15.734016,14.863706,33.819679,37.282658,27.401335,30.728149,17.564142,40.78437,587.63977,57.472706,12.190597,21.363293,4.229572,55.822227,49.119434
29.00087,44.311562,0.155,22.725832,35.413094,19.364519,39.160995,28.674999,19.643938,27.977295,2.77081,34.433731,4.606787,11.816451,29.487053,7.708913,10.644528,31.434662,7.973052,3.056641,32.206215,28.463575,35.764671,31.401432,12.425286,9.586324,22.501577,4.067529,15.65,26.109211,60.678013,20.384666,41.608887,18.486513,15.121197,14.654769,32.202068,36.359879,27.653975,30.709326,17.371319,39.64077,537.90857,57.096775,11.685232,20.475868,4.170275,52.420547,48.599358
29.866568,45.07093,0.152,23.169632,36.747253,18.769085,40.073208,25.223974,19.729031,28.527962,2.86101,38.606129,4.711315,11.950309,30.16473,7.993392,10.487936,33.43692,7.65072,3.418695,30.71331,29.512104,35.925529,33.101219,11.862328,9.48651,22.682798,4.017312,15.65,26.572542,61.848747,22.989645,41.319202,19.044357,15.634372,15.277398,33.69891,37.178196,25.935177,32.357903,16.82284,39.942883,604.60346,57.213135,12.030625,21.335417,4.009419,56.191814,48.358727
30.88479,46.95507,0.153,24.241659,38.034218,19.697832,41.612568,25.182217,19.631784,31.038378,2.966973,40.852798,4.877362,12.430351,30.43417,8.211833,10.904244,34.543594,7.841329,3.544846,31.413113,29.689552,38.58305,33.335526,12.079471,9.707835,23.454067,4.000574,15.74,27.240404,63.447777,24.334154,40.096867,19.963417,15.868537,15.214718,35.550732,37.578648,27.256369,34.416733,17.499866,42.404591,603.15356,59.253902,12.448735,22.385464,4.636443,56.568943,49.026276
30.002602,48.416714,0.15,23.769045,38.630512,19.277143,39.032715,25.592236,18.635002,30.212366,3.055422,43.099483,4.72632,12.072627,31.311882,8.202944,10.480296,29.624331,7.345434,3.218115,29.09989,30.512239,36.156303,32.892483,11.186779,9.512548,22.758663,3.946451,15.6,24.126499,64.904045,23.756433,40.570251,18.984911,15.973166,15.160393,33.662315,36.145145,27.136267,33.588684,17.242767,40.879482,601.70367,58.00975,12.405106,21.604898,4.573362,54.381603,49.313488
30.43133,50.249466,0.135,24.84107,38.634804,20.946945,41.740845,27.714483,20.048126,33.007832,3.240201,48.784935,4.841352,12.402658,32.414124,8.670305,11.515342,30.264025,8.097024,3.349943,31.879641,30.891321,37.939648,32.321621,11.995025,10.159158,25.620352,3.912973,16.1,25.462221,66.246109,25.594624,40.980053,20.438961,16.381712,15.469621,36.290009,36.563004,28.229664,35.628693,18.96533,43.780441,701.31097,60.891884,12.510542,23.268242,5.10955,55.430016,55.391315
31.602085,50.295147,0.135,25.506765,37.969868,21.060209,43.422733,28.295345,20.38241,34.258179,3.676315,47.446102,4.943881,12.501896,32.422291,8.589025,12.664966,31.677755,8.453447,3.329759,32.423927,30.584831,39.163509,33.740242,12.517772,10.289348,26.577063,3.849367,16.905001,25.366213,66.588753,26.781452,40.768093,20.82305,16.416588,15.783024,37.036591,37.137569,27.749233,34.906029,19.350981,44.37751,696.23639,61.106701,12.608706,23.551657,5.122166,55.286709,57.774323
32.236927,50.774738,0.148,25.532703,37.849754,20.74955,45.118881,27.980232,20.89296,34.990242,3.563345,46.373203,4.946382,12.13494,32.720299,8.401063,12.966692,30.049725,8.298482,3.332912,33.75354,30.730013,39.247425,33.131042,12.473539,10.66256,26.87208,4.213715,16.42,25.144985,66.588753,27.084484,40.937668,21.417467,16.96962,15.96689,36.670612,37.149174,28.49474,33.743,18.048346,46.25956,695.94641,60.095264,12.354206,23.319349,5.182092,56.17672,58.302155
33.0243,52.670292,0.152,26.080242,38.34309,22.134577,47.63459,29.422907,21.260675,37.490932,3.704338,45.850513,4.936879,12.321879,33.712326,8.779524,13.253146,31.920839,8.007918,3.443295,31.654156,31.730145,43.184765,33.591133,13.75226,10.784072,28.532618,4.314704,16.32,24.802706,68.416245,27.202143,40.909393,22.103338,17.178875,15.879137,38.178436,37.433559,29.231953,34.333931,19.008181,47.570503,659.69922,61.706417,11.95064,23.853662,5.514528,60.219521,56.322777
33.094383,53.669456,0.146,27.088873,38.141476,22.752663,45.46096,29.043261,21.51899,37.639942,3.874229,46.94175,5.0114,12.739611,33.969517,9.455166,13.451753,32.029583,8.027289,3.519616,32.734947,32.786747,44.597443,33.578358,14.524316,10.979356,29.527256,4.442477,16.940001,25.044806,69.501305,28.1469,39.672935,21.842705,17.143999,16.075531,39.327595,38.466606,30.122414,33.366615,19.012466,49.154026,693.19165,61.831707,12.056074,24.039515,5.363135,60.483509,55.577602
33.902367,53.42395,0.144,27.071583,37.854042,22.561735,45.197273,28.006807,21.491638,37.62698,4.156215,46.391544,5.021403,13.081182,33.810307,9.761237,13.596887,33.32177,7.864573,3.652075,34.356148,33.117439,45.303783,34.93309,14.540401,11.330871,29.18166,4.396167,16.6,25.700146,69.586975,29.277063,39.566948,21.463192,17.318378,16.21343,39.393467,39.371983,29.820076,32.542336,20.46936,48.569935,843.83502,62.100231,11.863383,24.680689,5.322762,60.264778,55.003197
33.918858,52.721672,0.153,26.483696,37.841171,23.014784,45.361187,29.916454,22.208839,36.272984,4.200877,43.23703,5.001397,13.095028,33.908276,9.644397,13.268423,32.029583,7.794838,3.570707,35.343643,32.496387,44.282738,36.377262,13.993526,11.05313,28.427246,4.362689,15.95,25.266033,68.930214,28.899151,39.072369,22.82579,17.452902,16.07971,38.866463,38.809025,29.820076,32.504696,20.289389,46.162216,900.52563,59.978928,11.852475,24.15102,5.412338,58.756275,56.237396
36.684959,51.031666,0.164,27.521141,38.05138,24.127985,43.650787,31.575523,23.624994,34.834759,3.957424,47.987141,4.958384,13.035022,34.324684,9.652016,13.486125,33.926926,8.004044,3.68992,37.322506,32.754478,44.61842,36.594536,14.974683,10.983695,29.7127,4.363805,15.81,27.0749,67.673828,29.013233,39.828369,23.776865,16.984568,15.711983,39.269047,36.35408,30.648411,33.02787,20.627903,47.265484,884.86688,57.231033,11.637966,23.175318,5.27356,61.471577,57.176632
36.408768,49.398739,0.14,25.348267,36.554203,24.030901,42.289597,32.293068,23.59157,33.85651,3.799793,48.234726,4.890865,12.813465,33.246929,9.494535,13.002095,33.242542,7.922686,4.006559,36.362228,32.881794,43.520447,36.718079,14.134268,10.892563,30.066723,4.188606,15.35,26.247499,60.649445,27.12014,39.566948,23.365604,17.278521,16.196714,38.515137,37.907379,30.006445,32.617615,21.099253,48.245438,913.42969,54.89489,11.078064,22.87796,5.267882,59.420006,56.25552
33.160339,43.774876,0.134,24.539076,36.045105,22.963003,40.664719,29.476063,21.789455,29.988276,3.629901,42.370461,4.276194,11.382565,31.728283,8.652525,11.48363,29.299015,6.717818,3.652075,32.948776,30.151186,38.359257,33.246067,12.473539,9.794626,26.770933,3.810868,14.5,25.258869,60.779415,24.948965,39.143021,21.059666,16.576021,14.968173,35.708111,35.646172,28.660404,30.592653,19.625217,44.293144,771.63055,49.658707,10.343647,20.991596,4.591024,55.912743,51.559631
34.768169,49.985359,0.136,26.562054,38.042526,24.995243,43.472626,32.122219,24.661289,31.919838,3.93378,48.023823,4.854582,12.534393,32.43045,9.448473,12.652576,32.873775,7.012255,4.528825,36.307312,31.295748,41.142666,35.51672,13.868874,10.02897,29.375532,3.912973,15.05,25.823195,63.186523,26.350063,40.980053,22.330954,17.143999,15.310826,37.475765,36.510212,29.11599,30.57007,21.150671,47.998829,845.42987,48.092327,10.456355,21.056641,5.075486,58.726097,55.041889
33.263374,48.659065,0.129,25.137592,36.385273,23.315739,42.68869,29.202707,23.600685,31.422215,3.788409,46.052029,4.788335,12.092005,31.695284,8.738473,12.066161,28.388718,6.389288,4.585593,32.662159,29.799627,38.322048,33.131042,12.86761,9.37368,27.301962,3.644037,14.875,24.991558,61.321011,25.087996,39.566948,20.530737,16.227261,14.755058,33.560444,35.296875,28.486452,28.290783,20.662184,46.142738,755.39185,46.123158,10.318197,19.91832,4.508389,53.944141,53.344379
33.620865,48.929127,0.253,25.646332,38.456829,24.569529,41.370262,28.936953,24.494148,31.739769,3.884738,46.482162,4.970788,12.207517,33.727825,9.382154,12.621508,29.900349,6.728631,4.502964,33.660191,30.985077,37.511421,33.514446,13.313956,9.399717,27.875147,3.890067,14.5,25.118851,62.193581,26.703012,41.824795,21.342688,17.009478,15.553195,34.046402,36.007729,28.734949,28.048758,20.820728,47.66785,833.68579,46.758671,10.830835,20.466574,4.57967,55.064804,54.867378
33.990829,47.764854,0.25,25.580492,38.988899,24.849949,39.574341,28.773706,24.54277,31.268654,3.798917,47.360928,4.997397,12.057595,35.640087,9.099975,12.551604,30.631243,6.647149,5.008199,34.077343,31.745403,36.442535,33.718937,12.68264,9.37368,27.875147,3.887168,14.13,25.381922,61.080303,26.150417,42.267853,21.927292,17.542582,15.728698,32.393402,35.707451,30.02301,28.014729,20.319386,47.181114,801.20831,44.623924,10.830835,19.881151,4.597964,54.808971,53.939301
35.661896,48.821087,0.22,26.867294,39.826241,26.141195,41.21347,32.201946,25.974129,31.923546,3.876857,45.316643,5.106543,11.50215,36.556801,9.575909,13.161317,31.91696,7.084338,5.235271,35.094856,33.086178,37.446861,33.412212,13.535119,9.603682,30.579647,4.261102,15,25.437077,61.832527,26.752928,43.648727,22.368067,17.492758,15.143682,32.474407,34.432842,30.068575,29.746742,21.034979,48.251942,792.21899,44.024212,10.681769,19.56521,4.507127,56.483479,55.232258
35.32103,50.633518,0.186,27.66033,40.140247,26.545527,43.665043,33.849636,26.20813,33.529194,3.848834,46.713413,5.241755,11.841315,36.639774,9.352246,13.565207,32.810654,7.342888,4.894663,35.165043,33.952774,38.601833,34.813797,14.576591,10.180858,32.137302,3.981667,14.665,26.302664,62.885639,27.836737,45.923096,21.955132,16.690613,15.812847,34.5839,34.990486,31.568209,30.140028,21.87912,50.14048,790.47913,47.684013,10.5727,20.438696,5.029437,56.909855,57.51675
34.398209,49.217182,0.224,27.627405,39.778263,26.320536,42.389374,32.604374,25.536512,31.315199,3.608007,45.880898,5.288998,11.261292,36.585846,9.304133,13.157436,30.893707,7.469031,4.738236,31.983814,32.914494,36.291889,35.214252,13.671836,10.224252,30.524015,4.232115,14.91,26.213554,62.855541,26.913361,45.251125,21.282375,16.436516,15.396498,33.700336,33.795532,31.190191,29.99633,21.124962,48.751652,754.81189,45.344791,10.907187,19.792871,4.778375,54.731457,56.247604
32.236633,48.274967,0.18,26.238855,38.548416,24.706478,42.182697,32.885319,24.481987,29.955544,3.630777,43.850487,5.177135,10.882802,35.631786,9.475782,12.617624,29.461809,7.225366,4.624069,29.496527,31.679998,34.304764,33.936211,13.531097,9.868401,29.706676,4.206026,14.68,24.766674,61.922794,24.945398,45.22897,19.890459,15.370311,15.379506,33.946999,32.692516,30.123354,27.969349,20.100851,46.545109,648.53503,42.479256,10.58724,18.761414,4.447201,51.83984,54.161411
33.778831,50.357445,0.16,27.37903,39.542759,25.531446,44.855198,35.072102,25.305548,32.744656,3.865473,43.75798,5.41552,11.175271,35.030331,10.085653,13.627343,28.362141,7.818467,4.959631,30.404894,31.908909,34.918118,35.265362,15.634147,10.50633,32.282795,4.498796,15.4,25.415859,64.089188,25.373213,44.822826,20.359072,15.953237,15.953044,35.360687,33.654594,31.265795,29.319405,20.769308,47.518585,700.73102,44.503574,11.088972,20.062355,5.025021,54.382599,56.025482
32.968239,50.891575,0.173,26.909193,39.568935,27.487877,44.39909,37.163982,26.165581,31.690844,4.092287,46.482162,5.451903,10.703389,35.104988,9.839883,13.231223,28.903667,8.101309,4.603254,28.876652,31.508316,34.017818,35.934208,16.374033,10.319727,30.750818,4.464011,14.86,26.408739,63.21661,24.232363,44.350235,20.646734,15.445045,16.14423,34.834248,32.067463,31.290997,29.421515,21.197807,48.174061,651.57983,43.477928,10.914456,20.001953,4.979604,54.266319,56.993217
35.37923,52.115845,0.169,27.956596,41.413708,27.38353,45.909943,38.132092,25.822178,33.077091,4.009968,48.748459,5.544216,10.966364,34.117752,10.352229,14.330263,29.777422,8.273679,4.867541,30.362015,32.836826,35.316261,37.114269,18.336344,10.831808,32.950363,4.695908,15.7,26.531784,63.848476,25.312603,44.054852,21.866978,15.026534,15.383749,35.224472,32.784431,31.370798,30.930408,22.419029,49.595337,642.01056,46.640366,10.994443,21.72105,5.145506,57.305225,58.81765
34.552006,53.472149,0.192,26.819418,39.643074,26.940079,49.459019,37.167778,25.147528,35.636822,4.143954,47.915936,5.598517,11.25392,34.930767,10.150671,13.487536,29.106331,8.328523,4.748328,30.131994,31.136318,35.685707,37.063148,18.473064,10.827469,31.53392,4.655326,15.77,28.980028,63.968838,24.866957,44.453617,20.809118,14.204459,14.869682,33.818146,33.207256,29.434534,30.813175,22.80896,48.537487,613.88275,46.136532,11.093163,21.158861,5.098194,59.584423,57.683327
35.848957,54.138302,0.194,26.780516,37.619488,28.629126,50.72044,37.387974,24.898335,36.966557,4.432945,56.426105,5.514349,11.335024,35.673264,10.436752,13.887543,30.461809,8.528314,4.765989,29.699253,31.872118,37.045132,37.403957,18.115185,11.113886,34.353962,4.565466,16.1,28.903648,64.450249,26.054161,45.812332,21.458683,14.697704,14.924914,34.952049,33.862942,29.426132,33.358253,22.620422,49.543427,601.84863,49.762314,11.130624,22.064873,5.110812,59.584423,57.477089
34.901188,51.863792,0.189,26.214916,37.357819,27.315052,48.596691,34.954414,23.792143,35.171413,4.095789,56.194843,5.693545,11.155612,36.287186,9.954317,12.784616,30.485064,8.034714,3.911946,26.716848,31.500141,35.599625,36.125923,16.454458,10.645201,32.809135,4.348063,16.08,28.767874,63.878555,23.847322,45.664639,19.997168,14.104813,14.784714,33.067123,32.612846,29.283327,32.011971,21.214949,48.673771,559.65692,45.686684,10.767221,21.507328,4.902014,58.878952,56.858372
34.103069,49.48724,0.181,25.466776,37.056892,27.305273,47.948166,34.810146,23.843803,33.801788,4.002087,55.038578,5.487198,11.135948,36.847179,9.943913,12.51277,31.192705,7.818467,3.858332,26.143763,30.445496,37.841408,35.367607,16.370012,10.849166,30.917709,4.271536,16.004999,28.534502,61.952885,23.900805,46.299694,19.797661,14.030079,14.725236,32.967728,32.710896,29.396736,32.238865,21.137817,47.622425,552.26245,44.184185,10.729757,20.940489,4.775852,58.623131,57.135998
33.292469,48.869106,0.193,25.152554,36.939148,27.233536,44.684155,35.983265,23.342373,33.336388,4.102795,54.798077,5.650105,10.973739,37.116791,9.960818,12.547719,31.103012,7.472165,3.824902,24.75198,30.555866,36.822746,36.17704,16.426308,10.922941,29.843607,4.252985,16.5,29.277037,60.598877,22.567432,45.487411,19.853342,14.035062,14.470328,31.590847,32.116482,29.220329,31.380428,20.966417,46.88908,527.3244,42.983086,10.658576,20.22497,4.776483,60.848049,56.95356
34.69334,50.735531,0.219,25.9396,37.902966,28.756294,45.525105,39.14196,25.317705,33.249958,4.439951,57.44363,5.628384,11.271124,36.108814,10.343126,13.351613,32.205997,7.960281,4.092342,26.915684,31.26305,39.261814,38.004635,18.211687,11.304831,32.017471,4.195591,16.450001,30.134132,61.952885,23.373159,46.447376,20.572495,14.453573,14.466078,33.181244,32.618973,29.976351,31.830442,22.389032,48.433655,553.71234,45.14687,10.890854,20.96372,5.357457,62.964436,58.309971
35.229584,50.47147,0.174,26.152071,37.942215,30.132318,44.805313,40.941505,26.609274,31.714113,4.35413,59.062416,5.671825,11.430876,36.63562,10.592796,13.825406,32.930248,7.913271,3.9151,27.250954,32.060158,40.072445,37.122787,18.581633,11.404642,33.249905,4.220519,16.735001,30.668762,62.013062,23.558544,50.213387,20.567858,14.717632,14.359866,34.366688,32.759922,30.064556,32.518719,21.930538,49.186474,544.28809,46.145531,11.025726,21.5352,5.216788,62.631088,61.728775
35.753349,50.363449,0.165,26.795477,36.869362,30.918148,45.061867,42.946053,27.031683,30.710163,4.553797,59.145664,5.609377,10.641947,36.361851,10.644814,13.891425,33.275761,8.109145,3.8,27.562841,32.468929,43.759739,37.058884,19.297394,11.465399,35.055759,4.029205,16.594999,30.456602,61.200668,24.350014,51.003506,20.744164,14.403749,13.930771,35.261292,31.252445,31.047392,32.673763,22.144787,50.069088,591.84442,45.776653,11.239272,21.809328,5.204802,60.902325,62.982075
38.197598,50.789543,0.161,28.07929,37.069973,32.835461,44.235176,42.870132,28.037592,29.947107,4.668517,60.681194,5.549646,10.666524,36.930138,10.676022,14.209878,33.787392,8.242339,3.49,28.19441,32.681499,45.015144,37.212254,20.0212,11.769176,34.876026,4.203127,16.5,26.731205,61.561729,24.752876,50.589985,23.077948,13.496975,13.998746,35.692009,30.884766,30.904585,33.600277,21.883404,51.451424,593.00433,43.581383,12.172132,21.841852,5.418646,59.910011,64.536797
37.88583,49.871338,0.187,28.052361,39.848049,32.150703,42.902489,43.257378,27.663799,28.999876,4.73157,62.392467,5.457333,10.624743,37.987885,11.105142,14.136089,33.634567,8.305017,3.507,27.523857,32.211403,45.947727,36.892738,19.944794,11.816911,35.78751,4.339367,16.555,25.840168,61.080303,24.656618,51.173347,22.31703,12.963873,13.663115,36.115402,30.366966,30.736578,32.889313,21.900545,49.790028,616.05756,42.443268,12.209595,22.794327,5.474788,60.747276,62.315762
38.945839,50.681519,0.18,29.165592,39.769547,32.652859,45.225784,43.006794,27.615179,29.619219,5.001294,60.866203,5.383482,10.462532,37.444496,11.526462,14.244828,35.249187,8.352027,3.13,27.258753,33.682983,45.732513,36.93108,19.985008,12.4939,39.784351,4.440242,17.27,26.082022,62.374123,24.845572,50.213387,23.667187,12.30123,13.722594,34.035347,29.904301,30.854176,34.889828,21.609165,49.971748,606.34332,44.616043,12.363199,23.760738,5.658353,63.600132,63.73563
39.020653,52.769993,0.179,30.506264,40.838039,32.248528,45.753155,45.937698,29.007021,29.728516,5.166808,57.906136,5.487198,10.836108,37.705811,11.98029,14.780758,36.332241,9.421495,3.2,27.484869,34.050892,45.56752,37.489166,21.577374,12.901829,40.05394,4.521985,17.530001,25.92503,64.690956,26.403545,50.39061,24.084764,13.003731,14.385357,36.789116,30.400665,32.05542,35.109158,22.277624,52.606621,611.8529,48.484749,12.666661,24.796846,5.646369,66.476234,65.123779
38.974937,53.670208,0.17,31.583586,41.657925,32.626762,46.066727,47.995403,29.967344,30.672104,5.426899,53.947056,5.460048,10.976196,37.573082,12.11943,14.955517,36.159489,9.942516,3.571,28.553078,34.933838,45.510128,36.211124,21.227537,13.14485,41.025333,4.44488,17.395,25.751066,65.954689,27.312656,48.367302,23.328487,13.247862,14.844193,37.433365,30.841875,31.954618,35.037315,23.661671,54.177158,542.25824,48.583714,12.621702,24.64352,5.432524,65.538216,67.646225
38.966618,54.036274,0.167,31.290316,40.829315,33.591942,46.145119,47.395561,28.827728,30.180271,5.42865,55.732346,5.652819,11.059759,37.971298,12.54335,14.594348,34.770786,10.079627,3.307,29.305494,34.647697,44.656452,33.93195,21.046585,13.344474,42.792675,4.419371,17.219999,25.394646,67.609573,26.353628,50.767208,22.16856,13.566728,14.274896,38.110756,31.558842,31.475807,37.824417,22.924656,53.268581,474.1135,46.41544,12.737843,24.569181,5.295008,64.887001,74.848709
38.492737,55.632648,0.157,34.217056,39.307259,35.25491,47.206993,46.469212,29.745493,30.402496,5.414639,54.437321,5.54693,11.118744,36.283039,12.743606,15.219596,37.295704,10.577145,3.369,32.638775,34.431046,44.34798,35.738247,21.199387,14.112596,44.470142,4.348063,16.51,24.77516,69.02375,28.082726,60.40374,22.813477,13.158182,14.117702,38.633533,31.430149,31.3414,39.745506,24.300135,54.449722,511.08563,49.492405,12.711616,25.377621,5.129735,68.205009,76.942833
40.612747,54.000267,0.16,33.588608,40.105354,36.057049,44.349205,45.315075,30.31682,29.451632,4.986406,52.957291,5.489913,11.140863,36.971611,12.353495,14.656484,38.17942,10.796522,3.389,32.046185,37.549992,44.93623,35.495419,21.376316,13.917312,43.460239,4.232115,15.84,24.804863,67.639671,27.048838,64.598045,23.12434,13.402313,13.463436,38.147575,30.578377,30.862583,37.797935,23.653101,55.812595,507.46091,47.639034,12.363199,25.819012,4.989696,69.918266,79.401825
39.993374,54.654423,0.153,34.35471,39.708488,36.957008,43.472626,45.596012,30.839529,29.458916,5.136157,54.344814,5.489913,11.256376,36.61903,12.82553,15.002119,38.299023,11.685786,3.524,33.605606,38.486088,44.979275,35.559319,22.984768,14.103916,44.512943,4.301684,16.1,25.076424,68.090996,27.875952,63.320557,22.433023,14.204459,13.412455,37.013676,30.504841,30.698776,37.260948,23.567402,55.481617,506.01105,46.640366,12.674153,26.381205,5.224356,68.608131,85.70797
40.691723,52.151855,0.151,34.929283,39.691048,38.639538,41.626816,45.603603,31.325762,27.885056,5.038951,51.93977,5.412806,11.131033,37.253681,12.945162,14.458424,37.421944,11.685786,3.498,33.196262,38.804928,42.798458,35.41021,23.664339,14.451088,46.532749,4.270957,15.88,25.89957,66.676819,27.555082,64.472511,21.658192,14.289157,13.892533,38.08131,29.965578,30.665174,39.11776,23.618822,55.728226,517.17517,45.749657,12.625446,28.527756,5.340425,67.987946,84.914757
40.87463,51.731766,0.147,35.426052,38.919113,41.535053,41.569805,49.726608,32.790546,28.336815,4.651002,52.975788,5.407917,10.949162,37.427898,13.39379,15.433191,40.385406,13.005971,3.801,34.564659,39.234146,43.128456,36.969421,25.723158,15.067322,49.434093,4.469809,15.85,25.818947,66.797173,27.915165,65.934593,21.778822,14.07492,13.539909,39.450825,29.757231,30.799576,40.350582,24.231575,58.21384,547.76782,47.351124,12.629195,27.942331,5.43,67.538315,91.062233
41.859806,54.342354,0.147,36.210102,38.352161,40.772049,41.869125,47.236103,33.349724,28.996222,4.947875,57.166122,5.370994,11.116287,36.772511,13.556334,15.541929,40.066463,13.13133,3.804,35.792706,37.251591,46.62923,38.349712,27.239119,14.859018,47.713829,4.521985,17.450001,25.912302,68.783035,29.872438,64.782646,22.456223,14.697704,13.476181,40.952869,30.253592,30.996992,40.176624,22.946081,58.687599,561.10681,48.763649,13.74563,28.067781,5.751081,69.034508,91.141563
41.967896,53.952271,0.14,36.407612,36.529194,40.400326,40.778748,44.145752,32.626446,28.999876,5.25438,59.978176,5.253158,11.010605,35.723045,13.569339,15.829313,41.136234,13.319368,3.68,37.605541,37.590866,46.392494,39.406219,26.217754,14.533545,48.843559,4.452417,17.879999,25.500723,67.158249,29.87957,64.996788,22.757801,14.672791,13.637625,42.484375,30.032988,31.916819,41.628796,22.976074,59.95311,530.22418,51.786633,15.135553,29.201456,6.333318,70.546211,88.682556
41.65197,54.132301,0.133,36.760738,36.193382,41.254635,40.536438,46.697002,32.863483,28.803146,5.587158,60.172432,5.263475,11.271124,36.096375,14.245529,16.776896,41.94022,13.335039,3.772,36.44767,38.191769,46.6651,40.062283,27.516584,14.485807,50.760674,4.440821,18.799999,25.708635,69.264458,31.815443,64.708801,22.827396,14.672791,13.743836,43.920155,30.526281,32.227623,42.710354,23.138905,61.51067,548.92773,51.579712,15.146792,29.433765,6.620337,72.530807,88.801552
40.646004,53.370132,0.13,35.731293,36.219551,38.378677,39.581467,44.905056,30.833452,28.48983,5.473313,56.796116,5.242841,11.27358,35.864079,14.421081,16.800198,41.993382,13.08432,3.69,36.568523,38.044605,45.581867,40.002636,26.499239,14.195048,50.58094,4.406037,18.530001,25.394646,68.27153,31.501709,64.982018,23.012987,14.578129,13.994495,44.303017,30.57225,32.005013,42.627151,23.151758,60.160782,650.56488,51.975574,14.9295,28.792591,6.62349,74.034767,84.002525
39.531956,54.510387,0.15,34.175156,36.690552,38.678669,39.880787,43.887589,33.143066,29.881535,5.49433,58.442654,5.35253,11.135948,36.038296,13.809908,16.90505,41.129589,13.025558,3.705,35.441841,37.590866,43.917561,39.981331,26.157438,14.97619,47.62825,4.441401,18.5,25.895327,68.211357,31.580151,64.982018,21.936575,14.936852,13.739588,44.582817,31.227938,31.984018,42.589336,23.177471,58.226814,609.67804,50.662014,14.865807,28.221106,6.85058,73.592873,91.300201
39.066387,57.25901,0.141,34.456459,35.499954,38.43737,39.552959,45.125248,34.006142,31.520973,5.387491,57.07362,5.230894,11.71843,35.515644,14.056977,17.017673,42.026596,12.747419,3.727,37.110424,38.674122,45.036659,39.704426,27.548754,14.728827,47.174644,4.464011,21.110001,25.449808,67.549393,29.954433,64.967255,21.486523,14.2493,14.368363,47.557461,32.643486,33.752274,41.976707,24.325846,59.102936,619.39227,49.906277,15.030652,28.527756,6.544639,76.011604,92.926308
37.204105,58.663338,0.143,33.899841,34.802166,36.324425,41.013927,44.176128,33.295021,32.26054,5.25438,54.021065,5.3976,12.323029,34.117752,12.677287,16.47398,41.282413,12.057945,3.56,37.145508,36.544411,46.464226,40.386051,24.987291,13.722025,45.685459,4.521985,19.719999,25.632257,69.475082,29.416101,62.633804,20.71633,13.651426,14.546802,45.613636,33.862942,33.71027,39.745506,24.62151,59.933643,599.81879,52.62336,14.749672,27.830826,6.50679,74.23632,88.484245
38.031319,60.223682,0.136,33.690361,34.889393,37.237427,39.552959,44.532993,33.307171,31.790567,5.50659,53.244041,5.283023,12.018271,35.507351,12.886646,16.574953,42.28574,12.340003,3.442,37.527565,36.438126,46.442711,41.00803,26.072994,13.53108,45.865192,4.521985,19.52,26.281445,68.903404,29.31271,63.076881,21.059666,13.357472,14.495816,46.666538,32.257427,35.407131,40.44891,23.845926,60.868187,595.90411,53.981903,14.723448,27.389431,6.481558,70.926071,88.920532
38.251637,63.55444,0.132,34.32478,36.503021,37.07439,41.127953,44.760788,32.024727,33.688679,5.399751,55.306828,5.465478,12.052681,37.037975,13.309265,16.656502,41.754181,12.872779,3.677,37.414509,36.675217,46.292068,39.964298,25.212475,13.275039,46.960674,4.407776,19.540001,27.07914,72.333519,29.284193,62.995636,20.962233,13.447153,14.372612,45.179218,32.741528,36.297554,43.519634,23.580257,62.367607,633.6012,55.826279,14.772152,28.948774,6.522561,72.70137,87.453072
40.313454,63.91452,0.13,34.737755,36.219551,41.17638,41.049561,48.87619,34.346504,33.641312,5.268391,55.029331,5.37588,12.18048,38.079144,13.601848,17.619625,42.571449,13.299781,3.822,38.634754,36.352283,47.597691,40.535152,27.343672,13.565797,48.603916,4.423429,19.615,26.773638,73.446808,28.189682,65.69091,20.679211,14.104813,14.134697,47.248215,32.766048,37.267788,43.746532,22.766111,63.330811,606.05335,56.267136,15.536422,28.576124,6.566716,74.23632,91.934792
39.789688,64.844734,0.13,36.832561,37.985825,39.493847,43.82896,47.714466,31.988258,34.923721,5.350711,55.787842,5.435613,12.170649,39.178379,12.734506,17.813801,41.853844,12.759171,3.677,41.012878,37.034939,50.051102,41.323284,26.559551,13.626553,48.484104,4.342265,19.9,26.603916,75.1017,28.050648,71.627914,19.857977,14.921906,13.833055,45.657806,32.208401,37.162781,43.436436,23.057491,65.551537,637.95087,55.01656,15.255441,28.557257,6.424786,74.616188,89.951729
38.555096,61.513981,0.128,35.420067,37.772121,38.280865,43.9216,44.943012,31.040098,33.943695,5.193079,54.659328,5.28954,11.642238,39.572441,12.843735,17.165249,40.152847,12.457527,3.5,39.578209,35.583794,50.402615,40.897259,23.760849,12.784657,45.385902,4.220519,19.110001,27.613764,72.483963,27.323353,71.967598,19.825502,14.946817,13.871292,43.441551,30.161671,36.398361,41.961578,21.831984,62.982986,590.10455,53.891933,15.461492,27.868561,5.948525,71.414482,86.659843
38.983246,62.804272,0.126,36.269955,37.418873,37.680885,45.00486,45.740292,29.317005,32.705002,5.136157,58.951405,5.272163,11.401381,41.032558,13.179228,16.920589,40.558159,12.183305,3.529,38.942753,37.410999,49.247643,41.323284,23.965923,12.585033,46.4814,4.212403,19.639999,27.91502,71.731743,26.649542,72.971855,19.871901,14.787384,13.78632,42.742077,29.297634,37.003178,42.763298,25.731319,63.812412,602.57361,52.065548,14.936992,28.113846,5.854534,70.375648,84.200851
38.338932,59.905621,0.108,34.947239,37.828819,36.715714,41.334625,46.173088,29.046534,31.134792,5.122145,56.398365,5.517064,11.344857,40.202946,12.635675,17.068163,39.428593,12.300827,3.316,36.646492,36.270531,50.28783,40.641659,23.278311,12.945226,44.444473,3.973549,19.754999,28.203545,67.248505,25.952518,69.390465,19.435766,14.548235,13.331731,41.637627,29.368107,35.554127,39.079933,26.905405,61.043194,592.27942,48.799637,14.787136,26.453434,5.633121,68.46859,83.883553
35.927933,56.35881,0.092,33.666416,35.988403,36.063564,40.536438,44.943012,27.8978,29.444349,4.667641,58.303894,5.207544,10.29295,37.884186,12.399009,16.660391,38.770786,12.081451,3.152,37.090927,34.108112,51.292152,40.735382,21.311981,12.09031,42.360466,3.913256,18.254999,26.268713,64.81131,26.044014,70.261803,18.698051,13.671355,12.974861,40.142948,26.656502,34.210079,38.285786,29.733494,60.467941,565.74646,47.027229,14.348805,25.472281,5.311408,67.63134,80.829628
37.079395,59.275471,0.095,35.330292,36.817024,37.472206,41.035305,46.294575,29.778919,30.143837,5.079234,61.522964,5.8293,10.52889,39.647114,13.198734,17.646812,40.239227,13.147,3.425,38.915455,35.00333,53.580578,43.112537,23.604019,12.797675,44.615643,3.988623,18.700001,27.002762,65.804245,27.742216,72.698639,19.482166,13.905522,13.170291,42.123589,27.385725,36.074947,40.267387,29.797766,62.822456,627.65668,49.186512,14.775898,26.901556,5.281129,72.55407,83.526604
37.116814,60.433743,0.097,37.042038,37.990189,39.924263,38.961449,48.898972,31.356152,31.149363,5.28941,63.345242,6.024787,10.683727,40.007988,13.731884,18.477888,41.242542,13.141399,3.356,38.985634,36.30732,54.914886,43.794159,25.115969,13.018999,46.823746,3.782236,19.02,27.274317,68.69278,27.683659,72.366348,19.203781,14.259264,13.081073,43.42683,27.983192,36.755375,41.038845,30.059151,66.474609,684.34729,50.832958,14.966965,27.642138,5.339795,74.701462,85.866615
37.914925,62.204136,0.097,38.203152,38.064327,38.176521,37.429214,47.228512,31.629662,31.273228,5.437407,62.947491,6.008496,11.054842,40.982784,13.718881,18.136133,40.956829,13.415936,3.274,39.086987,36.356369,49.32655,44.935875,25.12401,12.780318,49.70797,3.820498,18.799999,27.346447,69.715797,28.602303,72.137436,19.25482,13.950362,13.136304,42.881977,28.859486,37.120789,41.590981,34.095604,64.401039,708.56043,51.660683,15.390309,28.543102,5.553639,76.569778,84.438812
38.966618,61.99408,0.09,38.334824,38.421944,37.902611,31.42857,46.552738,30.067629,29.928894,5.312179,64.279518,6.114385,10.96145,42.102757,13.627855,18.400215,40.963478,13.060653,3.215,39.367691,35.988476,45.639256,43.385178,25.739243,13.00598,47.320137,3.739334,18.99,28.51753,69.354729,28.298529,66.4589,18.795483,13.975274,13.059831,41.181126,28.301846,37.309792,40.577488,31.948828,63.330811,659.84418,48.133869,15.345354,28.028942,5.387105,75.895317,82.892014
40.754082,61.333942,0.082,39.418137,38.910393,39.780785,31.17201,49.126762,32.351112,29.943466,5.389242,64.288757,6.005781,10.936873,42.54245,14.362563,19.025465,41.448528,13.856002,3.063,40.4203,38.042267,43.47279,44.969952,28.143877,12.966922,50.426891,3.826295,19.004999,29.029644,65.984779,28.510801,69.346161,19.532734,13.980256,12.813418,43.478371,26.322521,38.515217,41.485085,32.4673,64.193687,671.4433,47.567047,15.285408,28.396875,5.327809,75.422424,87.849663
41.784988,63.794502,0.08,41.536877,39.584,41.522018,30.644636,51.457817,32.91238,32.13303,5.411136,65.398788,6.089949,11.344857,44.019154,14.375567,19.176924,43.209328,13.827741,3.013,40.256557,38.212631,45.861637,46.563244,29.840796,13.296738,53.003006,3.884269,19.85,30.946484,70.915382,29.206188,69.043404,21.068382,14.398767,13.123557,44.590191,29.207361,36.541161,41.318699,30.851871,65.698685,686.66711,47.693008,15.603856,29.307272,5.43,75.244125,95.504295
43.963192,61.123898,0.086,40.944351,41.093052,40.967693,30.316809,50.311279,32.370033,31.455395,5.432153,67.988831,6.098094,10.619825,42.575638,14.700659,18.713575,42.850521,13.516869,3.032,38.611366,40.680916,44.979275,47.014812,29.599524,13.253342,52.147156,3.898763,20.129999,32.452278,71.297157,28.953659,62.471355,20.843655,14.88703,14.18143,44.987774,28.985268,36.448765,40.206882,28.98362,64.180298,668.3985,48.034897,15.532673,30.396921,5.204802,73.259537,94.949043
42.957226,61.580105,0.084,38.340809,42.01223,40.341633,28.435371,50.911125,31.884457,30.785042,5.771937,66.980576,5.69626,10.954408,41.845581,14.089484,18.804379,43.149525,13.282706,2.968,38.558308,40.647671,41.248936,47.253384,29.072762,13.869603,51.676441,3.981667,20.725,33.841232,70.819946,31.197182,64.612808,21.218201,14.593076,14.449083,44.133671,28.435001,37.368587,39.397598,29.652079,62.294022,650.2749,47.324135,16.394346,31.746004,5.217418,76.135643,95.004219
43.819431,60.2883,0.079,38.749027,41.477184,40.602795,28.150303,52.384163,30.80608,30.231277,5.99875,68.355522,6.083297,10.602066,42.333691,14.71298,18.413523,44.186073,13.234258,2.935,38.064571,40.934391,43.864445,46.921097,30.832632,13.909791,49.630939,3.955578,20.42,32.478237,68.879234,30.995888,63.239319,20.796829,14.035062,14.703997,44.038887,27.460424,36.625168,40.226612,30.869011,61.370956,641.14063,45.839626,16.682823,30.821457,4.934185,72.336998,92.015137
43.338268,59.85561,0.078,37.908001,41.806446,40.416367,28.368904,53.052349,30.320505,29.819597,5.925189,73.122543,5.869137,10.604714,41.619301,14.686324,18.200329,44.186073,12.814378,2.874,37.351402,40.377579,43.278793,46.384319,30.996639,13.396269,50.33202,3.961954,20.33,32.612373,67.320305,30.856815,64.184525,20.244373,13.531853,14.716738,43.797409,27.195236,35.549927,41.26696,30.684757,60.200382,635.19611,45.14687,16.461786,30.000681,4.770806,72.523048,92.74221
43.203213,58.312969,0.075,38.600605,41.500053,40.143368,28.769091,53.33329,29.99888,30.338818,5.823605,72.539604,5.808362,9.982156,41.522652,15.306031,18.070047,43.375435,12.669037,2.876,36.88118,39.995285,42.626427,46.086102,30.984337,13.110481,49.569805,3.959636,20.879999,33.15324,66.17498,31.321625,63.195801,20.230328,13.242881,14.602029,44.438824,25.319008,35.919708,41.436493,30.740463,60.869278,646.36023,44.609844,16.813951,30.911081,4.825686,75.338821,93.630859
41.493824,57.861469,0.073,39.05204,41.056469,41.508335,27.283951,52.004513,29.377718,29.429583,5.490828,68.233299,5.869137,10.114614,42.022728,14.899558,18.235863,44.194584,12.067481,2.664,35.658596,39.529877,44.331478,45.191479,30.566132,12.418341,48.539085,4.075584,20.07,32.612373,65.252327,30.695776,60.733143,19.326727,13.252844,14.236659,43.269184,25.285872,35.566174,41.344025,32.707268,59.839195,582.08154,46.203701,16.667843,33.293205,4.66546,74.614113,95.286957
43.068153,58.751938,0.068,39.138615,40.233326,42.733482,27.239485,51.040203,29.853842,29.930593,5.430402,68.073456,6.065932,10.202036,42.409332,14.626353,18.449055,44.75322,11.817167,2.699,35.705616,39.151741,44.702145,44.424652,30.717831,12.494253,49.249329,4.058193,19.139999,32.257568,65.761368,30.143126,61.9874,19.176908,13.437188,14.381965,43.397469,25.136698,36.060272,40.688984,33.679958,61.544865,602.341,44.97662,16.821442,32.066765,4.638336,75.012299,96.014038
43.819431,57.610634,0.063,39.757019,40.16016,44.697701,25.781019,51.146503,30.913288,29.292271,5.610802,70.170197,6.005157,10.093421,42.484966,14.393132,18.267447,44.898052,11.078341,2.463,34.749496,39.330425,42.441097,47.217335,31.857656,13.047966,48.487118,4.187618,19.549999,31.677752,64.520592,30.757996,64.855431,19.209681,13.35249,14.538339,44.521839,24.659355,34.999676,39.918358,31.901686,61.778973,569.53278,44.736637,17.563234,31.477139,4.623827,73.706215,99.326263
46.216801,61.097248,0.056,41.952343,41.143356,45.123825,28.004288,54.920227,32.533997,31.029102,6.09946,72.445557,6.187482,10.567625,43.611183,15.378663,19.716366,47.408482,11.986732,2.798,35.207966,39.903862,42.782104,50.024624,31.816652,13.557024,49.23201,4.25726,20.379999,32.577751,67.638458,32.752647,65.773193,20.656372,13.148217,14.486213,46.92149,25.736689,35.608776,41.197601,33.808514,63.477962,606.87671,48.286583,18.571024,33.283775,4.807392,77.385559,103.28477
47.136913,59.874432,0.058,42.280094,40.686043,45.616562,26.359068,57.562603,33.038498,29.578032,6.256215,76.206535,6.120919,10.233829,43.938957,15.648535,19.593979,47.960224,11.506297,2.545,33.620953,41.092297,42.589359,50.342266,33.678093,13.498974,51.639904,4.235458,20.450001,33.6119,67.193039,33.166225,67.884064,20.670425,13.402313,14.88149,47.781738,24.543337,36.665104,42.754265,34.335564,63.330811,589.94342,48.74844,19.301575,31.005423,4.690062,69.764069,107.64721
48.470661,56.05545,0.058,41.995636,40.196743,48.386444,22.232683,57.046268,33.593449,27.573999,6.13011,75.849258,5.938594,9.79936,45.182831,15.450628,18.737259,46.905022,11.013745,2.227,32.30825,40.182274,42.396614,49.809994,33.411591,12.646077,50.435951,3.967184,19.959999,33.642189,64.29789,32.642853,62.492188,20.656372,12.769565,15.068267,47.404438,23.552187,34.756889,42.700321,32.351616,62.240517,559.40301,47.580215,19.372761,30.434654,4.144412,68.489845,110.63628
46.39407,58.494831,0.062,41.166969,40.439117,47.660683,25.08736,55.03413,33.088947,28.720749,6.215056,80.362396,6.19906,10.331849,45.376141,15.302702,19.578188,47.898155,11.001632,2.132,32.962654,39.542347,43.634628,49.312069,32.821178,13.061363,50.695797,3.857574,20.785,33.953728,67.861153,32.888069,61.826813,20.721926,12.366,15.554761,47.510078,24.990841,35.911194,43.232048,32.085949,62.340847,548.97089,48.422421,18.844513,30.043135,4.271835,69.477371,109.90922
43.718136,57.102688,0.068,39.095329,41.070187,46.488808,23.637789,52.847336,31.947515,28.59086,5.901545,81.227417,6.274303,10.183495,44.905483,14.495087,19.159698,47.49815,10.339517,1.977,30.133472,39.076958,41.521843,45.826569,32.210258,12.547839,48.643028,3.872714,19.705,32.253231,65.570488,31.632717,59.654774,20.094551,11.698375,15.098675,44.076618,24.228416,37.180496,42.977741,31.177532,59.785675,528.40906,46.07692,18.838327,29.104437,4.0725,70.49675,103.16359
40.953575,49.602715,0.064,33.387489,38.070293,40.269886,20.000521,43.963524,26.467379,24.738661,4.679901,66.192978,5.77016,9.147658,40.846085,12.286139,16.419779,41.346207,8.982985,1.579,27.127962,35.150143,34.927723,38.692459,24.723509,11.203747,39.777969,3.815183,17.030001,29.258974,59.048435,27.028532,52.304985,19.429731,11.060645,13.995376,37.851105,21.553316,33.457767,36.612385,28.066635,50.896084,446.16171,37.727283,17.099993,23.208076,3.255603,62.779701,87.612305
41.713295,47.978554,0.071,33.486431,38.111458,39.510822,19.61812,42.847343,24.515589,22.482271,4.632612,65.252739,5.515484,7.844256,40.442669,12.769906,16.277653,41.056541,9.24541,1.671,26.25021,36.754101,35.598625,40.435207,25.875631,11.029595,39.990185,3.330715,18.375,28.043089,58.628475,27.947176,53.53632,21.199472,10.537507,14.707743,37.436073,18.510262,31.719917,34.628021,29.142164,49.564983,453.72122,40.765575,18.06105,23.311852,3.208923,64.539734,89.833908
37.496815,43.1437,0.066,30.054298,36.872169,34.823326,16.950197,36.488205,21.904797,20.196192,3.830443,63.137188,5.215082,7.428334,39.018093,11.69442,13.521938,36.152931,7.890492,1.367,22.335602,34.115459,34.253113,35.511734,22.476662,9.76588,35.2047,3.440932,18.02,27.017599,55.275181,25.725601,49.444618,19.902596,10.059207,14.282061,32.915974,16.736803,29.185562,32.809353,26.116966,45.658649,437.69507,34.630135,17.253151,19.764601,2.829176,63.082333,77.562538
38.80101,41.481911,0.064,29.451365,37.082523,35.988544,17.421532,36.203465,22.443983,19.754559,3.740243,61.153286,5.430978,7.64292,38.812187,11.994278,14.623434,37.532291,8.853792,1.326,21.642025,33.708233,34.0233,37.35321,23.071175,9.582797,34.464142,3.270157,18.924999,25.953167,54.537079,27.811754,51.937881,21.447613,10.34818,14.794618,32.659401,16.348967,30.970261,34.034641,27.072517,46.588417,443.59149,35.70327,18.164434,20.160835,2.80079,65.590981,80.543533
39.252625,42.642033,0.068,29.105055,37.283737,36.101734,17.083593,36.226238,22.362,19.312933,3.984572,64.030418,5.05475,7.589934,40.291386,12.424072,15.274856,39.008202,9.382677,1.411,22.131838,33.4132,34.790577,39.508038,22.230661,9.989153,34.013741,3.391273,19.49,26.316629,55.866943,29.616095,55.960754,22.365255,10.467754,14.781584,32.44812,16.16333,31.519726,36.288723,29.000759,46.675365,449.79025,37.138649,18.325249,20.580662,2.784389,65.917488,82.724754
38.501343,38.528328,0.066,27.333338,37.009354,34.41716,14.860325,32.972637,20.407061,17.134472,3.777023,63.052559,4.712095,7.086588,40.762035,12.380093,14.702394,38.166794,8.861867,1.284,21.226658,31.418631,32.659256,35.314278,19.434402,9.439903,30.912922,3.151463,19.370001,25.55941,51.960072,29.03417,54.645283,23.343767,10.208676,13.921534,29.071247,15.036274,30.910627,34.335182,31.743151,43.451305,405.18921,34.7705,18.340565,19.132513,2.565498,65.638763,77.368652
41.55714,41.952232,0.066,29.330776,37.690731,38.072609,15.705169,36.37051,22.951639,18.630077,4.182487,68.976082,4.920467,8.276074,43.325424,12.518026,16.242119,40.173759,9.495722,1.409,22.958649,32.852238,33.986237,36.752258,20.37332,9.92217,33.896805,3.103621,19.285,25.75845,54.556171,31.050791,54.041092,23.615314,10.378073,13.617476,32.406609,16.932383,31.719917,36.743385,32.715836,46.876041,385.83688,35.286705,19.22122,20.259897,2.727616,67.494347,84.259697
39.915276,37.010773,0.062,27.376623,36.268528,34.74342,14.549068,31.408489,20.435438,17.15674,3.737616,67.932434,4.75782,7.714446,42.442951,11.912317,13.774612,36.139141,8.098816,1.38,20.176495,32.083488,31.221073,32.193638,18.667686,8.358379,30.912922,3.0037,18.700001,24.728634,50.891098,26.995596,47.685566,22.187347,9.94362,13.343822,27.920473,16.007532,30.518761,31.433783,32.642994,43.832569,340.17752,30.908121,18.436287,17.811728,2.321376,64.969772,75.106651
38.640617,44.435501,0.06,28.499022,36.698395,33.268593,16.887947,33.135887,21.207949,19.535603,3.663179,67.697357,5.111474,8.665505,42.879986,12.428071,13.948322,39.146137,7.749994,1.57,21.477446,33.242836,34.924019,33.580116,19.889509,8.712934,31.389297,2.899539,19.225,26.610867,59.52565,27.954494,50.614765,20.581467,10.39302,13.217855,26.720646,18.377666,32.639954,30.501328,34.065609,45.565006,371.47385,32.832523,16.380154,17.495684,2.445645,58.972942,75.284378
40.122089,47.884487,0.059,30.604683,36.904171,33.884491,15.811887,35.618805,21.428673,19.836205,3.555464,73.996971,5.249809,9.219188,40.896515,12.661959,14.323384,39.739254,7.607881,1.598,21.003302,34.265049,35.787666,32.781712,20.918633,8.580755,32.623566,2.811124,18.59,25.693548,60.639168,28.437601,49.291653,20.600193,9.435427,12.909452,28.048752,19.716877,33.51313,30.713245,32.385899,48.193748,356.65723,34.209034,16.414614,18.35891,2.774927,56.743034,76.58503
41.899006,48.91291,0.062,31.730175,37.736462,37.579891,14.860325,40.129047,23.850277,20.266705,3.809426,76.197136,5.52706,9.338403,43.031265,13.413599,15.768357,43.187653,8.187636,1.648,23.711004,35.702801,38.252586,33.558647,25.162216,8.740619,35.806675,2.846853,19.15,26.195478,62.255375,30.651859,55.945457,21.218201,9.613793,13.183106,30.278614,20.068256,35.263748,33.976849,32.557293,50.059959,412.44635,35.974945,16.801338,20.028759,2.838639,61.609005,82.845947
43.439568,49.26408,0.06,31.408598,38.344677,38.079273,15.144905,39.544392,23.15659,20.652666,3.803295,76.056114,5.358047,9.078781,43.762463,14.197227,15.488049,43.760082,7.985772,1.54,23.589529,37.086533,38.363785,33.052135,24.502106,8.732581,35.546833,2.799012,18.52,26.368555,62.229916,30.08457,52.717972,21.723846,9.565963,13.091889,29.80699,20.15444,36.060272,34.708939,38.800514,49.504787,417.28442,34.928989,16.678812,18.830616,2.931367,57.913734,83.007507
44.157097,52.117336,0.06,34.005886,38.719662,41.155449,17.323706,43.219406,24.720543,24.642176,4.279693,73.508049,5.411878,9.526493,44.997929,14.365147,16.700085,44.242859,9.035471,1.537,27.080936,37.161331,40.343128,33.610157,26.699751,9.288079,39.093708,3.087876,18.200001,30.128693,62.948936,31.021505,59.149982,22.02816,10.163836,12.631457,30.723839,21.26161,37.410511,36.196247,38.937634,52.300755,434.3689,39.438873,16.759216,21.052364,3.116825,62.031097,94.034798
42.93309,47.796696,0.063,31.736353,37.745613,38.525387,14.602427,40.77446,22.065609,21.05718,3.848834,63.090172,5.219133,8.81386,42.980843,13.555531,16.69219,46.077396,8.478323,1.485,25.705534,36.110023,38.015354,31.571226,25.285219,8.988896,37.235817,2.852303,17.48,31.526308,59.474751,30.479839,48.771595,22.009434,9.961555,12.566302,28.02989,19.166609,37.542549,34.581787,40.000309,49.531544,391.88449,36.953003,14.990254,19.684412,2.822869,60.255131,93.752045
43.853199,47.815506,0.059,31.909506,37.83707,39.10466,14.308956,41.974152,21.469658,21.52479,3.520434,65.27153,5.456446,9.428473,42.770725,13.45758,16.715881,46.718796,8.587331,1.393,25.290176,35.657089,37.88192,32.086323,24.334002,8.83082,35.399582,2.832319,17.24,31.11957,58.39304,31.44606,49.895855,22.04689,10.5674,12.43599,27.841242,20.005272,37.776821,32.693756,39.554672,49.591743,364.67029,36.377941,15.208504,19.080624,2.771773,60.669266,94.883041
42.460361,45.181736,0.062,30.750004,37.727314,35.655628,12.930529,38.769901,19.940397,20.010635,3.152628,63.936405,5.384094,9.190046,42.400928,12.657961,15.772306,43.498005,7.825088,1.278,23.522919,34.219341,31.16177,31.064718,21.484446,8.006504,32.98735,2.777211,16.73,30.526772,56.096012,30.161428,51.249557,20.829609,10.183764,12.30568,24.626602,19.22296,37.074017,30.528299,37.433605,48.167004,339.57275,33.221931,15.273596,17.448511,2.453845,57.340328,88.945267
40.911362,41.256165,0.06,29.21328,36.680103,33.504967,11.187487,35.402405,18.78635,18.407404,2.973979,60.495102,5.109159,8.739684,41.379772,12.440065,14.805041,41.994507,7.219493,1.448,21.269764,34.289978,28.333601,29.729753,20.074013,7.744829,31.467257,2.591902,16.41,30.383984,53.391743,27.928871,48.863369,20.38483,10.158854,12.005966,22.898558,18.6528,35.59174,29.145021,35.779606,45.88607,314.02164,31.587326,16.449072,16.174898,2.143488,57.22884,81.593758
43.94606,49.364418,0.055,33.381302,39.135803,37.027248,13.330717,39.764587,21.397141,22.326403,3.643912,63.315834,5.358627,9.629813,43.031265,13.381617,17.434416,45.187717,8.248196,1.465,25.200047,36.056015,31.910511,32.537033,23.013773,8.599512,35.598797,2.834135,17.325001,31.435438,60.333752,30.333441,52.465591,21.602114,10.896229,12.379522,27.071541,19.96549,38.092014,30.000422,37.874958,50.274017,325.0585,36.119839,17.919382,16.788118,2.649396,61.393978,91.772781
42.308422,49.784569,0.055,33.331825,39.003189,35.822075,11.80111,38.602852,21.542185,21.959,3.503796,60.843002,5.37599,9.436421,42.291668,12.959817,16.810633,44.442871,7.931672,1.331,24.886564,36.658535,32.447975,31.575529,21.607449,8.136001,33.026329,2.990982,17.535,31.76861,60.44828,30.058947,50.683601,20.974743,10.72185,12.422961,25.86417,18.585209,37.316799,27.029663,38.521992,49.999763,311.6026,35.232365,17.83132,16.995668,2.506202,58.518997,89.268417
40.607471,45.633244,0.059,31.977526,38.779114,33.28524,11.560995,35.231564,20.038143,20.300102,3.356673,58.294945,5.209293,8.562189,42.905201,12.627974,16.048664,43.911816,7.466576,1.213,23.660067,35.972897,31.120996,30.438015,19.483599,7.972566,32.147186,2.980687,17.49,31.915733,57.584946,28.810919,49.261063,20.51124,10.422914,11.997279,24.241762,17.461046,35.987858,26.104916,38.834793,47.765659,297.39075,33.276264,17.80069,16.160744,2.828545,57.56332,83.573013
42.451927,47.639923,0.054,32.670139,39.862915,34.956493,11.925611,37.357601,21.687231,22.114866,3.558091,58.943718,5.106264,8.824457,43.695236,13.283662,17.015928,45.029099,7.806516,1.23,25.368542,36.928631,32.707439,31.425287,21.18924,8.197623,34.035393,3.00915,17.799999,33.209492,59.621086,30.066269,51.80022,21.007517,10.477718,12.527208,25.739658,18.349064,34.552437,27.141401,31.438915,48.608467,309.18356,35.069344,18.865129,16.703211,2.954707,59.331318,85.390694
42.426601,46.348118,0.05,33.325645,40.077847,34.463768,11.587675,36.518578,21.390837,21.847662,3.599251,58.95311,5.131154,8.832405,44.123863,13.521548,17.252811,45.436005,7.872728,1.24,25.697701,37.057442,33.133701,31.562643,21.115435,8.202983,34.646027,3.103015,17.530001,33.330643,60.3083,30.157766,51.716087,21.068382,10.61224,12.78783,25.833984,18.05971,34.799484,26.910215,32.642994,49.457962,306.91571,34.983322,18.876614,16.72208,3.025989,58.988873,83.734589
43.675938,46.329311,0.054,34.580994,40.393387,36.987297,10.894014,40.926319,22.998934,20.040321,3.997708,62.845722,5.125365,9.012549,46.157753,13.793419,17.762106,46.429146,8.260308,1.411,26.473568,38.279121,33.808315,33.48568,23.341784,8.15029,37.383064,3.158124,19.555,33.637863,59.353851,29.821053,52.580318,21.372704,11.409404,13.269979,26.777243,18.874561,35.945267,28.289635,33.444286,50.916157,331.40848,36.876022,18.646879,18.203247,3.026619,60.860386,89.308815
44.460987,48.944263,0.057,35.632282,39.190681,38.918232,12.628164,43.166252,23.94487,21.487675,4.211386,60.739574,5.116683,8.572784,44.80463,13.921359,18.737259,47.325722,8.276458,1.721,27.539406,37.161331,35.628281,35.056721,24.547207,8.073485,39.916561,3.208993,19.059999,32.742176,60.40374,30.578653,54.9818,20.867062,11.837879,13.16573,28.950514,18.352392,36.579922,27.854233,33.705673,50.494747,358.62268,38.035191,17.582436,18.03343,3.044282,60.191429,92.37867
46.731724,52.644089,0.052,36.108459,40.233326,42.340637,15.313872,45.990852,26.457916,24.126318,4.391786,62.563641,5.10395,8.599277,45.124001,14.259195,19.440006,47.20158,8.922425,1.58,29.545692,39.309647,37.288857,36.142727,27.302462,9.069274,42.008308,3.269551,18.895,33.274399,62.719875,30.410297,58.943489,21.330564,11.977384,13.600101,30.976635,17.916697,37.482918,28.513119,32.480164,52.207108,375.10242,41.059898,17.360359,19.967436,3.506034,61.48954,98.841537
47.204441,53.659969,0.052,37.400906,41.756138,43.013134,16.736763,45.170815,26.927729,24.872265,4.632612,63.071365,5.073273,8.6814,45.157623,14.191232,19.641357,48.780949,9.269632,1.627,30.090366,39.396915,37.830029,36.434612,28.466888,9.694432,42.961079,3.306492,19.33,33.975365,64.170631,31.592459,60.228371,22.435484,12.375964,13.717381,31.561453,19.163912,38.973713,28.694214,33.212898,48.695431,395.66425,43.387287,17.371843,20.660847,3.557761,62.835445,99.891762
49.095322,55.509892,0.052,37.920368,43.114323,46.595341,17.039127,50.379608,28.665112,25.26565,4.693913,64.171471,5.109738,9.062885,46.208179,15.220736,20.115118,50.698257,9.851003,1.652,30.854481,39.974503,39.082874,37.559242,30.004417,10.105252,47.205212,3.191431,19.879999,35.286442,67.733887,32.075569,62.102135,23.310991,12.136816,13.274323,33.968651,21.009794,41.031017,30.636185,33.439999,52.835789,471.41043,43.242393,17.724108,21.6591,4.047899,63.870762,103.32517
47.702488,54.544167,0.053,37.339066,42.528976,46.522099,18.310839,49.544376,29.23267,24.842577,4.699168,68.223885,5.157199,8.678753,46.056911,14.756961,19.83086,49.015438,9.544168,1.438,29.620132,38.968903,38.823406,37.327454,29.643616,9.569401,47.352459,3.306492,19.49,35.308071,67.352112,32.83683,61.612663,22.777264,11.55389,12.852987,33.202728,21.043056,40.779709,30.378027,32.844387,51.818523,431.94986,41.684761,17.115305,21.177145,3.973464,63.130119,102.75966
50.521931,56.22477,0.051,38.946915,43.978622,47.92701,18.479807,51.867844,30.134462,25.10607,4.863804,75.303917,5.180932,8.856248,45.636677,15.38666,20.055897,52.174168,9.984233,1.502,31.191475,40.473148,39.735237,37.340324,31.168842,9.667641,49.370598,3.367656,18.34,35.238846,69.833672,31.980408,62.836353,24.982418,11.877738,12.731361,33.504566,22.170542,41.733826,30.697834,33.080059,51.839417,446.01053,41.241024,17.046389,19.80839,4.093948,63.329216,104.53695
49.593369,57.171673,0.053,40.010559,42.835373,46.821732,17.261456,52.118412,29.92005,25.870571,4.903212,77.184395,5.08948,8.986058,45.191246,15.940394,20.174335,51.181019,9.968082,1.438,31.14053,39.517422,41.039982,37.43047,30.947443,9.305943,49.578472,3.461521,18,34.390755,69.738228,31.859632,62.583965,24.064772,11.942508,12.540239,34.693062,22.110672,42.84127,29.765379,31.11754,52.271412,435.27603,41.589664,16.590744,19.793932,3.800622,63.703529,102.27496
50.082977,57.152859,0.049,41.210258,43.704235,47.014816,17.465996,53.462379,29.160149,26.612806,4.836657,76.695473,5.012498,9.27482,44.207905,16.206268,19.976934,50.884457,9.806593,1.418,33.397606,41.13385,40.061424,36.919674,31.013039,9.377389,49.907604,3.837589,18.105,34.935947,69.420082,31.2411,61.283791,24.345688,11.538943,12.548927,35.002453,23.101795,43.616489,28.574762,31.443199,52.306244,413.35348,41.032738,16.965981,19.644524,3.772235,62.532818,105.4256
49.044678,55.560043,0.046,40.33213,44.472504,46.941574,16.407722,53.13588,29.601585,26.148909,4.632612,78.89563,5.039123,8.972813,42.905201,16.076326,19.846653,50.849979,9.649137,1.366,32.668762,42.717041,39.216309,35.146866,30.615332,8.812959,46.988682,3.691038,18.93,34.44268,68.974678,31.033407,59.585934,24.294184,11.484138,12.501146,34.334633,23.460995,44.638752,28.197159,30.899008,52.034519,391.58212,38.14386,17.038731,18.651697,3.530636,61.282482,104.21381
49.888821,58.946331,0.043,42.038918,44.495373,48.619488,17.41264,54.722816,29.784472,28.702194,4.700043,80.813721,5.135205,9.873538,43.207764,16.604078,20.734955,51.498272,10.404115,1.515,34.823952,43.988575,40.217106,34.683285,31.537851,9.368458,48.504444,3.681954,19.040001,35.47683,73.810539,31.236589,62.255089,24.888783,11.329688,12.674895,35.39109,24.54524,46.436222,30.135286,29.150736,55.539246,396.11783,39.271339,17.195715,19.755377,3.553344,61.800137,104.8601
48.799877,57.177937,0.043,40.721722,44.051785,45.210396,17.279242,53.151062,28.687183,28.453547,4.393538,77.522881,5.270646,9.552984,43.493515,16.602079,19.89403,49.353382,11.490147,1.393,35.204048,44.005196,38.793758,32.558498,30.504629,9.203238,54.281673,3.80186,19.190001,35.221535,73.01516,29.9498,60.794315,24.776415,11.200149,12.740049,32.904652,23.906666,45.158398,30.420408,30.787598,53.901848,379.63809,38.080475,17.995964,18.71917,3.388704,59.187962,99.810974
49.4161,56.105625,0.041,40.560944,44.746887,44.897457,16.870159,53.735722,28.510603,27.689045,4.37865,78.980255,5.224921,9.515897,44.661747,16.781994,20.419113,48.574036,11.857541,1.503,35.568462,45.659031,33.723064,32.29665,31.980654,9.372923,53.684029,4.033193,19.235001,35.905197,71.933464,29.788012,64.970154,25.076059,11.633605,13.078859,33.50079,23.816866,44.604671,30.227751,29.433544,52.668571,406.39874,37.21563,18.283131,17.991419,3.518019,58.949059,97.670158
50.150505,54.356033,0.035,39.256111,44.403912,44.464657,15.562879,53.811657,27.025478,26.096951,4.426816,76.930519,5.094109,9.139712,44.29195,16.534113,19.976934,48.774044,11.6476,1.39,34.091187,44.603573,32.6852,31.657076,32.341469,9.096067,51.735188,4.045305,19.52,36.086929,70.947205,30.130398,66.209137,25.029236,11.842861,13.03542,33.791317,23.148357,43.25869,29.541899,28.169474,51.4771,374.49765,36.726593,18.202723,17.446804,3.42529,59.211849,95.085007
49.205063,51.34602,0.037,38.112068,44.605125,44.944061,14.61132,52.34621,26.726316,25.258226,4.326107,78.397293,4.954038,8.81916,43.627995,16.636061,20.036158,47.622288,11.837352,1.367,33.378014,45.501125,32.711147,30.794283,31.886356,8.889764,50.869038,4.115553,20.645,34.918644,69.101936,29.897123,66.063828,24.804506,11.53396,12.136276,33.055576,22.67275,42.54311,29.160444,29.484962,49.881504,362.10007,35.793835,17.999788,16.863642,3.333823,60.764828,94.721466
50.133617,53.089325,0.033,40.93816,47.385517,46.502125,14.549068,52.543617,27.346474,25.59223,4.597583,78.021217,4.945935,9.062885,44.997929,17.579613,20.363842,48.277481,12.228971,1.367,33.597446,46.7976,31.795609,33.962143,31.705959,8.822782,53.18166,3.953862,21.200001,37.406654,73.428757,30.875387,67.685219,25.029236,12.007277,12.596708,33.048027,22.59626,42.287544,28.617142,29.240719,49.247444,352.2727,35.857227,18.164434,17.649227,3.217124,61.051525,91.368843
50.496605,53.289997,0.03,40.350681,47.879395,48.02689,14.584641,56.932388,27.906933,24.864843,4.761344,79.2341,4.936674,9.123818,44.266739,18.113354,19.921665,48.229198,12.551954,1.304,33.186008,47.521317,32.974319,36.348766,32.534172,8.90852,53.969852,3.942356,20.26,36.151833,69.96093,31.661757,68.16703,24.944963,12.286283,18.547565,31.463356,23.175478,43.028687,29.237501,29.082174,49.177769,366.93814,36.242104,17.605412,17.244383,3.592455,59.633957,105.45845
52.083588,52.656635,0.029,36.788689,48.670868,45.936161,13.624188,54.525394,26.056421,23.068638,4.320852,80.860741,4.894421,8.416483,44.80463,17.791512,19.549402,46.422241,11.813129,1.313,30.223597,47.099728,31.654755,34.374226,30.750635,8.531637,50.020206,3.875741,20.305,35.909512,71.954483,30.702309,69.719582,24.818695,12.884157,18.556253,29.380638,22.68928,40.99268,28.108536,28.495132,47.171082,349.2489,33.710949,17.031069,16.285294,3.42529,56.105919,106.70255
51.534893,50.273701,0.027,37.784962,48.615257,45.010643,13.846515,55.010872,26.019941,23.131727,3.958299,78.32209,5.149097,8.960335,44.418018,16.835968,17.506021,46.256714,11.950398,1.305,30.467314,46.47578,31.113583,33.902042,30.078218,8.267283,53.25095,3.783086,18.955,34.984798,70.979843,30.209421,69.084808,25.002682,13.193058,18.591002,29.010876,22.414471,41.627335,27.002695,27.775253,47.568233,346.67868,33.126846,17.406305,15.798515,3.418351,54.003445,105.41698
50.798691,49.909687,0.024,36.614628,47.762516,40.822533,12.370265,50.586758,24.567387,21.127695,3.60976,77.317612,5.06459,8.606451,44.457607,16.370623,16.415682,44.176003,10.573678,1.298,27.621746,45.82653,27.058516,32.63147,25.810036,7.725125,46.47765,3.715867,17.82,32.558544,68.392044,29.633749,64.220642,23.828022,12.953908,18.747377,25.339716,21.132036,39.514668,27.412666,27.763319,45.993553,287.71457,32.393303,18.478407,14.352649,2.963538,51.805397,98.159706
50.781532,50.227787,0.026,36.68536,47.076622,42.691242,12.272442,51.764458,25.237284,21.81426,3.734113,77.769913,4.724829,8.798965,45.470913,16.847416,16.61356,44.721039,10.577716,1.152,28.084152,44.241371,27.132645,34.262615,27.973347,7.721482,45.762348,3.795805,17.365,33.025299,69.198631,29.201054,61.857395,23.073227,13.123304,19.125277,27.121183,21.456171,39.007793,26.373701,27.590878,47.784237,289.07529,31.664299,18.865129,13.620077,2.952816,53.621174,100.77234
49.08252,46.403873,0.026,34.76268,46.54829,40.498058,11.623247,49.974667,23.559225,20.151657,3.488909,75.385841,4.906329,8.184623,45.002575,16.313324,16.359146,42.443066,10.273219,1.071,26.953833,43.0019,27.095579,32.884727,27.14934,7.532064,44.962273,3.758864,16.4,32.708252,65.723564,27.327312,64.124786,22.1486,12.794476,19.199121,26.06859,20.24419,38.349754,24.787283,25.857824,45.185295,267.00156,31.372011,18.558813,12.36217,2.740233,54.543377,97.496193
49.932018,48.007668,0.028,35.669361,48.698677,40.567028,12.343586,52.19059,23.426571,21.744068,3.530068,75.385841,4.922667,8.161974,44.610886,16.94768,16.823553,43.11388,10.577795,1.042,26.922216,43.777622,27.329102,34.035118,27.844593,7.505656,44.461136,3.603228,17.35,32.73027,68.224007,28.14378,65.044945,22.813763,13.163163,19.199121,26.612762,20.198393,39.053497,24.707361,26.172533,45.470974,277.43365,32.623775,18.635389,11.60068,2.617225,56.255093,97.496193
49.683186,49.505417,0.025,35.952301,48.272308,38.594536,12.628164,50.276836,22.570955,21.698351,3.636906,74.81102,5.103009,8.617777,44.6194,16.90062,16.56106,43.60302,10.256757,1.074,26.823414,43.322311,28.144562,33.039253,26.355373,7.44373,43.955597,3.654097,16.77,33.540489,69.837173,28.734499,64.553139,22.176901,12.953908,18.460693,27.375393,20.94883,39.877392,24.799274,25.866447,46.397667,262.76822,32.344078,19.263338,11.547666,2.649396,56.064907,96.874138
48.902325,50.20129,0.028,34.781967,48.068398,38.946278,12.432516,50.067642,23.118151,21.732634,3.566849,75.338722,5.322939,8.980153,46.892941,17.000887,16.726633,44.88176,10.129165,1.087,28.854832,43.558399,28.074133,34.082325,26.308165,8.166795,43.168713,3.633507,17.08,34.068897,71.04705,28.956488,67.0756,22.478821,13.188074,18.839653,29.683163,21.794392,39.250889,25.614456,26.301867,45.777546,283.02768,32.54583,19.757265,12.227223,2.872071,55.196648,95.920334
48.447533,52.428036,0.03,35.174221,47.410301,39.263527,11.881145,50.842442,23.44315,21.713593,3.508174,73.312737,5.437932,9.625638,47.540092,17.657757,16.936626,44.860794,10.211481,1.1,29.850779,44.157047,28.28171,34.692963,25.7717,8.29884,43.713814,3.048512,17.605,34.663349,74.71032,28.59152,63.744041,21.488152,13.138252,16.746357,30.7437,22.671665,39.946045,28.771307,26.60795,46.084126,276.07294,29.68924,21.396048,12.371809,2.973001,54.907227,98.574409
49.4515,51.612877,0.027,36.074474,48.485489,38.911789,11.107449,53.120358,23.436516,20.864092,3.479275,73.463509,5.342419,9.535043,47.599697,17.866484,17.639286,44.539364,10.977035,1.082,29.601786,46.0289,28.796928,35.944771,26.763086,8.442723,47.318531,3.255069,18.195,34.610516,75.012794,28.794703,64.846626,21.143772,13.561745,14.812721,29.814241,23.10149,39.092113,29.330755,26.715729,46.43251,301.77524,28.542936,21.258205,12.651344,2.914336,54.559921,103.96553
49.691765,52.39489,0.026,35.984447,49.56995,39.842857,11.036304,54.801678,24.139582,19.504137,3.037907,75.17852,5.767199,9.990846,48.578941,18.183668,17.659479,45.741238,10.170322,1.019,29.416039,46.47578,28.541172,37.31871,26.192289,8.874376,47.766926,3.038965,18.295,34.390343,76.693184,29.103231,58.730827,20.973942,13.691284,14.280528,30.461687,23.999903,41.967171,30.329756,28.181496,47.401016,295.57645,27.66258,21.955074,13.986362,2.872071,56.627205,109.81281
51.407932,52.925076,0.028,37.302673,51.062237,40.194592,10.742833,54.584728,24.889072,18.776541,3.002878,74.179665,5.711903,9.648286,50.15424,18.820074,17.98658,46.586742,10.190903,1.045,30.317133,48.592148,28.166798,35.940414,26.17083,8.971818,49.006596,3.025459,18.66,36.116467,77.466171,30.713593,61.269154,20.5305,13.88061,15.788409,31.851906,22.456753,43.408985,31.27681,30.134411,48.209267,302.38,26.970211,21.250549,14.159865,3.179275,60.01757,109.10783
52.32608,52.805782,0.026,37.900703,50.932476,40.794628,10.965159,56.173077,26.082952,18.555593,2.685864,74.584877,5.818725,9.81532,50.545944,17.864439,18.341951,46.670601,9.952183,0.958,29.929815,49.275116,27.666399,33.803169,25.419781,9.184001,50.510029,2.8519,18.25,35.949135,77.331734,31.262924,63.648842,21.450411,14.438626,15.517878,31.387169,22.421518,44.816475,31.564524,29.716236,46.61367,309.93951,26.86475,21.705227,14.256258,3.103578,58.628353,103.63377
52.437645,55.052414,0.025,38.395847,52.804787,40.084248,11.320882,61.945339,26.819176,19.218433,2.778692,70.203064,5.87528,9.954041,49.481541,18.14274,17.687748,46.391094,9.836937,1.049,31.368412,50.539879,28.674612,33.720303,25.900452,9.316047,52.294807,3.045719,18.24,36.156101,78.877701,30.751228,65.449493,21.393797,14.124743,15.655361,31.895596,22.939425,45.134014,31.848244,27.922831,50.5504,278.94556,26.190723,22.01536,14.458678,3.256234,58.115665,108.94196
52.695061,57.3587,0.029,39.180351,52.582336,41.31189,10.582758,63.456203,27.436014,19.309856,2.903045,67.658791,5.783537,10.081438,49.481541,18.255287,17.897739,48.214867,9.898675,1.048,31.980995,51.357758,30.335186,34.575195,26.050663,9.068347,51.257343,3.203069,17.985001,35.702549,79.986763,31.499968,62.316216,21.841961,14.000185,16.187555,31.466616,23.376299,44.327286,31.460627,27.164082,51.679153,271.38605,28.978533,21.073187,15.856351,3.406997,58.68623,111.63751
54.059418,58.054558,0.024,39.900555,52.387691,42.387787,11.231953,64.936073,27.734486,20.357443,2.811094,67.84726,5.941886,10.336237,48.979149,18.783239,18.366179,48.22884,10.289683,1.065,32.214176,51.222855,30.149853,34.8936,27.321007,9.067436,53.622395,3.133511,17.934999,39.647976,80.35643,32.828136,63.918552,22.214643,14.114779,16.542351,30.354437,23.527798,44.619083,32.651436,27.069239,51.999672,267.00156,29.53793,21.139923,15.812975,3.781698,59.537952,111.88631
53.338623,57.8955,0.024,39.952,52.962364,41.415333,11.320882,62.681404,27.180655,20.765047,2.691118,67.131088,5.946913,10.220162,48.246853,18.662508,17.833124,47.201664,9.701115,1.03,31.992853,50.236332,28.229815,33.672321,25.981995,8.951782,52.998165,3.174706,18.73,39.80209,78.541611,32.722794,62.324162,21.563629,13.975274,17.992579,31.021744,23.112062,44.36161,31.832262,26.68124,51.93697,261.10513,28.079828,20.668839,15.629831,3.817023,57.272205,108.23696
53.381531,57.835854,0.023,39.746231,52.8326,39.766994,11.205274,61.255772,25.86739,21.542164,2.600918,69.279579,5.960108,10.353222,48.817368,19.030846,16.960855,46.698551,9.528248,1.017,31.751768,50.666355,27.62192,33.838074,25.578575,8.93357,53.033333,3.107173,19.5,40.044281,79.112946,32.402973,62.665241,21.82309,14.244317,16.808447,31.256092,23.49609,44.979538,31.088999,26.418262,52.550129,262.01227,26.832653,20.93186,15.268366,3.924891,57.412781,107.40755
54.960415,61.19585,0.024,41.283089,52.702824,40.022175,12.370265,62.696903,25.933712,23.888758,2.889034,68.676498,6.078871,10.786376,48.544876,19.710224,18.616552,46.768425,10.190903,1.009,34.040085,51.956417,26.888008,35.150936,26.432623,9.220428,55.56543,3.261823,19.629999,41.906902,80.860558,32.831905,65.980942,22.285406,14.483465,12.981089,30.950249,24.803186,46.163879,31.077007,26.750217,53.915787,231.62309,29.024384,19.930807,16.078053,4.003111,59.951412,106.66107
55.295063,63.966042,0.024,42.845673,51.516418,42.760216,14.184452,64.936073,26.610249,25.823933,3.345289,68.676498,6.087039,11.018524,47.540092,19.996712,19.787661,48.585213,11.129322,1.076,34.830521,50.851856,28.615305,37.131157,28.758728,9.816909,59.35479,3.376628,19.83,41.400513,83.549202,35.063091,67.956093,21.808939,14.229371,13.176224,32.272942,25.370419,47.116516,30.249832,27.530521,55.392925,254.60397,32.041451,20.11924,17.817911,4.305268,59.761219,114.58187
55.947201,62.94545,0.023,43.662334,53.157001,41.236019,13.997697,64.781113,26.666626,25.21443,3.196415,71.145378,6.308856,10.814687,47.10582,20.17474,19.440369,48.920628,10.886485,1.207,34.577579,52.934498,28.437387,35.652534,27.466925,9.962614,58.273365,3.310446,22.299999,41.880482,83.986099,34.611588,66.647255,20.723913,14.632935,13.420148,31.279924,24.669306,48.318027,30.653433,28.582424,55.149055,231.47189,29.744261,21.724854,16.502174,4.350056,60.505455,113.42072
54.780209,61.361542,0.027,42.215496,52.925282,39.249737,12.352479,59.039825,24.98193,23.424011,3.064179,72.681374,6.016663,10.455141,48.587452,20.146093,19.016346,48.075115,11.368044,1.186,32.226032,52.184071,27.028862,36.328602,24.943401,9.607457,56.734768,3.416472,24,42.272381,81.667152,34.126213,65.92543,20.242735,14.269228,13.588676,28.837114,24.531904,47.296734,30.581505,26.892483,54.076035,220.28384,27.570875,21.630636,15.943105,4.22894,59.298157,107.98811
57.560413,61.600128,0.029,42.916409,54.130241,42.063633,12.921636,61.898846,26.049789,25.012529,3.121977,74.575455,5.965136,10.523088,49.592243,20.778408,20.655893,50.954033,11.919569,1.162,33.194313,53.887287,28.033363,37.850834,26.698711,9.994489,55.609398,3.376628,25.75,43.522938,83.448364,35.503307,70.724487,20.5305,14.767456,13.615286,30.564957,25.275293,47.228085,30.385702,27.030437,55.880653,205.31602,29.340765,21.81122,17.08534,4.491988,62.291595,111.96925
57.139938,60.990417,0.026,41.398842,53.685329,41.656719,13.10839,60.666908,25.230654,24.848728,2.967849,73.124268,5.755888,10.276782,49.140942,20.766127,19.561516,51.016922,11.853715,1.119,31.34075,52.875477,27.351343,38.243393,24.316813,9.816909,52.936623,3.410394,25.735001,42.915276,83.078682,34.754562,63.339493,21.129623,13.701249,13.304839,30.572903,24.352224,46.507175,30.125959,26.482931,53.086636,211.8172,28.620886,22.635618,17.114254,4.431431,61.175247,110.35191
57.311569,63.316582,0.027,42.356968,53.713135,42.767105,13.490792,59.311024,25.94035,26.231541,3.138617,72.210197,5.661632,10.440986,50.452271,21.281805,20.235914,52.756859,12.080089,1.135,32.526402,52.706837,29.723595,37.536793,22.647337,10.240365,54.862076,3.400264,25.745001,44.275917,84.994324,35.928471,62.665241,21.200384,13.4621,13.389104,29.699047,25.028673,46.687401,29.166916,26.642441,54.549839,218.46956,30.730082,23.118479,17.842009,4.510282,61.795437,115.07951
55.758442,62.24297,0.025,40.948711,52.193043,42.049843,13.143963,59.60545,24.335243,25.644892,3.026523,69.920357,5.554809,9.97386,48.630028,22.149446,19.266724,53.448631,11.664386,1.185,32.538254,52.588791,28.478157,39.543171,21.338369,9.880655,55.240124,3.358394,25.799999,43.650635,83.616402,36.052643,61.824425,20.903183,13.482029,13.442323,28.868885,24.567139,47.408314,28.651428,26.32773,53.811268,190.4994,30.720913,23.295135,17.210648,4.623196,62.953121,119.84858
57.294403,63.402729,0.025,41.855385,56.262081,44.829254,13.54415,61.139553,24.597231,27.138176,3.040535,67.724747,5.440445,9.934224,44.151062,21.875238,19.989578,53.008415,11.927802,1.147,33.384018,53.668056,28.604183,40.149452,22.158083,11.201112,58.027195,3.34894,26.290001,43.223515,83.381157,38.114513,63.291897,21.445694,13.706231,13.628591,28.328691,24.930023,48.996029,28.839239,27.245991,55.434727,190.4994,32.302807,23.876139,17.244383,4.715925,62.936573,127.39613
55.089119,61.898357,0.026,40.620754,55.32592,44.298203,11.827787,59.225788,23.987028,25.538231,2.68061,68.610535,5.24565,9.342529,44.849312,22.09215,19.282875,52.00219,11.413318,1,33.198265,52.352703,29.200958,38.417854,21.716038,11.192006,54.510387,3.362446,25.32,42.822807,85.296799,36.86911,62.712837,20.568239,13.845736,13.025437,26.092422,23.358686,47.768757,28.135946,26.047512,55.532284,187.6268,31.848875,23.840809,16.781708,4.480633,62.258511,119.84858
53.72477,61.235615,0.024,40.18993,53.981934,42.753311,11.045197,57.807899,23.469677,24.498262,2.699,65.830681,5.130029,7.825076,43.929672,20.573774,18.685207,49.577465,10.902949,1,30.360611,49.249825,26.676725,35.931686,20.102354,10.641056,53.490517,3.440109,25,42.774368,83.952492,36.105312,63.260166,20.072903,13.332561,13.158485,24.912722,22.340487,47.64003,26.365709,25.836269,53.386234,167.36734,28.290751,23.793697,15.384035,4.276882,61.09256,116.0748
56.770977,65.026405,0.026,43.43084,55.752289,45.367199,11.996756,62.286255,24.560753,25.755365,2.802336,67.244164,5.285237,7.876037,43.7253,21.318636,19.832085,52.065067,11.446244,1.002,31.273556,53.018818,29.467834,37.815941,21.381283,11.460649,57.543621,3.627173,25.715,44.143818,87.313263,37.162586,66.14753,21.139057,14.124743,13.499978,27.407175,22.816116,51.175922,26.513559,26.534662,54.542866,164.04115,30.775934,22.965378,16.184082,4.704571,61.191799,125.1153
58.023781,66.239189,0.025,44.30537,55.891323,47.029339,12.281336,65.93557,25.190857,25.858221,2.749792,69.731903,5.322311,7.842064,44.960003,21.965277,20.292448,52.51228,12.182985,0.979,33.028328,54.173962,30.424147,38.326263,22.896255,11.620015,58.844849,3.781822,26.93,45.288689,88.220695,36.767517,69.288727,21.101316,14.164601,13.974516,28.277056,22.594156,51.527782,27.764317,26.642441,55.253563,187.6268,32.509144,23.781925,15.008109,4.822531,61.059479,129.71845
58.049526,68.127953,0.025,45.019142,57.439224,47.61557,12.459195,66.299721,25.734737,26.322966,2.768183,71.145378,5.287751,7.867542,45.905193,22.570993,20.252068,53.106228,12.314692,1.081,34.14679,52.302116,30.824465,39.879025,22.943464,12.111772,59.81197,3.877719,27.700001,45.883148,89.665817,37.888752,69.859856,21.0966,13.780966,13.415712,28.312798,22.220699,52.549072,27.648432,26.034578,56.229042,203.19937,33.655445,23.797626,15.63947,5.161276,61.936008,130.13313
58.349854,68.757538,0.025,46.324512,56.66991,49.470806,12.690416,66.222229,26.97504,24.875393,3.213929,71.918083,5.366927,8.006266,45.02813,22.759254,20.219761,52.931545,12.841525,1.175,34.711948,51.256573,32.377544,40.952003,23.973476,12.539782,59.565792,3.821668,28.629999,45.288689,90.909325,39.017513,70.391312,21.063574,13.437188,13.712854,28.821226,21.935318,52.308765,28.135946,27.151148,57.19059,227.38977,35.723377,23.970358,17.075703,4.970141,63.093689,132.7043
57.749187,69.817894,0.023,45.76506,57.133354,50.139797,12.832705,67.857071,27.565351,25.138241,3.206923,71.757889,5.431648,7.932657,44.457607,22.877943,19.916889,51.338356,12.660428,1.233,36.217728,52.420151,32.989143,40.999981,24.514229,13.172689,59.42511,3.61907,29.065001,44.430035,92.455276,40.356983,72.40612,21.261711,14.27421,13.60198,29.007908,22.012831,51.785255,28.20787,25.862137,57.462322,219.37669,36.305695,24.304039,17.355236,4.983388,62.837345,134.98515
57.774933,69.453384,0.023,45.752209,57.355808,50.29842,12.752667,67.864822,27.406168,25.103956,3.100084,72.106544,5.400858,7.977954,44.542763,22.996628,19.76343,51.009941,12.553415,1.23,36.225643,52.445454,32.566593,40.999981,24.50565,12.967791,58.264568,3.376628,29.299999,43.95887,91.413437,40.515007,72.636162,21.214535,13.701249,13.584241,28.916553,22.012831,52.085629,27.972109,25.909557,57.274197,210.15411,36.154385,24.331522,17.119076,4.951217,61.580433,134.98515
57.251499,71.70665,0.024,46.601021,57.346539,52.277813,13.490792,68.655113,28.275047,26.505816,3.276982,73.981781,5.576802,8.212933,43.946693,23.925659,20.906271,51.638821,13.705857,1.3,37.415241,51.90583,33.949169,41.09594,25.316782,13.637126,58.079941,3.609615,30.16,44.209869,92.858566,41.485741,73.97673,21.790068,14.179547,13.393538,30.080364,22.47789,52.755043,27.013065,26.901106,58.479614,244.62543,37.396976,24.461071,17.581755,4.929769,63.58984,138.96629
57.568996,69.983566,0.035,45.655754,56.725525,50.498432,14.575747,65.904564,28.580149,28.383854,3.586114,76.87471,5.67043,8.077043,41.047283,23.176708,20.954731,50.807297,14.13391,1.401,37.106968,50.919308,34.260525,41.004345,25.810326,13.21367,54.062,3.916889,30.379999,44.716251,90.909325,41.583561,73.159698,21.563629,14.234352,13.238316,31.506332,21.124989,52.626312,26.793285,28.616913,58.284508,238.42664,34.56332,22.969299,18.005875,4.737372,62.886963,136.51955
60.598042,68.823799,0.032,47.051147,58.588562,50.574299,15.020401,65.393196,28.749285,27.88863,3.681569,75.970078,5.598794,7.839233,42.669426,22.869757,21.394903,51.953266,14.166838,1.592,36.632706,53.0947,36.065666,41.013065,26.840336,13.149922,55.328037,3.984421,30.690001,43.897232,89.934692,41.688915,70.518234,22.733566,14.299122,12.941175,32.308689,20.4732,49.819916,27.164911,28.776421,57.706188,240.3921,33.096054,24.044947,17.413071,5.027545,63.151569,138.09541
60.20332,69.718483,0.031,48.613731,60.015968,52.31229,14.744717,66.408195,29.05439,27.926722,3.888241,84.837341,5.595653,7.539139,44.236217,22.992537,22.388325,52.44939,14.990012,1.695,36.300724,55.02557,35.798786,40.790623,28.411097,13.910324,56.699596,4.073564,32.200001,45.376759,90.976547,42.230721,73.47699,22.445801,14.852154,13.451193,31.871763,20.036325,51.527782,27.532549,28.56518,57.016396,229.20406,32.765915,23.986061,17.104618,4.926615,63.457546,143.27916
60.486473,69.950439,0.028,48.77449,60.803822,51.367428,14.317849,67.717621,28.818926,29.351439,3.819059,87.372185,5.669801,7.264525,44.270283,23.712841,21.61297,52.624084,15.154645,1.593,37.359901,56.054245,36.250996,40.12764,28.106388,13.482315,55.952278,4.37611,33,45.729027,91.514267,43.073532,73.500778,22.125011,15.380275,13.854773,32.006817,19.479664,52.274433,26.701374,27.159771,57.810425,219.37669,32.550407,25.151995,17.639587,5.052145,63.316956,144.31592
58.984825,67.962257,0.027,46.350235,60.266224,50.69154,13.259572,67.872566,30.218422,28.052433,3.849709,89.303947,5.422223,7.275848,44.304333,23.684193,21.386827,51.694736,15.121718,1.758,38.561371,55.337536,35.880329,41.479759,27.162216,13.55972,55.266499,4.270084,34.279999,42.739132,90.640457,41.169689,72.136436,21.639111,15.320488,13.486671,32.066399,19.285891,51.090084,26.453617,26.827816,55.589172,208.64221,32.123981,25.352207,17.099798,5.20417,63.738689,140.33481
60.151829,67.796585,0.025,45.494991,60.989208,49.415634,13.259572,68.608635,29.153877,27.412455,3.809426,92.658615,5.148252,7.343795,44.346912,23.741491,21.362598,56.006111,15.121718,1.937,39.375523,55.700108,38.749271,43.398914,27.690092,14.060582,58.396454,4.207279,34.790001,45.508862,89.29615,40.454803,72.184013,22.082554,16.24719,13.641895,33.810123,19.26475,51.304646,26.869205,28.177183,56.515293,220.73741,32.096478,25.572042,16.921474,5.194709,65.326363,138.80041
60.314869,69.055756,0.023,47.790634,60.284775,47.443142,12.557019,67.392197,29.575048,27.023895,3.686823,92.064941,5.128144,7.281511,45.232494,24.711449,21.992573,55.894314,15.693824,2.071,40.154095,56.172291,40.387611,43.172108,27.724426,13.746406,57.816181,4.250499,34.334999,46.499619,91.11097,40.469852,69.661537,21.724022,16.127617,13.943472,32.940239,19.514896,51.10725,27.860222,28.517757,56.717896,212.42195,32.293648,25.870399,16.651579,5.014929,66.095398,130.05023
60.529388,68.956352,0.025,46.189476,61.943897,47.725906,12.485875,69.553879,30.294691,25.576321,3.855839,91.933022,5.102381,7.188087,44.687523,24.40041,21.923923,56.306587,15.463337,2.101,41.814011,57.319008,37.503838,43.817638,29.312359,14.087903,57.833759,4.187019,29.445,48.327019,92.220024,39.333572,67.940231,22.313709,16.232243,14.506708,33.115021,20.180775,51.793831,28.74334,27.737452,57.644016,204.56007,33.036442,26.639837,16.159983,5.002311,66.153282,128.267
65.386147,74.357544,0.025,47.12188,62.759552,50.105312,12.894956,75.845276,30.198517,26.342014,4.044997,89.275673,5.260102,7.476854,43.435787,24.392221,21.564514,56.893547,15.821419,2.126,42.288273,59.359489,40.268997,44.663807,28.454021,13.923983,54.695019,3.969563,32.869999,50.35257,97.42926,41.389191,71.327339,22.35145,15.968183,14.085389,32.729725,20.314657,54.76329,28.251829,28.457401,60.198082,204.25769,33.169411,26.702646,17.62513,5.070439,65.739822,132.7043
68.432373,74.390678,0.022,48.285782,65.039711,48.277657,10.698367,74.907761,30.510254,25.980118,3.793662,94.232307,5.391432,7.400416,44.644943,25.300793,21.649317,57.23595,15.076446,2.11,44.97575,61.180748,40.839825,44.681259,28.243721,14.716257,54.958786,3.781822,31.370001,49.581982,100.99167,41.296562,73.841858,23.299665,15.868537,14.679671,33.373199,20.082129,55.612938,29.990097,27.159771,60.400681,198.81485,32.362415,25.40324,17.755259,5.267882,64.499451,125.69586
68.71553,72.236824,0.024,45.527142,66.318817,47.994888,10.511613,71.746574,29.196989,24.681112,3.437241,92.771698,5.353102,7.850556,44.457607,25.734613,20.684166,56.865597,12.965001,1.89,44.327591,61.69508,38.111729,47.586147,26.814585,14.265482,48.93626,3.660265,31.174999,50.63879,100.08427,38.749302,69.090408,23.035486,15.69914,14.626453,29.83013,21.015772,53.639015,29.023058,26.685551,62.592983,198.05891,30.170687,25.74085,15.943105,5.16443,64.565605,123.49795
69.453476,70.215523,0.02,43.932411,66.77298,46.422417,10.18257,72.265678,28.152344,23.17259,3.590493,94.939034,5.181556,7.711833,44.832272,26.83963,20.764929,56.621021,13.491834,1.797,44.311787,63.313976,37.615044,48.257851,25.930494,13.873898,48.637333,3.51372,31.875,51.827698,98.067795,38.270718,68.25753,22.974157,16.202351,14.684109,28.666313,20.487293,53.639015,28.999084,26.474308,60.798618,193.52321,28.717176,25.870399,15.292461,5.280499,64.499451,121.71473
67.617165,69.78476,0.019,43.000004,64.872856,45.732738,10.111424,70.119499,27.193924,23.05831,3.380318,92.39476,5.305346,8.01759,46.69709,26.213455,20.680126,53.89584,12.347622,1.553,41.584789,60.337566,35.791367,47.306999,25.157986,12.876726,46.15799,3.581251,30.469999,51.035099,99.983452,35.742752,66.98835,21.879702,15.594513,14.267221,27.955313,20.363981,51.424801,27.932148,26.125111,58.888485,174.47327,27.809303,25.246212,13.750204,4.91526,65.351181,120.67799
66.88781,71.110207,0.019,43.98386,64.326004,46.484489,10.38711,68.04303,26.610249,23.843044,3.763887,94.46788,5.516478,8.198778,46.69709,27.523106,21.14049,55.649742,12.919727,1.706,42.786251,61.61076,37.592796,50.133385,26.501293,12.958684,46.81739,3.596785,32.77,52.091908,102.57125,37.703377,72.739281,22.115574,15.773874,14.790545,28.789446,21.311718,50.892704,27.392685,26.590708,58.454376,190.34822,27.923935,25.630932,13.412834,5.128474,67.236534,116.44801
65.669319,68.691254,0.019,42.202637,63.640102,44.718899,10.146997,63.998569,27.162201,22.932598,3.354046,87.824509,5.451128,7.43722,45.121792,25.505424,20.086494,52.051098,12.709818,1.497,39.711452,58.271786,37.110931,48.153172,26.660084,12.671826,46.272282,3.552212,31.299999,51.717613,99.546539,36.12484,70.470642,21.51174,15.464974,14.089825,29.166794,18.387478,49.64827,26.853224,22.417587,55.089935,176.43874,26.809729,24.029242,12.829669,4.804238,64.838486,113.00601
67.874596,73.562271,0.019,46.678185,64.423599,47.325905,9.066488,68.926292,29.06789,24.64683,3.613262,87.815086,5.641524,7.748637,44.74712,26.274841,21.231018,56.328087,13.886956,1.603,42.193413,60.911575,39.431297,45.841465,28.70723,13.404907,48.180149,3.612992,33.415001,51.101147,100.08427,37.26339,69.19355,21.728745,15.868537,14.440185,28.598787,20.331669,51.278896,26.281794,22.219278,57.101357,185.96372,27.580044,23.785845,13.268249,5.108919,67.77404,117.94095
73.366348,77.00843,0.017,47.160461,65.931396,49.739796,9.640092,74.380898,30.508526,27.957197,3.835698,91.650337,5.711273,8.04307,44.023331,26.287123,21.577717,55.53587,14.43437,1.638,43.426495,61.680431,39.624043,45.989773,28.312393,14.406632,49.050556,3.667694,35,51.299301,105.47755,37.660923,73.68322,22.422213,14.603041,14.404705,29.842039,21.047785,53.055424,27.029049,22.891806,58.309666,192.91844,28.662153,23.306915,13.812858,5.216788,67.658272,128.50674
71.13533,77.439209,0.018,49.225849,65.968849,49.546669,9.275476,76.364388,30.721821,27.58007,3.93378,93.629204,6.120344,7.457038,46.390545,24.543653,22.114269,54.918083,15.084677,1.75,45.671329,65.174522,42.604183,47.882748,32.634895,14.652511,47.072361,3.640005,34.279999,54.609184,106.25106,37.74197,75.705963,22.724129,14.348945,14.781678,30.723835,21.108408,54.325592,27.860222,24.764132,59.098324,209.70053,29.634218,23.962505,14.506874,5.709447,67.757492,127.78452
74.57238,82.331207,0.019,49.632668,66.062508,49.608742,6.949048,77.71254,34.267456,28.578133,4.124689,93.857407,5.785421,7.989654,44.108486,25.989388,23.07181,56.189999,14.94062,1.841,47.477894,65.302681,42.873596,47.05402,33.941006,14.124329,50.299019,3.626498,35.759998,53.179153,104.915,36.626583,77.760437,21.660563,14.503395,14.746197,30.263079,20.763615,53.836414,26.429647,24.872747,58.512253,207.13031,28.478743,20.189903,14.487596,6.111273,67.559044,136.32333
74.642136,80.610237,0.016,48.985748,65.940765,50.610481,6.819209,79.007774,33.152012,26.627716,4.264805,91.659843,6.254818,8.138241,45.856213,26.825056,23.389616,56.589745,14.681321,1.75,46.099068,65.439362,41.183102,47.559982,34.183384,14.561446,49.630833,3.54546,34.639999,54.899654,100.8014,35.681004,76.507126,21.012922,14.608023,14.413576,32.227703,20.638578,50.360596,26.570461,24.616417,59.655434,202.5946,28.180706,20.598179,14.603266,5.9296,65.549629,139.33951
73.325439,82.434471,0.016,50.172878,65.116615,52.616905,7.185603,80.585396,34.554176,28.070616,4.392662,91.802551,5.969771,8.085616,45.260239,27.81115,23.220396,58.871941,15.01197,1.926,46.617126,63.730766,41.017075,49.042957,35.027195,15.144266,51.51186,3.558966,37.294998,54.631531,101.71552,35.885563,65.735062,21.107466,14.418696,14.715154,32.310974,20.047493,49.802753,27.078545,24.768476,59.047665,210.91007,27.139824,20.531439,14.897259,5.972496,63.7883,140.23163
71.136749,80.472557,0.016,48.572254,63.833584,51.552998,6.810316,80.387199,33.998211,28.276815,4.308592,93.904968,5.973824,7.99894,45.147942,26.369619,22.630188,57.040371,14.361464,1.99,46.170803,63.61969,38.171917,47.629761,34.663635,14.884728,50.008648,3.309096,39.080002,54.631531,100.62559,35.719601,67.272171,20.96092,14.000185,14.790545,31.569824,19.998238,49.794174,25.416855,23.591093,58.121552,209.54935,25.836447,20.374414,14.984012,5.666553,66.564659,137.7677
71.843048,78.476242,0.016,48.558918,62.66293,50.003555,6.629786,79.911545,33.047108,26.911219,4.359385,94.304527,5.915059,8.060851,45.49345,27.046515,23.558838,55.375961,14.319496,2.05,42.847271,63.730766,39.054893,47.498917,35.085537,14.52502,48.890182,3.318369,38,54.609184,99.535652,35.731182,67.520859,20.847466,14.358909,15.717449,31.890438,19.733011,49.867481,25.037867,23.165325,57.369068,221.34216,24.981394,19.87977,14.376746,5.670969,63.655418,131.73532
68.669022,72.624939,0.016,46.351391,61.164474,45.955006,6.466153,76.264786,30.183331,25.833523,4.09141,96.321312,5.804282,7.683192,46.599037,26.557642,23.104828,51.153179,13.622826,2.057,39.802689,61.671906,35.734287,48.842319,32.392521,14.169863,44.926353,3.17453,36.825001,53.33556,97.179977,34.878231,67.562317,20.384186,14.483465,15.661826,30.204103,18.452337,47.986351,23.892593,22.31813,55.900288,211.06125,24.02466,20.021101,13.967084,5.635644,61.424732,123.28151
72.497047,77.271561,0.015,45.771164,62.747208,47.968575,5.956581,81.338531,32.508625,25.02039,4.066015,100.17419,6.054881,7.807015,47.100006,25.550659,22.477476,51.422104,14.382447,1.913,41.181519,61.72316,37.90778,48.346771,34.340473,14.201735,41.409916,3.362959,43.244999,52.307739,99.430176,31.809935,65.987236,20.445644,15.041481,15.954442,29.816872,18.58116,48.996582,23.659372,21.231985,56.182472,208.94459,23.391457,18.682432,14.550251,5.761175,61.534992,127.23229
70.630989,76.101303,0.015,44.657398,63.18737,47.268826,5.255806,84.549255,33.232441,24.720814,4.227149,94.532845,5.950859,7.392209,41.554764,24.113306,22.539387,51.087769,14.344675,1.894,39.695095,60.048733,39.092628,48.302567,34.852146,13.892112,38.501919,3.357206,47.865002,51.905529,96.652588,29.857033,66.211067,20.956194,15.091303,15.814888,29.521242,16.724562,47.463814,22.5016,18.42104,56.073944,192.16249,23.192715,19.114258,14.02492,5.859581,60.703777,128.46425
74.921173,79.818588,0.017,46.991642,65.772186,50.353436,5.307386,88.51313,36.610229,26.043615,4.513513,95.655388,6.079197,7.540797,43.30817,25.253994,23.381365,53.951424,15.108492,1.931,41.771309,62.432217,40.375595,49.248466,35.045143,13.996835,41.638081,3.283847,50.740002,52.575859,102.06712,31.092064,67.230713,20.724556,15.445045,16.116508,30.170794,17.031467,49.954571,22.397482,19.116173,59.396717,224.51715,24.449875,19.114258,14.877981,5.820472,62.188084,136.6207
74.005592,80.988853,0.015,46.684849,65.154076,51.574429,5.797395,91.922058,37.267609,27.311949,4.621227,98.937447,6.048801,7.680098,43.062004,25.082685,24.083006,54.067707,14.999376,1.857,41.866947,62.867916,41.507618,52.908283,34.982307,14.165309,41.790195,3.293916,50.18,53.559002,104.0712,32.863575,66.492928,20.771828,15.534724,16.364107,32.007023,17.02389,48.535011,21.885229,19.541941,62.301228,208.64221,25.309547,19.063225,16.405781,5.821732,62.018456,139.50943
72.575531,80.74791,0.015,43.930454,63.805473,52.952507,5.905001,92.199532,36.575256,28.117294,4.664138,97.890999,6.21429,7.902977,41.939129,23.682934,23.736315,53.253674,14.856686,1.868,43.986992,61.996525,42.722656,56.568108,33.62682,14.065135,42.425488,3.300389,50.970001,54.31871,104.21182,33.450214,67.147827,19.807455,15.380275,16.188538,33.705853,17.72106,48.116985,22.030993,20.523817,59.493778,205.31602,25.915018,19.275213,16.237095,5.92897,54.825935,140.44405
75.426933,82.503304,0.016,45.270969,65.547409,51.752934,6.016164,93.309402,37.44244,26.845078,4.650126,91.165169,6.207535,7.887499,41.338829,24.844517,26.183825,54.031372,14.550318,1.835,45.453491,63.636787,42.94907,57.620094,34.210312,13.354821,41.647026,3.29967,51.66,56.575474,106.53232,33.129875,69.054482,20.20928,16.197369,16.683739,30.229086,17.069355,49.040138,15.596609,21.631687,62.532681,200.02438,26.136869,18.513624,16.405781,6.112535,53.044777,148.17569
73.220795,81.814919,0.015,43.210167,62.653553,51.624416,7.017524,93.150856,37.945957,26.572739,5.320936,93.419792,6.564857,7.584134,42.50489,24.380716,25.993963,52.396038,14.214575,1.85,45.955612,65.74691,43.009445,57.460964,34.883564,13.509634,40.729897,3.272341,55.139999,53.35791,101.71552,32.73621,71.044052,20.823828,15.933308,16.593702,31.261711,16.144844,48.865955,15.159322,20.549885,62.375885,202.89699,26.123001,19.029865,16.367224,5.99899,55.148247,149.15277
72.540642,79.57766,0.014,45.35767,63.824203,53.930725,7.329671,93.666153,38.715229,26.580517,5.814847,94.561371,6.601332,7.633663,43.37727,25.567371,26.666721,53.326355,14.025719,2.185,46.338173,65.063469,42.971703,58.309616,37.612492,12.931365,42.367313,3.376624,56.5,52.978058,100.16851,34.638939,73.779694,21.835472,15.689177,16.476654,31.611467,16.11832,49.728142,15.355061,21.914085,62.398281,206.37436,27.666719,19.502865,16.063593,5.910676,55.156727,151.19189
72.505768,78.166466,0.015,46.03793,63.18737,53.837894,7.848137,96.440865,38.987968,26.432674,6.075815,92.116478,6.581745,7.519128,43.290894,26.524216,26.584179,53.268208,13.866239,2.2,43.660221,65.362457,41.884964,58.344982,39.735485,13.140818,43.790001,3.526936,59.240002,53.268532,101.36393,34.762444,73.572464,21.556564,15.539708,16.508165,31.773848,16.072855,49.858772,15.38838,22.027044,61.756157,215.74814,27.638988,20.293905,15.711764,5.879135,55.597775,150.42722
69.75901,74.621269,0.016,44.103848,61.061462,50.903236,7.822347,90.534698,36.309513,25.491154,5.964597,86.570267,6.546619,7.416975,42.483295,25.579908,25.251045,50.891521,14.521198,2.04,41.882885,62.620163,40.51144,56.665344,37.293816,12.298456,43.633419,3.567211,54.68,51.369278,96.969025,33.697227,73.041908,20.332188,15.146108,15.823893,30.899462,15.758369,48.70919,15.296757,20.806215,59.799904,213.1779,26.575949,19.910618,15.331019,5.53156,52.883617,142.90796
69.619476,77.099457,0.015,44.584034,60.724308,55.480167,7.83124,96.36158,38.155762,26.350971,5.846374,87.483543,6.507442,7.86583,41.71888,25.433666,25.019917,54.809059,14.659165,2.039,43.205921,61.979439,42.277397,57.876446,38.783951,11.802147,45.239529,3.529094,54.150002,49.961594,94.964958,34.735424,74.45118,20.62528,15.763908,15.756363,32.460876,17.637703,46.862896,15.667409,20.254454,65.071327,214.6898,28.674299,17.900391,15.292461,5.579502,53.943836,141.88843
69.541008,77.615753,0.017,46.5448,62.044807,57.051041,8.375497,99.096649,39.99501,27.148544,6.037283,89.776237,6.682387,8.506612,41.952087,25.905819,24.830055,56.473465,16.176821,2.056,43.795708,62.970432,47.748852,58.654385,40.332436,12.694592,46.223774,3.605328,55.970001,50.162693,101.96163,33.770561,72.950714,20.724556,15.564619,17.512074,33.593426,19.392002,47.672832,18.815886,23.286974,64.914528,247.49803,29.044046,18.03087,16.256374,5.746035,54.401852,149.57758
69.854935,80.300468,0.018,48.012035,62.278942,57.458035,8.451088,99.096649,40.435593,27.514259,5.841119,93.419792,6.970813,8.367312,41.805256,26.290228,24.858948,55.230606,17.578064,2.023,46.473667,65.78109,47.167747,54.543716,38.923092,12.767447,43.271034,3.538443,56.860001,51.034111,101.92648,34.723846,74.699875,20.989286,15.584548,17.093405,35.396351,18.713776,48.291164,17.137529,22.157381,67.326218,245.38138,28.868414,17.839228,16.85882,5.784514,55.165207,142.90796
69.863647,81.057686,0.017,47.705257,61.829414,57.193848,7.714741,101.35606,40.56147,26.568844,5.87177,93.220009,7.281527,8.305402,41.593632,26.089666,25.308825,56.182739,17.586689,1.977,46.346149,65.114723,48.895981,55.542652,39.677139,13.322948,43.566307,3.378781,57.450001,51.413967,102.38355,34.60421,75.023178,21.230379,15.943272,17.012373,35.379692,19.278332,48.064732,16.079708,24.147202,67.072372,243.41591,28.56337,17.455938,16.955212,5.88986,55.258503,144.26739
70.508911,80.816757,0.016,47.191723,63.11245,56.893963,8.082914,100.36508,40.56147,26.961796,5.882279,88.063858,7.558467,8.212533,41.502941,25.479628,25.358355,56.49527,17.672918,2.086,44.760094,63.320698,46.511173,55.825535,40.305504,13.122603,42.098881,3.358644,60.900002,50.855362,101.96163,33.828449,75.843864,21.154741,15.564619,17.512074,35.821045,19.388212,47.124161,15.704889,24.320986,67.580109,270.6301,28.119663,17.476324,17.495001,5.949787,53.909912,139.25456
71.520416,82.227943,0.015,47.811962,64.264381,57.650822,8.190521,105.91451,40.785263,27.595963,6.30438,83.906578,7.63277,8.506612,40.971745,24.815269,25.655523,57.592747,18.207546,2.05,46.449757,63.124199,48.503532,56.57695,41.557755,12.88128,43.150238,3.346418,58.049999,51.615067,101.2233,35.198566,77.170235,21.414745,15.395222,17.728161,35.392185,20.293776,47.010944,15.863148,23.7866,68.244621,277.13129,29.002445,17.855536,17.716702,5.819209,62.196571,143.03542
72.985352,84.87825,0.014,49.025764,65.191536,58.571922,8.766791,108.09463,40.771271,28.860401,6.486533,84.344185,7.886069,8.447797,41.908905,25.793005,26.398447,58.01432,19.725203,2.064,46.226589,64.687576,49.039371,57.602417,43.146637,13.509634,45.588493,3.358644,56.950001,53.179153,102.8406,37.660923,75.562012,21.258741,15.295577,18.0793,36.391495,20.612055,46.60162,15.617434,24.364429,67.88623,266.39679,30.976002,18.777058,18.261312,5.954202,60.703777,145.45686
73.421349,85.084755,0.015,50.132862,65.107254,59.735794,8.489327,107.97572,41.953152,28.078396,6.169518,84.239548,7.669919,8.308496,42.409874,25.926714,26.295259,58.842873,19.18195,1.87,45.708534,65.78109,49.348789,56.957077,43.788475,13.177244,46.196934,3.321246,56.950001,54.296364,106.77844,38.019855,73.779694,20.814375,15.798787,18.263878,37.753052,20.418814,50.181004,15.525808,24.711996,70.073936,265.18726,30.231874,19.482473,18.314327,6.074687,62.858139,144.77714
73.01152,84.981499,0.014,51.073231,65.706619,59.036041,8.402175,107.26221,41.995113,27.576508,6.222062,83.002831,7.852295,8.296114,42.306225,24.819448,26.807053,58.995499,20.475405,1.929,45.357853,67.788673,50.548733,57.125042,45.081131,13.03609,46.107452,3.337068,57.07,54.519806,108.50125,36.244488,70.223351,20.852194,17.283503,18.511477,37.977898,20.430178,50.381313,15.992252,24.985706,70.156067,296.3324,29.857504,19.486553,18.179379,6.147861,63.816578,153.86821
75.810608,85.532219,0.015,50.472992,68.422554,58.386276,9.271029,113.88187,41.589504,27.039608,5.653713,83.31675,7.663166,8.317783,41.364746,25.563192,27.178514,59.620567,20.734098,2.469,45.413643,69.676674,50.314777,56.57695,45.790283,13.195457,46.36694,3.26443,57.580002,55.234821,108.25513,34.117908,76.134018,20.856916,16.919798,18.506977,36.137497,20.460491,51.374134,17.333265,24.029898,71.395531,361.04175,31.086931,18.879,18.526386,6.238066,63.307682,156.33212
76.438431,88.216934,0.014,52.020267,69.237328,58.229195,8.865504,117.76646,41.030022,26.358755,5.526732,85.599937,7.551715,8.358025,41.459755,25.776291,27.042305,59.598763,19.574297,2.75,44.82386,69.206818,51.235493,55.816696,44.865681,13.832917,43.977905,3.230628,55.310001,55.391228,108.99346,32.983215,76.432457,20.970377,17.841518,18.227863,36.945274,19.873203,53.037548,17.170845,23.591093,72.216835,376.7655,29.418421,18.471247,18.608318,6.390091,61.70462,157.8615
77.746414,87.218758,0.015,51.113251,68.975098,59.814339,9.150973,119.19346,42.051064,26.564955,5.409384,86.817619,7.619261,8.676868,41.338829,26.653746,28.350676,59.969437,19.850235,2.719,44.903557,69.608337,49.877064,55.197884,46.957264,14.374761,42.255474,3.302547,55.169998,56.70953,110.3295,32.747784,75.736115,21.438377,17.40806,18.412437,37.428272,21.813162,52.480171,15.917288,25.09432,72.328857,362.25125,29.02556,15.61697,18.097446,6.582488,62.451027,159.85811
78.060326,88.010406,0.014,52.420422,69.986549,60.385567,9.729022,121.84924,42.659485,27.615416,5.609927,86.380013,7.892824,8.76664,44.431038,29.073015,28.317657,61.205025,19.587233,2.751,45.883873,71.291313,49.06955,55.666416,49.363029,14.556891,43.570789,3.538443,56.439999,57.067043,113.21257,33.511967,75.926765,22.180567,17.114105,18.461954,37.773869,21.415321,53.081089,17.150026,26.232601,72.575241,364.21674,29.575567,15.131742,18.569761,6.74019,59.711418,162.83182
76.717476,86.186188,0.014,50.446323,69.190498,58.650471,9.306602,121.57179,41.470604,26.471581,5.441787,85.989975,7.794881,8.370408,44.405128,29.089729,27.318842,59.57695,18.586958,2.677,43.700073,69.035957,44.903694,53.129288,47.468937,13.98773,41.23991,3.619713,53.619999,57.312832,110.50532,33.24181,76.266647,22.010386,16.889902,18.182842,36.487263,20.384714,52.227615,17.499853,26.067509,70.693665,323.09305,27.78689,15.494641,16.83954,6.938894,58.227104,158.20134
75.113014,84.53405,0.014,49.119133,67.57032,56.972488,9.480016,119.82767,41.058006,25.779057,5.298168,82.974289,7.669919,8.113476,43.550014,28.596682,27.005163,57.374706,18.901701,2.574,43.341423,67.797234,45.092373,53.518253,45.072151,13.709979,40.134869,3.552108,53.75,55.413574,108.60671,32.319386,74.500916,21.386379,16.177439,18.02528,35.163181,19.816368,51.252209,16.79603,24.294916,69.655815,307.97403,26.626791,14.997181,16.241915,6.998821,57.675797,154.84528
78.470154,88.664375,0.013,50.693089,68.403831,59.971428,10.053619,126.2095,43.169998,26.45602,5.72815,88.25412,8.362272,8.18777,44.085548,29.344608,28.107161,58.377712,19.677776,2.615,43.030582,70.941048,46.133835,54.773556,48.169125,13.969518,40.935684,3.758517,55.279999,57.513931,112.19296,33.037254,81.091362,22.284569,16.92478,19.254276,36.30405,19.903515,53.516537,17.520681,25.111698,73.180038,320.8252,27.394026,15.539495,16.579287,7.56024,58.05748,161.89725
80.126938,90.041153,0.013,51.986912,68.937637,60.992481,10.378216,127.51756,44.163055,26.950117,5.648458,90.375549,8.510878,8.348741,44.500141,30.059107,28.800558,59.039112,20.212404,2.587,43.381264,72.171242,47.175297,55.250923,49.084747,14.010496,43.262089,3.761394,54.560001,58.027851,113.35321,33.901772,81.762825,22.232571,16.889902,19.29479,37.261723,20.206633,54.065201,18.307796,25.159489,74.852554,323.24423,28.267569,15.780069,16.786528,7.617013,61.5774,166.52773
79.542709,88.04483,0.012,51.066563,68.834625,59.964283,10.035833,124.50505,43.169998,26.767265,5.752671,90.584862,8.287972,8.135144,44.18919,29.912859,28.495131,58.617561,20.23827,2.68,44.600693,71.795341,46.70739,55.268604,48.977028,14.033262,43.306828,3.790881,59.150002,58.385345,108.43092,33.809147,82.276794,21.944201,17.203787,19.524385,36.782883,19.441259,53.74297,18.395254,26.067509,74.292557,342.74774,28.688162,15.759681,16.75761,7.654862,60.356033,163.80891
78.478889,88.905312,0.012,51.620113,68.581757,59.371643,11.534316,125.33744,43.435741,28.661983,6.222938,91.212723,8.254198,8.135144,45.2775,30.318167,28.478624,58.603024,21.458433,3.06,45.325974,69.727943,47.673386,56.859833,49.228371,15.799943,41.485973,3.910986,63.75,58.385345,107.48163,33.697227,82.235359,21.410013,17.637245,19.758482,36.911968,19.225286,53.124634,19.178209,25.73732,73.127777,358.77389,27.56966,15.816768,16.969669,7.837797,59.541775,165.59311
79.167763,92.175148,0.012,53.013981,71.934517,61.556576,12.045669,130.68866,46.219101,30.61117,6.180027,91.422028,8.41631,8.395172,46.028965,30.602289,28.932631,63.668915,22.256062,3.064,45.820122,71.812431,48.978992,56.621151,53.088364,16.624086,44.523712,4.243255,68.199997,58.698174,111.2085,35.129093,81.414665,21.230379,17.95611,19.965561,39.501839,20.324091,52.845947,20.51506,25.715595,75.076553,366.63577,29.635653,16.636351,18.463734,8.042809,62.730915,167.67471
75.095573,85.876411,0.012,51.893551,70.698303,58.529087,11.601015,126.28879,43.939266,28.630852,5.980361,87.302795,8.504121,8.413746,46.244904,28.722033,29.126617,61.539356,20.427979,2.953,45.716507,70.505356,45.364059,55.772495,50.547955,15.891009,40.282509,4.112361,63.110001,59.323799,106.28622,33.199352,76.681152,21.395836,17.208771,19.605417,38.340145,20.574163,49.449448,19.228182,23.895214,71.925659,326.72159,29.117996,15.861622,17.890205,7.774716,59.37215,157.18178
72.279053,85.222435,0.013,53.040668,68.778427,57.707951,11.227506,126.64551,43.44973,27.926662,6.458509,85.904343,8.105597,8.33945,45.087482,27.953213,28.713882,62.149887,20.686668,3.052,44.034813,68.668602,44.632008,52.430916,51.688,16.0868,43.619995,4.090066,64.959999,51.458649,107.69259,33.160755,73.033607,19.94455,16.207333,19.686451,39.618423,20.793926,49.344944,18.399418,24.068998,70.156067,376.4631,30.365911,15.086891,18.405897,7.979729,59.787758,153.23099
74.101501,86.805725,0.013,52.567146,68.675423,58.407692,11.485404,125.37708,44.435795,27.564838,6.419976,82.812553,7.940107,8.419938,44.776539,28.538187,27.339476,62.273438,20.333128,2.533,44.999199,69.736488,45.779129,54.163593,50.314556,16.050373,45.391636,3.744133,64.690002,52.41946,107.44647,31.50889,72.387009,19.911457,16.306978,20.010584,40.538624,21.051575,48.831116,19.894527,23.825703,71.918633,367.99646,29.723467,15.690366,18.550486,8.496992,60.169426,155.05771
75.601326,89.249504,0.012,55.028111,69.527657,61.406631,11.783323,133.78047,46.862492,27.767149,6.655548,91.793037,8.149501,8.611862,46.141254,30.451874,28.412584,64.330322,21.428251,2.754,46.306293,71.615936,45.318775,55.330486,51.670044,16.492044,47.011173,3.809579,63.5,54.698563,111.13819,32.655159,74.998314,20.190369,16.595949,20.505781,42.77874,21.881363,50.729671,20.236032,23.677986,73.196831,396.57138,29.478504,15.665896,19.716818,8.686234,60.262726,166.35779
73.473679,88.870895,0.012,54.80135,68.272705,60.849686,11.480957,134.09758,46.946407,27.413105,6.793038,93.343681,8.294725,8.89975,45.484806,30.059107,28.276382,65.144356,21.238543,2.665,46.609158,69.198273,48.103558,55.958134,49.964462,16.733368,48.165421,3.759236,64.82,55.167782,110.64596,32.296234,71.052345,19.571089,16.127617,21.176552,44.860634,23.207504,50.590324,19.990314,25.381063,73.035126,424.99512,28.799088,15.67813,19.36017,8.382358,63.528194,164.82844
73.595764,89.28392,0.016,55.635006,69.330986,60.121372,11.685499,139.80557,47.219151,27.420885,6.919143,92.30674,8.304858,8.556142,43.282257,30.209528,29.006918,66.205498,20.427979,2.66,47.597446,69.070129,50.827961,55.410046,49.282234,17.111294,48.120686,3.846259,67.279999,56.754219,111.5601,31.130659,70.878258,19.410362,16.277084,21.041498,45.618443,21.987452,50.964817,20.402617,25.459267,74.505844,418.94751,28.309164,16.432478,19.0469,8.391981,61.127869,157.26675
70.125244,85.497787,0.021,53.147373,66.118698,58.450542,11.338668,140.47942,47.163204,26.378206,6.852587,91.136627,7.791504,8.308496,41.960732,30.159389,28.751026,65.558632,19.962336,2.55,49.76532,65.012207,51.575104,57.434437,49.865723,16.400976,47.02906,3.660706,70.419998,53.268532,107.83323,30.714342,73.912354,19.287451,15.639353,20.762386,46.434544,21.403952,49.092388,20.739952,24.077688,71.456619,402.01422,26.908728,17.25614,18.868578,8.122515,60.305138,152.67874
67.064568,82.95076,0.017,51.299988,64.386131,56.594063,10.702814,131.83818,45.04422,24.172241,6.169518,87.198166,7.595618,8.333261,41.701607,29.683054,26.94738,63.450878,18.750799,2.34,47.438049,64.585045,48.737495,56.497391,46.158333,17.193249,44.845829,3.411864,66.43,52.061947,104.42278,28.863552,72.842957,18.521627,14.951799,20.753382,43.594845,21.578245,47.29834,18.26615,20.675879,69.778,374.9512,25.226355,17.50079,17.345596,7.666986,57.455273,148.04823
66.480339,82.606567,0.02,52.020267,65.097885,63.120296,11.854466,135.36601,46.093227,25.148781,5.675607,84.953033,7.767863,8.559238,42.798557,30.706757,27.838886,64.686455,19.112967,2.323,48.72921,64.465454,48.111099,60.714142,48.393543,17.593943,48.890182,3.45214,69.709999,53.603695,108.57156,30.444841,73.398369,18.611443,15.250736,21.131535,43.195114,21.896515,49.29269,19.086586,21.175505,75.268143,376.4631,26.294012,17.93301,18.251675,7.891541,61.5774,148.17569
68.485909,84.671738,0.017,53.627567,66.811729,65.855042,11.694391,137.07047,48.135277,25.137106,5.327066,85.457237,7.936729,8.797596,43.930069,30.339058,27.70681,66.576187,19.143148,2.236,48.689354,67.019814,49.3186,60.917465,47.576656,17.352617,48.407009,3.38885,67.559998,54.922001,111.84136,31.011574,73.340347,19.003813,15.21586,20.915449,42.87867,22.612637,51.121571,19.840387,21.236328,76.207558,389.91904,26.081406,16.78722,18.680614,7.731145,58.905655,156.71449
68.538223,85.050339,0.016,53.867657,66.48394,67.011765,12.823812,141.1929,49.750748,25.751822,5.726399,86.513191,7.875936,8.816168,44.482864,30.16357,28.235115,67.390205,19.505314,2.498,53.128708,67.293198,49.816689,60.466614,50.404327,18.449961,49.883385,3.511833,66.800003,54.072922,112.6852,32.48983,73.365219,19.457632,15.335435,21.262087,43.819687,22.279205,51.513477,19.761259,20.945242,76.877464,385.6857,27.791513,16.636351,19.38909,8.077603,60.372997,159.17841
68.163261,82.26236,0.016,51.766838,65.238373,64.412689,11.810001,131.64003,46.261059,24.475708,5.316557,84.039757,7.582111,8.457084,42.45306,29.365501,26.472738,66.001984,19.069851,2.4,50.068184,64.499634,47.394154,59.131748,48.151169,17.316189,48.59491,3.508237,61.380001,50.900051,112.19296,31.439596,69.31147,19.59,14.787384,20.829914,42.154171,21.771479,49.606209,18.965813,19.759171,74.328735,355.29651,28.480175,12.277465,18.969788,7.734354,61.212685,161.59987
65.896111,81.952599,0.017,52.927284,66.38092,65.776489,11.592121,136.6741,48.611267,24.814188,5.185197,83.240646,7.693562,8.500422,42.392605,29.712305,26.447971,66.023788,18.367071,2.3,49.215385,66.97213,49.469532,58.680901,48.016518,17.033888,48.424904,3.486661,62.27,51.391613,116.30656,31.324661,68.009956,19.542727,14.90696,20.99198,41.762779,20.577955,50.276802,19.407263,19.998123,75.014046,353.78461,28.212105,12.102131,19.157751,7.7536,61.916672,162.49196
66.689606,83.467049,0.016,54.154427,66.362198,63.948574,11.289757,133.89941,47.888855,24.362883,5.190452,82.688881,7.734089,8.416842,42.794239,29.954647,27.209223,62.40427,18.837027,2.213,48.784996,67.874573,50.23177,59.370434,47.630524,16.828989,48.550175,3.455735,60.110001,53.290874,116.23627,30.85701,69.767426,19.816906,15.235789,21.12253,41.038277,21.119829,49.066265,20.015301,20.17625,73.897537,346.37631,28.22135,12.424257,19.292698,7.641323,61.187241,160.70775
67.265114,85.428955,0.015,56.028492,67.951057,63.570129,11.400919,131.83818,47.852734,24.592424,5.409384,79.673203,8.250822,8.11038,42.332138,30.506187,26.784473,61.851883,19.660528,2.465,49.797199,68.499344,50.639294,60.555027,47.522793,16.305359,49.051247,3.516148,60.07,53.469624,111.13819,30.555815,71.707245,20.360554,15.614442,21.06851,40.388733,21.355368,50.311634,20.839901,20.402168,72.449913,354.84296,28.276812,12.477265,19.78429,7.73756,60.220318,160.19797
67.378479,83.191689,0.014,54.974751,68.509117,62.92038,10.369324,131.72676,46.610176,24.02829,5.434781,72.300446,8.551404,8.727644,42.215527,29.507566,26.666721,61.2995,22.053423,2.482,48.745144,73.584312,50.261951,60.731812,46.984188,16.398018,48.138577,3.488099,60.84,54.765594,114.87606,29.798851,68.830666,20.511827,16.047899,21.158546,41.637863,21.740078,47.759914,21.414627,20.245764,74.436539,343.20132,30.213387,13.321314,19.871044,8.026278,61.28054,160.11301
69.587837,87.222313,0.014,56.73135,69.88063,61.713657,10.004708,126.85841,47.108646,23.915459,5.161875,71.967491,8.473724,8.506528,41.291325,29.237497,26.073755,63.212898,19.686399,2.31,48.623623,73.84462,50.169498,60.06881,48.425228,16.402651,46.304302,3.550669,59.470001,56.083904,114.58198,31.867615,65.779984,20.232912,16.292032,20.942459,39.404812,20.974583,47.986351,21.701986,20.323967,74.020729,341.84061,29.570944,12.799389,21.451859,7.545085,60.305138,158.49872
69.045509,87.545769,0.015,57.248161,68.906395,66.12841,10.18257,136.5146,49.225319,23.292967,5.354072,71.473282,8.718294,9.140615,41.934277,29.646717,26.956896,64.521843,19.815741,2.387,49.629742,72.595078,50.910461,60.970505,51.516399,17.241318,46.017975,3.537004,65.93,56.899021,117.26547,31.653599,64.155182,19.839304,16.521215,21.307108,40.261528,22.870653,47.49865,21.895275,20.98,74.159325,332.7692,28.942364,12.672986,21.341009,7.763225,60.025234,166.17297
70.005707,89.414551,0.015,58.205963,70.069817,67.75441,10.355984,139.57242,50.352283,23.707441,5.482499,73.406548,8.655092,9.290194,42.658413,29.625401,26.54056,65.025864,20.59005,2.489,50.853172,73.52356,51.520214,63.207058,53.711304,17.931715,47.131611,3.653514,66.449997,57.194069,119.54463,31.67342,68.574471,20.279964,16.770329,21.784298,42.22274,23.121899,49.807903,21.441225,21.731611,75.044838,330.35016,29.169876,12.151062,21.234982,8.013443,60.678333,167.77914
67.969727,89.055176,0.018,59.163769,68.792892,68.33564,10.929587,142.06694,50.742386,23.568043,5.64901,72.492813,8.851717,9.377991,41.824554,29.685081,27.69706,65.236496,21.740553,2.524,52.197346,73.575623,51.443035,62.729698,54.991669,18.311663,46.580406,3.667899,67.360001,57.21677,118.3683,30.928349,68.617363,19.735064,16.800222,22.297504,43.7178,23.282845,48.912148,21.209999,21.775059,76.29995,361.04175,28.839617,11.400794,20.912069,8.17705,61.618137,168.34345
69.498924,89.019241,0.019,58.91571,69.000969,66.775871,11.103003,138.20445,49.933289,23.300364,5.390386,76.35936,8.893852,9.377991,41.670948,28.986,28.819906,63.212898,21.656799,2.71,51.480999,73.497513,50.655762,64.612656,54.122849,15.077467,45.161766,3.634401,68.32,57.829563,118.03746,30.563738,68.848938,19.754015,17.218733,21.775293,42.147144,23.345657,49.816772,20.747538,21.397079,76.07666,354.38937,28.220957,11.482347,20.502407,7.843424,62.250202,167.64891
67.445168,88.408287,0.018,60.197388,68.111862,68.100212,10.689475,139.97476,50.626808,22.585165,5.454156,78.869728,8.943007,9.706416,41.55246,28.55974,29.631563,62.934563,22.595718,2.785,51.633923,73.888016,49.150673,66.743118,54.433796,14.623383,45.821388,3.656652,69.800003,58.760101,118.62562,31.146315,70.753067,19.853519,17.921234,21.879026,43.868977,24.758879,50.765755,20.932526,21.818504,77.193161,363.30957,28.937296,11.531277,20.622898,7.58358,60.166084,169.03804
65.506981,87.258263,0.018,58.323109,66.560654,67.953064,10.36043,136.43417,49.362579,21.748682,5.190217,76.465157,8.978122,9.862499,43.711708,27.877716,29.253069,62.942081,22.322416,2.705,49.718277,72.907455,48.633541,63.90543,53.04369,14.660448,44.176846,3.630693,68.779999,58.260784,117.70661,29.88208,68.334305,19.791922,17.831553,21.919956,43.30624,24.849167,49.949814,20.129528,20.997377,73.897537,385.6857,28.55587,11.975728,20.560242,8.080811,50.984009,164.39316
65.791496,90.348946,0.018,59.983776,67.203827,70.005783,10.333751,137.76187,50.886871,22.158558,5.243359,77.927132,8.753406,9.859247,43.975025,28.619419,29.564276,52.651085,22.95718,2.708,52.318085,74.816498,49.142952,66.436806,55.110561,14.484377,45.893684,3.634401,69.849998,59.164089,120.6842,30.278395,68.711708,19.905642,17.966074,21.660736,44.347736,25.253508,51.209198,20.676067,21.831537,75.021744,388.55832,29.058239,12.277465,21.89526,7.80172,53.170624,166.08615
63.595478,91.786484,0.018,57.434193,65.132378,67.739693,9.60452,134.78456,48.170593,21.288614,4.883764,75.618744,8.479531,9.426766,43.799484,27.09339,28.357311,48.295464,21.833122,2.476,48.156784,74.044205,47.630154,64.865356,51.96452,13.321363,43.277767,3.638852,68.610001,58.083759,118.25801,28.693136,66.953384,19.332306,18.045792,21.269632,42.85268,24.095448,50.606113,19.423229,20.580297,71.233315,360.89053,26.820843,11.433415,20.887972,7.278826,51.786911,159.96536
65.506981,93.18808,0.016,57.434193,64.252724,68.872749,9.737915,132.49121,47.245911,22.36768,4.766851,65.875458,8.511132,9.443026,44.238361,27.664581,28.605431,48.415829,22.653021,2.402,46.707973,74.243782,50.084595,66.763802,51.397507,13.386231,43.684391,3.701156,67,58.120064,118.29478,29.604656,66.901932,19.455502,18.334763,21.210514,40.740284,24.448751,53.390957,19.318123,21.874983,71.217903,341.84061,26.937132,11.478268,20.921709,7.243537,51.052341,159.40105
63.346539,92.613075,0.016,55.380764,64.148682,69.380402,9.978028,132.89355,47.065304,22.355135,4.959934,63.20158,8.521667,9.524317,44.001366,26.935669,28.727392,48.167583,23.644836,2.415,46.852856,72.508308,50.200375,66.082542,49.586704,13.441834,44.280766,3.745658,72.25,58.446892,119.83871,30.107977,67.33078,19.232801,18.359674,21.296919,39.849964,24.542969,53.124886,19.751154,22.200827,71.633705,347.43463,26.583612,12.08341,20.642176,6.887455,51.206093,155.79802
51.87748,88.19265,0.016,52.397083,63.269012,64.473,9.38664,127.42168,43.958916,21.121313,4.428513,63.105404,8.490066,8.841455,44.580681,25.413906,27.263897,45.805462,19.928841,2.432,43.456207,71.111244,47.552971,63.838913,46.815624,12.172251,42.297367,3.626984,69.870003,58.074673,114.1041,28.784288,63.488197,17.550701,17.866428,21.110462,37.62838,22.835321,51.058426,18.801014,20.232731,69.39299,317.49902,24.950918,11.431791,19.928879,6.61478,46.457035,148.37492
50.410507,87.617645,0.015,50.956917,61.0084,63.560688,9.164313,124.08225,42.817509,20.531591,4.082203,63.961418,7.787826,8.555304,45.151211,25.609987,26.881201,39.59927,18.40806,2.285,42.458141,70.304245,43.20752,62.258381,43.884506,11.273348,41.660328,3.577289,64.650002,56.513187,109.25174,28.697096,58.547764,17.929764,17.423008,21.096819,33.390991,22.619415,50.499676,19.47788,20.984344,68.399689,282.72531,24.346216,11.029449,19.712002,6.595532,44.236252,142.73163
52.722103,90.672394,0.021,51.459942,61.963726,63.450325,9.457784,123.47873,43.135365,20.431211,3.951119,64.682793,7.801871,8.877225,44.923,26.914354,27.856863,41.337009,19.122166,2.335,44.325493,68.61216,43.624317,62.07671,42.704739,11.7367,41.47961,3.489025,68.269997,57.194069,109.39878,30.119862,60.05735,17.948719,17.711979,20.855791,33.844543,22.635117,50.198139,19.818419,21.03648,69.808792,239.0314,23.848501,11.449286,19.789112,6.977279,44.108131,143.90372
51.824142,92.181801,0.05,52.900101,62.796085,65.525116,9.826846,131.40488,44.53685,21.033484,4.119403,65.077141,7.861561,8.906489,46.107952,26.373001,29.185781,42.360088,19.642315,2.385,45.878937,69.158829,45.129395,63.339333,44.158867,12.227853,42.572968,3.374059,70.629997,58.256245,109.4723,29.897932,59.91153,18.024532,18.025862,21.446991,34.667667,23.0002,51.794552,20.003403,19.850407,72.141922,257.02301,24.806719,11.440538,20.198772,7.240329,43.723759,149.2431
50.712795,93.295891,0.041,53.947498,63.363605,65.186676,10.244822,130.76114,44.963078,21.782141,3.976804,69.309166,7.991476,8.994287,47.108582,26.645809,28.958693,43.541153,19.276447,2.369,46.216991,69.245605,46.433804,63.302986,42.89679,12.209319,42.572968,3.345133,70.209999,60.126404,112.19256,29.63636,58.839386,17.910812,18.364656,21.665285,34.566875,23.380989,52.504063,19.894096,19.355124,73.412422,252.6385,26.439417,11.458031,20.36264,7.105596,42.241821,148.02765
52.22422,95.703758,0.048,54.133549,65.283714,67.724983,11.267525,133.85916,47.079746,22.622808,4.325771,69.838181,8.237259,9.364985,47.652782,27.063553,28.777855,40.735199,19.946472,2.415,47.424324,71.484375,47.375446,62.912395,43.715313,12.658771,42.545856,3.345133,72.019997,60.671104,113.1851,31.023457,59.448368,18.10508,18.255047,21.497019,36.960644,24.754953,53.178097,20.55835,19.581043,75.784042,260.34918,27.211573,12.367677,21.273535,7.288448,43.74939,155.66779
50.757252,95.631889,0.056,53.058586,63.060928,65.79734,11.254185,132.00839,45.475986,22.656269,4.058289,70.896202,8.121388,9.364985,47.802002,26.347425,27.995644,36.891117,19.858311,2.29,45.540878,71.92691,45.90123,62.421898,43.079704,12.529032,43.291325,3.362192,76.019997,61.333828,112.59693,31.534706,58.496292,17.877647,18.354691,21.537947,35.54958,24.342762,53.089413,20.55835,19.094448,74.759941,260.198,27.230179,11.501763,20.936169,7.063893,41.951408,151.7609
55.087036,99.513222,0.055,53.155056,63.079861,65.473602,11.418706,132.89355,46.053925,23.672602,3.976804,69.174507,8.490066,9.47229,47.881001,26.569084,28.256384,37.338715,19.840679,2.274,44.132317,71.545105,44.457897,63.094055,41.584423,12.190784,42.857594,3.362934,75.879997,63.185825,114.87606,32.30751,57.990242,18.090866,18.369638,21.647091,34.058723,24.574373,51.111641,20.440632,18.325459,74.22863,213.3291,28.430279,11.073181,21.181963,7.554708,40.17905,151.19656
53.824554,92.145874,0.05,50.412552,62.824455,63.008884,10.880674,123.76039,44.088951,23.166529,3.764236,67.481705,8.398773,9.404004,47.477234,25.465059,29.03018,35.458046,19.796598,2.293,42.281063,68.68158,42.026604,62.948727,39.782764,11.727433,40.300411,3.316206,76.459999,66.544853,114.43493,30.904566,56.695091,17.816046,18.135473,21.078627,31.895933,24.707844,50.827835,18.922932,16.122753,72.311325,176.74112,25.634693,10.854515,20.256609,7.625282,41.588398,144.03394
51.824142,90.06144,0.046,47.945675,61.443501,61.522675,9.902438,118.44947,42.774158,22.45133,3.570267,64.500046,8.142458,9.114601,48.425201,24.548588,28.079752,36.022247,19.540934,2.136,41.62104,67.492775,43.477657,62.312878,37.276905,10.967536,38.253769,3.178247,73.760002,64.847191,112.00877,29.489727,56.840908,16.693066,17.692049,21.647091,30.552063,23.176851,49.657135,17.754175,14.645513,70.378601,172.5078,23.746166,10.146043,18.781824,7.333359,45.500389,136.04652
49.04134,88.372337,0.042,45.878456,60.62059,58.513493,9.528929,111.85107,40.462433,21.175684,3.325813,64.288445,7.633334,8.639849,47.538681,23.589493,26.77186,34.495152,17.949621,1.886,40.067608,66.885361,42.265877,59.687744,35.6856,10.082535,36.442059,3.122618,69.07,63.385563,109.36203,29.26779,55.845955,15.015703,17.283503,21.410614,28.128895,21.791109,48.388874,16.484518,13.426941,64.372551,131.68649,21.225025,9.043973,17.726341,6.640444,42.438271,130.83733
48.579014,86.575432,0.036,47.759621,59.135586,59.278675,9.560054,122.03032,42.875294,20.150988,3.372755,64.259583,7.49991,8.454498,47.635231,24.011496,28.483477,36.921211,18.258184,1.895,41.661293,65.07177,44.226345,60.178261,38.863647,10.809997,36.487236,2.969825,68.010002,62.377846,108.0754,32.604763,52.620934,15.096255,17.243645,20.423759,28.460665,20.774374,47.901085,16.78722,12.54812,64.834549,118.68415,22.099518,9.341357,17.456448,6.524958,43.604179,140.60455
51.31736,88.444221,0.05,47.394417,59.32476,60.544155,10.471594,121.74867,43.474907,20.991659,2.998103,66.625671,7.847517,8.565058,49.750599,25.234873,29.345592,37.613293,17.56612,2.002,42.683514,65.306076,45.021339,64.674599,40.116573,11.301149,36.030922,3.011361,72.860001,64.411423,110.46481,33.09222,52.706707,15.930199,17.986004,21.074081,28.506857,21.272926,45.799156,17.539762,11.533398,66.289864,112.03179,21.997183,9.336984,18.193838,7.128051,42.352856,140.34409
51.610756,91.067719,0.041,48.400455,61.065155,62.773441,10.685029,126.05373,44.811371,20.811813,3.176129,74.685783,8.440909,8.929252,51.348103,26.377262,30.863756,38.71912,17.954029,2.031,43.721817,68.360504,45.530754,69.42527,41.749039,10.925834,37.481194,3.003944,75.730003,65.4282,115.31718,32.965401,53.212761,15.863861,18.678539,21.628902,28.767235,22.187601,48.105076,18.721132,11.180057,69.2313,88.446152,22.336748,9.704338,18.483011,7.814551,39.20533,147.33307
52.926586,94.302162,0.041,48.20752,63.533863,61.309322,10.689475,126.13418,45.049767,20.305738,3.44184,76.022728,8.458465,8.727644,50.312355,26.948458,30.3549,33.641331,18.06864,2.161,46.402119,69.644753,44.025665,68.9711,42.915089,11.750602,34.011387,3.026195,77.540001,64.520355,113.22186,33.167519,51.222858,17.508057,18.842955,22.029099,26.394464,21.92458,47.537464,18.796806,12.79727,67.783676,106.74014,21.480862,10.850143,18.574583,7.974949,36.156025,148.07106
56.100582,94.302162,0.046,47.635586,64.101379,61.110664,10.146997,124.80647,44.153969,19.979507,3.371869,77.90789,8.788517,8.337437,51.137428,27.118963,30.497877,35.394108,17.385391,1.99,46.06406,72.048401,44.365276,68.934769,41.10886,12.190784,34.594204,2.944607,77.339996,67.443604,114.1041,35.050014,51.128513,17.162159,18.783167,20.701168,26.264275,20.739042,47.395561,18.809422,11.945629,68.145576,118.98653,24.457855,10.99446,18.415539,8.157802,38.457954,146.16101
58.429955,97.644424,0.04,50.819111,66.768723,64.862953,10.618329,132.73261,46.639072,20.853638,3.375412,78.398445,9.24146,8.795932,51.602634,27.609169,31.746899,36.827171,19.324938,2.119,48.430447,74.157013,47.167049,72.223,43.349499,12.417827,35.484245,2.920872,77.260002,71.301941,118.9197,36.175545,53.693077,17.669157,18.96253,21.265083,28.431263,21.512392,49.736965,20.587782,13.09625,72.365219,109.61276,26.076593,11.685442,20.232513,8.449724,43.945843,152.80273
57.345287,99.513222,0.043,50.309196,67.705139,67.651398,10.942927,136.1525,48.979702,21.987078,3.386926,79.985451,9.620669,9.270685,52.129284,28.363657,32.323048,35.830421,18.782745,2.176,49.074364,77.419701,46.765697,71.814232,44.099422,13.302828,36.08514,2.892687,79.169998,72.70002,121.78699,35.129272,55.391361,17.441721,19.146873,21.292368,28.645445,22.870653,50.269089,20.293491,13.209501,73.273834,105.68182,24.750902,10.950728,20.507227,8.809014,45.184349,157.92509
53.735645,99.800743,0.033,51.198105,67.534882,67.945702,10.813977,142.30838,50.569008,22.459696,3.719065,79.696892,9.624181,10.054351,52.304836,29.471949,32.087543,34.506435,19.267632,2.085,49.452663,77.133347,45.453568,74.230446,46.129719,13.784715,35.610748,2.892687,85.099998,72.318726,122.00758,35.192688,58.110325,17.086346,19.376057,21.46973,30.623459,23.396687,50.499676,20.5079,12.87881,72.680916,104.4723,23.601969,11.221872,21.14823,8.975826,42.463902,161.0506
50.90839,96.674088,0.037,47.656261,63.912216,64.730515,10.093638,134.10057,48.098354,20.82436,3.384269,79.437195,8.921942,9.176383,51.874737,28.436119,30.106777,31.881029,18.346348,2.026,45.814537,77.471779,44.0797,70.769638,42.480675,12.927514,33.930061,2.772529,85.419998,69.649673,117.8169,35.180798,57.381271,15.939675,18.34971,20.937649,28.284277,21.221895,49.30238,19.376978,11.551518,70.363197,95.70327,20.978493,10.487159,19.69754,8.860341,41.426105,154.71274
50.321602,99.513222,0.034,47.904327,64.309479,66.172562,9.689004,139.69312,49.875492,20.899645,3.577353,79.110176,9.350306,9.335718,53.147465,28.474489,30.703945,33.915897,19.999371,2.128,46.603344,77.367645,44.272655,73.349365,44.54298,12.542933,34.562576,2.662755,77.019997,71.156685,121.38265,36.766052,58.161785,15.95389,19.131926,21.014959,29.922119,20.609499,51.315628,19.297106,12.258199,71.425804,96.005653,21.076176,10.132921,20.410833,9.056026,44.073967,158.48941
50.446072,100.41169,0.035,48.931053,64.148682,66.827377,9.866865,141.34273,50.61235,21.204964,3.640238,81.081924,9.546934,9.410509,53.700451,28.977478,30.910013,35.096966,20.673801,2.141,47.537018,77.827545,45.623371,74.121445,45.370647,12.839477,35.26738,2.751761,76.279999,71.320084,123.88234,37.102917,59.43121,16.441936,19.246517,21.219606,30.661249,20.70764,51.661518,19.654457,12.516409,72.834923,104.92587,21.959972,10.482786,20.700008,8.889213,44.706032,158.09876
50.161564,98.255386,0.037,48.021465,63.458191,64.752586,9.969135,138.20445,49.665997,21.125498,3.758036,81.899475,9.259017,9.121103,53.340576,28.026909,30.539938,35.394108,20.828085,2.099,46.949444,76.517265,45.345512,73.612785,44.826488,13.006284,34.264385,2.837059,77.010002,70.639221,121.19883,37.3843,58.230408,16.475105,19.336199,21.010412,30.115305,20.161978,51.67038,19.065876,12.68402,72.195808,107.64728,21.545982,10.495905,20.280706,8.911669,46.345993,154.49573
50.517197,97.644424,0.033,46.939625,64.451355,64.862953,9.444444,137.80211,50.150013,20.000422,3.597723,79.341019,9.318707,8.483764,54.648411,27.886238,30.224527,35.920692,20.51952,2.011,47.22311,80.205147,44.866974,73.258522,44.584133,13.029451,31.142462,2.728026,76.709999,74.706345,118.66237,37.62606,59.971558,16.162374,19.356129,20.573833,29.733143,18.623135,48.36227,19.973972,12.009049,71.217903,144.38646,21.090132,10.141668,20.165037,9.11056,44.859779,154.06161
50.312714,102.42424,0.028,50.074905,71.006218,68.858009,9.373299,151.84386,53.733185,20.66543,3.691608,78.484985,9.866453,8.526038,56.965668,28.892227,30.527317,36.26297,22.084379,1.895,48.486797,83.233566,47.661022,74.929878,48.379498,13.200891,31.657518,2.688715,73.800003,78.473892,125.79389,36.512413,63.033615,15.807003,20.382477,21.165037,30.543665,18.450409,51.058426,20.570965,12.70667,73.512527,126.9996,20.987795,9.223278,19.986713,9.380028,45.004982,162.87384
53.824554,106.19775,0.028,52.941441,74.089745,75.634201,10.187016,163.14964,57.547535,21.853243,3.732351,83.496094,10.459844,8.844708,57.746857,30.520557,32.920223,36.695522,25.381613,2.011,50.539272,86.687172,50.115475,72.531822,51.022541,13.807882,34.661972,2.691682,75.349998,79.590538,131.08737,38.351307,68.694557,16.304523,20.880703,21.219606,33.353188,18.736975,50.987476,22.786558,13.590021,77.770676,134.10553,21.825077,9.6781,21.639824,10.20447,50.915672,173.37901
54.402454,105.22742,0.03,54.781273,73.588432,76.075645,9.48891,161.50005,58.139919,21.581381,3.623409,85.929504,10.733718,8.926,57.615196,31.117329,33.849613,34.920177,25.566751,2.083,52.527363,88.162315,47.653309,76.383232,50.729885,13.951523,38.44804,2.610835,76,80.534698,130.86682,38.180893,68.334305,15.996534,20.262901,21.356039,32.345291,19.321896,51.315628,23.543306,12.78821,71.610619,128.5115,22.555372,9.730579,22.256725,10.03445,48.541153,171.1651
56.358421,107.20403,0.032,55.745979,73.077667,78.613945,10.004708,166.6098,59.490837,22.656269,3.882034,88.449501,11.162084,8.542295,56.395123,32.720089,35.073406,38.967369,26.091309,2.033,53.300056,89.03006,49.065769,77.473267,52.421795,12.848743,40.332039,2.596743,74.809998,79.799347,132.66806,39.940525,69.878204,16.726236,20.033716,20.873981,35.016235,18.285534,52.504063,23.665226,13.445061,75.890282,194.27916,23.49033,11.466777,22.160336,9.967081,48.771774,183.79736
57.683128,106.8087,0.03,57.365299,71.17646,79.312904,10.28484,165.6844,60.097652,23.714428,3.445383,87.526146,11.193683,8.688624,56.035255,34.003139,35.199566,42.194592,25.831232,1.995,55.988396,87.207802,51.774925,76.955505,49.797047,12.482697,41.502201,2.685007,73.849998,79.581467,134.1017,40.986797,70.144081,16.958412,20.556856,20.414661,33.903343,18.607431,53.825535,24.110867,13.549251,76.415848,185.96372,24.132246,11.440538,22.280937,9.970291,48.66927,182.06099
61.186085,105.37118,0.03,57.530674,70.381943,81.740845,10.636116,173.16797,61.246296,24.396164,3.453354,90.411636,11.176127,8.672365,56.342457,31.957069,36.14159,41.179031,25.787153,2.073,56.841587,86.817322,53.287727,77.736687,50.848778,12.320523,40.978119,2.714675,75.82,79.617783,131.23442,41.620899,65.1436,16.441936,21.244411,20.023558,37.468796,18.320866,54.038391,23.976336,14.926373,77.626274,185.96372,24.848585,11.694188,22.455275,10.416416,48.951141,189.96158
61.728428,107.52747,0.032,59.019077,73.427628,83.138756,10.7206,171.63907,62.496082,24.571825,3.588867,94.528252,11.706319,9.394249,64.224617,31.786566,37.176132,40.013016,26.020777,2.27,57.252083,91.85022,54.121319,78.299866,52.650433,12.139816,41.59708,2.762887,74.480003,83.703064,136.38086,42.714722,63.53109,16.370861,22.395315,21.346943,38.039948,19.61632,55.732349,24.236994,14.781413,79.489685,172.96137,23.746166,11.917227,23.041233,10.500785,48.208031,192.17551
63.986664,108.71343,0.032,60.755531,74.83699,84.830963,10.551632,173.00703,64.959496,24.663839,3.622523,90.402008,11.769521,9.104845,65.61145,32.021008,36.654655,40.486942,26.545338,2.43,57.815514,91.025856,54.800533,81.633522,53.04369,12.125916,43.056389,2.88082,74.440002,89.29538,137.52045,43.594543,66.061356,16.432461,22.489979,20.964935,39.564392,19.078506,56.291103,24.161318,15.021503,79.210968,172.5078,25.039299,11.51051,23.874165,10.439128,46.585155,197.08083
62.999794,111.76819,0.032,62.381729,76.274681,88.252159,11.191934,181.57692,67.256783,25.199192,3.601267,102.86728,12.043392,8.802436,68.209579,32.30661,37.592468,39.516518,27.078714,2.439,57.501606,94.279892,55.456589,84.213234,55.897068,12.084214,45.206951,2.78143,73.839996,93.14463,142.92418,43.586617,65.109291,16.522488,23.361876,20.96039,40.101944,18.493587,57.381973,26.498831,15.619464,82.340538,213.3291,24.988132,11.073181,24.135666,10.601378,48.788853,208.9751
62.501923,116.26049,0.033,63.622074,77.958321,85.897789,11.209719,181.85855,66.108147,26.474836,3.52421,106.57031,11.927524,9.267433,67.911156,32.954529,38.172817,40.817944,26.95088,2.479,59.135532,95.711655,54.661598,84.522079,54.296616,12.946048,44.072933,2.797006,70.139999,95.278053,149.3205,42.373901,65.563881,16.948935,23.685722,20.473783,39.253628,19.310118,59.510513,26.175114,14.545853,80.150642,217.26004,25.792849,10.39532,23.728888,10.536482,47.840752,210.36421
64.875748,115.18234,0.032,63.442921,76.74762,85.419556,11.396473,173.77148,63.912003,26.458105,3.418812,109.93671,11.955611,9.124355,67.217728,32.511211,37.567234,40.885647,26.986145,2.475,58.242111,94.757141,54.568981,86.102592,53.766178,12.093481,44.737076,2.822224,56.549999,93.870911,146.67375,43.398331,67.673866,16.167114,23.013117,20.701168,37.468796,18.89793,58.845348,25.515057,13.811992,79.712654,211.66602,25.541666,10.03671,23.525496,10.588401,49.079262,204.80775
66.075981,117.51831,0.029,63.835682,76.965179,84.573456,11.667712,175.42107,63.355755,27.411701,3.445383,111.18706,11.959125,8.939007,68.183243,32.289555,38.206463,41.788364,26.990553,2.525,59.409187,95.277786,55.564648,89.95401,53.528393,11.783035,45.098511,2.875628,56.849998,95.913551,147.70305,43.139866,70.058319,16.612516,23.23732,21.096819,38.136528,18.866522,59.483917,26.032169,13.793871,80.309891,192.46487,25.876577,10.097937,23.980703,10.708465,49.104885,206.45734
68.645401,121.97468,0.029,66.64711,79.526093,86.339226,11.743304,184.39331,65.831123,27.679379,3.879377,114.21682,12.282155,9.316208,71.931221,33.900841,39.375576,43.330509,27.091938,2.612,61.043137,99.963577,57.177792,93.650993,56.409214,12.005445,46.950886,2.900104,59.650002,100.99746,150.93797,45.627621,74.252563,17.626514,23.984659,21.919956,40.878864,19.635944,61.239971,27.38591,14.038492,82.380356,207.43269,27.304602,9.888019,24.494024,11.153029,48.882813,212.53471
65.213585,115.90111,0.029,61.451496,77.112183,81.22583,10.902908,177.39256,62.979553,25.680174,3.880263,110.75425,11.464046,9.400753,68.113022,32.451534,37.087814,43.247761,26.977331,2.502,58.378941,93.80262,54.692478,90.835106,54.616707,11.305782,44.158772,2.866727,60.740002,95.232666,143.87996,43.705269,71.850937,18.109821,23.10778,22.338345,38.342312,19.031401,59.075932,25.8598,14.260462,78.796875,201.0827,27.820923,10.277242,23.55455,10.757139,49.104885,198.46991
66.156013,112.16352,0.028,62.974354,76.568321,81.262611,11.378687,180.69176,64.72467,26.4121,3.86432,116.28475,11.941567,9.491802,70.035286,33.461788,37.812801,35.397869,27.550379,2.502,58.089161,95.060928,54.298832,91.788887,55.284328,11.379919,45.003639,2.848926,66.129997,95.459625,133.69736,47.234962,72.254066,18.668943,22.838737,22.824945,38.611088,17.814459,61.30204,26.397934,13.454121,79.099487,128.5115,27.853489,11.020701,23.55455,11.019982,48.600941,200.72722
65.275826,109.68377,0.028,61.65823,74.383392,78.062141,10.800638,169.50665,64.108307,24.028109,3.835092,99.404709,11.569382,9.078832,66.032768,32.272499,36.877522,33.656372,27.678211,2.403,55.41692,91.46212,53.426662,89.708748,52.650433,11.491123,43.259693,2.832608,64.43,88.715782,134.02887,45.821465,71.507866,17.233232,21.538364,22.479322,38.64888,18.273222,60.246643,24.653206,13.186851,77.650162,112.48537,28.514008,11.799148,23.109032,10.851244,48.131157,197.34126
65.560333,108.53374,0.027,60.879562,77.913643,80.56366,10.960712,175.01875,65.400414,24.145218,4.402294,97.777855,11.885388,9.098342,67.173843,32.400383,37.304585,31.275455,29.423803,2.444,59.956528,92.954323,52.361523,89.935844,52.842487,12.264921,46.598484,2.917164,65.110001,91.887154,133.79898,46.984573,74.509872,15.157854,21.797441,23.425245,40.862068,19.097116,60.237762,26.385321,13.594551,77.331627,114.60202,30.960724,11.746669,24.058184,11.136803,49.822372,195.64827
67.530762,110.53293,0.025,61.160282,76.911812,75.045601,11.151915,171.01865,63.142944,24.295788,4.562475,96.552505,11.221773,9.295422,66.884178,32.913231,37.398544,30.707346,28.833124,2.512,60.856373,91.549911,53.686562,87.919304,55.452644,12.774608,46.390659,2.981693,66.660004,91.529678,132.18971,46.184929,73.274757,14.851015,21.403843,23.175121,41.231636,18.014988,59.847538,24.157116,13.870882,76.352135,139.246,31.970112,12.861857,25.041239,10.851244,48.720524,190.99567
68.256897,114.33144,0.045,62.526035,79.297112,79.297897,11.089663,178.21086,66.610855,24.082483,4.733456,99.55024,11.414889,9.512067,68.885437,35.054359,38.120296,32.27034,29.141441,2.498,61.580166,94.534271,54.885773,90.299194,58.04031,12.348324,47.437431,3.115943,68.589996,92.849556,134.1055,46.596863,73.815125,14.641912,22.644428,23.443436,41.761234,18.474073,60.326458,26.336691,13.975072,78.159821,140.90909,31.663107,13.176735,24.140509,10.757139,50.642349,203.63702
64.925743,107.37376,0.043,59.894115,78.638779,76.195595,10.773958,171.83595,63.328583,23.527231,4.751453,97.743782,11.318845,9.051696,68.947838,34.762783,37.757286,30.549465,28.621538,2.427,60.067513,95.63147,55.076374,90.635269,55.3312,11.861804,46.114151,3.084049,66.839996,89.247406,128.74126,45.651852,74.424881,13.857778,22.201008,23.093262,40.451313,17.428835,60.733265,25.716951,13.535661,76.272514,140.60671,30.718843,12.420155,23.360847,10.478071,47.746796,194.72153
63.673161,107.63704,0.041,58.443001,75.595131,75.355705,10.618329,168.6485,60.781475,23.698872,4.625467,98.427322,11.213939,8.791045,68.03479,34.301483,36.292435,30.316595,29.078691,2.399,58.318989,93.30542,53.623028,88.382561,53.518902,11.458689,44.996204,3.037321,64.550003,86.094368,126.55727,45.789154,72.35656,13.815008,21.767548,22.797661,39.796345,16.781195,59.759945,24.659498,13.544721,76.113251,129.72102,31.619076,12.936204,23.210726,10.380721,46.465572,189.22144
63.664078,107.18572,0.042,58.471455,74.507416,75.6054,10.471594,172.32632,62.489445,24.415457,4.506681,95.683449,11.145208,8.591326,66.474655,33.505085,35.11372,29.416685,29.195223,2.229,59.246109,92.559326,53.480072,85.657509,54.369003,11.301149,47.209286,3.000236,66.309998,85.416092,125.56107,42.865242,72.701271,14.100147,21.892105,21.856287,40.075233,16.375401,58.948849,24.161106,12.71573,75.022278,130.17459,30.748693,13.299187,22.765202,10.831775,46.175167,188.24559
62.493183,105.38049,0.037,57.560947,73.581932,73.955887,10.364877,171.75421,60.595821,22.956539,4.405893,95.546745,11.098183,8.394991,66.270767,32.630363,34.725082,25.394732,28.71566,2.045,57.944893,90.452713,53.877167,82.569107,52.734192,10.768294,47.756851,2.903071,64.830002,84.233704,123.10883,42.526005,69.475014,13.515611,21.672884,22.377562,39.090679,16.055679,57.669117,24.312792,12.89693,74.472801,116.41631,31.188568,13.198602,23.133242,10.507275,45.73101,183.056
63.936382,110.19444,0.028,59.147221,75.28981,78.31424,10.813977,180.04976,64.316238,24.74157,4.69656,96.904037,11.78187,8.425458,68.176628,33.809719,35.515167,27.419525,29.150406,2.066,60.742512,91.637688,56.529728,88.536804,55.237785,10.967536,50.731956,3.004491,67.959999,85.324432,126.28907,43.705269,71.481483,13.919559,22.235882,22.941109,39.597744,16.305716,59.183163,32.638077,13.707801,75.731003,128.36032,31.595676,13.356042,23.694988,10.208735,46.747444,192.81424
63.128551,106.50876,0.033,56.671783,71.654594,74.833611,10.369324,177.14833,61.44981,24.179457,4.657865,92.636902,11.137975,8.174961,65.464088,33.235275,34.315094,27.305065,29.204189,2.054,58.018089,89.179962,55.822903,89.724525,55.714214,10.754395,49.755463,2.931777,65.080002,83.958717,125.44612,42.913704,70.500343,14.380534,22.215952,22.894148,40.083687,16.154057,56.290253,33.513519,13.440531,72.083824,118.38178,30.411774,13.03679,22.571497,9.546757,45.355183,187.00365
62.429646,110.15683,0.027,58.108669,73.810913,72.033958,10.106978,174.81905,61.576057,24.484114,4.671363,90.674217,11.846985,8.317134,67.946144,34.088242,34.545715,27.080084,29.508957,2.069,59.181046,93.612633,56.879169,89.632454,55.387253,11.370653,48.331791,2.961172,69.82,85.617737,129.04781,42.315998,71.119072,14.974574,22.953329,23.218187,39.956913,16.322111,58.408115,32.950115,14.002252,73.3022,120.64963,29.213833,14.029527,22.66835,9.696028,46.858479,180.43896
64.344826,115.94863,0.032,60.057724,75.795486,72.321495,10.676135,176.12672,62.704803,26.110378,4.813547,90.527748,12.281074,8.422072,71.376694,35.28936,35.186325,29.539045,29.45966,2.165,58.896404,95.982574,60.29414,96.123558,56.667076,11.880339,49.454296,3.11743,75.300003,89.274902,133.03265,42.792549,74.884514,15.017346,24.761894,23.546926,41.549953,16.211439,61.643494,33.093136,14.187982,75.953979,132.44244,31.885803,14.060142,23.811211,10.309331,48.353237,179.81799
64.862213,114.89556,0.029,56.266327,74.736412,69.340271,10.653902,172.5715,60.811176,26.312054,4.626368,90.713272,12.190637,8.259588,70.10907,34.083889,33.747089,29.617979,29.127996,2.292,58.22953,94.622063,60.754761,94.512299,56.041176,11.834003,48.769844,3.225728,74.669998,85.828552,130.35054,43.51141,76.113144,15.350008,25.160475,23.715988,42.314777,15.518714,59.922169,31.840662,15.007913,74.186127,129.72102,29.812805,13.890447,22.828157,9.949138,48.865726,168.15247
67.594292,112.15012,0.031,55.875092,74.249817,69.083008,10.480487,166.36008,60.439884,27.479193,4.795548,89.004463,11.901246,8.130954,65.889595,34.445099,32.927116,29.606142,29.849585,2.321,56.481018,94.7976,63.081715,96.722031,53.873886,11.444788,47.939365,3.233464,73.57,84.893639,128.20485,43.99604,73.770798,16.41453,25.434502,23.772343,41.89645,15.535111,58.813671,32.382385,14.197042,77.594421,124.27818,30.430492,13.34851,22.358421,10.108141,49.472168,163.27333
66.695702,115.27165,0.034,57.80991,78.209419,70.278519,10.227036,182.33818,62.229538,26.397871,4.912536,89.385284,12.201489,8.181732,66.882416,38.387894,31.902153,30.194235,29.979561,2.331,58.546703,97.035889,62.954643,96.031487,55.929073,11.250181,49.59119,3.210257,71.120003,83.207138,132.72613,45.643768,78.950485,16.808971,24.77684,23.612671,46.5826,15.752356,59.066006,32.165695,14.650043,78.987999,130.02341,31.347664,12.655542,23.089659,9.676557,51.85524,169.9267
62.529488,114.66991,0.032,54.267483,74.402466,65.186211,9.791275,169.58838,57.150177,24.848841,4.969229,90.625381,11.875924,7.883844,65.357712,37.256405,31.065092,28.907526,30.14987,2.28,57.074707,87.284004,62.501957,94.097954,53.397461,10.981437,46.269299,3.234237,68.980003,79.925774,128.74126,46.839176,75.27343,17.136883,24.761894,23.208794,47.199528,13.465126,56.966167,32.503735,14.609273,76.017685,130.02341,28.947105,12.286848,21.423796,10.611115,53.452492,159.68051
59.43433,105.23005,0.03,49.266823,68.944893,60.631111,9.017576,155.08144,52.256481,22.716246,4.476985,80.548302,10.776234,7.088351,59.879482,34.009903,28.754641,27.652397,29.092142,2.127,55.179802,81.701492,58.181622,85.912727,50.454803,10.0501,41.514603,3.041622,63.709999,75.113724,124.06673,46.055706,76.546265,16.742441,23.227354,22.058218,43.734566,11.923914,54.037193,29.058334,12.339739,70.395599,117.47463,26.621414,11.207418,18.92984,10.377475,53.640404,146.37383
60.804909,106.73441,0.025,51.130508,70.500107,62.757332,8.982004,156.716,53.801071,22.634718,4.749654,79.659729,11.007749,6.963103,60.411339,33.570366,29.920546,28.737806,30.459122,2.224,54.943954,82.193024,59.627029,88.021194,51.118073,10.221539,41.984596,3.04781,62.970001,77.927635,125.71433,47.711514,83.087166,16.656895,23.541237,22.363472,46.498089,11.489424,54.226448,29.136345,13.01471,70.650429,115.96273,26.51379,11.731586,18.886255,10.306086,54.998497,151.25295
59.162025,105.26765,0.028,49.501556,69.173866,60.774887,8.576481,152.50696,52.404995,21.82373,4.545378,80.509247,11.185,6.391025,60.570915,33.248333,28.942547,27.628716,30.010935,2.19,52.178871,80.279533,58.348404,87.072845,48.717243,10.620023,39.233078,3.101186,61.98,76.726913,125.52274,46.734184,82.636375,16.728184,23.12771,22.316511,45.534664,10.325315,52.469078,28.022554,12.70667,68.532188,116.5675,24.637329,11.580554,17.665915,10.32231,53.384163,141.89389
59.55233,105.94463,0.028,49.579807,69.154808,64.717079,9.01313,157.08379,54.625355,21.999657,4.460787,80.567841,11.260965,5.783742,62.281757,34.349354,28.656416,27.589243,30.087124,2.241,53.772861,80.016205,61.683956,87.625282,51.295563,10.907301,40.994411,3.189371,61.75,75.929489,126.97875,46.152626,88.302216,16.490566,23.19746,23.213491,47.030506,9.886723,52.216736,30.553509,13.218561,68.062347,111.72942,24.749636,11.473944,17.559374,10.731179,53.53791,147.48271
63.691311,103.04874,0.029,47.886833,69.631859,64.853271,8.649403,157.08379,53.674835,21.617764,2.944461,80.685013,11.391191,5.225882,62.255161,33.474625,28.541109,26.681444,30.602547,2.28,52.845741,78.278236,59.912937,85.848289,51.099388,10.884132,40.465096,3.114336,62.549999,73.683868,125.90591,45.821465,85.058289,17.246187,24.457975,23.612671,48.188313,8.927566,51.874268,28.663958,13.331811,64.757576,93.737801,23.654642,12.122491,16.658648,10.899919,53.666027,143.13585
64.789581,104.06418,0.028,48.114468,73.133484,59.69286,8.465317,149.64645,48.803406,21.175797,2.679892,77.950912,11.593766,4.999081,63.664612,33.639996,27.546032,26.045984,30.512913,2.186,50.88578,79.647537,60.699169,85.940353,43.205605,10.962903,38.525803,3.146825,61.450001,73.693039,128.62636,45.175297,86.004059,16.808971,23.645864,23.880358,45.576912,7.871669,51.65797,26.79608,12.75197,63.706421,93.737801,21.052868,14.583416,15.438304,10.734425,56.510334,102.50602
65.170822,104.89157,0.028,47.452927,74.984474,59.178322,8.387947,157.61504,47.956848,20.424883,2.819376,72.043327,10.852199,5.380241,61.749897,35.350285,28.784536,25.998619,31.552715,2.359,49.999325,79.226227,59.634968,86.492805,44.564835,11.745967,37.813969,3.140637,60.07,70.915802,125.63769,45.231834,92.014626,17.2652,22.933399,23.636154,47.993938,8.550459,51.991425,26.869753,13.0283,63.029537,93.737801,21.207287,14.383519,15.428619,10.929124,57.09116,89.73159
69.255333,110.04401,0.03,51.95565,78.409775,66.434685,8.959771,167.34082,53.622849,22.222788,3.030851,75.138695,11.000512,6.168288,64.90564,36.660198,31.547684,30.612616,31.570642,2.565,53.91925,82.149139,64.924217,88.297401,50.314678,12.459529,42.979332,3.179315,60.419998,71.007462,129.39264,46.483788,96.080574,18.381992,22.659376,23.462391,47.799561,10.042484,54.451756,21.794836,14.908253,68.47644,93.586617,24.61393,13.428467,17.646542,10.578664,57.791557,111.68765
69.573021,111.58597,0.027,50.518764,78.247581,65.632629,8.798807,164.76636,53.749092,22.28286,2.904866,57.904163,10.989659,6.435031,66.02256,35.924732,29.719822,29.120663,31.373432,2.465,51.780369,82.816223,62.359001,88.343437,30.127151,12.612434,41.176933,3.132902,56.990002,71.933205,130.46549,48.729229,98.7323,18.058834,22.420225,24.133953,44.909275,10.296622,59.588722,20.455683,15.130224,66.931557,91.62114,23.762272,13.806046,16.86688,10.70522,57.603645,107.51822
73.893524,117.41537,0.033,54.516445,81.920959,70.588753,9.137632,180.54011,58.449722,23.819017,3.065948,59.681324,12.277454,6.69636,69.258087,38.583733,30.796036,31.56778,32.117435,2.592,55.578293,87.705338,66.043999,98.057083,33.705044,12.89508,45.324741,3.201748,57.310001,77.185204,136.25119,49.819637,101.605,18.66238,22.943365,25.021542,46.481182,10.595847,63.013359,21.053751,15.184584,71.685646,87.690201,25.638731,15.645076,18.217972,10.925879,58.090511,108.09485
74.020607,119.85997,0.03,53.015541,82.464806,70.641716,8.901966,178.7421,58.642803,21.858055,3.071347,64.026581,12.302776,6.497317,72.591125,37.961407,31.146235,32.203236,32.363941,2.615,55.122871,86.634476,67.219391,100.72718,34.685928,12.445628,44.580967,3.056319,56.27,81.4198,139.08658,49.108849,100.23495,19.351467,21.981787,25.491167,48.391132,10.374501,64.779755,19.89662,15.148344,72.864212,86.783066,24.571815,15.094255,17.767609,10.968064,57.185112,111.86508
79.884178,118.31799,0.032,54.865002,83.762413,72.661995,9.542267,183.15547,59.251728,22.016823,3.250426,66.545853,12.139995,6.568403,72.892525,37.095383,31.880791,34.259605,33.941578,2.766,58.196999,85.414391,67.259094,102.61465,36.063835,12.927514,45.028145,2.952663,57.169998,82.776337,137.51561,49.528862,95.771217,20.230646,23.067921,25.650837,52.777275,10.981152,65.915298,21.153431,12.72479,74.918755,90.411621,24.216177,15.507371,18.053324,10.607869,56.108891,108.13921
77.832825,118.54366,0.03,52.652756,81.825539,71.534576,9.168759,174.16524,56.74176,20.446337,2.878769,65.38385,11.995298,5.901544,70.525703,36.420849,31.184668,33.154457,33.484421,2.214,57.611462,89.487183,66.591988,101.60187,31.930111,12.376123,42.025658,2.900835,55.689999,83.610428,138.05202,46.524178,93.031105,19.327703,23.601025,25.655535,45.500858,9.210393,65.780106,20.672375,11.995459,73.94722,77.862854,22.38183,15.94714,17.66107,10.435885,52.478767,105.07866
79.956772,121.62758,0.029,55.249115,84.678368,75.037903,9.337727,180.74445,58.850723,20.944086,3.036251,68.19606,12.440237,6.120219,70.401611,38.810024,32.662334,34.851646,33.632328,2.25,60.59613,93.78817,69.578102,105.74513,33.583603,12.728272,43.572529,2.862157,57.779999,87.982513,141.61542,47.412663,92.810135,19.698383,24.891434,25.6978,49.354568,9.398946,67.456367,20.91507,12.62513,76.535301,64.860512,23.299006,16.053747,18.905626,10.442375,52.948547,109.91343
81.209358,125.83979,0.031,55.398491,84.735611,76.800926,9.190991,184.34053,61.227032,20.592228,3.090245,69.153,12.64643,6.095847,69.949524,38.596786,32.589733,35.348969,34.277725,2.289,60.78318,95.236481,70.689949,106.43567,34.513103,12.39466,43.257683,2.944927,56.459999,88.349159,144.79562,47.43689,91.04232,18.938015,25.115635,25.617962,50.605339,8.911168,67.176994,22.878294,13.15967,77.140518,58.056961,21.427221,15.991561,19.210711,10.039996,51.93211,119.09507
82.516411,122.11649,0.029,51.471954,79.879128,74.281242,8.864615,182.70596,58.375473,19.909969,3.154137,64.026581,11.71314,5.923208,67.148346,37.826504,31.867985,34.496418,34.035702,2.356,58.668697,91.857124,69.514557,105.28476,33.051121,12.839477,41.122177,2.924815,57.27,84.774483,142.76489,46.491875,89.760651,19.227903,24.124163,24.946404,50.368698,9.554708,64.6716,21.123095,12.65684,73.334061,51.404602,20.790817,15.827204,17.748238,10.247676,50.830269,121.80075
78.558975,119.10778,0.029,48.982292,78.33345,71.209213,8.154948,175.06424,55.419933,18.227921,2.949861,62.024834,11.49248,5.5258,66.767166,36.460011,31.235918,32.661087,33.260326,2.237,57.578922,87.819443,65.734261,99.115921,31.911428,12.348324,38.772209,2.854421,57.790001,79.641647,140.42763,37.792812,84.916847,18.995041,23.431627,25.077896,51.095497,8.800495,63.58112,20.594366,11.759898,69.877983,52.462933,19.723902,15.138677,16.687702,10.37423,50.266525,122.0669
80.80999,121.81564,0.028,49.949699,78.886841,73.176529,8.429744,180.70358,57.023941,18.665594,3.114542,66.155266,11.930185,5.690314,68.212074,38.131134,31.701429,33.13472,34.793137,2.199,58.985874,89.531075,67.330566,99.4842,32.30378,13.071152,39.128124,2.871439,57.779999,80.594879,142.72658,38.281479,81.4431,18.244175,24.552639,25.693106,52.346268,9.148909,65.140228,20.130646,11.542458,70.897285,52.61412,20.042105,16.444653,16.944363,10.809059,49.719875,124.37337
81.853821,122.60541,0.028,50.468971,79.545189,74.568779,8.591599,184.29968,57.803661,19.150471,3.311619,67.356316,12.02062,6.059964,68.353905,37.791683,32.008915,34.14909,34.026733,2.299,61.417522,90.277161,67.672066,99.668335,34.48975,13.418666,39.493176,2.843592,56.689999,81.493134,141.15562,37.998775,82.821991,18.719408,24.75193,25.843384,51.695526,9.82524,65.789116,20.061306,12.022639,71.383049,42.48439,21.614401,15.729474,18.203445,10.929124,51.095051,127.03472
81.608742,123.01912,0.027,50.305367,80.298958,73.872658,8.512449,183.52324,57.610588,19.330694,3.321518,66.995018,12.07488,6.046425,68.903511,37.861317,31.944857,34.314861,34.1343,2.27,61.49884,90.584373,68.196228,101.55583,34.046017,13.497437,38.950172,2.83895,57.650002,82.098068,141.42383,37.942238,82.689415,18.880987,25.025953,25.99836,51.957508,9.599796,66.131584,20.473019,11.719128,71.574158,42.937962,21.268122,16.293621,17.762766,10.893429,50.838802,126.23634
75.745186,114.18099,0.027,45.297592,75.64283,63.135662,7.721855,165.74712,50.637623,17.562824,2.86797,63.440701,11.398427,5.449297,68.699623,34.819355,28.976715,30.616562,32.565624,1.964,56.440353,83.650108,64.066498,91.538353,27.969208,13.826417,34.419064,2.68888,51.139999,76.176964,132.45792,35.991623,79.887428,17.407768,23.491415,24.843086,49.633453,8.722616,64.031738,18.288769,10.020375,66.501541,46.415333,19.709862,14.716677,15.849929,10.786344,47.482006,110.93362
76.253487,112.26295,0.026,43.967403,74.860443,59.034561,7.166928,156.51169,47.919712,16.460052,2.571904,57.142529,11.130739,5.544079,63.921677,33.248333,29.822319,31.654613,32.139843,1.852,52.235798,82.052597,64.090324,87.339859,28.777267,12.612434,32.904133,2.475379,44.735001,72.59314,132.80276,34.679089,69.360107,17.441032,19.968948,24.10108,47.089661,8.874276,63.698292,17.777378,9.422415,65.060173,40.367729,17.884876,12.349038,14.760336,9.988077,45.765175,106.76417
82.852264,111.43555,0.028,44.771206,77.684647,60.313316,6.936597,160.80249,49.182133,15.08695,2.702389,57.367111,11.463541,6.011897,67.387672,32.504158,31.761217,31.678295,32.368423,1.88,54.895161,81.719048,66.726997,88.665695,29.744143,13.168457,35.249538,2.359345,44.345001,75.562859,132.91771,36.347015,73.001793,17.441032,20.791023,24.227879,50.030651,9.82524,64.887894,17.7297,8.130456,66.28653,39.309402,19.096853,12.180239,14.54726,10.44562,44.834152,110.88924
86.210632,111.81163,0.028,43.462357,81.176735,58.005512,6.640458,157.41071,47.644955,14.074287,2.685292,59.984024,11.586531,6.38087,72.396111,32.791386,32.991184,32.037464,33.004852,1.825,54.968353,85.818161,67.147919,91.188484,29.991697,12.478064,34.492069,2.350837,43.82,73.399734,135.52321,30.321486,74.690056,17.692905,20.845827,25.077896,55.439373,10.550756,65.960358,16.823933,8.506447,70.220406,20.86422,18.418333,12.357923,13.786967,10.082182,45.218525,106.98595
81.88105,103.83852,0.025,42.253094,77.360237,54.789703,6.487497,150.21854,45.513706,13.104536,2.617799,52.357861,10.772617,6.435031,65.995964,30.663317,34.545715,29.602194,32.31464,1.84,52.821339,84.835075,65.81369,88.186928,29.150938,11.935942,33.542957,2.165956,41.685001,69.375938,130.77203,32.223644,72.453781,17.2652,18.41946,23.85218,51.4589,10.517966,61.24696,16.741589,8.087874,70.035278,24.94635,18.137566,12.233543,13.515779,9.647353,41.430382,105.43349
80.002159,97.031288,0.023,41.150532,74.793663,53.16288,6.702709,146.25467,45.231514,13.130281,2.499012,53.666317,10.541103,5.72078,65.428642,30.1672,32.888683,29.83506,31.736475,1.684,51.211086,80.490189,63.502628,86.023216,25.498314,11.486491,31.174738,2.042187,36.544998,67.350304,125.75265,31.936911,67.627647,16.001078,18.314833,24.157434,48.272823,9.353857,58.840706,15.545452,8.969414,66.804794,43.996292,19.026659,11.331798,13.723342,8.433727,41.327881,98.114815
90.168083,100.8298,0.022,42.708344,75.757324,55.864159,6.468822,153.36511,47.058304,13.044462,2.680792,56.664055,11.022218,5.748538,68.017067,31.498877,34.289474,31.650663,33.045193,1.757,53.707806,85.993713,68.259766,90.51635,26.946285,12.6078,34.336929,2.057658,37.055,69.70591,134.25876,33.039429,76.899841,18.557829,19.241535,24.852478,52.633606,8.439787,62.706944,16.173857,9.331814,70.035278,37.646313,19.957876,11.638302,14.525991,9.053527,45.28685,105.96577
89.768707,103.68808,0.025,43.362766,76.740074,55.909554,6.603997,148.50221,46.523632,13.653776,2.726686,60.032845,11.105418,5.764109,69.524025,32.743507,34.456028,31.808537,33.820568,1.832,54.423473,82.078926,76.439827,91.013542,24.069025,12.649503,34.724785,2.048376,37.240002,73.051422,139.31645,32.752697,72.710114,18.724159,19.645102,25.796423,54.847801,8.743111,63.301743,16.403547,8.741101,71.493126,38.09988,19.232557,12.24687,14.770701,9.080068,46.123917,108.44969
88.434441,106.17028,0.025,45.013058,76.759148,62.522758,7.195385,161.98755,49.976711,15.460263,3.002954,61.614716,11.181382,5.843997,67.095161,33.383232,35.523701,34.042519,33.260326,1.958,57.123489,83.360451,80.688683,96.675995,28.384916,13.427933,37.800282,2.179107,41.349998,73.207253,137.74551,36.367294,78.278709,18.700397,20.277849,25.815207,58.07613,9.259582,62.986313,18.384109,9.186854,74.417137,38.553452,21.745424,12.393457,16.669653,8.930779,47.191601,122.86531
90.467606,108.8029,0.023,45.816864,76.892723,59.564232,7.505754,156.30736,48.335567,15.739174,3.04165,60.120728,11.452687,5.636154,67.361084,34.079536,36.254002,33.213665,35.097912,1.894,57.562664,83.000572,77.694618,89.254959,27.338638,13.882018,37.928047,2.104072,39.869999,69.80674,141.50046,36.221096,78.68531,18.500799,19.386023,25.796423,57.053551,8.845585,63.058422,17.578022,8.592517,73.829025,38.251072,22.087025,13.033122,17.115023,8.847838,46.482658,115.72401
90.948677,109.02856,0.02,47.289318,77.570152,61.728268,7.274534,159.90344,49.954426,14.653565,3.452003,57.865101,11.441835,5.820978,67.228119,34.610466,36.275349,30.809961,36.030148,2.014,59.978046,84.220642,82.038788,94.097954,28.212093,13.455736,38.530369,2.173692,41.610001,67.643608,139.00993,36.601223,81.319351,17.764187,19.176767,25.702496,57.746532,9.02184,64.01371,18.631142,8.411317,76.802734,37.797501,23.144585,13.11308,17.159073,8.738361,47.191601,115.28047
92.990936,107.26095,0.023,46.976337,75.871811,60.214954,6.901026,158.10542,48.907368,13.40061,3.411508,56.761707,11.19947,5.497365,67.352226,33.896759,35.890987,28.674656,36.092899,1.935,60.010582,84.966743,85.096382,95.801315,26.194277,12.987749,37.508244,2.151259,41.605,67.900246,135.36992,36.070713,90.865532,18.253679,19.321253,25.594482,58.008511,8.894773,63.842472,17.994066,8.279947,75.295166,34.01775,22.480101,13.468447,16.532614,8.28386,48.276363,112.17557
92.990936,105.4557,0.015,46.321911,74.526505,59.019436,6.742728,159.16789,48.922222,12.795588,3.743569,57.76746,11.174148,5.64157,68.105705,34.157871,36.34795,29.029882,36.774147,1.983,60.953957,84.211868,85.572891,95.847343,26.904247,13.020185,39.214821,2.203861,43.279999,66.947006,134.71855,37.812634,87.568573,18.415258,19.924107,25.829296,59.335339,9.30057,63.14854,17.140303,8.250955,75.220627,29.633242,23.458107,13.650573,18.754581,9.000446,48.558235,109.42551
93.490173,104.47786,0.02,44.877903,74.005867,56.219788,6.66358,148.74739,44.273563,12.006055,3.786765,57.425701,10.928165,5.599595,69.346748,33.496387,36.087437,30.075823,37.020653,1.884,60.522934,86.327255,88.590775,94.834549,26.983654,12.834844,38.010178,2.275801,47.400002,70.21003,133.95222,33.898533,85.597458,18.43902,19.789585,26.327097,56.453522,9.546511,60.841423,16.394882,7.893084,73.928429,28.726101,22.592407,13.139731,18.265162,8.545944,49.352592,106.76417
94.715515,110.98423,0.018,48.555492,75.969604,59.299397,7.401705,156.51169,48.965893,13.173191,3.905551,54.672077,11.340548,6.00648,69.568344,33.95768,35.510895,30.071884,37.648125,1.9,63.32869,87.819443,88.829018,95.571121,27.637573,13.154556,40.259762,2.442889,49.450001,71.300758,138.74173,36.964649,83.246277,18.04933,20.437283,26.298918,57.17186,9.944111,62.815083,17.517344,8.692177,76.844147,27.365391,26.766481,13.130848,20.071121,8.681963,50.719223,110.7562
97.257004,116.73841,0.02,50.454746,76.364281,62.636261,7.425717,158.75926,49.545559,14.417563,4.049534,56.214886,11.423748,6.302336,70.073631,34.362408,36.215565,31.619085,38.078388,1.92,63.824783,91.244164,88.7099,96.583923,28.735233,12.918246,41.724499,2.463776,44.014999,75.040405,139.50803,39.312267,84.85498,18.534067,21.104906,25.92322,57.374676,10.476975,64.202972,19.259544,8.740195,79.759872,26.760632,28.371531,13.446236,21.226152,8.373433,52.111481,121.22413
102.2038,111.51076,0.029,51.322575,75.430542,60.911072,7.436571,156.7569,47.540241,14.134362,4.009939,56.566414,11.058392,6.099232,67.148346,32.512856,35.254063,30.048195,37.5047,1.968,63.100975,88.820488,88.908447,91.648842,29.393826,12.5661,41.674305,2.633184,43.700001,75.223724,124.10506,39.587967,82.963417,18.914251,19.500614,25.486469,57.738083,10.806248,61.571404,18.878168,9.254804,75.477409,27.66777,27.660255,13.681667,19.880247,8.393338,51.63316,122.73225
103.56531,104.81636,0.022,48.655079,75.305397,57.271545,6.45323,150.83151,46.529743,12.649694,4.161966,58.493622,10.848582,5.693699,66.235306,31.916655,35.149578,31.232288,37.621235,1.998,62.206383,89.239296,90.179146,92.716881,28.702534,11.850368,40.551796,2.588318,42.875,72.446487,130.80513,40.289745,79.259857,18.876234,18.937618,25.22348,55.701363,9.841183,60.715244,19.125196,8.490139,76.761314,26.609442,27.243782,13.797163,18.979715,8.396655,50.420277,117.01033
99.75309,109.03935,0.021,50.196068,76.28727,55.81876,6.358451,158.50742,46.083248,12.593913,4.193946,59.904285,11.525036,5.672035,65.322266,32.443806,35.619751,29.910057,37.513664,2.241,62.171127,90.442207,89.980591,93.959862,28.119505,11.722075,38.630756,2.635505,45.235001,76.36573,127.4264,38.301369,76.360641,19.30512,19.057194,25.38785,50.394054,10.230523,61.724606,18.41445,8.411317,77.531654,28.574911,24.833866,13.974847,18.279842,8.754949,49.540504,120.78057
104.12682,108.92075,0.021,49.869972,76.248764,56.646404,6.668307,154.2561,45.299919,12.98868,3.917091,58.493622,11.50695,5.63006,66.982521,32.777592,35.981083,29.88109,37.966339,2.359,61.923027,91.199608,90.462799,92.578773,27.545439,11.73633,38.712887,2.678824,46.919998,80.989464,128.51242,37.829342,78.119621,19.533812,19.097052,25.735369,51.7854,9.518113,63.649342,19.775093,8.742913,77.863007,28.121342,24.192781,14.423499,18.137913,8.920824,51.334206,120.20396
106.4745,116.03717,0.022,51.819118,77.490532,59.379971,7.098462,159.71613,47.532402,13.975596,3.990188,58.767914,11.499715,6.026791,70.199478,33.160328,35.841774,30.376905,38.091835,2.46,63.262714,92.44709,91.352058,94.696434,29.002308,12.030926,39.246769,2.756179,50.700001,83.524139,136.31569,39.107578,74.663551,20.315161,19.246517,26.026537,52.533047,9.940588,66.701637,20.510384,12.154009,81.747864,61.987904,25.329887,15.520699,19.239109,9.16964,49.933407,124.24032
107.57928,112.79524,0.021,50.65556,79.184746,57.096729,6.699293,157.09033,46.435741,12.872823,3.870492,58.180141,11.710871,5.880556,68.183273,32.363697,36.625393,28.697517,37.661572,2.566,61.939575,92.357994,93.736916,97.734833,28.225634,11.817107,39.77282,2.800272,49.560001,83.134186,129.2364,38.142632,78.934799,20.277048,19.430862,25.744761,51.776806,10.039994,65.592552,19.062641,10.890137,78.931541,27.214201,26.616739,15.711706,19.33699,8.91419,48.914505,119.71604
109.51268,106.54861,0.021,50.225708,76.999611,55.856358,6.154309,152.13043,45.049255,12.044673,3.737089,55.682083,11.025958,5.716718,66.202927,31.335642,37.134743,25.454704,37.3568,2.59,60.120247,90.085785,92.524269,93.775711,27.859003,10.767014,37.773304,2.774745,44.465,82.67926,125.01303,36.233624,79.237648,19.976894,19.201677,24.547222,48.502625,10.652998,63.850994,18.870831,10.074736,77.183762,16.063938,25.752836,15.858298,18.015558,8.336941,48.122009,117.1434
107.90151,103.06948,0.024,50.033016,74.439049,54.489578,5.953813,151.50525,43.764591,11.735725,3.581758,54.271427,10.647945,6.109928,64.957367,30.672523,36.250996,22.683718,37.598827,2.452,58.788845,88.900681,88.522575,89.126068,27.796291,10.690989,36.949429,2.548093,37.935001,80.785187,121.03095,36.392361,75.117004,19.409937,18.245083,24.314997,46.852642,10.296793,62.118591,18.478067,9.522075,76.446556,18.615269,24.728199,15.782781,18.11344,8.463008,49.671772,114.61512
110.34127,100.26244,0.021,49.706924,77.115128,54.244663,5.651248,151.08849,43.1301,11.469687,3.520539,54.281216,10.520695,6.096981,66.005791,31.794041,36.416428,21.668087,37.809475,2.452,59.3181,93.293594,89.775627,90.592049,26.792885,10.410647,37.213249,2.50316,35.619999,81.332977,120.14605,35.277031,78.384155,18.690519,18.937618,24.755417,48.167469,10.350638,61.513638,19.318392,9.241214,74.980392,17.481344,24.454336,16.786695,17.056293,7.82936,49.971165,113.19576
118.02879,100.6578,0.023,51.478199,81.398758,53.55732,5.314049,145.87854,42.879429,10.774554,3.384396,53.879566,11.411454,6.577489,70.038185,31.96316,37.474316,21.316216,37.899113,2.457,56.514683,98.729034,94.141129,87.694748,25.311895,10.363132,37.264164,2.551297,37.685001,84.536171,122.47898,35.657162,78.393333,19.352764,19.774641,25.670134,47.084671,11.928707,61.779453,17.313482,9.132494,76.256035,17.103369,23.505247,17.635138,18.612648,7.132679,48.976139,111.8706
116.83194,96.822838,0.02,49.66246,81.331375,54.070854,5.204688,144.04463,42.417267,10.088003,3.152312,50.490055,11.089583,6.606981,70.862579,31.624924,38.545254,21.58012,37.701908,2.38,56.680084,97.258797,92.281754,90.573364,23.773016,10.306114,35.685844,2.55932,39.779999,86.0867,116.72708,34.57943,75.667641,19.247952,19.939054,25.428144,45.735462,12.330472,63.585175,16.281343,8.859788,73.920135,16.77264,22.910297,19.336462,17.712116,7.421304,48.544674,108.05278
121.11302,101.2113,0.021,53.190186,80.91745,58.984951,5.407918,150.04646,45.738579,11.173613,3.289369,54.349792,11.568646,6.829971,70.746094,32.555069,40.073303,21.176266,38.329376,2.542,59.045197,97.748878,96.849358,92.536049,27.183634,10.833535,37.444675,2.686885,39.189999,87.414383,119.22092,35.632095,78.072113,20.381863,19.879267,24.944168,48.648716,12.9559,65.253403,18.409563,9.698745,78.268875,16.734842,25.682011,19.078819,19.317415,7.610404,49.786247,113.24678
126.13061,99.511261,0.02,52.997501,81.090721,59.648586,5.314961,152.00542,46.61591,11.229394,3.413634,56.681309,11.452624,6.837884,72.511383,33.129181,40.282272,21.876011,38.333858,2.593,59.012127,97.615227,90.54364,86.704056,30.647316,9.797698,38.703636,2.71657,39.139999,90.487579,117.93378,37.399078,83.05545,21.206091,20.900633,25.171637,50.195576,13.0843,70.248917,17.678844,9.698745,78.542221,4.186073,25.280655,19.693117,19.092281,7.298555,48.764812,115.51083
135.10707,101.44852,0.023,52.071102,80.85006,60.873165,5.373287,156.29842,47.642071,10.319715,3.762673,58.003799,11.396483,6.899746,73.264099,33.596474,41.56218,21.772051,38.815769,2.572,62.634212,99.263672,94.787865,83.582458,31.940168,10.101797,39.110943,2.77594,39.599998,91.69458,120.02537,38.815174,84.872581,21.239445,23.391769,25.505581,53.813503,13.175422,71.871315,17.066864,9.870885,80.44738,5.017618,26.347786,20.152563,20.066229,7.766327,48.650337,117.77486
134.87689,99.985687,0.02,51.574551,79.617912,61.560497,4.915792,158.174,47.806564,10.126622,3.657596,59.551617,11.613561,6.603384,74.52758,35.866203,42.067173,22.671721,38.643032,2.545,61.782448,99.441887,94.949554,82.245949,31.954639,9.959249,40.226418,2.848146,40.150002,91.82457,121.39294,39.257965,76.805641,21.220387,24.218826,25.844366,54.44944,12.487864,71.17469,17.372852,10.024905,84.945221,5.027067,27.452694,21.211088,20.252209,7.706611,47.672928,116.79824
142.84061,106.39047,0.021,54.07954,81.629791,62.911488,5.274862,161.67506,49.263565,10.941901,3.884197,63.186039,11.703385,6.286163,75.871712,36.302349,42.759373,23.847292,38.688488,2.36,66.107475,104.96642,99.678841,82.516991,34.250896,10.48192,43.248837,3.032674,40.41,91.833862,129.03531,40.786842,78.145538,21.630121,24.114199,25.960518,55.772865,12.806792,72.008797,16.879618,10.432606,89.004021,4.583892,26.295847,21.337212,21.094009,7.972012,48.562286,117.64169
144.12956,102.08108,0.018,53.464401,80.869331,61.086468,5.203777,159.46606,48.104233,10.25535,3.628357,58.229118,11.381513,5.862482,70.656502,36.013069,42.889973,21.372196,38.883953,2.218,66.487877,104.69911,98.385361,81.28331,32.924278,9.883225,44.23008,3.040697,38.049999,89.911926,127.98953,39.930508,77.246155,21.634886,24.263668,24.958689,55.008022,12.015686,71.504677,16.098661,10.242346,88.631294,4.904225,27.509356,21.409279,21.284883,7.895709,47.646511,113.55753
141.36757,102.47643,0.019,53.834972,80.994469,61.015377,5.489939,157.21536,48.331398,10.808881,3.732521,58.934452,11.284203,5.96031,71.355431,36.266747,42.058472,20.776413,38.774857,2.19,68.65451,105.23374,99.476738,81.451546,31.82439,9.868971,44.433731,2.996571,38.389999,88.602806,128.31128,39.278851,77.824333,21.534834,23.670776,25.432983,56.004887,12.247634,71.568832,16.715206,10.301236,89.583862,4.715238,27.192993,20.648043,20.888454,8.114666,47.549648,115.7328
133.91019,107.29977,0.019,54.17588,80.291748,62.07402,5.973863,160.71646,49.240063,11.431067,3.663992,63.577885,11.28046,5.976854,71.866196,36.783001,42.75502,21.112291,38.643032,2.169,68.265839,105.81293,98.951263,83.741333,32.514233,10.187325,45.47052,3.052732,38.985001,89.029907,132.6956,39.70911,77.805977,21.258499,23.919891,26.304142,57.010345,12.450588,73.695374,17.203873,10.024905,89.956604,4.743586,26.683035,20.972361,21.177212,8.263955,48.166035,117.0202
133.54196,107.9719,0.019,53.790504,79.098106,60.778355,5.899133,159.88286,49.71006,11.71427,3.654855,66.614738,11.063385,5.865358,70.799873,35.354408,41.2705,22.491783,38.729397,2.189,65.545135,104.83277,97.496086,84.432945,32.253735,10.576951,43.508026,3.04872,38.904999,87.600075,134.18387,40.51532,78.549347,21.153688,23.456539,26.555811,55.008022,12.342896,72.27462,16.911587,9.934305,86.808952,4.488453,26.952179,20.503904,20.996126,8.008504,47.215042,116.93141
138.00714,102.79272,0.018,52.100746,79.521652,58.005287,5.515457,154.04773,47.320904,10.289679,3.610083,61.608841,10.80514,5.039924,69.733513,35.487915,41.501232,22.215887,38.67485,2.122,66.537491,105.81293,97.132294,75.703659,30.029835,9.940244,42.841522,3.052732,36.145,88.19429,129.2364,40.08506,78.108826,23.402456,23.551203,26.36706,53.839291,11.887288,71.32135,16.263071,9.327284,85.939209,3.968737,25.63479,20.841732,19.855778,8.293814,47.681736,112.62528
142.79459,108.01144,0.017,54.331512,81.100342,59.719681,5.744204,159.29933,49.757061,9.791928,3.855872,62.882359,11.43391,5.098656,72.161903,36.03532,43.347088,23.375463,38.974869,2.115,69.506287,109.06529,101.37654,78.124306,30.55566,9.964001,45.077095,3.024652,36.93,90.886818,137.12015,42.599785,78.402504,23.345284,23.685722,26.541292,55.025211,12.429878,74.822792,16.377249,9.943365,87.968613,4.01,27.485744,21.373247,20.687792,8.399973,48.500648,114.57858
142.24217,104.45322,0.02,56.406658,80.811562,59.103447,5.229294,156.00664,49.122562,9.929239,4.103488,62.461113,11.16818,5.011351,69.679756,36.146584,43.02058,23.487423,39.402164,2.153,69.53936,107.81781,101.4978,80.937492,31.279268,9.412822,51.191364,3.011012,37.224998,89.048477,133.5403,41.668251,77.640778,22.687805,24.418118,26.192827,53.246326,12.703244,74.172005,15.422746,9.458655,86.311958,3.55,27.542408,22.283131,20.770992,8.416561,46.607468,114.66736
142.84061,107.37886,0.019,57.918541,77.75045,61.157581,5.184639,150.50497,50.031227,10.375497,4.111712,61.354134,10.748998,5.007382,66.6689,35.90181,41.671013,24.607014,39.811275,2.181,69.489754,104.83277,98.910835,77.404663,32.340565,8.837885,52.246662,3.030267,43.32,89.243454,132.57495,41.279762,77.080956,22.582991,24.348366,25.650776,53.38382,11.096182,73.447884,15.404478,9.585495,86.726112,3.91,29.195045,22.039894,21.363192,8.210875,48.095592,116.22111
144.63592,109.19752,0.017,58.741173,78.568665,60.707245,5.18555,146.04523,50.258389,10.499933,4.139123,61.363926,10.741512,5.417719,68.030937,36.021976,41.475109,25.594654,39.524899,2.2,70.192673,107.81781,99.43631,77.049507,32.601067,9.726423,53.487103,2.968491,41.334999,90.561859,137.64305,41.129379,77.136032,23.259527,23.501379,25.55398,52.825237,11.560076,72.375443,15.884012,10.645516,87.264534,4,28.855076,22.927256,21.461075,7.86917,46.748348,117.10897
144.2216,110.69984,0.018,59.148796,77.480911,62.121429,5.536417,144.29471,50.618721,11.25943,4.14826,60.012043,10.872507,5.383591,68.129524,36.467018,32.433041,26.634274,39.511257,2.2,71.052711,106.0357,101.41695,77.843925,32.977341,10.729001,54.616463,3.011814,41.529999,91.69458,141.66534,40.076706,78.34745,22.2209,23.625937,25.457182,53.779133,11.63463,75.143608,16.436621,10.554916,88.17569,4.02,28.515102,21.400272,21.842823,7.796183,48.02515,118.8847
137.82301,112.20221,0.018,59.674992,77.143997,63.3381,5.744204,146.21193,51.182713,11.435359,4.120849,60.090412,11.164437,5.327239,66.9646,36.342411,31.283737,25.590654,38.593029,2.329,71.300797,104.38725,99.719261,87.246132,33.638241,11.12338,53.200142,3.014221,40.459999,87.507233,141.94688,39.734173,77.365463,21.715879,22.494961,25.253912,54.131474,11.705045,73.933701,17.025761,10.305766,85.773544,4.37,28.345118,21.20208,20.555649,7.64026,48.949726,120.43845
122.49402,107.89281,0.019,57.10331,78.443527,59.616985,5.454397,139.45985,48.448895,10.495644,3.928969,63.675846,10.741512,5.035161,65.862404,33.632076,29.533655,25.810577,37.365685,2.39,69.464951,100.51115,97.415253,82.881493,32.253735,11.104375,51.237644,2.888261,38.77,84.647583,138.00503,39.0867,74.061592,20.834475,23.815262,24.271442,53.73616,11.551792,70.670563,16.861349,9.947895,83.702721,4.626,25.960596,19.89131,19.351675,7.716563,48.02515,113.24678
122.86227,119.23956,0.017,59.941795,74.506432,63.290707,6.149753,137.04244,50.736217,12.658278,4.094351,67.075165,10.756483,4.974841,65.719048,33.387302,28.993832,27.793848,37.67934,2.461,72.045067,98.01619,102.38706,80.946831,33.242668,12.121205,53.635216,3.128147,45.814999,88.082878,143.47537,42.04002,76.172401,21.668236,25.230228,24.126245,57.964245,10.213955,70.07476,17.879793,9.734985,89.583862,4.451,27.339369,19.121061,20.673109,7.792866,49.751022,114.26782
127.97194,119.20002,0.017,59.586056,74.756714,63.993851,6.435003,141.58553,51.120049,12.838496,4.497299,69.886696,10.786426,4.805784,65.369568,33.62318,29.34646,27.921804,37.911171,2.467,69.464951,97.303345,107.27804,83.292725,31.173141,12.239995,53.440819,3.225225,46.345001,88.287125,139.49329,41.016594,78.466751,22.578226,26.206753,24.305319,58.445488,9.725209,71.76133,17.203873,9.191384,88.341362,4.5,26.97579,19.684111,20.726944,7.965377,49.310749,113.6907
128.15607,119.16048,0.018,59.660168,74.689331,65.408035,6.013962,137.20917,50.697056,12.744097,4.690092,72.08107,11.059642,4.868486,66.543434,33.698837,30.96158,28.245686,37.911171,2.453,69.572441,96.545944,107.11636,81.788002,29.499187,11.992913,53.690758,3.335942,43.75,88.807076,139.8553,42.365856,77.59491,22.649691,25.987532,24.169806,58.471275,9.750062,74.126175,17.491596,9.445065,88.921196,4.3,28.434832,19.603027,20.844406,8.237415,48.844059,117.73048
127.51161,117.26277,0.018,60.038139,72.725586,63.061592,6.006672,138.12611,48.934566,12.731223,4.702884,71.787178,11.025958,4.817691,65.082817,33.462959,30.143135,28.753496,37.820255,2.234,69.175507,94.942047,108.24814,78.769196,28.433069,11.532013,53.505619,3.330326,41.165001,85.919571,136.59724,42.491169,76.273354,22.263779,25.648739,24.102047,56.718163,9.613379,70.523911,18.130976,8.712,87.637283,4.32,28.954233,18.769718,20.829723,8.157795,48.174839,113.24678
132.94351,124.33965,0.017,63.276829,75.565315,70.132523,6.995481,152.38051,53.501377,14.880984,4.965121,77.175133,11.778237,5.100244,69.482613,34.321903,33.221012,29.377272,38.774857,2.48,72.781067,97.793434,108.28857,79.956161,31.047716,12.097448,57.39357,3.353592,44.965,87.572227,140.86087,43.727646,79.384483,22.359068,26.844484,24.377914,57.414249,9.27374,73.209564,20.268332,8.271,95.009422,4.076,32.287842,19.594019,23.012537,8.532675,50.73724,119.72819
133.26576,123.86521,0.018,65.011063,76.306526,71.104271,7.04287,153.13077,55.318695,15.726301,4.888368,77.958839,11.976601,5.17485,70.719208,35.163033,32.668125,28.03376,39.093056,2.472,72.185654,99.530991,108.12688,80.199158,32.128307,12.282759,57.689796,3.329524,46.119999,90.821823,142.22847,44.070175,77.705032,23.373871,26.555511,25.157118,53.882252,9.373147,74.639481,19.893835,8.04,95.672081,4.25,32.689205,19.886805,22.77272,8.771537,50.596352,123.9899
133.03558,124.10244,0.016,64.810959,77.798584,71.07267,6.83235,154.29779,55.639858,15.284333,4.878318,77.478813,12.066425,5.27803,72.932549,35.327698,33.120884,29.425253,38.806679,2.523,72.276619,100.73392,108.69278,82.432877,32.634834,12.239995,57.56945,3.320698,47.994999,91.78743,143.59605,45.365128,77.686676,23.345284,26.450884,24.857054,54.930679,9.592669,75.171112,20.414471,8.1,95.464996,4.45,31.159327,20.436337,22.249043,8.86111,51.547344,125.94321
138.2373,124.14198,0.018,65.448318,77.586792,70.116722,6.603602,153.13077,55.397026,14.803749,4.8838,77.870674,12.24233,5.317714,72.09021,35.496822,33.286312,29.249323,39.238518,2.533,73.293777,100.91213,107.56099,81.21788,32.654133,11.660306,57.717564,3.349581,48.75,92.056671,144.52116,45.782864,81.513649,23.788366,26.585405,24.837694,54.913502,9.787337,75.904396,20.725029,8.36,96.748909,4.32,31.683449,20.440844,22.160946,8.83457,52.489529,121.4151
133.31178,127.38391,0.018,64.862823,77.529045,71.507202,7.1577,156.96529,56.431023,15.72201,4.903902,79.242165,12.388295,5.280411,72.22464,36.084278,33.21666,30.388903,40.134022,2.591,71.887947,100.77847,108.40984,83.666565,34.820137,11.779095,59.106117,3.409753,49.91,94.842049,143.47537,46.183876,81.981697,23.345284,27.083633,24.813494,55.764267,9.774911,76.683525,20.601717,8.885,96.04483,4.9,32.042305,20.805695,22.146263,9.026986,53.449333,126.60912
136.21187,127.14668,0.018,66.004158,77.432785,69.374069,6.9408,157.5488,55.874866,15.571829,4.91578,78.125374,12.24233,5.689954,68.389381,36.667294,33.299374,31.068653,39.861279,2.622,71.805244,101.58041,111.80521,84.460991,36.619514,10.904809,61.42038,3.664883,48.869999,96.188316,144.52116,47.361862,82.348785,24.317211,26.724911,24.745737,55.81583,10.309219,77.160149,21.524254,8.703,96.41758,5.232,33.529682,21.544415,23.325766,8.698549,52.040455,134.73305
140.12465,125.9211,0.018,66.641525,78.838203,68.852646,7.346347,155.21472,55.334366,15.498882,5.252027,80.202187,12.294727,5.839167,67.851723,37.957916,32.77261,30.952698,39.774914,2.479,71.830055,100.68936,109.21827,87.591942,36.933079,11.508255,61.559238,3.722648,48.544998,95.352699,141.58489,44.939053,85.615944,25.312958,25.853012,24.798977,60.035309,10.561876,76.811836,21.624725,8.419,96.914574,7.165,34.101021,22.314661,23.492168,8.668693,52.093285,133.04611
141.64377,128.09555,0.02,67.575333,79.897079,69.058044,7.524971,154.00603,55.397026,16.460052,5.537105,80.976105,12.238588,5.780435,68.452103,38.879166,34.270187,31.824377,40.656776,2.539,75.402534,102.917,110.14794,89.489204,36.749763,12.121205,63.179203,3.834969,50.689999,95.584816,142.38934,46.108685,92.370506,26.994772,25.471224,25.011925,61.573582,10.408625,78.122604,21.889612,8.258,98.736893,7.209,35.021774,22.269617,23.834763,9.026986,52.093285,135.88727
135.33723,125.16991,0.018,66.011559,79.666046,66.387688,7.442039,161.80011,52.99221,16.168268,5.555379,81.505081,11.972858,5.534392,68.595482,37.975723,33.221012,30.896711,40.002193,2.529,74.43499,100.73392,109.74373,87.255486,36.219116,11.631796,62.244251,3.971359,48.290001,95.027748,143.11336,44.51297,92.691711,27.104349,27.120001,24.653782,58.737667,10.081413,78.351753,21.254799,8.257,97.949989,7.321,34.851791,21.877735,22.748251,9.093335,52.533562,132.24703
137.54681,124.02338,0.018,65.62619,80.368767,67.209343,6.763087,157.29871,52.577045,15.275752,5.52614,78.654381,11.939174,5.616935,69.124168,38.701145,34.261482,29.837105,40.420399,2.342,73.823029,102.7388,113.58376,87.750832,35.427971,11.97866,62.049858,3.995428,49.185001,93.774315,143.59605,43.393459,95.39904,28.443132,27.35,24.658623,57.76659,10.686132,79.08503,21.085819,8.14,102.1029,7.114,34.705418,22.449793,23.253668,9.090018,51.952393,129.98296
136.67217,128.72812,0.018,66.033806,82.534645,67.177734,6.754885,159.09096,52.960869,15.619028,5.674162,81.632446,11.871804,5.605823,68.013031,38.879166,34.379028,31.412529,41.529552,2.377,70.655762,107.01587,113.74544,89.423782,37.319004,12.829187,62.688591,4.208838,49.529999,94.099289,142.75134,46.359325,96.270905,28.562243,26.975,24.348879,62.063423,10.951217,79.644157,20.779833,8.138,102.91357,6.85,35.040668,22.440784,22.549458,8.715138,52.568783,128.60681
139.84847,129.47929,0.017,64.744263,83.285477,66.561508,6.468723,160.09126,53.861698,15.567535,5.149691,82.092873,12.298472,5.669318,69.590141,38.745647,32.132656,29.521217,41.238628,2.265,70.945206,106.0357,115.3623,90.909813,36.267357,13.028751,59.180176,4.051589,51.900002,95.816933,143.31447,45.849701,93.334129,27.933346,26.51,22.892107,60.542343,10.951217,80.634094,19.843599,7.953,103.89492,6.96,32.977226,21.61198,23.539289,9.020415,52.665642,129.58344
148.22652,132.40494,0.017,66.900909,83.083336,68.734131,7.119423,159.9662,54.809528,16.425722,5.29223,85.149323,12.103852,5.935997,70.853615,39.003777,32.755192,29.605192,41.770473,2.349,74.83194,106.61488,121.54675,96.59227,37.063332,13.204559,59.772633,4.195199,57.849998,96.559708,145.00383,47.787949,92.691711,27.857119,27.34,24.034292,64.022774,11.601496,81.834862,20.510384,8.432,106.45496,7.1,33.151932,21.684048,23.253668,8.942272,54.321079,130.82646
165.21269,133.74913,0.016,66.18203,83.401001,66.000565,7.558691,159.25764,54.833023,15.670517,5.330606,85.325645,12.036484,5.580425,70.790901,38.62994,33.564934,29.401262,42.143223,2.306,73.343399,106.39213,123.56782,95.283806,38.013676,13.627447,58.458134,4.175142,58.130001,94.145721,144.4005,48.528549,96.913322,27.814238,28,24.290798,63.653248,11.43996,81.605698,20.62912,8.198,105.00428,7.595,31.980928,21.152533,22.21459,8.925284,54.594048,127.58573
168.66516,134.73753,0.016,66.189445,84.941177,65.48703,7.791995,164.46761,55.741695,15.327244,5.435683,88.166573,12.055196,5.617729,70.692322,38.937016,33.874023,30.256948,42.002308,2.315,73.839577,108.04057,124.74002,96.218422,39.470543,14.530242,59.957767,4.283452,56.110001,96.513268,144.80273,50.929344,94.11422,28.1668,27.52,24.581186,63.378242,12.160653,83.365585,20.830072,8.179,106.11362,7.453,34.266285,21.323698,23.322611,8.918489,55.272072,125.09972
164.38409,134.06545,0.018,66.893501,84.450256,66.111176,7.770123,166.42654,55.271694,14.937643,5.943708,91.193619,12.085139,5.763767,69.545334,39.2174,34.779537,28.913441,41.470459,2.306,72.268341,105.99115,123.60822,93.835159,45.399326,14.30692,56.939972,4.3701,54.330002,96.420433,143.75693,50.442352,103.88814,28.204914,26.76,24.537628,65.311821,12.566561,83.228104,19.350363,8.584,106.11362,7.35,31.532351,21.404778,22.342627,8.779191,51.961201,123.81233
164.15393,137.30734,0.015,68.864883,85.412865,67.556961,7.726378,171.30306,54.206367,15.528995,5.910815,94.416595,12.294727,5.913774,70.835709,40.70385,34.688118,28.86146,41.661381,2.339,72.574333,107.01587,125.26551,98.274574,46.547451,14.444714,58.217445,4.344426,55.07,99.159386,147.53789,53.67189,108.38506,27.880941,27.209999,24.750578,67.571953,12.86892,84.309708,19.902969,9.54,109.56967,7.24,32.047031,21.188568,22.613476,8.80977,52.480724,123.9899
164.15393,136.43758,0.016,69.124275,86.876038,65.408035,7.556868,167.67693,54.951134,14.932836,5.893454,92.672867,12.111338,5.865359,70.369743,41.291309,36.59927,28.693525,43.120544,2.337,72.80587,108.75343,129.79269,99.536301,46.2966,14.15962,59.52269,4.619614,53.889999,98.741577,147.015,54.620247,110.58765,28.752813,26.385,24.876411,69.883652,13.047023,84.135544,19.944071,9.399,109.56967,7.22,32.467274,18.999443,22.209665,8.690854,51.987621,121.68148
163.92378,135.01428,0.016,67.271469,88.281456,65.439629,7.322653,164.92607,54.475437,14.543408,5.599237,94.788857,12.01777,5.779641,71.678032,41.371418,36.224876,29.789122,43.65694,2.386,71.639854,110.92907,130.03523,99.910149,45.442741,14.444714,58.782127,4.540988,52.709999,97.905975,147.21611,54.133251,109.21104,33.064545,26.540001,24.968367,69.866463,13.088442,83.503082,19.994307,9.035,107.99098,7.406,29.520853,19.030973,21.549776,8.745214,51.547344,121.63707
166.08731,134.61893,0.014,65.78923,86.125198,67.09874,7.579652,167.71861,54.270397,14.966489,5.50878,95.396225,11.924202,5.693922,71.516724,41.117744,33.177475,30.140989,44.129696,2.376,69.828812,109.52947,130.39902,100.09707,46.513683,15.299994,57.856422,4.57308,51.509998,95.631248,146.73341,54.509178,107.28378,33.094608,26.85,24.890932,70.674271,12.545853,83.338104,19.254456,8.872,106.96697,7.4,28.958956,18.819267,21.141041,8.969452,51.063046,127.40816
169.30963,138.21668,0.014,66.300606,88.60862,69.247665,8.197543,171.30306,56.099373,15.894383,6.533054,98.403679,12.051455,5.68043,72.986305,42.150246,34.71011,31.892351,45.484314,2.562,70.291893,112.87044,133.71355,101.87283,48.115273,15.052913,61.374104,4.64288,55.720001,100.08785,141.54466,54.833839,109.39458,34.231033,27.450001,25.379747,72.401596,12.595553,84.392197,20.008009,9.283,112.30039,8.249,29.723892,17.688669,21.525154,9.044197,54.241821,131.35915
169.53979,137.50503,0.014,66.804565,90.791336,70.393234,8.748908,176.72365,56.197788,16.745354,6.488281,99.6772,12.433208,5.608204,75.764198,43.338516,34.674545,31.504499,45.557053,2.555,73.930557,113.81855,138.68538,104.48975,48.60733,15.504311,63.882748,4.653309,56.959999,100.27353,151.9433,54.68005,108.33919,34.665546,29.040001,25.989559,74.515633,12.74052,86.014587,20.715895,9.941,112.64172,7.846,30.536043,17.864342,22.175194,9.499464,54.814182,130.95964
162.22054,142.78889,0.015,66.374718,91.868149,68.923744,8.620407,180.62953,56.648876,16.524199,6.494936,101.09766,13.121862,5.722496,76.534828,43.534332,33.149757,31.264587,44.716091,2.465,70.870773,112.87044,136.34093,104.86359,51.636845,15.969962,60.448391,4.705459,59.790001,107.41135,147.89821,53.407032,112.42313,35.114388,29.565001,25.631414,73.931252,12.918623,86.76622,20.323133,10.415,110.93503,8.162,30.144135,18.251715,21.037624,9.49267,54.233017,130.29373
160.6086,140.30992,0.014,63.543636,90.277184,70.836777,8.700605,175.41406,55.681084,16.432852,6.770786,98.632599,13.323968,6.040755,74.039223,44.041183,32.718544,29.149357,45.515278,2.451,70.009773,111.74173,134.63181,103.46168,50.433228,15.587583,60.5317,4.715087,60.580002,101.16759,145.24364,57.721622,112.46901,34.083015,29.1,25.650776,74.630989,14.057648,87.402466,21.932274,10.45,109.35633,8.048,32.169796,17.422913,22.741514,8.938875,51.749874,128.74019
160.28273,141.34283,0.014,64.304344,91.615921,69.299698,8.549322,173.15402,53.622463,16.037239,6.715432,101.47872,13.406308,6.157567,75.74295,44.42651,32.807457,28.057751,45.338917,2.484,69.60553,112.4641,134.50867,103.50841,47.930553,16.34807,58.559956,4.877952,65.389999,98.914207,145.45432,60.079704,114.53392,34.25491,29.379999,25.825006,74.910706,14.529828,88.07122,21.450958,10.435,107.56431,8.108,32.977226,17.269766,23.672253,9.091763,52.383865,128.3802
159.67754,143.24338,0.016,65.416214,93.711334,70.631287,8.524716,175.58792,53.999744,15.161952,6.983902,104.03041,13.009583,6.398544,78.4254,46.02224,33.225327,28.879509,46.411007,2.548,70.523491,114.9021,135.08331,105.84493,49.069901,17.012896,63.105145,5.027982,66.25,101.77788,149.49937,61.668854,121.20485,34.020939,30.405001,26.066994,77.5942,15.043426,89.260109,21.349144,10.8,110.50836,8.3,31.914818,17.792269,23.155176,9.319397,52.604008,127.70523
158.28093,143.65654,0.014,66.39772,93.410606,69.398346,8.64228,172.71939,53.68808,15.380774,7.171184,101.92035,13.745088,7.186007,78.68821,45.732113,33.003052,27.995275,45.849438,2.76,71.113007,113.50252,136.93037,103.74206,46.411423,17.792517,65.964195,4.914857,63.139999,100.27563,149.41513,62.591572,123.09499,33.419304,30.84,25.379747,76.274315,16.343985,89.167229,21.585171,11.395,110.42301,8.069,32.121742,17.576061,23.903708,8.949066,51.952393,124.06036
162.05176,144.15234,0.013,65.2015,94.109077,68.518845,8.612205,171.41553,53.474834,14.588151,6.968217,98.043755,13.395944,7.221133,80.092865,46.040375,33.345356,29.044018,46.109333,2.921,72.637344,115.75992,140.5835,100.0036,46.474716,17.787731,62.650539,4.929299,63.349998,99.477547,148.78308,57.559311,126.16644,33.132813,30.245001,25.728527,75.758583,16.700188,87.681107,21.612942,11.215,106.28429,8.225,31.402414,17.567051,23.194572,8.966054,50.191299,122.08043
156.88434,143.69786,0.013,65.16317,93.138985,68.716103,8.454543,171.06781,53.589657,14.490896,6.900869,94.42231,13.371864,7.274228,79.422249,45.020378,32.687428,28.04463,46.355316,2.92,72.275223,113.36707,138.20282,98.321297,46.766861,17.821213,62.248035,4.960588,63.060001,104.35989,149.41513,59.285145,128.24559,32.201714,30.879999,25.865826,77.349457,15.797251,89.102219,21.16865,10.905,106.45496,8.567,34.14632,16.877882,24.947708,8.748612,50.807686,123.34038
156.18605,142.45836,0.014,62.180294,89.287689,66.809151,9.505323,164.24423,51.973934,15.098736,6.811379,90.398499,12.617388,6.737545,76.277626,43.225185,31.856131,28.213249,45.663792,2.665,71.289879,108.80711,131.67645,96.164108,43.894142,19.059992,62.05146,4.682193,62.099998,99.289772,148.78308,58.738342,121.11034,32.130089,29.125,25.076366,72.655518,14.451131,84.941071,20.752127,10.875,102.70023,9.5,34.027229,16.436455,24.499577,8.639892,49.557301,122.17043
164.05354,147.70554,0.015,62.203293,87.83255,66.89135,10.125037,164.02692,52.064152,16.222023,5.936778,89.024513,12.496992,6.733461,75.607002,43.628651,33.429813,28.381866,45.622025,2.642,73.85849,107.5881,127.77705,96.780548,44.531982,19.610031,61.939133,4.647973,60.860001,95.76886,151.77475,59.763588,125.36314,32.492981,29.155001,24.904745,73.949188,14.60024,83.92865,21.288979,10.555,103.12691,8.527,34.455963,16.278801,25.528805,8.667073,49.610138,127.07524
168.15024,151.05215,0.015,64.196999,90.607025,68.831184,10.143264,170.72014,53.204185,15.920536,6.135131,93.980675,12.713704,7.002211,77.881653,45.523575,34.487839,28.270824,45.756611,2.837,72.536278,109.48432,129.78833,101.38011,49.293877,19.992664,64.737953,4.943147,66.800003,96.989441,153.20738,61.865353,130.51376,32.535954,29.594999,25.360767,76.248085,14.848753,84.838898,22.270123,10.945,102.65757,8.85,36.442429,16.603117,26.16407,8.932079,51.697041,132.02506
164.9846,146.13551,0.014,62.019264,89.394409,66.735184,9.414188,166.54774,51.326004,15.195992,5.996745,92.979622,12.501006,6.829851,73.477371,44.390247,31.562729,27.92536,45.863358,2.76,71.264603,107.49781,123.09777,103.84586,47.716316,17.749468,61.620872,4.743112,65.459999,93.083572,149.71005,60.14806,129.75769,31.533236,29.655001,25.145014,75.120499,14.376575,82.553993,20.821547,10.505,98.945511,8.364,35.60878,15.945479,25.267803,9.027209,51.40646,127.21025
179.27644,149.27554,0.014,61.06842,89.064568,63.98983,10.147821,167.41699,49.086945,14.986895,5.907255,95.619644,12.492979,6.748981,72.843002,45.496372,31.135963,28.760241,46.364601,2.871,70.675079,107.76869,124.37021,101.66463,49.654186,17.596415,61.489826,4.992749,62.540001,87.421944,152.44891,63.070026,133.77423,32.344963,28.035,25.635361,74.403725,14.504975,83.87294,20.400396,10.77,98.774849,8.13,36.128025,16.578476,25.031427,9.088365,49.979965,120.86547
186.16632,153.53111,0.014,62.96244,87.842255,66.866699,10.603493,164.33116,49.644657,15.21058,5.736578,86.443375,12.641467,7.196627,71.628647,43.134521,33.429813,29.998169,47.023636,2.933,70.152946,107.67839,123.54929,101.9017,48.675514,18.758667,62.931362,5.057801,60,86.933701,156.87323,61.651772,131.41159,33.724895,27.389999,26.209068,75.706139,15.320933,84.931786,20.650309,11,95.190788,8.374,36.061333,17.128012,25.021578,9.349974,49.874302,118.75056
178.76436,148.8624,0.014,61.244789,86.154274,65.715942,9.796953,164.85271,49.045937,13.829568,5.70152,83.773926,12.440809,7.562584,70.205864,42.667587,33.420921,28.949425,47.803337,2.924,66.935844,102.93784,121.37383,98.535019,50.774055,18.753885,59.561539,4.902489,56.43,86.314026,148.57239,59.720875,133.34895,33.758316,26.799999,26.282619,75.802292,15.598441,82.136024,19.877426,10.775,93.185417,8.297,36.77589,16.698542,25.312126,9.197086,49.425224,116.23064
176.20393,150.96953,0.014,62.417999,86.561722,65.378944,9.965552,167.11276,49.464226,13.712862,5.809462,87.199066,12.448834,7.859107,71.646774,42.758251,33.825462,29.081034,47.552723,2.947,67.062164,102.12517,124.0008,98.914368,51.260956,19.834829,58.597397,5.035033,56.73,85.450233,150.59492,60.592331,131.22257,33.758316,26.68,26.787678,77.200859,17.068819,82.888367,18.29001,11.72,94.977455,7.79,34.818005,16.6616,25.70116,9.886782,49.751022,117.04062
174.76077,150.55635,0.013,63.108124,86.096069,65.173454,9.669365,166.85197,50.989731,13.416237,5.759643,88.072533,12.280283,7.724325,71.456474,42.907852,33.483166,28.431223,47.302101,3.079,67.062164,102.08003,122.52313,98.250511,53.189087,19.863525,60.937546,5.041538,58.110001,87.112106,148.99376,64.351585,130.18297,33.252182,26.575001,27.361383,75.915924,17.429165,82.061714,18.840746,12.25,94.593445,8.08,35.48016,16.610802,24.804897,9.635365,49.143452,118.03057
177.27464,149.52344,0.013,63.215473,87.10498,64.935081,9.53722,165.11348,50.686275,13.163375,6.00228,90.319984,12.131796,7.865642,71.701157,43.052921,32.874138,28.624519,47.682671,3.199,68.52755,102.30577,123.05673,99.341125,50.374798,20.815331,59.290085,4.830119,60.93,86.501816,146.08637,65.146156,131.26979,33.233086,27.26,27.631075,76.047043,17.387745,82.293915,18.910166,13.49,94.50811,8.269,36.36145,16.740103,25.011728,9.920756,49.96236,117.94058
181.51099,148.8624,0.021,64.718414,88.860855,67.828392,9.268373,172.93671,53.171379,12.97373,5.900796,85.991936,12.063571,7.826433,71.991142,43.773716,32.887474,27.995275,49.102852,3.248,69.2855,105.55643,120.96338,102.42331,49.12833,21.121437,58.859497,4.767506,65.699997,89.975784,142.84186,64.727516,127.67855,32.994343,26.67,27.792891,78.713058,17.673538,84.095848,18.799095,14.05,95.788124,8.03,36.185192,16.652363,25.627295,9.832422,50.552326,122.66543
184.25763,152.82873,0.02,66.098663,89.452614,69.727127,9.742271,179.89069,54.336014,13.430825,5.757798,86.78688,12.043506,7.481714,73.948601,44.054783,33.61208,27.917133,48.935768,3.217,69.487617,104.60832,121.49697,108.96703,52.04974,21.48494,59.954693,4.726035,66.68,90.952248,147.72967,63.574112,125.50489,31.53801,26.75,27.910572,79.963036,16.708471,85.46122,19.41925,14.08,99.244179,8.332,36.085152,16.532295,25.45986,10.009092,48.817642,126.67024
178.99713,154.27481,0.017,67.739624,88.016869,69.940834,10.234398,184.715,54.623066,13.518353,5.858358,88.533798,12.408705,7.607512,73.921425,44.42651,33.33646,27.711496,49.177105,3.359,71.837288,102.39606,114.35493,109.06186,54.055767,21.881924,61.929783,4.803285,71,90.604843,150.00503,62.548862,125.93017,32.192165,26.879999,27.586943,82.515411,16.758173,85.535522,20.502211,14.12,99.457527,7.5,36.413853,17.067978,24.642387,9.913962,50.393822,129.41518
178.20573,156.96036,0.017,69.043205,88.307899,70.549088,10.489574,186.67081,55.336613,14.22831,6.305808,92.047279,12.669559,7.822348,75.008904,45.414772,34.221111,29.142725,48.73156,3.45,73.243713,103.97625,117.18712,111.48019,54.640053,22.489357,62.491413,4.743112,71.370003,88.370247,152.44891,58.558926,126.07194,31.447285,26.629999,27.939995,83.354553,15.921507,86.092827,21.335258,14.305,101.71888,8.794,36.566288,16.786283,24.696556,9.771266,50.296967,128.92017
179.2299,160.18304,0.016,68.989525,87.822845,73.195816,10.548813,187.49661,56.345417,14.31584,6.188641,95.560768,12.597322,7.678578,75.525452,45.256111,33.967724,28.587509,48.629456,3.529,72.047821,104.65347,117.67968,111.57503,55.107479,22.958084,62.248035,4.912247,74,89.741058,155.9041,58.840866,126.63899,31.318363,29.195,28.332272,85.697151,16.058191,87.588234,20.830801,13.4,102.06023,8.882,36.399559,16.887878,23.012365,9.740689,49.751022,133.46501
179.78854,161.58777,0.015,68.169044,91.053268,71.732719,10.658174,187.19238,55.697498,13.610744,6.178492,99.368675,12.400677,8.160533,73.29612,45.650513,35.68811,28.056967,48.583042,3.529,72.165733,107.49781,114.92958,108.1135,54.260269,23.952936,63.006245,4.849635,73.68,90.454613,155.60913,58.362419,126.9225,31.991617,29.145,28.538219,85.635963,17.362892,88.349869,19.201735,13.955,102.31622,10.535,38.143078,15.668737,23.386631,10.229931,49.205086,134.18498
174.34181,162.78595,0.014,69.357597,89.268295,70.93541,10.585266,185.58426,56.066563,14.004624,6.548445,97.818031,12.364559,8.201376,75.099533,45.260643,36.052635,28.460009,46.875118,3.339,71.50885,105.28554,123.26196,105.50549,55.769665,24.603415,63.70829,4.854513,73.75,88.191856,158.72723,58.755421,127.77305,33.299934,29.105,28.337177,86.221603,17.768805,88.442757,19.382227,13.27,98.902847,9.86,39.734161,15.571761,22.992666,10.151788,49.319557,133.37501
178.20573,164.8931,0.016,71.949402,93.488213,71.691628,10.826773,189.01776,58.322018,13.771214,6.697903,98.485382,12.521072,8.229966,75.815453,44.07745,37.23513,28.377758,46.406368,3.405,73.15107,108.76195,124.12394,103.46651,56.295517,26.09569,63.839336,4.801659,74.5,86.229523,162.51949,59.763588,130.89178,36.432247,29.1,28.910881,89.377129,17.69425,91.322105,19.271152,13.445,102.82823,10.155,39.924709,15.484017,22.716894,10.477951,47.435184,139.13481
174.10902,167.61997,0.017,74.38784,94.953056,73.62323,10.740194,193.19017,60.077175,14.111605,6.683142,90.496635,12.553178,8.466858,75.398567,44.081982,37.337376,29.488192,46.058281,3.482,71.963608,111.33541,126.01206,102.28106,55.7794,26.822697,65.805069,4.858579,80.019997,86.952492,164.20494,60.942635,150.50192,36.685318,29.110001,29.415941,90.644585,18.431507,91.814384,19.780239,13.495,105.98563,12,39.129166,15.858074,22.997593,10.416796,45.480366,148.58446
168.52264,165.14099,0.017,72.409485,94.497116,70.9683,10.835886,187.54005,57.879124,15.035522,6.349169,87.336479,12.099689,8.377003,75.008904,42.386524,36.083752,28.797258,44.373562,2.98,76.755569,109.34888,124.28812,99.5308,55.185379,25.746536,62.790955,4.624391,76.540001,84.304764,164.66843,61.070793,151.21072,35.811516,26.93,29.69544,86.912155,18.617895,89.408722,19.710817,12.85,99.798851,11.935,39.381641,15.557905,22.185043,10.144993,44.133121,143.31964
172.99178,162.82727,0.017,70.553802,93.662827,69.809326,11.045495,186.84465,56.56686,15.779516,6.253221,68.620811,12.007388,7.987357,75.027023,41.289455,35.514736,30.90708,43.440701,2.883,78.136734,102.75726,121.49697,99.293709,57.90229,26.913572,60.563126,4.437366,79.25,85.027718,160.7919,58.618721,151.87225,36.838116,26.129999,28.807911,89.59565,16.112036,89.640938,17.688364,12.41,98.0495,10.6,40.996544,15.793421,21.746758,10.073646,40.945534,144.93959
167.5916,163.57097,0.016,72.923241,94.293388,71.00116,11.009041,188.53967,57.411633,15.609321,6.481098,73.684937,11.882979,7.941612,74.628281,40.985725,35.461388,30.578058,42.893051,3.005,76.098671,101.89942,120.96338,102.75524,59.596706,27.382298,59.112232,4.488595,79.970001,83.703857,159.78062,60.840103,164.9142,36.14098,27.08,28.812811,92.261673,16.352268,90.32827,18.183565,12.465,97.324158,13.14,41.358585,15.950433,22.510061,10.294485,41.09523,152.18431
163.02939,161.75304,0.016,71.036903,95.622429,68.69146,11.004484,190.4955,56.009151,15.341872,6.483865,69.131149,12.019427,7.85339,74.900154,39.031868,36.114872,30.302511,42.326836,2.901,74.431175,100.90617,119.5678,101.38011,60.093346,27.989731,58.597397,4.196674,79.970001,83.929199,155.4406,59.635437,144.07547,35.63007,26.365,28.611771,92.217964,15.863523,86.538651,18.026213,10.855,96.470802,14,40.720253,15.973523,21.978212,10.464359,40.320347,152.5443
168.15024,164.56255,0.015,72.141098,98.028267,70.261406,11.492053,195.05905,57.657692,16.037239,6.458955,69.35688,12.456862,7.997159,79.114136,39.770798,35.470284,30.672653,42.336121,2.859,76.01445,102.39606,119.1163,102.04397,59.207184,28.82196,58.971825,4.312141,80.519997,83.431572,155.73555,60.566696,144.50075,35.620518,26.575001,29.60227,91.955734,16.894859,88.739967,18.160423,10.98,98.305496,13.97,41.22044,15.765715,22.554382,10.776932,40.50526,153.08427
160.37585,162.90988,0.016,71.826706,96.534325,70.64772,11.446487,193.49442,58.240009,16.085871,6.408214,70.485519,12.091663,7.667961,78.887581,39.358265,35.536964,31.347141,41.876656,2.775,75.787064,100.99646,120.71711,98.677277,60.531555,28.49194,60.544403,4.231639,74.919998,84.99955,156.99965,60.814472,143.1304,35.443851,27.165001,29.415941,92.086845,13.920966,90.421143,18.558434,11.045,99.372185,14.525,42.430424,15.54867,23.091158,11.194827,39.765598,152.18431
157.72229,161.33989,0.017,71.704018,95.467209,71.938217,11.510281,196.71063,58.486057,15.867046,6.93316,69.690567,12.043506,7.525825,79.95694,40.414528,35.119095,32.173794,42.210812,2.823,75.896553,99.777466,118.29537,102.42331,61.739075,29.706804,60.778419,4.498353,74.919998,84.764832,154.64002,64.761696,146.91066,35.037983,27,28.744164,94.140999,14.119779,87.848305,18.752815,11.805,100.22553,14.445,44.440712,16.153624,23.568838,11.609323,40.769424,152.99426
155.6274,158.24116,0.016,70.346771,94.972458,71.371056,11.396363,195.62405,58.067768,15.439127,6.992204,70.956589,11.874952,7.40166,79.549133,40.119865,35.572525,32.543941,42.716694,2.875,76.006035,99.642014,121.16862,108.58768,60.755531,29.386347,62.05146,4.576416,76.580002,84.267197,152.32251,66.282486,147.5722,34.665546,26.190001,29.30316,92.523903,14.0825,86.798729,19.210987,11.39,99.11618,14.89,45.345821,16.698542,23.849537,11.667082,41.209698,151.82431
