356.42926,1162.8093,86.41478,152.88873,2378.2385,904.52838,114.58263,384.67511,351.71429,187.62123,590.89032,327.54483,351.58008,364.28564,239.71902,174.19586,963.2558,321.41525,555.47443,561.14667,1712.25,132.29141,665.65234,403.10004,544.83142,486.45126,810.66467,657.75806,650.57391,159.51531,435.69308,358.05539,491.68646,603.87695,1486.9692,235.24568,531.00971,873.65338,525.12268,1211.437,77.786003,652.44952,383.38641,1112.5935,998.01422,255.37383,1366.28,514.80029,250.60968,673.01935,149.0489,229.1353,1096.349,656.78509,337.56802,851.1214
354.18924,1157.1035,93.367691,145.54271,2443.0723,865.02924,119.4026,347.76819,355.3829,173.61478,547.34106,320.37601,324.88287,343.62759,245.4924,180.31235,931.73035,319.20209,575.99695,532.84106,1800.3879,129.83868,655.30573,393.80869,581.00092,531.56561,812.31934,542.81927,624.26874,154.56909,433.11697,385.62494,491.68646,526.40588,1883.8433,224.35007,485.94772,868.12372,588.33673,1104.0629,79.404686,850.22485,361.86691,1145.3749,947.59473,247.8342,1311.927,530.85699,239.17313,718.8706,140.13571,212.47656,1067.6721,665.67383,384.21423,760.04706
342.49078,1088.6393,93.367691,144.16527,2271.8118,786.03125,111.90602,360.89609,329.93295,142.34465,556.74329,296.64444,297.18271,325.99283,223.46587,176.88707,881.52496,299.60101,610.6203,490.13434,1635.996,120.7944,623.40265,358.07284,557.65094,525.68127,794.12091,509.01392,623.79919,151.84872,412.18567,359.21869,458.039,534.35181,1890.8378,218.40704,428.9895,870.49365,568.63739,1048.3269,77.615578,794.24085,392.78705,1339.0856,921.64319,246.86133,1223.323,528.3866,231.21724,660.26062,125.28027,214.04817,921.52832,614.31634,388.09164,662.42017
319.34277,954.69873,89.19593,155.18434,2245.6824,820.59265,109.76376,339.84189,345.75314,148.85924,549.81549,263.51923,304.37091,312.38882,211.0824,181.78036,892.03265,297.38812,594.88226,452.39346,1614.2091,114.81602,633.31812,331.27094,535.67444,513.91217,892.83441,460.72034,638.3606,141.21428,414.11783,324.90207,474.86337,488.16699,1875.1018,207.51141,438.36246,928.1579,588.33673,958.9856,71.992455,768.60327,379.76202,1373.8541,874.93085,220.10782,1066.2197,490.59186,221.27239,645.5083,120.8237,207.44763,858.10779,622.21765,403.9538,653.24738
306.70676,961.49109,85.421516,108.81266,2183.7664,793.93109,105.48041,327.20911,318.01019,129.64107,498.34732,273.16019,296.97733,294.75388,207.71455,177.62112,859.92389,275.574,657.8327,441.96506,1524.0908,103.77895,600.98407,275.16574,565.43414,441.33673,851.47369,444.30054,636.48163,133.3004,392.86438,313.50195,488.9722,456.88074,1921.433,190.17752,400.14987,816.77899,589.80731,935.216,72.844521,862.78204,348.61536,1380.807,763.71057,231.66042,1075.1545,431.79987,196.41034,613.61169,120.32851,199.90402,779.24579,523.94684,407.12634,614.5896
293.2634,943.28802,83.832291,95.957169,2146.032,764.3067,95.84256,302.43939,337.26977,122.14922,474.59299,275.63226,270.27832,285.6846,240.24194,169.54747,823.14581,247.22623,686.16089,455.86951,1512.2073,96.267693,589.77484,302.68225,605.26636,486.45126,773.1648,461.20392,614.40448,141.95625,403.16907,269.065,541.61566,492.13995,1983.4995,185.72026,371.31033,744.89618,725.05658,850.79248,69.266167,841.88007,350.31433,1375.8408,713.29108,190.67908,988.78497,422.41305,189.449,575.73444,120.32851,205.24734,737.88434,534.81079,413.35355,598.86444
331.35269,935.68085,78.667221,91.365967,2082.1697,786.03125,95.307037,324.23682,377.85217,118.24049,481.02634,287.00345,277.87707,296.2655,243.92354,178.59967,824.31287,230.8921,745.9632,498.57626,1456.7499,94.274788,618.66028,317.33398,707.36505,468.79773,768.2016,467.48148,594.67572,148.38629,383.20386,264.99359,512.30829,434.03662,1925.8043,166.90063,416.73257,774.91315,730.64343,871.28351,69.777321,790.08008,329.36121,1305.3108,796.3352,217.43248,1066.2197,504.67239,184.47655,613.21313,124.28996,231.9641,857.55627,597.52631,371.87714,639.48755
346.28983,824.29022,79.461861,93.202431,2047.3424,718.88275,95.307037,295.00836,328.55716,120.84628,457.27197,261.29431,277.67169,288.70773,321.54983,207.71394,869.84912,251.54689,881.30719,476.72635,1494.3812,97.800583,623.40265,293.74826,721.10028,447.22113,840.99603,466.51559,628.49622,147.39705,334.2568,265.80789,534.55908,456.38406,1843.632,175.31993,374.91513,714.87897,591.57165,790.95825,69.606995,841.35669,294.25034,1256.6339,770.38397,220.10782,1142.9103,531.35107,189.449,653.88117,141.62123,212.47656,798.54767,614.81006,425.10321,657.17822
357.99023,822.38849,80.653809,94.120628,2122.8101,797.8811,90.488174,312.09958,346.27991,134.52702,488.97839,280.57623,305.60318,319.9465,394.46951,225.08466,834.82172,302.86801,993.69312,448.42075,1496.3624,101.47955,608.31299,300.1806,734.83563,441.33673,849.26794,541.85358,660.43793,151.60136,364.3179,286.51419,569.83551,506.54178,2013.222,177.79619,396.54483,803.3504,519.53607,801.61365,64.069069,899.95868,294.25034,1291.4023,825.99396,233.4846,1116.8505,533.32739,194.91864,676.60761,143.10675,226.30646,855.90204,626.66174,434.15045,672.90338
343.80023,784.62439,82.441689,92.748398,2405.3284,727.77002,91.559189,278.41269,341.2348,122.14922,546.38873,246.4621,305.60318,316.41953,397.08441,245.88052,900.2063,267.98651,897.04571,381.38113,1596.6162,111.59686,611.33124,315.90454,760.01685,435.45221,871.32684,505.63388,671.7113,147.39705,355.29855,270.46091,623.01935,531.37213,2133.8582,169.87215,373.8338,748.84576,512.77362,758.17242,63.131924,946.52649,296.51572,1314.2511,778.5401,222.54005,1067.709,457.2435,191.43796,641.92004,130.23213,223.16327,757.73792,562.9588,450.95242,599.51959
362.22244,796.03509,80.157127,99.176544,2497.592,811.94397,88.882545,357.9238,344.67465,142.01881,548.36859,314.93756,303.96017,311.88489,330.35623,222.14874,869.84912,290.85428,906.48761,432.11362,1763.0131,115.12266,632.88721,355.92865,730.25702,417.7988,893.38593,465.06729,663.72595,153.57983,387.18842,267.55277,607.8244,551.73315,1881.2217,186.71074,388.61383,769.38348,459.55618,844.44116,68.1586,852.34436,287.11493,1280.4766,817.09637,219.25662,1210.6658,499.73184,222.76417,688.69958,150.53442,236.05019,838.25433,644.93335,434.50293,636.21191
410.51886,834.07117,79.461861,93.20755,2700.8022,825.77289,82.456985,346.83905,377.69733,147.55631,535.9956,298.09463,326.75717,302.81561,303.60236,242.69994,1012.8776,288.11444,845.63293,442.04727,1822.4414,123.73794,666.2041,338.77554,658.37598,415.83725,849.26794,511.67032,730.8971,159.26798,428.4198,315.01422,645.81262,491.64334,2043.9341,199.67589,421.7796,776.88812,522.18256,814.51691,67.817772,853.39105,333.32529,1313.3857,827.47699,221.3239,1206.1979,516.77661,248.12349,717.81085,155.48624,248.6228,857.55627,669.62445,432.74051,744.71491
416.74268,791.41663,78.26992,90.452621,2456.947,864.29571,88.882545,350.80295,381.13718,154.7224,567.67059,341.63367,329.42719,300.29633,336.3443,234.38161,955.08203,284.3208,872.46222,467.87479,1777.8699,123.43133,639.03809,367.36404,636.39941,402.10684,790.81195,497.42349,703.65289,160.99922,426.48721,291.39978,621.93414,463.83341,1906.6805,192.7392,401.95227,747.66071,538.35333,862.88788,69.266167,736.18726,320.52686,1313.3857,837.85736,220.10782,1138.4431,506.89569,252.59862,681.52118,145.58267,262.45254,886.23334,646.90857,409.47604,795.16626
388.3623,811.52118,78.468605,94.584969,2683.3806,876.14893,81.385857,355.0145,371.50561,151.79077,539.46027,327.03821,314.63998,296.2655,314.94488,232.91365,967.92615,278.84082,852.9801,497.17899,1812.5356,120.67133,610.57904,351.64044,586.03705,382.49185,839.34168,552.47815,683.45453,170.6443,420.04465,309.77948,575.80475,481.71124,2029.0718,172.92029,421.05865,777.03381,564.52148,901.42047,72.077667,784.32458,349.74808,1279.6075,915.71155,237.49765,1139.3014,531.59827,250.11241,715.41791,151.06622,263.70987,936.41846,684.93298,417.70087,766.59894
394.33719,683.71588,80.852463,101.93141,2679.5115,900.84314,84.06356,357.73969,387.3291,151.81538,526.09729,303.53699,326.96262,295.25769,264.17636,224.8399,1009.959,264.71957,840.38977,537.90717,1812.5356,122.20464,607.99182,360.93161,599.77228,380.53033,854.23145,541.12897,696.13733,158.03143,423.91013,297.56519,543.78619,547.76007,1749.3207,184.81161,432.82571,727.65436,530.41486,805.08856,76.252357,614.79755,373.19299,1253.7771,1048.4338,228.62035,1172.0657,530.60999,256.08942,699.86554,156.01923,272.19632,934.76398,691.84644,352.84277,740.39044
382.38748,672.57422,81.150436,89.993477,2747.3113,873.18591,86.740326,363.9332,375.40414,147.58023,528.07684,342.12848,336.82083,284.173,343.05908,211.67735,1057.8293,245.39685,829.73376,533.43683,1939.3136,123.12463,616.61591,331.27094,599.77228,366.79999,860.29767,543.15796,703.18329,155.83116,426.16495,300.42334,560.6084,528.39246,1722.2201,186.29803,410.46314,686.41272,505.71726,784.18256,77.359955,682.29425,349.70731,989.50183,978.73627,216.45972,1124.4082,527.64569,241.17158,660.38593,156.01923,266.85284,891.19684,640.78509,354.01776,755.65283
378.4043,734.26086,79.263229,85.401993,2602.0999,906.76977,89.952576,390.44171,376.55084,162.56625,548.86377,384.18332,351.40268,291.73084,345.56921,223.1273,1063.6676,260.29358,805.76679,516.05286,1962.0946,129.25789,613.16632,343.06381,627.24286,360.91537,909.37872,507.89789,727.60919,165.72522,404.58304,273.13644,572.54871,499.09262,1932.9076,197.69395,395.67493,779.00903,522.7702,815.7464,81.023529,744.03565,380.5549,970.62579,966.13135,224.97212,1114.7279,535.0564,215.31401,686.70563,156.01923,275.37943,850.01086,607.40277,346.02783,753.23267
386.37088,814.96973,77.475319,73.923233,2530.4897,878.12463,85.669212,398.86496,374.25763,171.36243,582.02319,354.25024,357.35864,300.29633,344.52338,226.32352,1050.241,260.29358,793.17676,536.41718,1856.1161,128.49118,610.57904,379.01407,658.37598,358.95392,881.2533,519.24896,722.91156,150.63683,411.34756,266.97122,568.75031,516.47394,1883.9506,190.75731,397.47833,728.04974,500.71912,891.58215,77.631157,717.87402,368.6626,956.71692,993.56561,224.72894,1119.9403,528.63385,224.76202,691.88959,157.50508,264.37677,832.91144,607.40277,325.23096,748.25305
403.29932,796.49091,73.502213,80.810501,2780.1497,913.6842,84.06356,403.07639,361.18604,159.63426,592.4162,400.7579,359.00174,327.5043,344.94168,230.48308,1053.7424,278.3139,796.32361,591.34985,1940.3043,130.33118,627.82696,414.53528,590.61548,358.95392,874.63568,564.89441,771.29364,171.41429,402.65024,283.60593,588.28784,541.3042,1812.2651,185.30711,429.57953,766.36792,536.94721,896.91125,80.017197,667.64386,408.30359,1005.3975,989.11676,223.80444,1210.7865,527.64569,235.20448,695.47882,154.03801,270.03522,937.71484,631.1062,326.64084,804.60138
403.29932,779.09912,70.036118,86.32029,2690.1567,898.86749,97.984779,403.57199,360.95685,160.28577,602.80969,377.7514,382.00418,321.45813,300.05115,229.50429,830.73492,293.59433,802.61865,543.17181,1994.7799,129.87125,620.49658,418.10892,607.55566,362.8768,926.47394,554.75055,773.17267,166.71463,415.21292,270.22827,539.98755,569.11432,1647.037,192.24376,507.12766,784.14459,509.30521,905.11005,84.448418,601.7168,385.99139,1037.1887,963.90692,203.73503,1228.6583,528.13977,249.62505,732.56555,150.57091,259.34708,1021.5579,622.71106,284.92963,738.4248
437.15659,787.79504,67.552559,87.697784,2706.6062,1027.278,101.19704,418.43655,392.60367,152.14121,594.42792,393.83115,364.34149,315.48025,275.4931,242.47214,861.6756,283.79376,830.9469,566.21765,1912.5726,128.9512,630.41382,427.40015,599.77228,362.8768,854.7829,584.94019,772.70313,166.96201,468.36273,303.96326,560.6084,622.74829,1684.6281,191.25279,510.37375,782.56427,508.71759,798.93964,85.044891,612.18256,396.18481,1041.1621,949.07758,218.9391,1248.7638,523.19922,251.11679,701.06201,155.02856,259.34708,1033.1405,646.4148,330.51828,726.88953
439.14819,812.79578,65.069,97.799026,2739.5129,984.80347,104.40927,396.38745,391.2276,154.42163,619.17511,365.87701,368.24362,331.10315,335.50745,238.80199,918.88776,301.28711,853.09784,553.30408,1872.9542,135.39113,654.99274,417.39432,581.4588,362.8768,874.63568,583.4906,758.61114,170.17755,467.07428,312.92047,592.62909,620.7619,1927.6622,190.75731,515.78418,807.45136,543.41565,803.44873,80.784088,806.8252,327.32254,1058.0515,889.76013,229.88611,1203.3403,518.75293,247.636,683.51526,151.06622,252.11676,948.7467,648.88373,393.61404,705.91516
448.35928,835.62231,63.976242,87.238541,2641.7729,997.64423,100.66151,396.38745,401.08853,155.07324,615.71069,395.81018,328.60571,323.54343,304.86227,234.88713,899.03821,294.6481,818.46985,578.93292,1753.1089,134.62453,664.91046,446.69769,613.50769,362.8768,991.54797,579.62622,751.56494,167.45671,446.45859,301.34824,600.32349,605.99896,1835.8688,189.27095,502.43863,790.86029,588.11279,873.13599,84.874405,649.85516,356.7702,1083.8821,923.1264,242.65758,1253.9758,533.5744,255.09488,647.62482,149.58029,268.7778,959.22711,651.84699,366.58972,718.76227
446.11865,846.22064,62.486092,87.238541,2691.1292,1050.9835,98.520386,416.20688,397.64859,167.77878,619.66974,399.76837,325.52502,356.80502,345.15085,220.20666,944.57446,310.00504,818.46985,593.03857,1844.231,138.15105,667.92828,447.05505,591.98895,360.91537,1036.7688,560.30573,742.3797,170.42491,418.43414,318.56818,595.43872,612.95294,1940.7758,189.27095,510.73434,752.14661,631.6333,857.14856,85.385757,663.98242,342.38611,1129.5819,1000.2386,245.69844,1314.2916,537.03259,235.70167,668.36145,147.59911,258.40393,1014.9384,691.67383,381.8779,783.91333
448.11029,832.90503,69.142021,84.024551,2825.6357,1007.5222,108.69267,423.14349,358.89285,176.90085,636.00342,417.5799,328.60571,364.36453,331.72138,217.27061,966.17456,297.46152,704.62567,576.15161,1857.1064,137.84447,638.17602,430.25922,585.12146,339.33884,992.65088,557.40741,758.82452,166.21992,388.15482,273.42416,574.26984,617.42322,1879.5802,189.76637,499.91373,760.83752,632.22101,832.14349,85.300545,562.99878,337.39969,1127.5947,992.08282,249.34731,1294.1869,538.51465,244.65245,654.00525,149.58029,260.29004,911.23834,657.09021,346.98035,764.25006
454.0852,861.43835,70.234772,86.779404,2985.3027,1086.5436,97.984779,408.27914,376.78012,170.3851,627.58917,436.38092,332.7131,356.80502,339.27289,215.80261,1016.3799,300.09668,714.58661,589.06537,1908.6104,136.15781,651.54273,452.41528,625.86938,337.37744,1025.8947,581.07574,742.3797,152.86299,402.00604,270.28259,565.58643,574.20874,1835.8688,189.76637,501.35648,764.78802,676.32922,885.43353,79.931961,559.85913,339.89233,1180.2494,1068.454,296.78424,1280.7832,598.78894,247.636,656.39789,150.07556,258.40393,882.55542,646.22101,313.72742,779.98065
452.84051,878.28674,74.70517,82.647072,3045.2942,1041.1057,101.19704,412.24286,341.69348,165.17256,610.76099,433.41232,330.24844,371.42001,333.20657,220.20666,976.68225,299.6749,783.8418,606.44922,1945.2572,138.45778,645.50629,458.13293,624.95361,337.37744,1062.8485,602.81152,738.62097,160.28355,392.66446,271.09708,575.35541,574.70544,1733.5852,201.16228,536.70398,745.03607,652.80475,885.43353,79.846764,575.03302,370.48245,1231.9102,1038.0533,291.31076,1282.2721,589.896,232.71814,681.92023,147.59911,267.20602,889.17407,669.93549,376.00302,798.98865
447.6124,927.20136,76.19529,87.697784,2982.3967,1081.6042,103.33928,436.81894,347.42664,163.54364,594.42792,413.6217,331.89163,376.96353,360.90222,222.1642,987.1908,317.17279,793.28619,593.03857,1804.6129,139.53105,720.96643,450.27118,668.90619,347.18484,1078.292,580.10986,731.10321,165.23051,401.6839,267.6066,563.41528,603.01862,1817.5101,206.11697,533.81842,752.93689,619.87134,920.68671,79.420601,596.48541,350.08899,1279.5966,1032.1219,283.4046,1368.651,581.00305,234.70715,749.71338,145.61792,259.03265,871.52319,672.40576,359.55273,793.08972
429.19013,891.87427,78.480179,90.911797,2757.8953,1071.7267,98.537292,428.09848,353.61841,160.61163,564.23645,388.38879,322.09372,383.01102,377.26038,224.8555,963.2558,331.92993,783.8418,581.61493,1781.8315,131.09788,730.88367,450.34219,730.25702,355.03085,1004.9351,534.22235,732.98236,164.2411,398.78479,261.78903,601.40894,637.78888,1752.8176,209.08986,519.39093,808.24164,599.87494,869.03644,79.25029,575.55615,344.99072,1251.7799,963.90692,291.91895,1370.1403,563.21747,233.71268,757.6889,140.66493,269.09229,886.9679,659.0661,347.80267,756.38446
409.27414,867.41663,76.791351,94.584969,2849.8232,1032.2162,104.42718,446.92685,339.62955,150.83803,587.4989,395.81018,332.77524,391.07459,341.38556,221.67479,935.81726,311.69153,752.36237,572.17822,1936.3425,128.33792,763.22388,465.35385,702.78668,275.48273,1025.8947,554.02661,720.7663,168.69348,386.54425,258.06576,610.09375,642.25952,1757.1881,211.07176,585.03613,730.81482,623.39911,875.5954,81.465805,594.91571,344.42407,1334.2375,931.28241,293.13522,1355.2476,566.18176,239.67986,733.76208,135.71196,280.40915,886.9679,660.05463,329.35498,718.3689
400.31195,879.37378,77.188736,92.748398,2905.9551,994.68109,111.92522,422.64813,356.14084,130.96521,591.75513,410.65317,338.52695,377.97159,338.85455,222.1642,856.5932,265.83899,746.06616,600.98547,1939.3136,128.03124,789.52679,477.50574,684.47302,283.00955,1031.4095,492.6824,729.69348,169.68283,389.12112,251.31751,601.40894,649.21344,1688.1248,206.11697,606.31677,722.91412,619.28284,864.93726,81.295464,513.81482,355.75397,1286.551,1008.3948,301.64951,1361.9492,568.15772,249.62505,709.83514,135.71196,285.43899,950.95331,684.75708,335.46509,676.42029
401.3493,954.37616,79.175552,94.125832,2804.3457,1025.302,124.24288,413.23383,360.03937,146.60288,589.97315,439.34946,350.64652,374.44379,341.17639,220.20666,863.73614,254.87654,739.77026,604.95929,1907.6204,132.78447,803.75647,500.38019,709.65418,283.00955,1075.5341,513.9353,739.56097,176.60872,380.10181,243.1729,589.46881,638.78235,1627.6836,204.6306,649.23883,730.81482,690.44452,922.32623,82.403259,492.36209,368.21655,1353.1139,1107.7515,272.67886,1414.8185,591.87231,263.54837,740.14258,146.11322,279.15167,960.88184,702.54291,317.25238,688.21832
396.36972,1025.0302,83.64595,97.799026,2970.7893,1105.3113,121.56359,413.72946,401.31775,141.71606,621.1546,444.88818,353.31693,373.43601,344.94168,227.0576,897.80176,285.44495,825.87286,596.01862,1948.3783,135.69778,815.83026,476.79083,684.47302,289.03104,1119.6588,517.31702,779.02899,178.0928,389.18103,248.40877,601.9516,638.78235,1815.2262,207.10796,638.41809,782.16937,688.68005,942.82263,78.398048,554.10339,368.21655,1444.514,1097.3709,272.5152,1465.4543,591.87231,279.47168,805.54303,155.02856,278.52292,966.39789,695.62622,314.9025,679.69739
386.16168,1057.0967,86.427521,109.27781,3057.8743,1084.5674,123.17161,421.1618,392.65366,145.62552,628.11945,459.2395,350.64652,383.01102,336.4982,227.0576,915.38428,270.16071,834.21008,583.10486,2000.8749,136.31111,835.75513,475.36115,659.29181,289.03104,1180.3298,480.6073,770.57147,179.82426,413.98816,243.1729,602.49451,620.90051,1731.9049,205.12602,645.63177,735.55512,687.50384,988.02551,59.650719,607.47339,407.87079,1430.605,1057.7281,284.7211,1325.4613,575.07458,296.87659,813.18512,156.51451,276.63687,974.67188,666.97119,314.9025,675.76483
368.48441,1080.1948,93.182785,124.42979,3082.0713,1071.7267,122.63488,414.72043,389.21332,145.62552,639.99878,437.46521,343.45685,396.1141,341.1767,214.33453,929.12067,270.16071,845.74957,573.17139,1950.359,132.78447,872.41077,443.19385,750.85999,298.06342,1119.6588,482.05594,766.81238,169.18813,404.64533,245.26724,622.03509,634.80859,2055.2732,210.08075,642.02478,726.86469,725.76874,936.36932,64.422745,711.5968,410.13657,1440.5396,986.52063,276.99905,1325.4613,553.33643,315.77335,768.1192,161.96281,273.17886,956.46942,627.94116,352.50275,634.47174
360.51715,1118.7831,93.878189,126.72558,3047.23,1067.7759,114.60229,356.74872,393.80023,144.64821,644.94855,414.94864,340.17023,407.20123,358.64056,217.27061,781.31836,277.32849,849.72485,585.58856,1901.8226,130.7912,887.50464,432.47144,748.5708,296.55792,1097.5967,431.33899,736.74121,170.67226,404.00092,247.82692,579.69751,602.02533,1954.0962,209.08986,614.97321,738.71558,684.59894,979.00598,61.440212,638.86731,408.43729,1331.2572,986.52063,272.26608,1265.8899,508.87186,288.42279,805.60748,156.51451,271.29275,920.61523,627.94116,333.7027,601.04376
333.62781,1007.6384,95.169632,120.32053,3154.7974,1060.8621,116.20931,323.30359,401.36896,152.46699,641.48376,388.96777,345.92197,394.09833,356.46106,199.16479,758.24164,262.57147,820.90375,577.14496,1882.0121,128.03124,860.76721,442.83649,747.19727,293.54718,1169.2987,430.85559,695.39404,163.25171,389.82553,244.68541,584.04047,673.55286,1836.0571,203.14416,634.81128,722.91412,676.36414,931.44952,57.435101,541.02289,392.349,1301.4535,979.10327,281.98105,1243.5509,500.15039,284.94193,757.74957,154.03801,265.31982,931.09589,592.86322,317.25238,593.83398
345.57864,936.16876,95.07682,98.277039,3367.6992,1025.302,115.67359,329.00162,411.00171,170.05928,602.87604,403.81396,354.13855,376.45966,372.99002,205.5262,745.05463,257.61731,798.04571,588.56867,1981.0652,125.88462,801.25531,437.47525,695.91925,281.50421,1047.9568,410.80984,718.8869,167.96578,392.4028,247.82692,613.35126,657.65796,1842.0083,203.18173,606.67731,715.80322,652.83856,848.63586,55.560383,538.4068,422.03278,1346.2146,1031.0254,261.0567,1008.2443,531.78033,268.53162,717.86823,147.1207,298.95645,935.50879,632.38751,277.30216,566.96069
353.54584,976.22052,94.182678,100.11405,3429.6401,948.25592,114.0667,361.70349,429.35013,170.71086,587.03644,432.51648,365.84738,382.00308,374.23773,212.62177,695.60394,251.60896,790.09503,600.48889,2028.6104,127.72463,829.71753,462.49426,691.34051,270.96661,1042.4408,426.99133,724.99481,162.27623,406.57828,236.19191,630.17719,715.77399,1863.8308,198.72157,601.05554,729.31348,631.66589,804.35901,58.116817,527.41864,422.59943,1384.9623,1090.3651,293.93777,1044.7322,545.61847,286.931,785.66675,147.1207,312.47394,966.39789,678.82855,296.68982,571.2865
364.00284,998.77814,90.208733,110.21723,3454.8003,975.05988,118.88639,370.86996,430.26755,175.27187,602.67786,436.47555,375.50189,384.01904,363.01019,233.43133,725.27454,250.02786,797.05176,621.34967,2037.5258,134.79221,865.08008,467.49814,691.34051,269.46112,1076.6379,411.09219,728.28387,173.16071,431.70749,228.04732,655.68811,709.81354,1761.6627,195.74821,597.08661,744.72144,646.95703,828.13727,58.542915,527.41864,406.51108,1359.1306,1120.7769,293.93777,1049.9445,558.4682,297.37396,807.20288,143.15787,309.66397,1030.3833,671.91162,297.27737,601.69934
368.73328,956.65259,84.049118,108.38032,3442.2195,941.4707,119.9577,366.6915,405.95627,176.30328,626.43652,447.85754,361.12302,377.4675,364.88156,224.13329,663.73596,233.58414,783.13806,626.81311,1970.1694,129.57844,805.56781,477.50574,662.4964,260.42899,1066.7095,350.70813,714.18793,162.27623,402.71219,205.70799,623.66327,670.57251,1650.5668,193.76599,621.98053,722.99219,614.02203,791.24023,58.628139,521.66345,401.97928,1249.8436,1106.683,276.00266,962.07666,558.4682,298.36844,735.815,148.60678,312.80762,1023.7639,676.85223,302.91721,563.68372
393.133,988.45062,83.254311,106.54329,3106.4114,915.78552,121.02901,360.74521,422.24023,177.28091,613.07221,457.26001,368.92871,383.01102,368.31226,229.76102,656.0437,229.26247,790.09503,630.91388,1921.6329,126.81822,834.02985,484.2966,661.58081,261.93448,1071.1219,362.30176,700.09247,162.771,418.49854,197.79614,631.26257,687.46106,1814.2347,212.10185,603.58093,709.55963,642.25189,802.71942,56.923771,540.49982,419.20038,1284.6167,1127.4518,265.54041,1002.5104,565.88177,315.77335,760.94006,163.96286,325.69736,1001.7001,689.69763,324.30252,609.95813
396.36972,971.87207,80.472534,109.758,3106.4114,935.54346,102.16498,385.52176,442.65256,174.34798,589.51178,477.05481,343.66248,398.13004,355.83725,236.857,629.12054,234.74368,794.07019,628.42981,2006.8193,124.97802,815.05518,471.78705,683.5575,172.36482,1114.1436,365.92508,681.76776,165.98685,425.2641,211.75833,662.20215,679.51343,1835.0653,211.60631,613.32184,725.36261,736.35547,832.23724,60.342934,528.46521,441.85998,1236.9281,1105.1997,281.98105,1099.3353,576.75433,333.17819,761.73816,165.44894,340.15866,1025.4185,695.13238,332.52753,655.44605
398.36157,1042.2621,85.14193,108.38032,3148.8149,962.21661,102.6035,366.6915,453.43216,180.21387,567.23767,493.8804,336.88373,410.2251,329.64072,244.93169,690.1095,240.75195,790.13904,673.14014,1978.0934,127.1248,890.95459,498.2359,695.91925,261.93448,1221.1454,406.98541,715.59753,169.69739,459.7363,230.37437,688.25531,715.27741,1830.1053,223.00436,639.65875,734.84473,749.29437,909.31134,60.714577,559.3363,445.07767,1391.9167,1330.8386,313.86578,1185.733,576.26013,341.63193,829.53668,171.88855,326.95493,1103.1836,711.43597,297.27737,692.8064
431.22629,1024.5967,84.24781,114.80968,3275.7686,1017.539,103.48045,384.53064,461.00079,181.51744,585.05701,497.83926,345.10031,430.38355,275.68863,248.11256,687.36249,258.14423,815.32239,667.17895,2060.3079,130.95853,885.77978,506.81375,666.15942,188.32172,1207.908,426.06693,724.05493,174.89227,454.25937,235.61014,690.42657,726.20508,1686.2764,224.49103,647.23486,805.95862,793.4046,918.33057,63.752151,493.4086,476.75552,1515.1124,1127.4518,296.92703,1109.7631,596.02905,341.63193,829.53668,175.85138,349.27573,1215.7202,681.79273,287.87726,696.08344
453.3851,1033.0221,80.472534,115.72815,3305.8013,1054.092,106.54972,370.65579,447.92786,192.27158,592.9762,492.89056,351.4682,428.36777,302.50894,242.24013,690.659,248.86839,845.74957,704.93445,2020.6859,135.71233,882.32959,493.94681,667.07501,189.22499,1140.6176,401.43082,748.48804,172.17117,437.18448,222.2298,692.05457,762.46582,1626.7604,227.46437,681.86969,858.89905,793.99341,859.29511,65.456703,475.61871,484.91299,1509.1519,1176.4071,295.46414,1094.8666,607.89032,344.11832,829.53668,177.33746,343.30267,1213.5132,709.45941,309.02744,700.7785
455.62604,1014.5411,77.293381,114.80968,3349.4556,1062.9833,108.3037,369.16922,433.24927,210.847,592.02264,509.71625,358.08273,440.9668,256.35254,240.52731,688.46124,248.86839,849.94946,676.12079,2075.1663,132.03192,843.51721,516.46393,602.06128,255.91298,1127.3809,414.71454,769.63165,177.86069,451.03775,224.59782,683.91382,778.85761,1571.2126,241.34023,677.90106,833.61395,769.29071,853.55524,70.485367,426.95798,440.72696,1370.0591,1192.7253,328.34885,1197.65,641.49719,350.58292,778.48828,177.33746,345.18875,1216.3688,714.89429,300.8024,730.93366
483.76031,958.01129,76.299896,120.77975,3432.7947,1032.358,111.81152,362.72726,452.97357,205.95871,543.51239,479.03418,368.92871,431.93478,279.43076,241.75073,741.758,238.01132,815.32239,718.34723,1935.5011,138.0125,819.36749,521.82513,591.53125,254.40758,1151.6494,439.83411,770.57147,173.90277,434.28482,228.08896,669.25751,789.78522,1586.0916,240.34915,721.55518,859.68909,750.47046,865.03455,69.036438,410.73795,444.12604,1296.5394,1105.1997,314.39789,1230.4216,613.32684,353.0694,748.17816,177.33746,342.67389,1266.5682,681.79273,298.46616,704.4494
464.83807,1059.1128,82.856903,122.61673,3190.7126,1020.5028,109.18064,385.52176,454.80835,205.63284,546.97742,469.1369,368.51779,427.39874,318.10187,243.46361,692.30743,267.5256,846.87866,645.81726,1837.4387,140.46613,892.67975,510.38776,576.88031,189.67656,1164.8866,426.30823,774.88184,170.19218,416.88776,224.59782,665.52246,808.66083,1646.5991,230.43779,699.90832,845.86127,802.35779,1002.784,66.394325,414.9238,455.45569,1290.5775,1072.563,300.94501,1193.9261,611.84393,355.0585,764.13092,171.39316,342.04504,1178.3053,688.70966,311.39172,677.83429
487.99277,960.72937,87.824371,118.02438,3353.4248,1024.4547,96.464806,349.59592,464.44128,192.9234,527.67218,494.87009,368.10699,423.87067,311.55258,239.0592,758.24164,278.42871,846.87866,695.99207,1924.605,140.31277,809.01782,506.09885,586.03705,207.74101,1147.2366,421.7197,765.95386,171.42903,451.03775,217.6156,659.00915,747.14258,1668.421,226.9688,707.1239,833.61395,814.17438,906.85156,67.843201,374.63477,440.2056,1296.5394,1060.6951,303.93445,1185.733,623.21112,369.97687,740.20184,172.38393,338.27246,1178.3053,647.70325,297.64352,694.87866
496.20908,997.41925,87.923714,112.9727,3297.8643,1063.9708,93.395454,360.74521,466.27612,190.64218,519.05908,502.78796,383.51328,409.75845,293.15271,242.24013,752.74701,287.70633,892.53998,720.33447,1830.5045,138.77927,840.92999,498.95044,567.72333,246.88069,1158.3442,454.0849,802.60687,178.35547,447.81598,219.94298,645.9798,768.00684,1582.1237,234.4023,703.51624,844.67621,791.72284,948.66815,64.774918,316.29419,452.10303,1316.4094,1052.5364,299.94855,1179.775,603.93665,402.30011,749.77338,172.38393,347.07504,1229.0562,652.29016,272.61459,710.61157
501.43756,1002.8544,87.923714,111.59503,3348.4631,1068.9098,91.650726,378.58429,475.22089,193.57515,533.61237,504.52017,390.29215,413.7905,311.86444,253.7404,800.54913,295.4024,892.53998,745.17358,1872.3286,141.53952,849.55505,497.8782,549.40991,245.37532,1163.8602,480.89542,791.79895,182.56074,456.19247,216.45181,660.63733,799.8006,1577.1642,241.34023,713.61804,850.9975,827.17291,965.88678,67.587471,321.00342,449.83685,1312.4352,1103.7164,308.91693,1203.6082,612.83258,421.69412,769.31543,176.84213,342.98813,1264.3616,657.23163,288.47809,721.10052
493.47031,1059.9276,88.221756,111.59503,3105.3894,1013.5877,87.265511,357.77203,504.57809,200.09276,539.05756,479.03418,387.827,437.98288,284.73221,251.53825,789.0108,296.45651,941.32581,661.71435,1698.9645,145.67996,884.91736,483.5817,563.14502,216.17113,1149.5192,464.68884,804.01648,181.57132,483.89899,233.32575,656.83673,793.83887,1604.9385,251.7471,720.112,853.36798,777.54224,1015.0832,68.865944,292.74875,427.17502,1393.9033,1022.1246,310.16266,1161.8993,587.1333,417.71585,825.14966,184.27246,328.21234,1264.3616,617.69873,284.7178,721.10052
492.97232,1043.6212,86.036079,117.10585,3062.7278,983.95068,85.94989,265.10794,477.05576,201.3963,548.4624,489.92142,389.4704,427.39874,306.87488,232.94196,774.72492,290.9744,950.77008,661.21741,1756.4224,145.3732,865.08008,493.23187,528.80688,212.25717,1158.3442,459.03351,801.66663,178.35547,469.07919,234.83859,662.26605,765.02625,1593.0347,274.543,703.51624,790.15564,753.90906,967.52685,68.780701,355.7984,403.38013,1306.4739,1008.773,308.91693,1047.1991,566.37567,381.91165,821.56024,169.90715,323.81104,1140.7935,574.21295,277.31491,734.21137
483.76031,1130.5897,83.353661,115.72815,2976.4121,984.93866,83.757378,277.24869,488.06467,198.13744,575.19238,465.17792,393.6087,436.47076,301.26141,221.44173,790.10956,283.91098,967.08423,645.81726,1781.1887,149.82027,876.29205,477.50574,517.36096,216.4722,1152.8284,405.30661,802.60687,168.21318,451.68213,232.16203,677.46497,759.06531,1686.2764,262.15402,689.44598,787.78516,790.54108,996.22443,69.547852,357.8913,386.38385,1338.2668,1004.3224,295.96243,1011.4484,555.50293,372.96054,830.33435,175.35608,305.57687,1077.907,562.35303,277.31491,743.38898
476.53986,1112.6527,83.353661,107.9211,3026.0183,995.80548,91.650726,297.31747,499.30307,200.74455,589.05255,476.06503,396.89551,451.0871,309.99329,225.11204,797.2525,278.95596,960.21521,645.81726,1800.0109,152.4272,920.27911,461.06476,505.91473,239.35384,1121.9393,429.34229,861.34558,169.69739,469.72357,247.87227,670.40759,759.06531,1674.3734,277.51651,678.26178,798.84717,778.7243,988.02551,68.184135,387.19229,402.2471,1295.5452,1031.0254,306.42572,1066.564,573.29492,383.90076,871.01355,167.92566,315.63718,1117.6248,580.14252,281.4277,774.19971
483.51126,1222.9935,91.897629,113.43193,3104.397,993.82971,86.388481,285.4248,498.8443,208.89171,578.6579,498.8291,410.86499,448.56702,296.89484,236.36765,754.39532,283.91098,896.51593,650.78497,1794.0673,151.50708,901.30426,484.09558,510.49322,193.91731,1084.4305,452.43524,874.03308,168.70799,450.39331,279.29266,680.72186,777.94238,1587.0833,288.41882,698.82611,823.34222,778.7243,991.30499,69.036438,368.35593,426.04205,1363.1049,1038.4426,311.90646,1057.6261,578.23712,434.62335,837.51288,175.35608,324.4397,1147.4135,569.27124,274.37735,767.64417
488.06412,1159.1262,91.897629,114.80968,2976.4121,964.19263,86.827057,296.32648,514.44049,216.38696,600.93262,520.60339,406.34552,450.07895,301.88522,241.75073,595.87915,283.38394,916.13977,696.48871,1818.833,148.90013,906.47955,498.39691,501.33637,188.69647,1118.6302,459.03351,851.94721,171.18169,456.51471,269.40109,691.57855,784.89703,1522.6079,279.49878,696.30078,807.53888,766.90759,1042.1411,67.843201,341.14777,439.07266,1332.3057,1077.0134,306.92395,1057.6261,616.29205,464.95749,848.28076,184.76781,321.92477,1186.0284,589.03772,254.1662,791.2439
483.08395,1277.3489,92.394424,115.72815,2912.9148,979.99896,91.650726,299.29956,529.80707,216.38696,565.29242,519.11859,396.07388,450.5831,302.82022,243.21893,624.17566,270.83826,916.13977,687.54681,1885.2063,142.15289,903.89191,509.83792,471.57666,159.11162,1137.384,447.7225,831.74109,170.6869,439.76181,271.14661,675.2937,789.86481,1512.689,271.07416,721.55518,802.00781,738.54688,1039.6814,67.843201,341.15018,422.64279,1349.1953,1097.7822,327.85071,1072.5225,603.93665,444.07175,820.76245,187.73994,328.21234,1177.2018,600.89746,240.30049,793.21051
490.05643,1274.631,98.852051,117.56506,3084.5547,953.32581,95.158852,289.88458,507.33041,223.88232,556.48163,521.3457,401.82611,450.07895,283.17288,234.65486,623.0769,268.09717,919.37628,697.48236,1894.1224,150.12703,885.77978,518.41833,505.91473,155.13385,1180.4082,459.03351,836.44012,170.93433,405.28952,286.27499,634.03742,815.69672,1428.3746,331.53308,597.08661,770.40167,778.7243,1029.0222,68.865944,318.65103,447.00421,1289.5846,1075.5299,331.83655,1039.7507,609.86719,406.7757,833.52472,198.14247,340.78751,1190.4413,587.55518,216.79925,822.05457
492.04852,1239.0283,95.67292,117.10585,3183.1243,956.28949,94.28183,314.6611,491.35782,221.60123,569.28839,575.53381,409.05716,464.69531,291.28143,234.89943,593.40631,280.11566,908.44281,717.85077,1901.0568,157.64093,759.85565,532.71979,537.96375,154.13942,1246.5994,459.03351,830.80133,166.48157,419.78717,275.8016,639.46655,826.62592,1548.3983,339.46213,561.00922,737.21503,805.90198,1065.1002,73.127457,303.47733,425.47537,1097.8356,1053.5211,327.85071,1047.1991,623.70526,426.66699,789.25617,204.0867,327.58365,1183.822,577.17773,213.86151,823.36566
497.52661,1231.147,106.30324,118.03011,3095.8062,935.54346,90.335213,314.95834,486.31125,219.64575,589.2879,570.09021,413.74121,476.79141,328.70557,230.00577,604.39526,289.39313,941.32581,711.39239,1853.5055,157.48761,779.69281,524.13867,558.56659,184.96722,1174.8922,446.30869,838.3197,162.27623,415.73569,270.56476,635.12421,862.39331,1437.3025,317.65717,589.51068,708.76947,827.17291,1087.2377,74.150223,311.849,419.81003,1063.0626,1044.6178,321.87161,1005.4897,606.40765,418.71039,789.79254,200.6192,320.66717,1182.7186,576.18957,236.77536,824.67657
468.14334,1115.3699,97.461174,101.9559,3140.4561,938.50726,86.388481,305.24597,451.67307,200.09276,561.46735,547.02515,383.74799,454.61505,286.29181,226.82481,571.42841,279.48312,890.95386,690.61597,1721.7491,147.98012,700.34387,532.71979,531.09607,144.19492,1163.8602,410.01956,812.94464,151.63922,406.38974,258.69479,605.26672,829.60645,1299.4243,315.7522,580.85175,622.64246,760.40778,963.61945,70.229652,272.08304,423.20932,983.58124,1020.1351,305.18005,1050.1783,605.99951,391.85724,714.0044,199.13312,311.86466,1125.3473,568.2829,235.01273,791.89935
459.67685,1089.8229,97.560532,90.474373,3122.5962,904.91846,83.318764,324.37335,434.92746,186.40562,546.02216,523.263,390.32193,440.50296,292.84088,226.0907,571.42841,269.15137,806.06915,659.31445,1723.7307,149.84842,689.2721,485.52576,499.04712,137.23378,1059.0575,414.07269,802.60687,149.1655,411.86832,270.33203,568.89764,894.68329,1210.2668,305.83853,553.07196,568.91193,722.00409,950.49786,73.638863,273.65268,426.04205,968.80725,1006.0381,289.98337,1077.7365,613.90808,345.11279,618.27203,178.32819,312.49338,1061.3572,575.20111,228.31482,761.74414
443.24188,1090.0477,100.34231,92.770683,3333.9451,958.26501,82.003288,311.19241,503.51566,212.80225,576.21942,513.85712,409.22156,426.39066,298.14252,231.96323,551.64832,281.16995,818.54401,702.54022,1823.7863,153.22276,725.93573,484.81076,480.73349,136.23933,1053.5419,428.87103,827.04193,160.29727,445.70737,310.13129,590.61114,880.27722,1220.1869,324.67459,575.07929,594.59222,771.63367,998.88373,74.491188,258.47888,436.23987,1048.2986,1027.5533,305.92746,1149.9825,608.96533,357.0477,679.70026,196.65636,315.63718,1119.8312,604.85083,226.7872,755.8443
436.51877,1077.8157,96.765739,96.904037,3329.9771,965.40247,78.495094,317.93149,477.13565,212.80225,574.23865,533.1637,396.89551,434.4548,277.56592,232.69734,573.6261,274.10638,809.09979,723.40753,1782.1796,157.21046,707.38824,505.54752,456.4679,137.23378,1042.51,418.97397,840.19934,157.32878,449.89694,304.89444,606.89594,910.08331,1195.386,337.56238,584.45984,620.43024,733.2301,1016.1058,70.826218,245.39786,442.24515,1029.4203,1056.4888,334.32791,1115.7212,599.07935,392.85184,694.06024,194.17964,329.46997,1117.6248,606.82727,238.89038,756.49969
435.02457,1141.6959,96.666405,95.478516,3269.449,966.39063,83.757378,338.94196,496.63403,222.60672,594.5354,532.17383,398.53915,441.00696,271.32843,228.83125,587.9118,290.27655,810.0448,705.5213,1805.9546,158.4375,730.68012,508.05023,424.17358,161.10049,1092.1536,428.03375,862.75507,155.38074,451.50839,304.06021,584.09662,911.57361,1266.8119,339.54523,597.80847,558.14996,756.27246,1084.9944,70.911461,254.03136,442.98514,953.90241,1013.4573,328.34885,1139.5552,601.05664,387.89267,734.74628,185.75853,315.00833,1118.7281,601.78662,253.8137,735.49646
436.26959,1201.499,95.07682,98.281807,3214.8757,961.44977,88.581131,341.66739,525.3078,227.16966,600.97089,502.96606,399.36093,437.47888,286.92239,233.43133,598.90088,298.14346,799.65448,690.61597,1756.4224,157.67058,756.12933,476.22998,462.41992,188.19925,1057.9548,442.93005,873.56329,159.09207,455.05328,321.18646,566.72626,875.3092,1373.9503,347.47617,597.67816,631.49524,775.7699,1156.3434,71.167152,305.83182,443.03833,997.6228,1016.4253,316.88898,1201.3739,591.17065,419.22247,773.83728,198.14247,312.17892,1118.7281,597.9325,259.68893,717.82257
438.26181,1231.1289,96.36834,95.985535,3275.4026,950.58038,90.335213,334.53134,514.52667,237.92517,628.69287,546.52991,386.21317,411.77438,299.39709,230.00577,588.46124,307.94803,787.06158,729.86645,1834.6834,158.74429,789.34174,502.68732,455.55216,179.0006,1017.1366,426.90234,841.1391,160.32919,473.7453,317.69537,575.95367,903.12854,1390.8147,358.38123,589.73816,632.28534,795.35052,1145.6816,72.275192,288.04172,453.00958,1008.5529,1003.0707,324.39075,1221.6194,585.23944,417.73053,779.42157,199.13312,321.96841,1162.8595,601.88593,247.70334,730.2782
436.26959,1191.1692,98.156616,102.41512,3174.1934,938.7229,92.089249,343.69998,501.22189,230.75478,604.93127,542.56982,378.8176,418.83041,317.48557,230.98454,582.41718,302.99295,1036.6587,737.81634,1872.3286,155.83023,749.65912,522.70929,462.41992,150.16162,1048.0262,416.24875,841.1391,158.59723,476.00122,306.05814,586.26776,923.99292,1411.647,365.32092,581.43695,661.52881,783.53235,1138.301,73.911942,289.87295,450.97003,991.66113,983.03882,318.90945,1248.4357,597.1023,415.24393,794.57916,204.0867,310.96365,1166.3688,607.32165,231.25246,770.92206
421.32889,1165.6173,96.988388,102.41512,3258.5342,941.68732,92.089249,338.9917,522.55518,228.79919,603.24756,549.99512,391.96521,430.92676,297.5257,227.08572,580.21948,299.19775,818.54401,745.7655,1921.9547,156.2903,768.63776,542.73059,451.8895,154.13942,1059.0575,418.13425,838.7898,161.31891,486.63635,316.53177,596.03912,956.7796,1413.6311,366.31216,578.18866,662.71435,779.98785,1123.5392,73.911942,282.54761,460.60129,967.81348,1001.5869,329.87198,1229.8131,602.53949,418.7251,782.61267,204.0867,306.24741,1171.8855,599.41498,238.53786,815.49896
413.36054,1271.0878,103.3483,109.30408,3421.2627,914.01977,92.966316,318.42419,490.21088,227.49558,618.79199,551.48041,403.46939,450.07895,310.62433,228.30925,559.34058,298.67059,885.91669,755.7027,1917.002,152.60919,754.83533,564.8974,450.97388,153.14497,1179.3055,411.34601,827.98175,156.12306,471.81162,317.11356,601.46692,982.61169,1408.6709,348.96326,577.46668,641.76984,762.2605,1172.7452,77.748138,286.47201,481.56335,958.87085,1009.006,328.8754,1227.5786,629.2312,430.16296,766.65717,207.05882,306.24741,1190.6443,609.79218,231.48746,827.29895
410.37244,1293.9222,107.91947,109.30408,3354.7815,915.00769,99.105576,350.14279,498.01028,240.5325,621.79907,524.74805,408.39981,453.18829,305.63455,233.93744,576.92279,297.5109,831.1369,742.78436,1861.5225,152.45587,774.67651,541.30048,487.60101,172.5367,1105.3921,420.9628,842.0791,153.64883,456.98694,297.91217,630.78094,983.6051,1359.0698,348.46756,570.9704,631.89026,726.80627,1151.4227,77.577621,319.17596,483.60297,984.70544,1035.7146,322.39752,1251.4147,623.79388,412.75763,780.21912,196.65636,303.73187,1160.8511,646.16248,229.48981,832.84851
397.92172,1228.6823,102.85143,108.38557,3349.8213,901.17413,100.85965,357.08115,486.08185,165.89566,625.26453,539.59937,428.94315,457.22113,306.88217,237.36333,576.92279,298.14346,793.48132,762.65832,1926.9084,158.74429,756.12933,555.24414,493.09531,169.05611,1141.7969,419.54843,825.6322,149.44269,464.07709,289.53342,617.21002,961.25061,1275.74,335.57974,575.66235,623.59174,724.44244,1121.079,83.886154,302.43225,494.59393,958.87085,1056.4888,323.8924,1287.915,629.72552,415.24393,769.84833,197.6471,311.90695,1201.6798,643.19757,204.46098,857.76849
414.85465,1201.499,103.54704,119.8671,3527.4333,918.96039,104.36782,355.84216,514.98547,165.89566,629.32398,526.72821,429.35409,485.45087,311.87186,239.32098,598.90088,292.13403,878.4975,770.11121,1961.583,157.97739,789.34174,564.8974,497.67374,175.0228,1202.4717,417.00287,831.96606,156.86528,481.80216,294.24951,628.16522,981.77783,1258.8757,318.23077,577.82788,641.76984,746.89685,1140.7618,83.886154,323.36188,484.39612,943.96582,1091.3588,331.11768,1302.8126,635.65686,427.67648,805.74799,193.7263,323.22617,1266.7844,633.31433,213.86151,891.86932
445.23413,1126.4738,94.603447,108.38557,3462.9373,916.98395,92.089249,338.9917,507.87405,165.89566,631.20544,519.79724,398.94989,475.36874,306.88217,229.04332,569.23059,289.99475,892.35175,749.74054,1969.5088,155.37009,733.26843,564.8974,437.23852,153.14497,1164.9637,362.79166,843.71686,157.36012,457.63159,279.11795,612.42169,966.87231,1162.6499,279.56717,573.85773,661.92395,726.80627,1022.6666,79.794136,264.75906,470.34351,869.44226,1092.1006,347.81064,1238.0071,634.17383,421.70892,753.89294,177.87148,328.25684,1251.3357,633.61157,193.31137,852.52216
458.18277,1148.22,90.926628,97.363319,3408.3635,949.59222,88.142563,341.71759,516.59113,165.89566,607.93762,536.62921,410.04334,473.85645,290.35266,227.08572,593.40631,288.83478,862.75311,771.10492,1993.2858,150.46202,728.52387,594.92987,366.27313,152.1505,1152.9978,378.53653,817.39484,157.36012,467.2998,276.44095,584.18903,944.01721,1143.8013,326.16165,547.87183,668.64191,722.67071,988.22259,81.499115,266.32873,485.07706,869.93897,1124.0027,353.29187,1259.6088,648.5083,401.81696,756.28625,188.27617,332.34442,1297.6814,634.10614,179.79721,881.37683
459.42792,1158.0063,92.417213,96.904037,3287.3093,971.33112,88.581131,337.50491,500.07483,165.89566,578.72882,534.64917,398.12833,489.98785,288.4819,222.43633,625.27448,292.20917,837.56354,775.07947,1981.3967,147.24104,726.79858,597.0752,279.2833,153.14497,1182.7886,362.79166,821.62537,159.58694,458.59833,304.95789,568.98761,924.14325,1162.6499,325.17032,536.68335,680.49731,744.53394,1034.9685,79.964668,265.80551,502.41733,812.30762,1105.4551,366.74591,1229.0688,662.34845,394.85495,726.76886,193.23084,322.5972,1321.9572,664.65942,185.08533,887.93457
466.15109,1096.0286,94.901588,93.22995,3269.449,933.78223,85.94989,345.2363,475.30045,165.89566,577.73865,534.64917,397.71732,472.84827,271.32843,198.70006,587.36249,289.99475,834.41516,778.06061,1964.5558,146.16746,700.487,587.06439,254.10194,149.16715,1169.5477,369.86264,816.92499,162.30856,431.84955,300.30203,541.84155,939.54578,1068.4076,319.71777,526.93872,663.89984,740.9884,1035.7882,76.725166,209.81895,496.41071,787.46625,1105.8657,357.27826,1173.2017,649.99127,389.8818,721.98218,191.99216,327.94247,1324.1649,643.49945,177.44688,895.80438
456.93771,1155.8315,89.436043,87.259514,3353.7915,966.39063,86.827057,364.26752,483.5585,165.89566,566.35217,547.52032,397.30649,463.77441,283.49136,202.12585,617.58258,283.98392,834.41516,740.7973,2005.1743,148.0079,697.46753,585.63409,244.94521,142.95184,1205.9587,380.42212,831.96606,161.8137,444.09592,284.93784,567.90161,944.01721,1096.1841,326.16165,521.88562,666.66589,740.9884,1045.6294,79.453087,242.78305,477.71017,854.53735,1163.7566,362.75943,1159.0491,668.28009,409.27637,677.30701,190.01036,317.56656,1302.0951,650.91522,184.8503,878.75372
454.44751,1052.5347,86.454811,98.74102,3477.8206,970.34308,83.770416,354.85092,479.20001,165.89566,550.21313,545.04504,397.78198,451.17184,266.33881,213.38232,593.40631,280.18759,1113.3635,733.34473,1997.2477,146.32088,675.46942,580.3479,256.39114,138.22824,1156.3079,377.12222,830.086,159.33948,423.79257,290.99039,560.29919,949.48254,1001.942,318.72638,540.65356,643.35065,709.08008,971.82031,78.68589,223.16153,486.21042,817.27582,1157.0773,356.77991,1163.5179,682.61444,416.23868,654.17163,184.80795,307.50491,1304.302,647.45465,166.04799,893.18091
467.14716,1000.3433,84.6661,87.259514,3403.4021,978.24823,81.577408,360.59998,454.88452,165.89566,565.85699,552.9657,389.56332,459.2374,290.04068,215.33989,576.37347,268.69321,865.90265,693.59711,1976.4437,149.54173,684.95911,587.14191,261.42746,135.24487,1117.6904,366.28006,826.32538,166.76215,451.8306,284.58862,514.15051,912.21875,1029.7188,315.7522,445.37134,678.12634,675.98871,942.29681,75.361115,227.87068,466.7167,828.70282,1116.2565,353.79019,1127.7634,647.51984,404.80081,648.58704,170.93495,301.84534,1287.7498,636.57788,170.39604,863.67047
455.94153,1018.8279,89.237289,94.148453,3462.9373,1012.8328,81.577408,375.66629,500.9924,165.89566,565.36218,550.49036,394.90543,462.26209,305.01074,220.23396,604.39526,258.88623,847.01013,718.43915,1940.778,151.07548,704.80011,586.42657,288.44016,155.63103,1158.5144,364.39426,826.32538,169.48379,478.25726,289.24432,535.32483,935.07404,1073.3677,332.10986,444.28857,700.25629,713.80633,973.46057,78.089172,257.95685,445.40945,878.38519,1095.475,358.77322,1188.8441,662.84296,404.80081,684.48694,185.30341,315.05106,1312.026,654.87036,183.08754,852.52216
469.43033,978.59656,91.721626,93.689186,3373.6353,991.09381,76.753014,352.86859,499.38669,165.89566,584.1745,551.9754,393.67252,453.18829,297.83765,212.40347,605.49426,254.45725,1053.7189,733.34473,1941.8556,152.60919,711.70172,584.99603,288.44016,153.14497,1123.2075,348.8381,830.086,163.54567,464.39932,289.24432,521.21002,917.18701,1005.9103,348.96326,445.73224,686.42499,718.53412,947.21735,72.80368,224.20802,444.27615,865.96435,1095.475,362.56018,1153.0891,659.383,390.39121,666.13824,182.33064,317.88083,1319.7506,651.40973,160.99484,851.21057
468.18512,969.89801,96.392166,104.25222,3187.0925,975.28387,82.016068,329.57529,515.2146,165.89566,593.08551,564.44904,396.96002,455.20471,298.77332,221.94696,623.0769,265.42416,812.37353,695.58429,1806.1237,152.30241,714.28967,599.29926,278.36752,132.26155,1128.7241,353.55219,830.086,158.84464,470.26605,302.62997,523.38159,933.58331,979.2066,357.38992,430.93457,671.40826,740.39728,929.99524,70.757576,211.65031,440.08276,829.69635,1073.2097,359.76981,1117.3347,653.45142,402.82398,654.23944,183.32153,322.2829,1306.5088,635.0946,149.83096,844.65277
473.41476,1072.1069,102.35458,103.79299,3244.6433,1017.7731,78.06871,349.39926,513.20288,165.89566,600.05505,594.1568,412.57541,437.56104,295.65433,223.17041,608.81189,270.9079,996.0625,723.40753,1852.688,155.67667,716.01495,631.4812,264.63242,165.32695,1144.1711,346.0097,848.41742,170.22607,476.39017,311.94171,518.49567,951.96661,1028.8121,380.6871,453.31146,700.65161,770.56879,1018.6867,75.020203,227.08581,444.84293,865.46771,1102.8973,364.75278,1139.6819,664.32574,391.38577,672.58991,191.24899,326.37027,1338.5095,626.19568,157.46951,821.04456
470.42645,1087.3296,98.975899,97.822533,3301.3606,1006.9039,77.630188,327.39465,479.47864,165.89566,578.76605,583.26422,410.93176,459.2374,273.1998,220.96811,576.9425,280.71494,796.6294,690.61597,1811.0778,151.689,691.96753,607.16626,253.18634,126.29488,1103.3473,319.48254,845.59705,166.26732,458.01791,314.85159,509.26465,939.04871,972.26215,382.66983,465.94357,686.82031,717.38593,1017.0464,74.338104,217.66757,429.31576,854.53735,1120.7097,359.5704,1114.3557,653.45142,386.4126,667.80267,194.22182,327.62808,1297.6814,621.74634,161.58241,798.7478
458.47269,961.19922,100.86397,85.881767,3113.8169,912.04352,76.314362,305.53854,434.74264,165.89566,567.3786,592.17633,391.20691,460.24564,266.96256,223.65985,563.75549,287.25284,999.04486,699.55926,1732.8085,148.16136,654.00409,627.19031,208.31778,126.29488,1042.6632,281.98441,810.34436,152.65913,433.84384,296.81021,513.60767,910.2312,892.89362,370.77344,454.75513,605.01819,659.47552,962.91315,70.928101,203.27844,414.24219,779.02008,1085.8267,350.80035,1059.2333,624.78259,351.60071,622.32538,179.35783,316.62326,1240.3007,596.13684,157.46951,775.13928
450.00549,837.2439,99.373337,81.771294,3002.6809,816.19495,67.542618,340.97409,399.18326,165.89566,530.24676,601.08887,371.0715,443.10614,249.49731,216.56346,516.50116,264.89716,929.45947,662.79248,1733.799,143.40665,576.78314,611.45685,183.59445,112.37259,981.97894,242.12958,783.55225,135.58702,420.30627,280.86404,478.86148,839.18158,794.67535,353.9201,461.97342,531.51526,623.42877,850.54602,56.435616,171.62245,423.6492,696.54749,1091.0219,338.84134,1027.9485,608.16724,329.71893,510.62592,170.43948,323.54053,1209.4034,589.21527,148.06828,692.51038
434.31641,754.60669,87.854866,57.423668,2890.5515,716.39386,51.753452,297.36118,348.25299,165.89566,499.05576,594.1568,316.41736,426.4708,238.27469,196.25301,439.57535,233.1557,707.20557,639.93762,1662.4659,129.60278,524.58392,571.76575,131.40045,101.43368,847.3706,236.55853,743.59875,133.62295,380.33862,275.85901,498.40717,822.78565,704.3938,303.39697,415.05423,448.92279,582.06342,762.78479,41.602077,159.58798,370.38126,586.25256,1073.2097,306.95029,850.66412,589.37824,260.59238,451.58475,161.53966,299.64435,1171.8855,606.91461,166.28297,617.75061
455.23532,889.56,85.171516,69.367805,3140.6084,829.53461,55.700691,328.08847,429.23663,165.89566,556.48688,595.64264,345.18271,455.96082,230.16565,208.48814,521.44641,233.1557,721.05994,710.12891,1902.2257,130.82983,618.62915,570.33527,155.66603,92.483612,1009.5626,265.69974,781.67224,146.49034,419.01706,296.81021,466.91705,889.36365,723.24371,299.43103,475.86484,553.33545,663.61133,877.61255,44.330048,171.09924,404.38205,646.91675,1084.3418,343.82422,980.27496,640.80048,286.94986,538.15173,164.01732,321.96841,1103.4707,624.71246,176.27184,620.37378
460.71408,934.14697,91.929626,68.908409,3150.5322,887.49939,56.139339,317.18518,451.26053,165.89566,555.49634,619.90363,367.37302,443.61044,256.36346,218.27638,531.88617,226.61768,743.10138,682.79706,1887.3644,136.51953,644.51312,632.91156,122.24359,113.36704,931.22498,282.88483,817.86493,156.38834,444.8028,328.00439,475.60416,965.8786,717.29126,333.14182,444.09232,593.64984,661.83929,910.42041,49.871342,175.28513,411.40878,728.89923,1065.7877,371.72888,957.92859,637.83368,330.71359,550.51862,155.09795,321.99011,1158.6439,616.80249,183.32268,671.52527
443.53061,988.52112,90.93576,73.502274,3179.3088,877.61627,62.71809,319.1676,472.59616,165.95375,588.66773,597.12793,372.71506,458.73343,267.59149,225.37282,566.50269,232.10129,770.82343,670.87042,1922.0402,141.58142,657.45551,604.3056,167.11204,121.32261,998.52936,308.81607,809.87427,149.95464,453.82779,365.48392,530.71143,1015.564,762.92792,347.0228,462.50595,572.30688,696.70392,956.35138,48.592567,190.19748,412.54224,745.29584,1080.6309,346.31576,949.2345,664.53369,327.23224,582.4328,165.50385,313.18576,1133.2643,618.77985,183.32268,668.90222
453.24301,984.1712,87.656105,65.233292,3209.0779,851.92035,65.788254,325.1149,462.96072,165.95375,539.15839,574.35199,369.83856,452.68417,267.59149,220.24567,526.94116,239.69383,802.9267,683.29395,1870.522,143.57553,627.68872,599.29926,158.87091,92.483612,968.18726,284.5994,770.86127,148.46994,448.026,359.43133,524.46741,954.45117,768.88055,320.25247,440.48178,581.79254,684.29443,894.83661,46.717075,197.78439,399.84869,747.28314,1077.6621,371.72888,946.25446,622.50604,327.23224,534.56158,163.52179,305.95349,1103.4707,600.09168,190.37352,676.1156
448.26242,1018.9706,84.972763,72.124054,3124.7329,874.65155,62.27956,342.00235,483.83762,165.95375,569.85461,572.37128,378.05716,437.05695,291.76218,211.43584,565.95337,242.43555,1033.8373,690.74811,1849.7161,144.49596,685.49634,586.42657,158.87091,126.29488,1031.6296,297.88635,794.36316,155.39856,458.98486,353.02957,521.75305,882.90466,816.99774,323.2269,447.70279,607.87848,704.38556,955.53119,52.014977,241.73656,423.87573,775.10748,1053.1704,376.71173,1032.6837,643.76715,344.14096,571.26263,153.61131,307.21133,1078.09,607.9032,194.48656,675.46014
471.42252,981.99609,85.966606,70.745934,3187.2471,824.24786,62.27956,339.77185,479.24908,165.95375,548.07025,569.40033,377.85165,435.04062,270.08606,222.20349,565.95337,241.90834,812.37353,702.67462,1881.4203,141.73479,657.02374,624.32983,150.172,134.00183,952.18884,295.31461,800.0036,154.40877,453.82779,347.20969,534.23901,898.80359,860.15399,297.44818,459.97845,618.15448,681.93066,928.46478,50.821175,228.13231,430.44916,721.44641,1082.1156,391.16232,1047.5854,662.55603,293.41498,566.87451,145.683,310.04123,1132.1603,621.74634,190.72601,702.34711
503.04993,967.85907,94.612946,77.636826,3228.9233,857.35602,63.595287,335.55881,484.52585,165.95375,559.45734,556.03168,396.13824,463.77441,268.83914,217.30902,560.4585,261.62799,1023.8965,710.62561,1852.7782,148.48407,683.77069,632.91156,223.42656,151.15607,1036.0433,308.60168,809.40418,161.33727,459.62949,368.97586,528.26727,902.28186,873.05151,313.31195,498.97205,626.84992,689.02124,976.85638,57.642853,248.53865,448.8096,713.99329,1119.2255,387.17606,1065.4672,662.55603,310.82095,595.19836,156.58447,310.67014,1171.8855,641.52173,207.76567,700.37988
513.01135,1087.4821,101.37101,75.339806,3185.2625,796.5752,67.104095,310.28027,507.69681,165.95375,498.0654,538.20715,378.05716,451.67596,296.5957,219.26683,570.07452,276.28592,856.45575,750.38117,1871.6041,141.27461,715.6947,623.61432,206.94428,108.3948,1094.5199,322.103,771.80115,154.90363,468.00983,399.82074,533.15332,932.09277,907.27911,322.23538,464.67227,601.55463,709.11371,1074.4602,62.417942,282.54907,419.34235,791.50409,1113.2876,373.73889,990.21417,686.78369,343.1463,638.28241,155.09795,303.1236,1202.7827,615.8136,219.75215,762.75079
494.83176,1114.6689,101.56979,76.718048,3197.1704,844.01379,69.735588,337.04581,495.53778,165.95375,524.83606,548.1098,378.46817,443.61044,293.78912,211.68054,509.90765,264.89716,881.64563,739.94519,1830.981,138.82037,739.42145,617.53565,201.45024,140.46573,1075.7633,339.24747,760.05023,154.40877,480.25806,387.06192,507.90851,907.25018,820.47009,318.76523,474.78159,609.85455,681.93066,1072.8197,58.836643,259.00345,428.9758,814.85657,1079.1466,363.77246,984.25354,642.77814,350.60605,656.23419,147.66509,305.63898,1231.5801,616.80249,215.63913,743.73138
511.01901,1138.05,101.9673,74.421059,3111.8333,825.73029,75.437195,316.22824,493.24365,165.95375,513.44775,559.49786,385.45392,476.92761,292.54153,208.49921,552.2168,268.16602,1131.3755,745.41162,1743.7922,140.66109,729.06781,593.57788,200.07672,114.36149,1069.1436,342.89084,752.14355,152.92412,465.43121,405.68741,481.03296,892.34479,820.47009,317.27801,472.97626,604.32105,697.29486,1078.5612,55.511093,249.84676,406.87527,870.50555,1019.7711,373.73889,983.50842,608.66162,340.6597,642.27154,157.08003,302.49466,1250.3412,624.71246,211.54069,705.03632
483.37619,1196.2302,108.62601,73.961678,3139.6174,841.04901,82.89325,308.09949,496.45538,165.95375,508.9917,540.18762,371.48227,463.81955,305.64041,205.56259,533.25989,263.73688,1118.4517,729.50952,1726.9482,137.1331,751.06946,610.74188,237.16183,114.36149,1082.3832,336.24722,748.38263,158.12048,466.07605,418.84177,472.9548,912.30579,885.94891,361.89523,462.14477,632.38312,705.5675,1091.6842,60.456738,268.94498,399.55359,887.39868,1001.959,365.5166,1036.4094,604.21143,354.08722,698.91925,169.46797,289.91681,1171.988,582.29382,223.29311,708.97137
480.13882,1146.2058,106.63832,70.286537,3023.5183,790.64532,84.647575,315.73251,486.36108,165.95375,499.08923,545.63409,367.78391,426.51221,280.37851,208.98868,547.27148,257.23801,1143.3059,712.6134,1716.0493,136.36603,713.53748,625.76031,222.05304,115.35592,1009.6424,327.24637,722.99744,152.42915,454.47235,407.78278,456.66519,913.29974,757.4715,343.84985,437.59338,608.66895,639.383,1035.0912,56.193218,232.05662,395.58652,831.75,1043.5219,362.77585,969.35193,591.35602,352.09793,653.44159,168.22916,292.74689,1183.0232,570.56952,206.01718,691.91949
487.36078,1151.6436,105.34634,73.961678,3076.1104,805.46991,83.770416,303.83676,510.44974,165.95375,522.85535,572.37128,374.76977,430.04138,291.91775,210.70175,546.99664,250.69899,922.67664,790.13617,1731.9017,133.9118,691.96753,655.08136,234.87264,113.36704,1015.1597,339.89044,729.1087,152.92412,474.13397,418.84177,472.41183,881.00122,750.52667,371.0665,459.97845,620.92151,663.61133,1049.8539,54.57312,239.12033,408.05481,844.66852,1036.0994,403.63806,976.80261,597.28906,349.1141,648.25543,166.49478,308.78345,1253.6521,592.32813,206.60478,695.19861
499.06543,1153.8181,104.84944,73.042923,3113.8169,840.06073,83.780067,311.27179,523.06769,165.95375,531.76764,574.35199,384.63223,435.58691,301.89819,220.24567,569.25012,249.01158,1178.1023,782.68219,1704.1603,134.21861,701.88959,654.36603,244.48729,117.34482,1028.401,336.89014,729.1087,157.13074,486.05978,422.33395,465.62503,888.45447,793.68317,380.98151,472.97626,630.80231,668.93018,1080.2014,56.790161,239.90523,410.66183,844.66852,1064.5625,417.59088,1017.0371,612.12268,348.11948,661.81903,168.47696,311.29904,1262.4805,606.07556,210.95311,713.56226
495.08078,1228.8545,104.35251,76.718048,3071.1479,834.1308,91.675575,316.52567,528.11481,165.95375,528.302,558.01245,390.38519,422.47922,306.88803,218.53271,557.16187,256.71078,954.1673,758.82892,1704.1603,138.51364,724.75397,658.65686,254.10194,149.16715,1069.228,357.89236,746.50232,160.10007,481.54736,437.70001,483.5434,932.67853,866.10687,395.1102,491.02881,645.82153,703.20361,1141.7162,60.200909,266.85202,418.25619,886.40491,1060.1084,419.58411,1051.3107,599.76141,349.61145,680.56873,179.87396,315.70129,1231.5801,603.20734,216.59421,747.66626
479.64066,1283.2286,108.22845,74.421059,3090.9944,809.42316,87.289169,318.45865,524.44409,165.95375,514.43817,556.52685,378.26273,435.83917,298.1553,224.16119,536.2821,253.96857,982.50836,767.27704,1713.0771,136.82622,681.61395,657.22656,253.18634,142.70323,1058.1938,351.46307,731.45929,164.05933,468.00983,424.31308,497.39093,920.75317,813.52533,364.67127,492.83411,616.96887,686.65839,1130.2336,59.51878,274.17734,422.22333,907.77032,1063.0782,397.65823,1054.2909,608.16724,321.76193,659.02661,176.40533,296.52023,1202.8879,596.77869,196.85046,776.52356
468.18512,1249.517,109.32166,47.776455,3100.917,820.78851,86.850563,324.15866,500.1261,165.95375,507.01132,594.65216,392.02887,427.77274,275.70047,230.76859,558.2608,249.64435,969.91211,776.22192,1681.3718,151.09181,667.37769,664.37842,243.57161,119.33372,1049.3661,342.89084,769.06647,167.02866,460.91882,421.98477,490.87442,943.11328,802.61237,371.31439,489.22375,628.03565,680.74835,1071.9995,55.852097,246.96895,426.19061,894.85187,1114.3014,399.65146,1039.3893,630.41705,333.69739,647.45758,180.36949,291.17474,1239.3054,608.05353,194.5,804.72498
474.733,1271.2661,106.63832,48.006142,3119.7705,846.97894,89.920982,340.51535,517.10284,165.95375,533.74841,588.21551,405.58969,431.55383,265.4082,231.01327,551.66724,252.91389,932.12341,778.7066,1699.2061,149.25107,684.63355,657.22656,234.41473,123.06292,1031.7111,335.60428,791.63074,161.58484,487.349,423.49814,480.01419,946.09503,799.63593,376.76758,470.08798,614.99274,668.33899,1117.1105,57.472282,258.48025,436.39209,896.34241,1086.0914,398.65491,1005.861,619.53931,308.33438,610.35754,180.36949,295.89139,1242.6167,595.29529,191.32684,791.60809
481.70709,1301.7157,110.3155,45.938942,3305.3303,809.91742,94.307388,340.01977,511.59683,165.95375,548.60223,620.8941,401.92203,463.81955,268.21536,220.24567,568.15106,245.7419,881.73846,842.81201,1656.6023,152.93254,681.61395,663.82929,213.81189,125.549,994.19458,332.60413,800.09235,153.17156,480.25806,435.13892,495.21796,934.16925,773.84137,384.69952,467.92163,565.98328,673.6579,1159.7606,54.658398,257.95685,442.62625,859.57452,1080.1525,401.64468,1040.1349,614.10052,303.36121,622.32538,188.29779,303.75235,1269.1018,587.383,181.33746,785.70563
479.21643,1328.903,111.80627,44.560722,3353.9541,794.59869,90.359703,346.46323,492.78479,165.95375,537.70935,620.8941,413.83997,465.33203,265.72,226.11887,550.56818,245.7419,884.8877,805.04449,1680.3813,155.38689,677.29987,665.25989,216.10113,118.33929,993.09094,318.88834,829.70789,155.89343,482.83661,437.70001,500.64853,911.80859,754.49506,396.10175,485.97418,584.16406,687.83923,1146.6373,52.526642,237.0274,449.99383,790.01343,1065.3054,423.07251,1000.6449,623.49463,283.46875,598.7887,193.25301,309.09805,1253.6521,604.6911,169.58522,825.05615
497.14951,1376.7522,121.94334,40.885593,3512.7195,807.44647,91.675575,334.07184,488.88461,165.95375,565.9314,648.62128,427.40182,462.81131,275.23224,231.01327,557.16187,254.49591,897.48425,820.94659,1739.828,164.43692,684.20209,681.7124,214.26981,116.3504,1021.7803,326.38916,846.16156,154.40877,473.48929,440.95956,507.16409,924.23145,728.70068,380.73355,482.36362,565.1925,703.20361,1190.9282,51.162292,227.08858,460.53522,827.27832,1094.9995,404.93372,1040.1349,637.83368,284.46332,611.55414,193.25301,316.01563,1298.8981,608.54816,155.36499,839.48474
493.16449,1304.9785,121.24767,37.669853,3491.8816,777.79742,89.482399,309.09076,473.74329,165.95375,557.01941,654.06775,422.47024,471.88605,271.48996,206.05203,528.58954,247.42946,881.73846,806.03827,1719.0223,160.29538,661.76904,679.56653,222.05304,102.42812,1008.5391,315.67377,818.89575,150.44954,478.64645,436.53595,490.60297,924.23145,688.02399,388.6655,467.19968,525.66864,709.11371,1154.8395,49.968479,207.20522,464.16248,783.05725,1086.0914,412.60776,1017.7825,621.51709,266.06271,582.4328,187.30672,318.84558,1306.6232,601.22943,151.95671,832.92645
515.58099,1323.4651,121.64523,37.21048,3592.4509,717.01666,90.359703,316.22824,485.21399,165.95375,583.30255,648.62128,421.64838,525.32605,282.24927,210.94646,535.18292,283.49966,875.44037,865.17438,1743.9114,163.36314,670.39752,675.98999,222.05304,118.8365,1075.8484,327.8894,832.99841,150.94444,454.79468,449.10812,507.16409,973.92133,763.92017,420.88901,466.47745,525.66864,744.56909,1172.8837,55.255257,221.85619,468.12967,807.90057,1082.3795,424.56732,1065.4672,628.93359,251.14339,562.48639,196.2261,315.38678,1298.8981,596.28418,158.06789,830.30316
509.10513,1326.7277,125.42175,42.270138,3474.3552,726.40546,92.991516,340.51535,508.71753,313.32349,597.16736,631.78687,429.04565,515.49512,281.31409,208.98868,545.11633,287.82388,869.14227,865.17438,1702.2952,171.03288,719.5769,732.50104,239.45103,113.36704,1153.6411,315.03079,847.10144,160.84245,465.57605,421.40265,501.73456,957.52362,845.76855,467.98492,503.30453,563.61176,787.11511,1194.2091,62.076927,235.46056,465.63592,898.32983,1094.2581,418.58765,1085.5845,645.745,263.5762,628.88037,211.09174,302.49466,1272.4125,601.22943,170.99548,848.66687
511.59582,1253.8669,124.32858,43.648476,3445.575,742.71252,89.043732,342.49805,520.64978,299.87439,603.60443,634.97711,427.40182,515.99927,280.69016,220.24567,546.21509,287.82388,888.03644,882.16632,1659.6881,168.42525,726.47925,780.42835,259.59613,134.25047,1104.5375,327.46072,857.44293,160.10007,478.47296,431.06473,488.15848,968.45538,854.69769,425.35074,509.08142,568.74957,770.56879,1155.0562,63.355915,233.36757,453.39416,930.12909,1085.3494,413.35516,1139.9757,655.23883,293.41498,632.47156,190.27988,305.63898,1270.2058,600.23999,163.94411,848.01099
505.61807,1239.7295,124.32858,41.351151,3423.7427,730.35852,90.798256,343.98489,503.21048,299.79282,607.07056,673.11542,429.04565,519.27625,261.04205,218.28798,504.45218,286.76929,1176.1139,877.69324,1635.9072,168.30238,694.12427,815.47968,274.7049,113.36704,1116.6755,331.5325,839.57983,160.595,464.93124,369.64212,487.61563,1054.4185,914.86786,429.4024,513.41394,552.94019,805.43457,1150.134,62.844334,246.97195,446.36664,898.9538,1069.0171,411.61115,1177.2295,662.16223,302.36673,624.88983,198.20821,306.89679,1285.6554,591.33905,157.48045,861.78375
511.09778,1272.605,123.23534,30.937101,3460.4614,732.33527,93.430107,332.08926,497.93301,308.43286,618.95453,668.6579,425.34692,534.40094,258.8587,222.69292,516.5415,273.53088,913.229,912.48291,1638.88,173.36526,700.76202,825.49463,280.199,141.7088,1154.1923,333.03262,839.57983,159.11032,464.93124,363.04559,503.0918,1078.2699,895.02246,419.48547,520.63501,517.4303,804.84381,1138.6494,64.294006,236.50708,449.04166,894.4812,1095.7421,409.11945,1208.6587,672.54706,284.46332,611.72174,194.244,303.1236,1240.4092,603.20734,152.42693,852.60187
521.06055,1299.797,123.23534,28.945808,3428.7056,759.76196,90.359703,361.82849,494.72049,318.05096,602.61414,648.8457,434.38821,524.56976,264.9502,220.49039,521.48694,299.84738,925.82538,898.06995,1616.0901,176.28024,681.7757,822.63318,270.12637,131.01852,1136.5377,328.31784,850.39197,159.60516,463.64151,373.45871,522.36877,1069.8229,863.76611,454.69058,520.63501,583.13721,788.29742,1145.212,63.782288,220.0248,461.32867,919.32806,1092.0309,405.88052,1199.7168,652.76624,292.42038,610.52454,210.10075,311.92801,1234.8918,608.05353,154.30724,849.97858
525.04584,1220.3951,123.23534,30.324142,3531.9136,766.18787,93.430107,359.35031,516.28992,315.11673,578.35089,667.66718,457.40204,543.22345,264.48209,213.39365,525.33362,291.62085,969.91211,908.00983,1601.2266,179.04176,674.43982,829.34821,263.25879,113.36704,1179.5715,335.67068,888.46918,161.61887,477.50565,384.71994,521.01044,1064.8534,858.30866,420.47711,531.46655,582.34637,784.16058,1105.8348,62.417942,222.37941,465.06912,907.40161,1094.2581,405.63132,1228.033,638.91943,292.42038,628.48108,208.36639,332.05219,1258.0663,602.21802,129.86259,851.29022
528.03467,1233.4473,123.13597,37.201385,3396.949,774.09711,93.430107,355.13721,527.30432,315.79746,590.23505,666.18097,458.63498,539.44232,267.13309,215.10658,523.685,294.89035,979.35974,903.53705,1619.0627,181.03636,696.44659,804.04761,256.39114,114.36149,1195.0194,333.95578,898.34125,161.37132,491.04739,374.87225,532.14197,1057.8972,896.0144,422.46054,526.41174,596.97443,819.1142,1109.9366,65.231934,226.04207,451.12729,898.45654,1109.8472,379.51941,1228.033,639.90869,300.87463,663.99536,194.73953,333.31006,1286.759,620.91107,137.854,859.16028
597.77502,1144.2568,118.06744,35.592331,3331.4507,711.31909,94.307388,344.53308,553.00372,309.76517,559.53473,689.95569,470.14191,539.19006,248.88806,208.74394,489.34064,311.87097,985.6579,918.44672,1670.5873,185.33205,707.66577,810.47992,251.81279,122.81427,1164.1232,328.81158,891.75995,157.65875,508.78049,374.87225,529.96997,1031.5616,841.44,458.90527,508.96521,571.67206,806.1123,1037.7456,63.014896,197.7868,453.16754,864.66522,1141.027,404.16583,1207.1682,666.61285,277.51453,674.37024,203.16347,330.53012,1322.0729,632.77924,128.68729,878.83575
620.19171,1199.7291,114.48962,39.513359,3143.8889,685.61456,93.430107,345.52457,571.81976,321.50366,587.75885,750.38257,488.22436,536.16528,230.1741,215.35136,495.65994,318.93726,1292.4324,933.35657,1615.0991,194.07709,722.76862,897.96051,244.02945,113.36704,1128.8135,330.09756,914.32404,157.41127,526.83624,374.11838,540.28821,1038.021,831.51752,478.73904,512.57764,562.97461,794.2923,1032.0038,63.03038,198.8333,459.96844,824.91052,1152.9049,399.68051,1242.9365,683.42639,236.23547,695.11987,210.10075,329.58658,1400.4268,650.58173,115.17218,888.01764
606.24359,1271.5167,116.9742,41.727009,3094.2703,675.23407,92.114212,344.83054,555.75757,329.32925,579.34119,744.93414,491.51187,522.80548,235.32051,216.10498,480.27362,329.90601,1032.8934,874.71149,1618.16,195.30438,725.35736,874.80395,233.49916,137.48238,1119.9863,325.38196,900.69159,153.69878,501.04245,384.01315,547.88953,1050.4435,846.40125,470.80548,499.57336,543.20715,807.29425,1085.3268,62.433296,198.04845,447.72681,819.94116,1158.1016,406.15909,1239.9553,677.98669,241.20885,690.33173,210.14772,331.15903,1410.3588,656.51581,121.04829,853.9137
596.77887,1291.0957,116.9945,44.107925,3170.6846,670.29065,98.693748,348.74686,568.14832,310.41736,586.2738,753.84967,510.0054,520.87677,247.64035,218.55234,484.66962,332.64832,982.50836,860.79547,1607.2599,200.52074,745.20648,864.9408,234.41473,110.38371,1172.9508,324.09586,905.39246,151.47125,495.88367,391.08093,553.04895,1023.114,837.96728,453.20303,514.38361,537.27685,791.92957,1117.3201,63.115677,201.97287,441.49264,819.44415,1135.8306,396.19199,1281.6852,659.1947,240.2142,678.3606,217.58223,328.32852,1390.4945,641.68036,126.68938,847.51446
620.6897,1350.9187,116.19933,48.702503,3101.2163,667.32507,102.20287,368.82388,564.47711,309.76517,585.8175,796.4455,511.23831,519.36395,241.71448,214.88121,441.80774,321.67935,982.50836,871.23224,1457.6316,197.60576,723.20032,922.40344,227.08933,110.38371,1202.7432,314.02142,930.77734,150.48123,483.63162,365.63705,552.77612,1003.7352,826.55615,447.25284,519.07965,533.71875,764.74341,1098.452,62.603874,189.67815,426.19061,795.0943,1130.6334,394.69693,1284.6654,676.50305,242.7009,644.84161,207.66959,319.52292,1396.2271,652.55981,132.80054,823.89941
623.67847,1348.7434,116.6963,48.243034,2983.1221,631.73462,103.08012,380.72156,541.53088,303.76352,578.38959,811.30469,501.37515,527.43164,236.72372,203.6232,470.38236,304.80441,1211.0955,854.83142,1391.2408,192.84969,733.55621,994.87506,227.08933,131.01852,1197.2262,312.30658,920.43512,149.73874,477.18326,357.15573,543.00305,992.80328,839.95184,436.34427,511.49368,526.99786,776.56335,1073.0212,63.456795,183.66072,427.32419,729.99609,1155.8745,387.71997,1308.5111,688.3717,251.15565,645.63977,198.25259,323.92584,1386.2936,657.50494,121.40089,833.08331
608.73401,1328.0773,123.55496,47.296551,2788.6138,594.16632,96.500618,371.79837,529.13965,301.93957,552.63977,789.01611,498.08752,531.96985,223.31259,206.56004,464.61264,296.57797,988.9577,859.30438,1345.6589,188.40047,705.07684,963.14179,227.08933,127.28931,1257.915,304.37561,902.10193,141.57117,461.707,348.72678,540.8313,980.56079,798.7727,439.31928,513.66101,484.69583,770.65271,1080.4041,62.859779,171.62598,414.06241,690.73846,1160.3287,361.05807,1301.8048,683.42639,251.15565,618.50507,197.7569,325.18372,1377.4635,636.73529,111.64655,844.89056
602.75653,1264.9913,124.74775,43.648476,2738.9941,517.05322,95.184624,318.01148,501.14535,293.46185,518.47101,763.2605,469.31988,517.85132,196.49007,203.6232,414.60687,299.40008,963.76135,825.01172,1312.9587,183.03075,661.06323,928.83563,217.4747,110.8809,1213.7782,284.8699,865.90497,129.93857,428.17526,326.10663,513.77838,934.34045,736.26025,381.80121,522.33051,438.04465,725.73767,1045.9496,58.168709,169.00974,391.05255,619.17981,1134.3455,355.82538,1260.8204,653.75543,203.90851,583.78906,181.40109,301.28241,1296.8911,607.35425,106.95923,814.05994
597.27692,1249.7629,122.26274,44.107925,2669.5283,504.20108,111.4143,343.29376,496.55609,266.07202,526.88946,767.22284,465.6214,496.16901,200.85692,202.15482,434.11466,299.92758,957.46234,815.07202,1374.3953,174.13229,653.72778,932.2666,205.11295,107.89758,1132.293,276.08145,834.87872,126.22604,413.98862,329.4054,510.52008,890.60535,687.14313,406.09766,537.14069,448.71912,712.14477,1014.7759,57.827621,171.36435,392.86609,597.81171,1141.027,357.81879,1242.9365,664.1402,191.47507,565.03461,180.40984,300.65347,1293.5797,612.3017,105.78382,802.90839
594.78613,1186.6765,119.08194,39.687901,2690.3684,521.50214,105.27338,332.13983,506.6524,275.52799,545.21161,698.37598,456.99118,523.39789,194.61917,198.23895,437.41177,298.34506,963.76135,846.87964,1406.1042,169.83653,650.70764,910.82526,193.20908,110.8809,1108.0134,271.15155,811.37476,129.44357,421.08203,351.31867,506.17535,923.90387,647.45239,395.18906,499.21231,474.41672,736.96655,985.24341,55.268833,177.38178,403.63721,583.4007,1071.9862,362.60294,1269.7623,641.88684,179.04163,558.6499,178.42729,300.33887,1320.0693,603.49512,105.78382,806.84406
590.80115,1223.6584,116.9945,36.435017,2580.2126,481.46268,102.64156,335.41168,472.69217,273.89764,549.66833,708.28198,477.53937,514.32172,183.54703,195.54681,424.77292,298.87259,913.36859,803.1441,1335.7495,182.87724,662.78967,960.56885,173.97981,113.11842,1078.2167,265.79279,839.34827,126.47356,414.95599,360.0369,499.65881,949.25037,679.70105,404.61008,489.82034,457.02145,690.27801,1033.6444,55.268833,173.71899,390.03143,550.10583,1073.1276,347.65231,1243.6816,644.85388,170.08952,549.87122,173.47096,310.08814,1324.4843,605.47412,109.66264,741.24738
577.84937,1110.5378,113.21728,41.167458,2351.9629,408.30414,97.377884,307.35333,417.16235,259.71359,495.19662,659.74231,434.79907,463.89783,158.59595,171.56229,386.58176,292.33176,847.22882,742.51074,1213.8677,169.68317,620.50201,850.7898,178.55808,102.1795,993.2395,245.54472,770.22571,113.85093,367.56009,329.87668,481.46426,867.24683,600.32007,370.14877,451.53061,392.97504,630.5882,951.60858,52.454247,145.20181,367.69534,478.05045,1053.8191,327.41901,1183.3231,635.95258,140.24927,514.7558,166.5321,283.35632,1231.77,591.12647,106.72416,684.83368
551.9455,1114.8885,105.16586,44.291737,2138.5994,416.21307,94.321541,312.31061,430.47107,241.29079,460.03775,603.77319,438.9086,447.76218,166.39334,165.93339,383.83432,275.87436,847.22882,701.75696,1118.7397,162.62589,613.59802,772.81561,176.26891,94.472527,1015.3113,227.09341,777.74945,112.86096,382.06909,329.87668,451.86557,896.07257,571.54437,375.85107,424.07748,392.18445,626.45184,943.40533,51.686562,145.46349,362.81982,491.96478,1011.4879,326.42233,1153.516,605.29218,136.27054,522.73651,163.06276,272.34924,1153.405,587.16858,111.07308,675.65015
550.94928,928.89276,102.58143,44.567383,2156.4624,390.50882,94.7603,292.48126,422.66919,226.94373,449.63858,672.62006,422.47024,427.59283,161.87079,162.50696,339.59857,268.27847,787.38684,766.36627,1177.2041,163.08606,610.57703,813.12903,161.61798,88.505821,935.85217,193.02939,733.54822,107.41589,395.93323,300.65912,460.82602,830.9668,565.59082,368.41333,417.57547,355.8125,590.99243,852.34607,47.251389,132.12054,359.41852,516.81122,923.11279,327.41901,1097.629,608.25952,139.25458,501.98672,152.15887,258.19711,1102.6332,558.96753,111.07308,673.02631
571.87134,826.64911,100.39461,44.934971,2356.9248,497.28073,91.250656,305.37036,389.62668,235.09544,470.43689,717.69269,413.49609,424.56738,165.30124,148.55682,325.86069,261.10474,765.3396,751.45648,1234.6765,168.14902,607.55701,853.44244,138.72598,84.776672,943.57715,223.68697,742.01227,106.67341,380.45697,316.44608,476.57568,829.9729,588.909,361.96741,398.79181,363.32413,626.45184,844.14276,48.44548,127.14975,356.01709,477.05673,943.16431,340.87463,1134.1426,639.90869,144.22797,482.83316,151.91103,271.72024,1282.5426,596.56867,108.13464,669.74628
612.26666,900.61261,95.424599,41.351151,2387.6885,514.0874,90.811905,302.69327,427.71756,257.59427,519.46118,704.31958,427.47119,445.74539,170.60327,176.45709,316.51898,252.98148,793.68603,785.74902,1358.6387,176.43365,647.25531,881.74744,128.19553,74.583572,1009.7932,224.53859,751.8869,116.82098,385.61569,321.39423,500.74487,871.71979,585.43597,392.70987,423.35504,399.30069,673.73102,895.0044,48.786682,129.7659,359.98535,511.84198,996.63507,375.26111,1100.6094,662.65643,134.29271,569.02484,164.30179,281.78391,1352.0782,632.09168,114.95183,655.31506
604.79382,828.82452,95.822189,35.396584,2353.9475,538.80328,89.057076,288.01975,423.12833,276.50619,514.50922,710.36719,421.71677,469.94882,176.99733,172.54137,342.89557,255.09131,781.08807,765.3725,1322.963,171.98447,651.5705,898.90198,129.1113,76.572487,1009.7932,256.61554,758.47034,126.72105,371.10672,325.16418,502.37412,921.41888,580.5658,425.18771,420.82648,434.88193,671.95782,888.44196,43.669205,132.90547,367.35532,536.1919,1015.944,384.03217,1058.1351,667.60187,140.75864,605.73602,180.90547,283.04187,1339.9369,628.13379,118.36044,652.03509
588.85187,908.22638,101.38862,35.653889,1957.9839,532.87146,93.444138,306.11398,437.8757,291.01623,523.95752,732.1637,413.90717,478.52075,185.88603,180.61778,372.01968,274.29175,900.77069,752.45068,1315.0353,170.29684,648.11853,909.19482,137.8102,82.539162,1015.3113,254.9124,763.64258,126.72105,379.88208,329.16998,502.37412,885.63556,650.53168,461.1365,433.46942,436.85877,701.54645,950.95435,50.663071,151.74257,368.26233,589.36389,1011.4879,376.75613,1125.1997,668.5907,164.13556,605.01501,186.35742,275.80862,1322.2766,619.22821,127.88097,715.66412
592.83746,898.43671,107.55146,32.713326,1808.27,493.32614,92.128067,303.38745,425.02408,281.0379,495.72928,745.0434,392.53363,469.94882,180.89595,184.04413,361.0527,277.03473,875.57404,778.29431,1205.0358,156.79585,634.849,922.9187,139.6416,81.544731,982.20337,241.5706,750.47632,121.52351,360.53317,323.27914,490.42468,837.9245,637.13373,451.21963,404.57144,402.4635,682.04303,930.4422,48.019073,134.99849,359.75867,528.73779,998.8631,371.27423,1085.7062,661.1731,148.21941,590.6477,170.49722,266.37384,1300.2017,618.23865,121.65143,695.32935
591.841,822.29816,112.22328,28.504694,1992.8683,458.72406,93.005486,282.07095,400.23865,280.41913,468.49139,743.06201,382.66885,451.79623,164.67743,175.47824,335.22403,278.61725,799.98492,785.74902,1200.0808,153.11375,606.36487,928.92279,127.27993,74.583572,941.37018,231.06751,734.01819,113.85093,357.63098,327.99182,494.22711,849.85211,631.67566,448.24457,421.54904,375.57999,680.26996,873.00745,43.328007,124.53347,365.08768,504.88489,989.20844,371.77261,1041.7417,637.9306,152.69577,569.49628,163.06276,268.26071,1302.4097,609.33331,114.59918,713.69641
589.84821,858.1925,103.77425,28.950636,1962.1022,382.10529,90.373291,234.9765,396.10788,283.84268,451.6535,723.24701,374.85919,444.73691,164.83379,171.31763,334.3996,267.11804,799.98492,804.13818,1204.0448,147.13036,605.93323,917.77222,137.8102,77.566925,938.0592,236.17714,705.33447,98.505829,339.24951,336.70987,504.27481,919.43097,601.40674,463.16901,426.24493,325.76621,663.72058,901.72467,42.98682,123.48701,363.9538,495.44318,931.28198,376.75613,1044.7224,638.14966,159.16176,568.29907,187.84433,266.68845,1280.335,610.32263,106.13647,722.88
570.9176,848.40308,102.39467,28.968981,1931.3359,355.90671,86.863602,182.1812,364.43765,285.47314,432.83447,704.91809,366.6387,424.56738,132.86984,171.80716,303.35022,261.73773,781.08807,809.10797,1162.4233,144.21539,599.45966,907.47937,146.96706,74.583572,922.60901,232.77078,693.10889,93.56945,316.67593,320.45175,512.96454,881.16272,554.76306,450.27567,444.66733,286.29691,641.85278,865.62262,37.954636,109.88242,346.37967,460.16089,916.42895,381.73972,959.77332,644.58032,134.29271,528.78961,169.75377,272.03473,1253.8448,607.35425,104.60852,724.8479
587.3573,933.35498,102.39467,29.428793,2029.5896,372.71347,85.986092,191.60005,363.29019,297.3746,448.18671,658.84833,368.28278,455.83014,132.24599,166.42281,321.48526,268.80603,781.08807,802.789,1271.432,140.073,583.92285,859.44653,144.22003,74.583572,966.75275,238.4481,718.03101,89.60881,325.70541,324.50452,501.01526,934.34045,541.36536,449.28394,446.65823,286.29691,672.58685,882.03259,36.334156,116.68475,332.20712,490.02881,881.52448,380.74295,973.93152,672.77771,143.24554,536.77112,179.43935,261.02762,1300.2017,582.7157,103.78577,713.69641
591.841,938.79425,95.932877,28.950636,2041.4988,377.25772,84.670052,204.73695,356.17584,288.2446,421.44406,661.32501,358.41806,437.67755,104.0191,168.62546,298.12949,250.76599,730.69519,818.69562,1292.2423,142.23549,555.00745,857.73096,155.66603,75.080811,946.88818,221.13222,694.51971,90.351456,317.64343,289.82019,514.86432,785.24365,549.80078,439.36591,446.29691,269.29297,614.6665,850.03357,35.14006,109.88242,304.20187,437.34818,946.13507,390.21176,1002.9929,669.80969,132.30321,517.21588,183.15698,255.70555,1326.692,588.65271,105.78382,642.85162
603.29944,903.98364,96.927017,25.750187,2052.4165,435.10715,89.495842,198.29242,391.74737,285.7005,423.42502,624.17212,375.68121,451.29193,124.76028,176.2124,293.18365,260.04974,762.19055,787.37933,1291.2515,140.70117,599.45966,866.30798,137.35245,62.650204,903.29614,249.27673,720.85242,105.94634,345.0542,323.75055,500.74487,848.85834,591.48242,425.97668,455.33127,336.12207,624.12262,901.72467,34.28717,116.16146,319.73514,496.9866,976.5835,403.16898,1022.3676,623.80353,124.8425,532.7804,187.12256,260.4234,1297.995,585.18945,114.59918,642.19562
578.39026,945.32117,106.37116,27.129723,2358.0959,479.60675,90.373291,192.09581,419.51639,285.53748,454.12967,620.20904,379.79175,460.87241,139.57599,170.84212,314.34128,268.80603,743.2934,755.56616,1345.7551,150.06091,618.88086,831.14111,137.35245,66.628021,988.27325,248.14098,717.56049,111.6397,364.40305,330.11233,492.32642,901.0423,669.88379,426.47247,482.79565,357.47555,656.03772,971.46698,35.395878,143.63211,307.60333,545.19403,952.07587,388.71664,1099.1193,622.81415,146.72717,601.82214,194.30998,251.30231,1315.6544,572.82074,116.71489,663.84277
575.89911,940.96991,103.68703,25.382393,2347.1787,479.60675,93.444138,178.24696,401.61563,279.31262,422.4346,630.1167,383.90192,474.99109,136.30098,179.40872,315.44043,277.03473,724.39587,736.677,1224.8552,149.90736,612.40698,845.72266,119.95443,72.8433,960.13129,254.38724,738.25043,107.43159,360.85574,338.35941,511.06323,904.02429,655.49377,403.16534,483.51846,350.35776,652.49127,969.00549,35.407131,144.67859,312.93213,553.64301,998.8631,386.74072,1065.8348,646.0647,133.2979,565.1062,182.41348,257.27817,1302.4097,596.56867,121.06374,650.72308
584.86664,907.24713,104.68117,22.991293,2241.9771,472.68469,93.882904,177.50325,397.48477,267.36276,414.01563,648.44537,366.6387,440.70303,131.62205,178.91931,309.94492,289.58893,755.89154,725.24402,1183.2341,149.29367,607.65979,872.31219,138.72598,66.628021,939.1629,253.81935,706.27527,107.67909,346.66666,356.26694,485.53732,861.78015,660.95209,393.99121,491.46866,354.31207,661.94861,940.28809,35.065918,150.69595,314.06604,554.13995,980.29681,367.80231,1065.8348,634.19196,123.84772,592.24438,182.1656,247.84264,1389.605,601.02167,116.71489,716.32043
582.87378,944.23321,106.27175,25.465143,2446.4248,503.33994,89.057076,178.24696,410.56598,290.26645,399.15872,639.03332,352.66363,448.77069,137.23619,174.26875,308.57098,284.63055,825.1814,706.35474,1229.9011,151.13493,610.68036,842.29169,151.08758,66.628021,920.40173,253.81935,706.74554,110.89713,358.59842,318.56674,482.27881,892.59338,650.03528,420.76971,495.08246,362.61633,664.31171,994.44067,39.246517,147.55649,326.53796,546.18817,980.29681,355.84143,1068.0704,631.71851,132.80057,593.04224,179.93506,252.87492,1357.5968,602.50531,116.71489,703.85693
582.87378,934.98669,106.27175,24.600647,2499.0251,503.33994,88.618423,165.8515,396.10788,305.26901,406.09195,643.49176,337.86667,472.46988,145.81401,172.80028,306.92233,274.81924,818.88238,709.33752,1243.7753,144.69051,628.37531,866.30798,157.03954,77.06971,915.98749,265.1759,681.82373,110.89713,327.31781,329.87668,485.53732,853.92249,646.06574,398.70233,501.58728,351.93948,682.04303,990.33832,37.625416,146.77162,325.74442,564.57654,961.73053,373.78287,1044.2194,647.05389,131.8058,604.61572,175.22598,252.24589,1349.9816,592.61072,135.75597,732.1369
584.86664,960.55078,107.46468,26.669809,2458.3342,547.83978,93.005486,173.53673,429.38452,285.04822,400.18719,609.31085,354.71878,450.78778,174.35281,161.78606,325.33212,300.45496,847.22882,691.93939,1236.8389,157.88612,639.16455,833.71454,155.66603,71.60025,953.50964,270.2865,710.03705,117.08556,365.04816,333.92062,465.98498,825.59106,690.72443,399.69406,495.80514,405.71906,692.6814,1033.8245,40.952843,169.53302,337.87616,590.42004,926.82611,379.7634,1058.3812,629.73987,142.74814,614.59302,178.94363,246.58447,1338.9432,595.57929,149.27284,735.41718
551.98633,984.48285,110.44707,28.509167,2427.5681,544.47736,98.708572,167.83479,426.86008,264.17505,414.55045,574.63477,360.88434,430.66235,170.29779,165.45746,346.76459,294.96912,829.06238,665.59418,1192.2406,151.2883,658.15405,783.1084,158.87091,94.969757,949.0954,251.83194,727.90564,113.86756,349.89148,323.31628,468.42975,835.03497,733.89484,410.60376,497.25067,423.51364,667.85846,1068.2856,44.36562,164.03893,335.04153,584.45624,922.37024,375.27801,1107.5735,612.92041,151.70099,618.58374,177.45654,255.39117,1263.8833,594.58948,143.41307,743.94586
561.95007,957.28705,110.6459,24.830557,2290.6082,498.89011,96.076332,177.7512,373.15832,253.73856,410.09296,609.31085,353.48563,434.19235,156.73029,166.43649,373.14279,279.14468,831.5824,667.58234,1159.5364,148.37302,633.55395,839.71851,167.11204,89.251678,890.60461,245.01808,720.94507,103.47097,324.73795,309.64832,464.62851,792.78613,669.88379,380.6019,471.95438,387.92426,630.03223,1025.6198,42.147331,153.31221,312.97623,529.29059,959.50269,372.28784,1076.2694,626.77179,146.72717,593.84064,167.54282,245.9555,1278.2327,602.50531,137.53545,730.82507
562.94641,937.70618,114.82118,22.071571,2288.6235,447.27057,96.076332,114.28631,344.47147,239.38823,406.62601,607.32935,358.41806,427.13242,149.55647,162.76512,344.01675,277.60193,1014.342,690.9455,1147.6439,147.75929,605.06988,850.86896,164.82292,81.296082,860.88446,252.9677,720.94507,98.52018,283.46045,315.06842,472.03625,775.3894,628.69836,367.70859,440.15356,348.38049,620.57617,988.69751,38.222698,144.41692,310.70828,496.9866,1010.7452,386.74072,1006.2074,643.09662,135.28749,561.91351,153.41566,243.1248,1270.5066,627.14417,132.24556,738.69751
560.95374,984.48285,121.78009,21.381851,2211.2104,447.96274,94.7603,126.68179,343.78308,246.56334,412.56924,608.31995,361.70615,377.71213,153.45537,165.45746,359.40408,268.31702,815.83331,658.63507,1136.7421,143.76999,600.75452,887.75153,157.49734,80.550247,847.63989,244.4503,718.59326,95.549713,290.23254,292.21008,473.66574,726.92749,577.09235,405.64493,422.80768,348.77588,642.44403,1003.4661,36.686924,137.61478,303.90454,484.06494,1001.0909,378.51755,1036.0209,651.50629,134.29271,568.69788,162.58595,238.09245,1289.2715,611.31226,133.42111,711.79968
549.4956,982.85113,122.97302,23.432673,2177.4668,429.66834,95.208908,126.18596,343.78308,248.84642,411.08328,603.86169,352.25253,371.15631,147.84125,160.07275,350.06186,265.57361,991.46979,652.67017,1109.983,142.54246,589.53357,880.0318,152.46114,72.594688,837.15466,239.62373,719.534,92.331764,281.84799,290.0892,475.83923,712.7619,562.70245,416.55453,419.91669,339.28549,617.62079,1001.0048,35.492447,136.82985,307.64664,487.04681,996.88525,373.78287,1020.3688,644.58032,129.31889,552.73462,163.57729,235.26175,1267.1948,605.62183,130.1297,686.2146
589.3501,1016.5739,122.7742,21.538179,2170.5193,474.16806,95.208908,125.19434,364.66705,261.56598,422.97018,623.18127,370.74902,393.34488,152.67581,166.43649,369.57086,269.3721,815.83331,684.98053,1197.1962,145.76466,611.54388,928.92279,151.08758,80.550247,869.16211,245.01808,742.57758,99.510353,289.91,297.86566,486.15906,728.66718,590.98633,427.46445,432.20334,364.59348,652.49127,1042.0295,38.564007,141.53912,325.79028,511.89612,1007.2851,386.24231,1066.58,655.46381,135.78488,574.68433,172.99538,242.18129,1316.8674,621.35858,139.06357,716.39233
575.89911,984.48285,117.80357,25.920364,2089.1379,447.96274,93.453911,123.9548,364.89661,260.91373,419.99841,619.21857,359.44568,400.15283,147.84125,165.94702,351.98511,271.06024,1054.1204,677.02716,1230.892,143.46306,607.65979,886.89398,147.42487,78.561348,847.63989,234.22925,724.70697,91.094032,287.00769,312.71191,470.40677,791.2948,598.9256,425.48074,411.60495,347.58969,596.93512,1026.4402,36.857563,147.0332,290.29675,508.41733,1022.8849,382.75375,1059.1262,651.01135,134.79011,581.86804,170.51692,234.94733,1308.0364,614.4303,143.41307,673.09387
554.47754,1008.4151,123.27126,27.102108,2041.4988,415.32962,94.331406,124.20271,330.24283,263.68588,399.69189,600.88965,353.07461,396.11856,145.34581,167.17082,345.11591,261.14227,844.18231,648.69348,1176.3846,146.68529,595.57538,861.1618,142.84648,69.611343,837.15466,225.99574,713.89032,85.15313,274.59229,298.80835,472.57932,770.41901,555.75537,422.50543,393.53629,313.18658,573.29407,990.33832,35.748432,136.82985,280.09125,495.99262,1064.483,369.79587,1039.0023,638.14966,133.2979,554.72998,168.53421,230.85849,1247.3256,605.62183,139.88641,656.03699
533.63867,951.84808,122.0783,27.883753,1884.6901,393.57434,94.331406,109.82396,323.12854,266.1319,365.51764,574.63477,354.30786,376.45142,128.65895,161.05183,319.83664,245.84286,875.68152,627.8158,1077.2777,147.1456,567.95441,805.83801,140.5573,64.639122,842.67328,217.76225,683.32214,80.202354,257.9845,282.0769,449.76517,770.41901,532.92975,417.79437,390.64535,307.25507,552.01776,924.69879,33.444817,136.30658,279.86429,452.25775,1025.1128,350.60831,995.7727,608.46844,123.84772,525.99573,168.78204,223.939,1178.8882,582.36304,134.94931,636.35565
512.2132,903.43976,120.58713,29.870266,2039.5142,388.38266,88.188927,112.79882,321.52203,242.97582,378.39502,569.68091,334.4046,347.95905,127.72321,151.50613,319.01245,235.50275,815.83331,617.37683,1133.7688,139.47374,544.64954,797.01721,128.19553,63.893257,829.9809,218.61404,681.44116,74.50898,244.44031,280.42734,431.29718,755.508,539.38049,403.66132,368.60159,301.16522,557.92725,912.39124,33.359489,123.48701,266.82361,441.32394,1022.1417,344.87711,952.54321,600.55328,125.83723,498.05978,163.08166,208.21295,1167.8502,567.51697,128.13127,650.78839
525.16797,979.04382,124.56362,28.895401,2040.507,419.53232,85.117622,109.0802,324.96454,264.01199,375.42313,559.77344,344.06476,369.89548,125.85235,153.95373,327.53037,227.80048,984.50855,591.52899,1089.171,139.16684,558.89136,789.29608,124.07501,62.401596,838.8103,232.24187,699.31165,73.271294,263.6279,293.38831,424.77844,794.27716,528.96002,429.44803,389.56125,316.35013,554.38202,970.64636,30.032146,131.85892,279.86429,453.74875,1025.1128,345.87375,959.99652,603.521,119.37133,511.62869,175.47382,216.39043,1129.2166,573.95007,132.59827,627.82733
510.22018,954.56757,125.25951,26.669809,2087.1523,429.17401,85.995087,114.03843,337.35724,267.11032,384.33829,568.69006,337.07657,353.50607,123.20056,149.54817,312.1431,219.14836,806.38287,596.49963,1106.0189,140.39435,566.65991,779.8584,126.82199,60.164085,825.01422,227.13144,701.19299,73.518829,257.9845,272.8865,437.81494,785.33044,497.20264,429.44803,401.12521,328.2132,520.69275,959.15973,27.643209,133.69038,260.81351,436.85117,1071.1689,346.87054,884.71722,619.84613,92.015381,518.81219,170.51692,211.98717,1188.8235,586.32196,135.18437,620.61096
523.17487,979.04382,124.96125,27.819441,2165.5571,402.72147,78.097603,120.48406,345.84836,265.47967,409.59763,596.43121,347.97,378.21637,148.46504,152.9747,328.35452,228.96097,942.74152,626.32477,1156.5635,144.38364,588.23877,849.35107,153.37691,55.440453,901.72137,258.92996,722.82587,72.528679,254.11476,292.68133,457.3703,808.1944,483.80493,440.85364,423.1691,310.26034,533.69537,1046.1322,27.301899,139.18449,265.3494,445.54849,1074.8828,351.60516,932.41907,638.64423,88.53373,564.30817,172.4997,211.35817,1230.7686,596.21936,138.47578,669.15784
505.73584,998.62463,123.27126,26.311193,2032.8317,391.34933,78.97509,109.0802,336.89822,270.01767,396.22492,614.26471,352.6973,388.302,151.5838,138.04434,302.25104,250.80196,806.38287,626.32477,1106.1417,150.36771,590.39679,849.78021,152.00333,53.948788,906.68787,259.78162,699.78174,74.013916,227.18758,287.96838,443.24741,795.27118,476.36176,437.13443,415.21887,267.31586,547.88019,1054.337,27.131241,139.98297,263.08154,425.17197,1045.9122,364.8121,900.36914,623.30872,93.010139,556.32617,178.94363,203.80963,1249.5336,582.85761,133.77379,683.59033
472.3523,974.1485,127.04892,25.676605,1988.165,366.38013,82.485107,115.03004,310.37869,263.35974,391.55594,591.47711,345.50363,373.67777,144.72192,133.6387,279.7197,250.27449,800.08325,611.90894,1045.681,146.22496,571.83893,834.33716,150.62978,51.711288,833.29181,241.04324,683.79242,65.350075,200.8689,263.93167,419.34695,743.08154,497.20264,413.33133,397.51138,236.86705,514.19183,982.95404,24.571751,135.53499,251.17479,427.40842,1043.6835,356.8381,913.78552,598.57452,88.53373,542.91242,169.77342,205.69678,1183.3035,557.12445,127.5435,699.99133
499.25848,1022.0128,124.96125,4.368333,1983.202,375.28009,80.291405,119.98823,320.93887,260.09833,396.50919,593.69153,332.1438,380.98993,147.0611,138.28912,290.76291,239.8288,818.98279,636.36597,1116.0533,134.90117,581.76508,859.21735,152.00333,52.954353,876.33606,268.01498,648.99121,66.835304,216.84161,269.58734,424.23529,772.40729,492.24045,395.72693,400.76392,260.98883,537.83289,1021.6667,23.547934,141.81462,266.48343,467.4158,1045.9122,368.79913,916.76672,607.58087,78.08873,562.0741,178.69583,218.27756,1210.8992,576.91949,134.94931,723.60864
518.19244,1094.6324,122.57537,7.357124,2245.2463,419.03796,80.730118,128.66507,361.57269,256.67389,423.99982,615.49695,348.99771,401.16153,160.62907,148.32431,329.51303,255.12791,866.2323,670.17285,1184.4438,137.35672,592.98621,881.52325,160.24448,65.136345,905.03229,274.8291,702.60358,81.93515,238.62251,290.32477,453.02518,827.57922,524.65625,394.83652,414.85742,287.87851,590.43451,1060.2357,28.325722,134.22667,261.94763,535.75189,1084.5399,373.53369,976.39398,633.30902,89.528481,593.21173,183.15698,235.26175,1322.3859,602.65253,142.82529,768.21924
501.25153,997.79108,115.51708,6.667402,2182.7139,375.03274,75.465088,112.05513,343.89594,262.87061,409.88297,591.21399,339.95416,400.40497,156.41841,146.36621,306.70282,255.12791,969.5918,660.72681,1127.9476,133.21304,568.98145,875.08881,160.24448,59.169647,857.57343,270.57037,693.19794,73.271294,215.22823,272.65094,428.0372,850.44299,498.59732,383.67593,407.99133,263.51236,567.38477,988.02173,25.595573,125.06898,256.27768,502.9505,1080.8257,398.7019,983.97968,645.18353,95.497063,552.09418,177.70444,229.28597,1315.7629,593.25012,135.18437,731.48114
512.71161,1022.8176,123.27126,7.173279,2215.4683,382.8295,77.658913,125.93806,365.47525,257.65228,412.60739,564.94891,327.82782,415.28149,155.17064,154.68811,310.0007,251.85707,868.12189,676.13861,1185.4343,128.68567,585.38599,895.67902,156.58171,63.893257,878.54346,271.98987,683.79242,75.499138,227.16744,277.12824,444.33371,881.25995,528.13086,374.49948,420.27801,270.63428,588.66107,1020.0256,27.472553,127.16218,260.81351,546.82129,1114.2533,397.95429,1007.8339,642.21497,90.025841,542.91242,179.43935,235.89088,1335.632,610.47162,140.47417,742.63348
512.71161,1011.3925,126.25365,6.897309,2168.8171,380.85117,83.801399,120.97986,367.31201,266.80975,400.96732,581.79846,330.29413,439.73956,157.66605,153.46422,310.0007,265.04617,900.88098,672.16144,1199.3114,133.82689,581.93268,922.27527,168.02776,63.396042,881.85461,268.08402,689.43585,72.809212,240.71994,259.92554,445.41995,865.35455,509.26907,397.81262,419.19391,276.01535,552.60846,993.76593,28.325722,141.29126,262.51446,566.70593,1106.8246,411.41037,981.74341,649.14179,92.512772,542.91242,187.86606,250.04425,1355.501,608.49207,141.64973,742.63348
526.66284,1015.7449,125.25951,6.895516,2196.6096,402.86142,91.260193,118.25287,379.24969,267.79602,403.69153,596.66547,335.22693,438.73093,155.49501,167.70927,319.8942,249.91566,927.76996,675.14453,1214.1785,134.44078,589.70331,925.70685,167.11204,66.379417,890.68408,276.60382,702.13348,75.533348,257.1767,268.64465,450.8515,909.59143,537.31366,418.89371,425.23862,267.70633,581.66022,1012.64,29.861502,142.33787,263.69281,596.28381,1120.1962,418.13849,995.16113,652.11047,94.517349,574.84857,193.31865,243.43939,1380.8893,614.4303,144.00082,776.09155
527.16119,935.76929,124.26539,6.989332,2363.3657,417.94705,90.382729,120.28846,384.75922,278.72305,391.30829,588.73621,333.37707,438.73093,164.85306,165.45746,321.26831,269.3721,943.71997,676.13861,1241.9319,135.36163,561.21088,896.53723,177.18463,66.130775,899.51379,272.62799,701.19299,71.818596,262.01691,273.82916,442.16006,936.92902,535.0802,409.22122,428.13138,280.76324,577.81818,944.52905,29.008234,143.90784,264.21551,595.78662,1074.1406,418.66699,995.90662,639.74115,101.97926,523.35168,193.31865,244.12042,1330.113,598.69367,147.88003,776.7478
539.11945,993.98279,124.26539,7.127217,2489.4255,427.3446,90.382729,123.01665,393.02396,276.43982,401.46256,599.63873,337.6933,460.41528,153.46758,164.47838,319.34454,281.40039,963.8794,681.11054,1320.234,135.97546,596.61047,880.6654,173.97981,67.125237,935.38403,277.1716,706.36597,77.762192,268.47061,276.42127,444.33371,953.33142,503.31284,411.20529,426.68503,303.0788,576.34076,981.45654,32.097771,145.47772,276.68915,611.69415,1068.9404,422.65442,1000.3791,638.75153,96.009743,565.2677,191.58371,249.15373,1226.353,595.22961,143.41307,814.79773
557.05688,979.29346,120.54735,10.116108,2471.5581,425.86081,96.086388,133.68135,375.57654,288.99786,406.16827,588.73621,345.29807,437.47024,153.77956,168.6656,341.33038,290.15808,1124.7262,649.78931,1283.5603,144.10947,616.46869,873.37305,170.77486,67.871078,943.66156,283.9873,728.46912,79.2481,269.11597,278.77774,440.53064,957.80481,511.00641,418.64569,437.53299,305.69022,584.61597,958.47919,33.292809,153.58888,288.59595,607.46863,1046.6553,407.95111,1007.8339,654.58417,105.95893,590.41736,192.32729,247.26628,1273.818,597.20886,141.64973,823.98224
568.51685,1008.6723,121.70245,10.57592,2656.1802,437.97888,93.892708,134.42541,389.35077,301.39285,410.6261,587.74524,375.71707,437.05966,153.46758,177.23354,333.91022,294.4841,1004.8291,659.23541,1308.428,158.459,612.58319,876.37543,201.45024,74.583572,987.25769,294.21094,755.27563,88.163528,277.50558,300.22226,450.3085,1021.9234,543.02185,442.20697,454.16629,318.35153,586.38959,967.5061,32.951416,164.83984,303.90454,652.20856,1088.2541,417.17172,1016.0336,648.1521,115.41069,573.25177,205.71086,266.77072,1197.6531,611.95612,144.58858,826.78949
573.00116,1001.0557,121.30469,11.412799,2449.7209,419.43079,93.892708,127.48093,381.31567,296.17389,411.40814,650.18677,384.34961,432.01559,139.27512,174.7856,347.65143,292.37369,1061.5277,642.33191,1229.1293,158.07539,613.8783,931.71222,189.54628,79.804443,959.66534,289.95111,744.9292,83.705803,270.89069,277.12824,451.39459,986.6333,529.8681,431.54239,445.84958,287.48956,585.79846,960.12079,32.866035,158.30438,303.67773,624.3703,1080.8257,374.80658,986.216,636.27753,117.40054,563.6709,202.73673,253.87257,1217.7483,613.44086,147.52739,814.97815
570.01141,1028.2583,124.2876,14.631596,2454.6836,440.20465,94.77021,128.47304,394.86032,309.54727,414.13257,649.69122,395.65408,453.95685,145.98128,174.05118,367.16376,289.63049,1058.3778,651.28076,1194.4362,155.69661,622.51251,943.72345,206.02855,88.008629,969.59857,290.51914,766.56238,85.439362,288.79938,269.58734,428.58038,959.2959,565.85474,461.30386,454.52801,300.7048,592.30023,981.45654,42.256329,167.72421,307.07962,667.12189,1111.2819,368.82565,994.41596,627.86658,114.91322,583.23175,210.66775,257.01849,1201.1875,606.51233,155.75597,830.72668
547.09149,1089.736,126.27621,13.242983,2674.0471,430.31235,92.137695,146.82632,403.81363,319.00653,425.5264,660.09827,422.57892,461.52283,158.45816,180.41597,398.76852,301.65878,1080.6074,676.63611,1246.9717,167.59058,635.46338,905.54547,232.5834,89.500298,1044.0984,316.07806,770.32483,85.191711,296.38245,268.23297,436.02267,965.96027,600.59998,482.13705,488.15646,291.44623,650.2309,1043.8237,44.731987,185.51708,294.72745,712.11035,1069.6835,372.31451,1040.6328,625.88739,135.3091,596.40527,226.58719,269.28744,1237.6206,602.15765,151.05392,849.09949
529.15411,1042.4032,125.77904,14.898292,2610.521,437.23694,96.963928,140.12984,425.85226,305.14383,434.93842,645.23114,418.0574,453.45239,150.34798,175.52006,379.25604,292.9809,1034.6105,672.16144,1220.2083,165.74892,628.98767,887.95782,231.66771,82.539162,983.39484,314.65811,763.74054,87.172913,288.96085,280.01822,433.30631,961.98328,588.68713,466.26416,477.6702,296.74817,632.79285,992.94513,42.34169,178.97559,296.99637,685.76361,1065.2261,374.80658,1021.2516,626.38238,135.3091,608.38123,205.26721,266.14145,1207.8116,606.51233,143.78291,872.72235
550.57935,1048.9321,125.28192,13.564811,2546.0022,447.12906,103.10639,137.40166,425.16354,308.24264,429.98471,664.06262,411.89117,440.84256,149.72412,178.94722,374.30908,290.23682,1017.5984,695.52795,1245.9799,167.66725,635.46338,935.1441,229.83635,84.528053,1015.5987,312.67023,771.2652,89.401802,295.57571,289.21078,442.27048,1012.1954,584.96466,478.41684,468.63034,310.83365,620.67413,987.20099,45.073467,176.09738,297.22336,654.69415,1042.941,368.82565,1047.3418,641.72028,131.82684,613.57111,203.77974,264.25391,1230.9967,617.89459,144.60605,891.0954
533.14008,1009.2164,121.30469,12.838303,2463.6174,419.43079,101.35139,141.86598,414.83301,287.69305,419.58176,686.85901,391.95441,431.00671,145.20163,170.62395,365.24005,275.9888,1015.843,654.26373,1236.0675,153.62474,620.78558,933.42822,216.55893,90.743347,985.79309,317.7818,740.69665,84.448761,279.44171,296.51767,443.35809,1021.1444,570.32178,471.22452,462.8447,292.00006,617.42358,940.42578,44.219738,172.43401,292.45856,630.33575,1018.8241,357.6113,1051.8147,619.45526,115.41069,595.2077,195.35092,275.57913,1077.5359,586.81671,143.19518,887.15814
528.15759,1004.8638,123.2933,13.518852,2469.5732,423.88232,99.157722,144.59415,408.63455,295.6846,407.94052,657.12469,390.72107,435.29419,139.74278,169.88965,369.91199,282.53229,1026.4198,655.75531,1227.147,157.30792,611.28809,913.69562,219.76384,89.748909,968.13062,311.53418,737.63757,84.696434,278.31232,299.81741,437.38089,1015.1782,561.38715,478.91278,459.22876,291.2088,581.36505,948.63177,45.414871,174.00404,283.04275,621.3877,1004.7045,347.14475,1074.9232,616.98145,115.41069,586.82471,198.82158,272.43332,1054.3513,566.81897,140.256,921.93585
531.64557,1060.3568,128.26482,14.484441,2521.1882,445.15073,95.647697,145.3382,413.2258,301.22967,402.98676,663.07172,400.79245,442.10358,131.63252,168.91049,367.4386,302.26834,916.78406,634.3775,1178.5762,157.76839,637.19037,874.23108,232.12564,92.483612,993.52051,269.36215,757.39563,89.401802,298.80249,307.83145,430.31827,1056.9392,561.13898,471.72043,459.22876,328.00552,582.54749,995.40698,47.805157,188.39537,281.341,633.81555,1032.2003,364.09076,1119.6497,629.35095,124.36494,615.56696,201.79646,270.23117,1076.4319,573.25568,138.49251,909.46838
527.16119,1085.9276,133.23631,11.788065,2412.0029,471.85974,100.05203,141.86598,412.53723,295.65137,410.41745,645.23114,419.29056,437.81616,131.47694,169.88965,361.66727,298.4689,960.8902,633.383,1157.7607,156.54063,659.20691,860.60321,233.49916,92.235031,988.00079,276.5683,750.33911,88.411171,293.47836,299.34607,414.01776,1079.8079,587.19843,482.13705,459.22876,331.56653,597.02954,1014.2812,47.463654,186.56374,298.35767,618.90216,1018.0808,364.83826,1065.9785,617.97101,129.33955,618.7605,198.32576,273.06247,1111.7605,565.33344,136.96416,923.90436
533.63867,1163.7269,133.93239,11.300634,2475.5286,491.89154,97.41909,144.34613,423.55664,296.17389,412.15125,649.1955,416.61859,435.79855,149.4127,172.0928,372.93524,294.56393,948.28845,626.42285,1204.3484,162.0656,645.39227,834.86188,237.16183,95.218369,981.9295,287.2533,763.04083,96.088333,296.2211,297.93182,426.51428,1148.9116,564.86188,492.05746,466.46069,342.64526,588.75415,1095.522,48.402679,188.13371,305.73154,610.20288,1018.8241,361.8479,1097.2865,623.90814,113.91831,623.15198,204.77132,274.32083,1128.3214,569.29462,139.66817,956.71344
527.16119,1175.6959,143.17932,12.746283,2412.0029,495.35376,97.857887,151.2906,421.03137,324.22565,413.63736,638.7887,410.52725,431.25906,151.44012,177.72316,361.11764,301.74075,893.47009,629.90277,1147.8485,160.99132,660.07019,840.86829,245.86081,97.455879,985.79309,269.36215,771.979,99.06012,296.2211,287.56085,410.21475,1124.0537,572.30756,532.73157,462.8447,330.61697,560.38013,1061.8772,50.878334,194.41353,299.49203,656.18555,991.32831,372.81296,1069.7052,610.05481,114.91322,627.54297,216.67094,265.82696,1116.1769,540.67627,135.20068,951.46435
543.15301,1196.9144,143.27881,12.990042,2471.5581,478.04233,91.714333,155.50693,440.77432,314.27698,431.71848,637.30206,399.01535,424.19754,146.60513,173.80637,368.53805,301.10751,916.78406,652.27496,1181.6376,162.75621,665.68243,846.01654,254.55986,97.704468,1000.144,265.88324,768.68603,96.088333,283.79785,288.03235,422.16803,1093.7277,566.84723,506.44226,460.31351,317.56003,581.66022,1057.7734,49.256405,182.63881,324.79019,641.27228,988.35608,418.66699,1050.3241,619.9502,111.92847,639.11993,217.16675,280.61261,1158.1306,538.20087,139.08032,980.33624
540.66144,1252.9515,150.33832,13.417658,2573.7952,506.48254,96.54142,170.13998,445.36581,326.18274,432.21378,636.42487,402.30444,448.15634,146.9171,174.05118,392.44754,297.83575,932.53565,653.26947,1228.2296,170.35306,704.53577,838.29449,251.81279,106.90312,1054.7876,275.32593,792.67798,101.04134,280.73245,293.68915,422.71124,1078.3162,597.21967,543.64417,471.16147,338.13467,584.0249,1065.9801,51.305199,184.20882,328.19345,696.69977,996.53027,398.48123,1067.4689,618.466,124.37846,680.23749,227.08304,274.32083,1169.1704,523.84198,144.37076,976.39917
527.20727,1306.8123,148.74742,13.104996,2384.2102,516.17688,97.857887,168.40379,433.26074,332.26797,432.99683,647.32959,412.58304,453.95685,149.10082,175.76483,403.44049,304.37924,935.68646,681.11054,1205.4292,164.52115,701.94531,863.17719,252.72841,109.63786,1066.3787,273.33798,811.49512,102.03194,278.54074,295.57489,431.94824,1088.2593,624.02747,550.58868,478.39337,349.76718,587.60992,1154.7715,55.658901,187.34871,326.4917,705.89667,970.52094,392.26874,1080.8867,635.78284,130.84618,678.31842,234.02441,271.48962,1158.1306,527.80304,139.08032,1012.489
516.24451,1286.8943,155.11093,12.773898,2412.1482,496.09573,97.41909,169.39592,422.46942,339.23004,425.07013,633.45123,408.47147,464.04483,150.50424,174.05118,385.05603,322.42658,929.38562,674.15027,1196.5078,168.3579,702.0705,847.73254,252.72841,101.93091,1083.4897,270.35608,804.43897,98.564842,267.88977,287.08936,420.80984,1069.8647,613.6023,567.45343,478.39337,345.46439,573.42169,1141.6403,57.963814,176.88237,312.87857,704.65375,951.19977,404.72949,1049.5781,623.41382,130.34865,675.52368,226.09137,271.80411,1136.0499,457.49539,136.14114,979.67999
508.7699,1309.7478,175.09639,14.990314,2630.5317,514.39654,97.857887,176.58841,430.27591,345.75372,437.45551,627.50317,426.76749,472.61954,161.5777,178.70238,382.30759,322.42658,936.94678,651.28076,1263.9165,174.11317,706.81995,832.28802,254.10194,105.66006,1127.0939,267.37412,812.90674,102.03194,269.82623,292.7464,413.20279,1135.4884,626.26135,573.65375,461.75986,374.3519,612.73352,1140.8192,61.805248,194.67513,309.70215,739.20294,983.15418,416.69193,1081.6321,606.09656,125.87103,673.1283,240.22209,281.55633,1150.4016,452.18768,139.90328,967.86865
533.18677,1284.7174,182.95142,15.404169,2637.4795,504.75146,96.54142,174.10822,441.75598,338.51105,434.73071,625.52069,418.13358,467.07111,150.03603,185.55667,374.06232,317.57172,939.46716,659.73254,1261.9336,174.65018,694.73023,840.01056,266.46362,96.212814,1091.2166,269.11352,811.02478,97.078949,279.50912,291.56784,471.78751,1134.4938,591.75885,547.18127,461.75986,360.10599,588.49622,1123.5837,59.756474,183.94716,316.50873,714.59613,986.12659,408.71701,1054.7964,599.89374,119.40334,672.729,238.73465,282.50009,1184.6268,453.53449,144.01811,963.93152
547.13934,1283.6295,175.9052,18.622862,2624.5752,512.66547,97.41909,189.73332,456.90979,337.92535,418.13419,632.95538,419.36691,478.67221,161.89809,187.75993,393.57614,311.02823,933.16614,658.73828,1255.986,174.95718,699.91168,835.72003,281.57245,101.93091,1083.4897,279.30158,819.02222,99.075241,279.50912,296.9892,429.23059,1108.642,622.04187,527.83404,488.15646,367.22885,600.02435,1153.951,60.780865,180.02226,332.73129,760.57855,986.12659,401.98807,1055.542,607.81305,125.3735,681.11322,239.23048,305.15051,1180.2104,453.53449,145.19368,973.77423
534.18366,1197.1111,177.99342,13.334905,2533.251,486.20343,88.642609,169.64392,431.1943,333.06314,411.69373,644.35559,408.67709,472.11523,159.24667,181.15037,383.40701,301.10751,919.93378,654.41614,1254.0031,165.05829,696.45703,846.87488,254.10194,95.218369,1038.7808,265.38635,786.09198,94.121437,271.27875,296.04627,487.8851,1133.4998,577.85834,533.29089,488.35681,336.75833,569.87482,1066.9535,55.829556,166.93919,312.53815,694.51514,1003.9615,393.76392,1004.1066,603.85321,125.3735,684.30707,235.01602,303.26297,1168.0671,463.55371,144.01811,921.93585
536.67505,1268.9379,176.00461,14.714347,2692.0754,489.25738,91.275543,179.31659,462.87967,340.53461,424.82242,642.37286,414.63864,453.70465,160.49388,183.36981,399.07306,319.68268,921.19385,654.41614,1286.7164,166.60831,725.38648,839.15228,257.30682,97.20726,1066.3787,272.62668,810.5545,97.341423,286.77106,294.63208,428.14395,1142.4485,588.77997,539.24408,488.35681,347.44287,574.60431,1117.8385,59.244225,187.08704,308.56757,725.08978,1004.7045,420.18097,1057.0328,605.33844,126.86604,711.85504,248.92346,305.17648,1161.4424,454.41074,144.9586,952.12024
543.15301,1285.262,177.99342,13.794718,2669.2451,483.8157,90.836685,185.02098,472.0636,353.33957,429.77649,633.45123,433.7568,452.69583,166.88901,183.12497,388.35428,313.77225,1087.1184,643.97327,1274.8206,174.74303,734.45355,831.85883,274.7049,112.62119,1081.8334,275.11172,850.0705,98.579849,273.69937,282.13946,418.36395,1162.3341,603.92163,550.65399,488.35681,346.09735,586.42743,1168.7239,61.207634,195.46013,302.66846,736.77277,1002.4752,443.85678,1062.2509,598.40881,135.32381,737.80609,253.13831,300.14258,1157.0265,450.70425,147.19237,963.2757
549.13263,1299.4093,183.95964,15.174159,2749.6499,496.67792,93.469627,178.32451,473.67078,358.85269,422.34515,637.41656,435.81265,472.11523,154.72345,183.36981,394.12588,317.57172,979.79291,681.76648,1270.8552,184.48941,731.86292,840.01056,290.72934,115.35592,1114.9508,281.07626,866.53577,103.03824,272.56982,282.37527,415.37592,1189.1801,615.33954,529.81836,488.35681,362.48038,580.51538,1190.0634,62.744274,195.46013,310.83649,778.28461,1024.7684,448.5918,1059.2692,602.36847,151.74173,757.76843,247.18799,301.08646,1157.0265,454.65832,146.36934,994.77197
535.18024,1252.6127,186.94278,14.438478,2809.2085,475.40585,92.153206,169.92555,464.48663,326.58633,409.71216,640.39056,427.79526,462.53152,151.6037,183.36981,382.58234,292.45313,989.24371,677.29102,1241.1165,176.58487,729.2724,847.30347,287.52441,111.37815,1070.7946,270.38989,853.36377,102.54288,267.24429,270.82565,416.73413,1164.323,591.26221,481.20215,467.37555,352.19153,555.68793,1128.5082,61.13311,177.66731,311.97101,750.69287,1038.1451,452.33005,1026.717,615.73236,138.80643,744.19397,224.62613,295.73801,1090.7841,461.08304,141.43166,971.14941
546.64111,1312.4689,208.42131,14.484441,2747.6641,478.37408,90.397911,181.58462,456.45065,319.73477,405.25333,706.31305,425.32831,464.04483,154.25507,180.67679,373.51267,286.96497,999.95581,689.22552,1251.0298,182.80101,764.24622,838.29449,273.78922,116.59901,1084.0414,280.82773,847.71863,103.03824,264.17807,271.29715,408.85663,1173.2716,605.65912,460.86273,467.73733,361.92624,541.5,1172.8275,64.804466,195.19846,321.38678,745.2243,1052.2645,466.78467,1046.1028,607.31824,154.22932,752.57819,222.1469,297.31101,1109.5531,465.77792,145.54643,985.58563
570.06128,1379.9424,196.88654,15.799579,2746.6714,495.68838,101.80733,179.104,461.50177,341.80304,418.3819,699.86938,436.01822,468.07996,146.45639,188.7558,380.38358,299.52445,976.03619,717.07306,1295.7303,186.63814,786.69873,837.00751,271.04215,113.11842,1108.3271,280.82773,867.94733,106.25819,267.24429,267.7615,419.9949,1148.4138,665.23224,477.72952,465.92871,384.48236,552.73163,1199.0909,64.036026,198.86173,336.70178,758.89594,1063.4111,480.99014,1047.594,610.78259,154.47806,768.5481,240.98967,302.34494,1145.986,479.36801,147.89781,1000.6777
584.01404,1391.9137,195.89217,15.220223,2824.0984,511.0242,104.0014,175.38301,447.49603,324.30893,415.4093,698.87817,437.66278,472.61954,141.62184,186.06279,388.07941,282.00455,929.76276,723.04028,1378.0146,188.71017,781.51758,880.76685,262.34305,113.36704,1140.3409,284.55548,888.17584,104.27667,262.72559,269.64722,415.10425,1145.4309,672.927,433.57791,456.16156,382.10803,556.86908,1188.4221,63.267643,194.41353,330.46228,727.82422,1060.4386,458.31137,1049.085,615.73236,160.44826,744.19397,230.82448,310.21045,1143.9164,479.86215,149.66132,990.258
568.06836,1330.9696,187.04225,14.04307,2670.2378,466.99594,109.70616,170.66977,446.11853,310.59955,407.52008,705.81732,455.75326,464.04483,148.95222,186.06279,381.20828,281.16028,924.62054,710.11114,1355.2128,189.86137,759.06506,916.37518,255.70439,114.85871,1125.99,272.12955,901.34796,99.818291,257.40002,254.60159,434.66449,1133.4998,652.57312,440.0271,433.00983,357.57336,544.15979,1126.8668,59.766994,186.30208,342.03363,651.26349,1071.5858,452.33005,1015.5322,644.44019,155.2243,726.62701,230.3286,299.82816,1124.041,487.02759,154.95178,947.6029
566.07507,1333.146,189.9259,14.691416,2619.6123,458.09134,113.21674,172.90234,470.68601,320.38739,402.06992,723.16528,455.75326,447.69846,155.97118,185.32832,384.23154,289.70917,942.73279,721.05139,1299.6959,190.62865,760.79193,913.8006,258.68045,122.31705,1113.8469,274.11764,903.22974,98.579849,265.30774,253.18706,427.05765,1108.642,643.38849,462.35083,441.69177,353.22034,566.32855,1139.9984,60.876949,189.70369,340.67236,646.29187,1073.8152,445.10281,993.16406,645.92487,159.20447,732.21668,237.02274,313.04187,1115.2081,488.75763,156.95038,946.94647
567.56976,1344.0287,194.6989,15.542052,2646.4136,463.03842,110.14503,163.47584,460.12418,334.09027,412.22708,747.45233,452.25839,445.17621,156.59457,192.18329,397.42404,283.1655,946.16083,730.00238,1268.9634,195.69379,757.39459,935.25165,272.87351,128.28372,1111.6388,288.7804,903.22974,98.332184,264.33954,260.25937,420.62036,1123.6663,633.45978,469.29608,442.4151,363.27167,547.70703,1202.374,60.36462,189.44203,328.2392,681.58929,1077.5308,468.03076,981.23407,647.41009,155.2243,729.42194,240.98967,309.58102,1101.9578,492.21652,159.90871,947.6029
563.08514,1272.2021,184.95403,14.714347,2551.1194,457.59665,110.14503,164.22002,437.39349,329.19623,430.06375,741.5047,465.62057,429.79044,152.38385,200.99675,394.67557,270.01248,938.44769,717.07306,1249.1355,200.37508,756.09937,932.67737,278.59647,125.549,1070.8807,280.33075,926.84314,94.864555,261.11182,261.67386,418.17407,1080.9071,621.54523,460.36649,447.84131,366.27911,531.74524,1178.5728,59.937767,185.77881,328.46612,627.89752,1128.8064,468.5292,981.97955,652.85468,153.48303,727.82501,243.46898,308.63721,1096.4371,497.65295,160.84941,925.29077
573.05133,1291.7915,199.37254,14.254533,2605.7151,476.3952,109.26739,162.97969,453.69534,343.55179,447.65274,749.93085,476.31036,410.87366,148.95222,205.64833,407.8682,280.99036,921.30719,719.55933,1244.1783,194.92633,761.71258,947.26434,297.59674,119.83096,1063.1523,276.10577,926.84314,96.350677,282.09109,266.38861,430.67294,1093.8342,602.1839,504.02194,449.28839,371.42355,526.42456,1207.2985,57.97401,177.92905,343.55624,625.41174,1113.944,452.0809,958.11969,655.82428,154.72682,729.42194,254.87383,310.83963,1117.4169,485.79273,159.90871,929.22821
575.04443,1308.1158,211.20555,14.180953,2643.436,479.3634,105.32836,164.96429,451.16971,347.79318,446.90958,760.33954,479.80499,425.755,147.70438,206.92148,415.01407,264.26184,923.02118,729.00757,1247.1528,198.91693,759.98547,943.83203,285.69305,120.32817,1070.8807,276.60294,934.37103,96.598358,285.1575,269.68921,434.20612,1090.8513,615.58789,524.11334,449.28839,340.16171,542.68225,1231.9204,59.425423,183.16214,343.44046,622.42883,1108.2604,455.32065,964.08484,664.23859,157.21439,736.20904,258.34494,313.67102,1122.9371,485.43869,163.201,939.07172
587.5022,1323.3518,210.8078,14.714347,2690.0901,492.7204,105.32836,168.18904,462.87967,359.31021,450.62567,765.2962,487.20569,428.0249,152.38385,207.11729,418.31219,278.7738,936.73358,742.4342,1287.7992,199.53096,766.89441,952.41211,292.78958,122.06845,1068.6722,279.83371,936.72339,100.80904,293.5491,272.75375,439.91177,1139.5763,623.53076,533.29089,474.2489,381.47479,552.14081,1277.0609,60.791557,185.25543,356.60425,634.36054,1133.5328,464.04324,984.96222,671.16821,161.1945,743.39563,260.82416,322.79495,1149.4377,490.38162,164.37676,945.63422
592.48517,1295.0565,214.78536,14.760409,2585.8613,494.20447,111.4725,166.70068,472.0636,339.96292,430.3114,751.91363,505.2959,412.38711,149.10854,206.38281,406.21918,289.43494,958.15942,705.6355,1211.4629,204.44243,757.82636,957.56012,290.27155,131.51573,1054.3204,289.27737,961.18835,100.31368,297.09936,261.43805,430.9458,1252.9379,626.50971,515.92804,498.48578,379.33792,539.13507,1206.4778,59.596222,199.12343,343.21585,697.00104,1075.5552,452.0809,932.02307,643.94519,161.1945,728.62353,253.13831,326.57028,1162.6879,476.53992,174.37108,957.44623
570.55981,1324.4399,215.77971,15.790404,2536.23,506.57187,112.35023,168.68515,492.26865,345.83569,429.07269,740.0177,496.66196,424.74603,153.47551,199.52794,419.68631,303.89609,979.58533,700.66296,1216.4197,198.14952,744.87225,935.25165,315.68158,141.95743,1059.8406,285.30112,955.07202,107.74432,305.8139,255.30873,435.56455,1258.9039,651.82837,535.27539,499.20926,401.10272,580.81158,1211.4023,61.474579,217.43961,331.30264,707.93829,1051.7699,464.2926,954.39191,632.56122,166.16966,739.00384,254.87383,312.09808,1166.6624,471.59717,169.66791,941.04053
577.13428,1337.4995,228.10996,18.392956,2615.6416,514.73438,112.35023,168.68515,466.09396,344.53055,434.5228,763.31372,488.85037,431.30389,159.86999,198.30379,401.82138,293.76279,1011.2955,719.06219,1189.653,191.70309,747.4632,912.08478,311.10318,132.26155,1030.0325,273.62064,945.66248,106.50589,304.84564,259.31638,428.49948,1282.7698,606.15558,540.23614,501.01807,394.37537,557.75653,1185.9591,60.876949,210.89807,323.70084,682.08661,1051.7699,474.51047,932.02307,645.92487,170.39851,722.23554,250.90691,302.97409,1182.1206,476.04553,170.25577,981.72693
561.18567,1359.265,238.45151,24.232758,2582.8843,507.06656,121.56652,163.22778,454.61377,332.78513,424.36591,758.35687,476.9617,438.87048,160.02622,199.52794,404.84485,281.51816,1032.7213,716.07849,1169.8254,186.94511,730.62268,928.64252,302.17529,139.71989,1021.2003,276.10577,941.8985,98.084488,296.93793,255.07306,426.05423,1278.7915,611.12006,528.82617,494.1449,380.68344,556.86908,1198.2708,63.011478,204.61833,317.12009,654.24622,1048.7959,477.5011,954.39191,633.55102,166.16966,715.44836,240.49377,300.14258,1168.8706,472.0914,161.67242,960.07123
563.17932,1330.9696,227.11556,31.038244,2615.6416,530.31726,118.05555,158.26646,467.47153,339.96292,417.18164,792.06183,498.34277,435.08722,161.89809,203.20013,409.24237,286.47934,1028.436,719.55933,1183.7042,194.31244,733.21326,961.25647,318.65759,135.74216,1016.7844,283.3129,972.47961,100.06601,293.06482,262.8526,437.73807,1309.618,595.23395,546.68512,495.23007,389.62656,559.23419,1137.5363,61.816124,204.09505,325.4028,651.76062,1056.2295,500.67834,929.78625,647.41009,164.17958,716.24689,252.39452,304.23254,1188.7452,474.06842,158.49773,959.41504
586.60364,1383.2073,233.67853,29.428793,2580.8987,533.03821,114.98344,173.64658,454.61377,347.46689,411.73145,789.58356,519.31281,447.95056,162.83401,209.3206,400.17242,288.59042,1032.7213,710.11114,1101.4203,199.53096,742.71344,961.25647,322.54919,139.47128,1026.7208,289.27737,1003.0611,98.579849,294.0332,259.552,443.71637,1330.5004,580.83722,554.37445,495.23007,393.34644,542.38623,1191.7042,74.196411,208.28159,325.06229,691.03528,1065.8921,511.89301,972.28644,649.38965,173.13483,728.22406,259.33667,313.04187,1228.9368,485.43869,159.90871,990.91418
596.57141,1416.944,250.18514,31.130169,2524.3171,556.78381,108.40049,176.37527,466.32352,357.58096,420.64999,794.54004,518.90161,451.48187,174.84331,210.7896,400.17242,301.46829,1019.8654,723.53772,1115.2993,197.99602,750.48572,954.39081,333.53748,140.21709,1044.3849,302.69751,1019.9981,102.04751,302.42493,281.0047,458.38885,1378.2313,618.56659,558.59137,512.23193,409.17532,595.8858,1196.629,74.964905,207.24657,337.88324,709.92664,1092.6512,504.66574,964.83044,663.24872,174.12985,738.20514,264.79114,319.96329,1271.9996,496.80829,162.84825,1008.6327
584.11169,1461.5636,243.02562,29.340561,2533.5415,558.02039,112.35023,188.77861,444.28159,365.24811,428.86249,814.862,530.41449,449.96857,170.632,210.05512,402.92081,300.62381,1058.4324,740.94226,1111.4751,204.13548,756.09937,994.72931,341.54971,137.731,1014.5765,297.72705,1036.9354,99.075241,289.03049,276.28989,468.44266,1383.2035,615.58789,566.52869,538.63965,389.62656,586.13147,1182.6763,75.135666,201.75139,339.58527,674.13214,1101.5708,511.64383,993.16406,677.60278,179.10501,741,268.26215,324.05328,1242.1874,499.27954,157.90988,969.91486
583.11493,1519.2426,232.68407,28.049353,2639.7681,585.229,113.22797,198.94937,457.94974,368.5108,441.00235,792.06183,538.63794,469.38971,189.03711,222.0513,406.76874,308.32953,1035.2927,725.02942,1115.4415,207.81911,728.46356,1005.0283,344.29672,134.99628,1008.5043,303.19452,1031.7605,102.04751,293.38776,275.34683,467.89926,1403.0914,608.14124,613.16058,542.25702,398.49081,582.88031,1183.4972,79.404739,201.75139,337.3161,730.30963,1110.4905,543.29437,987.1991,673.14789,184.82643,765.91876,274.95642,316.81723,1234.0166,504.71759,161.08453,958.10272
602.05383,1444.1512,213.59209,27.865412,2667.5652,546.39514,112.78915,194.73221,446.69623,358.8862,441.74564,796.77905,543.98297,465.1019,187.32089,218.62378,397.97369,315.9295,1011.2955,739.55475,1081.7305,211.04227,734.50855,1012.7527,333.30856,125.79765,1005.1925,296.48456,1021.4092,98.084488,279.34766,266.86008,455.12747,1378.2313,601.68756,627.0509,536.10742,383.69086,561.59875,1124.4045,73.001137,191.80774,328.46612,705.94958,1109.7474,523.85541,976.76031,661.37671,187.06523,745.95215,275.45218,320.59268,1225.6245,512.6272,156.96925,935.79065
614.01514,1434.4557,212.3988,29.290915,2581.1946,530.81207,111.91144,190.51503,443.71057,392.49075,448.43503,829.00726,534.93738,477.46094,188.10115,224.74431,395.22531,306.11279,1019.8654,716.17963,1064.8743,205.36339,706.87299,1053.9491,321.86246,122.06845,969.8645,293.00522,1001.179,92.635323,264.01666,273.93237,471.97464,1382.2087,596.22662,674.79584,558.17383,353.37872,568.98846,1105.6737,73.35865,183.9575,337.3161,671.64648,1106.0308,537.06409,966.32159,678.70319,184.82643,727.98212,292.55951,324.68259,1205.7495,519.05359,153.20668,933.16559
606.04089,1388.7443,207.82475,27.359629,2497.802,521.90735,104.45062,198.94937,441.41403,400.97348,431.58771,803.72064,522.1911,453.7518,186.07364,217.39967,392.75171,287.53479,1039.5774,715.68207,1070.8237,203.21455,700.50738,1015.3276,297.59674,130.76985,977.04034,282.31879,1002.1199,95.855278,264.48297,263.55978,459.74725,1385.1919,616.58087,686.70404,537.55438,352.28879,558.34772,1093.361,75.664474,187.88264,296.6973,674.13214,1091.9077,529.33844,948.55518,665.33728,173.39766,719.1969,290.0802,313.04187,1170.4166,506.69473,152.03093,937.75934
618.9989,1470.3717,218.16621,22.991293,2535.5271,551.74786,100.50079,205.8952,449.45218,415.65524,459.08847,823.05743,535.75971,451.73392,192.15611,229.15103,393.57614,295.13486,1049.8618,719.1637,1057.9341,210.5818,707.41724,1039.3591,320.94684,130.27269,976.48846,288.28336,1039.7579,95.855278,272.71771,267.80313,469.52942,1391.1587,640.90656,713.00116,531.40454,370.49701,579.33417,1156.5656,77.799469,195.47115,300.66852,695.64557,1153.6023,554.75861,984.34973,677.7132,183.34876,741.9588,295.53464,311.46872,1189.1876,513.61572,155.7935,964.66498
621.49072,1459.4884,212.79657,22.531387,2577.2234,548.28394,100.50079,213.3372,447.15567,412.39267,477.91788,804.71198,538.22675,452.99509,193.88846,226.89876,393.02652,282.1958,1090.9993,730.10541,1098.5857,217.79568,708.28088,1028.2014,319.80228,126.79208,986.97662,283.37295,1070.8101,93.905556,270.13428,259.552,464.63785,1399.1136,619.06305,686.20789,556.72687,336.93057,584.95001,1140.97,78.995071,185.00417,308.56076,686.69513,1140.9658,568.71466,998.51843,673.25757,185.09019,725.98554,295.53464,315.87344,1186.9788,523.00787,155.5583,973.85223
613.01825,1415.954,202.05731,25.060465,2657.6377,540.36652,99.184212,210.36044,449.68192,404.23621,492.53531,830.49481,515.20117,466.11075,195.60478,229.39583,391.92719,279.82916,1087.5713,762.43298,1154.1097,201.37271,706.55371,1066.8234,349.79092,129.27824,994.70416,284.61581,1018.116,94.401108,268.35803,249.41522,471.97464,1368.2875,647.51111,646.01788,524.44757,357.83038,619.82819,1109.7778,77.714073,181.86412,312.92212,659.84418,1150.6285,573.2005,994.78967,687.11902,182.10489,707.2168,279.66705,316.81723,1214.5828,534.87158,158.14504,984.35193
621.98956,1336.5035,197.88092,29.428793,2635.7974,554.71668,95.014961,213.83337,467.82532,422.18048,486.58926,842.39435,526.71393,479.22647,194.66879,225.96843,391.37741,300.62381,1109.8533,763.92499,1162.042,205.55089,722.10156,1089.1384,345.2124,127.28931,1017.8885,289.83597,1028.4668,94.896622,277.23883,266.38861,535.04553,1407.0686,665.88385,673.80347,531.32434,368.51776,633.42377,1056.423,78.568047,189.97604,321.65863,667.30267,1169.2109,593.63654,1051.4645,682.16852,186.0853,716.40167,294.04697,322.16556,1245.5004,538.82684,161.67242,994.1955
622.48755,1235.2866,186.94278,27.359629,2617.9268,545.31488,93.040085,208.17938,467.13644,410.10883,483.1207,847.84827,534.11505,475.44311,193.42079,213.97232,390.27808,301.15167,1101.2839,752.4859,1157.0847,204.93687,697.91596,1071.9731,332.39288,122.81906,985.32062,281.63293,1031.2893,92.666664,272.23328,260.49506,464.91068,1387.1812,653.46979,650.97937,521.19,350.70538,620.71423,1015.381,79.080521,180.81738,315.98569,629.01471,1164.0078,570.73907,1041.7698,675.73279,179.11951,690.04553,279.66705,313.04187,1174.8328,532.40002,161.08453,977.78961
625.47809,1224.4031,183.95964,27.129723,2647.71,527.0058,95.014961,204.95375,459.32782,415.04758,496.00388,827.02399,519.72406,467.62421,188.11742,217.68007,380.38358,295.13486,1061.0031,757.45929,1184.8466,202.3271,701.37122,1057.3822,322.54919,120.08426,976.48846,284.86435,1017.175,91.180031,268.03522,261.20239,461.92096,1348.3997,660.42157,634.10962,494.04471,348.33051,619.33545,1030.1559,78.653465,177.67728,310.31265,603.65533,1205.6331,586.69,1036.55,678.20782,175.1391,678.86444,275.94803,312.78555,1165.9994,554.64569,164.02405,1009.9453
614.01514,1173.2498,174.21478,24.600647,2647.71,506.71726,95.234352,194.78047,457.2609,385.02835,491.29666,815.12421,516.84564,482.61148,183.5938,215.72121,376.53586,290.49054,1065.2882,749.99915,1167.9911,198.79639,697.48438,1066.8234,322.7782,112.37698,942.2644,280.14151,1006.8245,89.445641,273.68649,265.91727,458.93234,1399.1136,651.4837,595.40826,469.43304,339.22638,612.53601,994.86005,74.468834,177.93903,306.90878,600.1745,1221.9857,575.72388,1045.4984,672.76263,165.93437,686.85101,256.60947,309.00943,1146.1248,540.80377,157.90988,988.94574
624.48114,1232.0216,179.0136,22.761293,2554.3896,514.13983,97.428749,197.758,463.46173,379.65747,474.48608,812.14941,523.42462,473.02481,187.49339,210.57921,377.36047,298.51273,1116.7107,723.14221,1151.2332,198.33585,684.09595,1062.5326,328.50125,117.59802,932.88043,280.39004,1020.9393,89.941162,273.84796,263.79553,460.56253,1404.0857,658.93219,599.3775,469.07105,343.18472,624.06476,1054.7813,73.187851,179.24734,309.74539,605.64423,1216.7823,567.25,1048.4814,669.7926,165.4368,713.20685,259.33667,312.15625,1119.6246,539.84186,160.26144,989.81091
638.43603,1245.0815,179.0136,22.531387,2522.6206,527.0058,98.30648,204.20932,436.82074,378.17615,473.49509,793.30835,551.38415,463.18604,193.42079,208.37547,373.78748,305.79608,1109.8533,720.15857,1130.4095,207.23947,698.83881,1041.9335,329.64584,118.09527,978.69635,284.36725,1100.921,88.206802,278.36905,338.99728,469.80112,1378.2313,660.42157,596.89661,453.50763,355.45532,621.9956,1078.5861,77.116333,185.01077,309.17792,601.66638,1201.1732,570.24042,1040.2791,685.63367,165.18797,719.1969,251.89862,313.41489,1145.2814,537.34393,150.85495,1050.1973
638.43603,1236.3745,172.25081,22.071571,2561.3386,536.40772,98.30648,209.91626,443.4809,384.37582,480.18487,797.27484,562.89734,464.44717,194.98073,214.49687,366.64148,301.46829,1144.3469,726.62396,1130.4095,208.77467,705.74957,1049.658,331.47714,114.11733,981.45636,291.32733,1099.9797,88.206802,278.20764,337.11139,463.00775,1417.2539,668.36658,616.24731,462.19418,356.24713,614.6048,1066.2733,79.507431,185.79588,309.87418,600.67181,1216.0391,583.20044,1041.0243,685.13867,167.67572,729.18024,258.65741,324.1138,1137.5509,542.28674,147.56285,1081.0468
631.95703,1222.2263,179.80916,23.221205,2538.5059,543.8302,100.93972,211.15692,449.22263,394.16461,478.20288,790.3335,563.30859,468.23154,195.60478,212.04829,374.61206,302.92197,1172.634,727.61859,1140.3251,210.00267,713.95612,1025.627,329.87473,111.87973,962.68842,294.55878,1108.4482,91.427818,283.85892,345.1936,463.67798,1407.3082,660.42157,611.78162,464.36588,360.99701,628.49908,1062.1692,80.446938,190.76787,316.11707,603.65533,1222.7289,576.72076,1045.4984,684.14862,170.16356,717.20007,255.18556,325.68701,1159.6388,540.30951,152.28879,1073.8264
640.42975,1227.6677,181.99716,23.910923,2546.4475,557.1911,101.37851,204.4575,446.00729,378.17615,491.58243,817.10761,562.48596,467.72702,197.16412,211.80339,368.01584,308.41235,1191.4917,737.06805,1151.2332,210.30972,695.38391,1046.2252,341.54971,110.88524,993.80292,293.56451,1114.0935,92.666664,281.92139,335.76215,469.92975,1422.2266,653.46979,582.0116,457.12714,370.10117,630.27283,1065.4524,79.678246,187.62772,317.59262,610.61664,1195.2268,587.68677,1056.6842,684.14862,167.17827,710.01239,248.98566,337.64468,1178.4148,534.87158,149.23125,1103.3635
626.47473,1251.6116,189.65494,23.681021,2482.9109,564.11877,110.59476,204.20932,434.52414,383.39685,486.62695,852.8064,561.25238,457.38345,201.84407,222.82219,366.64148,311.36868,1204.3495,749.00464,1138.3417,210.30972,706.61365,1053.9491,348.64624,113.8687,1026.3776,292.81869,1076.4556,92.418907,277.56177,341.42105,468.29916,1431.178,661.41492,597.39276,445.18332,366.53857,633.82056,1099.9274,82.667328,193.9081,329.17032,599.18005,1187.4688,591.17596,1074.5819,676.22803,182.6024,717.59955,251.96155,339.53268,1176.205,540.30951,144.99776,1073.1696
618.50049,1200.4587,187.56645,25.290371,2464.0483,564.61371,111.03368,211.40505,426.02655,392.59842,476.71609,845.86536,568.24225,457.38345,198.10016,231.63715,367.19119,310.31287,1221.4937,728.11603,1105.6198,214.91498,695.81561,1023.9103,354.59811,111.6311,1021.4084,285.85867,1082.3505,97.622101,268.68115,336.94107,462.86273,1408.3026,650.49036,625.17847,434.32507,368.12213,618.44769,1077.7649,83.008881,190.24454,310.44171,595.69952,1183.751,592.17285,1076.8192,669.7926,181.60728,702.02576,253.20155,325.37247,1169.5785,499.27954,139.94102,1084.9855
610.02789,1218.9611,198.10837,35.636494,2348.8867,553.7273,104.0117,208.42746,422.12222,368.71353,492.57352,845.86536,592.9129,453.59921,193.73279,236.28941,379.83405,305.8783,1266.9249,704.74078,1082.8135,217.5247,689.33685,1033.3511,345.2124,106.65868,987.17779,289.33868,1096.4679,94.153297,263.51413,347.0799,468.84265,1447.0911,623.67609,607.31634,426.72427,356.88037,595.38904,1117.1653,81.044678,179.51549,306.80945,581.77661,1211.2625,606.12982,1058.9216,674.74292,182.6024,696.83423,241.04985,324.4285,1147.4904,508.45578,139.82347,1117.8036
607.03766,1237.4631,200.69409,39.544998,2277.4075,532.44904,102.2737,212.39757,409.72052,369.36615,490.59146,860.73962,602.36969,449.31049,191.54881,238.49309,371.31387,317.17593,1249.781,696.28571,1036.2087,221.05543,679.83484,1034.3396,341.09177,105.16697,983.86481,283.12442,1098.3501,92.666664,255.11786,328.68857,469.65805,1445.1018,620.69684,602.35443,413.33264,346.5889,581.79022,1158.2075,82.069496,175.32849,297.38843,551.94177,1217.2109,566.25299,1081.293,692.0694,177.62685,694.03906,242.53783,325.37247,1133.1327,512.90796,140.0587,1113.2091
631.95703,1197.1938,186.17409,37.705643,2393.562,524.53149,101.39581,211.90128,413.39499,363.81912,486.62695,838.42779,569.88696,443.50806,190.45709,234.57547,357.60413,306.19507,1230.0659,678.38123,1077.8557,214.7615,693.22394,1019.7474,333.30856,105.91283,984.41699,274.67294,1072.9388,93.409988,261.25354,323.50113,470.74493,1463.9983,613.2486,571.5918,416.22815,344.76791,580.01611,1085.1523,82.1549,177.9454,259.46997,552.43903,1180.033,558.27747,1073.8361,690.08917,183.09996,699.62982,234.60204,315.93231,1113.2534,504.49948,136.76594,1094.8303
627.97009,1271.2018,198.90399,42.99371,2443.1995,554.22205,97.445381,212.14943,422.58166,368.71353,511.40414,829.00726,578.1908,444.01267,190.9248,231.63715,351.55685,317.38705,1254.0663,677.88403,1107.6038,212.45885,697.5434,1026.6146,323.23596,103.92385,1000.4284,282.3786,1066.3503,96.135475,266.25906,327.27377,473.19092,1488.8623,612.25568,580.02667,408.98932,359.01785,575.8783,1176.266,82.411125,180.82384,267.91214,566.36182,1185.2374,553.29279,1088.7502,711.37592,185.09019,726.38489,247.00177,320.33758,1072.3895,509.93942,140.29384,1075.1392
617.55548,1265.7605,196.41763,41.154343,2368.7419,514.63471,97.006401,209.42001,459.32782,374.58688,495.05127,824.54498,592.5835,443.2558,188.42946,232.61653,351.00705,317.17593,1247.2094,674.40241,1064.9646,219.21329,712.22846,1038.632,303.31986,96.216568,991.04254,269.95007,1076.7034,93.657776,271.74902,329.63162,486.50873,1504.7756,580.97247,595.40826,396.32162,338.8306,556.95758,1143.4325,80.703049,165.12274,260.9599,541.49969,1207.5447,488.49289,1024.6187,725.73212,179.11951,741.16028,255.68152,324.1138,1034.8401,519.8324,137.94188,1050.8534
615.56177,1302.7646,197.11386,40.464634,2388.5979,495.33591,93.933838,199.2468,471.72958,370.01883,482.9104,815.24707,574.90106,435.93957,188.42946,237.51375,345.78461,296.58701,1232.6366,660.47668,1047.2095,218.90639,708.77295,1012.0221,300.80179,101.18901,979.448,268.9559,1052.2328,91.427818,258.9931,328.92426,485.14978,1476.9283,588.91736,590.94238,403.56033,333.5264,556.95758,1114.7029,77.884895,166.16954,254.75236,557.41144,1249.9276,477.02826,1030.5845,722.76178,166.19421,737.56628,249.97763,325.37247,1030.4216,525.76691,139.94102,1039.0387
604.59613,1369.1544,199.20238,44.603058,2419.5344,509.2822,95.031166,198.5024,463.92108,378.50247,485.17725,805.32929,580.65802,423.8302,191.86083,236.77918,338.08829,303.97787,1236.9226,661.96881,1064.0686,222.2836,715.6839,1020.6059,310.87433,100.94038,988.28192,273.67859,1059.7626,94.153297,261.32126,326.09488,486.23798,1471.9547,608.77966,613.27045,418.03775,338.67218,564.09192,1161.6377,77.714073,172.71162,255.24899,581.77661,1251.4149,485.50207,1035.0586,730.18762,166.19421,747.625,257.41745,331.98053,1033.7352,524.28345,145.58572,1045.6022
616.06006,1373.6155,196.91495,44.143242,2529.7388,529.57446,97.445381,199.49483,477.54636,386.98611,492.61099,829.62781,599.98578,435.43515,197.78815,241.67636,344.68521,314.43072,1227.9226,680.8678,1132.4943,225.96782,747.70654,1038.632,325.98312,104.42108,1012.0228,279.14725,1090.8207,100.84315,270.20422,330.10315,504.17563,1489.8569,622.68317,661.89532,426.00046,351.54791,584.78662,1144.3979,79.678246,175.85187,261.45636,610.61664,1288.5929,490.48663,1042.5159,731.17755,171.41881,762.0025,267.58524,337.95932,1052.51,541.59448,152.05364,1067.9189
627.52399,1374.7041,203.37932,48.051765,2607.1799,540.46301,99.201149,207.18683,485.586,394.88574,501.77948,835.0827,616.84656,438.46258,203.87181,240.69694,349.35785,312.74136,1242.0658,691.31238,1143.4023,228.73099,761.09686,1059.2323,323.00717,103.42661,1015.8876,280.39004,1134.115,103.32088,278.76413,335.76215,507.98151,1495.8245,620.7937,672.81116,437.22055,361.841,591.88165,1132.9042,80.788445,174.02011,273.12637,637.03943,1290.0801,512.91742,1061.1588,732.42908,167.18939,767.99329,275.27301,338.27411,1076.8073,547.53009,149.93687,1025.9113
647.95966,1372.5275,209.34645,48.741486,2432.4412,543.43237,101.39581,213.88632,490.17996,404.62576,504.75299,816.73456,630.82837,431.90326,203.24783,240.45206,253.42873,311.68549,1219.7795,698.27521,1137.4523,233.02931,756.77734,1030.048,338.80261,102.43211,1016.9916,287.10168,1140.7035,100.84315,277.31061,331.98962,500.6427,1493.8358,619.30383,682.33124,435.04892,361.04935,597.79523,1106.6344,81.813255,177.68365,281.0719,634.55292,1253.6454,510.42523,1073.0901,735.89532,172.16527,757.60938,282.21686,341.10611,1081.2257,543.07825,155.58156,1037.7262
655.43628,1410.6228,213.22504,55.408985,2316.2788,553.33099,101.39581,218.35261,490.63925,398.0802,514.91254,803.34558,631.65051,431.14624,204.50653,243.63522,252.32927,308.41235,1208.6359,682.85718,1181.0867,231.18718,767.14404,1031.7648,352.53781,112.12835,1049.0145,305.24734,1123.7617,103.83253,279.08728,330.33896,505.53439,1595.2813,626.75354,675.38385,423.10489,373.16348,612.57794,1188.729,85.741737,181.34721,276.1059,650.46649,1261.0811,494.4744,1073.8361,747.7807,173.90675,767.99329,282.71277,347.08484,1064.6589,551.98114,152.52403,1062.0118
652.4455,1389.9429,216.82239,49.431206,2328.1929,536.99829,107.10211,216.36758,496.15213,373.93439,531.26672,800.86633,628.36096,423.07349,199.04657,239.71748,252.87906,301.54941,1242.9231,676.55426,1174.1445,229.80553,762.82452,1036.9152,340.63391,106.65868,1033.0028,305.24734,1129.4095,98.132881,276.98764,321.37903,572.04761,1616.167,604.90143,650.57172,407.00146,362.47458,590.70013,1174.7727,84.887634,172.97328,260.9599,633.55817,1291.5673,484.00665,1110.3766,758.67566,171.66766,765.19739,269.81714,359.98666,1002.8115,540.11084,153.81761,1064.6373
672.38281,1459.6029,228.16078,50.350945,2273.5876,549.86633,107.10211,229.76654,499.82748,371.97653,535.23138,803.34558,615.61249,425.8486,207.93802,246.81831,242.43408,305.35031,1294.355,692.97064,1204.8862,226.59833,772.32733,1060.0907,343.38107,107.40455,1079.9326,310.50583,1115.2913,101.60225,282.96335,323.50113,514.77435,1645.0095,607.88123,652.5567,408.44995,365.40405,588.33484,1247.0157,89.670097,171.4032,252.26944,636.04492,1321.3096,513.91437,1117.088,775.51294,173.90675,777.17877,267.08926,363.76257,1007.2291,551.48645,160.28545,1101.3937
674.87488,1465.045,233.73058,52.649998,2149.4839,562.23981,107.10211,231.00711,523.716,362.84024,546.62958,795.90717,601.6308,431.14624,217.92192,241.67636,241.33455,312.53021,1285.7826,704.41272,1165.2196,222.60681,779.23871,1059.2323,352.76685,108.39902,1077.7244,309.51141,1093.6447,101.35442,288.45468,325.15161,512.60028,1663.906,628.74005,630.72211,433.43512,379.2601,592.47321,1269.1813,86.76651,181.87062,250.28307,652.45569,1328.0016,500.95447,1142.4425,784.9223,180.1266,792.75427,259.92636,363.79147,1020.4821,550.49756,161.69661,1086.2974
683.34815,1373.6155,212.6451,55.638882,2087.9272,540.9577,102.71272,233.48842,507.1777,343.42575,538.70056,804.33758,582.30261,420.04608,215.73782,232.37163,241.60936,326.46726,1285.7826,732.27069,1130.5112,220.15044,770.16779,1079.834,347.98505,107.40455,1065.5774,308.26831,1091.7622,98.380714,280.21777,330.10315,510.96985,1655.9492,603.41162,619.30853,420.7615,366.03742,581.23895,1204.3268,85.570908,175.85187,244.57222,636.54193,1336.9243,471.54523,1128.2737,793.34113,181.86819,774.38312,249.50935,363.79147,1001.2651,554.94928,160.52063,1083.0157
693.81531,1309.3976,205.88178,62.996109,2181.2539,532.04895,101.39581,235.96971,497.98978,328.0181,537.21381,817.72644,595.8736,423.8302,223.3813,231.14739,244.633,321.50473,1324.3558,721.32648,1127.5353,221.37862,762.39264,1081.5504,353.25046,104.17245,1064.4734,305.78229,1103.0564,99.619743,277.14911,336.70532,504.99091,1677.8301,594.96875,598.96258,416.4162,322.83417,566.45721,1194.4756,87.460777,185.27249,244.82051,633.06091,1348.0779,478.02518,1111.1219,803.74054,177.63869,787.16284,234.13207,357.49734,987.34961,560.88483,162.28462,1111.8962
692.81842,1299.6013,198.52181,62.306396,2216.0032,539.47296,101.83481,236.50206,488.8017,334.21902,522.84155,813.26337,612.73419,416.5141,219.48198,212.24176,247.38171,325.30585,1352.6438,724.80847,1137.4523,225.06313,759.8009,1091.8511,349.81644,106.41004,1047.9099,300.56168,1122.8209,98.132881,278.44113,338.59155,514.77435,1660.9225,593.97559,613.35364,423.29614,329.83447,575.32636,1169.0264,88.571129,192.07631,255.99387,637.53674,1361.462,461.09543,1112.1342,826.52075,176.64355,777.57831,229.66775,361.2738,1013.8557,567.80853,164.04858,1065.9501
699.79657,1336.6083,206.47855,64.835472,2306.3499,555.31073,102.71272,239.23181,514.98749,342.05228,532.75348,841.03363,634.52942,446.03088,228.37347,213.10611,266.89749,333.54135,1363.7872,740.72766,1183.0699,237.03787,792.62933,1090.9923,359.88959,106.65868,1082.141,309.0141,1136.9388,103.58475,280.21777,329.86743,523.2005,1676.8356,609.86786,623.27844,442.48752,340.54065,590.70013,1216.6406,89.852325,195.47816,262.69797,666.87744,1360.7189,510.94354,1145.6993,813.14972,185.10251,815.91791,237.8524,365.99432,1049.1975,575.22766,167.34129,1069.2318
717.24145,1388.8538,218.21489,68.054176,2299.4011,577.58246,104.90739,250.64741,520.04083,347.92725,530.77087,851.44721,639.87537,456.62656,229.62091,212.22377,269.37106,333.54135,1381.788,745.20477,1195.0717,233.35321,815.52252,1129.6189,366.07092,112.62559,1122.9977,302.7991,1134.115,105.81501,281.34836,334.81894,503.08737,1681.808,635.69281,630.22583,467.47244,351.04098,600.75214,1256.0468,90.791817,196.78661,271.13995,703.18005,1316.1051,522.90704,1163.601,782.44623,189.08319,825.10333,234.13207,377.32349,1072.5331,543.07825,166.75331,1062.1011
731.19757,1401.915,222.39212,73.342216,2129.6262,574.11804,107.10211,235.75749,520.50031,350.53824,533.28778,859.87714,653.03455,455.86987,219.6377,216.85651,264.9733,358.67059,1395.5032,731.77325,1137.5496,237.49849,788.74158,1152.795,363.78156,110.64803,1128.5188,293.35214,1145.4086,107.30189,273.27298,324.44443,516.1344,1616.167,630.72656,652.5567,464.57565,345.07025,588.92584,1261.7928,90.706413,197.31001,268.65698,693.23425,1310.8997,528.3905,1150.9207,807.20709,189.08319,813.12195,237.8524,373.54712,1077.6147,539.12189,169.92847,1047.6595
739.17261,1385.5885,227.16618,73.11232,2065.0928,572.63312,115.88097,241.21715,498.90863,337.48279,537.25293,873.76227,663.72693,454.40848,220.72946,217.73888,266.34763,353.81363,1324.4832,741.72235,1110.7726,242.8717,769.30365,1174.2551,352.56357,107.91291,1130.7269,287.88278,1203.7618,106.06282,273.11139,316.23306,524.56043,1613.1831,620.29718,613.35364,441.40125,345.48203,577.69177,1264.2557,90.364723,197.04828,262.44955,681.7962,1328.7456,537.36298,1148.6826,810.17828,199.03496,805.13471,230.65976,384.56149,1078.7191,555.93829,168.16446,1050.2856
727.21014,1344.2277,218.8116,76.101128,2075.0208,611.73273,115.00306,255.36256,509.93402,343.03149,508.50656,882.68835,667.83887,442.04532,223.84955,226.12193,253.70357,349.69583,1357.059,734.758,1135.5657,245.021,768.49823,1186.2717,335.62222,108.16155,1096.4957,300.06439,1212.2321,109.53213,279.24887,319.53451,520.2121,1646.1344,611.85437,613.84979,447.91898,362.98251,554.04016,1228.1343,90.450165,207.254,259.24243,716.60693,1392.6914,529.88586,1143.4614,822.5589,204.01086,791.15662,237.10837,390.54077,1070.7656,591.05524,171.49707,1085.7325
726.82001,1274.5676,213.04289,76.101128,2090.9065,601.33905,115.00306,239.9763,509.93402,360.32983,508.0112,884.67194,690.86798,445.82999,217.60983,202.29643,260.02557,352.69586,1354.4879,726.79852,1156.3931,244.0999,753.81103,1186.2717,327.83832,102.19401,1071.7433,299.56726,1243.2917,105.56719,276.50302,317.88376,512.14807,1588.4456,598.44531,647.09802,444.29807,357.83539,548.71802,1181.3402,86.777542,205.16046,259.24243,709.64502,1417.229,535.86774,1168.076,824.5398,208.24033,760.40509,248.02125,387.07919,1067.0103,606.88281,165.85115,1096.2354
740.2796,1263.6831,210.45695,71.272987,1872.4829,616.68195,114.56418,229.30518,522.79749,396.45429,496.11624,876.24176,718.42053,438.26071,219.48198,199.20798,262.22458,355.44141,1367.3468,724.80847,1160.3602,250.24069,742.5791,1175.1128,332.41715,104.92913,1066.7737,300.81015,1271.6276,108.78873,294.10757,326.84485,522.2066,1630.2201,604.40497,674.39117,463.85147,372.65939,545.76135,1191.1912,85.410934,207.77734,264.20883,735.00732,1386.7434,522.40887,1196.4204,832.46332,208.48915,757.20984,261.16641,395.89063,1079.8236,621.22675,162.91052,1111.99
767.69739,1330.0781,221.79536,70.813133,1856.5978,621.63123,115.89292,228.31251,535.66058,391.66296,508.0112,890.62274,738.15918,441.03619,230.24487,205.16435,267.72186,353.22379,1401.6381,733.76294,1199.0387,261.29434,764.17841,1230.9073,335.8512,103.68591,1076.7124,306.27951,1304.5709,108.78873,304.92859,322.36435,535.79926,1641.161,625.76025,683.81976,480.50812,369.57114,564.38696,1227.3129,84.64225,208.03912,273.14825,756.88831,1435.349,526.89496,1212.0837,860.1955,209.73306,777.97742,263.6467,402.18466,1125.552,619.24866,164.67493,1106.738
778.16608,1340.9624,222.98892,71.043083,1875.4615,621.63123,119.84382,228.80887,538.41705,390.35736,503.55054,890.12683,736.92584,438.51309,228.21715,208.47342,270.74554,351.11188,1410.2107,739.23505,1211.9316,266.66751,759.42682,1224.8989,345.6955,104.6805,1091.0688,308.01981,1317.7488,109.03655,305.57461,323.5434,539.33191,1641.161,624.27026,685.80481,486.66391,373.07126,568.22998,1258.5092,84.385994,211.70264,268.67859,746.94238,1438.3236,531.38123,1226.256,864.15723,210.97702,773.58435,269.84711,405.017,1129.9707,623.35083,166.20399,1111.3334
758.22589,1332.2552,219.40832,76.790939,1924.1107,638.95367,124.23371,229.30518,548.52374,381.8714,504.54163,900.54047,718.42053,454.15616,227.74945,209.79707,270.74554,350.26706,1440.215,746.19946,1239.7017,253.00411,764.17841,1217.1733,357.14236,106.17236,1070.0867,309.76001,1292.3346,115.4796,308.32034,328.25986,542.05225,1617.2899,628.74005,656.03033,507.3035,383.36557,584.19543,1214.9994,87.119118,204.11374,270.41681,749.92615,1421.9622,519.91644,1224.7646,851.77685,225.90471,761.2038,259.18222,402.49945,1125.552,630.77173,169.96803,1144.1549
759.2229,1348.5818,217.22026,76.101128,1879.4331,609.75299,122.03874,238.73546,546.22662,390.68375,511.97617,893.10217,737.33685,455.41766,227.90517,202.95821,267.72186,357.13098,1495.9373,736.25031,1196.0637,264.36475,757.26654,1214.5983,357.37134,114.37775,1105.4247,307.02539,1329.0435,112.01028,301.53693,324.48676,545.58496,1618.2845,629.23657,665.95526,502.59641,370.18866,571.18695,1272.4655,87.460777,201.23523,270.41681,756.39111,1409.3192,508.94968,1232.9692,870.09998,225.1583,748.42395,273.31946,398.72302,1121.1342,637.69818,163.8515,1171.0682
746.26166,1351.8468,227.16618,76.101128,1864.5404,602.82379,121.59978,239.23181,537.49805,392.96848,507.51547,916.40906,736.10346,454.66077,225.56538,208.25279,258.37634,358.18683,1504.5105,721.82379,1169.2855,267.89572,749.92316,1181.9803,363.32364,116.61555,1104.3209,303.5448,1321.5139,112.25806,304.28262,332.97626,549.66309,1611.3218,603.9082,682.82758,497.16483,366.48264,565.56988,1329.9312,88.058731,204.11374,272.65164,742.46668,1407.8317,518.91925,1273.9935,888.91833,226.89987,748.823,280.01602,393.05835,1082.4749,640.66589,162.91052,1176.3195
752.24396,1336.6083,240.89171,75.871193,1980.7021,621.13617,128.18454,242.95432,527.39136,398.19061,520.40192,908.47485,718.45892,447.34387,223.06921,206.04671,263.87369,364.52283,1465.9335,718.34155,1168.2939,267.12811,750.35492,1203.73,364.23944,116.36691,1097.6945,302.05325,1323.3956,114.24054,316.23425,340.52234,557.81738,1583.4719,615.82745,686.30109,498.97528,375.13004,568.52643,1343.0663,89.510666,203.85205,279.3562,736.00183,1372.134,516.42688,1250.125,874.55682,225.65588,756.4115,282.74423,386.44968,1103.02,620.38275,161.14612,1153.3444
751.74518,1397.5613,244.87007,74.721664,2057.1504,631.03473,126.42861,247.42125,548.52374,427.5654,533.28778,934.75702,714.75745,467.27625,224.94127,218.84189,275.69321,382.79123,1501.9382,731.77325,1186.1458,264.67188,764.61035,1227.7705,375.4574,115.62096,1113.7075,310.50583,1318.6898,116.9665,328.18588,338.39999,576.03235,1594.4127,622.28369,743.86505,509.47613,391.18939,586.26477,1352.9176,89.766907,213.79608,287.55066,757.38562,1408.5753,544.84051,1272.5017,895.35626,225.1583,784.36743,298.36957,391.79959,1148.7484,648.08698,162.91052,1169.7555
760.21991,1442.188,264.5632,76.331131,2086.936,642.91321,126.42861,256.10715,557.25232,433.76666,550.13916,978.39563,723.39368,485.19016,222.28949,216.41528,285.86334,380.89026,1557.6604,734.758,1228.7916,276.64652,783.18567,1244.9424,386.4465,123.57769,1163.9537,303.04767,1362.9283,116.71867,328.67053,348.77606,582.01227,1573.5258,637.6795,759.24853,528.30554,392.01306,583.60413,1385.7556,90.877243,216.67467,289.04056,793.19122,1422.7059,553.31433,1279.9606,926.05975,234.86122,809.92731,300.60175,397.14929,1133.9473,643.13946,164.67493,1185.5094
783.15112,1467.2218,262.97177,76.790939,2060.4651,648.35748,127.74563,250.89555,564.14343,433.44037,550.13916,962.03119,733.26392,477.87323,227.74945,220.60677,278.16693,376.77206,1548.2305,748.18964,1230.7751,276.33951,777.57001,1232.9216,388.04898,120.09664,1161.1932,293.35214,1370.4576,117.95772,328.83191,350.19098,584.45758,1565.5682,657.54468,742.87238,509.1142,384.80682,632.08991,1434.1913,89.254379,218.26292,298.47653,774.29376,1401.1385,543.84326,1272.5017,911.20306,236.85161,798.74487,288.69675,390.85553,1117.379,643.13946,165.61589,1217.0179
776.172,1410.6228,272.5199,84.14817,2072.3821,643.90314,129.94058,251.64009,522.79749,438.98886,563.07129,950.62592,704.06494,474.34088,234.92516,206.4879,277.95746,399.47549,1539.6583,752.16943,1251.7202,268.35632,771.52191,1189.1345,384.61487,116.61555,1119.7809,291.8606,1296.0999,118.20552,318.65689,337.45673,548.84668,1548.6591,647.61206,792.4967,499.69952,389.74808,642.14172,1499.8671,88.229469,217.47772,285.56412,746.44507,1362.4661,532.87683,1262.8049,871.09021,239.83711,766.79504,297.62555,388.33804,1100.1472,613.45667,161.73425,1193.3865
761.21674,1429.1265,268.93942,88.056664,2144.8694,666.66974,131.69652,248.16586,528.44769,437.35709,571.00147,954.5929,718.86981,530.85809,233.5208,207.81154,275.48291,424.39661,1555.946,733.2655,1278.5002,273.26901,741.71527,1186.5581,395.83285,119.59933,1123.0938,293.35214,1306.454,116.22304,321.07953,329.67462,548.57581,1535.7291,631.71973,771.65442,497.88901,411.77835,650.42071,1509.9218,89.510666,213.55214,287.79898,773.29926,1344.6169,534.37219,1285.1821,878.63904,236.85161,772.94934,300.84982,387.70844,1111.635,610.48859,165.85115,1181.5709
763.70929,1360.5543,267.74582,85.987419,2173.6672,677.06329,132.13548,250.15106,523.39301,430.17645,555.14063,922.35986,696.66223,527.07343,229.77725,206.4879,287.30512,418.0607,1521.6556,754.27429,1250.7284,269.12402,732.64343,1213.1744,386.4465,126.31281,1107.6334,290.61752,1297.9825,117.70991,326.0863,328.49564,532.80835,1544.681,621.78717,743.86505,510.20032,414.66083,628.24689,1475.4369,86.60672,216.69267,297.23508,776.78027,1318.5873,533.37531,1242.6658,860.80859,244.31537,766.95727,308.29037,396.83481,1118.9252,596.1413,164.08676,1266.9066
754.23792,1404.3755,261.7782,95.873688,2105.1501,642.91321,130.81859,260.07776,500.87653,433.11392,560.09711,912.71741,662.9397,536.15643,231.493,198.98732,285.38049,408.24011,1461.647,745.81598,1214.0302,265.74637,722.27606,1185.6996,394.68817,127.80466,1095.4861,298.32422,1239.6245,116.22304,308.15888,317.88376,534.98279,1554.6274,628.74005,767.36993,510.20032,396.33664,624.99493,1492.6793,85.683655,216.16923,291.52356,764.34778,1320.8184,539.85553,1243.4116,879.13415,243.83391,738.59595,306.80231,398.40826,1115.1694,598.61469,162.67534,1249.1831
753.24072,1366.2725,250.63872,91.045471,2117.0662,627.22211,130.81859,259.82962,506.39075,434.09296,546.21857,927.10236,657.18182,527.32605,232.74101,198.76672,276.30777,385.99704,1525.9421,754.27429,1217.9976,258.07025,729.73999,1207.1643,394.23023,128.30191,1096.59,292.10916,1233.0359,116.71867,307.33194,325.42999,538.78815,1623.2579,640.65918,773.82263,502.59641,412.70718,648.05524,1404.8267,84.57312,217.47772,291.02707,725.06122,1377.34,528.88898,1258.3296,883.59168,248.81007,756.97113,308.29037,398.72302,1139.9121,616.4245,168.5565,1218.9878
750.74829,1380.425,252.6279,94.264275,2083.3037,628.70727,130.37952,264.04846,505.93137,436.37781,547.20996,922.63812,665.40717,527.83038,236.17319,201.19333,270.80908,413.09769,1549.0884,754.77179,1204.1112,257.30277,724.98724,1203.73,391.02515,127.05875,1087.7555,287.38565,1217.0344,111.76244,308.30148,325.19418,532.80835,1586.4557,643.63892,757.93927,520.70129,420.12097,638.00336,1401.5424,85.085625,209.88826,291.27533,710.76855,1364.6971,496.48761,1283.0872,871.70496,232.88621,764.16144,307.05041,399.35239,1156.4807,627.30926,165.61589,1236.0543
766.20172,1386.957,254.61706,96.563408,2167.7083,628.70727,125.55065,273.72681,509.60727,435.07227,559.60162,944.46393,674.45465,544.98743,240.8528,206.04671,267.78482,430.41559,1527.6567,784.12677,1218.9891,267.89572,730.17194,1223.4774,385.9885,125.8155,1086.6512,283.47321,1249.9786,112.29125,311.85626,323.77936,543.95386,1596.4025,625.76025,741.06311,532.65063,421.76862,628.54211,1424.532,87.648483,214.59901,292.76523,742.10425,1401.8824,525.39948,1327.8457,920.73828,227.91011,777.74274,307.54636,399.03766,1168.6306,637.69818,166.43919,1228.1776
777.16901,1328.1692,228.75758,94.953987,2268.002,620.78644,121.59978,259.82962,512.36438,431.48206,525.40094,942.97607,654.71448,544.98743,234.79112,209.57645,261.73621,423.55188,1543.9453,783.62946,1254.6959,263.13657,723.69122,1241.5073,375.4574,123.82633,1062.3563,276.75943,1236.8005,110.80394,301.83814,336.74939,547.75934,1573.5258,626.90387,714.7561,491.73334,415.17834,626.17761,1339.9633,86.623383,213.2904,291.27533,716.24005,1411.5504,521.91003,1278.611,920.73828,227.66124,761.76446,289.19284,406.90512,1157.5851,636.70856,161.73425,1218.3309
762.71222,1293.3325,236.71433,91.505386,2245.1628,602.46985,122.47776,256.10715,510.98593,417.7738,527.38391,955.87293,664.99591,539.43683,242.43588,209.57645,261.46137,429.04297,1459.0746,766.21551,1213.0378,262.09906,715.48218,1256.9619,380.95181,128.0533,1061.2517,273.27811,1237.7424,108.8209,296.34424,335.80606,542.05225,1528.7665,636.34204,708.30341,491.65042,397.87927,624.99493,1367.879,84.74398,213.81381,288.29559,705.29742,1395.933,524.901,1298.0066,917.27154,215.22072,756.57165,292.91315,394.00256,1121.1342,627.30926,161.49901,1201.2637
731.80487,1263.9382,222.78995,79.779716,2265.0227,583.16309,123.35575,253.43347,493.52438,409.94052,529.36645,970.2583,672.80975,511.6825,234.79112,195.89877,256.51263,404.64987,1461.647,770.19574,1301.3131,260.87079,721.96295,1283.5779,352.56357,120.35767,1010.4531,244.18486,1249.9786,103.36745,289.23447,317.41214,559.72137,1470.0828,630.87781,671.07648,482.59283,387.17026,604.89032,1298.0894,80.98513,204.65416,279.85281,672.46979,1441.2983,535.90057,1277.119,928.66272,212.73268,750.97906,283.98431,387.7717,1097.9386,627.80377,160.32277,1115.2715
751.74518,1332.5243,229.75215,85.297699,2335.5254,605.44019,122.03874,257.90155,506.85034,394.33029,543.74054,1005.4772,673.63214,514.20575,240.09525,191.97871,262.28622,415.63211,1466.7902,787.11218,1329.0847,260.71726,741.40552,1279.2855,356.73035,117.87098,1027.0186,251.39604,1265.98,108.57302,303.45383,315.2897,554.82874,1440.2432,649.75452,679.01813,481.50589,402.41006,626.87964,1359.6682,84.060501,210.14998,284.57086,693.36011,1462.1227,537.89459,1295.0222,931.63471,224.67546,782.93579,286.46457,396.58475,1168.6306,643.63397,163.8515,1110.0208
760.21991,1294.4207,209.26344,80.469574,2285.8755,607.42029,118.08792,261.12824,495.36224,399.55316,528.37531,1029.7834,671.16455,527.44678,244.93162,204.99803,259.26199,403.59381,1436.7865,804.02863,1326.1096,264.09521,744.862,1296.4565,360.85196,116.37891,1031.4355,256.61792,1308.3358,107.08571,297.31372,304.4422,564.88696,1468.0938,650.25128,678.02563,482.95511,391.28918,629.24451,1289.0581,88.844505,219.04794,286.30908,691.86786,1471.0469,523.43787,1328.5917,934.11102,217.70883,782.1369,288.9447,389.03079,1208.3951,647.09759,164.67493,1097.7806
746.26166,1389.1345,214.07588,82.7686,2313.6787,615.34082,120.28278,264.6033,499.03854,421.09781,538.33191,1048.6331,699.54089,538.55066,243.37138,206.10132,245.51523,409.08496,1423.0701,804.02863,1339.104,272.0795,747.88605,1274.1334,375.50574,116.37891,1054.6261,263.33164,1331.8669,109.81243,299.89911,317.88376,567.60504,1494.9487,658.19916,710.78528,488.75207,406.94089,629.836,1308.7627,92.944969,227.946,290.53046,738.62262,1488.1522,540.88556,1330.8297,949.46491,214.22548,787.32983,297.12943,392.49295,1201.7671,656.99213,170.55618,944.33148
788.63452,1441.3904,226.0132,82.7686,2328.5747,610.3905,133.01347,266.09277,479.73859,432.52295,552.21143,1035.7358,718.04742,537.5412,244.61951,207.86661,241.66612,413.41437,1397.3521,792.0874,1352.9912,277.7605,750.11273,1245.8004,381.00088,114.88688,1074.5038,257.61255,1341.2795,108.07725,296.02103,319.53451,586.0896,1442.2325,655.71539,746.02667,485.49133,405.70511,631.01868,1328.468,94.055534,226.90916,285.56412,752.54938,1521.6185,546.36951,1321.1321,983.14441,216.9624,800.51196,315.23498,398.78796,1214.2015,675.79096,162.67534,1029.6492
782.65259,1446.8334,239.14423,87.366852,2305.7358,610.88556,136.08641,275.52518,477.9006,442.31586,556.17712,1071.451,729.97394,548.64545,241.9675,203.89473,241.66612,414.25916,1389.0105,783.62946,1351.9989,279.29599,754.43372,1302.4669,398.63141,114.88688,1135.2416,260.59647,1359.1632,109.31664,294.40524,315.99734,593.70142,1470.3572,660.18628,767.36993,502.15741,396.64371,631.61005,1378.553,95.849495,227.69429,283.38403,768.466,1505.2576,538.39307,1332.3217,980.17267,221.68979,800.51196,317.96326,396.58475,1199.8385,674.30719,160.558,1041.4845
787.19812,1434.8578,235.76199,85.757515,2292.8267,608.90558,141.35431,275.02862,485.71246,436.11368,568.07404,1084.8442,730.38477,523.82019,244.61951,197.27472,241.66612,421.21365,1393.2979,809.00397,1343.0724,279.44952,760.05084,1315.3456,405.72937,113.39484,1138.5542,251.39604,1357.2814,108.07725,298.9296,324.0871,583.3703,1469.3621,660.18628,744.04132,502.15741,402.8219,638.11603,1355.5632,97.985161,231.88174,282.14215,772.94232,1528.3119,542.38098,1345.7493,990.57385,223.92905,832.86792,316.80411,397.84372,1189.8956,654.26471,159.42539,1044.8657
788.19525,1465.3409,247.50032,91.275375,2254.0996,617.32123,141.35431,279.74496,493.52438,449.82379,581.45819,1064.5059,733.67535,508.38452,244.77586,197.49542,248.81439,422.2699,1432.7396,803.03326,1325.2173,286.66614,759.18646,1296.4565,405.95831,116.13023,1163.0629,247.16875,1384.5769,111.05183,307.33194,330.92743,572.65631,1455.4343,662.6698,742.05573,515.56287,406.11719,642.84662,1446.7007,100.12085,234.23723,282.39056,782.39276,1523.1061,556.3396,1368.1288,978.68695,230.89572,828.474,323.00629,395.9552,1185.4756,642.16315,161.19022,1071.3531
818.60638,1400.021,239.14423,97.48307,2235.2332,612.86585,144.20763,274.53229,512.36438,461.57544,579.97082,1049.6245,728.74023,516.8493,233.07523,205.21872,251.01388,421.21365,1444.7429,809.00397,1334.1447,282.21338,769.98883,1287.8711,384.20654,116.37891,1165.2716,247.66609,1341.2795,111.05183,304.74655,332.10681,574.8316,1472.3466,652.23828,741.55939,512.66418,407.5585,628.0614,1373.6263,97.13092,235.28406,285.86768,765.979,1487.4086,527.42572,1356.1932,986.11627,231.89101,818.08813,328.21609,397.84372,1166.6935,647.61774,158.60176,1052.7556
835.05817,1437.0359,242.72543,97.48307,2294.8118,619.79645,148.37807,286.44687,516.50024,473.32681,588.89368,1085.3397,720.92621,527.30566,229.17494,205.66002,263.11111,421.21365,1414.7338,819.95001,1342.0797,276.07166,774.7417,1317.0624,357.41736,124.0878,1188.4667,248.90939,1316.1611,114.02644,308.94781,341.30566,588.42822,1518.1091,657.70233,783.74982,525.70721,410.44186,641.07233,1415.5001,101.14597,234.23723,284.37747,764.98401,1532.4797,547.86493,1387.524,1006.4229,232.88621,832.46851,344.58972,403.19443,1205.3627,657.53528,160.36662,1085.4429
838.04926,1428.3265,248.09718,95.183907,2359.3567,611.87579,149.25603,292.15591,511.4455,477.89697,635.98499,1085.3397,727.91754,523.32233,229.01921,198.37801,263.66086,417.09445,1487.6141,796.06769,1366.8783,273.30777,787.27258,1287.8711,348.94556,128.31519,1196.198,243.68751,1321.8101,113.77856,308.78622,333.99374,569.93738,1485.2795,661.17975,790.20258,524.98279,423.21008,637.52472,1472.974,103.02547,234.49892,279.90695,783.88495,1455.1121,536.39893,1430.045,981.65863,231.89101,843.6532,338.13946,393.75205,1210.8871,652.08075,163.89633,1096.7146
840.54224,1450.0997,246.10761,99.092522,2362.3364,642.56873,144.66898,290.91473,529.36676,471.04193,613.18298,1056.5697,729.5625,525.81177,225.89874,201.46736,269.43445,416.46066,1509.9059,780.64404,1349.0238,267.62671,790.297,1263.9674,357.18835,125.08247,1189.5714,254.37991,1324.6335,115.51374,318.96597,345.07965,561.23462,1539.9954,660.18628,771.34113,484.76666,430.00623,632.79315,1449.1633,103.36708,239.20989,283.63232,797.81171,1437.2579,526.42877,1394.2379,955.90363,231.89101,870.01752,334.41821,402.87973,1219.725,636.21265,167.42609,1100.6594
847.02325,1518.6855,261.62613,97.023239,2325.5955,625.242,153.23051,289.42548,519.25714,473.65329,620.61829,1039.7042,716.8139,524.81616,219.65851,203.89473,277.72037,418.99573,1556.2061,785.61951,1314.3059,265.93774,805.42047,1241.6416,358.33331,118.61697,1187.3623,259.35312,1322.751,113.28278,313.63367,338.71106,568.84992,1566.8556,663.66363,784.24609,476.79587,432.8894,626.87964,1545.2268,106.18625,234.76067,278.16834,797.81171,1446.1852,542.38098,1371.1124,953.92249,221.93863,918.75122,331.44122,400.36176,1225.2495,627.78259,168.83798,1101.2231
855.49835,1567.6758,266.6001,96.79335,2540.0823,647.51892,158.71874,305.80798,511.90488,473.9798,624.08832,1127.9993,690.57941,519.33875,225.89874,206.98408,270.29608,452.89966,1569.0682,782.1366,1330.1769,263.17389,797.64252,1256.239,355.81457,119.36298,1214.9753,256.36917,1311.4536,113.53069,311.53311,337.7677,571.05341,1565.861,676.57904,794.1734,467.37579,441.95078,622.14789,1556.7218,114.30183,242.35049,277.67157,844.56628,1455.1121,539.39014,1430.045,969.77148,242.34099,886.79474,336.89902,409.8042,1216.4108,636.70837,172.36763,1114.7488
851.51007,1612.3107,277.5426,105.52998,2590.7246,635.638,159.5968,312.51004,529.36676,470.06262,632.01947,1123.0389,695.51465,519.83673,232.13907,209.85274,272.22089,445.82324,1560.4934,774.1759,1321.2491,262.86682,797.21082,1224.468,352.60895,118.61697,1233.7518,246.92011,1323.6926,110.80394,311.20993,335.88068,504.98438,1532.0366,680.55328,804.5968,461.57901,437.83203,616.23352,1636.3643,117.37721,243.92073,277.67157,848.54559,1461.0636,528.42291,1356.1932,986.11627,246.81957,898.7782,329.45639,417.98776,1266.1278,626.29504,170.83818,1108.5494
846.52454,1605.7786,285.89865,104.38046,2565.9006,629.69745,156.30389,319.21197,532.1239,453.41449,641.93366,1094.4034,699.2168,521.33069,227.45898,209.632,272.22089,444.13327,1615.3683,774.67352,1298.5323,267.47318,790.297,1279.4236,350.77734,116.6276,1237.0657,250.15269,1319.9259,109.81243,299.73755,335.40888,489.65283,1510.1503,679.06293,777.29712,458.68054,433.9191,620.41547,1699.5858,118.23144,247.06142,280.9003,893.80792,1425.355,523.43787,1333.8135,995.52673,248.82338,981.86536,317.05228,416.7287,1242.9272,629.76617,175.07381,1118.6938
846.52454,1528.4835,283.71024,105.30009,2545.261,611.87579,157.62111,320.20486,512.82398,441.0101,627.60687,1093.4105,702.09589,516.8493,228.86291,212.94202,267.82138,431.03632,1587.0742,792.58502,1335.2367,266.85889,782.51965,1296.5968,357.64636,118.61697,1235.9613,255.62323,1331.2238,109.06875,295.11697,338.47519,494.92297,1525.0729,689.99139,794.66974,453.24591,419.29724,616.86645,1634.8956,115.07064,247.84656,281.39706,877.39417,1426.843,532.90949,1350.9713,998.49841,248.82338,941.91968,315.8118,413.89603,1224.1444,628.27863,182.13329,1113.6215
839.04657,1494.8989,285.10294,109.43851,2461.8425,598.60205,160.69441,320.94952,505.55258,466.14545,604.80286,1096.3881,711.55591,526.8078,229.17494,221.76863,271.94595,442.44333,1551.9199,790.09741,1297.5406,269.92987,767.03052,1318.9224,359.93594,118.36831,1240.3791,254.13129,1318.0446,108.57302,295.76346,337.05997,503.06796,1501.1971,663.66363,840.33472,460.12982,414.81735,616.86645,1597.1232,114.72899,237.63948,282.39056,855.01154,1440.2336,524.43481,1345.0031,965.80975,248.82338,964.37482,318.54083,411.37778,1217.5156,628.77435,175.66211,1114.1852
845.52734,1555.8704,297.04022,123.46327,2589.9507,602.56287,161.57256,323.18341,512.44641,464.51318,629.09424,1129.1301,740.34729,560.66718,233.23084,220.88596,271.94595,447.7244,1580.2144,814.47699,1332.2601,285.59131,764.86987,1330.9437,366.57611,113.64352,1283.4556,246.17416,1371.7076,110.80394,300.93524,333.99374,515.04578,1491.2487,662.2688,815.02051,463.75278,418.93668,619.23248,1634.0747,117.20631,236.59267,282.39056,868.01276,1480.4054,535.40179,1359.9227,987.40533,246.83279,949.19421,316.55612,412.95178,1238.5073,644.14667,176.4857,1081.498
842.53638,1573.2915,288.08719,117.25555,2634.6382,614.9408,161.57256,329.14087,525.77472,474.95914,633.06024,1146.99,745.69415,566.1441,232.45103,229.71252,269.47122,447.40747,1569.0682,821.4425,1354.0839,285.89832,767.89471,1309.4771,362.22562,111.40546,1285.665,244.43353,1379.2393,112.29125,312.24875,333.05023,521.27423,1452.4501,675.18622,827.05115,469.5498,427.58725,636.38458,1602.871,119.17123,246.01447,283.38403,887.90991,1523.553,534.90356,1422.5847,1002.764,246.83279,966.77185,322.26193,414.52539,1245.1365,656.04779,175.8974,1080.3707
827.58026,1691.9688,300.22351,124.61279,2606.8323,606.02887,157.18196,335.59454,517.50195,474.63266,647.93219,1183.7017,740.34729,565.14825,234.18025,224.63725,259.02231,473.75522,1436.1685,810.99408,1351.1082,283.13467,773.51215,1318.9224,360.85196,110.41077,1288.9783,230.25984,1361.3512,110.32428,303.03629,324.79471,524.62799,1429.5687,655.31329,816.12964,475.34668,419.34848,626.33051,1764.6366,126.68887,241.82695,281.64557,885.42291,1507.1868,491.53305,1408.4115,996.81867,243.84698,946.79712,325.98331,409.48947,1273.8618,656.04779,181.54494,1088.2607
812.62396,1780.1599,298.83084,129.67094,2603.853,606.02887,155.86485,328.14795,522.09802,463.86041,656.35999,1207.5143,741.16956,559.67108,231.52811,217.57597,249.67334,460.86832,1440.4562,812.16748,1405.6685,277.45352,782.58716,1371.3011,357.41736,111.40546,1254.7383,220.31343,1352.8777,108.83679,300.12729,341.54159,526.06549,1424.5952,650.8418,808.68323,460.85431,414.40543,619.82416,1781.0594,122.50281,240.78014,273.94614,906.81226,1502.7227,491.03442,1397.9677,1018.6176,238.87053,954.78717,320.7735,397.21408,1295.9583,651.08887,175.8974,1067.4086
820.10193,1840.043,308.79611,127.37177,2616.7627,616.42621,157.18196,341.05542,526.69397,502.37949,667.76178,1181.7173,773.66302,565.64587,235.11646,217.13458,226.85071,468.7905,1414.7338,811.1723,1430.4689,286.06995,792.526,1394.4856,362.68365,112.40015,1306.6505,214.8793,1392.4189,112.55559,301.90506,353.57101,509.29633,1384.8016,654.81628,851.87244,454.52893,423.87985,620.41547,1903.4097,127.62856,241.30351,277.67157,919.24786,1474.4541,474.58353,1430.7911,1019.6087,256.78571,977.15857,321.76587,389.66019,1308.1113,649.60132,173.54421,1070.2262
814.11938,1771.4497,291.28702,123.23335,2747.8491,605.03839,156.74297,329.38916,517.04242,493.40906,616.70062,1163.8577,765.02551,567.63794,233.71254,215.81065,216.67688,464.98776,1371.8627,819.6322,1453.2843,275.93549,780.42621,1383.3226,350.77734,108.42138,1280.1422,213.13841,1365.1167,106.85342,294.79376,354.04273,509.29633,1346.0032,640.40845,849.39044,446.1922,403.28314,617.45801,1834.4334,125.322,233.45201,281.64557,896.86365,1480.4054,465.61038,1397.9677,1013.6632,248.82338,969.16882,312.13388,385.28485,1284.9106,639.18774,176.83859,1110.8038
800.65869,1710.4781,288.50159,122.54363,2671.3823,617.91156,148.40085,332.61597,507.39099,509.88739,608.27313,1151.9509,739.93591,567.14001,237.45665,212.05934,218.60162,464.98776,1316.1309,826.10175,1443.3639,267.79715,769.62305,1339.5305,336.14621,106.432,1259.1564,210.40268,1302.9802,106.35758,289.94522,376.68643,491.09018,1280.3446,640.90533,840.95111,431.33118,400.81165,607.40375,1776.9531,121.05061,228.21771,284.37747,870.0025,1422.3794,466.10883,1383.0481,985.91882,242.35399,925.22473,310.89328,389.69165,1290.4341,623.81567,172.95598,1093.3329
796.17181,1638.6182,278.55331,120.01453,2578.033,644.15295,147.52277,311.76538,496.36087,487.03708,601.33282,1165.8417,722.66101,543.73749,229.49997,205.46504,192.47932,450.51636,1286.1213,813.16284,1404.6764,261.04074,758.38788,1344.6826,327.90286,102.20454,1214.9753,203.68765,1272.8535,104.87006,285.09653,375.74292,485.34085,1313.1746,626.00061,829.0368,431.33118,392.16101,602.08154,1702.2294,117.81435,220.36621,274.1944,820.25971,1403.0374,459.12961,1338.2896,952.22919,235.88463,894.86346,303.4498,374.58243,1245.1365,610.427,166.83778,1067.9723
778.22443,1777.9825,285.91495,126.68206,2467.8005,650.0946,155.42575,320.24344,500.95673,484.53812,612.2392,1211.4833,724.71735,555.68762,240.88931,207.45123,198.5287,468.26233,1334.1362,825.10626,1461.2203,266.87576,754.06653,1366.1494,337.06229,100.71253,1252.5292,200.45454,1286.0342,104.12631,291.56149,391.31043,493.0065,1299.2465,619.0448,824.07251,430.96872,381.45068,605.03784,1737.5387,120.89,221.41301,272.70429,823.24426,1428.3307,482.08243,1337.825,966.10156,244.34457,913.23993,301.46478,375.2121,1249.556,606.95569,168.83798,1040.3569
807.13965,1829.1553,294.47064,140.70666,2591.9351,670.88959,160.69441,337.62091,533.58771,532.86127,632.56451,1257.125,772.01733,580.086,241.66916,219.14801,220.52646,507.66272,1340.996,836.05475,1487.0122,296.51175,777.83374,1421.104,360.64746,108.42138,1315.4866,214.8793,1386.7709,109.82845,301.74332,408.52902,498.75601,1348.9883,639.41486,903.99756,443.65494,408.63834,628.69495,1824.5796,128.49371,234.23723,281.64557,894.37653,1435.7698,487.56635,1393.7853,974.02844,254.2975,993.13843,326.77289,392.5246,1236.2983,621.33606,175.07381,1073.6078
807.63831,1933.6782,317.35162,142.31609,2566.116,681.78229,164.20685,333.64905,547.37579,555.71686,613.23065,1310.7039,811.5025,591.04053,240.88931,216.94109,228.22563,517.48669,1414.7338,855.96094,1531.757,301.42532,800.73633,1447.7238,355.38074,110.16211,1345.3092,213.6358,1417.8384,111.06806,304.0061,417.25629,506.42175,1323.1223,653.82275,943.21558,445.82974,423.46787,649.39606,1918.1901,125.33263,238.94815,290.83487,905.31988,1499.7474,491.55463,1417.6616,992.85498,257.78107,991.54053,327.2692,389.69165,1259.499,635.22064,171.77936,1062.9922
823.59174,1999.0054,336.25363,149.90329,2596.9011,688.21875,188.13545,346.55811,562.54205,561.59406,638.56372,1306.7349,858.80255,591.04053,241.98125,212.08586,227.12573,510.62039,1397.5854,842.02649,1485.1298,306.79968,818.8858,1442.5712,366.37195,111.66779,1375.1316,216.86897,1479.9751,110.82015,306.75357,416.07681,522.23224,1348.9883,643.38953,1030.5872,444.7424,428.41119,620.41547,1982.239,128.4082,243.659,286.61273,886.91516,1490.8207,499.03262,1426.6155,1004.7456,255.29279,1025.098,328.26163,388.43259,1245.1365,635.71668,150.60118,1067.501
840.54224,2045.8234,331.47836,150.82286,2662.4443,689.70422,189.23305,341.59305,554.72906,593.26532,655.42023,1253.1556,825.8985,599.55487,249.62589,209.65819,222.17629,497.83911,1372.0137,842.02649,1430.5663,302.50021,813.26825,1461.462,366.37195,107.68855,1411.5803,219.85341,1485.6237,113.29934,311.11728,432.16284,531.33557,1374.8535,647.86096,1092.1447,426.2568,437.06177,609.17853,1958.426,131.56934,244.70598,286.36441,895.37158,1529.5046,506.51056,1478.8448,1001.7727,263.75281,1009.118,338.93082,390.3212,1248.5989,649.60132,150.60118,1064.6827
831.56836,2034.9353,345.80383,154.73143,2704.1545,693.17011,196.25803,349.0405,551.05225,595.87738,650.95795,1258.1172,825.8985,607.02454,247.5977,207.23055,239.77437,505.76138,1393.4509,855.4632,1460.3281,302.19302,809.44659,1501.8198,369.34863,109.67817,1431.4618,220.10208,1457.3796,119.24941,305.62225,433.10635,521.75342,1426.7257,676.17993,1126.8944,448.00446,434.59021,612.72723,2056.9626,133.61974,254.38943,287.13083,917.7558,1508.6743,537.91827,1478.0989,977.99194,270.71994,1014.7109,340.41956,387.48831,1266.2778,648.60938,144.52707,1070.3188
823.21191,2071.9536,348.98737,154.04169,2705.1467,676.33569,201.7462,339.85529,550.13318,606.97864,634.59772,1264.0706,801.21997,590.0932,243.38519,209.43758,231.80022,492.34622,1414.8889,840.03601,1432.5498,294.20822,790.86322,1474.3422,381.94281,107.93726,1441.5062,223.83263,1457.3796,118.75357,312.08695,451.97803,521.8501,1522.2385,675.68323,1142.2837,433.50598,423.87985,613.31879,2045.4675,135.49924,257.00665,293.58881,930.68872,1554.7977,536.42255,1451.9841,973.0376,262.75748,959.58093,343.89316,412.35541,1250.8086,659.5188,151.23573,1065.2466
837.17334,2051.2666,351.17609,165.53731,2727.988,682.77264,201.96567,349.53705,551.51196,624.28363,618.73248,1277.9612,843.58435,614.9917,246.03803,214.95483,240.04933,506.81766,1419.1763,825.10626,1448.4232,310.1778,796.48151,1520.7104,384.69058,109.92685,1466.9122,237.75996,1555.4733,117.76193,312.57193,461.88577,532.87176,1547.1117,687.60706,1221.2159,410.30835,429.23505,617.45801,2043.8246,139.00214,261.97934,303.52408,943.12439,1545.8705,535.42542,1511.6752,992.85498,268.97806,1005.9221,351.83301,411.41101,1287.2725,676.87476,145.35095,1055.1011
835.17877,2115.5049,368.68509,164.1579,2775.6553,697.13104,208.12854,375.85168,563.46112,692.5238,616.25366,1269.0313,860.03668,636.90234,259.92328,222.23776,239.2244,501.11371,1530.6528,835.05939,1449.415,310.79205,808.5824,1469.1898,394.7659,110.92167,1535.3976,236.26781,1536.6417,119.74526,316.45078,470.37796,540.05981,1536.1677,676.67676,1265.8947,403.78409,449.41977,638.75055,2163.7114,145.2388,269.83069,314.94971,945.11414,1586.3252,529.94171,1542.2666,1005.7365,273.45688,1015.5101,376.39676,411.41101,1271.8032,666.46124,145.70403,1061.8645
836.67468,2154.7014,371.86859,167.37657,2809.4194,698.12134,203.73764,379.07892,561.62293,665.75006,613.77478,1289.8673,876.89996,635.40857,260.07883,224.88602,242.52408,504.38824,1552.0903,838.54291,1457.3513,313.86316,806.42151,1491.5157,397.28467,111.91649,1559.6986,236.01906,1565.8306,120.98483,315.80423,476.51141,544.85168,1527.2134,683.13556,1249.0162,396.89713,453.12714,645.84753,2180.1343,146.09331,270.09238,313.211,945.11414,1613.1108,533.92987,1560.9202,1004.7456,266.73871,1034.6855,377.63742,417.39191,1274.0132,665.60815,147.70483,1069.7557
854.62482,2214.5845,377.04181,172.20485,2879.9282,726.3432,209.00673,405.64175,576.78955,651.05725,637.07648,1269.0313,889.65063,618.97559,270.84415,220.47223,252.14801,503.22632,1573.5278,837.04999,1466.28,312.48117,818.08972,1459.7449,408.96268,118.63147,1589.5233,233.28332,1535.7006,126.4391,321.78418,472.50092,539.58057,1672.4729,693.56885,1265.8947,406.32114,476.19543,656.49292,2194.9158,151.39018,269.56909,317.68198,990.87744,1590.7896,546.39343,1526.5978,1004.7456,269.72467,1055.4591,384.58463,405.1156,1276.2227,650.72876,155.94339,1091.1735
822.71344,2167.7668,366.8945,165.99718,2795.5168,719.41162,211.20224,407.37949,570.81482,643.22107,648.97504,1247.2028,875.25476,609.01611,266.00738,219.14801,256.82251,501.11371,1612.1157,840.03601,1444.4545,303.57498,826.3009,1437.4188,410.79459,112.16518,1518.8289,231.04495,1489.5636,126.93491,331.15811,456.69601,528.07965,1686.4016,668.2309,1230.1515,403.05914,462.18964,633.42737,2281.1353,145.40973,269.30737,305.51117,1004.8054,1616.087,539.41388,1497.4984,1031.9945,281.17035,1058.6553,387.06592,401.02362,1288.3771,653.70465,150.05875,1092.864
824.20941,2194.9868,376.04688,163.23814,2653.5063,703.07251,203.07899,418.05426,549.21381,625.91602,655.91614,1258.1172,906.51386,595.57105,263.19959,232.38966,257.09763,495.62085,1599.2527,825.60406,1412.7083,313.86316,815.06464,1424.5391,401.63528,107.43983,1543.13,235.77034,1552.6483,124.95157,330.51166,461.41394,542.45599,1668.4929,712.94531,1224.1946,400.52188,458.07034,627.51257,2359.1436,143.87192,259.62378,302.03372,1019.7288,1653.29,533.92987,1454.9685,1055.2803,292.11881,1116.1823,382.35165,397.87585,1271.8032,666.60016,138.87784,1144.717
830.19263,2381.168,408.27942,174.27406,2702.1672,725.84815,214.71489,423.01926,563.00195,657.26086,659.88208,1244.2263,933.70526,613.49799,270.0643,240.11383,247.47357,521.81744,1588.9631,837.04999,1457.3513,317.3949,811.17523,1417.142,401.86432,108.18594,1604.9879,241.24182,1574.3049,126.19116,333.90564,462.35757,540.53906,1689.3865,729.34009,1291.7091,395.0849,475.37152,628.69495,2408.4131,148.5708,286.84241,305.01434,1090.3633,1683.0522,569.32599,1501.2295,1064.1979,291.8699,1111.3882,400.71256,404.17136,1306.0569,671.56,143.58563,1168.9529
833.68317,2347.4155,410.07019,188.52864,2636.6243,715.9455,218.66675,423.76398,564.38074,689.58533,652.94141,1273.9923,955.50537,626.94312,265.85175,258.87283,244.99881,532.2749,1608.6848,848.49597,1436.5184,326.1474,809.87872,1452.356,408.96268,111.91649,1620.4518,228.8067,1627.9742,124.70364,336.81479,470.84976,564.49908,1691.3767,725.36566,1305.6089,390.37289,467.95682,635.20184,2356.6804,151.98819,276.37375,308.24335,1091.3582,1723.2314,534.42847,1466.907,1089.4655,297.09524,1113.7852,399.96814,409.20783,1318.2109,676.51984,137.70094,1227.0061
838.17023,2211.3176,395.94354,189.90808,2620.7349,731.78949,216.9104,432.45276,590.11762,696.44196,634.59772,1283.9142,974.83771,613,268.81604,253.79677,242.79906,536.07739,1604.3982,846.00775,1461.3198,333.36444,815.49689,1497.0175,419.49579,114.40352,1617.1382,221.3456,1675.994,124.95157,354.91614,485.00354,560.66559,1690.3816,720.39746,1378.0874,408.85846,486.90564,646.43884,2258.1438,144.72624,275.58862,311.47229,1102.799,1735.1361,517.47839,1381.8473,1121.6687,287.63986,1162.5232,405.92291,400.39404,1322.6307,682.96741,141.58485,1218.5516
862.60254,2335.4392,420.81439,193.12682,2566.6106,750.10931,208.34814,442.6311,600.22882,698.07434,649.96692,1300.7817,969.90149,622.9596,271.15628,252.47266,238.74457,541.57019,1663.5654,874.87164,1459.3357,331.52179,827.16522,1483.2753,420.4118,112.4139,1598.3597,223.83263,1693.8838,127.18285,353.46167,478.87024,554.43585,1688.392,713.93866,1381.0659,429.51889,500.91141,619.82416,2354.217,157.37056,273.51504,316.68835,1123.691,1748.5294,517.47839,1435.569,1127.6139,297.09524,1180.101,410.88534,409.83728,1321.5258,673.54376,146.29254,1214.0428
867.58868,2350.6824,414.44736,197.2701,2621.2412,774.86523,212.95856,425.5018,616.31476,693.17682,642.03418,1316.6571,987.99994,625.44916,294.40268,254.01755,236.26909,549.17572,1673.856,871.38806,1449.5513,338.2782,847.0448,1471.251,416.0611,110.42426,1590.6272,231.04495,1734.3718,130.65373,366.22952,485.94723,587.9798,1631.6804,701.02136,1417.8018,436.04324,507.5025,616.86645,2282.7776,152.41542,284.76971,323.89148,1154.0343,1739.6005,513.9884,1432.5845,1145.9447,298.58804,1170.5133,409.64475,422.42819,1309.3712,685.94354,137.70094,1209.5339
873.07343,2322.3738,416.63614,199.79927,2621.2412,803.0871,214.93442,420.53671,601.14783,685.99377,632.16907,1397.0253,1023.7848,645.86591,297.67899,261.3002,239.84477,535.02118,1620.6899,890.79645,1466.4182,360.5434,842.72327,1508.1829,414.91623,109.92685,1588.4186,229.5528,1755.0863,125.94327,352.6535,501.75229,567.37427,1634.6656,721.88782,1387.0234,430.60632,488.14142,610.36114,2226.5886,152.07362,283.72287,316.93674,1134.1371,1706.8621,505.51355,1410.2003,1136.1718,316.00571,1188.0912,415.10345,430.6124,1310.4763,676.0238,142.99712,1243.9149
867.09027,2153.6133,401.91242,195.66069,2859.626,795.66046,215.15396,416.81311,607.28082,657.91388,634.15247,1423.8151,978.95068,657.31927,302.67194,259.53485,243.1454,527.31018,1646.4155,907.21906,1564.6423,352.09793,860.00995,1533.0902,408.27573,114.40352,1539.8163,229.8015,1703.2992,126.93491,346.18872,510.95209,572.64551,1684.4117,764.11804,1326.4589,473.37692,490.61322,621.00702,2191.272,152.75708,286.07831,320.16568,1148.0651,1686.0287,517.47839,1472.8759,1128.7394,305.55514,1147.3428,407.90793,423.0578,1328.1559,680.48773,146.88098,1276.0408
864.09827,2215.8811,403.50424,204.16765,2881.478,842.38135,223.49669,420.78497,620.61273,728.7663,655.96832,1439.0277,978.95068,685.20544,296.27508,263.94864,253.04719,533.85931,1693.5791,920.77679,1534.8773,365.1499,851.36664,1534.8077,425.90741,115.14963,1598.3597,241.9879,1773.9175,142.30594,356.36331,541.61896,573.60394,1731.1736,781.50684,1369.3375,508.89838,553.63892,651.76105,2242.1943,156.27885,290.78961,327.86557,1254.0173,1730.672,535.92413,1439.2994,1135.1807,331.20343,1214.6663,422.79507,416.44751,1309.3712,694.375,151.82407,1386.5109
865.0957,2343.281,418.82465,202.0984,2954.9792,823.56262,277.06561,417.06125,628.88715,721.90949,662.90979,1413.2246,1034.8904,690.68317,284.72992,262.40387,262.67404,555.72498,1694.4368,904.35217,1523.9634,386.34036,834.94421,1497.0175,441.02026,127.08738,1607.1967,246.96201,1872.7825,144.53722,368.00488,539.25983,561.14441,1673.4681,805.35468,1368.3448,508.17346,561.05383,668.32196,2339.1101,158.32945,290.00443,328.61069,1235.6123,1729.1838,537.41968,1499.7368,1141.6222,329.71045,1223.4563,431.72742,435.6488,1299.4269,691.39929,147.70483,1351.5665
845.64948,2415.1475,425.19171,205.08728,2880.4851,791.86792,279.70017,417.80597,619.23328,700.03345,655.47253,1383.4514,1020.9056,680.22583,286.75809,248.50015,251.12183,540.40839,1658.4209,902.36121,1493.2064,380.81238,834.22284,1466.0978,440.33319,118.63147,1542.0249,238.2574,1815.3469,140.81845,356.04007,525.10608,548.6853,1641.6294,792.93384,1318.6948,512.16065,550.03033,652.94415,2399.8865,156.53519,288.17227,330.3494,1183.0199,1662.2191,509.50177,1467.0524,1121.8024,326.47549,1144.3429,400.9606,415.50326,1301.6366,683.95947,141.82016,1336.9127
832.68585,2545.8127,448.27176,214.51407,2919.2219,799.79199,276.62653,432.45276,644.51752,703.29858,675.80109,1373.5271,1014.3246,669.76868,293.93481,250.92786,252.49715,525.72583,1586.3903,895.89093,1465.426,373.1348,838.54468,1453.2151,447.8898,116.39314,1646.9626,232.53722,1800.2816,139.57886,349.24893,532.65491,543.89319,1636.6554,758.15625,1337.5618,465.40277,554.15057,651.76105,2517.3359,160.20924,277.70294,333.82687,1165.1106,1735.1361,524.45795,1487.9465,1119.8203,336.18018,1196.2861,400.46432,408.26352,1283.9578,684.45538,148.05795,1278.2955
834.18158,2576.3013,462.0004,205.31722,2920.2153,792.85846,269.38162,415.57172,627.96796,667.38269,682.24664,1372.5344,1003.6304,672.25848,288.03668,251.81065,262.67404,496.70242,1599.2527,884.94122,1486.2612,358.70081,835.51947,1462.6622,439.64624,116.14443,1604.9879,222.40353,1778.6255,140.07469,339.54758,555.77246,533.35083,1613.7717,772.729,1299.8278,458.07477,543.02612,644.07306,2513.2292,164.05432,277.70294,338.54608,1145.2112,1697.9336,516.9798,1480.4841,1108.9192,334.43842,1165.9196,379.87042,415.18842,1276.2227,669.57593,151.00021,1254.6234
801.27289,2678.6582,491.04956,214.74399,3012.5898,796.82056,287.16476,425.00528,626.58887,683.05512,706.04608,1420.1715,1060.3929,676.24207,293.34168,263.06583,269.00015,525.09192,1637.8414,911.81787,1480.3087,362.42859,834.22284,1511.6184,448.80563,114.65223,1634.812,224.64252,1811.5804,139.57886,343.10477,559.0752,552.99823,1658.5437,756.33008,1343.5198,472.94495,541.37824,652.35278,2597.0032,165.7632,273.25336,334.32352,1151.1808,1755.9696,516.9798,1538.6886,1142.6134,347.12906,1145.1423,373.4194,414.24414,1304.9517,680.9837,150.41174,1339.1666
759.38959,2542.5471,468.36737,216.1234,3009.6101,793.35376,281.01755,414.64041,629.80682,670.64777,670.84308,1391.3911,1033.2455,691.67895,290.68924,263.72797,260.19855,541.57019,1654.9913,900.86798,1543.8074,357.5144,819.09393,1463.5215,447.8898,114.42152,1627.08,224.14497,1745.671,137.38283,345.04495,552.46985,551.56067,1603.8226,755.33624,1300.8208,451.18375,530.25372,644.78778,2477.0906,162.85809,261.73682,332.08807,1123.3215,1721.7433,452.20084,1521.526,1114.8654,361.31281,1163.522,380.11853,402.28262,1287.2725,665.60815,152.41254,1262.5145
755.89917,2696.0791,506.17096,221.41159,2910.2827,796.82056,285.84747,415.13718,625.66949,659.54639,678.77612,1395.3602,1076.8461,707.11585,290.84494,267.98679,262.67404,551.39398,1663.5654,899.8725,1528.9249,374.40723,835.08667,1481.5577,446.11227,114.42152,1628.1841,235.8373,1793.6907,139.61469,346.98529,585.0238,543.41406,1700.3307,774.21979,1346.4984,465.32852,539.7301,649.52051,2677.4915,159.61114,270.89774,339.53961,1139.2411,1763.4108,433.75381,1497.6469,1158.4689,361.31281,1165.9196,389.79523,402.28262,1249.7045,667.59192,150.64726,1280.5505
753.90466,2640.5464,485.87637,212.21483,2837.7737,764.13531,276.18744,406.69534,588.89227,654.38928,653.98517,1339.7847,1056.2797,667.38342,282.26331,256.06641,259.37344,528.56451,1654.9913,892.40686,1503.1284,360.58585,822.11993,1446.3439,431.22665,108.70043,1584,235.58856,1761.6771,135.39891,327.25922,571.81348,529.03809,1741.1222,744.40393,1268.0521,452.63443,517.48151,622.90076,2613.4285,151.49396,258.59598,345.74915,1147.2004,1717.2788,443.22662,1439.442,1103.9646,345.38718,1126.7628,363.24652,402.35904,1219.8699,641.30505,145.70403,1234.5533
753.90466,2219.1475,405.75226,192.44182,2782.1511,734.91699,267.18619,376.15591,563.14856,582.87653,617.83765,1320.9282,1001.1622,634.51245,278.51877,233.77098,254.97264,502.25757,1627.551,862.54382,1493.3123,337.24292,815.20386,1405.1182,405.34842,104.22306,1463.5983,228.87167,1660.9287,128.45543,323.37869,542.56238,545.81024,1676.4525,706.14008,1191.5918,433.41208,494.82129,603.38013,2268.4766,141.41136,237.13362,328.8591,1023.8248,1662.2191,428.26956,1366.3135,1079.1896,321.24991,1062.8329,330.49475,404.24795,1161.3074,639.81696,142.99712,1166.9063
749.91577,2357.4363,424.25891,183.93481,2829.8279,749.27856,272.23566,381.86649,562.22894,623.04126,636.68048,1347.7235,1069.4423,617.57904,285.53992,244.36684,263.22415,509.33621,1566.6676,894.39764,1493.3123,358.12863,816.13812,1434.3193,400.76822,103.47683,1512.2009,234.59343,1745.671,128.95138,330.16971,524.16229,578.87506,1663.5182,730.48993,1249.1854,442.47922,496.46915,629.40735,2486.9463,143.80389,246.04379,319.91733,1041.7339,1724.7192,435.74814,1354.3743,1105.946,334.93597,1062.8329,355.55475,406.76663,1214.5331,665.11206,140.8786,1200.7302
733.95996,2281.2146,412.12027,182.09544,2876.5112,725.50763,274.87021,385.09415,573.72168,629.57202,628.25061,1348.7162,1038.1814,617.08075,287.25613,243.9254,268.17508,494.86218,1590.9542,885.43897,1471.483,348.30008,801.00848,1408.5537,400.31024,107.45672,1485.6909,227.62779,1700.4751,126.22355,335.34378,528.40857,581.27112,1656.8461,731.98053,1227.3396,443.92987,482.04892,619.35113,2363.7488,142.6931,248.39961,317.98669,1047.7037,1718.767,432.25812,1326.0188,1126.7576,331.70105,1050.8459,339.42697,403.61835,1181.7081,660.64832,149.23485,1213.1318
714.07642,2108.0818,376.49997,159.79334,2889.4233,722.53644,272.23566,354.80313,561.30957,570.4679,606.92895,1332.8375,1003.6304,594.66864,276.80197,246.35359,257.99811,454.60974,1552.3595,901.86365,1478.4288,340.00714,807.4928,1412.848,387.02765,103.72559,1444.8202,221.15967,1621.3828,122.25577,338.57748,519.06024,569.77026,1649.8801,712.60016,1103.2155,419.99264,466.80469,624.67554,2181.4165,132.01247,234.52689,315.00549,983.03064,1769.3625,432.75671,1275.2758,1128.7394,294.62421,1010.89,310.97464,420.61939,1148.8828,654.69641,141.82016,1195.0927
707.59375,2155.9924,377.29596,156.57454,3011.5962,717.58398,274.43112,350.33389,551.19568,613.57159,594.03674,1320.9282,1015.97,583.21356,274.61783,237.74449,263.22415,456.30014,1522.3411,895.89093,1443.7004,344.92157,810.08649,1385.3635,389.77573,102.23311,1410.8014,222.40353,1640.215,121.75985,340.84109,540.76642,575.19,1622.0176,695.70465,1124.0681,422.53128,451.97244,611.6615,2231.5171,133.03783,234.00333,320.96774,979.05078,1755.9696,431.26096,1268.5598,1102.9735,310.05222,1026.8724,325.86563,418.10074,1123.0206,642.29712,134.83299,1251.4651
744.99304,2295.3704,397.99142,161.86267,3100.99,732.93603,281.89563,354.05832,548.89716,610.30615,611.88751,1347.7235,1009.3889,602.13934,282.10748,242.15935,281.65247,459.57529,1522.3411,903.85443,1474.4598,348.30008,817.86719,1405.1182,386.11151,104.22306,1428.4783,227.37903,1630.7985,125.23163,337.28403,534.16003,575.19,1613.0615,697.19543,1200.5287,418.54184,458.97653,621.12598,2300.5068,137.31001,234.26515,322.20993,977.06073,1772.3387,424.28104,1293.9315,1118.8295,314.03354,1043.6538,329.34021,412.43375,1169.7721,651.22467,135.18631,1268.3766
758.45673,2415.1475,415.90109,154.0454,3242.0354,758.19263,289.79947,367.21747,564.98724,623.36774,625.27582,1351.6936,1039.0041,615.0885,288.03668,251.8723,288.52881,474.57745,1610.6803,905.34747,1499.2653,363.65723,822.62231,1433.4608,395.04303,107.45672,1466.0402,237.32999,1689.4484,127.21549,343.75153,553.97882,560.81049,1624.0076,731.98053,1225.3535,446.10617,503.47327,645.97131,2348.1445,141.49684,241.59407,332.39551,1004.9199,1741.0885,415.30685,1329.7498,1140.631,326.72433,1054.8418,331.57385,420.61939,1209.5596,636.34522,135.65724,1117.4116
801.34113,2460.8806,434.80572,149.90694,3221.1763,718.07929,283.21301,340.65076,576.93964,633.164,642.13495,1395.3602,1093.2985,610.10809,286.00845,246.57434,290.45416,457.98636,1638.1252,898.87714,1528.0403,381.16437,831.26788,1467.8153,394.81406,102.23311,1440.6304,234.34468,1761.9614,128.20743,351.83606,547.84442,572.7937,1640.9247,721.5448,1260.108,444.6554,482.46106,631.77356,2348.9648,142.6931,239.76183,331.15323,992.98041,1802.593,401.34695,1320.7949,1156.4869,343.39648,1053.2434,329.09204,432.58328,1209.5596,644.07721,139.89659,1126.9952
813.30896,2325.8584,416.64746,144.61873,3101.9839,688.3656,294.2276,330.71933,538.78345,610.30615,637.67218,1337.7999,1055.4572,607.11987,280.07858,238.62738,271.75076,457.98636,1629.5482,900.37024,1458.5845,356.28574,814.409,1431.0415,373.05798,95.765854,1397.5444,230.11552,1705.4575,122.50381,334.37344,536.04767,563.68622,1612.0665,686.75977,1179.6759,413.46426,454.85651,612.84454,2238.0869,135.68655,224.84219,329.91113,909.40295,1763.8921,406.08334,1276.0219,1132.7032,318.01495,981.32245,312.71191,436.99091,1177.7291,621.25159,131.65346,1112.6198
851.70557,2289.9248,387.54422,137.0314,3171.5132,704.21289,297.08218,340.89899,549.35681,626.79645,614.36676,1379.4818,1058.7476,614.09259,322.67541,246.35359,273.98706,457.98636,1638.1252,896.88641,1479.4207,364.57867,818.73199,1464.5408,387.25656,95.765854,1399.7535,230.11552,1744.0682,123.24774,339.22424,543.59759,568.9588,1651.8704,696.69849,1215.4233,406.93579,461.86057,612.25305,2154.3127,137.99359,215.41919,335.37653,902.43823,1833.8518,418.79675,1282.7379,1154.5049,309.55457,1020.4792,322.63922,448.00998,1247.3583,638.12286,131.0647,1123.1616
845.72137,2460.8806,416.14981,125.07563,3236.0747,717.58398,299.49741,354.80313,582.91583,634.4704,645.60571,1422.1563,1139.4718,625.54761,327.35699,261.14371,283.06494,457.98636,1637.2668,944.16943,1481.4055,388.22867,842.07489,1508.3486,399.3941,99.496956,1439.5261,243.54935,1866.4919,125.72756,351.83606,564.36005,587.17304,1716.5522,715.08496,1262.0942,419.62985,475.86883,635.9151,2291.4734,152.77556,241.07065,350.03372,958.15656,1894.8806,458.18359,1370.0447,1204.0546,327.47095,1095.5972,340.50848,459.02936,1265.2632,658.46735,140.42651,1192.1614
837.24457,2537.1023,421.37344,128.53354,3195.3513,719.06964,290.71454,342.63709,584.29511,626.95953,630.73035,1416.2014,1119.7266,616.58289,326.42068,258.4946,280.31403,457.98636,1595.2427,921.27441,1425.8401,383.00717,826.94525,1506.6306,387.71463,101.23816,1411.9065,236.08609,1835.4156,124.98363,339.54758,546.90063,584.77661,1663.812,726.51422,1243.2272,424.70749,471.74869,633.54864,2304.6135,148.93059,240.02359,351.52432,972.08594,1900.8351,445.71948,1339.45,1200.0912,326.47549,1065.23,341.00482,458.71442,1215.528,651.52039,120.55486,1169.1615
845.72137,2520.7686,422.61725,114.66531,3173.4985,720.06012,288.07971,339.65756,584.29511,606.71417,605.93726,1401.4684,1118.9032,608.11591,325.01654,258.71549,277.01297,457.98636,1590.9542,927.24707,1440.8325,383.62149,820.89337,1514.3611,376.4931,103.97431,1386.4968,227.62779,1826.9399,122.99975,327.90594,539.82275,602.03241,1629.9785,749.37329,1211.4517,420.71799,458.56455,664.35834,2203.592,140.38606,229.03021,356.49286,867.61414,1902.3236,433.25516,1264.8287,1223.8743,316.28763,1042.8549,328.09933,470.04855,1183.6975,661.94092,113.34212,1145.2034
856.69238,2579.5681,428.83591,126.87962,3297.9316,725.01233,289.83633,366.96921,597.62689,635.12317,608.96503,1440.1775,1114.7906,630.02991,330.7894,262.46817,279.76379,457.98636,1620.9718,945.66248,1431.9017,394.67862,824.35138,1561.6047,398.47806,105.21802,1413.0111,234.34468,1810.9307,125.97558,338.32358,556.81024,604.90851,1645.9001,757.82092,1250.1782,457.71207,473.39697,671.45807,2235.7974,146.28171,241.33229,357.23816,941.24207,1914.2314,433.75381,1276.7684,1203.0636,332.46277,1062.8329,339.26755,468.47436,1225.4751,672.85748,113.34212,1178.7451
828.26862,2567.5911,430.8259,127.12891,3308.8584,729.08179,293.56903,360.51376,597.26276,620.75537,600.53497,1431.2448,1110.6768,640.98706,334.84659,259.15686,273.43692,474.57745,1629.5482,939.68994,1429.9171,393.45004,820.52826,1552.1555,389.77573,103.72559,1436.2113,230.11552,1793.979,128.20743,340.26425,556.81024,609.70148,1615.0518,738.93756,1232.3046,471.1315,475.0993,657.85126,2178.3008,144.40195,243.9498,353.51172,900.44806,1909.7661,442.72797,1281.2455,1181.2618,331.96506,1046.9379,325.12109,463.43701,1235.4225,667.39905,115.66056,1178.7451
828.76746,2538.7517,472.11743,130.12016,3412.1667,735.02527,306.96301,369.70044,619.33234,652.75653,591.11267,1434.2223,1137.8263,653.93634,347.64127,265.11713,280.58905,536.69958,1683.5804,936.20593,1476.5558,401.43576,826.14813,1558.1683,414.05084,105.46677,1496.9745,238.32503,1806.2222,134.40701,339.94076,570.96631,616.41211,1648.8853,751.46466,1235.2836,476.57199,491.99362,670.86664,2205.4072,151.49396,253.11108,355.74756,931.3678,1975.2609,464.66501,1301.3939,1206.3613,340.17716,1066.1191,345.96854,478.54907,1248.3535,681.78906,118.23645,1176.828
817.29816,2425.4824,458.68518,136.10275,3278.0647,735.52057,303.01068,377.39737,605.53894,639.36829,586.15375,1449.1102,1099.1584,661.40704,344.38178,275.27148,283.06494,544.94,1644.9858,928.74011,1457.7021,382.08572,825.28369,1549.5791,409.47064,101.98438,1458.3064,235.8373,1760.0781,130.68726,337.02979,563.41632,612.57758,1719.5375,738.04559,1228.4695,457.34943,480.45599,675.00793,2194.7285,151.15214,253.8963,360.21921,910.47174,1941.0248,464.16644,1291.6924,1227.1779,326.73926,1054.1311,328.84372,464.69626,1260.2896,674.34607,116.94855,1233.3698
832.75665,2298.0554,438.28809,141.836,3273.0979,770.19153,308.28033,382.11481,625.30981,678.55322,568.30127,1490.7974,1120.5493,685.31335,347.19006,277.03742,286.09079,524.49121,1676.7197,923.26526,1455.7175,400.20721,826.58051,1571.9126,415.4248,97.755753,1463.8307,242.30541,1804.3389,136.90436,342.52829,588.8974,622.64331,1853.8763,743.5127,1302.952,462.42706,509.71191,690.98016,1997.5973,152.69008,264.10452,374.62805,888.58057,1991.6345,462.17212,1307.3624,1241.0557,328.48123,1078.1064,365.32696,473.19684,1275.2106,692.70563,119.78208,1236.2445
828.76746,2324.1931,433.56192,138.09695,3301.9053,764.74341,299.49741,388.3219,605.9986,686.06372,569.29291,1459.0359,1109.0314,667.38342,337.98379,282.55606,296.5441,551.01141,1638.1252,930.9198,1407.094,389.7644,823.12201,1543.5663,424.12726,96.512047,1462.7262,240.56401,1781.7377,133.92821,342.20496,594.08807,621.68469,1846.9105,741.5246,1284.0834,444.6554,507.23962,685.65656,1977.0627,151.06665,262.79571,379.59659,889.57556,1963.3527,463.66791,1303.6318,1233.1254,327.98343,1095.6888,352.17307,465.95566,1280.1837,683.77387,118.49404,1238.1611
827.7702,2432.0173,455.71115,143.08237,3315.8118,775.63983,306.30417,392.54294,619.79224,703.3703,577.22742,1433.2301,1122.1952,665.88946,341.72916,287.1918,295.1687,558.61896,1693.8728,939.38269,1411.0632,402.99149,842.57611,1528.9639,453.21155,96.263306,1523.4891,244.08553,1853.3079,141.36859,348.99725,606.35663,639.89887,1886.7147,755.93774,1328.7726,453.93085,546.79694,701.03717,2075.6279,154.82619,263.0575,373.13745,925.39752,1988.6571,489.84277,1337.9576,1306.4786,355.35687,1093.291,352.17307,453.36237,1310.0249,700.1488,125.96435,1241.0361
829.26611,2421.1262,456.20871,145.82434,3278.0647,771.67755,309.15866,393.03946,641.86212,736.67761,567.80566,1418.3417,1151.8131,687.80359,345.78592,294.28427,295.71896,571.19226,1697.3031,951.82825,1433.8865,403.29865,863.32696,1524.6686,462.60107,101.98438,1565.4703,257.27261,1874.0255,141.36859,359.67093,617.20966,657.15478,1893.6805,769.35669,1314.8694,455.01947,523.30981,703.40381,2023.0602,157.90231,248.39961,385.06198,958.73163,2109.2271,486.35266,1364.0752,1309.4525,362.32477,1110.074,351.47791,478.54907,1318.9771,716.02741,130.08589,1247.7445
819.79163,2626.9712,497.2525,156.54301,3330.7122,784.55524,310.47617,417.8682,665.31128,724.26904,587.14575,1429.2599,1170.7351,679.83466,340.16852,288.54419,304.52173,567.91711,1753.0514,950.33447,1447.7784,402.99149,879.32263,1556.4507,455.30322,99.994461,1607.4519,263.9906,1919.2289,143.10475,375.8432,622.87238,656.67548,1918.5581,762.89563,1328.7726,473.16211,534.84729,702.81189,2248.1177,164.48148,260.9635,383.81973,1012.9619,1465.6925,497.3212,1404.3704,1310.444,381.98383,1153.2302,377.04443,479.80832,1314.9987,719.50092,134.72261,1278.4109
811.81299,2626.9712,510.43634,145.32579,3480.7092,775.63983,318.16116,416.6268,655.19586,712.18689,597.06354,1426.2817,1184.7219,691.78778,347.97073,296.71268,308.64807,574.57343,1736.7551,954.81519,1474.571,410.05627,868.08264,1570.1942,518.05597,104.72055,1593.0897,253.78928,1915.4615,142.6087,363.87567,609.65979,648.52685,1832.9794,779.79364,1311.8903,461.18799,525.37,709.91193,2314.6504,160.90544,255.99017,392.01788,983.11035,1448.9556,505.79681,1410.3401,1313.4174,381.98383,1138.8455,373.8176,492.1228,1300.0784,705.1109,132.40425,1312.9105
811.81299,2611.7227,511.18265,140.83888,3118.1343,762.26672,323.21137,411.70517,650.13824,728.84058,597.06354,1429.2599,1225.0352,690.29352,333.61487,292.95956,310.57364,580.49023,1843.9625,972.73651,1399.1552,410.3634,863.75964,1592.5278,501.79544,106.21301,1568.7848,260.50726,1948.4221,140.12857,362.90537,627.591,645.65088,1873.7784,776.31457,1318.8417,445.5852,519.60132,709.32019,2379.5396,157.23097,249.97009,394.99908,986.09558,1425.121,505.57025,1400.6392,1309.4525,373.77182,1177.2059,366.61929,505.03204,1309.0303,705.60699,138.32898,1363.7025
832.75665,2629.1484,505.21252,141.08821,3168.7959,758.3045,337.04437,404.00745,642.78149,690.96198,585.16223,1431.2448,1224.2125,684.3172,327.9975,291.85568,310.57364,576.68677,1879.1266,965.2691,1391.2172,421.11386,878.02545,1603.694,510.72736,103.2281,1590.8799,262.49771,1947.48,145.8329,360.96478,619.56921,637.02319,1860.8422,761.90167,1321.8212,446.31101,522.89777,693.93842,2398.4319,156.20558,243.68806,395.496,978.13519,1394.3339,504.0744,1392.4312,1305.4874,406.12225,1178.8044,355.44934,510.06976,1358.7648,716.02741,138.07141,1359.8693
879.13177,2718.4583,492.27756,138.09695,2989.9932,781.0882,333.53134,414.18838,652.43707,704.81091,593.09637,1401.4684,1253.0079,698.26263,350.46698,307.30954,315.52521,599.72052,1873.1228,986.17779,1349.6558,434.0144,871.54102,1601.1168,517.59821,110.44164,1607.4519,271.20621,2026.585,146.3289,359.34744,662.50958,657.63415,1859.8472,774.32666,1372.4695,447.7623,525.78204,703.99536,2365.5759,157.65834,253.11108,417.35739,997.53876,1413.2031,494.35187,1372.5957,1377.8495,408.61072,1193.1899,371.83182,500.30914,1395.5693,746.2962,138.58659,1431.8265
892.0968,2611.7227,455.46246,143.5809,3014.8259,790.49902,363.83234,417.66473,650.13824,719.50787,577.27801,1428.267,1285.0939,687.30542,362.95013,303.11502,315.80029,599.19202,2053.2314,988.66675,1363.5492,443.84357,856.84253,1581.3615,521.03332,115.18247,1606.3474,261.75122,2073.6711,148.80905,367.43362,655.90326,693.10431,1886.7147,769.85364,1408.2214,455.74515,556.68616,675.00793,2192.2646,154.6675,258.08423,407.91727,980.12518,1418.1689,484.3801,1375.5808,1431.3773,415.57849,1198.7843,380.02307,504.08743,1393.7346,764.65588,141.67775,1421.2841
874.14508,2647.6633,472.62625,145.07651,2953.2388,789.50848,346.92523,400.77939,636.34448,691.42011,569.83905,1444.1479,1289.2079,679.88666,363.26221,300.02417,307.54773,582.18097,2018.0674,982.69305,1328.8152,456.43707,836.95605,1587.3738,515.30768,110.70454,1576.5184,248.56416,2054.8367,150.79321,358.70059,646.99622,691.66608,1821.0381,766.37469,1371.4766,459.73654,543.91254,661.40118,2229.2263,149.96764,257.82245,397.73178,961.21924,1460.8728,490.86176,1368.8633,1497.7915,396.16818,1190.7924,365.87463,501.25369,1371.8488,760.68628,139.87456,1482.6211
839.23914,2561.6238,492.52631,143.33162,2870.7903,778.61194,354.17108,388.11533,621.63135,728.65295,562.89581,1421.3195,1242.3121,660.9596,360.76599,296.71268,321.30209,596.44476,1957.345,971.74091,1349.6558,442.30792,803.29877,1602.8344,520.3465,110.95331,1494.7646,237.86522,1987.9747,147.07294,348.99725,638.02972,672.49323,1777.3973,737.54889,1450.9248,478.24207,541.44031,660.80951,2227.5837,146.20773,268.29245,392.78632,958.23431,1444.983,480.64072,1360.6533,1445.2551,401.89179,1161.222,387.22147,494.64172,1340.0154,756.71643,136.56689,1492.2047
828.88678,2635.6836,514.91394,150.3112,2894.6301,807.33917,351.31674,380.6658,671.28815,772.74451,577.77417,1452.0884,1264.5259,672.41571,372.93707,306.42645,319.37637,630.88983,2020.8169,981.19934,1329.8081,451.82965,791.62531,1760.0259,521.49158,109.95821,1525.8091,236.6212,2028.4678,158.72963,359.34744,640.86121,689.37622,1721.6661,756.93182,1499.5868,479.69357,565.33929,673.23297,2262.0823,145.95145,267.24554,393.28326,1019.9274,1440.0172,484.3801,1384.5374,1501.7566,415.08087,1196.3866,398.88773,487.3999,1356.9272,769.12164,142.49344,1547.7908
834.87134,2726.0818,520.88391,152.55467,2851.9165,813.77808,349.34055,421.63763,669.44934,798.21936,575.29431,1429.2599,1367.3666,643.02832,381.3634,300.68649,323.77783,652.23285,2187.2178,991.15588,1322.8615,470.87341,805.02808,1739.4108,528.59131,109.21188,1579.9467,240.10452,2090.8044,156.74556,365.49301,669.64795,714.78467,1781.3772,763.88965,1483.6971,481.14496,585.52997,661.40118,2329.4353,150.4803,276.66846,406.20212,1066.197,1452.9277,481.13928,1439.0232,1549.3368,432.25137,1218.7642,404.3486,502.82803,1397.7142,792.93951,150.48132,1617.7533
830.88165,2648.7534,495.01382,152.55467,2718.8066,813.28284,352.21631,416.17477,670.82861,802.13849,566.86328,1413.3791,1365.7205,621.11273,376.6817,314.37405,313.87476,629.83331,2166.6311,979.70618,1328.8152,478.24533,798.97534,1710.2059,534.08813,106.22661,1565.5835,235.62592,2109.6409,156.99356,367.75705,680.5022,710.46979,1791.3296,763.39252,1477.7383,498.19913,582.23364,661.99292,2175.8372,152.18941,281.37991,404.46314,1084.6056,1446.2001,531.49683,1467.3859,1548.3455,432.50031,1186.7963,417.00772,507.23593,1410.6476,771.60266,146.35844,1586.1263
823.40051,2713.0115,506.45633,157.78938,2725.761,814.27325,351.99661,422.87936,671.28815,813.24323,562.89581,1418.3417,1410.1481,626.09344,378.86645,313.0495,319.10147,640.18774,2200.9409,998.12531,1333.7771,484.3884,805.02808,1726.5264,546.91333,105.97783,1556.7446,237.36765,2187.8113,156.2495,369.69769,676.72681,706.6344,1791.3296,766.8717,1515.4764,509.08484,576.46478,663.17596,2232.5112,153.04387,283.73572,406.69904,1110.4767,1460.1058,531.49683,1480.0741,1540.4159,427.77209,1192.3905,423.21314,509.43997,1420.595,774.22613,145.84314,1605.2944
838.86145,2537.6626,461.68121,158.28796,2839.0029,820.71234,339.48029,420.6445,688.76031,833.49268,552.48102,1429.2599,1359.139,626.09344,374.18543,309.29651,320.75189,643.99139,2152.9089,991.6535,1380.4202,471.48779,813.67529,1766.0393,535.4624,104.98272,1558.9546,240.35336,2150.1389,156.74556,373.5791,692.77197,690.3349,1930.655,775.81769,1487.6692,510.17325,588.8266,683.88141,2057.5576,151.67662,279.02429,415.3945,1084.6056,1437.261,537.72937,1487.538,1477.9664,427.0256,1183.5995,419.73825,531.1651,1412.6361,758.84076,150.48132,1612.0027
825.89429,2653.1096,466.15872,167.01254,2853.9028,816.2547,360.78015,414.43665,698.87561,792.92847,542.0658,1505.6853,1303.1937,625.5954,386.04446,312.16632,335.6066,648.9574,2036.2562,1003.6013,1360.5725,458.28006,794.21948,1820.1541,539.12659,108.96311,1602.0439,234.38184,2051.249,158.23369,383.6059,651.24323,701.36096,1932.6459,793.21265,1428.0831,530.4931,595.83142,714.05219,2161.053,162.69987,287.92371,410.67413,1073.1625,1405.4762,541.21942,1470.371,1490.8527,418.56476,1183.5995,414.02918,527.07196,1401.6935,762.31488,153.83098,1431.9489
817.91486,2546.375,451.2337,168.25885,2870.7903,824.17944,368.90485,426.60403,686.92108,773.39758,539.09045,1491.7896,1276.8667,653.98639,397.90344,322.32178,341.38339,647.26691,2067.9924,980.20374,1407.2142,450.60111,806.32526,1771.1926,545.99713,107.96805,1657.2869,229.90321,2029.588,160.21776,376.49014,635.19818,706.6344,1907.766,836.45166,1420.1384,544.28143,591.711,723.51868,2117.5186,163.81081,287.40027,431.54321,1094.0584,1379.6512,559.16852,1631.5898,1529.512,427.0256,1180.4031,410.55399,521.40454,1406.6677,753.38153,152.80032,1407.1124
806.94263,2579.05,455.71115,177.98044,2785.3613,827.64648,361.6586,417.16812,684.16235,783.19574,535.61865,1505.6853,1322.1638,642.53033,392.28604,332.03546,334.50619,621.59168,2101.4438,993.14728,1376.4504,454.59415,805.46057,1809.3624,520.3465,105.23149,1641.8188,231.39609,2061.6101,157.48959,377.46045,644.16455,720.05774,1936.6262,810.11066,1404.2484,546.45886,578.93701,695.12183,2202.9429,158.94006,284.78265,434.77298,1100.5265,1387.5977,563.65576,1568.8938,1505.722,433.99338,1173.2102,404.10031,516.68158,1370.8549,757.84821,153.57341,1392.5531
813.42609,2606.2783,464.16873,177.4819,2915.4907,831.60864,360.56058,421.63763,695.65704,807.36432,530.65967,1542.4093,1351.7831,636.55316,403.83283,327.62024,335.88171,635.22174,2075.7114,995.63605,1409.1995,479.16678,808.48688,1868.6433,519.43042,109.95821,1648.4478,251.30113,2095.5149,157.98564,381.66516,677.19873,744.98657,2024.2021,802.15863,1422.1244,556.61865,581.40955,709.91193,2210.3345,164.92166,284.78265,503.83978,1125.4025,1449.1805,582.85175,1595.0171,1516.6256,437.97492,1215.567,417.50415,547.85272,1405.6732,761.32233,152.54265,1444.7955
825.39569,2686.8733,462.67621,177.98044,2903.5703,836.56183,372.63776,434.05353,710.83008,830.98383,533.63489,1575.163,1388.8066,648.50726,409.45013,329.82788,333.40594,687.20605,2230.1035,1006.0905,1438.9708,501.2821,795.51648,1874.6578,529.50763,111.94841,1753.4097,251.54997,2132.2441,161.45785,392.0155,665.87256,762.72418,2016.2406,810.60767,1396.3038,563.51306,592.53509,709.91193,2215.2634,171.67236,280.33285,507.81485,1152.269,1459.113,605.28809,1630.8433,1531.4945,468.83225,1240.342,422.71674,545.33368,1382.7921,776.70764,153.83098,1450.7905
827.8894,2764.2007,482.57626,180.72797,2936.9712,843.49603,382.08005,450.69049,718.64642,808.67059,530.65967,1574.1702,1350.1375,669.42688,411.32284,331.15253,343.38391,670.8288,2341.6091,1032.9727,1468.7434,509.26825,790.32831,1871.2208,542.79071,110.70454,1775.507,258.51669,2152.0217,164.18599,391.69205,653.60297,758.40967,2082.918,828.49976,1370.4832,559.88428,592.53509,752.5061,2299.0437,179.53384,277.21753,500.85846,1161.2247,1442.2273,623.73602,1618.9014,1507.7041,471.81848,1210.772,431.1561,560.44696,1389.756,764.30029,153.83098,1462.7806
805.44659,2840.4399,493.0238,174.74527,2892.261,832.59949,385.8129,450.93878,726.46271,825.65411,530.65967,1572.1851,1328.746,660.4613,412.88348,339.10004,340.90744,723.86938,2307.2991,1037.453,1439.1061,496.9819,777.35791,1870.3618,543.24927,113.9386,1773.297,258.26788,2070.0857,162.44991,382.95905,649.35571,750.25977,2086.8989,827.50568,1414.1798,555.53009,576.87689,730.02563,2387.7529,173.63777,275.38507,521.23071,1161.2247,1429.3148,610.7724,1567.401,1474.9926,479.78171,1209.9729,424.45425,561.70648,1380.8025,746.92944,150.48132,1462.7806
827.8894,2640.04,455.71115,163.02914,2784.9556,769.20093,351.33792,433.06027,660.25348,767.51855,512.36035,1565.2378,1200.396,661.45758,401.64874,325.85406,330.45196,669.77216,2195.7937,985.18213,1406.354,466.5733,766.11719,1790.4615,524.01111,108.46556,1692.6425,244.832,1891.1432,150.54518,365.49301,638.97357,725.8103,2059.0339,778.30249,1379.4211,535.2102,540.20416,696.30493,2205.4072,166.80158,270.14951,524.70892,1089.5812,1379.6512,585.84302,1549.4878,1452.3417,439.96579,1114.0703,400.12885,543.75958,1335.041,713.67743,142.75104,1412.2511
846.34235,2686.8733,468.64618,168.01471,2933.99,773.16339,357.70599,444.23438,674.9668,772.81421,520.7923,1530.4993,1262.1029,695.82538,420.37344,326.29559,340.08215,679.59869,2110.0208,986.67566,1424.2189,485.00287,786.86945,1809.3624,527.67517,107.71926,1714.7395,256.02853,1981.5562,153.76939,357.40686,652.65918,740.67188,2063.0144,813.09265,1413.1871,568.59277,562.867,696.89661,2224.2986,168.0834,273.55273,540.60919,1159.2346,1415.4091,613.76422,1568.1472,1475.1432,439.71695,1159.624,415.02194,556.039,1374.8339,728.07025,143.78172,1443.939
843.34979,2702.1204,478.59625,155.55069,2862.4546,726.29102,353.0946,446.46918,627.78467,730.35181,507.4003,1584.5034,1226.7242,692.33887,413.19571,322.32178,339.25659,686.67755,2049.9797,970.86762,1389.4821,491.45303,760.92877,2001.811,539.58466,106.47538,1686.0129,268.22031,1916.5708,149.05711,345.58353,651.24323,731.56329,2055.0525,814.08649,1355.9097,544.28143,561.63098,699.26343,2226.2107,163.74518,268.57895,552.53442,1177.1454,1392.5638,634.95416,1530.0818,1473.1603,432.06513,1115.0693,396.40546,543.75958,1517.0924,721.61829,143.52409,1452.5033
857.31415,2872.4661,518.19721,162.53055,2780.9819,771.37451,350.67917,455.90512,697.23224,766.28137,537.15979,1570.6044,1271.1528,728.20117,428.17566,335.12628,355.49042,727.14477,2303.0103,1001.238,1380.5496,535.99109,776.49353,1903.0094,549.66187,108.46556,1744.5709,282.65164,2029.588,159.12646,371.14633,636.61389,751.21863,2215.2771,859.81073,1390.6765,570.04437,611.90155,717.01062,2365.8628,165.45447,274.33798,546.07495,1264.8977,1435.2745,638.19507,1553.9657,1532.6418,445.75369,1175.8185,417.50415,553.20532,1509.1339,746.43341,144.29712,1658.9022
861.80286,2916.0381,515.16266,150.56512,2716.4004,741.64923,351.33792,456.89838,663.19818,739.49744,547.57593,1577.554,1257.1664,716.24701,425.99088,341.30777,374.20029,698.19446,2254.1211,1025.1367,1386.5041,532.30505,769.29804,1954.5577,556.99042,108.46556,1741.2559,276.92886,2015.4608,157.73764,362.4097,638.50147,764.64179,2238.1667,866.7688,1396.6366,573.31,591.29889,718.78558,2383.9348,168.95837,270.41141,546.07495,1261.9124,1424.3483,644.1781,1534.5599,1527.6851,448.49161,1170.2233,486.01254,559.50238,1523.0613,749.90735,139.659,1616.0812
884.24567,2987.9312,510.93384,154.30429,2748.1948,757.99829,365.83063,454.91193,674.23639,755.1759,550.05579,1584.5034,1280.2034,732.18585,431.33649,348.59314,385.48148,686.78332,2263.5557,1034.0984,1409.3317,524.31921,781.8385,1944.2485,564.31934,110.55527,1771.0872,277.42648,2038.0643,160.61459,368.2341,651.71515,777.58582,2300.8625,844.9007,1455.2437,570.04437,611.90155,728.25061,2501.4067,170.41121,273.02905,557.5033,1286.792,1449.1805,635.20374,1600.4054,1556.4342,447.99377,1175.8185,514.30969,577.13452,1527.0406,760.32965,140.89587,1634.9226
904.69336,2984.6631,514.66492,158.54205,2801.8462,763.44788,378.56656,456.89838,683.89447,753.21613,571.38342,1580.5322,1268.6847,724.71448,431.33649,347.48926,387.95783,717.84711,2268.7009,1030.1155,1455.9785,507.42529,794.81171,1943.3898,554.24219,111.25185,1767.7726,268.78271,2007.9261,159.6225,371.79349,680.5022,769.43579,2275.9824,842.59534,1419.4833,564.18414,607.78101,733.57556,2558.9106,167.76183,269.1026,530.67151,1281.8165,1466.0657,635.70209,1603.3911,1556.4342,457.20261,1182.213,504.87726,574.61572,1546.937,757.35187,142.75104,1633.2097
935.11597,2971.592,517.15271,154.80287,2933.99,767.41125,389.32635,443.98599,689.87335,735.57788,565.4314,1554.7197,1213.5602,717.24298,435.39426,343.73636,392.91034,703.68878,2210.3762,1034.5964,1476.8204,479.20959,803.89294,1910.7423,544.16516,112.54545,1764.4578,262.06311,1911.8625,156.15031,377.29428,679.55823,754.57452,2232.1951,854.02875,1400.61,559.10144,611.60516,734.75885,2546.5889,167.67638,271.4585,528.68396,1274.85,1450.1735,616.75568,1607.87,1513.806,455.21152,1221.3804,505.62186,583.74652,1553.9006,744.44806,147.49222,1627.2145
923.14642,2917.1272,529.09277,156.79709,2722.3625,778.31055,392.62021,456.96619,667.3374,737.53772,556.99976,1527.9143,1202.0933,712.26227,436.95441,337.33408,394.28619,689.4248,2136.6106,1049.0348,1429.1819,469.99399,800.43323,1854.0377,528.13324,117.8381,1713.6349,268.78271,1851.5872,152.11821,374.70569,695.13141,747.86285,2291.906,855.02307,1345.9762,560.55371,609.13263,745.54382,2515.3713,163.83063,276.69388,564.9566,1278.8309,1455.1396,620.77771,1631.7562,1484.0653,449.48697,1246.959,483.53033,581.54242,1565.8384,737.00348,147.28616,1611.7991
930.12854,3137.1643,567.15143,158.79132,2679.6392,799.61352,413.26126,443.05847,673.77643,740.1507,572.37555,1578.5469,1256.3965,714.75281,455.68094,338.06656,405.01694,691.11536,2194.9368,1063.9711,1444.068,499.17658,816.00079,1881.531,569.44446,120.92339,1775.507,273.01352,1916.5708,157.17894,379.8829,697.96295,750.7392,2412.3235,885.84357,1395.6431,592.5025,668.47925,769.21161,2719.0994,174.85525,278.52634,558.49689,1360.4369,1513.7426,623.27063,1633.2493,1502.9008,462.67795,1243.7616,502.14676,596.74316,1617.5685,747.42602,149.24443,1623.7891
943.09534,3197.0754,549.98773,154.05501,2670.6963,809.52228,465.96195,439.08493,659.51898,724.47235,555.5116,1562.662,1230.8905,697.43475,450.68713,340.05386,394.56128,679.17047,2172.6357,1057.9965,1419.3745,508.08493,826.37897,1881.531,569.44446,118.93288,1735.7318,266.29401,1877.9574,153.80519,379.55942,690.41242,736.35724,2386.4487,885.34637,1391.6697,567.08868,644.16376,784.59515,3000.0459,173.14595,269.88779,560.98132,1354.4658,1492.884,633.74182,1627.2778,1498.936,439.53168,1282.9288,482.53742,593.90894,1632.4912,749.90735,146.46158,1613.7017
946.08789,3131.718,543.20612,163.52768,2730.3101,828.84369,480.45474,444.05197,670.55695,742.63312,577.38739,1617.2657,1175.7638,735.79382,455.68094,350.65301,417.12338,713.62036,2178.6396,1070.4438,1453.1215,489.03949,810.81177,1887.5448,535.08545,118.73383,1761.1434,256.33911,1780.0098,158.27048,377.9415,701.73822,733.00147,2272.9976,909.20776,1410.5433,575.43884,642.10284,812.40552,2883.395,173.8297,264.12891,552.53442,1382.3315,1506.7897,634.24042,1661.6149,1507.8579,446.00266,1282.9288,498.17529,589.50031,1582.7501,761.8186,149.45055,1638.5408
923.14642,3202.522,539.97125,159.78847,2675.6643,794.16412,487.92053,436.35306,662.27856,706.11566,563.00238,1638.1144,1168.3588,733.80115,448.1908,337.84582,412.17078,743.20911,2185.5022,1065.4648,1324.0876,483.51025,805.26221,1823.1091,533.25275,118.53477,1743.4655,251.61052,1749.8722,154.00356,372.76425,670.59174,740.67188,2196.3677,880.37531,1337.0361,572.89758,623.14465,780.45404,3018.9395,171.00941,255.76482,544.58423,1371.3839,1544.5342,612.79999,1660.1218,1505.8755,428.58066,1306.9088,456.72275,571.2359,1535.9934,765.2926,156.04703,1609.4187
930.62738,3395.3267,569.83142,162.53055,2665.7283,800.10919,490.99481,450.509,670.09699,717.93951,563.00238,1703.6392,1201.2705,731.31024,468.16586,335.4169,414.92218,753.03699,2196.9602,1079.9034,1282.3995,496.10477,808.72211,1905.587,544.70569,117.93764,1846.2174,248.62404,1837.46,153.60672,373.73496,661.62543,756.01276,2232.5205,899.76251,1362.863,581.24762,629.32672,815.95612,3049.334,172.63322,263.6185,559.56555,1388.3029,1559.4329,618.78314,1701.9235,1513.806,438.78503,1380.4474,452.34314,582.25751,1559.1903,763.3075,167.89999,1625.6931
918.22308,3193.8071,554.4035,153.30721,2557.4312,762.95251,461.35068,423.93552,664.57806,682.01001,558.53802,1629.1793,1113.2324,703.41284,439.76358,317.53088,397.03763,711.92975,2037.3995,1042.5627,1286.3696,453.40591,804.82983,1852.3195,512.17926,112.66277,1758.9336,237.17589,1668.8767,146.26373,367.26337,627.28003,690.3349,2094.1707,844.08667,1236.7086,541.31177,595.11975,770.987,2876.0017,172.97508,251.83807,537.69989,1302.7157,1476.9917,602.32886,1642.2069,1435.4888,436.04727,1301.3136,409.39291,552.02679,1506.4551,746.92944,164.80788,1502.3528
941.1662,3445.4348,621.09125,155.55069,2606.1145,782.76923,495.82581,447.28061,688.95349,710.10052,584.33185,1656.9777,1161.7771,710.88538,454.74503,339.17047,408.31876,746.48511,2063.9919,1082.8907,1316.1469,463.54297,807.85712,1916.7559,539.66644,113.16039,1941.2354,241.15787,1750.8141,158.9651,374.70569,660.31958,711.11169,2171.8064,867.94775,1267.5023,554.3819,620.67194,781.63763,3216.917,186.90543,262.04776,586.401,1364.4178,1486.9244,624.26794,1746.7109,1475.1432,456.70477,1347.675,428.75784,579.73822,1586.0555,764.30029,168.2901,1574.3013
910.74176,3308.1831,615.61688,156.29858,2550.4753,752.05322,491.87317,435.85648,661.81842,663.71857,578.87561,1618.2583,1091.8395,692.45343,454.74503,340.49557,395.38669,711.40112,2168.6511,1047.5413,1288.3547,452.17722,800.93762,1896.9954,510.80487,110.17464,1863.0513,228.46533,1603.8927,152.71362,367.91052,606.51215,690.01337,2046.3944,831.16199,1194.9886,524.97449,600.4776,751.46027,3111.7681,186.649,247.91128,569.00763,1323.6147,1442.2273,607.31494,1143.574,1428.5491,431.06967,1315.7017,380.5939,542.57965,1556.2052,754.37408,160.86554,1488.6481
885.80359,3206.8792,611.13788,151.56223,2665.7283,736.69495,474.3064,402.32886,640.20251,651.30646,598.22101,1685.7689,1102.5356,692.95117,453.18439,343.14526,380.52884,697.24085,2117.1799,1032.605,1295.3031,440.50415,791.42316,1982.051,510.80487,113.65802,1869.6807,225.47884,1641.8699,148.94295,359.82101,592.82446,707.75537,1999.6139,838.12134,1150.288,510.08936,588.52563,765.0694,3143.8042,184.08513,245.55519,580.93451,1274.85,1373.6916,617.28748,1179.4036,1436.4801,425.09631,1302.9122,358.24985,527.14923,1606.9512,704.24786,173.03357,1515.2004
876.3269,3238.4363,660.40723,155.05215,2670.6963,757.00732,475.62372,406.551,660.89874,671.55762,605.66132,1678.8196,1126.3964,708.39465,461.61148,338.729,388.54736,745.32269,2106.8855,1028.6217,1279.4216,435.2821,792.72082,1934.7982,536.91773,112.26467,1947.0317,221.74576,1665.4188,150.53061,363.70401,592.82446,692.89026,2007.5765,820.22552,1205.9152,535.13995,601.3017,753.23535,3288.3857,188.3582,248.95848,570.49853,1337.5474,1359.1592,619.28204,1178.4086,1465.2292,431.06967,1303.7115,359.49121,521.79571,1595.0111,715.95117,168.59953,1555.4574
893.78375,3266.1914,709.67639,153.55644,2747.2007,755.521,474.35565,408.2894,666.41785,651.30646,608.14197,1652.0137,1136.2703,689.96228,478.77728,340.93713,386.89627,774.38336,1972.2024,1048.5366,1279.4216,419.61563,789.69336,1918.4744,549.28687,110.77177,2019.9628,222.49236,1648.4636,149.93524,366.61627,620.20007,675.14856,1980.7028,820.22552,1159.2286,514.80914,604.18689,785.77869,3064.1211,194.85335,251.05275,583.9162,1314.6578,1353.1979,622.77222,1122.673,1444.4113,432.81183,1350.8724,332.43002,544.15405,1664.6622,702.54578,168.2901,1622.267
874.83093,3148.2314,732.56921,147.57375,2692.5554,732.73157,455.90832,425.17725,656.29968,643.46741,594.7486,1609.3236,1115.7003,681.99158,477.52881,333.87106,384.69479,752.50867,2007.3743,1035.5922,1268.5037,406.40652,774.12433,1957.3204,535.08545,108.78129,2000.0724,221.74576,1670.1287,150.03448,364.67471,609.34442,688.57489,1903.0676,819.23132,1176.1146,698.51392,596.3559,757.37781,3125.7314,185.7944,247.12593,587.39484,1279.826,1369.0947,615.29285,1089.8285,1456.3075,433.55838,1310.9054,330.94034,525.57489,1633.8168,700.06335,165.81529,1588.8622
818.47046,2715.0527,670.85815,133.61403,2545.5073,664.36322,448.44165,417.72678,627.32483,602.638,567.96283,1568.6191,997.28076,636.65845,443.82086,320.18072,342.3179,749.76086,1801.4902,996.75745,1215.8978,364.62927,761.58282,1873.9764,485.60821,101.21737,1850.8959,210.29761,1533.5419,135.94389,347.5249,578.19287,672.27154,1787.6089,765.54388,1091.681,638.24695,547.31226,711.81567,2742.0999,173.65875,237.70161,567.51691,1186.277,1292.5923,578.3952,1023.1453,1417.6442,409.16766,1236.5682,291.71411,510.14462,1556.2052,662.32941,155.91589,1405.5646
825.45331,2734.8772,684.79291,141.59105,2492.8486,660.89514,449.31998,428.40573,624.56549,622.56268,550.10553,1574.5752,996.45795,659.5741,446.9422,302.51547,359.37885,751.34613,2013.3798,1000.7404,1256.593,360.32861,778.44916,1834.4509,477.36209,101.31688,1818.8501,208.30662,1546.7296,136.6385,358.20319,588.57642,682.82086,1878.1836,794.37585,1134.3945,645.508,567.5069,703.53241,2716.6345,172.63322,239.01059,567.01996,1205.186,1303.521,579.3927,1010.2067,1425.5752,436.54504,1272.5377,330.19562,511.71909,1543.2698,660.83991,160.86554,1314.7725
841.91229,2577.2676,617.10999,131.61984,2334.8728,677.73938,417.0376,418.72015,586.85223,626.15582,526.29559,1581.709,964.36743,657.58154,458.80228,295.89108,343.41861,734.43799,1888.9913,1013.6852,1266.6395,385.51788,761.15015,1776.0234,464.9928,105.09883,1882.941,214.03069,1592.8864,132.96698,342.99487,573.94476,688.09509,1807.5151,751.62494,1184.0615,682.17664,538.65753,698.25757,2471.0125,168.70203,246.60242,545.65094,1180.3064,1266.76,601.83026,965.41925,1428.5491,395.97684,1254.9525,320.26492,521.48102,1459.6881,632.53937,156.43146,1269.3766
836.92474,2516.8013,641.49554,117.16159,2321.1953,698.54736,440.97498,413.75314,588.23199,625.82904,536.76355,1603.5531,1021.1429,652.59985,452.56006,320.18072,331.31097,692.80249,1801.4902,991.28076,1261.6764,378.14551,780.17889,1855.9321,467.74158,103.90453,1740.3948,197.30646,1658.8254,136.34079,352.12433,568.75287,681.86163,1798.5577,744.66559,1264.5222,677.09363,536.18488,702.39917,2449.845,163.48874,240.84308,517.32483,1186.277,1260.7992,564.9325,926.10577,1407.7306,387.28168,1246.959,348.56741,508.255,1515.4097,647.43433,159.21568,1243.6804
842.90997,2738.8423,694.74628,125.88637,2417.5801,713.41003,462.49667,448.27387,562.11829,619.29651,548.1734,1626.3903,1050.7653,681.99158,468.16586,330.55887,350.8483,720.17236,1760.3131,1025.6342,1284.5078,399.95575,776.79218,1869.6797,480.569,106.29316,1776.8597,206.06677,1694.62,137.1346,356.3317,580.08051,700.08319,1894.1094,744.66559,1198.962,653.8584,565.50464,700.03192,2743.1372,169.72754,244.24626,541.17847,1328.6887,1301.5342,573.409,970.39563,1383.9381,378.07248,1194.2881,344.09857,529.03876,1523.3701,672.75586,161.99982,1349.0339
861.36407,2819.3403,707.68567,128.12991,2429.5044,702.01538,480.50461,459.20139,564.41833,609.82391,553.13422,1633.3402,1063.9308,686.47516,468.47723,340.49557,357.72781,722.39136,1636.782,1054.5118,1285.5002,407.94254,775.92682,1925.5299,524.09039,109.17938,1773.5449,207.55998,1706.8662,143.98149,352.77164,589.99231,712.07068,1921.9786,740.79828,1149.2946,631.71222,579.51862,708.31696,2817.8967,174.68436,247.38777,550.62048,1317.7407,1356.1785,582.38409,982.33887,1406.1412,385.2905,1223.0664,344.84344,535.33698,1555.2103,687.1543,164.78407,1407.2777
834.9295,2751.9297,686.28571,120.40224,2357.9612,676.25348,464.69266,451.0058,535.89856,596.10559,555.61469,1586.6737,1007.9777,685.47888,453.80872,328.57156,340.11658,714.67731,1689.9692,1049.5326,1305.3538,375.38083,755.16632,1872.2573,503.47494,108.58224,1690.6689,201.58708,1647.5216,133.26472,339.17847,579.60864,691.9314,1870.2214,727.37421,1080.9259,636.43188,561.79517,695.29871,2952.6301,165.53981,254.45593,543.66333,1296.8402,1310.476,569.42023,970.39563,1366.4761,377.32574,1155.1183,329.6991,538.80078,1550.2352,659.3504,164.26849,1367.021
791.03839,2866.9243,707.18811,110.19119,2359.9482,674.76709,480.50461,479.81457,548.31842,562.78906,566.52844,1668.0927,952.02472,687.47156,444.55313,332.32544,344.24405,711.45081,1669.3812,1041.5668,1314.2876,358.17844,768.14166,1897.1752,484.7392,103.20786,1786.8052,195.71365,1572.163,129.21274,336.58932,563.56097,713.98889,1911.0299,731.84894,1009.394,640.78821,554.78827,719.56006,3047.1086,171.43675,254.71776,546.64496,1318.736,1353.1979,566.42841,1004.235,1407.1329,368.3656,1194.2881,310.83081,548.56299,1599.9858,671.26648,174.37415,1373.8735
773.58179,3119.7124,786.81525,115.92512,2411.6182,681.70331,457.22601,481.80133,582.81836,516.08026,587.36426,1722.7026,945.4419,702.91473,450.83041,339.83298,352.49936,704.37024,1728.5731,1068.6556,1331.1631,357.87125,787.60498,1920.374,478.32489,104.10358,1824.3754,173.91235,1563.6851,130.99915,346.94595,535.24115,727.89465,1926.9547,756.70789,926.93378,656.03662,574.16028,749.73859,3326.4326,175.70984,267.80701,573.48035,1396.3668,1366.114,589.36499,1022.15,1435.8901,381.55704,1253.4431,285.75574,557.06537,1609.9362,688.6438,177.88019,1391.0039
798.52002,3260.4814,758.96112,103.70933,2433.4783,729.39221,448.00241,490.2453,547.85815,494.52264,563.05603,1739.5825,964.36743,697.93304,440.19037,336.07925,332.41162,700.56574,1784.3336,1069.6516,1287.4857,360.06003,782.41473,1925.5299,458.62378,102.11307,1842.0558,177.99388,1584.5647,132.58701,351.15338,581.0246,751.87006,1954.8243,753.22772,957.7323,649.13867,619.49963,731.3949,3473.4897,178.61556,261.00064,573.9773,1380.4429,1400.8878,595.8468,1063.9515,1498.3634,376.33026,1279.0233,273.8389,553.28662,1537.2997,695.09815,182.00494,1389.2905
808.99426,3314.0142,822.1662,112.43488,2557.6865,750.69916,484.89667,490.49365,607.19824,519.34686,568.01691,1694.9011,924.87085,699.92596,444.75046,346.92981,342.59305,721.27905,1800.6317,1104.5099,1320.2435,358.83115,831.72095,1927.2482,493.4444,104.80028,1825.4806,193.72269,1589.2753,141.51878,369.60101,604.15216,740.36188,2129.0071,751.23883,1043.173,659.30414,628.97986,729.02777,3491.5645,186.30708,258.38272,579.44379,1405.3247,1438.642,616.28998,1073.9043,1479.522,415.65573,1292.6135,291.52866,589.50031,1550.2352,716.44763,175.19905,1457.813
838.42096,3405.2158,869.94342,107.94747,2563.6484,776.46588,488.84964,510.1134,596.15808,471.6582,614.15283,1735.6105,900.18555,692.95117,459.95038,338.31732,359.65402,712.61328,1807.4955,1100.5262,1270.6104,354.22287,824.36841,1983.9576,493.4444,102.71021,1849.7908,184.40126,1555.3597,140.72482,360.53906,593.76855,748.51343,2126.0203,792.50482,969.65442,658.94122,641.34509,738.49536,3759.387,192.6313,257.59729,579.9408,1483.9508,1445.5968,610.30676,1101.7721,1515.2213,406.19775,1377.3485,279.36102,598.31781,1600.9808,732.33563,184.89226,1519.4833
838.42096,3172.2534,814.70087,117.42091,2445.4033,690.74237,506.41843,486.52002,542.33844,453.43475,606.21521,1767.3835,865.62653,707.89648,456.60629,325.7298,353.87531,705.95526,1706.2689,1102.5181,1233.8817,320.73599,798.85016,2076.7539,487.03009,97.833481,1899.5165,169.96379,1464.9213,129.31204,347.26962,576.30487,750.91101,1981.6979,760.68543,964.68677,614.28558,605.07361,711.27618,3455.4158,183.07306,248.17311,578.44983,1453.0979,1379.0297,612.30121,1112.72,1518.1959,369.36118,1316.5951,249.31416,584.50201,1608.9412,701.55286,180.45818,1486.0787
897.7738,3216.8633,845.55713,109.19397,2359.9482,722.45483,507.73596,499.7316,541.41858,430.63306,624.07428,1821.0009,852.52997,713.87433,437.15042,321.75479,362.95599,715.88971,1582.738,1096.5424,1222.9623,325.34436,797.98517,2093.9375,487.03009,97.236336,1948.1368,184.50081,1481.8784,134.1749,345.65149,592.82446,767.69373,2118.0586,785.047,983.56323,628.08142,646.70337,731.98663,3628.762,185.29529,252.62347,562.05042,1485.9416,1428.7065,635.26129,1110.7295,1529.1044,371.10333,1442.8987,237.39475,585.44684,1636.8015,711.48285,199.63834,1481.7958
915.72943,3088.9819,799.27277,105.95306,2280.4553,730.38324,519.59491,496.00598,494.49851,407.38336,622.08997,1780.2919,854.17584,715.86713,436.84644,319.76727,364.88226,690.63147,1639.3561,1087.5789,1205.0942,325.03702,783.71216,2093.9375,485.65555,95.743469,1902.8312,180.61763,1494.1255,131.49539,334.97116,607.92816,762.41931,2091.1836,787.03583,995.48523,625.54016,621.56049,736.12817,3586.0415,182.38937,250.26733,551.61432,1508.8328,1418.7716,609.33215,1092.0482,1526.129,369.85895,1420.5155,229.69682,613.47516,1721.3779,712.97211,189.73892,1456.9567
891.78876,3455.7737,741.54224,98.224686,2132.3989,667.94898,505.10071,499.23483,436.53882,377.07385,593.81323,1712.7732,766.94769,662.06494,423.16641,313.80484,344.79443,645.82245,1664.2333,1065.6675,1182.3877,304.14624,727.05322,2047.5398,441.67166,88.677162,1911.6714,173.14998,1416.876,121.3727,307.13782,598.01636,757.62408,1868.2307,737.31781,858.38257,595.93982,558.90991,702.39917,4620.3657,181.19281,235.60728,424.89215,1393.3811,1356.1785,583.40301,1064.1746,1525.1375,288.71893,1338.9778,200.14659,585.44684,1666.6516,677.72095,184.89226,1377.3713
898.77142,3059.2429,708.69513,87.255455,2179.1018,655.5611,520.03436,485.32584,468.27859,338.19019,582.45215,1805.1143,731.97443,664.55579,406.75055,314.46726,316.45151,655.65063,1614.4784,1078.6154,1179.4094,299.23071,730.08069,2099.9526,424.26132,85.603935,1857.5258,172.8513,1383.9028,122.56359,311.50699,584.32855,761.9397,1855.2914,729.86017,822.61639,612.64508,542.42285,699.44128,4419.9102,180.67993,222.5181,410.9776,1411.2961,1399.8942,571.43579,1047.2515,1611.4102,294.6925,1330.1847,198.65669,610.32587,1774.2891,696.09131,197.26656,1297.7095
879.8183,2954.1606,681.323,72.546654,2260.5818,664.48023,510.81064,471.16836,469.65854,321.19907,573.02563,1841.8521,742.67218,682.05054,421.95047,307.17984,328.00891,610.7359,1455.7754,1080.6068,1229.0477,307.06479,715.37537,2148.0686,413.03622,83.513596,1831.0056,167.47455,1439.4849,127.92264,304.3869,576.85083,769.13238,1803.5345,720.41388,788.83765,597.75555,544.07153,685.83087,4366.5088,176.91937,217.80589,422.4075,1338.6412,1459.507,573.4303,1001.459,1543.9788,275.7764,1367.756,194.88223,595.83935,1758.3669,712.97211,192.93555,1225.7574
884.80615,3257.5083,759.9563,75.787605,2295.3604,675.87695,518.27728,457.01099,517.9585,308.6026,585.42883,1873.6254,756.25012,713.43781,451.13434,321.53403,350.8483,637.57904,1536.6182,1088.5745,1278.6863,318.89282,718.04456,2160.9583,406.39294,85.205765,1907.2513,151.64314,1418.7599,128.71658,320.4072,550.88794,787.83325,1731.871,742.78693,793.80518,635.52374,559.73413,724.2934,4633.5117,180.67993,225.92131,437.34732,1332.6698,1556.873,579.91266,1063.1792,1576.7025,303.15488,1530.032,204.11974,603.39752,1775.2841,744.74829,187.92541,1234.3234
857.37396,3370.5193,789.81714,78.280594,2284.4294,679.84119,490.60654,470.6716,520.71857,306.65839,614.70038,1897.4552,802.33295,675.57404,439.58227,326.17157,347.54614,607.98834,1610.4032,1059.6916,1301.5197,336.09695,742.70032,2215.0881,402.04034,82.916359,1911.6714,158.5134,1440.427,130.2052,315.87619,562.68921,800.41596,1765.8981,742.78693,788.83765,599.57105,574.16028,753.28918,4720.5938,181.19281,226.44487,438.58957,1388.405,1523.0929,602.35113,1054.2197,1637.1925,297.18149,1554.813,213.05928,601.19305,1795.1865,760.63617,190.71033,1212.0522
869.97247,3045.3638,699.23944,78.529892,2254.6199,667.45337,485.77518,452.04349,488.97848,319.40192,612.7157,1888.5186,735.67749,685.0398,405.53461,327.71738,350.57321,568.6745,1577.8003,1053.7162,1313.4331,297.38736,725.83044,2214.2302,391.73166,84.80761,1875.3243,153.93323,1360.4998,129.21274,308.43246,537.67017,807.60956,1669.3409,704.50384,774.92853,587.22394,567.15332,758.02374,4252.313,176.40649,232.46593,435.35925,1340.632,1518.3656,589.38684,1035.3054,1613.3933,306.14169,1515.6428,205.60967,585.44684,1746.4254,759.14661,188.95694,1160.6581
893.9165,2986.8755,711.18366,80.025711,2195.9944,654.57001,490.19601,487.06455,464.13858,292.7713,611.22748,1973.9091,766.94769,710.44861,421.03839,315.35065,354.70074,628.80762,1657.5916,1077.6191,1272.729,300.30594,735.77948,2336.24,414.18158,86.400253,2055.4534,145.3703,1377.4592,126.63252,304.22507,513.59546,800.41596,1593.6879,730.85455,760.02606,603.92932,577.04565,788.79388,4336.1118,182.2184,237.70161,425.91656,1344.613,1558.1138,575.92346,994.4906,1631.2426,278.76324,1466.8802,199.89831,598.67364,1870.8145,753.18872,194.62973,1164.9406
892.91895,3070.1472,727.60718,83.266632,2161.2151,665.96692,494.58844,495.01248,465.97858,296.8558,614.20429,1965.9664,768.18225,715.92902,421.95047,320.65067,343.41861,623.94623,1652.4437,1076.6232,1271.7363,309.98337,730.58875,2310.4634,418.30524,86.201157,2084.1853,144.07588,1411.3776,128.12112,307.62329,524.45245,805.69147,1597.6698,738.31226,795.79205,608.28699,585.70142,807.13745,4411.6943,184.26967,240.58133,423.43161,1311.769,1549.17,576.42218,1010.4185,1653.0586,276.77188,1479.6705,206.10631,599.30359,1907.6338,755.82367,194.32034,1176.9325
829.56659,3017.6064,684.80676,79.527092,2096.6274,644.65997,494.58844,475.88757,447.57858,289.6673,622.63818,1945.1146,745.96399,675.07568,412.22253,302.76309,337.36481,603.12701,1705.6368,1059.6916,1266.7728,296.4657,715.88177,2285.5457,419.90875,77.740318,1992.4629,129.43933,1387.8229,129.4113,294.51572,489.04852,802.81372,1457.3136,689.09143,720.28613,591.94501,565.09259,775.08575,4284.355,180.50909,235.34552,403.05524,1196.3171,1505.4478,575.4248,1002.4545,1621.3263,258.1048,1440.5005,192.69701,574.42419,1874.7958,737.44922,191.6386,1053.5863
792.15381,2858.9932,648.4762,72.297379,2303.3093,625.3349,479.21487,485.82254,428.25873,230.36147,595.84723,1970.9307,739.79205,660.62756,413.13452,301.659,325.25708,567.51202,1726.229,1016.866,1351.1584,286.78836,703.33771,2325.0701,373.86322,67.885895,2009.0393,126.05398,1377.4592,127.42644,278.49539,376.69965,801.85474,1361.7521,643.35089,687.00409,554.53986,556.43683,639.13776,4206.3071,175.72279,220.162,382.67886,1083.8514,1471.6621,619.80341,1001.459,1599.5101,239.68652,1418.9166,165.18301,536.63324,1720.5526,720.56494,192.15428,950.79706
829.06781,2568.5337,599.70355,72.795982,2330.1384,573.80182,468.23383,470.17493,413.99875,266.79459,549.70776,1877.5969,775.58832,634.72058,395.80646,297.24228,348.09656,522.38593,1557.2087,985.49359,1280.6719,323.80826,657.91901,2144.6328,346.83136,72.564255,2044.4019,129.33972,1429.2781,125.04465,259.72397,391.33331,802.81372,1373.6971,644.34522,762.50989,526.57696,491.72531,606.45111,3861.2588,163.84271,239.27243,397.0914,1014.1824,1483.5864,615.31561,1026.3463,1510.2631,241.42879,1278.2244,179.88365,535.05878,1703.6357,732.97992,184.10925,985.91681
865.48297,2567.5427,648.97382,75.787605,2166.1841,617.40668,466.03757,464.95911,448.49869,322.83276,533.83191,1746.5323,831.21698,630.73499,392.76654,287.52545,353.04968,510.65497,1633.5679,994.9552,1180.4023,350.84357,667.00287,2088.3113,355.53656,72.564255,1947.1545,141.0889,1469.7917,128.61737,277.84811,409.74335,746.22345,1368.7202,663.23804,820.6294,581.05023,526.76019,599.48047,3857.9731,161.10777,226.18306,382.18195,1107.7385,1438.8698,609.33215,988.51776,1489.4386,275.7764,1351.7682,192.10101,530.01984,1646.9146,710.633,180.80865,1058.7256
874.46185,2884.7681,696.7511,81.27224,2071.7856,614.9292,495.46701,478.37134,434.23868,298.32629,537.80066,1801.1425,813.5227,644.18683,397.02252,297.02148,362.68082,549.44037,1621.5563,1027.8217,1175.4385,347.15686,669.16547,2108.9363,368.36514,76.147682,2164.8557,150.1496,1497.1149,131.09836,285.93918,410.21545,752.9375,1468.2633,689.58856,786.85059,609.73969,540.77411,616.4093,4600.6499,166.23583,233.25124,393.11542,1108.7332,1437.8765,653.71057,994.98828,1546.9537,261.09152,1361.3607,191.70367,524.98126,1708.6111,705.66711,186.99719,1154.6616
828.07013,2954.1606,719.14697,76.535492,1934.6606,574.29736,467.35529,454.03049,406.6387,257.97214,542.7619,1843.8376,798.29749,645.18304,387.90262,287.30481,359.45853,554.40747,1425.9403,1016.866,1062.2626,325.65155,637.58905,2030.7327,329.42108,70.672997,2090.8152,134.41777,1468.8495,124.2507,269.59512,395.58176,745.26434,1390.6194,644.34522,703.39679,618.81848,499.55661,584.54333,4380.4756,140.85162,226.96845,355.3446,994.27716,1418.0022,655.70514,943.22327,1518.1959,225.25055,1252.644,173.72527,490.02435,1615.0708,687.78955,179.77718,1067.2914
839.04462,2993.8145,754.48187,79.03672,1942.2529,548.03509,483.16812,454.03049,393.29883,254.53464,549.21161,1798.1639,767.02393,648.67047,392.76654,289.73389,354.50433,583.99841,1425.082,1057.7002,1103.9584,317.97107,631.53314,2049.6394,335.3772,69.080383,2186.958,128.24451,1422.6834,122.16663,256.16385,375.04733,743.82556,1330.8937,657.27191,696.93915,602.83984,488.84003,581.05798,4512.7432,142.47566,225.19374,373.48459,926.10089,1417.0085,677.14648,961.63946,1516.2128,245.65997,1223.8657,167.16962,504.5109,1555.3638,691.76215,176.27048,1038.1677
874.46185,3154.4104,816.19427,79.535355,1994.9344,563.39612,495.02765,474.89414,441.59866,260.91293,543.75403,1860.7174,792.948,656.64191,403.10251,286.64227,357.25668,652.90308,1400.2015,1035.7893,1102.131,325.34436,651.43079,2007.5289,341.10428,69.876686,2199.1128,129.24019,1449.064,122.96056,296.13394,376.22754,731.35657,1285.104,665.22687,711.34479,602.1134,502.85397,622.88226,4670.4795,152.81726,217.86189,355.84155,914.15772,1394.1537,659.19562,988.02008,1479.522,267.81171,1243.8503,162.10387,504.19601,1565.3148,682.82336,167.60638,1027.0322
846.52722,3205.959,808.72888,76.294121,1881.6193,606.01007,498.54166,479.61319,439.06869,276.92383,541.83404,1881.5685,783.07227,695.00403,398.84656,285.31717,359.45853,663.89392,1425.082,1029.8134,1094.187,339.47629,662.67737,2010.9667,316.59235,66.691414,2150.4895,130.53464,1488.6359,123.65528,293.5448,380.23999,703.54108,1283.1132,662.24377,732.20813,584.31879,503.26617,634.33398,4699.5801,148.54391,206.8641,353.10818,953.96863,1412.0405,653.71057,989.01538,1464.8187,265.07388,1338.1785,170.94412,504.5109,1588.2026,688.28613,167.81273,1084.423
817.09582,3271.3862,782.84949,71.307556,1840.8663,578.75677,515.67206,487.31281,391.45883,269.08179,524.4679,1810.0789,778.54565,699.48804,421.03839,279.35477,369.36722,657.23596,1290.3815,999.93494,1039.5771,334.25366,656.18897,2014.4042,303.30566,64.700645,2180.3271,127.44795,1461.3126,121.57118,274.44983,356.87338,687.71497,1218.4095,685.61127,702.90002,593.39777,516.04364,631.34656,4596.0586,145.46704,209.27306,342.91998,899.22858,1370.3052,652.21472,967.11481,1393.4127,252.87799,1288.616,171.54005,511.12436,1578.251,650.54468,159.14873,1069.8611
852.01422,3087.9895,746.51886,64.825058,1779.2388,573.30621,521.38232,483.58716,398.55524,270.38876,525.4602,1902.895,741.92304,691.01843,414.65448,269.63809,337.43973,668.75531,1335.8541,998.07086,993.90344,325.95871,659.64935,1968.8566,289.56055,64.202934,2087.501,129.73804,1416.0878,123.45679,272.82278,346.48816,691.55164,1148.7297,662.74091,685.8302,585.77142,512.74634,622.38428,4541.0107,139.7399,205.81663,324.28308,850.95782,1380.2422,614.31848,945.71185,1456.8846,238.96323,1284.045,160.91191,479.00205,1627.012,663.95276,154.6104,1018.4666
866.97937,2650.1919,619.11304,52.358711,1867.7037,585.69409,492.83154,467.93951,394.87338,247.35265,492.21573,1867.1407,708.59174,687.03278,407.66244,262.35055,340.46732,667.90973,1304.1089,998.07086,1061.4214,326.26593,697.71429,2023.8577,273.98309,64.999275,2032.2456,124.46088,1381.3709,123.55601,281.08038,365.37027,689.63348,1143.7523,678.1535,694.27869,564.70813,523.46271,627.86108,3943.7039,134.95075,195.97096,330.74387,845.68799,1375.2738,639.25012,908.87884,1400.3547,221.78777,1344.0099,162.69983,490.65418,1663.8311,670.90509,153.99164,995.33917
876.95612,2994.231,672.36481,62.331787,1836.8903,607.00098,502.49478,481.60025,413.97275,284.92929,499.16238,1845.2917,742.74573,689.02557,412.83057,266.32559,357.80707,735.54633,1311.8303,1029.9452,1062.4144,333.02475,712.16351,1989.4817,294.60037,67.587288,2203.5332,130.43504,1410.5808,125.44164,292.25247,374.1033,666.13397,1155.6974,684.11969,744.97046,614.82379,554.37585,640.80688,4245.2324,138.2005,199.32265,344.41101,945.73706,1393.1602,675.15179,936.25458,1405.3134,258.8768,1411.17,184.5024,491.59903,1674.7772,683.81653,161.93353,1005.618
890.4248,3135.019,745.02588,61.833141,2097.3152,645.36957,505.56955,501.71869,450.5607,279.53784,523.97168,1879.0587,740.27685,699.48804,413.48672,268.09219,363.31192,755.20319,1398.4855,1070.7848,1126.953,344.69907,735.9599,2051.3579,302.16022,63.904312,2228.9507,133.12332,1454.8679,131.99159,296.30017,364.19016,698.26599,1210.4458,696.05194,714.65485,654.40778,563.03168,654.25043,4678.2192,151.02849,212.88673,346.15039,1032.3469,1428.9329,676.64783,960.75098,1406.3053,274.06097,1443.9509,180.52925,509.86466,1712.5918,700.20453,164.20267,999.62201
882.94214,3294.645,767.91919,58.342548,1988.9702,617.61194,503.81265,471.91357,416.96414,251.11029,542.8266,1895.9431,685.54816,673.08276,413.18268,276.26306,361.66052,731.74176,1282.6595,1044.8864,1072.3436,309.67615,739.42096,2003.2322,311.55261,61.614914,2224.53,125.45657,1373.8329,130.99915,280.43277,341.76752,693.47015,1112.894,659.26074,678.87244,616.63965,546.54456,649.2713,4847.4692,143.07507,207.9115,360.56287,997.50372,1433.9019,654.70782,910.47327,1378.5364,274.30987,1371.9928,164.63672,488.44977,1674.7772,685.8031,156.98271,957.6499
897.40857,3343.2275,775.38458,62.331787,2071.4717,639.91724,512.15814,459.24634,456.54352,244.24844,563.66656,1993.2721,716.41028,705.46655,413.48672,271.40476,379.00043,753.08966,1304.1089,1033.9298,1078.3009,329.69086,740.2865,2173.3901,323.694,63.70525,2312.9365,128.94144,1464.29,126.53326,293.54764,351.44464,682.91937,1139.7705,666.41785,683.34534,640.24487,578.81848,646.28381,5028.2236,151.54166,218.38559,377.21191,1061.2167,1435.8889,645.23383,958.26196,1317.0471,288.24942,1399.9769,157.93207,516.79297,1691.6943,691.26563,160.90213,1009.0443
880.94678,3352.1504,778.37054,58.591888,2106.2615,623.06421,519.62524,472.73584,430.08057,198.50293,575.57477,1957.5188,680.27026,711.9433,401.93335,264.11713,378.7251,722.44183,1243.1929,1022.9728,1125.9601,308.1825,743.74768,2191.438,310.28189,64.819611,2180.3271,128.18005,1424.7145,126.47363,286.42349,340.35138,681.48041,1091.9897,659.4552,593.88916,628.98694,576.75726,642.7984,5151.4634,154.02167,214.7197,390.38214,1050.2657,1493.5232,637.29102,971.70258,1378.5364,269.82938,1440.7529,129.37515,537.26331,1674.7772,711.12958,164.20267,1019.3231
884.93768,3382.8855,798.77539,64.825058,2114.2129,654.29175,526.65314,471.99057,438.13452,182.55438,606.83441,1906.8671,707.84302,730.37714,403.75766,265.96805,385.05557,758.5849,1291.2399,1036.9178,1143.833,312.7915,769.70758,2116.6711,330.21866,68.005791,2226.7405,138.33879,1477.4827,126.6722,293.06195,376.69965,683.87848,1219.4056,667.41235,578.48273,648.59747,598.60724,648.77325,5016.7197,155.21898,215.76704,389.13965,1068.1852,1437.8765,565.48334,981.16083,1403.3302,280.5329,1503.1161,126.39532,549.33325,1712.5918,715.10248,168.63786,1093.8452
888.92835,3353.1416,773.39374,67.816994,2068.4888,633.47339,526.65314,474.97165,415.58359,190.07224,608.32306,2013.1351,674.09723,729.38062,415.61487,254.03914,393.58783,770.64917,1304.1089,1036.9178,1124.1051,296.19937,749.37231,2143.3125,354.05124,67.109695,2117.3372,145.70895,1402.1002,124.58746,280.43277,376.46356,675.24597,1284.1084,692.27863,600.84674,647.1449,579.23065,661.85962,5259.9146,153.67967,223.88452,396.34595,1051.2615,1418.9963,550.02502,1003.5618,1395.396,270.07819,1466.3379,135.83153,537.99377,1766.3282,695.23834,166.88444,1194.9208
883.44098,3509.7932,778.55847,70.310272,2211.6228,641.4043,524.01776,463.79288,377.61496,170.46031,630.15533,1966.457,658.45856,733.49579,415.00678,257.1319,404.32211,749.93201,1301.5358,1020.9809,1131.056,295.12405,771.43817,2236.1257,343.7391,62.230782,2131.7039,147.20285,1403.0424,122.80054,266.18448,391.80551,697.78613,1279.1313,686.31091,555.12482,610.46594,575.10821,654.8877,5725.7651,150.25886,234.62053,370.50269,1077.1449,1404.0907,550.52368,1001.5703,1402.3378,264.10416,1485.5264,126.89195,547.44305,1735.4799,703.18402,171.62897,1160.8943
842.53644,3343.2275,690.448,67.816994,2164.9063,606.70697,531.04553,445.90695,355.29395,160.22937,625.26239,1899.9154,660.5163,712.06909,409.83826,254.48097,398.26682,752.0459,1354.7288,980.14117,1113.1814,282.67987,733.79645,2110.4492,324.03152,58.84544,2069.8191,139.43439,1348.3911,117.83689,255.82205,371.50699,701.14313,1197.5057,662.43939,510.89374,580.57703,534.70636,612.55652,5175.2896,135.72037,228.09944,343.914,995.51276,1386.2042,544.53955,963.23993,1432.0912,253.89847,1422.3635,95.851837,521.6145,1629.0021,704.67371,168.43149,1087.2134
859.49695,3389.8264,686.46551,76.044785,2191.7439,625.04675,548.17609,450.37839,345.16904,125.67975,603.42822,1875.0862,659.28192,704.09619,411.35837,259.56186,412.85446,721.39337,1295.53,981.13751,1105.7343,281.14358,737.76654,2007.3546,352.21799,58.646301,2226.7405,136.64566,1330.4879,118.9289,248.69791,358.7615,715.5307,1151.7159,678.85083,478.59012,580.21387,548.31116,633.47296,4974.8184,144.61446,235.69405,346.4866,1045.2887,1447.8132,540.0517,1001.5703,1459.86,259.37466,1499.9181,84.500374,521.74048,1663.1731,743.40851,167.34857,1098.3513
829.56659,3227.2251,664.5625,71.806229,2126.1399,605.71558,549.05475,448.63943,310.88226,99.693924,576.38287,1839.3326,630.47437,695.62512,408.01398,265.30536,416.15729,725.83264,1374.8351,978.64716,1067.5032,279.14642,725.65094,1932.0166,354.05124,58.84544,2223.4248,133.45863,1335.1996,115.15653,238.49739,358.18195,674.7663,1150.0841,654.97931,444.54709,542.06586,530.99579,621.52057,4851.5771,133.92447,232.2896,341.76404,1007.4589,1437.8765,577.45129,1017.4999,1496.5546,250.66243,1324.821,80.026817,516.07074,1626.3463,737.94592,166.21399,1083.7869
816.66248,3161.7886,628.22296,69.811623,2093.3394,585.39294,526.65314,446.90057,291.78293,58.182003,580.84906,1847.2777,632.53192,688.64905,423.82385,269.50244,406.52399,704.48163,1460.6553,969.68262,1067.5032,276.84183,711.37128,1987.7638,401.48727,57.252335,2091.9202,123.20023,1306.9315,112.47617,230.56366,338.82074,671.6004,1064.4501,651.49786,409.01315,536.97949,518.21582,610.56464,4860.6143,129.81952,233.33707,327.34778,965.14954,1417.0085,573.46204,1050.3546,1447.959,230.49994,1311.2288,70.085602,491.3761,1565.6322,735.46289,157.9967,1034.0951
773.26001,3405.6897,662.07343,71.806229,2079.4231,545.73889,517.42926,416.84219,283.72885,64.06559,560.25519,1713.2014,630.47437,657.2561,420.17551,273.03693,394.41363,700.67645,1422.0366,910.91418,1091.3353,281.45078,690.38501,1854.9164,390.7167,50.382053,2020.3547,114.43578,1261.7025,105.92417,212.10559,320.40408,645.21637,997.73523,619.17175,368.50934,548.242,488.12042,572.21722,4913.1968,118.53082,219.71922,323.86807,936.2796,1320.6202,573.96075,1052.3459,1414.2394,226.01938,1199.2948,69.340004,471.84689,1464.1102,723.54468,148.81203,1027.2415
764.77924,3367.0222,651.61957,63.079777,2089.3628,498.1539,527.53156,424.79156,274.29434,44.453674,560.99927,1668.5088,581.50147,633.33777,414.39877,267.29346,410.65265,690.74066,1350.8063,907.42792,1104.2446,267.62412,673.29285,1810.3031,366.88431,47.295406,2024.7759,114.03738,1161.0129,99.471428,205.3053,316.62625,616.43329,969.35651,607.23578,312.10239,572.58411,447.71863,564.74713,4800.6372,112.97199,217.88608,306.96625,911.88953,1274.2853,554.51276,1066.2844,1379.5281,219.04967,1157.7192,61.635559,454.20776,1391.4519,670.40851,146.23202,1034.0951
732.8512,3121.1384,594.37262,59.838531,2341.8362,480.30963,534.9989,423.79788,256.80572,28.214947,547.35278,1709.2289,559.27826,633.33777,389.77197,261.54987,372.98547,666.74713,1281.2917,876.05127,1165.3159,266.39502,652.52301,1832.1138,389.57105,42.416512,1884.4119,98.998398,1109.1821,93.812874,193.80942,214.38969,626.5072,869.28436,593.80786,234.57378,520.26679,419.27231,567.23737,4600.9883,111.34716,202.69694,278.13379,814.82715,1289.1951,518.60919,1022.478,1388.4531,208.09718,1116.1434,31.563372,452.56982,1402.4004,676.16583,156.86156,932.9989
727.86218,2867.3228,573.46497,61.833141,2278.2209,478.32696,528.41022,416.84219,246.45062,49.683472,534.69885,1691.3516,545.69751,622.37531,388.55594,252.27196,374.63709,692.96051,1135.3978,853.6394,1183.1901,270.38934,633.7002,1702.2395,374.90485,38.135033,1787.1519,91.429115,1105.4127,91.926682,178.42778,214.62587,618.35211,848.37372,584.85614,246.25278,511.91064,404.43088,539.34839,4389.0132,107.24223,200.28761,269.43439,807.85846,1259.3759,534.06769,981.65851,1367.627,206.60364,1072.1697,37.528114,447.65613,1367.5643,671.69464,151.34044,819.90808
739.83527,2775.1165,528.1654,65.822395,2258.3418,534.3382,527.16351,441.18704,294.77423,55.076767,517.08246,1780.7363,556.80926,637.82251,393.42044,258.67819,396.38284,717.05969,1269.2765,909.4198,1191.6313,275.15195,687.13971,1724.0508,382.00873,46.399277,1766.1528,109.1572,1117.6635,100.86123,214.37234,252.63989,640.89868,1027.6077,605.74371,334.46643,596.19977,443.59607,562.25714,4165.5381,121.43857,217.62419,296.77551,1024.3823,1295.1592,570.96893,1049.3591,1385.4786,235.72729,1232.8748,44.98402,473.48483,1434.2507,699.01953,156.86156,959.5581
735.8443,2650.1919,501.78198,68.315659,2350.7822,485.76211,533.31342,442.42911,328.14069,66.517052,513.6087,1832.3805,583.63922,630.84637,411.96646,272.37415,379.867,708.28674,1349.0896,884.01984,1180.7078,284.21609,716.56397,1817.2426,382.46698,45.304031,1884.4119,119.71436,1179.8608,97.883064,214.53426,245.32042,647.13507,1029.5988,592.31604,330.98758,591.83984,425.04404,544.32843,4070.2305,126.74081,210.55342,315.41715,965.14954,1358.7739,559.99823,1055.3328,1382.5033,222.03667,1242.4694,45.729614,475.37473,1456.1473,713.92401,137.1507,962.12854
725.86676,2751.3206,545.09058,68.814285,2422.3491,496.17117,530.67798,457.08563,314.33389,66.791595,517.33008,1799.6061,581.16956,627.85669,422.6077,262.43356,400.23666,752.0459,1313.0453,874.55713,1163.8262,298.65744,724.35236,1851.9419,398.0499,42.61565,1757.3107,123.69817,1227.9222,96.096138,194.29517,248.62593,626.98712,966.3692,651.99524,292.72028,639.79736,455.13931,567.73523,4146.6396,118.53082,207.30602,318.89685,962.16309,1349.8279,548.03027,1026.4607,1356.7179,205.85687,1193.6981,40.261948,455.08978,1352.6346,676.16583,142.0526,963.84192
776.2533,2669.0295,536.62799,74.050179,2577.4116,528.88599,532.43518,471.99057,337.34518,84.821518,515.59338,1825.4285,612.45056,658.75098,441.45789,274.58328,414.82581,730.16644,1315.6196,986.61609,1251.3492,299.57913,742.95898,1857.8903,399.42487,44.607029,1771.6788,135.74931,1266.5599,109.49799,205.9529,271.05667,660.08728,1075.4028,663.43366,367.51544,670.3158,484.4101,603.09418,3849.2192,135.89142,211.60086,357.92023,1065.1986,1382.6294,598.89374,1085.2006,1406.3053,230.74887,1278.4482,50.948765,484.95041,1453.1616,689.08301,144.78737,1053.8004
788.72522,2711.6628,532.64551,71.307556,2598.5679,528.88599,519.69501,468.0159,321.92755,85.926315,511.62347,1835.5701,606.27673,662.73749,436.28922,271.26977,411.52264,729.10944,1368.8278,987.11407,1262.2739,282.21899,737.55023,1854.9164,398.50815,45.204449,1741.8381,129.57437,1239.2308,104.13723,202.138,260.66769,681.19476,1032.5863,676.86151,349.62421,652.15033,460.9111,595.17828,3783.491,136.23355,215.79099,342.75827,1012.4364,1391.5751,619.83771,1106.1083,1402.3378,224.5444,1139.3302,50.203163,488.98218,1486.0072,712.43335,144.1165,1013.5334
797.70508,2850.468,572.46954,71.5569,2635.3501,505.09341,521.01312,468.76117,300.75726,91.358864,515.41302,1817.6913,618.62451,684.16425,437.20139,277.01321,399.96143,742.216,1379.9841,989.60413,1238.4388,282.10123,715.69843,1764.698,394.15402,42.416512,1751.7849,126.48689,1245.8273,98.379417,194.03952,241.54263,696.06598,1017.65,656.96851,357.82437,657.23657,442.82608,601.65314,4255.0918,131.44438,215.26723,326.85062,965.64728,1395.5511,642.77612,1105.1128,1426.1401,221.05924,1128.2426,45.232552,484.57236,1479.0396,727.83478,144.4261,985.26074
804.68927,2907.239,616.77374,75.795471,2677.1025,510.05023,528.04193,476.95886,325.03439,97.242477,524.84296,1848.483,630.14911,712.56726,430.51257,289.16293,403.53992,758.70483,1412.5964,1013.012,1287.5986,292.54932,749.10815,1796.4232,390.31543,44.607029,1799.3096,132.96062,1281.6379,99.769241,196.79306,247.6815,685.51208,1056.4841,675.49017,371.24277,660.86969,451.89694,622.07336,4296.1719,136.06249,219.98116,345.74088,1010.5479,1355.7921,660.72797,1139.9584,1435.485,222.30392,1192.2106,53.931118,480.66653,1470.0817,710.44617,145.56131,968.12573
788.22638,2284.5425,500.28854,78.787392,2589.6216,490.47113,510.46988,451.37213,292.11658,101.32829,495.56091,1807.7585,593.51733,672.70374,415.94708,279.22214,382.06918,661.77918,1337.0745,999.06696,1261.2806,281.02564,730.93225,1745.8613,353.6445,42.018234,1592.6317,129.27557,1203.42,93.316505,180.75804,230.44536,654.81043,1078.3903,654.10144,381.43091,629.62445,426.74573,582.22876,3545.2246,126.74081,215.26723,334.05884,950.81091,1302.1166,626.32025,1047.3678,1348.1852,218.07198,1098.6571,55.173779,465.16925,1583.5485,662.75183,135.91222,956.13117
774.75677,2480.8701,525.17853,80.548538,2540.9109,528.88599,525.40625,453.11099,322.73239,101.00139,506.23148,1852.4562,678.71716,684.16425,427.19714,280.76852,387.5744,698.51758,1317.3364,1037.9138,1227.5149,308.52899,764.47119,1722.068,349.06082,50.780327,1634.6306,130.27151,1334.4113,98.69619,187.56078,234.22319,687.91071,1144.1095,693.89447,397.87799,635.8009,454.37088,597.17035,3689.2832,133.66789,220.50488,362.89136,1026.4778,1317.0269,626.81897,1074.2488,1369.0182,226.28703,1151.4308,53.682594,471.59491,1602.4589,684.11487,141.27853,995.54175
768.27136,2360.8918,518.70715,78.802925,2456.4126,560.11334,532.43518,442.18072,358.18234,100.34762,486.62741,1792.8594,642.90869,695.62512,437.83905,290.48828,382.06918,695.24036,1295.8817,1025.1688,1204.1758,313.4458,795.84607,1755.7755,314.91104,44.806171,1567.2118,144.31459,1243.9425,106.24239,185.13119,231.15366,690.3092,1241.6925,635.19952,432.67059,653.96674,494.77777,600.65692,3424.707,130.07611,230.98019,368.1109,1084.2234,1400.5212,598.39526,1103.1211,1376.9546,242.46815,1251.3815,54.676708,496.79379,1492.974,700.50983,135.60268,1002.3956
738.33856,1964.2703,446.29318,73.815384,2502.1414,513.51996,478.40073,423.54938,337.46481,85.638687,484.89035,1853.4493,613.68536,659.24933,444.83231,288.72113,365.27805,684.77557,1204.0541,980.83429,1211.6238,302.99753,760.79266,1838.0623,295.20047,43.810486,1574.9479,133.55821,1211.1151,105.24944,162.61742,208.72299,682.63385,1080.3821,590.92963,404.33954,625.6283,447.36163,564.79688,3044.2749,120.58329,211.07712,361.15134,983.16852,1321.9967,605.87506,1010.5309,1421.5967,227.03386,1119.447,42.747242,467.3111,1511.8854,679.14673,130.02995,922.71802
722.87353,1765.9591,378.59,68.578491,2539.9167,473.9841,446.77087,412.61917,338.84598,75.996162,464.29376,1919.0052,623.15204,678.68292,424.46063,278.59244,373.53598,688.68671,1198.9044,919.56329,1220.5625,294.23969,802.98663,1830.1311,295.42963,42.068016,1380.4283,138.83678,1216.7698,96.114601,188.04666,226.19527,695.58637,1130.1696,629.72784,397.13245,653.96674,410.6655,583.72315,2792.0234,111.60376,205.21092,327.59628,1027.4736,1326.9664,549.52618,941.8346,1417.6282,219.0677,1117.8474,34.545734,523.75659,1592.5057,677.15949,133.38384,903.86957
610.12714,1408.9995,307.15332,59.850319,2062.751,408.53854,413.38394,332.87759,191.06122,58.835693,373.46985,1440.2473,554.8277,577.52856,371.55502,234.18552,289.57977,593.97259,1016.9668,791.04376,988.16882,248.2982,683.76111,1427.6211,241.79846,37.338482,1122.9105,119.61477,1039.5795,74.171082,122.70811,205.88971,532.96307,943.46728,516.81457,365.32211,534.07281,311.91605,454.22815,1991.7198,92.361725,176.19444,238.61343,677.01727,1049.6451,485.69745,755.65802,1052.557,190.93745,799.20489,20.628036,419.18149,1268.0328,544.01294,113.00218,764.21973
663.50708,1284.0634,296.2012,43.640858,2319.2278,305.66025,324.42499,325.42508,203.49179,49.01672,428.55966,1648.8345,511.19885,580.51801,379.76459,270.41797,297.28717,512.15448,1005.8094,842.84992,1136.1453,223.09964,689.60352,1526.7617,197.56421,32.857857,1049.9658,107.77762,1001.8792,63.348259,102.88305,209.43141,633.70306,854.34802,538.20355,236.83809,542.79236,222.64996,492.32947,1848.7499,88.855392,175.88017,249.05276,851.24969,1326.9664,532.073,723.79889,1169.6178,169.27962,865.17236,11.929466,426.52747,1372.5406,656.79022,119.86486,698.24994
625.09332,1236.4688,275.293,40.149574,2297.3572,245.17268,321.56955,316.78174,176.78926,36.445412,436.74869,1478.9849,455.69367,558.59296,359.08878,271.74356,281.32175,524.73358,909.69183,879.71216,1119.7593,193.90616,602.40222,1431.5864,177.62444,27.630472,941.65326,99.609627,905.27301,70.497276,107.41816,202.82024,609.71728,869.28436,592.42163,215.96252,548.242,236.25633,513.99493,1870.9353,95.525955,161.42423,256.2609,696.9295,1198.7429,493.20331,698.909,1077.3577,169.27962,606.10046,9.821924,400.69644,1364.5786,620.02576,106.8103,676.40289
693.93842,1519.062,377.84335,42.393982,2614.4736,364.90823,339.80069,346.59647,164.72704,50.337246,503.5018,1688.5658,507.14966,620.88031,387.97406,269.09241,316.83102,559.5116,1051.2943,947.45898,1188.7814,218.18283,659.52673,1650.6868,192.75122,29.621857,1030.0714,113.55498,1028.2698,70.795166,128.15025,206.83414,674.95844,1049.5137,604.85718,298.22211,578.39728,259.7583,542.88226,2353.2529,111.60376,181.22252,280.86789,787.53064,1361.7562,567.50793,795.21887,1204.3391,182.22455,811.59863,9.94122,427.66153,1389.4612,695.04511,122.90926,765.58966
704.91382,1338.599,370.12717,46.882755,2668.156,373.33679,338.26306,349.08105,173.29019,62.104439,511.19449,1691.5457,510.85431,619.38544,394.96735,285.44119,317.65695,545.45264,1060.7343,915.57825,1204.8169,214.80255,646.11133,1670.5149,201.68974,31.115391,972.04694,125.40854,1040.5219,79.433571,129.89957,245.79263,690.78912,1161.037,593.91382,340.96729,566.77124,282.84781,525.94824,2151.123,104.0994,182.68906,278.87943,787.03247,1344.8583,504.67316,804.67987,1192.4346,199.15251,751.62848,13.917708,432.4498,1446.1942,711.93658,110.11261,800.72046
666.5,1280.0975,338.01791,42.643353,2870.9507,341.85348,404.37811,359.51621,146.4957,48.866383,484.39401,1677.6399,427.28998,593.97223,385.84561,271.96448,291.23132,534.03613,1051.2943,914.58185,1226.6685,196.67178,622.30939,1576.3319,171.89461,31.371094,853.78766,105.98467,905.27301,69.702934,107.54771,207.77859,698.94409,976.82458,596.89856,238.57771,530.61469,239.14255,529.43475,2105.1096,98.881607,166.4523,290.06436,792.50861,1251.4237,511.15601,779.28455,1223.188,187.20334,620.89325,9.235392,416.57306,1477.2496,689.57996,126.93403,676.0495
620.10474,1122.4399,353.20132,36.408939,2231.7468,291.77786,392.95639,303.61362,122.64754,42.901043,458.91428,1579.3057,381.18545,578.08667,383.10907,236.61577,261.50275,463.42328,952.60187,835.37799,1064.7679,147.50385,541.8158,1459.3462,131.32748,30.126215,753.21222,108.17607,820.91907,56.695698,80.790428,192.96619,605.3999,966.3692,563.57165,232.36475,577.13434,202.03413,507.02225,1704.9585,88.445938,155.45334,274.65399,632.71246,1110.2783,462.78336,766.33807,1049.5804,183.22029,607.29962,7.923152,360.24881,1392.6362,594.68823,116.09814,614.78528
675.47992,1521.0453,430.11408,37.157085,2430.5664,396.88727,421.73065,352.06256,155.97961,36.282021,522.94891,1686.5793,431.40643,630.41351,424.15659,234.76502,337.20074,493.44418,903.88184,903.6228,1112.4442,159.18126,618.95575,1604.0903,186.33385,35.354725,956.57379,119.03352,890.66437,66.823471,108.84352,213.2785,649.05402,1103.2843,616.29773,214.47144,623.29053,278.10626,534.91357,1321.2401,106.66545,173.99461,285.3772,843.28485,1135.1279,481.73349,832.0669,1094.2227,196.16519,770.5376,10.935342,372.09326,1486.2087,602.1402,131.31409,720.17688
631.08008,1225.5619,368.63364,29.177023,2549.8577,354.4964,407.45343,323.987,127.34348,39.477482,474.55066,1676.6466,413.29395,569.61462,403.78494,210.94112,321.78583,415.53757,866.97125,876.22528,1185.9452,141.89563,614.62726,1610.0393,183.35425,35.852684,988.62555,118.53547,849.19421,73.476028,97.181671,201.94141,586.69104,987.45142,602.37018,197.82068,566.95813,239.96721,485.60571,861.92828,92.979446,170.22353,282.14557,742.7279,1045.6693,450.56537,828.5813,1052.557,189.19485,701.56836,9.841807,409.39081,1454.3539,568.85376,130.69476,652.91473
658.15399,1485.349,421.65121,37.905201,2587.6338,374.82416,428.10062,343.11813,136.27496,39.87756,512.52454,1624.0032,428.93637,601.50928,427.80512,250.39949,358.94678,500.10382,944.22565,924.54462,1191.4081,148.50258,634.53778,1639.7816,196.18906,37.097572,1072.7632,134.47305,867.73321,74.071808,84.159401,211.38895,624.23749,1030.7737,624.75372,237.08662,602.57465,284.90945,449.24759,1222.6403,104.52702,181.53677,298.80084,886.59399,1090.651,456.05096,896.79968,1087.2783,194.17368,681.01446,8.698571,415.43909,1452.3634,590.71356,132.65617,742.88324
710.04779,1437.7545,389.54199,40.897717,2719.8484,375.81583,405.69617,345.1058,136.55118,50.07576,501.35586,1728.2966,458.16339,569.11652,467.94049,242.21001,365.55319,514.58582,862.67895,944.47015,1235.1107,165.17355,530.44067,1728.0165,214.98288,38.591427,1236.9108,138.85584,874.33136,72.185219,87.204346,213.2785,644.86957,1105.4675,646.14258,233.35884,667.26624,310.88534,508.01831,1174.1615,111.28454,178.28949,319.18494,828.35065,1102.582,423.88556,879.37176,1169.6178,185.7097,675.99036,12.675058,451.60254,1577.7899,588.72644,134.15308,784.86871
710.54688,1408.0079,401.73856,39.900204,2611.4919,372.09732,430.9903,350.82028,133.5127,47.068615,492.42071,1717.3707,461.04501,584.06696,440.87958,252.38481,359.49728,511.09753,1036.1698,930.52222,1214.2532,171.47322,541.04504,1794.4406,225.75499,38.840405,1169.4825,129.69171,866.31867,68.014984,80.142464,201.46899,642.95001,1079.5736,639.67621,240.5659,668.71979,313.56549,489.34112,1129.7913,108.80393,169.69971,313.71606,841.79144,1093.6339,411.41836,880.86554,1152.7533,194.17368,689.69287,14.414768,428.92163,1543.9446,605.7254,132.70781,771.15918
738.48975,1694.567,469.44168,44.887741,2777.5049,387.71494,439.33786,373.92676,144.562,47.722301,548.76135,1852.4562,482.03909,604.0011,458.51468,260.57434,388.40033,611.41418,904.73962,972.36572,1257.9558,176.54369,590.38843,1882.675,244.54886,41.579147,1266.7556,137.76015,894.59918,76.653374,84.224129,208.79088,662.62244,1104.4713,654.10144,249.26399,646.55042,346.34439,519.97156,1391.9034,117.9565,182.37491,334.59735,871.16211,1182.1187,445.82794,933.64764,1194.4189,189.19485,794.28863,14.911834,460.17087,1613.6263,618.64502,143.49574,796.86438
716.03571,1477.4166,459.98315,51.371517,2727.8013,417.46292,456.03253,384.85892,164.81914,64.719284,515.25482,1839.5436,472.15951,567.6214,436.62283,263.55225,362.80051,552.85211,1060.1083,922.55219,1280.3043,176.69737,544.07489,1856.899,240.19417,37.844501,1114.2144,140.34994,909.68182,77.646278,85.195992,231.22884,648.22809,1193.1084,601.87256,289.02698,617.83917,315.42081,532.9212,1339.3168,119.75274,188.24101,323.41098,857.22327,1151.298,476.49725,945.10059,1175.5699,191.68422,790.63477,21.125093,457.52478,1550.913,596.78119,141.99887,803.29083
674.12128,1359.4219,416.67313,44.887741,2673.125,337.39136,438.89847,377.65362,90.236099,58.018608,488.44949,1766.0413,387.36023,553.16919,420.20392,261.07065,356.46951,520.08264,1000.0204,901.63013,1226.1718,143.50902,463.78394,1874.7438,227.8177,30.624166,1020.2576,129.2933,707.9494,69.206482,63.751213,213.75089,604.08545,1168.2103,594.90881,295.73697,581.13226,276.86926,535.41132,1238.2518,110.087,177.76572,320.92508,745.21686,1151.298,467.77014,885.84503,1182.5144,191.68422,701.56836,19.13685,434.4657,1560.8674,568.95459,139.26311,715.46435
664.64087,1259.2745,421.90018,39.900204,2863.9924,261.78198,443.29175,400.76001,47.143768,50.337246,483.98215,1830.6035,354.33258,539.71356,410.7782,257.84448,365.00269,526.84796,922.76599,920.0614,1217.7292,124.30272,446.25412,1833.1053,224.60904,28.383377,973.83209,126.40462,589.64337,55.007729,31.94038,211.1528,614.6413,1092.5209,646.14258,268.6485,570.95581,237.90556,533.41907,1251.3979,109.06056,186.04117,301.03821,694.44049,1163.2286,469.51563,826.09143,1188.4662,169.52855,688.77924,14.911834,449.20844,1601.6804,569.9483,133.99815,711.17999
661.64685,1255.3087,418.1665,39.900204,2655.2322,309.37872,444.60989,399.76614,97.69445,47.55891,490.93152,1887.2203,372.65665,565.1297,424.46063,256.10727,377.94022,548.51825,989.72046,940.48517,1211.2734,124.68682,470.27655,1877.1351,219.79593,27.387465,1076.6315,138.55704,649.97479,61.163834,58.762516,218.23846,621.83844,1172.1942,662.05988,287.0387,564.77771,275.01382,516.98328,1237.4303,113.59406,189.70754,331.11713,757.66193,1084.686,497.1929,852.98053,1185.4904,189.19485,800.22632,15.657423,451.35059,1523.0398,537.64984,133.89494,703.04004
662.6449,1474.4423,496.57263,42.653004,2568.7454,396.63931,451.63919,384.61035,96.497421,54.423073,507.31259,1826.6311,374.30365,594.03406,423.24439,269.26004,391.51959,576.95343,1038.6486,927.53351,1249.5131,121.99795,475.68686,1763.0988,240.65256,29.379282,1232.4888,145.13124,641.01935,59.575161,68.027145,254.61154,633.83386,1213.0266,667.03412,338.73062,587.31049,291.91892,530.92883,1608.0017,114.1928,186.87918,335.8403,752.18628,1108.5471,514.64703,863.4375,1202.355,195.6673,783.32666,18.142729,470.25134,1382.6816,559.51337,142.87633,710.32318
663.14374,1277.1226,467.94815,41.655281,2548.835,338.383,457.35065,388.33719,92.538071,55.893944,501.8522,1813.7185,379.6568,569.11652,408.95383,283.65375,364.81265,576.95343,1029.2057,863.77148,1205.3138,122.91986,458.80612,1765.0823,239.96495,27.885424,1178.3259,141.14685,606.1405,49.149513,39.779675,251.54103,619.43933,1218.0065,646.64008,330.28107,585.49335,264.49988,514.49304,1634.2946,112.39654,180.32619,325.89691,807.44275,1118.4888,551.05133,870.40863,1192.4346,201.14398,722.12201,17.148607,451.98053,1407.5676,552.05969,138.43726,701.75488
643.68366,1018.3268,412.69046,34.671154,2449.3877,288.0593,430.551,402.49918,87.65802,48.376095,459.16251,1719.3572,328.59665,536.22534,411.99435,262.55966,341.40951,569.34247,970.83527,857.79401,1129.98,98.259071,413.14209,1705.585,195.50143,24.399746,1087.6854,124.01399,481.70725,34.553593,36.475513,237.8421,606.48444,1100.4882,633.2099,283.55951,585.85687,235.01933,525.94824,1487.2166,100.59231,173.72505,323.41098,699.41864,1079.7148,512.65234,840.03394,1157.7133,178.7394,598.34283,16.403013,434.33987,1355.8043,520.75488,129.55917,630.20856
649.67139,992.54639,440.3193,34.172298,2230.6028,286.57199,399.13837,369.20608,86.000519,57.528316,445.10409,1784.9132,376.98004,579.08356,403.78494,268.51559,340.85892,537.84155,920.19055,815.95056,1061.9324,110.08209,425.26154,1665.92,195.04311,24.648712,1084.3694,126.00618,517.52887,39.915356,37.771305,246.58113,601.20673,1164.2266,656.09088,342.20993,594.57916,231.30853,522.46204,1480.183,98.881607,178.85925,313.46747,726.5022,1081.7035,496.44476,828.5813,1140.0415,189.19485,606.56433,18.391254,419.8493,1361.7773,504.35715,129.24947,639.63379
620.23175,1002.4619,499.3107,35.419464,2135.1338,161.92806,382.88287,330.6954,59.666294,55.567066,411.09448,1662.7404,332.05444,539.71356,391.9267,243.699,318.55707,507.50339,927.0581,760.65735,1015.7401,101.36153,312.2912,1520.1522,194.81387,18.175318,995.3869,119.53156,398.04477,24.624403,27.21088,225.7966,547.46735,1128.3739,642.16333,330.28107,580.76868,172.55364,474.89749,1499.9077,89.130302,176.44936,292.83481,724.5105,974.32849,453.80689,755.38342,1081.502,169.27962,687.40912,16.900078,388.09586,1260.2412,464.60483,121.76495,617.78418
630.71014,1105.5841,511.25827,40.408112,2300.2161,196.43565,396.94162,341.13058,68.229515,60.796963,447.58658,1646.8484,332.05444,539.71356,417.16333,238.2394,338.38086,510.46307,1030.0645,760.29431,1026.6674,111.21456,356.44049,1606.4231,215.44125,18.922251,1089.8962,128.59605,393.01675,30.681208,30.320667,232.64604,531.63348,1152.2758,678.97205,330.52954,613.47766,215.02203,502.04175,1707.0182,98.881607,176.34456,305.01553,751.39954,958.91809,466.77277,797.21063,1045.7825,182.25066,781.95636,17.645664,413.17099,1286.1229,475.03983,119.64867,661.48303
611.74902,1280.0975,547.10107,37.66436,2273.3669,236.00047,398.25958,336.6582,96.68161,58.345406,460.24701,1574.8739,373.06418,531.24182,415.94708,246.18065,325.16498,558.87762,1008.6046,730.40076,1007.7931,122.76646,368.54578,1566.7585,236.52705,20.665089,1213.6976,140.64885,481.06107,42.496948,35.827663,258.15433,527.79511,1280.7487,697.87384,352.89618,570.59235,274.39545,501.04547,1666.7465,102.21749,174.4586,311.23019,797.21045,1008.1315,455.30304,777.79071,1148.9714,169.30385,817.87042,19.385384,406.11478,1224.405,487.71085,123.82957,678.6203
636.69794,1184.9082,513.74756,40.158672,2262.4268,235.0088,369.9223,328.70761,160.03105,59.652885,473.15588,1524.2001,375.54962,532.23852,402.5686,225.5829,330.67166,563.31714,978.56073,763.78198,1031.1375,118.68929,399.89719,1518.1683,234.00595,19.918159,1183.8528,138.95546,465.34409,45.674294,49.303509,250.59636,511.48135,1249.8754,691.90472,336.99097,591.67181,269.65375,489.59024,2036.5867,98.967064,177.49713,306.25858,776.29688,973.83118,432.862,684.17706,1091.4237,167.31201,790.45575,20.628036,400.06647,1294.0863,478.26968,120.06153,673.479
657.15625,1354.464,541.62506,52.879749,2369.8293,249.57312,365.52899,329.70154,156.90044,73.054413,454.289,1555.0017,407.61166,550.17895,413.21066,220.12324,348.84348,615.85388,1084.1423,787.19849,1044.5483,125.8243,431.69025,1530.0687,261.96744,28.134399,1318.7079,171.82661,512.56812,50.341003,51.311874,298.54266,504.28418,1479.9321,714.28845,395.88995,624.3808,305.31903,492.08054,2046.4493,112.82425,180.53581,310.23584,851.48657,994.21258,434.358,686.16876,1078.5251,161.08765,911.08014,28.332483,419.09317,1321.9589,482.49341,129.14616,753.16559
627.21728,1384.2106,554.56842,53.877483,2302.2056,232.20718,366.62732,334.91901,163.438,99.367027,442.86993,1559.9701,446.63306,533.23517,386.45373,226.82373,359.85672,608.87738,1196.5773,770.25909,1007.2964,136.69659,470.93484,1464.6213,257.84192,28.383377,1361.8173,163.35983,599.05762,48.454468,51.506245,299.7236,502.84473,1393.2877,683.94617,407.57025,580.76868,279.96176,473.65231,1940.4287,110.77136,174.87761,308.24716,842.02557,1021.0562,472.25839,668.34772,1040.8213,167.31201,901.02832,46.972279,417.70718,1296.0771,495.90973,126.82343,711.17999
660.1499,1367.354,558.55102,61.360462,2358.8901,284.05689,370.801,345.1058,209.01637,114.07606,444.60773,1562.9507,445.88751,480.16083,385.59827,238.2394,367.2905,631.71014,1119.3364,792.18091,1031.1375,135.79053,481.86368,1530.0687,269.98917,32.367001,1319.8135,166.74652,571.99634,50.638882,67.768044,308.22641,518.19861,1395.2795,683.65814,387.44025,614.20453,333.30115,510.01056,1970.8374,119.49612,178.33545,309.73874,871.40448,1029.0104,461.28726,717.15393,1090.4316,169.80185,917.47693,50.203163,415.69104,1284.1318,493.42539,133.84338,734.31494
712.54279,1409.9911,555.56403,61.609905,2380.769,271.15646,367.28632,348.58411,217.30342,103.94318,475.39004,1593.7528,428.24088,529.24841,416.00818,231.78706,369.76855,613.10559,1156.2468,785.20563,999.34924,141.33997,472.92188,1523.1272,263.1135,32.86496,1357.3956,186.07082,574.11859,49.962635,64.787827,322.87009,513.40039,1579.5238,692.6142,394.89584,617.47552,305.86984,504.03378,2214.1104,111.96879,193.42366,321.42227,773.80701,1022.0508,460.34448,742.55335,1056.6963,166.56511,901.9419,46.226681,447.8223,1280.1505,489.20166,126.46212,787.86762
707.55292,1471.4674,615.30219,59.614441,2312.1506,305.39212,394.74506,357.37164,256.89688,94.954414,482.34091,1596.7335,418.54773,532.73682,415.7041,225.41472,357.37875,597.24945,1180.2825,812.10999,1024.1842,140.77368,478.883,1509.2445,307.80609,32.367001,1335.2883,184.77585,581.5473,55.922394,71.007385,321.21674,544.10864,1626.3318,698.5849,376.50534,609.84344,326.70117,502.19269,2342.3223,115.848,197.82445,330.12277,818.12421,1046.9064,468.82315,728.11041,1096.385,175.27928,968.651,43.989906,429.04767,1319.968,502.36951,129.76556,796.4361
738.98871,1611.2769,635.71271,63.854794,2383.752,358.48221,373.65671,346.93381,258.7384,107.21188,517.34351,1672.248,434.95151,505.32758,426.34772,225.91124,363.43594,644.96893,1203.4584,867.91144,1019.353,146.66283,573.76556,1576.6746,309.41028,35.354725,1408.2428,176.01025,591.09833,68.537216,65.241272,312.71393,546.50775,1524.7488,709.03394,393.90176,625.10773,383.42014,541.05267,2464.7795,113.28118,199.29135,339.32056,927.17426,1093.6339,461.09259,735.08282,1090.4316,170.29982,1177.0022,36.782509,438.47769,1430.4636,529.69922,123.88126,769.44543
744.47754,1452.6278,568.28943,49.138256,2544.8569,310.35385,423.96091,370.79163,246.53804,97.732765,497.48395,1697.0879,389.46799,513.43414,434.86243,235.84139,388.49103,607.22241,1220.626,861.43451,1044.1914,126.27731,528.55988,1606.4231,228.04684,30.624166,1325.3401,177.2372,502.48657,58.604282,59.235432,309.40732,562.34149,1508.8136,692.6142,365.07361,602.21137,360.52634,511.65851,2189.4543,115.50574,193.63329,338.57461,874.39197,1115.5066,448.87323,727.1145,1125.1584,155.61015,1073.7404,33.551632,447.93039,1499.1493,540.63098,127.18471,729.38019
744.97662,1611.2769,589.20789,48.888821,2608.5032,336.65079,426.59689,354.88635,264.03284,110.80732,497.32782,1650.3885,394.68753,527.89008,428.78043,241.30301,397.57687,598.97546,1238.652,850.47363,1044.6879,132.27966,533.03058,1594.5236,222.57935,28.632347,1334.1834,179.32939,526.89441,62.080822,45.555546,268.54675,566.18012,1451.0508,650.81854,369.54691,597.02966,365.68253,502.19269,2275.7505,112.34003,193.97299,311.23019,838.04211,1119.4839,448.37448,738.56903,1153.9327,162.3325,1107.5518,32.557499,442.25879,1482.2263,533.67438,119.23566,725.52319
729.50812,1761.9929,626.56274,51.632603,2555.7964,331.93719,406.16775,339.72672,273.93115,109.99023,507.50772,1677.2159,385.24277,508.94781,434.86243,244.28204,393.17157,576.56006,1270.4126,840.01068,1035.2494,132.05316,552.94788,1586.5907,221.66232,38.591427,1333.0775,176.24094,516.54785,59.9949,45.157127,267.8381,574.33691,1449.0587,650.32092,361.84287,589.03058,350.42001,496.71225,2301.2285,112.25446,199.10783,308.58139,860.44958,1113.5182,447.87573,719.14612,1155.9171,164.32437,1146.8462,31.811905,459.90375,1443.7876,532.1839,119.75182,740.09375
734.49786,1841.3173,654.45422,57.120113,2509.0562,355.25708,432.08865,337.48993,262.42145,117.67149,520.17065,1675.2289,373.56116,509.44626,443.98544,228.14552,383.81039,601.19568,1378.1566,841.50543,1025.3145,131.82667,520.65533,1604.4395,212.03494,37.097572,1346.3423,194.47275,517.87439,63.570755,43.961758,270.28925,530.67383,1528.1191,635.8916,394.15027,581.75836,374.13876,479.02591,2466.4238,112.6823,192.50589,321.76004,867.4209,1111.5298,475.55624,729.10651,1150.9558,174.28336,1145.0187,37.776638,458.13934,1505.5217,521.25201,116.24189,774.37726
734.56702,1714.3982,670.89032,60.612171,2614.4697,349.3031,431.20999,321.58472,268.86688,117.67149,511.48038,1656.3503,394.68753,505.95706,450.06741,226.40776,381.33246,585.33575,1325.7787,842.00354,1108.2732,144.96405,543.50855,1601.465,210.65959,37.34655,1354.08,188.8936,542.28235,63.272758,43.364075,274.54202,514.55743,1509.1921,609.02283,387.68872,590.84869,362.17627,473.79474,2560.9382,114.13676,192.50589,329.21979,893.81171,1160.2466,465.08255,705.69946,1129.1274,189.4709,1081.9651,36.285458,459.39966,1471.668,534.17133,118.50101,761.94952
744.54767,1609.2939,594.68658,55.872944,2712.9226,334.17004,421.54462,340.96924,252.29292,102.59651,493.60348,1699.0753,396.42725,482.03,442.16083,233.11063,381.88318,570.00446,1223.5973,885.84766,1109.267,141.90617,518.66803,1602.4565,192.5506,35.852684,1255.9689,180.02673,516.81287,60.988197,46.485229,279.03107,534.23718,1467.3531,609.52045,362.33994,581.75836,348.97632,461.58881,2084.2529,119.44144,194.28731,315.54373,840.03387,1097.6111,453.362,646.43463,1145.0032,194.20149,1101.1553,33.800156,453.35001,1484.6117,502.86639,123.92497,712.66699
767.50293,1788.765,586.71765,56.62125,2680.1052,327.71982,420.88562,340.72082,246.86032,98.876732,470.21442,1674.2356,387.72821,501.47064,434.25421,226.15947,370.86993,582.58673,1257.9429,875.38471,1072.0092,140.77368,506.74457,1562.9979,194.15517,33.611885,1270.3423,174.34801,496.45563,55.634335,44.154335,294.86096,525.59729,1460.3796,606.03735,345.93765,580.30395,329.3826,450.379,2049.4329,120.81043,184.96066,309.82461,813.1449,1098.9941,445.13266,695.24085,1136.073,196.19331,1059.1193,33.054562,447.30026,1446.7748,501.08405,120.05077,693.81122
779.47937,1699.0292,596.18091,57.868416,2634.8569,337.89127,418.90863,324.31851,273.47076,97.405876,475.97476,1699.0753,373.56116,507.45245,431.21332,220.20138,370.26416,581.52942,1265.671,896.80853,1056.1132,136.13034,505.75082,1566.9653,201.94884,34.607792,1271.4475,181.8201,470.71713,56.816364,44.82502,296.51483,524.15747,1515.1685,578.17364,356.37546,582.12213,332.6824,455.61023,2015.6072,124.06171,181.92174,308.58139,812.64679,1054.2384,454.85821,691.25665,1123.1743,198.18509,1065.5162,33.800156,441.75464,1422.8773,487.16501,117.46791,695.95386
772.49316,1640.5273,585.7215,54.126907,2639.8291,274.62964,407.48581,321.08771,265.18384,102.63566,458.3461,1684.1716,361.38254,519.91443,427.56403,216.72586,371.17102,613.24921,1249.3571,864.92181,1078.4678,127.52309,491.84033,1575.8906,203.7827,31.869047,1241.5959,187.59848,449.75525,49.565327,42.035973,301.47644,520.7973,1588.8853,585.13953,377.49957,559.57867,291.22607,453.36826,1891.7456,119.69815,183.07443,309.07873,788.2475,1047.277,437.40204,682.79022,1099.3615,184.24242,1050.8949,32.806026,450.45111,1420.886,481.94528,115.96986,674.52673
778.48138,1791.7397,668.39984,57.120113,2733.8069,316.05981,411.31165,336.74442,288.29538,108.51926,491.31918,1761.6729,390.77795,523.40381,430.90915,228.642,382.20767,611.55743,1262.2368,881.86163,1104.7963,139.86758,541.52124,1624.4868,216.84865,34.85677,1348.8401,203.23996,511.31457,56.677296,44.82502,310.21829,531.3573,1641.6819,609.02283,414.52881,583.21289,320.1012,476.2858,2142.9502,124.83173,191.77226,314.30048,859.45367,1066.1736,450.36951,714.66388,1120.1978,187.23015,1119.4318,34.545734,470.11261,1510.5002,491.88748,116.89961,710.95276
774.4892,1899.8191,747.09387,61.360462,2862.0935,339.37979,414.38779,320.34213,290.04483,126.49692,507.40848,1811.3534,415.38803,526.89319,419.35336,229.38681,345.03326,624.24542,1306.0289,905.27832,1151.4916,152.43875,570.83301,1653.2471,238.62524,37.595528,1445.0277,208.71947,539.70654,65.60701,51.791172,320.3779,540.47736,1688.5018,603.052,435.65283,611.20996,350.42001,479.52411,2417.5347,129.36642,191.9819,320.76544,912.73395,1008.4884,459.34689,735.08282,1108.2913,190.7158,1242.7974,37.528114,464.31509,1532.4064,473.4946,124.23492,730.237
794.45044,1913.7007,754.06653,62.108765,2787.5083,348.06271,413.72855,305.18237,278.35098,133.85138,493.80209,1846.1299,432.5405,516.42511,405.97296,218.71188,355.22174,632.91559,1299.1589,934.67371,1141.5566,156.17615,601.88348,1696.8842,219.82858,40.085285,1565.5388,211.95737,566.77087,64.017731,56.446373,326.75705,536.15729,1698.4635,690.1264,447.5817,586.84875,369.80768,421.73221,2476.2312,141.77261,204.76678,315.79239,973.48321,963.23572,474.30939,717.15393,1098.3689,180.75676,1298.5406,38.770767,463.18072,1573.2306,448.14206,126.76614,741.80792
795.94727,1921.6335,729.66156,75.129158,2777.0667,378.87479,407.35666,318.70193,336.08371,147.8085,506.26627,1857.0594,477.88266,528.88708,402.01956,217.0734,356.103,659.77167,1303.4524,921.71997,1159.0814,171.9183,662.74262,1666.1398,237.38741,42.824039,1558.9054,213.60121,632.04541,65.160019,67.735619,330.301,537.59735,1698.4635,714.00964,476.16141,595.21167,389.81393,443.20486,2409.0779,145.24631,214.19814,318.8757,986.42975,941.85266,472.51392,781.8971,1099.3615,197.98593,1255.5908,37.776638,466.58371,1611.068,435.36642,132.19006,825.37384
805.42889,1911.2222,739.6228,72.435287,2751.0667,368.95135,440.31436,325.06396,330.65103,159.6411,502.04529,1889.8486,509.60242,542.34613,395.93756,218.06641,347.51157,670.7677,1306.0289,930.68787,1150.6354,183.06242,645.85113,1687.9586,241.97195,48.36129,1560.0109,212.10683,669.72369,65.458015,66.075432,313.85693,546.23737,1670.5706,717.49262,500.51614,601.02936,425.7016,426.81531,2343.9143,148.87405,222.89604,313.00754,986.92761,943.84168,470.51886,781.39899,1116.2286,208.06471,1276.609,42.737324,459.39966,1641.9353,439.04504,130.5887,812.08905
826.88708,1967.2451,777.47571,73.333244,2792.8401,407.55344,442.95102,331.7244,324.11356,158.6604,524.27997,1877.9257,467.2432,550.32165,411.75085,227.20216,357.97534,695.93219,1390.1785,963.57098,1210.2541,177.08267,654.89288,1733.5789,252.60803,49.078339,1584.3342,213.50159,651.68079,77.278214,67.45668,324.06348,572.15704,1671.5671,727.44379,498.03101,606.11975,439.31409,430.90106,2385.2012,152.80977,230.86035,322.05847,1038.819,959.25757,496.05481,777.91284,1104.3224,223.90112,1287.699,47.668148,465.82745,1671.8062,446.70047,135.85777,858.80017
798.94147,2003.932,763.53003,81.333908,2824.6672,403.08792,433.28342,310.35172,350.12555,162.84435,528.45209,1862.3011,482.25772,585.71387,414.48776,250.14079,359.51749,687.68506,1469.1752,950.617,1195.3494,183.45732,667.86114,1715.7273,260.80496,48.530586,1565.5388,210.91132,655.39551,76.483543,73.938049,321.13391,568.79718,1633.7128,748.47003,489.28311,643.57025,443.09393,445.45038,2401.1189,154.93172,231.27954,323.94821,1076.6666,973.67877,522.68799,798.82996,1110.728,229.37915,1275.8181,51.893166,473.76773,1672.8024,450.18021,137.20085,897.36914
810.41907,1984.1013,717.2099,79.337975,2743.1096,399.51544,448.22421,318.80136,323.88336,165.9823,533.31952,1887.1454,478.08154,579.73199,412.35904,254.31148,370.75238,684.93597,1385.0255,954.60297,1180.4448,184.63531,654.14838,1695.8922,264.28967,46.598526,1541.2155,210.41316,658.04913,70.424484,67.589546,328.22189,565.43713,1645.6666,733.04279,487.19556,631.93512,449.28241,439.0726,2403.1091,155.41083,227.40208,321.16339,1082.6425,965.22473,521.19177,814.76666,1111.7206,223.10435,1253.8844,47.847088,468.85236,1615.0509,453.26218,137.66576,879.3703
836.36859,2037.6453,732.15198,94.806412,2705.3149,410.53043,492.60718,330.43207,340.87167,187.62079,539.82562,1951.7393,499.16171,589.20306,433.37805,263.14935,389.58743,738.19269,1463.1642,945.63489,1174.4829,193.42529,650.37244,1749.4469,290.97537,54.276974,1599.8126,206.22879,693.07428,72.968231,69.734535,349.67493,586.55725,1702.4481,734.03802,511.45102,645.75183,463.72211,472.05792,2605.0674,159.24391,236.72879,330.21442,1136.4261,994.06744,557.1015,881.99982,1144.4771,230.47475,1308.7189,48.294441,486.37125,1614.0552,460.32117,142.05661,1087.6421
860.3219,2054.501,763.03192,92.361389,2764.991,410.62976,498.31995,340.67102,344.0484,181.99867,551.29871,1984.5333,525.01459,618.11505,442.19772,258.18417,394.98465,739.77875,1556.7583,985.71832,1192.8655,199.13431,725.396,1755.3972,301.24619,48.201942,1597.6014,210.91132,729.16052,74.955124,73.493164,348.25736,590.39722,1862.8309,759.91614,503.00137,660.29584,474.44885,488.40103,2723.9546,170.53787,235.15692,333.29779,1152.3622,1010.4777,558.09894,853.61255,1144.4771,235.05638,1368.1227,44.815022,498.59674,1697.6952,464.99399,145.05267,1079.0714
840.36066,2041.6116,731.67505,82.431694,2736.645,407.25561,516.33679,339.97525,328.71741,171.60437,545.14014,1948.7587,472.01617,617.11816,432.76993,256.09885,396.30637,708.58441,1444.2737,962.79468,1219.6935,178.51855,699.75879,1784.158,284.28113,44.706299,1536.793,207.82283,682.00214,74.557762,68.698517,347.50122,577.43713,1805.0533,768.3761,450.31549,655.93262,479.81207,473.45303,2616.5085,159.82573,233.89935,324.84344,1064.7146,949.80908,555.10645,825.72321,1145.4694,230.47475,1356.2422,40.729187,487.88364,1727.5663,451.17444,146.49908,1050.7877
834.37262,1860.6526,717.23053,79.337975,2746.0938,449.2283,505.79028,331.02844,328.48727,159.83717,531.72998,1927.8892,456.30527,619.61041,431.24933,246.89816,415.91251,721.69665,1513.8252,951.33301,1210.7504,171.99402,682.17047,1794.0758,278.87054,42.694572,1466.0342,206.02953,645.91162,84.641182,62.921062,330.301,576.47717,1729.3445,750.95831,438.28714,652.66052,471.97339,459.30231,2492.6475,154.31569,234.7377,319.47247,1068.6985,945.33368,551.61542,867.55719,1121.6471,260.25513,1350.7585,40.719227,491.53879,1765.4033,443.02188,142.88313,1006.2191
856.32953,2133.3303,820.33252,81.832909,2756.5371,460.44412,505.35086,317.40961,347.13309,178.39926,538.88208,1947.7644,471.4194,630.57703,454.6669,250.27489,439.92441,788.52618,1623.7344,963.29327,1235.0948,184.86188,712.27924,1795.0674,287.0322,46.190205,1501.4136,232.23154,668.73383,86.379707,62.423004,343.24835,575.03723,1795.0913,783.80328,448.82431,687.20209,522.30621,459.103,2839.3594,166.60207,241.75882,312.21173,1125.4702,965.72223,543.63538,907.89697,1114.6986,268.42242,1422.9575,44.238426,486.49731,1808.2197,448.39056,136.83922,1087.6421
840.36066,2180.9248,827.30579,85.874641,2733.6614,446.94537,512.82129,320.19308,342.75937,165.06699,555.37146,1976.583,470.2262,634.06622,465.91949,238.35707,431.77356,798.99487,1580.8013,950.8346,1249.9995,185.7681,689.62299,1801.0181,287.21564,49.576286,1629.6639,236.63629,672.97949,85.485611,61.825325,324.63065,556.7973,1771.1838,808.6861,447.13437,702.47321,515.29279,458.30572,2900.5442,165.47273,245.74094,326.93225,1145.3899,952.29547,528.17407,950.229,1059.1125,281.7688,1410.1625,42.747242,475.78424,1809.2153,431.98605,137.66576,1115.069
848.34509,2359.9006,854.69989,86.822685,2754.0503,427.9877,515.89722,315.42145,332.81491,150.63634,561.23187,1962.6709,479.44009,649.51941,475.34738,239.54884,433.97638,801.10962,1535.2919,959.30633,1228.6366,191.47713,694.19415,1802.0098,270.06702,47.295666,1649.5647,235.44064,710.13153,84.243805,63.903904,328.22189,563.99713,1862.8309,844.01923,440.47412,691.56537,522.71881,460.39844,2985.1086,162.25568,240.60617,337.07736,1182.2418,952.79279,539.17999,921.84174,1066.0608,273.90045,1466.8254,41.514534,491.21115,1858.0055,436.7583,142.05661,1106.498
825.88904,2196.2942,768.53265,80.186264,2727.196,380.74237,533.03528,312.69925,296.49023,134.68545,568.48346,1930.8707,469.59479,662.47968,464.09479,246.60025,427.36764,820.88373,1530.9995,992.69525,1242.0503,184.04627,669.45093,1785.1501,268.87479,42.575054,1561.1163,222.78682,702.70099,77.985123,57.794434,323.68558,582.237,1788.1185,828.59216,401.00934,677.38519,459.18384,460.59775,2679.186,154.6237,223.7343,328.12567,1095.5905,946.32831,539.17999,889.68585,1071.0239,259.65759,1371.3219,36.802406,513.4585,1821.1635,437.95135,139.0088,1091.1514
814.9104,2365.8499,850.21716,79.088493,2681.9426,390.17148,559.84076,315.98032,309.84143,138.27437,580.00604,1946.7708,455.57248,645.0329,466.52777,239.64816,448.73611,865.71875,1645.2012,999.67194,1211.2479,187.80704,678.99036,1807.9602,279.51254,48.759651,1637.4033,234.04576,728.70746,79.276604,56.313549,347.31232,587.51703,1967.4283,840.53577,424.17129,673.3855,476.92422,471.55963,2902.0374,160.0175,229.07887,329.71704,1121.4865,940.36066,534.6908,927.04663,1067.0536,252.8848,1468.653,41.355465,526.88293,1787.3091,441.33173,140.30025,1056.8652
832.87537,2527.4734,864.66156,79.836952,2745.0989,402.08209,547.09723,318.96317,294.64883,139.76978,577.22461,1978.0743,495.4512,643.03888,463.1824,243.8194,446.423,853.13525,1663.2336,1014.6222,1243.1959,201.62625,736.92285,1882.3416,286.75717,51.090065,1722.535,242.51486,771.16663,87.025444,59.667168,351.84851,603.83704,2013.2522,841.03351,457.37338,673.56897,502.50314,466.47733,3116.928,160.83897,233.16579,340.85693,1224.0735,991.58093,572.59802,957.93146,1077.9722,246.01234,1521.6598,42.260139,536.65149,1801.2495,470.26343,141.64333,1117.7229
827.88519,2508.6345,897.53461,74.298279,2680.4502,392.95065,547.53668,327.11627,280.14639,125.31427,575.22113,1903.045,470.78821,643.10498,438.85245,255.4393,440.25482,847.10803,1628.8864,1021.5991,1245.6802,193.06282,727.28412,1818.869,286.11505,52.03619,1742.436,237.43339,726.05365,83.548409,58.538212,359.36798,622.07696,2001.2983,839.04273,433.91321,661.20337,506.62888,467.47382,3131.8518,161.93424,231.17476,327.62836,1217.1016,991.08362,572.59802,946.4743,1089.8831,245.01639,1474.1364,37.418762,530.034,1779.3434,471.55582,139.06047,1097.1514
807.92383,2566.1443,897.53461,67.661819,2718.2451,376.67288,555.44641,329.10477,274.26221,120.13023,579.98993,1838.4514,457.26312,623.66229,439.46054,255.53854,477.37405,835.05328,1588.7527,1026.5823,1271.0214,186.31177,701.89215,1761.3478,259.06259,52.882698,1651.776,239.12724,711.72375,80.419052,58.441883,362.67615,631.677,1981.375,829.58758,425.46356,657.56628,527.25702,460.49808,3073.6516,163.06384,228.0309,324.78171,1169.2939,1034.3472,587.06268,948.96491,1116.6838,242.32719,1389.1429,36.693043,540.74817,1784.5577,477.22284,143.03453,1118.5801
810.41907,2584.9834,897.03644,71.204582,2827.6504,376.5737,550.61279,334.07605,279.46466,120.32961,580.88409,1925.9017,453.38461,638.11957,443.1102,259.5112,482.77115,854.82745,1619.6691,1051.4993,1303.3186,184.8165,719.08404,1868.4574,270.80063,51.687622,1678.3104,237.93156,727.11523,77.885796,55.848896,380.16244,622.07696,2051.2966,842.02887,459.46091,668.11371,530.14502,466.77625,3108.9692,171.14163,241.86362,322.09586,1167.3016,1027.3854,600.5296,990.80914,1116.6838,240.23557,1382.7455,36.643341,546.29437,1852.2754,492.4343,147.16856,1119.4373
807.06671,2538.3804,911.9787,69.458168,2807.7598,367.83917,534.79309,340.73779,265.19226,111.35721,571.44598,1946.2733,438.56689,655.0697,444.93494,263.78186,507.77429,831.24658,1644.5734,1049.5061,1294.8716,174.35005,699.01031,1885.317,271.5343,51.83699,1658.5317,234.44432,677.22534,75.402176,56.068306,378.93362,619.32361,2035.3569,864.92071,422.77957,663.74921,497.55237,477.83777,3117.9231,167.54773,242.702,317.52008,1211.1255,1039.5847,618.48584,984.83136,1098.8169,234.15996,1379.5469,33.193729,525.43335,1870.2006,498.10135,146.29005,1140.0087
803.07373,2572.0938,901.51923,71.603767,2807.7598,366.9458,518.09454,340.93655,243.32307,115.44463,572.73755,1925.4049,440.65533,645.59778,438.24417,266.16544,491.58289,851.02063,1623.1036,1054.4896,1287.4183,175.48286,675.75629,1855.5643,277.21988,51.737419,1651.8972,220.59485,677.29755,76.594322,48.568592,376.19263,619.80359,2013.439,857.95367,437.39252,669.56836,493.4267,492.28754,3115.9331,164.29601,234.94731,314.33695,1250.9651,1059.4812,620.97961,950.45947,1108.7428,244.8172,1365.8381,33.810093,512.57629,1917.0052,491.53958,144.68819,1176.0092
817.54804,2672.24,931.90179,76.643501,2893.792,385.20886,518.57574,347.99594,254.14256,116.54127,604.52875,2019.8119,445.52829,660.55347,450.71332,272.72021,500.06418,852.60669,1705.5474,1081.4,1322.6968,180.73871,714.41357,1932.9207,288.59109,53.629631,1666.2717,224.38106,684.729,76.942009,49.137058,378.55563,636.60699,2057.2744,873.87872,444.84805,683.75244,520.65594,505.24243,3352.7126,164.33023,234.7377,319.41016,1310.7246,1088.3308,627.46381,976.86121,1138.521,244.02035,1438.4939,36.832226,538.16443,1984.7227,492.44193,146.96193,1186.2947
820.54273,2688.1057,988.18469,81.034515,2894.7866,394.93591,523.84924,357.44162,254.14256,123.61948,596.08417,2003.9119,477.35165,673.01703,456.79581,279.17569,490.37134,876.18744,1670.3369,1080.4033,1311.2683,192.11137,704.37671,1943.8301,318.74145,52.135777,1692.8081,228.16722,727.19269,80.071327,50.55323,379.97345,651.96997,2075.207,886.81757,466.71768,675.0238,528.08215,509.7269,3372.6101,165.494,230.54597,321.79739,1324.6687,1080.3722,637.93805,1010.2367,1152.4176,245.01639,1439.408,38.671341,539.48767,1985.7185,492.93918,148.51209,1209.438
848.4931,2872.5347,1020.0613,88.968323,2892.7969,407.5412,529.5625,366.39004,295.16461,141.46454,617.64258,2022.2963,458.85434,661.55054,441.89365,277.58664,506.89316,913.93768,1816.3309,1063.4595,1273.0087,180.78407,735.38165,1933.9122,303.99731,56.965927,1770.2058,224.77963,704.89905,83.74707,56.746471,346.32413,632.28607,2032.3682,858.94904,488.38852,677.20599,526.84436,504.24591,3619.8354,171.65511,240.92055,327.76596,1329.6483,1078.3823,631.45398,1007.2478,1162.3438,254.97639,1484.1895,41.633831,524.29877,1927.9592,493.23743,141.58774,1209.438
863.96558,2699.5085,1021.0576,89.816574,2984.3013,416.6727,509.34677,365.89291,286.55493,134.68545,624.8949,2034.2212,451.99243,638.61823,440.9812,283.14835,506.67297,888.77081,1798.2969,1060.4696,1242.2024,179.37941,698.11566,1983.5001,292.16748,57.663067,1783.4745,224.77963,728.78509,83.349709,56.626789,330.44464,617.88324,1953.6636,890.79871,479.14358,670.29584,503.32825,507.73379,3564.6201,167.03426,245.21709,328.95956,1339.6082,1083.3568,633.44916,1037.1366,1160.3586,269.11966,1417.9307,41.395248,532.87006,1922.9802,485.4809,139.21071,1188.8663
878.43976,2484.3408,938.37683,83.538071,3042.4846,394.14172,507.14932,357.44162,249.86079,126.80963,601.64746,2040.6807,429.67551,619.17542,440.9812,279.27502,492.35391,865.19,1687.5139,1064.4564,1262.0771,174.98447,669.396,1991.4341,283.8226,57.264694,1676.2228,222.68724,691.09845,75.650536,53.455372,328.93225,618.36346,1934.7344,881.34344,450.31549,690.66278,499.61514,514.21124,3275.1133,164.02212,247.10335,325.57745,1263.9131,1142.0511,626.96491,998.28137,1170.2848,268.92029,1305.0634,39.576004,531.60974,1919.9927,520.08704,140.03748,1169.1519
881.43445,2302.3901,875.61902,85.334579,2896.2786,385.6058,493.52573,350.97879,249.12411,119.33265,583.06958,2057.575,435.74264,622.66534,440.06882,268.0524,471.75659,822.46979,1686.6544,1051.4993,1208.9108,171.81274,673.0733,2009.7917,302.6217,56.268799,1619.8325,211.52792,679.9516,75.402176,51.061848,329.68842,605.8808,1958.6454,887.31512,430.33456,681.57031,476.92422,498.26666,3083.1023,164.22749,248.04648,322.19534,1241.0051,1119.1699,631.45398,996.28857,1161.3506,249.9964,1326.9971,38.492409,536.39948,1902.0674,533.51184,139.05568,1207.7236
872.94971,2254.7959,823.32117,83.138847,2717.25,362.3801,497.92062,343.91946,247.69691,113.35109,556.34528,2041.1774,443.20227,623.16376,427.59976,262.09348,495.75647,871.74622,1682.3602,996.68213,1198.4767,172.90018,643.95593,2009.7917,293.26804,52.285156,1656.3202,199.8705,669.86639,73.166939,48.184631,315.03766,601.56006,1903.8505,850.98645,416.51688,661.56702,474.03622,480.82736,3020.4265,164.0564,233.7945,317.42062,1118.4987,1116.1857,622.97485,1003.2628,1145.4694,233.66199,1285.4144,37.617592,517.74438,1810.449,523.5675,143.8614,1173.4381
897.90527,2290.4919,852.20966,77.30014,2766.4832,357.2189,486.93378,339.7435,241.2513,110.26058,569.95587,2144.0313,442.00879,627.15204,436.11523,269.34351,496.30734,872.90949,1634.2689,1026.5823,1221.3331,174.5766,645.64545,2040.5438,293.45142,49.54641,1716.0273,208.83774,667.74341,69.342201,46.459297,309.93356,614.52252,1909.8284,864.42322,406.27801,668.47723,471.14819,487.30487,3189.5537,173.3665,234.05235,324.38385,1111.5261,1126.1339,651.40515,1002.2663,1154.4028,243.8212,1291.8113,35.370865,534.44586,1859.246,535.00348,143.65466,1173.4381
935.33887,2436.7466,889.06714,82.88932,2815.7339,376.27582,483.85751,364.30206,287.52185,117.33881,577.50617,2211.1104,446.78305,651.08142,449.80087,275.99756,528.80713,921.0224,1700.3953,1067.4464,1227.4775,177.11398,686.68774,2063.3589,304.27231,53.480247,1766.889,218.60213,684.729,76.395622,50.383682,323.6391,624.12439,1933.7384,884.82684,417.80924,675.75122,498.37744,480.72775,3396.4873,179.52768,239.60751,331.64533,1189.2137,1143.0458,663.37573,1033.1512,1133.5577,257.66568,1383.6592,37.667274,539.1095,1939.0927,537.48956,147.16856,1235.1525
948.31574,2369.8164,880.10193,84.685844,2868.9646,387.3923,462.76285,372.15683,287.75201,113.45079,575.00812,2215.5818,437.63248,678.50073,435.50693,277.78531,537.17981,985.63135,1657.4559,1060.4696,1206.6056,173.53453,715.10919,2029.6316,307.66547,53.779022,1755.832,214.21812,671.45904,76.64399,52.358341,312.01297,626.04492,1867.9856,907.71906,387.78827,687.38946,497.1398,490.29437,3346.7434,190.99412,248.20244,328.66116,1191.2056,1158.9629,671.85516,1035.1439,1112.9108,254.77718,1427.5271,35.390743,529.0257,1916.1863,540.47308,146.18678,1217.1523
958.29804,2641.998,989.18066,87.829758,2980.3997,389.17899,514.18091,384.98297,314.37839,124.31733,608.09534,2312.4736,467.17273,693.4566,438.54837,280.6655,553.04395,1012.4902,1660.0327,1078.4098,1230.9556,180.91992,706.36407,2136.7678,363.87979,52.285156,1927.2136,221.19267,720.90161,75.749886,65.951561,324.86774,603.96039,1938.72,983.3623,418.60449,640.1087,429.0668,509.22867,3682.4417,194.41695,257.00687,334.03265,1390.4037,1181.8436,694.79883,1056.066,1115.8893,256.66971,1605.7397,36.852104,551.02118,1988.8899,548.42835,152.59438,1273.7241
953.80609,2685.1309,1029.027,92.86998,2907.2705,392.95065,466.71811,376.73047,324.00134,126.51058,615.94513,2219.5569,461.40384,715.39203,444.6308,288.01471,558.00153,1011.9616,1670.3369,1086.5281,1235.4282,176.2903,679.73126,2061.375,353.79233,51.637814,1919.4742,220.19627,715.59271,79.574615,58.312229,338.47879,624.60443,1999.4916,993.31512,442.06464,629.56158,455.88336,505.74066,3689.9041,193.21895,260.9899,330.94907,1354.5477,1188.8074,675.34656,1057.0625,1115.8893,255.30193,1585.1768,39.068993,548.8783,1950.0483,554.89221,156.67658,1300.2958
958.7973,2641.5022,992.66736,96.962036,2927.1689,398.0127,466.27869,383.49155,329.29627,126.90936,631.04828,2220.2466,471.25067,734.33612,455.88336,288.90857,553.59497,1004.348,1687.5139,1088.5212,1278.6633,175.47469,675.75629,2014.7516,348.9321,53.928413,1931.6364,230.65811,716.65442,81.9589,59.967758,336.96655,614.52252,2068.2336,995.30591,454.78873,622.65125,439.79346,497.46951,3651.5969,205.71225,259.83682,331.34689,1389.6178,1199.7504,667.86499,1095.9176,1094.0481,248.92683,1618.3542,39.357296,553.60504,1937.1012,556.38385,153.16283,1320.0103
980.25903,2771.8914,1007.1114,96.812325,2978.907,381.63556,508.4679,378.61957,338.45877,128.90321,627.57037,2263.4883,474.73172,731.34515,468.65671,291.78876,578.38269,1042.6273,1661.7499,1108.458,1267.2335,177.28729,683.47296,2034.5919,355.35135,58.459793,1939.3763,222.18898,726.74066,84.591515,63.877182,350.76654,613.08215,2188.781,1032.1321,463.23834,641.92719,439.79346,520.19043,3843.6289,207.08142,256.48288,327.36795,1389.6178,1170.9009,672.8526,1146.7281,1094.0481,258.98746,1658.1162,38.641525,547.30261,1891.288,549.42279,151.61258,1326.8674
980.25903,2922.1121,1070.8651,98.209641,2931.1494,382.96973,538.35193,371.65967,333.76242,126.90936,627.27234,2264.9795,484.57852,737.82593,471.39374,295.46341,585.54352,1004.5594,1974.6202,1119.4226,1249.3429,179.00952,671.24841,1987.9677,363.9715,62.692398,1974.7584,216.11122,719.8396,88.167892,63.986893,351.52264,621.72394,2174.8337,1039.0994,474.17325,637.92651,469.08542,524.17664,3986.4094,209.13512,252.91917,327.66638,1425.479,1201.74,650.40778,1141.7463,1095.0406,258.88788,1643.0343,37.518166,552.72278,1966.9792,563.8421,156.78,1283.1528
984.25195,2954.3376,1057.9153,96.562813,2909.2605,385.25336,536.59375,366.58887,328.28332,124.71612,637.01001,2215.7732,482.39035,751.28632,484.16696,300.23059,594.90784,1082.0695,1775.9684,1136.3684,1261.27,180.95818,686.35498,1984.9916,364.98025,63.538918,1960.3843,229.56213,723.02484,89.9561,63.917061,349.91583,630.84582,2262.5034,992.32007,463.73544,631.37982,473.21112,524.17664,3929.1982,210.84657,262.24765,336.61902,1430.4598,1219.6469,678.33917,1150.8203,1110.9253,261.67694,1627.0378,38.512299,554.8656,1949.0525,567.81964,154.09286,1301.1528
948.31574,2857.6609,996.15369,106.49356,2917.219,384.2605,531.75989,369.96948,343.79965,120.62869,637.70557,2137.2419,481.36002,757.76721,492.68256,296.55588,577.28094,1042.0983,1800.8727,1141.353,1272.6997,174.16032,693.70966,1935.3917,364.52173,67.323372,1946.0106,235.14174,715.06201,90.105103,64.525421,360.59677,624.60443,2260.5117,1000.5045,447.63144,642.65466,482.42447,525.67151,3780.9448,205.88341,266.75473,344.47742,1405.5565,1215.6671,692.80365,1125.9106,1109.9327,266.25906,1631.1511,38.094753,547.87,1920.1705,562.84772,157.0901,1339.7247
1034.1632,2835.8469,989.67877,116.77364,2890.8535,366.58652,526.48627,355.85068,333.62424,131.49524,635.61871,2174.5193,477.87848,759.76129,499.44336,305.99084,589.39935,1062.9299,1816.3309,1136.3684,1230.4587,177.15146,677.80786,1937.3752,387.79926,69.215584,1949.3271,246.89887,709.75342,88.491768,68.295219,355.30356,627.00507,2335.231,1036.3434,495.34692,623.74231,446.52115,542.61255,3721.2456,202.11833,266.54498,347.85953,1397.5869,1187.8126,670.35889,1115.9467,1113.9038,276.61859,1633.4365,43.731426,568.10077,1961.9998,547.93115,153.36952,1383.4395
1004.2166,2781.8074,995.15778,118.76977,2874.4365,346.2316,514.18091,342.51517,311.47775,124.31733,571.82843,2041.8112,465.94147,761.75549,486.05997,292.58328,588.29785,1102.9005,1727.0171,1111.4484,1203.6229,174.11513,663.89423,1852.0636,363.95154,66.9748,1927.2136,249.09084,699.66736,85.212471,65.951561,346.41852,603.96039,2286.4141,1046.2985,473.47739,611.37659,478.29755,512.71649,3362.0562,197.83981,257.00687,336.51956,1383.6411,1152.9939,677.39874,1122.9215,1077.171,264.26688,1606.0148,40.331535,548.50006,1965.9835,534.00915,150.21742,1318.2964
916.37238,2480.3748,867.15185,109.78719,2758.0259,301.25232,475.50757,328.49228,261.24542,103.97993,550.36627,1993.1024,419.48651,713.89642,468.72238,273.9924,542.68829,1007.7687,1530.3558,1050.6423,1141.5038,154.12936,625.72986,1765.7596,326.62085,55.521858,1767.9946,220.19627,628.00159,75.126099,53.385555,311.63489,575.63477,2119.0425,943.2616,416.01987,624.1062,448.17191,478.47147,3111.8171,187.57127,242.12314,311.2532,1323.8724,1080.3722,639.98712,1050.1857,1050.3657,243.0498,1436.9122,34.416508,515.70667,1836.5115,504.17627,137.35048,1162.2948
960.29437,2581.5127,898.62262,114.27849,2864.9844,324.58594,511.10474,330.08362,284.45071,121.52593,526.8175,2020.9358,421.97339,743.95429,492.44757,281.0459,605.92468,1061.9165,1610.2223,1086.5281,1160.0344,157.70966,643.5199,1809.4078,356.6138,58.708771,1831.019,224.71326,648.17426,78.653809,57.524364,319.48016,593.39856,2152.9148,979.10059,445.94144,609.19434,447.75916,496.41415,3193.9031,206.91028,247.15427,330.15323,1386.6298,1122.1548,649.46491,1093.0302,1074.1926,251.81552,1482.6157,35.937519,520.62353,1876.349,518.59534,139.00403,1206.0093
930.34766,2458.0647,855.28565,104.79687,2829.1655,305.91892,490.44949,321.92847,275.25088,106.97073,503.46738,1980.6763,435.50195,712.04169,486.05997,270.81338,581.68793,1009.8837,1558.6952,1044.6617,1132.699,159.65836,625.33252,1747.9036,333.68338,53.97821,1695.0192,211.85829,633.3103,74.529839,55.649433,309.17746,541.06787,2051.2966,931.31537,411.54648,597.09064,426.71243,470.79602,2894.4121,193.04784,243.09276,314.93372,1305.942,1120.1653,613.0509,1044.2076,1031.5028,231.59457,1474.3888,32.547565,501.39746,1835.6881,527.0481,134.35329,1124.8027
955.30341,2638.5276,882.68262,105.69511,2886.8733,317.6355,504.07318,320.93396,280.9602,107.66858,491.64319,2030.3799,447.83691,714.53497,474.80588,272.99908,589.95032,1043.3033,1612.7991,1051.6389,1150.0938,163.23857,623.99231,1785.5996,346.70779,55.671242,1695.0192,222.91951,638.08789,78.554474,56.467213,334.31986,540.84723,2071.2227,946.24823,405.58209,590.17719,446.93369,480.06638,3173.009,201.77605,249.17274,322.39291,1323.8724,1191.792,625.02246,1030.2583,1044.4086,247.23341,1496.3265,34.02879,518.92163,1860.5895,536.49524,142.77622,1187.387
974.26971,2496.2397,851.30066,109.78719,2935.1284,326.77035,501.87576,319.24322,265.76569,103.0827,430.58545,2130.283,453.80551,712.54059,469.02661,279.65506,605.92468,1117.2284,1602.948,1066.5916,1167.9865,163.55579,626.27808,1901.6636,349.55127,54.874519,1677.3282,220.8269,643.92731,77.262604,55.290405,321.27606,528.17383,2075.6912,935.29742,386.99292,595.63501,458.90158,475.18201,3100.3745,200.92036,254.83333,323.68628,1335.8264,1231.5844,634.50018,1031.2544,1079.1565,237.37196,1482.1583,31.951084,519.74115,1858.5973,553.40057,143.29295,1194.2455
992.81537,2554.7407,853.29303,108.68932,3040.594,334.41583,523.40991,319.44223,267.83762,98.795883,389.39987,2148.6738,451.61703,722.01428,483.32245,284.92029,620.24676,1133.7263,1680.2604,1100.4833,1189.8553,162.83064,642.87683,1883.8075,359.09033,55.770847,1667.3771,221.62411,649.23602,80.541939,54.183395,322.3071,540.78937,2109.5718,930.81757,364.42743,618.55823,441.56891,493.02499,3198.3804,202.80289,253.68031,319.80566,1321.8806,1239.5432,637.49316,1063.1383,1098.0192,226.61404,1476.6743,29.376307,496.9848,1890.4707,556.88098,144.79207,1201.1042
997.30774,2622.6628,874.21442,109.78719,3052.5337,350.89838,497.48102,324.51419,287.63666,106.77135,355.16943,2164.0815,454.70074,742.95673,478.15167,299.92136,625.20422,1124.9485,1702.5955,1108.458,1188.8615,163.14786,644.66589,1912.5754,363.49298,57.81245,1800.3959,228.99826,646.58154,83.920616,56.16803,332.42346,559.75482,2142.4561,954.71027,373.57294,668.77051,467.15512,499.40454,3308.3271,205.19888,257.87326,330.05463,1296.9771,1235.5637,662.93286,1135.8744,1119.8606,226.81328,1611.9562,30.787964,492.63519,1890.4707,535.99799,147.89476,1266.2606
984.32971,2454.0981,823.9035,99.307495,2951.0479,322.79874,516.48999,317.25424,258.95114,104.17933,302.65677,2116.3665,437.88956,687.60913,472.06827,303.6965,591.05188,1106.3351,1614.9742,1066.5916,1138.1659,159.88493,637.90729,1874.8799,340.19565,53.281071,1718.5601,219.63104,616.85376,80.29348,54.053753,321.45612,540.78937,2110.5688,916.38245,378.24506,619.28595,437.44205,498.40774,3173.009,199.20888,248.96306,326.57208,1270.0812,1244.9529,640.9848,1096.019,1111.918,217.7487,1592.3032,30.280954,502.59503,1804.8114,525.27625,148.98062,1270.547
947.39227,2284.0464,774.58881,93.369011,3072.9307,312.86942,543.74323,306.81162,245.82858,92.066605,319.94565,2106.4255,434.00992,662.17902,446.51813,290.88104,556.89984,1099.7782,1527.3536,1033.6964,1101.8835,152.58859,596.46014,1835.1997,320.47549,49.59621,1636.7239,207.075,585.60034,75.374504,54.552399,314.93246,528.65137,1982.0211,863.12152,341.16614,600.72906,407.81165,493.22427,2919.7854,187.22905,235.02113,317.61664,1149.5477,1220.0739,580.1286,1050.1857,1119.8606,207.18997,1472.561,25.568821,482.7384,1735.0889,525.77393,141.17217,1171.9554
1005.2939,2401.5464,882.68262,95.814285,3205.7578,338.88394,544.18274,319.93942,276.67807,101.78669,362.47256,2195.395,445.15112,687.60913,450.16827,306.08078,591.65991,1195.0663,1571.1636,1084.5342,1135.1836,160.88196,623.29633,1867.9358,333.77521,51.83699,1722.9834,218.53487,614.80102,85.56028,61.543488,329.01984,536.34613,2050.7786,904.9339,384.11008,622.92438,443.21967,515.85187,3156.5918,199.38002,245.923,341.29855,1221.27,1270.8273,605.5686,1102.9938,1171.4852,229.20392,1570.823,27.060001,498.05637,1827.7198,552.13715,148.41188,1201.1042
1054.2109,2318.7515,899.61896,91.023552,3190.3354,333.12503,546.82013,316.85635,262.12826,98.995277,404.55246,2252.0569,440.93735,704.0639,455.64325,307.17355,614.2467,1241.0709,1587.4854,1110.4517,1180.4117,164.23557,617.82971,1945.3114,330.2897,50.293335,1784.9137,219.53145,608.42987,83.572807,59.449154,328.54709,528.43481,2062.7373,920.86237,375.36227,629.83771,430.8392,514.85529,2989.9319,198.35323,247.70506,345.27884,1196.3667,1273.8129,603.5733,1098.012,1183.3984,235.28011,1559.3969,25.936642,499.88446,1874.5337,552.13715,149.29091,1230.2531
1072.1808,2501.1973,1007.2145,99.906342,3130.6382,347.52246,534.51239,314.76791,278.10547,99.892502,396.05695,2253.0505,460.13882,724.50763,449.86404,312.43875,623.61188,1282.6339,1596.0751,1128.3939,1179.9153,173.79784,642.28058,1844.1273,349.45956,54.276974,1874.491,219.43173,649.31036,89.982368,63.348598,334.40888,544.58264,2182.3164,968.64764,367.11148,637.11487,434.96603,535.28986,3318.7744,207.76598,259.13126,343.0896,1238.2045,1278.7888,554.6889,1142.8492,1150.6366,244.74313,1667.2571,26.861181,502.84714,1932.3035,564.57263,155.7032,1258.5447
1025.26,2503.1799,984.30072,96.812325,3221.6765,354.87,487.03915,310.69034,306.46854,95.954643,403.36023,2180.9805,459.44244,688.10773,437.39316,301.90832,583.94751,1414.0914,1627.4298,1103.4739,1104.3687,176.01848,642.08167,1789.7908,359.91577,51.488438,1870.0677,214.54881,650.37195,88.988647,69.073112,325.61618,552.1687,2142.4561,985.07373,351.00745,586.90253,457.66342,550.24225,3287.9304,198.52435,250.43057,341.89563,1283.031,1303.668,553.19238,1111.9613,1100.0048,274.92523,1683.7104,26.344236,492.50912,1803.8158,581.98224,153.84154,1207.1053
1013.2805,2509.6252,1021.1621,99.806526,3238.5916,378.99802,468.13788,318.24866,298.91742,104.27902,422.63635,2198.874,447.50363,686.61194,426.13901,316.81,580.09131,1437.1464,1659.644,1075.5631,1125.8865,170.35364,657.38849,1782.8464,365.78601,51.239456,1891.0795,211.36003,653.02673,86.553986,73.52108,324.76535,571.67627,2006.9337,995.52679,382.81781,609.46161,471.69464,552.2359,3413.7952,191.84979,251.79327,345.27884,1365.7109,1324.5664,565.16431,1102.9938,1115.3606,268.94842,1661.7726,31.195551,504.23401,1682.2999,596.90491,157.46129,1237.1113
1021.267,2350.481,986.79132,91.22316,3278.8386,384.65771,464.62131,307.40839,291.91867,94.558922,413.74338,2239.6301,447.10577,686.61194,424.31396,325.65161,551.99573,1379.0851,1640.7456,1104.4707,1217.3497,165.59508,648.94012,1835.429,346.52451,49.795391,1810.3489,202.98935,635.50641,90.181114,70.050468,313.32526,582.51379,1917.249,978.6029,344.74478,592.72418,456.01285,535.34137,3260.5671,191.50757,250.74506,345.97525,1361.7262,1327.5518,568.65582,1146.8347,1117.3469,269.16745,1568.0803,27.795652,505.62082,1698.2362,589.94098,158.49559,1183.9576
1007.2906,2320.238,1007.2145,87.380623,3231.571,375.02631,450.11569,300.64554,292.29584,93.861092,385.87237,2153.1475,446.40924,680.1297,429.48486,320.38638,555.43341,1383.4211,1653.6306,1074.5664,1199.4545,163.32922,630.35321,1807.6497,346.70779,54.276974,1791.549,201.29523,641.3465,93.659172,69.103027,314.55438,573.84387,1947.1438,946.24823,336.49399,598.18207,460.13956,525.87085,3268.3025,191.67865,252.1078,354.03506,1370.7991,1286.75,569.65344,1156.7985,1110.3944,259.10602,1554.4946,26.662354,504.54913,1688.4441,560.59326,155.49631,1178.814
1053.2126,2276.2637,1020.1659,78.863823,3225.1035,378.79947,443.08255,294.87732,279.90955,96.154007,377.22787,2211.1243,452.27914,700.07477,427.65976,327.14179,582.29486,1398.7563,1653.6306,1058.6169,1218.3438,162.68089,633.18439,1814.5941,348.67465,55.571651,1753.9484,204.58377,649.84113,91.920143,68.444832,327.60175,593.89282,1981.0247,961.80505,364.82507,610.55322,466.8064,520.3877,3207.603,190.13843,255.56711,361.1994,1366.8141,1299.6871,539.22534,1120.9287,1128.2722,253.52737,1586.0325,26.344236,512.61804,1720.3198,567.05963,158.85759,1202.8186
1063.1957,2489.957,1087.9114,88.09787,3294.2625,392.79965,465.06082,319.84003,299.29456,103.38177,399.13739,2297.6216,474.76379,755.9212,446.21396,326.14832,594.96545,1478.7097,1742.1113,1091.5118,1261.0923,169.3894,650.48023,1841.3817,370.04834,58.907955,1866.7496,214.74815,689.12903,94.801987,72.523781,338.2854,590.09973,2045.7968,1005.6141,390.27344,618.19415,484.55405,541.32294,3518.5615,195.78613,264.79184,366.77164,1385.7421,1325.5616,554.6889,1197.6504,1150.1222,264.48541,1709.8987,28.362305,521.00183,1735.262,581.48499,164.44235,1291.9801
1086.157,2484.9993,1115.8063,94.18737,3362.9236,406.40259,472.53345,321.13284,293.86127,103.48148,409.02377,2353.2966,482.02658,751.93207,449.60211,341.14929,605.43243,1558.7769,1753.278,1094.5024,1268.0516,175.96191,657.53766,1929.6808,388.21127,57.762661,1924.2561,210.36351,689.65997,97.101501,75.415955,340.74356,606.89795,2029.8529,995.15955,405.38321,635.29559,494.8725,534.34467,3512.5908,200.23575,266.0498,375.42844,1415.629,1392.2379,556.1853,1224.5521,1164.027,264.08691,1735.0374,28.690363,527.74689,1770.1268,592.92554,165.73517,1315.1276
1048.2212,2494.4194,1160.6378,99.627975,3310.1838,409.18277,493.19308,327.39844,280.55423,101.78669,400.47858,2345.3423,466.40656,745.94873,466.02862,338.96384,588.35468,1558.7769,1803.9608,1066.8182,1266.5602,173.51424,668.67053,1898.9252,381.23969,56.567566,1960.7505,223.81644,658.8667,99.138939,75.136703,354.07449,597.68616,2159.3972,1004.6182,396.93369,611.28094,505.19083,533.34766,3539.9556,199.55124,267.51743,383.48822,1397.6967,1355.4167,558.1806,1210.6029,1120.3267,272.05633,1736.8656,29.127773,540.41736,1743.2316,568.05457,165.78687,1371.7109
1069.1857,2513.7559,1176.6045,104.22006,3317.647,398.06195,483.96219,345.59821,287.09256,103.78053,402.31686,2416.428,469.88876,769.38422,469.07065,331.11554,598.82159,1588.3915,1834.0272,1094.7351,1257.1158,184.12076,662.30884,1924.7201,383.71637,58.708771,1949.6915,230.49304,678.05249,102.36901,76.443184,359.74728,588.47437,2211.2139,988.19012,404.09097,601.82062,508.08011,538.83069,3677.2754,202.11833,270.66205,393.04068,1434.5569,1333.5231,575.14044,1222.5598,1117.3469,287.79593,1763.8326,28.78978,553.466,1786.0649,568.05457,166.45918,1390.5717
1029.2534,2548.4631,1243.3547,109.8104,3206.1963,391.7966,509.89652,341.22229,276.04169,96.901718,437.68961,2346.8337,471.28165,757.91571,479.4133,318.89618,574.03143,1621.2844,1774.754,1100.7172,1245.186,180.40404,649.68494,1895.9484,382.98264,59.107128,1953.0094,233.08394,691.32696,103.06473,73.301689,370.24191,586.30652,2219.1868,975.24646,390.8699,600.00128,534.08252,533.34766,3734.9893,203.82973,294.87707,387.07037,1440.5343,1299.6871,581.62518,1237.5056,1112.3809,290.88416,1677.4464,28.461716,539.724,1823.9181,572.03387,164.28722,1392.2861
1042.2311,2703.155,1267.2657,114.00317,3257.4443,397.75552,504.18219,349.97421,273.73953,93.661697,433.06934,2360.7534,489.58762,758.91296,480.63013,325.49106,573.48047,1650.7932,1770.4585,1103.7086,1295.8882,189.19757,654.25763,1879.0826,390.41296,63.140556,2008.3043,229.39687,712.56622,102.96535,73.20195,388.58386,611.23303,2211.2139,990.67908,372.18127,596.72681,525.41498,541.32294,3916.5889,205.37003,282.6123,382.19467,1450.4963,1320.5859,570.15222,1231.527,1121.3198,273.25168,1674.2469,26.393938,550.18811,1806.984,583.97205,166.71771,1421.4349
1040.2347,2842.4783,1302.1351,115.80006,3306.2036,393.08774,507.25919,363.79804,262.45837,86.73304,422.73578,2402.0132,501.99133,765.8938,483.36783,322.21231,573.48047,1611.3427,1773.0359,1120.6576,1280.4784,189.92276,649.38672,1889.9959,390.41296,66.42704,2129.9521,238.78404,721.59259,103.46225,69.990639,390.00192,617.19348,2245.0947,988.68793,376.25696,586.53857,505.60367,552.78729,4122.5684,217.35001,283.34622,382.19467,1474.4058,1327.5518,541.22076,1256.4364,1104.4353,272.95297,1736.4087,25.439581,548.54919,1810.9681,577.50562,172.71622,1446.2975
1059.2025,2891.5625,1264.2767,127.67954,3287.7942,399.64252,517.3692,356.43863,260.66266,79.95388,425.96494,2424.3826,504.47891,754.42523,473.63358,323.40454,579.54028,1637.6782,1750.7008,1176.4917,1273.0222,187.02179,662.80597,1982.2633,386.92706,67.472763,2141.0117,247.65367,719.99969,103.06473,71.65612,402.9548,634.53351,2304.8845,971.7616,354.48666,587.99408,529.12982,550.79364,4083.762,219.57472,288.27301,382.59277,1506.2847,1366.3635,565.20196,1199.6429,1120.3267,276.53912,1744.4771,22.994041,540.21912,1832.8827,597.89996,172.71622,1485.7341
1045.2263,2883.6299,1317.0796,125.48332,3114.1501,395.37204,509.89652,342.87949,252.88098,77.860321,423.08356,2366.2217,506.96652,736.97339,466.33283,330.06146,563.56439,1575.2766,1782.4851,1148.5746,1213.8698,189.96809,645.21191,1983.2554,399.95309,67.970695,2116.6819,236.99017,718.93774,99.784943,68.753983,404.08936,639.41034,2276.9827,950.35498,338.97919,567.6181,520.46234,533.34766,4016.0959,221.62852,282.40265,387.36899,1573.0315,1388.2572,547.742,1187.9098,1145.1564,275.44333,1713.1646,22.168922,538.20184,1792.0416,607.84821,175.6638,1452.2983
1069.1857,3003.616,1425.674,124.78453,3076.3364,415.53284,507.25919,340.0943,266.9249,84.489906,443.50226,2433.3296,515.42413,727.99793,450.21054,333.53894,576.78589,1598.2278,1845.194,1157.5479,1254.7888,196.90329,678.90894,2052.7039,405.64053,70.659653,2163.1299,239.88023,733.80463,102.66719,69.621628,386.03101,639.95221,2128.5051,967.77905,358.76117,538.50934,534.90802,524.37549,4324.5674,202.3098,280.62073,382.19467,1595.9443,1430.0541,586.15387,1228.769,1132.2449,261.89523,1850.2747,25.936642,529.12353,1905.6011,624.7605,179.85245,1533.8439
1085.1586,2986.759,1426.67,134.56767,3021.6052,398.94727,504.62174,348.64887,258.31439,79.056664,443.10498,2385.1118,500.49881,714.03632,441.38876,338.00998,597.16882,1558.7769,1823.7183,1149.5715,1216.0122,188.60828,675.72797,1984.2477,395.36649,69.564156,2103.4109,237.88705,733.80463,99.486771,69.382294,371.75467,636.70087,2134.4849,943.88324,358.09668,530.31262,515.50952,534.84308,4292.7241,209.1561,276.74207,373.13983,1610.8882,1437.02,592.63892,1178.9403,1153.1021,258.01022,1797.1384,25.817348,527.79962,1837.8635,625.258,179.90414,1496.1191
1082.1636,2914.3708,1371.875,127.77936,3043.0002,396.26584,456.26953,347.85303,252.51259,74.719994,433.06934,2413.446,493.83212,719.09283,411.88174,327.77628,582.84558,1574.113,1767.881,1185.4647,1244.3496,183.03296,653.56152,1997.1451,382.79919,68.020485,2095.6694,243.86662,710.97308,96.9524,66.539963,359.8418,626.94739,2063.7334,926.45929,350.93872,551.05914,507.2547,533.84601,4209.1392,202.65207,273.59738,364.9805,1594.9486,1432.0442,585.65497,1141.0709,1148.1356,253.4278,1710.7922,24.355988,537.94965,1876.8933,624.7605,173.49194,1465.2537
1081.165,2880.1592,1320.0681,130.77418,3057.927,367.16659,463.74219,338.30374,239.26036,74.171684,433.21835,2380.1401,487.6629,721.08752,407.62308,313.96579,611.49219,1599.2856,1726.0417,1175.4944,1253.2974,184.4382,647.24957,1939.6019,377.84555,67.522552,2070.2344,243.767,687.61017,95.312531,61.683102,364.53168,624.23804,2068.7161,948.86145,357.50018,616.93884,476.29935,523.87701,4158.3892,211.03882,272.33936,365.32105,1669.6648,1460.9042,593.13788,1170.968,1140.1907,246.95261,1667.6193,24.674109,542.1734,1830.0706,604.86377,171.0083,1494.4044
1092.1465,3024.9358,1430.6554,143.7518,3031.5571,376.89945,483.08301,324.4772,246.812,77.760651,432.42355,2351.3086,502.48889,720.09027,386.63342,315.95279,631.87537,1718.6952,1795.6329,1142.5923,1225.4578,191.01071,661.86273,1878.0901,379.03818,70.410667,2129.9521,254.03188,691.85791,97.598434,66.190918,364.05881,600.39557,2058.0049,990.1814,376.09097,589.64063,495.698,522.88007,4394.2227,214.80435,293.30466,360.24582,1738.4039,1420.1025,595.63202,1207.8412,1117.3469,266.97577,1744.0023,26.244822,538.26495,1848.0021,587.45398,169.71513,1527.8419
1089.1519,3002.1284,1491.4281,155.03229,2995.7339,388.91647,483.5227,328.65494,250.67996,89.2752,452.09726,2365.2268,505.47388,708.12183,415.83624,322.41098,636.28241,1655.2354,1896.1547,1170.5094,1242.858,186.06992,659.17865,1883.051,376.10266,72.701271,2141.1619,252.83603,702.02454,98.741379,68.215439,357.43967,593.48602,2023.1237,1006.6096,415.36038,600.92389,543.98828,517.39703,4375.3159,218.74098,295.50604,372.78473,1772.2758,1417.3722,649.00958,1250.6936,1117.3469,276.83798,1672.8383,29.038305,539.33655,1886.8553,590.93591,171.06006,1511.5519
1131.2418,3123.6021,1524.3053,166.11319,2926.5742,383.25555,486.59958,323.28354,239.21428,84.2407,464.16965,2440.7874,513.43408,721.586,426.17902,328.47174,637.93512,1718.6952,1910.7594,1176.4917,1258.2689,190.19478,651.6236,1925.7119,374.91003,71.804955,2252.8652,254.53021,697.77655,98.592293,66.32058,354.98114,598.36389,1978.2758,1012.5834,410.19074,630.04199,553.4812,526.36914,4396.2109,215.66014,289.11151,370.29678,1776.2609,1429.316,653.99793,1230.7617,1176.9386,271.85699,1645.3215,28.074007,546.46057,1964.5607,582.47986,175.92232,1547.562
1178.1689,3279.2859,1599.0262,168.00989,2973.3438,396.26584,489.72244,334.52383,245.84492,86.932396,471.52243,2504.4167,534.32965,734.5517,433.47965,340.09644,654.46191,1735.1946,1994.5282,1211.3873,1269.7034,190.33079,663.35406,2012.0265,383.25778,71.804955,2322.5405,266.09073,715.30066,98.989838,68.634285,355.54837,614.08173,2040.0662,1029.5098,407.70532,628.586,561.32343,536.3382,4550.4487,221.30838,287.22467,380.94495,1892.8182,1478.0879,684.42798,1264.6453,1228.5852,272.45483,1678.5314,30.30084,553.5213,1986.4786,598.49725,178.04309,1564.7092
1179.1674,3307.5474,1606.0002,172.60194,2907.6677,390.30689,502.03149,328.25723,240.96405,88.377953,462.57993,2449.2385,521.89191,717.09808,423.74533,329.46533,640.13886,1770.2026,2012.5697,1181.4766,1232.9149,189.10695,647.24957,1952.4996,373.80936,69.763344,2253.9707,262.5029,715.8313,96.157288,65.522713,348.92911,599.44788,1968.3099,1003.6227,414.36621,636.22949,551.41754,539.82758,4464.3745,213.26387,286.5957,374.4765,1847.988,1471.121,674.94995,1240.7278,1216.6665,264.68457,1637.2559,31.324785,535.8692,1955.5951,589.04462,171.52556,1534.7013
1148.2157,3253.5046,1505.3761,170.2061,2974.3396,406.79318,502.47107,344.96838,253.35074,93.11338,489.35803,2412.4521,525.87176,750.01074,418.26984,334.03571,623.61188,1668.3506,1978.6333,1217.3696,1231.4232,196.13271,675.97876,1966.3892,388.57828,72.203316,2260.6064,262.70224,728.57629,102.76656,66.250763,367.27396,624.92175,2079.9299,992.17255,435.14414,632.95367,562.14874,528.36322,4404.6694,225.75856,294.03845,389.60281,1892.8182,1463.158,648.5105,1289.5596,1220.6394,280.92227,1644.3721,33.839912,541.73218,1898.8099,596.5072,180.78467,1617.8665
1118.262,3272.345,1496.4094,161.72076,2975.3337,426.65613,506.86713,344.86893,286.41238,95.456177,496.31326,2352.7998,524.87671,762.97632,424.35385,325.09369,620.30652,1752.646,1976.0557,1221.3572,1218.0006,197.67384,705.50317,1899.9169,405.36527,77.08326,2190.9312,261.60605,743.44519,109.32613,69.422165,357.06137,575.59998,2108.8318,992.67053,435.14414,716.66827,575.35645,546.30756,4414.125,224.04688,299.38458,377.86011,1878.8712,1417.3722,683.43042,1277.6007,1190.8435,271.45859,1622.5485,33.740498,511.34537,1886.8553,557.70196,177.88794,1568.9965
1084.3146,3065.0967,1405.7482,163.11833,2948.9641,433.50885,492.36011,347.75357,277.11093,97.699265,494.12726,2269.2856,513.99518,738.04242,424.35385,324.3981,621.40832,1654.0718,1919.3517,1200.4198,1149.3948,197.67384,691.68543,1784.8306,399.03583,74.892242,2084.7573,266.48941,720.07983,109.22674,67.188225,347.98349,587.52393,2136.7371,1038.4705,419.63528,703.20099,548.94116,559.26739,4222.0757,214.63318,293.72397,368.80408,1804.1545,1394.479,697.89716,1335.4017,1208.7208,291.88031,1587.4408,36.235744,504.34744,1904.7875,547.25452,181.76743,1474.6846
1063.3474,3005.5994,1392.7966,164.22543,3027.5767,447.11493,507.30673,347.05728,274.62442,91.71769,483.6943,2294.1409,517.97589,758.48828,418.26984,321.41742,613.69574,1670.5715,1892.2881,1217.3696,1136.9662,195.67943,680.75043,1770.5004,407.19995,78.676712,2127.8906,254.72954,720.61066,112.50652,61.732979,335.69058,591.85999,1987.2455,1034.4883,399.85141,690.46191,575.35645,556.77502,4260.3857,220.11029,310.60104,369.3017,1819.0979,1384.5255,695.90167,1362.3093,1158.068,304.73093,1544.2675,34.336971,501.95175,1820.1079,544.26935,184.30211,1501.2634
1067.3412,3307.052,1485.4503,184.39172,2918.614,453.07379,497.19583,335.12076,283.74167,93.71154,473.21173,2375.1694,520.46375,765.96851,408.83969,325.98789,613.27985,1634.3999,1924.5059,1230.3307,1164.3092,196.81255,702.32202,1916.3881,409.21811,83.706055,2178.7644,254.03188,729.63843,115.78629,63.558037,336.73071,595.65399,1982.2622,1035.4838,418.04462,705.74872,588.56397,553.28595,4474.8228,220.28146,310.39154,387.81149,1844.0034,1433.2977,700.39136,1345.3676,1158.2815,304.83054,1605.469,37.190113,507.49969,1824.093,576.10962,185.69871,1508.1224
1043.3787,3392.8271,1453.5697,186.18867,3006.8418,453.7691,502.03149,354.61722,286.50455,98.247597,472.71487,2409.4695,539.86914,775.94208,416.44464,342.38168,609.97351,1613.5636,1916.3448,1202.4142,1169.2805,194.81816,709.77759,1940.2063,420.04245,86.146019,2207.52,250.94246,743.44519,121.94833,66.659637,347.98349,620.58594,1993.225,1059.3791,442.2027,718.12402,597.64423,588.67651,4600.6987,225.07385,312.59287,386.61737,1795.1888,1434.293,726.83057,1421.1066,1173.1821,305.32867,1584.1198,36.573753,498.10614,1800.1832,570.13953,186.21591,1578.4272
1053.363,3199.9565,1401.7629,183.89255,3019.7834,466.97794,486.20566,340.89008,303.496,99.443893,489.89862,2452.2207,560.76752,777.93683,412.18594,342.67966,626.50421,1634.3999,1937.3938,1196.4318,1193.3328,202.84113,718.52545,1976.9263,418.02435,85.996643,2136.7378,262.40326,790.70691,119.7618,69.113007,338.05466,622.75372,1998.2084,1053.4055,437.43076,730.13513,603.01001,562.25806,4375.3159,214.80435,302.2681,382.13916,1753.3475,1464.1533,740.2998,1373.2712,1202.9834,317.78085,1578.9009,37.876045,516.95618,1820.2833,591.53247,187.97467,1580.1418
1025.4064,3279.2859,1391.8003,170.31525,2946.6155,459.03271,489.72244,325.86981,288.53064,103.58115,491.63763,2452.2207,566.24072,754.00012,447.47269,337.01645,609.97351,1714.3585,1933.0981,1201.4169,1173.4436,204.79028,706.89477,1980.896,398.94397,85.797455,2020.611,256.02506,795.48614,116.87957,62.680405,331.90823,618.41773,2017.1438,1036.4792,460.49521,738.87067,573.70538,545.80914,4244.4639,209.49846,296.71121,372.88431,1749.3625,1466.1444,715.85577,1340.3845,1210.9308,298.85345,1543.793,37.587757,511.97562,1830.2466,587.05487,180.82603,1543.2749
976.48248,3297.1353,1431.6511,182.09552,2972.9961,460.62176,506.42746,322.58725,288.36877,102.78361,490.79291,2468.6248,582.66077,734.5517,478.50073,334.5325,595.09625,1761.4243,2022.8794,1190.4501,1164.9906,214.80771,648.64148,1927.3051,399.95309,91.573738,2082.5452,243.26868,820.97565,121.05385,61.952385,318.00769,620.04364,1930.4382,1086.2622,457.2146,710.48041,586.50043,545.80914,4292.7241,206.75989,291.67874,366.91327,1789.2109,1500.9812,712.86279,1339.3878,1213.9109,319.67365,1609.7388,40.470711,506.55395,1824.2684,586.05963,185.07793,1439.5327
943.03436,3102.2832,1334.0161,189.68285,2935.666,450.78967,496.75617,319.00623,275.15225,101.88639,465.45337,2382.1292,559.77222,720.58875,462.98672,329.366,592.34113,1704.5227,1918.4927,1176.6422,1188.3599,203.52107,653.71149,1960.0551,372.52508,86.942764,1994.0675,239.18265,791.23816,114.49427,61.014919,317.4404,616.79163,1893.5636,1089.2489,438.02722,690.46191,595.16785,526.36914,3944.313,204.36371,283.81543,365.32105,1748.3666,1454.1997,712.36383,1297.5322,1193.0498,329.67819,1509.6342,39.178341,493.94528,1850.173,573.12451,185.07793,1415.526
965.00043,3011.5491,1358.9233,187.48651,2815.2131,438.67322,499.83347,316.71835,259.81747,102.48454,459.09366,2314.2761,554.29864,710.11652,455.99023,326.38528,587.93304,1752.646,1924.5059,1139.7473,1135.6547,199.34323,619.41522,1895.5471,368.67233,86.717674,2051.5771,240.9765,765.74841,109.22674,59.588783,316.58948,625.46375,1933.4282,1052.4097,447.27286,698.83344,586.08752,513.40936,3996.5586,198.03075,273.12112,349.2991,1716.4871,1413.3905,676.94525,1309.491,1225.8312,318.81842,1511.7866,39.888153,483.22797,1813.309,565.66199,175.81894,1389.8048
999.44678,3184.0903,1411.726,191.77936,2861.0051,431.026,504.66904,324.17874,267.09341,112.15478,480.50803,2395.3303,565.74316,733.55438,461.1615,319.72839,606.66754,1787.76,1920.2113,1166.67,1167.4767,208.95454,644.14075,1881.6527,376.37793,80.319977,2080.3335,255.92545,778.56891,116.48204,59.927856,332.00278,639.01355,2012.1608,1075.3099,464.96902,703.20099,593.9295,511.91422,4222.9575,207.10216,285.17834,344.32327,1756.3361,1434.293,693.90643,1312.4808,1222.8514,329.18005,1531.7159,41.713356,489.78442,1879.0662,584.56726,182.64685,1442.9623
1001.4437,3228.7136,1391.8003,199.56628,2881.9099,443.40039,547.31091,328.65494,266.58685,112.35416,467.04334,2524.6199,561.76245,745.52264,449.90628,328.07437,621.54498,1855.6617,1950.2808,1195.5878,1193.8302,204.05823,651.29901,1925.3199,391.51373,78.228561,2100.2405,252.93567,793.43927,116.48204,60.835407,320.46637,647.68561,1993.225,1133.0581,449.1618,695.19348,603.01001,541.82147,4397.6074,215.83128,294.40469,332.77954,1767.5588,1469.13,707.37524,1323.4431,1275.5002,338.64496,1570.1509,40.639721,490.41489,1894.0109,595.51233,185.28487,1425.8146
1006.4359,3279.8489,1471.5026,203.75928,2936.1631,449.16275,542.47534,334.92175,273.67871,107.76826,475.48984,2479.3684,547.39551,731.55975,446.25589,318.23816,611.07568,1906.0063,1956.7249,1197.582,1213.2211,202.60747,660.84326,1947.1534,388.21127,75.589417,2140.0557,258.11792,786.00378,120.35811,61.992283,340.04047,639.01355,2062.9883,1099.2057,455.0621,713.39258,617.63153,537.83362,4502.0991,215.31782,289.16235,336.56116,1804.4244,1431.3066,694.90399,1325.5491,1303.3149,347.61169,1603.8412,37.786579,498.73654,1896.0037,596.00977,183.52617,1417.2408
1045.3751,3112.4331,1366.8933,196.771,3001.8645,432.07443,543.79425,332.23602,277.82327,102.58423,452.883,2552.9639,566.30585,719.59143,441.0845,327.18008,623.198,1904.9486,1911.6191,1205.5596,1251.5074,204.82898,649.60889,2026.5482,381.23969,73.448204,2072.5918,264.49612,800.34308,119.46363,59.947807,354.12997,654.18927,2197.531,1093.4767,446.27878,721.03601,613.50299,535.84009,4295.1069,218.39876,291.46906,340.2432,1822.3586,1454.1997,694.90399,1295.6494,1306.2955,344.2243,1563.5079,36.693043,513.48859,1962.7574,611.43243,184.40547,1436.1033
1038.3865,3135.738,1385.8229,202.86081,3013.3123,430.48486,556.9823,322.7861,275.24448,108.56583,457.70252,2579.3181,576.75598,729.56488,444.20984,324.8949,632.01428,1934.563,1933.0981,1199.5763,1242.0605,207.32236,655.77301,2028.5327,373.35074,74.195145,2127.8906,272.86764,809.90271,115.28936,59.73838,359.89816,652.56354,2231.4158,1126.3409,467.15613,728.67938,620.93445,523.87701,4381.1885,216.00247,298.80826,337.45679,1844.2793,1458.1812,661.97961,1322.5591,1312.2554,344.42355,1539.7825,37.895939,498.42139,1956.7799,613.42255,174.88782,1451.5358
1005.4374,3094.5823,1361.9119,201.86249,2976.4802,443.89719,563.1369,326.27325,260.00165,111.45691,459.64026,2596.7224,597.65637,742.0318,447.86093,318.8342,644.13672,2060.5308,1955.4366,1214.5338,1298.2463,213.12543,651.59741,2091.0562,382.43372,75.738785,2215.2622,273.56519,833.80164,122.0835,59.09013,366.89566,665.57147,2229.4224,1146.2587,480.27905,733.77508,638.27435,528.51062,4338.8945,219.63034,298.80826,346.61209,1891.1085,1494.0138,655.99341,1327.5424,1349.0105,353.58954,1574.4218,38.681293,508.82352,1934.8601,628.34766,177.52588,1440.3896
1037.3877,3030.6184,1198.5225,193.37665,3080.0098,440.61862,553.02594,324.38263,255.67287,110.75906,451.83957,2673.3018,594.17322,748.01599,444.51419,313.56744,646.3407,2061.8655,1902.1686,1257.4114,1308.688,214.80289,647.91864,2159.5344,373.9903,75.290627,2196.4604,278.64777,825.83539,117.21207,53.854286,375.97354,666.6554,2318.1206,1143.271,482.66501,734.50287,626.71429,535.98962,4130.9043,216.03551,294.824,352.7822,1673.8998,1483.0648,689.47815,1214.9203,1298.348,346.11725,1521.751,38.402943,514.87744,1970.7281,622.87494,173.38776,1407.8096
1063.3474,2893.269,1138.3364,193.07716,3179.0596,432.9686,578.52307,337.51712,252.64243,118.43544,439.41818,2689.2148,581.73242,741.03461,443.29712,315.35642,651.85083,2050.9707,1909.4711,1292.3118,1341.1709,214.48553,643.7431,2214.1174,403.45059,69.116013,2200.8843,281.39215,808.84045,115.62142,54.552399,376.73001,671.53339,2273.2732,1166.1765,494.44153,698.4693,606.89728,559.922,4073.186,221.85573,306.2522,361.0419,1667.9218,1490.0325,688.97931,1230.8669,1326.1626,347.81104,1491.3822,39.635647,528.49805,1978.6982,618.89502,173.33597,1430.1012
1088.3086,2926.9858,1203.1281,177.00401,3164.625,432.9686,597.42621,335.72601,251.99762,116.34188,457.14911,2730.4873,589.69434,747.17987,432.64822,317.94049,643.03467,2061.8655,1812.8168,1277.3544,1325.2577,216.52568,631.41492,2169.4585,405.0108,70.460472,2220.7908,279.99667,839.1123,115.522,51.470741,377.10821,685.62524,2218.4595,1149.2463,482.51047,714.38898,611.4389,562.91376,4095.0786,217.40505,302.50519,340.34271,1653.9727,1495.0092,688.4801,1227.877,1332.1228,345.71872,1520.3275,37.91581,529.06561,1960.9602,625.86005,179.9054,1470.6929
1063.3474,2967.1499,1307.7913,180.49821,3135.2585,428.0011,609.29571,329.0593,253.5173,112.15478,456.80133,2705.1272,588.20148,754.6618,440.25446,314.95889,645.78973,2084.9255,1785.7822,1278.3514,1309.8416,214.3949,626.89722,2153.5801,392.5292,69.315193,2239.5935,282.8873,876.28851,115.02493,52.617634,374.36597,671.53339,2245.3682,1120.366,476.64438,706.74249,605.65857,547.45727,4246.3428,215.69315,300.61774,341.64096,1626.0741,1509.9392,675.50903,1215.9171,1356.9575,339.84051,1523.1747,36.205933,524.65161,1933.0605,620.88507,175.24992,1392.6561
1075.3291,2915.5813,1270.9102,174.70789,3114.8516,426.51086,607.97687,322.59155,244.53716,111.15783,451.53427,2701.6467,588.20148,775.112,446.6438,312.176,648.54474,2082.7043,1861.4069,1287.3262,1288.4589,217.16037,623.71521,2161.5186,392.43735,68.817215,2269.4543,279.29895,884.78571,112.93718,48.603493,360.7493,642.80762,2260.8503,1132.3163,462.42658,710.74768,589.14447,550.94745,4087.615,215.35074,303.86829,338.15686,1587.2161,1473.1113,668.52429,1205.9507,1370.865,344.62277,1505.1434,35.788395,522.82257,1964.946,606.95489,169.55992,1358.3544
1059.3535,2866.9888,1238.016,178.30191,3093.946,418.26474,605.33917,311.24805,236.24782,107.07044,439.31039,2692.198,582.72778,763.14117,450.29498,319.03375,647.9939,2100.2639,1760.0007,1270.3745,1269.5619,215.5283,610.2926,2069.2227,389.13348,65.829506,2209.731,266.63968,890.09637,113.83193,46.87318,339.28122,640.87988,2202.0356,1163.1887,452.68295,703.82983,591.62176,537.98389,4084.1335,205.93556,296.94778,321.93079,1530.4229,1439.2697,653.05859,1122.2321,1360.931,337.9476,1466.2333,35.967331,512.67023,1930.071,595.51233,164.49097,1294.8961
1059.4319,2812.4448,1218.08,170.21538,3033.7202,416.97327,611.49353,308.36246,236.89246,107.66858,430.51517,2635.0125,573.77026,758.15308,457.29275,318.3381,643.03467,2078.3672,1747.969,1249.4342,1273.5403,213.94153,603.82959,2000.7449,387.38968,66.078484,2155.896,263.84869,889.56537,112.44007,48.259426,344.29428,638.71112,2212.0049,1145.2631,453.27948,722.03546,584.60309,534.99237,4065.2249,204.90846,293.69733,323.52353,1514.4808,1438.2745,652.06073,1106.2855,1358.9445,336.35352,1480.4688,35.659161,506.7428,1947.0106,591.53247,165.26724,1309.4741
1070.4155,2831.2874,1261.9388,159.33362,3045.1677,419.8544,604.46002,303.98425,218.56375,108.46613,434.44076,2636.5044,569.29144,748.17755,434.16946,321.41904,654.05493,2049.8069,1683.9459,1256.4142,1288.9559,209.09061,599.45465,2035.4799,379.68045,67.074387,2111.6499,268.73297,872.5705,109.35819,43.277908,344.67267,640.87988,2274.8059,1130.3247,459.14548,675.79309,563.96051,532.49945,4226.938,208.5034,294.22168,326.90808,1432.7788,1381.5397,635.09815,1100.3055,1382.7854,317.82211,1441.5592,36.295387,501.06738,1962.9531,565.66199,168.83864,1348.9214
1076.407,3076.2361,1415.4448,172.91089,3109.874,443.40039,633.47418,317.31778,244.58321,115.44463,456.80133,2738.9417,612.58557,799.05353,436.29932,323.90378,666.72821,2095.8206,1735.9379,1278.3514,1326.7496,220.19795,625.50519,2100.9812,400.60565,73.448204,2213.4153,265.3439,920.44592,119.29983,50.672905,347.69937,667.44757,2292.7498,1172.1514,479.72659,709.65564,605.65857,571.38971,4510.0605,221.68463,304.49744,327.40588,1577.2523,1487.4487,673.01446,1195.984,1388.7457,352.19473,1586.7592,38.651463,505.923,2004.8031,607.65656,169.87389,1394.3713
1090.386,3102.0203,1419.4319,176.10553,3114.8516,432.9686,622.92346,309.25803,224.04398,111.35721,455.65832,2831.4324,597.15894,793.56708,429.60562,325.49396,669.55518,2279.8784,1735.9379,1296.3004,1368.024,209.22653,614.66705,2150.6028,400.88086,70.858841,2255.4504,261.25705,909.29199,122.48116,46.434368,358.38776,665.82105,2402.4026,1181.1146,483.20651,728.95349,604.83319,564.40942,4479.708,223.90996,303.13428,326.11179,1587.2161,1492.4268,684.98792,1194.9875,1403.6467,358.67071,1544.5276,37.746815,518.97626,2043.6635,604.17273,171.11604,1390.0836
1085.3937,2947.3159,1393.5156,165.22374,3064.5803,405.24988,614.69049,298.90961,205.66911,104.07961,456.15543,2784.6892,601.69989,785.08765,425.95468,315.45578,648.61456,2204.3521,1632.8129,1245.4454,1334.7058,212.67207,596.47217,2133.7314,387.11435,66.42704,2216.7349,256.4725,932.66168,115.42258,44.564434,337.67328,654.43481,2387.4502,1150.2422,477.04215,741.33344,563.96051,543.46857,4369.7441,219.97273,291.80997,319.4422,1599.1722,1421.7378,664.03418,1153.1281,1404.6395,368.63385,1526.9708,36.434578,508.19315,1966.9393,581.77765,164.59436,1326.625
1083.3966,2999.875,1417.4386,168.51823,3040.1914,422.63623,603.25836,303.48682,220.68211,101.88639,467.43506,2831.9307,597.2207,781.59613,425.95468,328.27679,648.61456,2206.467,1650.0002,1267.3828,1333.7112,213.94153,608.70172,2134.7234,388.21561,68.966621,2316.2886,266.24106,920.97699,115.91969,46.997841,341.55133,661.48352,2413.3684,1162.1926,464.01749,757.35419,573.0434,559.922,4400.0962,223.05406,294.43133,314.96262,1658.9547,1444.6372,657.04968,1169.0747,1403.6467,370.22797,1531.7159,36.881927,501.25656,1996.8315,585.26123,170.33964,1355.7815
1069.4172,2875.9136,1405.4769,160.13231,2959.5569,396.20895,593.14563,302.49173,205.39285,98.197731,458.14297,2805.0769,582.29022,769.62524,436.90771,304.72205,633.18433,2088.2048,1621.2114,1241.4568,1356.5862,211.176,591.10272,2101.2566,370.77805,69.663742,2256.5559,251.88728,908.22998,111.54536,43.233025,327.45795,647.38629,2367.5132,1169.1641,459.14548,812.69934,569.74042,552.44318,4279.1836,223.39647,287.72064,302.71854,1622.0889,1424.725,639.58826,1131.2017,1298.348,368.63385,1478.5709,35.132271,483.60004,1941.0319,585.75909,178.05185,1334.3433
1016.4955,2500.0615,1185.1858,120.29886,2663.4019,337.79111,543.4602,261.59564,171.31421,81.947746,408.10492,2660.3728,526.54938,707.77588,421.39078,303.13174,595.7113,1895.368,1494.4539,1186.6134,1256.1351,186.1051,553.91663,2055.5989,331.49765,61.696491,1954.576,229.8584,824.84271,94.246872,32.756382,315.72919,637.08429,2319.6643,1097.4604,402.1749,777.01642,508.63782,490.11881,3604.4658,194.1238,254.6915,286.99033,1508.5029,1426.7159,558.76666,1002.6334,1266.0417,320.91071,1401.7004,32.577377,457.05222,1953.9857,571.32654,171.42662,1250.3035
1016.4955,2410.8088,1254.9615,118.30218,2767.4275,352.69367,542.58093,259.60556,172.41942,81.49913,402.37973,2706.6187,558.89905,721.74188,428.08435,303.62863,597.91565,1872.3076,1772.4938,1174.6476,1265.2352,195.17227,548.64679,2015.896,331.68112,59.256516,1980.0177,235.4404,852.99243,102.49844,33.723766,321.40451,644.133,2253.8713,1092.4812,418.18237,757.35419,519.78485,482.59164,3670.6443,206.62039,269.89542,298.53757,1478.6116,1470.5233,552.77997,966.75397,1241.1984,344.15576,1368.9591,33.253391,480.51028,1996.8315,598.69843,172.09949,1270.0271
1018.4926,2219.9084,1179.2052,100.8314,2719.6367,313.25156,501.68955,252.24229,138.62492,67.292854,387.52109,2637.4993,520.07953,684.33313,415.30572,293.49112,569.81079,1778.1635,1527.9695,1108.8353,1235.8926,177.98993,508.08005,2013.9111,299.83463,53.928413,1783.1221,221.286,778.63458,95.241035,28.303421,307.68948,640.33758,2146.2126,1042.687,371.85025,756.62616,473.54507,471.7211,3415.2075,198.23224,247.24686,295.05353,1392.0513,1400.8301,548.78851,904.46313,1206.4165,313.06818,1293.1757,28.541243,466.95248,2000.0243,568.8382,165.57776,1225.4346
1048.4484,2316.4473,1204.125,100.15013,2799.2886,309.57559,527.63129,258.90903,142.76976,72.626442,383.94299,2683.1172,521.57269,720.2456,418.3483,293.9881,589.09845,1875.5869,1510.7813,1188.6078,1282.1448,176.11594,500.97375,1990.0894,298.40857,57.613266,1777.5914,222.98055,748.89136,97.627045,29.634821,293.02853,652.80835,2222.97,1059.7518,428.02548,775.56,473.20358,484.38678,3506.2732,206.62039,254.90124,290.67349,1424.9346,1422.734,572.73584,921.9046,1229.2729,316.25662,1240.0248,30.280954,461.08798,2006.9999,578.29376,167.5965,1238.2979
1064.4246,2437.9473,1295.8296,114.62846,2797.2979,322.98785,550.4953,265.17786,152.1649,81.997597,372.11575,2746.7766,512.6145,789.07782,432.64822,293.68994,608.93707,1919.4857,1615.6254,1236.4713,1291.594,181.60259,521.55756,2076.4421,329.89243,57.015717,1830.6865,235.24101,779.16547,100.31129,33.030632,297.85242,671.24298,2345.582,1083.6563,442.83984,810.51477,493.02362,501.14133,3656.5557,216.03551,267.90326,296.04898,1475.7538,1434.6812,624.62128,971.23871,1268.0294,352.92401,1303.6158,32.746387,473.0061,2040.8817,589.24274,168.11403,1281.1753
1068.4186,2384.3882,1284.8651,140.1902,2784.3538,300.73346,537.74432,271.14804,132.6377,75.916328,375.69363,2714.946,511.12125,781.09741,438.16956,290.70834,600.67096,1973.3865,1607.0315,1196.585,1289.1079,176.29726,501.66983,2060.5615,306.57779,52.285156,1742.1943,231.35358,756.85815,93.451561,30.956251,297.47409,674.49634,2339.6013,1070.7081,433.69272,783.57043,476.09393,479.10107,3547.0784,213.12532,264.8624,284.40213,1379.0972,1447.624,593.19074,931.87103,1267.0356,335.78601,1257.1093,30.499666,465.18683,1975.1107,589.24274,167.69995,1349.7789
1116.3478,2502.9136,1295.8296,141.68799,2836.6262,308.38339,565.44495,282.8894,150.507,80.651741,411.0267,2776.6162,508.13528,788.57916,446.38522,298.16238,616.10113,2020.5707,1564.0626,1230.7393,1293.0865,179.06326,521.85596,2010.9335,328.14844,56.667156,1851.7032,252.68474,719.67914,99.831818,35.708389,316.86438,672.86957,2609.7473,1133.4565,451.78809,780.65747,500.04324,496.05514,3607.7886,212.26936,275.66244,284.60126,1318.3137,1481.4751,590.69611,977.71698,1292.8729,316.25662,1305.9886,34.307152,471.42969,1951.1946,599.69379,169.66678,1407.2346
1087.3906,2234.6204,967.92517,127.80874,2763.9434,275.49838,568.9624,272.4415,134.47987,79.854187,382.70062,2687.5935,474.59128,767.13147,434.21384,285.24207,578.07696,1840.8262,1533.9852,1210.7924,1302.5358,166.18559,495.20627,2070.4875,302.44733,57.513672,1725.6021,240.02559,674.07465,91.081627,34.052864,310.14865,679.91815,2555.9167,1128.4766,457.65418,741.33344,451.31894,485.28439,2970.8271,204.05254,270.31473,265.09027,1189.7703,1457.5806,576.22809,908.94794,1275.9796,300.11496,1207.2803,33.720619,460.58347,1974.1147,596.21002,167.2859,1367.7875
1108.3595,2210.8164,923.56598,132.80129,2855.5435,303.51443,579.51508,265.97379,148.61876,78.209251,386.12946,2713.9512,473.79504,767.13147,429.95389,295.87649,574.2196,1807.9238,1619.9229,1228.7446,1325.9109,171.49077,494.11252,2157.833,300.70325,59.057331,1755.4684,247.70079,682.04236,96.103058,34.770927,297.56867,692.38886,2524.0178,1134.4528,452.88184,731.13812,460.40311,493.06326,2874.7854,203.71016,268.84683,273.55158,1274.4694,1534.2426,580.71802,996.15503,1286.9109,308.98288,1221.517,34.794285,476.72665,2013.9755,621.09357,172.09949,1358.3544
1089.3875,2310.9924,1059.6337,138.7923,2948.1394,316.63297,594.02496,267.16791,151.70439,86.334267,391.1984,2808.4453,507.6376,783.09259,432.38818,306.85284,589.64948,1873.728,1594.1415,1268.6389,1366.1952,180.46895,506.14465,2160.8103,311.16727,62.343822,1860.5529,254.0802,736.22333,100.6273,34.566483,308.72983,704.31738,2494.1116,1150.3889,482.21225,744.24628,486.82986,513.10889,3148.9773,208.67454,277.65469,290.87253,1310.3419,1559.1331,568.74463,935.35925,1337.5924,320.24222,1259.4818,35.390743,511.21991,2012.9789,621.59131,175.72258,1387.511
1097.3757,2342.2349,1114.4597,152.0724,2989.4597,336.90707,595.78381,284.08353,162.15872,89.973045,413.85931,2793.5254,522.64307,790.57434,433.90955,308.04556,609.48828,1986.611,1687.8129,1288.5864,1370.6713,188.08668,522.05493,2192.5728,322.0903,64.684235,1968.9561,258.69208,758.00165,104.50523,33.16029,314.40512,685.88245,2601.7717,1168.3166,482.51047,773.37531,521.92779,533.55347,3329.6162,238.11833,292.33429,297.34305,1340.2357,1522.2953,585.20837,948.3158,1343.5548,338.57596,1346.3264,36.782509,515.82312,2101.6697,602.67987,179.8634,1384.9385
1097.3757,2201.8894,1092.5293,156.76538,3027.2942,337.20517,604.1377,274.23254,167.59331,87.72995,436.71902,2864.6438,509.70157,813.01959,430.86676,301.28638,618.85651,2018.3492,1650.0002,1327.9819,1393.0519,182.19199,515.09412,2231.2825,316.67474,59.754459,1986.6545,262.38061,713.91333,103.41145,32.781307,312.70248,689.67786,2659.5891,1147.4006,483.60413,791.58093,522.7536,533.05487,3136.0391,240.00145,292.01968,304.60996,1342.2283,1528.2687,575.27167,934.36267,1345.5421,348.63956,1331.1404,36.195988,511.08893,2083.7322,616.61456,181.7267,1432.9609
1110.3566,2441.915,1251.0258,165.05307,3040.238,360.75891,629.64001,284.85504,185.32437,94.359558,464.3494,2923.8271,513.18597,818.50629,453.07944,299.59653,635.93988,1898.9071,1715.3129,1321.9979,1376.6395,187.49731,562.12884,2296.7915,350.63696,65.729919,2131.561,268.26221,743.12872,113.85204,35.055157,311.3783,675.03851,2571.8669,1171.3046,507.56564,811.97119,548.35455,550.50745,3602.8127,245.99289,298.8353,302.32043,1492.6938,1527.2734,579.76202,970.74048,1336.5983,365.67795,1445.5093,38.373112,511.40414,2106.6526,604.67041,180.43269,1456.1144
1128.33,2319.4229,1207.1652,162.85632,2961.0828,326.77008,619.96686,272.6127,169.067,89.125656,449.78879,2905.4255,504.22629,798.55499,430.56247,295.91861,623.26508,1915.3053,1632.8129,1304.5439,1371.6663,184.36852,536.97064,2268.9998,342.28406,64.883408,2039.75,261.68277,734.09851,105.10182,28.487925,305.98688,675.03851,2715.4136,1147.4006,499.6116,765.36487,512.43066,545.02246,3468.4534,244.64674,289.50324,300.62817,1365.1469,1536.2339,547.83032,963.01514,1305.792,336.38391,1340.6315,37.239807,511.53037,2059.8157,613.62854,179.03523,1409.9525
1130.3273,2446.8745,1194.2063,169.74597,2896.863,317.03049,612.93188,281.96854,164.78395,90.770599,455.54959,2911.8906,508.70608,805.5379,402.26395,301.48514,626.02051,1956.9883,1512.5009,1324.4911,1388.2495,181.2851,500.47662,2327.5615,341.5498,63.393738,2085.1025,255.20296,737.8169,107.38883,28.757195,313.93216,682.0871,2776.2207,1132.4608,483.74326,754.6264,525.23126,543.52649,3451.0366,252.69325,294.64108,305.70493,1388.0654,1591.9884,556.8111,944.07391,1316.7234,339.1738,1330.666,37.259697,509.07074,2069.781,628.06097,186.38507,1410.8102
1098.3745,2339.7559,1072.5925,159.36154,2844.5906,289.99841,593.58533,267.33765,153.2787,98.098045,447.24982,2872.6013,467.09363,785.66461,389.48401,287.17127,619.40747,1830.9871,1499.6099,1312.5226,1367.8562,167.59126,478.15253,2258.0808,325.85355,63.891716,2043.0684,247.82602,702.22742,102.41711,25.127016,300.69006,696.18408,2753.2927,1098.5962,492.19513,759.72504,492.19778,516.10071,3260.4458,235.05946,285.6236,297.2435,1297.3879,1564.1111,577.26733,905.69287,1272.0043,313.367,1230.0588,38.949711,499.10623,2029.1085,615.61926,176.80957,1355.9215
1083.3966,2203.3767,1040.694,160.06052,2743.0337,278.66876,594.46472,254.59784,143.37636,93.71154,422.84705,2809.937,452.16113,794.64386,375.79132,284.88507,607.28387,1875.8439,1461.202,1292.0769,1336.5197,160.42694,464.77792,2237.2371,306.94495,59.708622,1923.6039,246.231,675.13696,96.60025,23.127426,291.00183,684.79804,2605.7598,1076.6841,460.87366,711.28625,467.00983,496.65347,3017.6042,232.14908,279.43719,284.74274,1200.7313,1490.4357,553.81763,880.77008,1246.167,302.40677,1208.704,35.887802,484.60107,2008.1802,597.20551,172.27011,1310.4668
1114.3507,2450.8418,1195.203,184.3242,2910.803,318.81952,630.51953,271.61749,175.61649,100.98915,462.01056,2940.7361,501.23975,828.06586,384.31119,294.52698,649.7168,2020.5707,1582.3956,1351.4197,1414.1145,177.02284,507.89743,2278.9258,334.84909,64.9375,2103.9065,262.67957,725.59955,107.38883,25.321491,312.28769,658.7724,2708.7109,1138.4366,507.11008,726.21844,535.96704,522.58337,3330.6111,246.7011,304.81192,297.78513,1378.1008,1491.4313,594.73004,950.05536,1266.0417,339.47281,1378.5963,39.178341,510.83658,2094.8855,610.1449,178.22472,1408.2374
1083.3966,2429.021,1224.1112,206.59085,2941.6675,319.31631,625.6828,278.58459,175.20195,96.403252,449.33704,2982.5122,466.39685,841.0354,380.96408,285.0838,647.51227,1972.3284,1590.1312,1356.4064,1416.6012,168.22606,502.1293,2333.5164,327.87311,64.339905,2075.3162,254.50516,691.6781,105.89732,26.642912,298.28635,656.7464,2587.0835,1139.433,478.97043,699.26764,540.50903,520.09003,3230.0906,248.41321,300.51291,295.89352,1359.1683,1471.7878,587.74506,920.64661,1247.1604,330.90372,1384.2914,36.822281,503.26865,2124.7832,598.20087,180.3477,1371.3591
1085.5575,2279.7485,1168.2888,209.28679,2900.3477,283.73721,616.00946,271.11981,157.93043,92.315849,443.0748,2947.7,452.65881,849.01672,379.74692,282.10181,643.10382,1902.1869,1590.1312,1349.425,1435.5031,158.43181,478.06207,2307.7097,310.89191,61.551186,1955.8416,237.75743,651.8352,99.036362,24.433891,291.09647,665.4234,2592.0681,1137.4406,457.49283,668.3103,503.34653,503.13592,3045.4709,247.89954,297.26245,286.43518,1266.4978,1458.8423,573.77484,887.25012,1246.167,306.79089,1294.1248,35.291328,482.96127,2060.0042,589.24274,180.7101,1319.0433
1102.5348,2339.2593,1224.1112,221.66827,2941.6675,298.14783,622.65527,277.09158,164.88512,90.820419,456.94122,2982.5122,451.96182,859.49225,381.57266,288.56287,653.02307,1973.3865,1603.0243,1374.3588,1448.4351,159.97351,487.36063,2380.1672,327.04691,64.190521,2012.26,245.23413,665.11585,101.91995,25.620686,290.43414,670.30426,2683.7874,1209.1532,458.68594,673.40942,515.73413,514.6048,3142.5081,248.41321,303.7634,293.90225,1295.3949,1474.775,604.70886,898.21594,1250.1417,319.74405,1317.8528,36.553867,493.17807,2120.7974,594.82288,182.57422,1319.0433
1105.5309,2359.5923,1211.1522,225.66232,2962.0786,298.94284,646.84033,283.7601,162.16765,92.614906,457.7363,3039.2087,460.42377,881.93988,382.48554,287.56888,673.41284,1976.6661,1577.2389,1402.7839,1463.8551,163.23816,488.35513,2416.8916,331.63644,67.87561,2031.0662,249.91946,675.20953,102.21828,25.8351,294.21844,677.89679,2728.6504,1205.1691,467.33676,685.4281,527.29571,517.59662,3110.1626,255.60361,308.48184,301.56842,1309.3452,1489.7118,624.16711,912.17267,1282.9358,323.33102,1337.3098,37.279575,508.88153,2155.679,603.28479,185.26668,1341.3419
1117.515,2448.8579,1265.9784,220.37019,3029.2854,299.63861,645.52106,286.44748,171.70161,92.614906,474.1871,3021.8015,458.23367,885.43176,389.48401,285.58081,666.80005,1999.7295,1654.5967,1410.7626,1489.2223,161.74191,495.46594,2393.0703,330.90219,71.062714,2121.7786,248.92258,660.3346,103.61032,27.036848,293.93448,661.08484,2571.1316,1224.0934,478.27445,681.05737,526.46991,507.62375,3297.7673,258.68524,313.61975,297.48642,1290.4128,1527.5521,605.70667,939.08935,1276.9728,328.31302,1348.699,37.150337,493.052,2115.8142,610.2533,185.88811,1362.7825
1126.5028,2549.5298,1294.8865,220.47009,3033.7661,321.20462,654.31567,301.57599,185.33456,106.57196,473.4415,2954.1646,463.90817,880.4433,400.43832,281.30652,672.31073,2077.4883,1586.6934,1386.3273,1427.0472,167.86336,501.93036,2365.2778,340.8154,73.353477,2241.2527,251.11575,675.20953,110.96845,29.420397,299.89456,677.89679,2588.0796,1212.1412,512.57892,717.47778,547.11603,520.5885,3544.0925,261.08209,314.56345,282.85104,1346.214,1535.5184,596.72589,932.6095,1243.1855,334.68994,1391.4097,40.878304,399.58771,2048.0444,607.26685,181.228,1396.2306
1152.4686,2638.3003,1333.7628,225.36278,3024.3071,348.73352,662.23059,312.22571,205.09311,111.25751,464.64477,2906.4202,493.74207,863.48291,394.96115,281.6048,676.16815,2122.4521,1581.5355,1389.3196,1431.0262,177.02284,539.32391,2236.2451,356.8786,75.196037,2285.5029,259.48953,734.17749,116.23846,32.566883,316.6395,670.84668,2648.8936,1228.0776,518.04785,727.67523,573.12958,529.56439,3667.0063,251.83725,319.59641,289.32248,1455.8247,1525.5605,607.20349,986.4425,1243.1855,348.93845,1485.3722,41.753132,414.97589,2040.0712,596.8139,183.35095,1426.2478
1171.4431,2676.4861,1343.7312,235.75832,3022.8137,353.90146,645.52106,314.11682,205.2774,109.66244,461.76215,2938.2493,496.03213,854.005,384.91977,290.45157,652.47205,2120.2302,1577.2389,1407.7705,1413.1196,176.34265,538.13043,2272.6223,361.74347,76.689995,2273.3342,255.0036,736.83374,116.3379,32.337505,314.0852,662.16943,2630.949,1165.3287,515.06488,695.26141,590.88507,533.05487,3791.9106,252.86447,308.79639,287.33127,1515.6123,1523.5688,611.19488,969.99359,1202.4414,348.63956,1507.2019,41.435017,404.56995,2061,598.80487,178.38005,1449.4039
1180.4314,2886.2607,1394.5696,251.93484,2996.9265,374.67246,656.07471,317.60034,218.72618,119.53204,481.59241,3026.7751,500.8111,876.95142,388.57123,299.09949,688.43689,2189.3127,1637.406,1457.1394,1408.6432,173.57667,556.42969,2371.9067,376.98059,79.030525,2511.1765,272.05032,730.45886,120.71298,34.297203,322.69418,695.79333,2762.5469,1200.1891,545.39197,716.74921,604.51129,528.0683,3969.0649,268.78616,318.23331,293.8027,1623.2295,1527.5521,638.63623,1013.8577,1244.4176,367.77035,1522.3878,44.526737,412.01187,2022.1324,606.27142,181.3315,1471.7021
1190.4183,2724.0942,1318.8105,245.34441,2966.061,359.0694,654.31567,316.3064,215.59416,117.13944,487.35742,3092.4226,489.65988,869.96765,384.91977,286.77365,696.70483,2224.3315,1706.1686,1479.5801,1403.6689,173.53133,554.54016,2421.5491,376.52164,78.632141,2462.502,270.55493,720.89642,117.92883,34.396938,331.30316,686.03149,2724.6619,1183.2567,547.87775,706.18744,589.64624,529.06567,3754.0908,264.50617,313.09543,289.12335,1590.3463,1512.6151,633.14795,1046.7556,1253.3633,364.38266,1506.2527,43.383495,404.44388,2044.0576,593.82733,178.79436,1456.2646
1224.373,2652.186,1299.8707,238.25464,2840.1108,367.71564,654.75537,322.87546,228.76662,124.51672,486.01566,3098.3918,478.50861,920.3501,398.30832,292.14133,706.62622,2219.9937,1688.118,1494.5406,1406.6537,179.74339,574.52972,2500.9773,387.44458,76.988785,2565.3823,279.32761,727.27148,121.01128,35.359333,333.57364,699.58948,2775.5073,1219.1132,584.66815,750.98431,595.42725,558.48584,3604.8027,273.23743,322.29285,300.17453,1553.4772,1544.4803,631.65118,1051.7404,1287.1573,368.86636,1552.7601,46.67403,400.97519,2056.0171,605.77362,180.81366,1480.2789
1217.3822,2671.5271,1331.7693,245.04483,2844.7607,371.49216,655.19513,315.41068,228.12186,140.96608,493.27292,3110.3271,476.71637,928.33142,454.90524,296.8132,701.11444,2375.5117,1690.696,1490.5509,1396.257,181.42111,571.74512,2490.0554,409.38236,79.777504,2584.189,280.22482,727.27148,121.40904,35.633595,334.33038,700.13171,2751.5803,1246.0051,604.55469,782.30566,596.25305,554.4967,3653.0718,277.51743,323.34158,300.17453,1566.4312,1533.5269,627.16083,1077.6599,1270.26,371.75598,1554.658,49.55698,401.35355,2043.2461,600.29822,177.86234,1460.5531
1196.4102,2619.4546,1329.7758,258.82483,2806.4121,368.41135,655.19513,308.54312,236.53287,146.64859,493.57114,3191.3923,472.0369,959.25922,459.16519,304.36774,701.11444,2350.3328,1658.894,1500.5247,1382.3293,183.0536,565.87756,2500.9773,399.56094,87.147713,2546.5764,284.81049,732.58344,121.40904,35.538845,341.04736,701.75861,2736.6262,1203.1772,650.79126,823.09625,600.79529,540.03601,3543.0977,281.62622,323.5513,293.40454,1583.3712,1574.3547,625.16504,1077.6599,1301.0726,363.58548,1542.7939,49.348217,401.41669,2023.3118,617.71979,176.6714,1433.9668
1201.4034,2571.8469,1259.0007,263.41818,2852.729,359.1687,669.26642,309.53842,221.74669,139.4707,490.98648,3181.9438,484.58218,987.69287,458.25226,309.33786,724.26434,2429.2563,1698.4325,1538.0948,1411.1794,189.35638,553.84399,2539.6975,402.03925,86.79911,2600.782,281.32147,761.27094,120.01695,34.257317,334.89816,705.55493,2712.699,1198.1971,666.70081,827.4668,595.01416,544.02515,3492.8757,285.90631,313.27322,296.19223,1554.474,1589.2915,627.65973,1073.672,1293.121,352.52551,1492.9653,49.079811,401.4798,2060.1904,613.24011,174.65186,1445.9733
1194.4127,2596.6423,1225.1082,270.40808,2823.8433,376.85886,656.51416,315.01263,233.99936,145.55196,487.25855,3218.1453,510.76755,999.66492,458.25226,313.01572,736.39038,2452.2126,1688.9783,1520.6393,1416.1536,192.71181,577.21503,2520.834,407.17938,89.538048,2651.6692,301.35873,789.427,134.23604,37.398808,360.44116,698.50476,2926.0457,1221.1053,674.65533,835.47913,653.64862,543.02777,3562.0564,288.47433,313.9025,301.66791,1609.2787,1585.3084,629.65558,1067.691,1312.0057,369.16531,1578.2308,51.84346,414.34531,2078.1306,612.24438,172.27011,1469.9869
1208.3942,2439.4353,1168.2888,261.521,2828.824,344.55957,674.98297,303.76569,225.24747,145.65166,474.73288,3174.3679,495.83285,994.17761,443.03815,312.81696,734.18567,2297.7532,1624.5123,1506.1759,1411.1794,187.76471,555.32074,2516.8621,406.2616,87.595886,2527.7703,311.1283,764.53284,131.84964,35.877926,362.99545,690.91242,2977.8872,1214.1332,637.86505,846.40503,646.62897,547.51563,3366.9575,282.6535,305.93167,315.00903,1597.3217,1557.4261,632.64911,1016.8483,1304.0546,363.38629,1517.9492,50.302567,425.94937,2044.2423,608.26233,179.77814,1510.2958
1218.381,2317.9355,1148.3519,258.026,2768.0635,329.59445,700.48712,298.49063,216.72588,140.56732,459.82144,3134.5701,477.81168,1001.6602,445.77658,314.50678,722.61072,2307.5923,1623.6534,1498.6948,1389.2927,188.4903,551.83942,2516.8621,405.25186,87.994293,2609.6326,305.74518,767.72058,129.96037,33.51432,358.54907,683.86218,2973.8997,1160.3484,636.37335,834.75067,617.31189,553.49933,3430.1655,278.03104,313.79755,309.93149,1574.4031,1537.5103,632.15027,1048.8676,1320.9515,351.82806,1480.9261,51.197281,416.23721,2057.2,598.80487,178.32829,1581.4796
1203.4009,2280.0205,1125.4249,253.0333,2766.0718,315.17783,716.75714,289.931,202.03177,132.0934,453.40945,3160.4395,470.70425,1002.6579,439.99518,310.63007,711.03558,2270.3518,1607.3218,1519.6417,1408.692,186.58546,551.54071,2482.1128,398.82657,85.155754,2577.551,305.14694,769.31457,127.07678,31.295328,348.89957,688.20074,2957.9487,1130.4684,624.44141,831.1087,607.97333,541.5318,3444.1013,279.4007,309.4975,301.86707,1471.0044,1500.6655,613.68957,1010.981,1313.9937,341.60941,1447.2255,48.195038,409.29999,2036.269,593.82733,178.06935,1585.7681
1187.4222,2244.3103,1120.4407,239.05351,2772.0476,303.94272,721.1543,291.42389,197.97824,134.68545,439.24347,3113.6753,470.10666,995.67413,443.3425,311.82284,703.31903,2336.0503,1525.6666,1515.6517,1394.7642,185.04347,540.30115,2439.4199,392.95215,84.508392,2543.2573,296.77313,758.68854,121.80677,30.672014,349.84549,696.87781,2942.9944,1110.8112,635.87628,831.8371,600.12598,524.0791,3430.1655,277.34625,301.73651,300.67233,1450.0753,1550.4557,604.20978,1027.9303,1331.885,336.52713,1421.5941,50.054039,406.20972,1998.394,591.3385,175.48039,1566.9
1223.3744,2330.1143,1174.2695,255.42979,2855.7175,303.74393,748.4176,291.7226,196.73457,130.39859,432.28488,3227.5977,483.4501,1027.5997,455.51376,320.86841,718.20129,2491.6741,1574.4445,1577.9937,1462.4131,189.12527,552.83392,2527.7832,395.06317,85.653755,2621.8015,303.0535,776.75238,117.92883,30.01878,343.03406,710.43585,3022.75,1121.77,637.3678,851.50391,629.86383,526.07379,3530.7019,284.87915,298.48535,311.62402,1454.062,1712.7705,611.19488,1044.8796,1333.8728,338.42059,1456.7185,49.596745,405.95755,2079.127,617.71979,177.60332,1569.4729
1221.3771,2361.8569,1201.184,251.63527,2669.9512,314.87952,736.54498,301.68817,205.53252,134.58571,443.71695,3169.8904,494.90158,1026.6019,416.94876,310.43124,713.79175,2500.4556,1598.2974,1570.5126,1416.1536,191.75583,556.4148,2485.0911,386.89386,85.852943,2621.8015,292.08774,785.78455,118.37174,31.105843,341.6149,719.11292,2948.9758,1162.6157,636.37335,842.76312,627.79871,512.11169,3487.4014,285.73502,302.05112,305.84952,1445.0923,1694.8462,610.26276,1074.7904,1326.915,337.82266,1445.8015,50.704037,401.03833,2102.051,617.22199,177.18918,1635.5109
1229.3666,2244.8054,1068.6055,237.65552,2700.3315,300.56232,721.1543,283.66653,191.99014,123.91857,419.65982,3167.9009,490.81891,1037.5763,398.38397,304.96991,706.62622,2410.6357,1621.5045,1594.9507,1419.6351,186.40413,552.13776,2559.5549,373.32153,81.669846,2580.8701,283.81363,774.62738,113.89551,32.531975,325.91077,723.99359,2958.9446,1146.6757,586.15955,873.35602,600.53894,509.7724,3199.7288,292.27872,298.17062,303.65921,1382.3055,1647.0476,618.24646,1048.8676,1317.9695,324.26987,1350.3955,47.413239,402.74033,2095.075,624.68842,177.91402,1684.3959
1226.3701,2169.417,1036.7064,233.0622,2697.3428,299.86633,697.84863,278.09079,186.83925,129.80046,412.65125,3119.1487,503.86359,1019.6182,396.55786,315.6095,708.27972,2355.0818,1686.3992,1559.5406,1417.1484,194.93054,551.24243,2524.8044,369.64902,83.872749,2511.1765,288.9613,798.00433,112.90078,31.001122,340.57431,740.26331,2990.8479,1162.6157,591.13135,849.31867,599.71283,507.27835,3127.5627,288.34061,274.46802,314.01346,1317.5256,1685.8839,605.27289,1041.889,1334.8666,320.88168,1298.6578,46.130741,408.48111,2095.075,639.12347,178.1212,1662.0975
1171.4431,2002.7673,1031.8735,214.68884,2611.1841,263.37723,727.31049,270.62329,162.24063,116.74065,389.68631,2998.7598,486.63663,987.86755,369.16708,313.22302,679.0669,2294.771,1682.5316,1491.7126,1396.4235,185.90511,506.8804,2398.7141,352.47943,78.543549,2303.2024,270.41516,762.40765,108.02666,25.879982,318.81543,722.90918,2890.1558,1132.7286,546.94165,789.58972,549.73688,490.11972,2775.1882,275.49887,261.46304,291.41327,1170.0264,1648.0433,578.82648,994.53003,1324.9271,303.34277,1221.2893,40.970848,395.80078,2017.5231,619.71082,170.14716,1531.7368
1178.4341,1984.9121,1013.9279,218.88274,2621.144,266.85724,745.77905,271.2207,167.3999,115.44463,404.99734,3032.0911,492.71082,1003.833,371.90607,310.93607,698.90942,2389.0464,1631.389,1510.1659,1409.8552,191.4384,511.21027,2381.8362,326.86301,76.302292,2368.4709,279.08994,755.50098,110.31453,25.730381,329.03259,742.43262,2986.8594,1137.7096,547.4389,785.50568,564.60577,486.62817,2782.157,276.52621,265.90369,294.31061,1189.9589,1693.8503,604.27478,1011.978,1350.7699,302.34622,1259.7365,40.066132,390.56482,2022.507,646.09204,179.26035,1562.0378
1165.4514,1939.7782,988.00641,211.8929,2581.7996,253.83246,739.18329,269.7272,159.84528,113.65017,399.67819,3014.6792,473.39282,997.34711,368.55838,304.57211,685.68097,2387.8823,1620.6979,1512.6595,1407.8652,187.99149,500.56613,2336.1646,312.17242,69.180069,2323.1143,270.11597,750.18793,105.44038,25.650599,311.3417,705.0127,2981.8752,1117.7845,529.04163,786.96307,545.1936,468.27237,2758.7646,272.58798,260.9736,285.44641,1176.0065,1752.6023,589.30518,976.58356,1323.9332,306.43198,1226.0358,40.046246,377.56903,2006.5581,659.53162,179.82989,1578.3357
1186.4233,2057.3252,1056.798,237.65552,2659.4929,269.93927,766.44623,278.29001,175.36914,128.50444,406.68756,3105.2197,486.3378,1037.7598,395.34051,313.42197,705.52368,2497.4993,1637.0327,1587.9684,1436.7194,188.44505,528.61847,2359.9937,334.20822,72.367653,2575.3389,278.19254,761.87653,116.0839,27.934422,317.21182,718.2959,3026.738,1149.6649,588.70813,805.90857,575.34442,492.21466,2855.8162,280.29306,272.82645,288.43433,1225.8369,1774.5095,603.27692,1005.9959,1335.8606,333.83649,1291.5382,44.689133,382.04813,2038.4554,677.45087,177.60332,1617.7942
1217.4706,2112.8757,1070.7556,231.96381,2646.0457,266.95657,766.88617,277.9913,184.99667,132.9906,421.05402,3084.8228,491.31683,1014.8093,390.47098,306.85916,688.43689,2402.1663,1645.6311,1583.4795,1433.7345,188.71709,543.53992,2360.9866,328.2402,72.815872,2465.821,270.6145,777.28381,119.16753,31.215546,304.05777,704.73279,3085.5574,1179.5518,576.77484,834.3266,585.67004,478.54758,2921.5134,281.49167,260.86868,284.55005,1264.7048,1728.7031,602.27893,984.06122,1355.7394,326.86078,1321.9164,45.89212,379.90317,2070.353,660.02936,179.99954,1567.1844
1232.452,2048.8936,1042.8405,251.63527,2760.5935,273.02161,761.16968,285.25964,184.90448,135.28357,404.89789,3187.7996,498.38687,1032.7706,395.34051,305.36752,717.65002,2380.2642,1601.7816,1589.9635,1469.0549,193.70601,559.35681,2402.6855,336.96268,74.857933,2444.8018,280.48584,778.34631,120.85856,31.3053,309.26254,714.49805,3167.3074,1198.4807,600.14423,867.11664,601.77801,486.8277,2968.2971,288.51187,281.00806,292.4183,1307.5591,1599.2495,618.74554,1013.972,1367.6666,329.05325,1315.746,47.085144,393.15125,2086.3018,643.10553,184.04105,1713.0092
1280.392,2071.709,1084.7134,259.52383,2841.7732,271.03296,750.61609,287.35059,150.0334,138.67314,419.51294,3225.1101,508.34467,1040.7532,399.297,316.20605,737.49304,2479.9358,1581.1471,1637.8416,1439.7041,200.87192,558.16321,2437.4353,348.99048,76.302292,2442.5894,286.56824,784.79993,126.62792,31.016083,307.55926,732.94391,3189.241,1261.2438,605.61352,885.33319,609.62543,510.27121,3005.1279,293.81982,290.86795,300.18686,1331.4786,1646.6451,636.2102,1011.978,1382.576,333.13892,1314.3219,47.502712,391.19559,2137.1389,672.18988,185.75092,1739.6006
1290.3795,2087.085,1105.6498,262.0202,2897.5522,286.34445,758.09149,291.6319,151.78389,139.07193,425.7269,3341.021,511.33197,1060.7104,416.64444,317.29993,740.33044,2527.1255,1594.9037,1666.2694,1486.4673,204.81779,562.63965,2560.5479,346.14423,74.50927,2468.0332,269.2186,802.86572,126.03108,30.218239,300.93481,743.79419,3181.8875,1248.2925,634.94952,873.67462,603.01703,514.76038,3054.8982,300.15503,295.06378,309.64862,1330.4817,1682.5068,640.70105,1033.9125,1407.4244,328.05664,1354.6675,47.512646,400.09064,2157.075,673.18573,187.40895,1779.9167
1287.3833,2028.5584,1067.7645,262.41965,2924.9441,291.3158,763.51526,305.07355,149.38855,138.87254,435.5697,3360.4226,523.34766,1071.6864,419.07925,321.87396,721.03656,2489.7756,1590.6044,1674.7478,1438.7087,207.31216,557.06903,2521.8271,356.33569,74.658699,2364.0457,267.82266,825.18243,128.71683,30.118511,299.42071,751.93213,3177.8989,1269.2141,631.46893,887.51941,624.49438,533.21606,3006.1226,299.98383,298.94476,310.44543,1309.5526,1699.4413,651.17975,1033.9125,1399.4728,328.05664,1399.2853,46.568169,395.86395,2135.1453,681.65027,189.48141,1791.068
1286.3846,2012.191,1060.786,245.64395,2973.751,293.00601,768.35303,305.87009,146.71668,140.36791,437.30963,3353.9556,528.3269,1103.6174,419.38355,315.80838,737.02283,2507.3398,1686.9008,1689.7098,1467.0659,209.08093,530.40918,2495.02,354.40762,75.007355,2432.6328,263.5351,820.40027,128.02052,29.859213,307.65381,709.61548,3215.79,1277.1837,647.87726,888.97687,627.79871,523.23999,2878.2136,294.16214,298.94476,315.52484,1334.4681,1720.3604,659.16357,1084.7605,1384.564,325.46576,1416.8478,46.548294,410.05826,2174.02,695.09412,186.52806,1810.7972
1248.4318,1878.7723,1066.7678,257.42694,2939.8853,284.75375,768.35303,309.9523,153.85678,138.27437,436.16626,3339.5281,534.30237,1110.6023,436.12241,316.20605,760.17517,2611.4558,1719.5723,1705.1708,1435.7242,211.80222,528.32013,2450.6465,339.44165,77.896057,2398.3396,264.73166,841.12268,126.42899,30.123501,314.65668,717.75336,3236.73,1225.3795,633.95508,950.185,635.23303,547.18237,2878.7117,299.81253,309.01446,321.89911,1282.6442,1712.3915,655.67065,1073.7933,1299.0846,340.41361,1417.3223,45.295601,405.01138,2252.7676,690.11493,187.97885,1832.2418
1272.4019,1885.2203,1085.7103,264.31696,3083.8164,304.43988,779.78821,313.33758,157.86446,140.06885,435.42056,3470.363,546.25342,1143.5314,449.81781,321.67511,774.50775,2639.9175,1748.8053,1703.176,1490.4465,215.20372,557.56628,2499.3027,351.65317,78.493729,2416.0393,275.20117,858.65729,129.31366,30.527407,322.7952,735.11383,3483.0251,1233.3488,635.94397,954.55707,653.81934,564.14148,3016.0769,293.47736,309.22427,321.99875,1345.431,1731.3182,673.63422,1090.7424,1320.5005,350.57816,1487.5715,47.472897,402.48798,2326.5305,683.64191,197.04622,1830.5264
1281.391,2023.5988,1129.5773,270.40808,2985.2058,321.73981,790.78351,313.03888,168.96611,140.66701,446.00906,3455.4395,536.79199,1110.6023,445.55698,319.68631,777.81537,2698.0063,1771.1599,1702.1786,1480.9946,209.03564,563.83313,2501.2886,358.63104,83.175461,2382.406,287.16647,848.03046,130.60681,31.290342,331.78543,746.50677,3549.8335,1234.3455,655.33563,935.61163,669.10101,562.64514,3195.25,291.5939,312.89557,321.99875,1402.238,1699.4413,664.65253,1048.8676,1312.5457,360.54343,1259.2618,49.709843,413.02325,2274.6973,684.63776,197.35713,1844.2511
1312.3517,1912.0032,1101.662,269.20993,2989.2559,326.81061,791.22321,321.00424,177.68219,148.54275,451.77579,3308.1877,537.78821,1109.6049,449.81781,328.23785,788.28918,2667.3215,1799.1023,1682.229,1464.7429,208.40056,567.0166,2447.668,377.36145,85.516319,2492.282,294.74448,858.12598,131.60152,34.127663,344.84485,763.32489,3627.6113,1221.394,690.14099,959.65772,675.70953,579.1665,3025.0352,296.21692,316.14728,331.16165,1437.1194,1741.2799,660.66052,1065.8171,1327.4611,364.52954,1348.2068,51.151417,428.98404,2259.9314,718.49622,192.69388,1826.2374
1327.3329,1870.0337,1131.5713,278.42248,2970.3267,325.41852,789.02429,316.52374,172.47667,149.5397,442.0314,3273.7656,535.79633,1108.6067,440.38306,325.5531,786.63544,2597.1709,1775.4581,1709.1605,1453.7975,204.57996,554.13873,2435.7522,371.90906,83.225273,2504.9597,284.87317,832.08984,129.91052,33.888309,351.75317,749.21942,3588.7227,1212.5767,691.13538,954.55707,650.10199,575.17572,2897.05,284.5737,311.42703,328.17371,1409.343,1729.326,666.64844,1037.9005,1345.3593,339.11807,1341.5608,50.704037,427.72238,2265.9124,708.0401,191.45041,1805.6504
1322.3391,1736.1056,1103.6559,283.01621,2925.4956,324.22553,824.20935,317.12115,168.83731,149.5397,438.84952,3285.209,537.29028,1121.5789,439.47018,324.85706,781.67413,2581.8296,1781.4768,1720.6316,1417.9747,207.3017,544.28937,2438.7319,373.56192,82.976257,2536.6545,274.80243,840.59161,127.32423,33.220116,338.59906,741.62402,3564.7908,1190.6565,694.11865,961.84369,650.19196,589.14362,2723.3262,281.14914,310.69284,326.28137,1416.3201,1724.3453,665.65045,1041.889,1360.2747,346.53326,1321.1479,50.954437,424.69424,2256.9409,706.04828,188.0825,1827.0952
1304.3618,1956.8387,1222.2965,331.35071,2912.5442,345.70135,810.13525,331.06045,190.16656,168.5811,432.23712,3157.8408,540.27783,1114.5935,452.25247,333.40851,777.2641,2695.0195,1878.6327,1697.6898,1402.054,212.51823,560.60523,2246.0959,382.46933,87.657974,2575.7454,277.99316,853.34387,133.21309,36.915119,341.81662,751.38959,3577.7539,1196.6346,751.79614,977.14581,674.97693,600.11816,3007.5559,283.37506,320.02823,329.96649,1501.04,1709.4028,679.12317,1054.8501,1350.3312,369.35635,1352.9542,56.770706,437.879,2267.906,698.0816,183.5229,1954.906
1273.4006,2067.4534,1329.9703,334.34671,2882.1587,361.01279,810.57507,345.49774,211.03513,172.56882,447.64926,3144.9048,545.25745,1102.6199,448.29605,330.42541,778.36658,2656.7129,1882.9316,1678.9956,1410.5115,211.70171,581.39795,2283.8276,387.33627,86.910896,2718.3726,277.29514,845.37366,137.09306,39.902039,352.51022,742.70929,3350.405,1184.678,785.60724,1025.9664,705.54517,604.10895,3266.8967,302.89459,333.6644,339.6275,1567.8196,1678.5222,688.60388,1053.8528,1392.094,370.85123,1430.3337,56.720985,436.42813,2237.9998,680.15656,182.22759,1972.0619
1290.3795,1922.6127,1272.2,339.93915,2930.9744,326.21402,814.09363,338.62759,206.15199,171.97067,438.50156,3208.0911,524.34351,1100.6241,473.30298,335.29776,776.71289,2663.2732,1900.9869,1718.4012,1429.9163,203.49133,581.19904,2348.3713,382.92859,89.60041,2671.8865,272.20993,815.16296,134.6059,40.061604,351.65845,744.87921,3440.1479,1212.5767,767.2099,1013.5791,682.41248,606.10455,3027.4666,293.991,340.6922,343.51175,1553.8654,1725.3412,684.61212,1041.889,1389.111,369.755,1412.2943,54.931362,428.98404,2284.8528,718.99426,184.92194,1957.4794
1287.3833,1802.5737,1258.2415,323.3616,2943.926,316.95993,815.41302,323.69257,197.95193,168.97981,434.02689,3163.811,519.86176,1106.611,471.47665,325.95087,753.5603,2657.771,1929.3606,1735.3611,1420.4628,204.57996,570.35498,2275.8848,369.79697,88.056412,2549.333,263.43536,809.31744,131.22333,38.725231,337.65268,741.08167,3440.1479,1205.6016,754.28229,1000.4633,662.17139,590.6402,2872.1611,288.68301,328.73444,346.10123,1513.0006,1672.5453,682.11713,1033.9125,1384.1392,365.86813,1329.218,53.986843,418.89032,2244.9778,713.01929,182.1239,1945.47
1326.3344,1798.1094,1318.0629,345.13202,2907.563,328.19824,848.39899,326.67957,209.92949,179.74669,434.27548,3293.1699,519.36377,1134.551,472.69418,332.1608,764.58539,2589.834,1921.6229,1792.7239,1457.7777,212.06461,596.71869,2353.3364,379.80627,92.1903,2471.1516,269.51767,823.66547,135.30231,37.707977,351.84772,758.44214,3553.8223,1250.4382,750.30457,1030.3386,703.06653,608.09985,2973.7075,302.03848,329.04913,351.77844,1535.9252,1682.5068,678.62415,1070.8024,1426.8964,379.82111,1352.479,56.074738,397.88269,2312.7656,725.4671,187.20169,2058.699
1324.3368,1810.0138,1263.2267,342.13608,2849.78,325.91083,846.19989,325.6839,213.93736,176.45682,429.00552,3196.1501,519.92712,1091.6436,448.03992,331.86243,750.25287,2478.0894,1858.858,1761.7976,1416.9801,212.4275,592.24188,2266.947,370.62344,89.201958,2368.6709,267.72287,833.76202,131.72075,39.592876,359.79697,749.76196,3554.8193,1231.5074,734.89069,1009.9359,701.00128,602.11359,3008.5513,299.98383,318.35001,355.46344,1525.9576,1660.5912,652.17779,1046.8739,1417.947,373.64185,1355.3278,56.323303,391.13257,2296.8149,720.98602,181.13947,2014.9514
1359.2928,1881.4425,1299.1196,355.51791,2939.9409,335.35892,844.00092,315.92627,215.45763,192.90624,447.84818,3174.7568,536.36163,1035.764,443.47427,329.17731,754.66296,2548.1416,1897.9784,1764.292,1413.4971,219.27702,612.13916,2269.9275,375.39856,89.201958,2460.5864,283.70892,862.98865,135.9987,40.380749,372.00473,767.12256,3610.6597,1213.5724,804.50147,1044.912,711.32831,606.60327,3186.2571,297.2442,324.11917,357.0571,1557.8524,1661.5873,648.74573,1072.7966,1441.8116,391.68127,1412.7688,59.902534,402.73654,2316.7532,725.96503,183.93747,2015.8092
1387.2578,1918.1488,1265.2206,355.91745,2890.1284,328.29773,838.2832,309.62735,214.2137,185.03047,429.15472,3118.5352,529.38946,1018.8007,437.99554,322.31534,750.80414,2485.7085,1930.2201,1764.7908,1403.049,213.10797,607.2644,2326.5256,361.80786,85.715569,2382.406,284.20758,857.14331,133.21309,40.360802,373.14023,761.15485,3606.6711,1216.5616,780.63495,1031.0675,691.50024,599.1206,3096.6577,292.44998,319.08426,353.57114,1533.9314,1640.6682,650.74188,1038.8976,1433.8567,378.32623,1423.2126,59.156857,400.59122,2294.8223,714.51276,175.85454,1973.7773
1368.2815,1921.621,1311.0837,378.68652,2892.6194,336.75128,872.58862,316.1008,222.18343,194.3019,442.6777,3082.2151,533.87158,1012.8137,448.95303,323.80707,765.1366,2371.7395,1948.2755,1800.705,1354.7878,215.60277,622.94067,2375.1816,371.26614,89.152161,2437.3438,289.79205,868.30255,139.77922,43.307827,370.39584,767.66516,3629.605,1239.4784,800.02649,1000.4633,709.26294,616.08148,3199.697,301.55164,326.95132,353.86987,1563.8328,1551.0142,636.76892,1070.0709,1435.8453,397.16272,1421.3138,62.040134,409.80319,2334.6973,665.21906,174.30017,2106.7356
1373.2751,1851.1842,1253.2563,381.58264,2854.7612,323.62332,846.19989,307.73523,212.04857,186.62552,426.76831,3183.2153,518.43304,1012.8137,440.43045,318.53625,759.07288,2488.988,1956.0139,1798.7101,1362.251,212.06461,597.86768,2416.8862,360.98132,85.47451,2408.8186,282.91119,838.01276,140.8736,43.492329,361.68961,747.59174,3589.719,1220.5472,762.73505,968.6004,699.34875,608.09985,3085.209,300.35303,322.4408,346.49973,1549.8785,1507.1834,655.23328,1051.1229,1391.0997,389.68793,1365.7714,58.610027,409.86621,2306.7842,647.79181,173.67841,2057.8408
1392.2516,1650.7882,1195.4291,377.78775,2782.0349,318.25287,844.44067,299.56873,215.78899,180.74367,414.29184,3113.5605,503.9906,1024.8851,434.03861,311.77371,762.93164,2512.0574,1891.53,1789.2324,1311.0045,208.07285,592.79346,2378.1597,349.4108,91.650978,2381.3496,273.43756,810.38031,138.88384,43.856346,346.73758,746.50677,3531.8845,1168.7362,740.85736,951.83758,693.56574,601.11585,2921.4417,289.22244,314.99341,330.46445,1513.0006,1518.1411,639.26416,1015.2213,1356.2971,390.68454,1342.9849,56.770706,397.4996,2283.0518,644.3064,163.52301,1985.0865
1448.1812,1705.3518,1257.2445,389.47195,2879.668,344.11081,858.51471,309.02985,234.2167,187.52277,433.08707,3208.0911,532.87555,1062.807,447.43109,320.42581,789.39154,2555.8667,1986.4054,1873.0327,1340.537,210.47694,622.74158,2466.5344,370.80704,96.382965,2457.4172,279.91949,844.92114,142.36591,46.279785,360.32813,771.46271,3609.6626,1184.678,766.21558,948.92218,734.46094,623.06555,2993.1206,299.668,322.75543,332.25723,1583.7667,1564.9603,656.23126,1059.101,1398.0602,397.26239,1364.8218,56.870125,401.28534,2367.7935,669.70026,164.45558,2020.259
1476.1459,1718.7443,1284.1639,382.68118,2955.3833,348.58624,876.54706,325.96027,226.66133,194.50127,429.20874,3257.845,547.81604,1026.881,464.17178,324.10541,794.90418,2609.5161,1999.3038,1852.5813,1328.0972,213.743,634.48206,2479.4436,386.05069,98.524811,2534.5417,277.22705,858.73749,144.95252,46.369541,369.69827,764.95251,3650.8599,1173.7181,796.54596,937.98999,747.67957,641.02405,3079.7329,304.97635,326.84634,340.07486,1590.7435,1608.7914,656.23126,1092.011,1416.9525,397.96008,1381.4374,60.648209,410.24478,2395.7085,678.6629,167.05364,2058.0046
1483.1371,1796.6211,1342.9882,382.88089,2989.2559,364.29999,881.38489,337.0148,231.77507,198.18996,423.68945,3247.3962,552.79602,1036.8608,462.34552,335.14432,803.72418,2572.2688,2074.1167,1874.0303,1342.5275,218.14298,640.35211,2480.4368,397.80484,101.41381,2581.2043,270.54568,864.05151,146.24588,46.618858,372.53787,767.27869,3693.7407,1172.722,793.56274,969.3291,750.15814,645.51379,3241.5112,307.03125,309.53891,341.7684,1635.5956,1544.0409,664.71484,1127.9127,1424.9076,398.65768,1410.3953,62.636673,424.94605,2408.6692,686.62952,167.77925,2082.8828
1516.3,1811.9982,1350.9646,408.04681,2913.0425,367.88037,862.03308,337.41312,235.50662,201.08107,424.08716,3228.9875,558.77216,1062.807,464.17178,333.8515,813.64654,2587.6121,2051.3293,1830.1348,1357.4559,220.81931,638.36224,2414.9001,405.51852,101.31418,2557.959,275.53177,864.66132,144.45511,46.593937,372.82178,768.36383,3728.6438,1180.6926,797.04309,1003.5837,727.85156,629.05164,3374.9138,297.95566,303.4552,346.7489,1641.5759,1561.2692,667.70904,1141.8749,1435.8453,414.10565,1421.7886,62.636673,431.44476,2420.6321,700.07336,166.84636,2084.5981
1560.2506,1862.5933,1345.9797,426.42191,2927.9861,380.61047,857.24988,344.68335,242.32487,203.57338,428.36343,3126.4961,565.74457,1011.9118,467.51993,335.44263,797.10913,2605.1777,2130.4404,1803.1989,1344.0208,224.53903,646.42157,2377.1677,414.97696,106.1956,2523.0923,281.914,868.91278,146.04691,48.194603,371.02344,764.56549,3709.6965,1190.6565,796.04877,1001.3972,720.4162,639.02875,3474.4688,302.06534,309.85373,350.13574,1697.3917,1604.1122,681.68201,1179.7711,1433.8567,415.79999,1499.6426,64.823975,428.79477,2394.7117,679.16077,161.30034,2121.4868
1572.2372,1888.8827,1336.0093,424.32471,2902.5813,373.64865,857.68957,339.60419,241.1732,203.97217,422.69498,3093.1616,566.74048,1006.9222,463.25867,335.54208,802.07043,2596.3962,2128.291,1797.2133,1339.5419,224.31218,648.01343,2348.3713,413.23218,105.59786,2493.5085,281.11621,871.56995,144.95252,48.553635,365.06058,765.10828,3697.7295,1188.6636,795.55151,1003.5837,714.633,637.03326,3519.7664,302.57904,309.64395,345.65311,1701.3782,1580.2001,680.68402,1187.7488,1427.8909,420.08548,1495.3701,65.420532,425.82932,2373.7761,671.80176,161.09294,2103.4712
1578.2305,1986.105,1339.0004,435.11005,2988.7576,384.78751,887.59888,351.25629,254.948,208.15922,450.98737,3158.8354,574.70856,1025.8831,467.51993,339.12219,817.50537,2590.8933,2128.291,1820.1588,1374.8718,223.76784,664.23126,2425.823,427.09851,108.08838,2467.0947,286.90002,881.13623,150.32483,49.72546,356.25818,771.61957,3894.1838,1217.5582,824.39026,1018.16,758.41968,659.48157,3596.9214,314.3945,320.97238,332.50443,1796.0653,1604.1122,686.67249,1211.6834,1457.7209,433.73956,1550.9126,68.154671,440.97223,2407.6719,681.76178,165.91336,2170.3845
1528.2865,2025.7871,1299.1196,445.99527,3006.6897,378.02472,874.84338,348.26855,276.09384,226.60248,459.3905,3131.4712,567.23846,1057.8173,471.47665,334.05032,824.12042,2530.6809,2117.9719,1784.2444,1375.8672,220.13887,674.28027,2430.7876,433.98569,109.5827,2377.2859,284.20758,883.79309,150.32483,53.894188,352.56696,745.57343,3983.9346,1194.6421,865.65949,1028.3634,761.3114,658.48395,3452.5664,304.97635,328.94428,322.74243,1813.0092,1567.2476,685.17529,1209.689,1441.8116,437.62646,1595.536,73.8218,445.70432,2376.7666,692.21979,171.25195,2111.1921
1633.1691,1870.5297,1266.2179,450.88873,3064.9707,364.20062,879.68182,340.89887,273.6521,230.39081,457.79938,3154.8552,565.80933,1094.741,485.78238,336.73544,832.94049,2519.6763,2098.1943,1838.6144,1369.3986,221.40906,690.39832,2361.2803,451.06595,114.76299,2448.0754,272.14123,867.31854,150.72279,53.216015,346.32013,741.77502,3957.009,1233.4998,883.55939,1036.3805,769.15991,689.41266,3486.9131,315.7645,332.82529,324.83432,1880.7852,1564.2584,696.15405,1217.667,1421.9243,449.38693,1571.3254,74.368629,442.10782,2420.6321,708.15588,167.77925,2131.7803
1706.087,1871.0255,1253.2563,449.60562,3144.6711,368.47702,890.23792,341.79523,277.06122,225.40617,462.72186,3245.9036,562.32263,1113.702,483.34744,344.98981,836.79932,2686.2366,2076.2666,1852.5813,1408.7085,222.76993,706.71582,2403.7,440.87283,115.3607,2525.2058,276.62866,865.1925,150.8223,53.305775,363.64078,759.68182,4047.7573,1180.6926,869.63721,1072.8215,782.79156,689.91168,3502.344,323.29901,341.6362,329.21722,1909.6898,1640.9768,722.10394,1240.6044,1378.1729,464.23682,1580.3455,72.529289,448.79602,2525.3137,742.01984,176.48706,2202.125
1763.0233,1938.4858,1155.5481,473.87363,3057.0007,366.09021,921.90649,336.51688,276.41623,223.71138,469.88214,3311.0806,561.82465,1146.6339,481.52115,351.15564,856.25214,2695.0195,2117.9719,1901.4647,1445.0336,219.59456,715.96881,2342.1174,450.88229,117.05423,2457.5852,274.03595,855.09522,151.02122,51.500664,361.84244,755.88324,4086.6494,1205.6016,855.21783,1066.991,797.24963,711.86108,3662.6289,332.5459,341.42639,331.90674,1964.5088,1622.0464,726.59528,1239.6071,1420.1851,465.4328,1602.6572,73.473831,455.04245,2595.1016,728.57385,179.80429,2267.322
1757.0298,1956.8387,1128.6289,476.37024,2988.7576,354.95135,908.7113,334.82385,275.12631,225.40617,453.07571,3264.3125,565.31128,1138.6505,491.86984,338.22723,858.4574,2696.1841,2321.7712,1883.0087,1435.5791,217.00905,713.08331,2284.5078,445.46429,116.35691,2405.813,278.324,863.59827,148.33513,52.647556,361.55859,748.82922,4111.5796,1199.6237,858.69849,1060.4315,768.74683,693.40356,3641.7219,334.25821,346.77603,330.41263,1967.4987,1583.1891,708.13098,1217.667,1393.3329,459.65237,1608.3536,74.716614,457.56619,2507.3691,724.58991,180.27074,2309.3574
1816.9628,2022.811,1115.6674,490.35178,2924.9966,360.42133,928.06421,327.55365,295.9957,232.58411,445.61725,3324.0166,578.75903,1198.5266,506.17548,346.9787,864.5224,2792.5854,2330.3711,1928.4005,1464.4401,221.00084,722.73462,2302.3865,452.44336,116.55615,2423.7749,271.84207,887.51343,150.4243,54.512512,366.38568,740.14728,4163.4351,1179.6962,870.63153,1085.9402,780.72632,691.90692,3716.8855,345.56009,354.43323,329.71524,1949.5584,1578.2074,699.64734,1234.6206,1400.2943,463.9379,1631.1404,76.754776,460.27927,2556.4204,717.12,173.94725,2291.3428
1827.9506,1926.5811,1080.7717,496.54364,2942.6108,358.03442,938.62036,348.3681,282.86597,238.6653,441.64728,3435.9609,576.76679,1218.4856,517.43732,348.17218,881.06287,2838.6172,2278.7764,1968.804,1471.9042,228.16786,717.75964,2362.9758,457.03491,120.64059,2437.5103,281.41544,893.89063,157.4879,54.711967,357.39401,776.50336,4234.2388,1211.58,904.44269,1104.8896,797.24963,702.88177,3460.5317,355.49188,359.85266,343.66092,2009.3605,1614.0756,705.13678,1252.5717,1434.1085,484.26944,1655.8259,78.942101,469.74356,2621.2283,737.0398,169.0233,2257.8862
1860.9137,1884.9146,1075.7866,532.29633,3002.4094,354.5535,965.89069,352.84976,279.62512,240.06108,443.93497,3490.6902,571.78601,1283.3519,522.61169,353.14459,904.77112,2850.6807,2320.5627,1967.3077,1459.1824,229.75554,724.42584,2392.7739,457.21844,122.93187,2410.0388,275.73117,893.35931,158.7812,53.106316,349.72742,786.81342,4235.2368,1167.7404,929.30353,1093.9573,815.0119,719.34387,3426.6826,350.01227,357.01996,341.56906,1976.4694,1614.0756,708.63,1262.5442,1449.0262,487.65805,1690.9552,83.167595,466.2103,2649.1453,736.04382,174.46556,2190.9729
1865.908,1835.8075,1065.8163,590.71918,3029.8169,323.02658,949.17651,365.59735,293.58578,240.85863,448.26135,3544.4238,582.2456,1303.3107,544.22241,350.16113,920.20904,2932.9023,2367.4729,1989.4391,1479.0894,234.97209,733.28119,2339.1375,477.51279,128.51062,2460.7546,288.99426,900.79938,165.64584,49.934895,343.00736,797.12323,4161.4424,1160.7654,944.71735,1173.3987,839.38391,730.81726,3410.2561,360.28659,366.56711,340.67261,2120.9912,1615.0717,723.60083,1286.4788,1457.9769,535.198,1708.9945,84.310966,479.46027,2735.8884,708.65381,191.10355,2212.4194
1896.8732,1877.4741,1078.7775,587.72308,3059.2185,324.41904,942.1391,381.53189,294.92194,234.27887,447.21698,3477.2568,552.85925,1295.3273,536.61298,350.06162,920.7605,2886.8708,2315.5723,2007.3977,1489.043,229.98236,716.46619,2357.0166,469.70725,130.70227,2447.019,285.3045,878.479,172.31145,50.383682,352.56696,796.58069,4078.6719,1203.609,947.70074,1117.2795,953.39471,755.75983,3297.8398,371.58829,358.59375,361.39188,2146.9058,1640.9768,745.05957,1309.4158,1455.988,517.75659,1673.8652,83.614975,486.02206,2726.915,686.24377,189.96329,2222.7141
1858.916,1715.7684,1029.9235,572.24359,3225.1602,307.41235,950.93603,387.3082,269.07416,257.20825,455.22348,3471.6794,551.86316,1285.3475,549.09247,355.63089,918.0036,2939.4634,2299.6021,2026.8533,1516.9127,223.81317,696.2688,2275.5684,473.83966,128.21175,2348.7583,286.70056,864.73907,168.23251,48.498783,376.32379,817.74323,4348.9214,1172.722,1023.2783,1138.4152,909.60797,766.23572,3095.2095,375.69812,353.76767,374.0426,2086.1074,1676.8455,747.55481,1267.5309,1477.8678,503.80362,1615.8049,88.735283,469.2388,2745.8589,706.16376,190.17055,2159.2324
1898.8712,1678.8868,981.06952,585.72565,3288.4473,294.66486,957.09381,392.68597,268.29092,273.25888,457.4115,3510.4973,541.40363,1292.3333,547.26611,365.67517,926.82532,3006.3413,2265.6682,2070.2537,1531.3452,223.13283,699.06812,2283.5149,483.48175,128.90907,2430.1143,286.99982,881.21527,171.81403,48.558617,369.13046,830.22369,4353.9058,1179.6962,1063.0558,1139.8727,879.86621,779.20587,3071.8105,386.99985,359.53799,377.03091,2101.0574,1705.739,758.53363,1253.5686,1475.8787,506.29529,1617.7041,90.375771,481.47928,2775.77,705.66589,193.43596,2202.9836
1858.916,1626.7937,958.13794,577.23682,3271.5049,294.16739,929.82355,384.71878,258.0163,263.48895,444.68082,3493.5767,541.96674,1269.3806,532.96045,372.03998,898.15485,2944.9656,2276.6462,1992.4324,1512.434,215.875,678.17071,2244.7773,458.50403,120.54098,2412.1531,287.79752,866.86487,166.6407,46.888142,356.63681,847.58789,4158.4502,1133.8638,1005.3784,1113.6353,852.79761,739.29767,2938.3831,371.24588,345.89914,369.46039,2069.7842,1642.9694,746.05768,1204.8214,1500.7422,486.36237,1580.1936,85.454315,465.70551,2716.9441,702.17987,189.28949,2076.02
1841.9347,1629.2743,1009.9829,619.18152,3308.3809,301.13119,949.17651,395.07617,275.80102,285.91989,445.57593,3573.2019,583.80975,1289.3395,535.69989,377.31076,898.70612,2858.2998,2369.469,1982.4553,1562.2012,235.24612,684.73834,2294.4407,465.11588,126.41859,2551.6196,295.67554,913.10468,167.83456,48.558617,378.2167,860.0683,4355.9023,1139.1349,1116.7554,1163.9237,878.41425,760.74853,3067.3296,386.65738,358.48874,383.60538,2180.4519,1699.7614,752.04608,1249.7028,1525.6051,488.85406,1547.906,91.171165,489.30313,2783.7468,718.11578,197.53067,2106.9033
1844.9315,1584.1271,899.81213,609.19482,3334.7925,294.06793,914.86908,378.64371,263.86783,297.58402,444.28299,3509.999,570.36029,1253.4136,519.26367,380.39374,908.63055,2792.5854,2355.4956,1970.4824,1644.3175,233.20454,675.88196,2244.7773,443.07675,122.73261,2524.1489,287.39868,917.35693,168.03352,47.361862,376.89169,863.32416,4308.0352,1116.2124,1123.7164,1139.1439,856.10284,760.74853,2907.5164,384.60248,357.33472,376.33359,2148.5474,1788.4358,718.61078,1225.7661,1523.616,494.79819,1517.5176,89.630089,458.07098,2767.7932,739.52978,200.32956,2101.7554
1922.8442,1593.5532,913.27185,604.20111,3309.8757,309.48758,943.01892,377.46228,267.87634,317.0242,451.64291,3579.6719,591.78003,1263.3932,539.44898,373.53171,927.92804,2767.3997,2240.7144,1943.0453,1676.1688,235.0193,696.48108,2261.6636,449.96393,127.5144,2588.6001,315.02167,931.70697,166.6407,52.767235,393.07663,876.34735,4395.792,1140.1316,1073.9948,1174.1274,925.51672,773.71863,2946.8474,387.68478,357.54468,381.31421,2280.1526,1801.3879,742.67047,1233.7449,1541.5175,545.23492,1550.28,95.351532,463.05545,2758.8203,729.56988,204.42438,2211.5615
1931.8339,1622.8247,980.07233,586.22516,3328.3137,314.76013,943.01892,373.47742,272.8523,315.22971,468.74982,3611.5222,595.76514,1288.3416,553.14825,374.14111,944.46857,2743.2734,2437.3386,1969.4849,1640.3362,242.50548,710.41254,2342.1174,453.29385,123.13108,2714.3328,328.7833,937.55365,177.84135,53.904144,392.60342,895.33935,4412.7441,1167.0399,1092.8889,1215.6698,954.4389,740.79443,3009.5776,390.46506,355.23654,389.38281,2376.8628,1808.3623,747.16242,1251.6975,1558.4246,571.15118,1573.5461,93.114403,464.1908,2783.7468,737.53802,200.8998,2278.4751
1985.7738,1578.6696,910.28088,590.71918,3331.3032,321.72388,944.77814,378.25931,289.72562,322.3078,463.18021,3707.5703,623.16223,1285.3475,561.06348,375.53381,938.95496,2723.9377,2512.196,2015.3796,1662.2338,248.40363,741.1615,2306.3594,465.69409,130.14592,2716.4448,328.5838,977.9469,181.02602,58.780956,397.71451,893.16882,4554.3511,1201.9219,1095.8721,1129.6693,966.83447,749.94324,3024.0156,400.05542,367.82596,380.71658,2433.6919,1820.3187,764.63123,1299.5715,1568.37,583.61072,1503.2731,93.959549,474.03635,2765.8,735.54578,201.46985,2316.2205
1883.8879,1557.8324,932.69501,635.16034,3371.668,338.53632,999.31848,408.44424,301.15253,345.23724,467.46469,3744.8955,646.57422,1320.4768,575.98047,384.88486,983.61462,2857.6057,2662.9075,2023.3613,1704.7217,249.76474,754.89404,2280.5347,483.60535,129.84697,2785.1226,329.74548,1052.356,185.50438,62.670444,426.86618,899.13776,4680.002,1197.9354,1264.927,1165.3817,985.84058,754.93298,2887.1033,403.48062,381.35986,376.73209,2525.4163,2042.5032,775.61151,1339.4659,1593.2329,627.96722,1541.2583,100.91951,480.66309,2836.8223,761.93982,204.94266,2400.2908
1929.8363,1544.4373,958.63098,632.66357,3416.5173,327.1954,1025.7089,412.52875,292.12158,324.00269,473.88071,3688.6589,629.13983,1305.5051,605.8147,387.67029,978.10107,2772.0923,2570.0854,2014.8806,1741.5537,236.38043,722.45355,2390.7869,479.0127,129.64763,2742.8591,326.15479,1021.5296,179.13515,59.917889,449.58194,907.2771,4567.3135,1218.8643,1213.2159,1112.9064,945.34906,749.44434,2854.7424,407.5907,380.03522,376.6477,2424.7185,2063.426,781.10181,1351.4344,1597.2109,582.11566,1460.0645,97.091537,479.65335,2853.7729,783.85193,201.67723,2432.3718
1809.9706,1514.6694,943.16913,630.16687,3376.6514,332.06992,1020.4309,403.56284,295.30078,318.81857,470.94626,3606.0476,606.72388,1281.551,585.72229,378.02078,955.49554,2699.8086,2495.7578,1946.5374,1705.717,232.75079,722.41608,2355.03,466.61252,130.64418,2705.8784,344.7067,992.29718,178.13992,61.942406,445.70142,851.38629,4606.2065,1224.8438,1213.2159,1122.7166,923.03766,738.96613,2844.7844,412.72842,383.07809,372.96091,2360.9102,2044.4955,770.12146,1375.3715,1545.4956,585.60425,1459.5901,98.582924,461.28769,2767.0234,752.97583,198.98195,2473.5549
1841.9347,1451.6613,919.72717,620.17999,3290.4412,332.96527,986.12311,400.375,283.64358,315.12997,458.56223,3510.9949,589.28931,1250.61,579.02478,360.81088,937.30102,2701.9248,2610.563,1952.0249,1654.9487,227.30638,704.60193,2330.198,460.64218,128.95006,2856.9692,345.80389,989.63977,177.14478,62.151844,428.28677,811.23157,4588.2549,1175.0129,1198.2996,1073.8712,923.86395,734.9743,2795.9946,402.11047,365.13614,359.40967,2219.3357,2062.4302,757.14453,1305.5555,1507.7039,551.71393,1399.288,95.003532,437.17883,2679.2769,746.00391,198.87837,2459.8271
1780.1033,1414.9484,901.77154,611.19214,3228.6492,332.36844,978.20612,385.53156,274.33627,309.04877,451.40027,3452.7686,593.27429,1256.5988,573.54511,370.55987,925.72253,2643.8225,2495.7578,1879.1915,1666.8943,230.02858,676.83563,2334.1707,437.40338,136.32434,2750.2554,351.18991,958.81317,170.07883,61.134598,424.49991,809.87384,4540.3882,1178.0031,1197.3051,1057.8325,884.19898,735.97217,2774.0889,400.39798,338.42694,368.47699,2162.5061,1753.5638,751.15521,1295.582,1506.7089,554.20581,1375.5471,94.307541,424.74561,2617.4546,726.58197,186.64606,2504.4424
1701.1876,1341.522,836.43292,642.65039,3101.0774,323.41504,957.09381,385.53156,259.49976,291.70209,443.49222,3338.3064,569.36407,1256.5988,574.45844,354.94165,903.6684,2602.2302,2559.6489,1839.2831,1580.7874,220.95448,658.42444,2279.542,440.52637,136.92224,2669.3213,331.6405,927.45508,164.60527,60.835407,395.90958,790.87555,4454.6274,1156.0773,1100.8446,1042.5226,859.40832,719.50641,2662.5674,395.60278,332.59775,356.71927,2091.7185,1608.0977,733.68652,1257.6821,1480.8516,511.34473,1332.8136,88.739563,417.42456,2545.6611,646.40381,182.40776,2539.6189
1733.1532,1256.1885,793.04034,644.64795,3104.5664,337.83987,970.28894,381.54675,256.59695,308.64993,452.84259,3351.7434,564.38287,1277.5585,588.15772,358.32394,926.27405,2715.1543,2565.6387,1875.6998,1640.5148,221.09052,678.72656,2264.6426,450.17093,139.61285,2777.1094,342.1134,939.7583,170.57643,62.989574,407.74335,809.87384,4545.3745,1167.0399,1174.433,1085.5356,888.33081,745.45264,2671.5288,388.40997,339.48331,354.0289,2176.4644,1658.3423,733.68652,1304.5585,1514.6656,538.25751,1355.13,95.2024,418.3082,2654.3481,681.47852,194.85522,2621.9849
1814.0673,1207.5676,782.5661,681.09961,3202.7363,347.48966,996.67944,406.45187,268.62289,329.68518,451.59921,3463.7168,589.28931,1370.3812,619.81836,372.84787,962.20508,2771.0339,2589.5986,1957.0132,1704.2238,232.97771,709.08026,2266.6294,467.9903,148.98016,2917.6553,365.85193,998.22742,181.12549,64.455605,438.03778,813.1308,4727.6445,1204.9115,1249.0159,1086.9938,909.81586,782.37592,2624.7302,408.61826,356.84659,371.16736,2253.2339,1729.1008,754.64899,1342.4581,1570.3588,555.70111,1395.9642,102.21207,430.61508,2722.1526,699.91016,198.90071,2664.8838
1877.0001,1284.4674,830.44788,699.07581,3256.0564,358.63153,1032.0518,421.79336,282.12311,349.92288,461.69547,3459.7358,612.27301,1375.3718,625.2981,368.27182,988.67255,2851.0444,2594.5896,1994.9264,1741.0559,240.91745,719.6294,2234.8455,464.31625,157.35098,2993.7405,377.52167,1023.7412,185.30533,67.547264,441.25653,825.61529,4753.5767,1242.783,1285.8101,1122.7166,923.86395,798.8418,2787.033,412.04334,366.12705,381.43054,2418.7371,1726.1111,775.11255,1367.3925,1588.26,595.07361,1452.4675,104.7972,441.21796,2786.9658,703.3974,201.02714,2741.2444
1885.9904,1368.3127,843.91449,726.53967,3269.0129,370.37048,1061.0867,428.36841,294.88611,347.92902,467.31552,3454.2612,615.7605,1382.3583,638.69305,380.30881,988.67255,2797.2808,2692.4233,2041.3201,1707.2103,245.45458,733.96027,2165.3167,462.47925,158.64647,2918.7122,390.88702,1029.5881,190.18178,69.063133,458.29715,840.81403,4848.3291,1258.7289,1248.0216,1144.5875,956.91815,812.81268,2905.0264,409.64575,354.85077,394.384,2500.4915,1762.9854,788.58832,1392.3268,1623.0687,595.57202,1448.6692,107.08404,467.28339,2746.0833,724.81824,201.07899,2745.5342
1884.9918,1380.2197,856.38367,699.07581,3244.0967,366.98804,1039.0905,437.43381,295.02435,329.98422,468.50931,3402.5044,594.33838,1371.3799,622.25372,378.61771,964.41058,2647.2095,2688.4304,1965.9927,1656.4415,236.15358,727.69049,2158.7007,453.56943,156.15514,2936.6765,385.7005,991.84906,187.79332,68.185516,444.7594,825.61529,4838.355,1324.5059,1212.2214,1191.9751,945.34906,835.76508,2907.5164,411.0159,350.36032,390.59763,2486.533,1753.0192,776.60974,1350.437,1597.2109,589.09283,1426.3524,104.49891,458.38452,2612.4685,713.8587,199.73055,2694.9138
1956.9152,1445.708,898.77893,714.05597,3321.3374,374.34967,1039.0905,450.38449,263.04758,345.03793,452.99173,3529.4082,595.3346,1376.3699,635.0398,388.06824,993.63507,2766.5898,2662.4746,2070.2537,1704.7217,242.95917,751.0777,2208.3718,497.38324,165.42281,3049.748,403.25497,1008.8584,194.95872,73.531059,462.74661,850.58478,5006.915,1331.4822,1252.9937,1255.4015,984.18781,841.75262,3023.02,407.24814,351.65762,392.09222,2506.4739,1780.9241,798.57056,1316.5265,1566.3806,632.45258,1466.712,110.16632,468.60877,2687.2529,722.32733,206.78415,2805.5928
1944.9277,1530.5455,939.67779,674.10889,3224.1638,399.9165,1056.6873,438.23084,264.56808,336.9628,440.90591,3448.7874,581.88367,1358.4043,619.20953,389.36148,971.57892,2780.8767,2649.4966,2108.1667,1655.4464,232.97771,706.39337,2126.9109,488.65729,165.92108,2945.1301,387.79504,975.90289,195.8544,74.907326,451.00754,833.75763,4921.1396,1335.4689,1225.1493,1270.7113,978.40332,824.78784,3153.9575,405.53558,358.04404,393.58691,2402.7844,1774.9443,784.59546,1300.5686,1568.9351,634.44641,1507.0718,111.85661,473.34213,2588.5374,711.36792,204.03526,2712.9307
1887.9885,1535.5067,934.19153,633.16296,3188.7827,400.01602,1004.7767,435.74033,265.45297,311.93973,439.41992,3382.1011,572.91614,1330.4575,597.29059,381.00519,945.11151,2812.6272,2607.5679,2006.4003,1647.6578,226.67114,705.69641,2190.4907,472.12378,159.44368,2933.5059,384.80277,961.01971,198.83997,76.19384,429.13876,799.01764,4819.4063,1309.5563,1181.3943,1249.569,990.79864,802.3977,3091.2268,383.95727,352.25629,382.22769,2379.8535,1704.1859,778.10712,1306.553,1538.0934,618.4978,1473.8346,107.68062,464.88501,2565.8257,683.96918,199.47118,2652.8723
1884.9918,1512.8845,912.74426,676.66498,3236.2034,399.41904,1022.3737,446.00131,264.34708,313.83398,440.66342,3315.4141,568.93054,1351.4176,602.1615,387.96866,964.41058,2934.3347,2595.5874,2000.6925,1665.5779,223.3591,691.36566,2139.8254,475.85492,164.92454,3015.9319,392.38312,958.89355,197.34715,74.588188,446.46335,806.07434,4903.1865,1325.6597,1126.6997,1250.298,943.69635,807.38776,3056.3875,389.78009,354.4516,396.77542,2397.9578,1712.1586,784.59546,1316.5265,1547.0474,610.52368,1417.4883,105.49319,470.18649,2541.8928,687.95453,198.90071,2706.925
1843.0366,1467.2351,852.89239,644.20502,3167.9216,384.79523,1001.2574,433.44898,261.12167,302.56867,443.89667,3240.198,555.97784,1358.4043,580.59759,383.89008,944.00848,2848.8218,2554.658,1969.759,1638.2001,219.40279,672.81457,2117.9702,467.12793,164.02766,3002.1938,384.00485,938.69531,185.90248,72.35424,446.55804,806.07434,4881.2446,1266.8522,1092.8889,1229.8849,890.901,789.92261,2901.0281,380.87473,343.375,383.22412,2306.2273,1682.2607,748.65979,1278.6265,1555.0066,591.5849,1368.5769,98.83358,462.67612,2452.1438,675.99872,213.94144,2642.5764
1849.03,1568.9542,896.78381,653.19397,3107.6133,388.97342,1020.6138,446.00131,273.70084,313.53485,443.25012,3274.5408,547.50861,1358.4043,602.51843,393.73852,940.70013,2881.7363,2535.6895,1978.2406,1643.6757,221.4902,704.96246,2246.1213,485.04135,173.89327,3135.3435,405.34961,939.7583,189.80716,75.20652,472.11887,805.53125,5036.8354,1286.7871,1153.5497,1292.5824,926.43793,805.39179,3084.2725,391.15006,345.07141,392.09222,2402.9424,1698.2062,767.62592,1339.4659,1557.9912,611.08637,1398.0189,102.91023,463.24408,2450.1482,677.99121,218.60922,2717.2209
1807.0745,1556.5493,847.40601,651.69592,3164.4324,408.67093,1058.4471,441.91681,277.93991,329.88458,440.21591,3290.9653,580.38904,1349.4214,610.73877,394.13638,931.32629,2884.2639,2510.7319,1996.7012,1614.8046,227.57088,698.69202,2276.9177,500.65808,182.76231,3089.9033,398.96609,980.15515,196.9735,76.403282,484.23669,804.98852,5171.4844,1278.8131,1155.5386,1268.5242,964.4541,809.38373,3130.0835,385.32736,349.96112,395.77905,2467.7529,1727.1077,779.10523,1359.4136,1543.0677,618.06439,1434.1089,105.39598,469.55536,2460.1218,677.99121,219.90581,2691.4814
1847.0321,1578.8779,849.40088,653.19397,3246.6707,407.67602,1057.5669,446.30002,272.80075,325.19894,439.76813,3340.241,586.36725,1349.4214,613.17444,400.10513,943.45721,2937.927,2462.8132,2029.6301,1570.0039,231.20105,685.95245,2287.8455,494.68707,179.6731,3041.2939,397.66946,990.86883,199.66083,76.044258,476.66299,823.44415,5101.6655,1296.7546,1120.7333,1211.6592,979.32971,843.31604,3089.7495,378.81958,345.96963,394.98184,2623.2961,1813.8116,774.61334,1389.3346,1566.9451,623.54718,1458.327,101.41877,474.91989,2577.7927,701.40472,216.27533,2602.2515
1879.9971,1528.2665,828.00586,618.73651,3190.8477,401.30926,1056.6873,464.92914,265.16895,301.17294,438.82297,3280.0159,583.87628,1346.427,605.56293,365.08847,936.84033,2931.3645,2520.7156,1972.7527,1561.5419,230.74727,674.50671,2274.9312,485.50058,175.18872,2972.6055,386.49838,985.02142,197.86923,74.029701,469.8468,802.27448,5156.5234,1253.8948,1055.1002,1218.9492,957.01611,837.82709,3054.3955,385.32736,329.20502,393.28796,2583.4131,1764.9783,774.11432,1397.3135,1460.4923,618.06439,1419.863,96.447266,457.69025,2450.1482,686.95813,225.29977,2599.6775
1880.9961,1479.64,819.52631,605.25311,3171.9082,412.65018,1060.2067,452.07809,270.70581,310.44443,435.98767,3183.4575,575.90527,1322.473,612.56549,364.13892,933.5318,2934.645,2525.7075,1944.3138,1549.0972,227.11708,674.10846,2200.4243,480.90741,177.87936,2978.9463,368.0462,978.64246,194.58469,74.707878,467.66937,807.15979,5076.7329,1234.957,1071.0114,1202.9106,976.02429,833.336,2997.6294,381.90219,328.30685,388.4054,2551.5068,1760.9921,759.64014,1350.437,1454.5229,618.06439,1372.3759,99.529594,456.30185,2359.4021,693.4342,229.76018,2541.335
1908.9661,1500.4799,856.93622,629.72296,3166.4258,424.38904,1035.571,434.64444,277.33997,330.7818,437.38052,3218.2974,588.92664,1331.4558,611.95654,361.45261,942.9057,2715.4414,2519.7166,1968.7611,1547.6036,230.06659,686.35046,2195.4568,475.85492,183.26057,2981.0593,369.24316,1004.6899,194.9828,75.814873,452.23822,812.04511,5026.8628,1287.7839,1190.344,1209.4718,973.5448,836.82904,3066.844,383.61475,322.2197,387.11008,2636.2578,1779.9277,770.12146,1375.3715,1443.5793,618.06439,1412.7397,108.37888,451.75778,2369.374,697.41956,227.99678,2754.114
2059.8052,1520.3274,896.84003,667.67609,3139.5112,439.4696,1061.9663,443.21185,277.19031,345.43671,445.14032,3306.8933,605.867,1354.4117,585.16443,360.85565,977.64435,2782.2292,2647.4998,1985.2258,1571.4974,238.68845,675.80054,2264.0032,498.36157,194.42163,3141.6838,384.23755,1040.3062,206.32947,76.293587,468.71069,825.61529,5146.5493,1331.6404,1223.1605,1148.962,1044.6184,851.79901,3206.7664,374.02438,328.60623,393.58691,2608.3398,1821.7848,786.66028,1398.311,1443.5793,662.42554,1415.5891,112.55495,466.01785,2459.1223,707.38263,236.19136,2875.0889
2130.73,1496.5103,873.39667,664.18048,3238.1978,436.38522,1098.0397,449.98602,267.26395,333.17447,448.82126,3399.4705,625.79694,1354.4117,588.51349,354.28918,1000.252,2847.0063,2773.2852,2013.1655,1597.382,243.45311,676.79578,2325.5947,505.71069,191.13312,3125.8328,369.17523,1053.5953,211.90321,80.153145,450.43948,848.95624,5191.4331,1359.5491,1236.0883,1181.0394,1049.5771,864.77319,3209.2561,401.08295,331.20068,395.38037,2680.1289,1874.6042,796.64325,1411.2766,1432.6355,668.4068,1448.8302,110.56634,467.28021,2486.0486,715.85132,235.20593,2893.1067
2248.6042,1448.8759,834.98914,667.67609,3281.5596,445.53876,1113.8768,454.05045,255.69144,337.9845,482.24768,3419.8765,609.35455,1375.3718,600.08276,352.99579,985.36401,2678.1838,2803.2351,1975.2471,1642.1824,239.36914,684.12207,2289.8318,512.14124,190.33591,3164.9319,378.55182,1037.6482,215.18776,77.510277,468.33206,847.32776,5460.7285,1293.7643,1265.9213,1135.1105,1061.9734,865.77118,3170.915,391.58847,336.38983,392.49081,2609.3376,1854.6722,803.13226,1419.5482,1405.7737,675.88342,1429.8352,110.56634,458.75891,2500.009,699.41211,241.17029,2956.5972
2257.5947,1481.1284,834.49042,679.16199,3267.6038,437.77808,1141.1517,455.34582,254.69385,320.43723,475.18426,3410.4204,612.84235,1411.3031,593.68921,348.22028,1000.252,2494.0149,2846.1624,1993.7076,1640.6892,235.05817,692.18475,2358.3782,518.1123,189.84853,3191.3501,379.05051,1036.5847,209.61403,74.957207,473.34958,840.2713,5490.6509,1298.748,1190.344,1144.8101,1042.1393,882.7373,3305.3591,414.54254,343.77411,393.58691,2430.8606,1763.9819,800.13721,1432.5168,1387.8655,653.45361,1408.941,105.39598,462.10437,2457.1294,681.47852,237.28052,2936.0056
2331.5159,1419.1046,810.04913,672.17065,3295.5151,432.60443,1156.9891,447.37463,248.86774,312.26184,485.63821,3371.5974,615.33362,1388.4481,598.56055,341.55438,989.77533,2591.498,2844.1655,2007.6776,1607.835,236.41952,683.82361,2410.0359,518.1123,185.86223,3183.9539,387.23007,1039.2428,211.90321,75.176613,471.92947,840.2713,5480.6763,1333.6335,1152.5553,1152.1021,1044.6184,886.23035,3240.1289,419.33881,347.96533,407.53677,2479.7175,1823.778,805.62793,1427.5289,1391.8452,631.02387,1382.8231,104.40166,447.52353,2458.3484,689.94714,239.97745,2917.3142
2288.5618,1369.4856,787.60327,652.69464,3435.5696,427.23169,1165.7874,429.24057,256.35034,338.58276,490.96121,3256.1255,603.37579,1381.4608,595.21161,341.85275,1003.5605,2576.1499,2889.3547,1971.7548,1634.4073,230.97417,683.12677,2354.4041,505.25131,182.47383,3453.4219,383.04056,1010.5375,211.00748,74.418648,469.62128,846.78497,5405.8721,1334.6306,1214.2104,1155.0184,1045.4448,880.74145,3180.8738,424.13522,344.97165,403.15256,2433.8521,1805.839,803.63135,1357.6987,1362.9933,628.03326,1376.6495,111.36179,447.58661,2456.3521,663.54492,237.59174,2988.5303
2290.5593,1338.7218,792.09228,694.64288,3502.3567,427.13226,1152.5898,425.85291,271.06576,328.2139,479.56891,3246.1697,608.85645,1385.4535,607.08527,336.57971,1015.6913,2547.6777,2889.3547,1941.8191,1611.5068,231.65486,678.74713,2308.7075,512.14124,189.35022,3349.8608,374.96078,1013.1953,212.89857,77.191139,461.09988,841.35681,5481.0371,1345.5945,1153.5497,1165.9562,1080.1552,882.23828,3248.0962,423.10745,347.66592,405.99188,2458.7791,1759.9952,814.11352,1370.6671,1320.2134,638.00201,1375.7,105.7937,439.25473,2462.3367,656.07245,235.32074,3060.6052
2264.5872,1314.9047,767.15247,689.64899,3477.9346,417.28213,1120.9156,414.29486,265.02994,336.88788,475.0419,3180.4709,598.89136,1359.5011,602.82294,327.72498,1011.2802,2521.3228,2863.3965,1918.3699,1598.0654,228.2515,656.25159,2273.9373,498.36157,181.87589,3307.7666,362.6915,999.90576,206.32947,78.028885,445.66681,814.75915,5431.1636,1285.7905,1176.422,1163.0397,1038.007,861.77918,3291.4167,409.4035,371.31601,387.55576,2436.8442,1657.3457,844.56165,1367.6742,1295.3413,635.01123,1264.1053,107.88173,420.25552,2458.3484,643.12036,239.52292,2996.2532
2241.8335,1259.8278,759.17163,728.1015,3507.3411,415.19275,1107.7179,432.42908,250.86308,327.9148,463.35113,3110.2913,595.90222,1348.5217,605.25855,321.55655,1005.2147,2494.0149,2865.3931,1879.4536,1563.7144,222.17085,643.51074,2221.2856,491.4718,181.97559,3339.47,362.99075,987.2276,206.0309,75.186592,433.64221,821.42871,5451.1143,1276.8197,1129.6832,1173.2478,1048.7507,855.29199,3166.9309,412.14426,374.70883,387.7551,2402.9424,1662.6427,835.07788,1363.6841,1324.1929,648.46918,1232.7639,105.29655,409.27264,2378.5627,654.57806,235.1651,3002.259
2422.6594,1251.3923,794.58637,772.54663,3577.1191,437.08173,1152.6526,420.57205,259.09381,336.88788,475.19104,3161.0593,617.32666,1399.428,616.82794,338.76852,1033.8879,2630.9778,2884.3633,1947.3075,1566.2035,226.39099,648.9856,2287.8455,502.95477,186.55981,3394.4233,384.03805,1009.024,216.97934,77.101387,421.33365,854.54645,5361.3413,1304.7285,1187.3607,1197.3108,1084.2876,871.7594,3299.8826,425.84824,396.16363,368.82077,2495.6707,1655.665,853.04712,1448.478,1348.0703,704.79291,1252.7084,108.47829,419.37183,2420.4504,649.59637,243.51747,3133.5388
2492.5918,1299.5226,828.50464,772.04718,3593.5664,446.13571,1173.7699,438.40729,269.07056,337.68539,486.23508,3237.7095,623.30554,1438.3563,627.1795,345.73291,1058.1498,2703.375,2910.321,1989.2173,1596.5717,226.8902,659.33728,2327.582,520.40887,192.63892,3431.4111,384.13776,1015.4036,222.15505,78.627266,426.25696,858.3468,5456.1001,1340.6108,1212.2214,1182.7274,1107.4279,894.21423,3365.1125,435.44086,405.34418,377.09198,2573.4424,1703.5109,864.02838,1486.3856,1366.9729,720.24451,1291.173,109.0749,429.21863,2466.3257,666.65363,246.88966,3200.4653
2521.5635,1287.1177,819.02741,775.54297,3574.1294,440.763,1208.9653,430.63556,272.21314,359.61951,485.43918,3185.4475,619.81781,1444.3452,632.65955,343.14612,1064.7667,2703.375,2970.2246,1982.2321,1597.5674,226.43639,653.36499,2323.6086,515.35651,194.13384,3454.6606,389.4245,1019.6565,221.55783,79.544769,420.38675,858.3468,6069.5386,1313.6989,1251.9991,1199.4985,1106.6016,897.70734,3356.1499,435.44086,399.8558,372.70734,2628.2815,1704.5076,857.53955,1459.451,1344.0911,717.7522,1271.7034,113.54925,417.22577,2438.4014,672.63263,244.55513,3212.4775
2588.499,1239.9797,780.12122,810.99921,3640.4177,467.52722,1223.9235,432.42908,282.93799,377.76502,494.4932,3070.4734,636.25989,1419.3912,635.09522,328.81943,1050.9813,2561.967,2893.3484,1973.7507,1591.0958,230.5204,672.47626,2202.4111,508.92596,198.81776,3497.9897,388.32727,1050.4904,227.23111,82.815933,443.86789,848.57434,6144.3472,1316.6892,1346.4709,1248.3536,1137.1799,905.69141,3127.0952,424.47772,400.05539,344.80411,2621.3018,1666.6299,879.00293,1486.3856,1357.024,744.16943,1221.8417,119.31621,406.24277,2381.5559,657.18683,243.46567,3329.1699
2645.4443,1380.4019,844.46619,806.00543,3862.7104,473.99429,1229.2025,442.79138,287.92633,389.72903,488.57324,3061.0164,661.74194,1415.3986,643.62,319.76559,1063.6638,2644.1023,2825.4578,1927.3502,1637.8928,235.05817,674.56659,2195.4568,497.44293,202.5051,3585.7031,387.32977,1095.1471,229.22177,83.294632,460.62646,855.63238,6129.3853,1275.823,1332.5486,1211.1654,1127.2623,923.65564,3369.0967,428.24643,409.93448,367.32599,2555.4949,1639.7164,877.00641,1519.3054,1313.249,766.59918,1263.1555,118.02361,417.98321,2417.4587,685.58691,249.01666,3390.0901
2741.3513,1329.7905,805.06116,769.07257,3878.6602,454.29431,1233.6021,428.44354,271.6145,367.89465,484.19543,3059.5232,662.24011,1416.3966,624.74377,320.16367,1032.785,2630.9778,2752.5747,1942.3182,1617.481,236.87331,642.91345,2247.9258,485.9599,193.43622,3483.1943,372.7663,1116.4125,217.0789,81.140472,453.80951,857.80383,6264.5483,1167.1787,1256.9717,1190.7482,1042.9657,902.19843,3130.0835,401.52383,418.61621,360.84842,2506.6389,1672.6105,881.49872,1466.4342,1308.2749,761.11633,1243.6858,110.96407,412.36557,2458.3484,698.04321,241.28679,3281.1201
2712.3792,1425.0586,848.4566,788.54919,3846.2625,442.75287,1223.0435,427.54678,271.86389,377.46588,475.58908,2902.7393,654.26746,1385.4535,598.86505,309.61755,1004.2762,2644.1023,2760.5613,1796.6318,1557.2426,238.46161,624.10095,2209.1682,474.93637,195.82802,3414.5029,368.67654,1094.0842,214.29204,83.075249,445.85614,856.71808,6234.6216,1108.3711,1305.6991,1190.0192,1014.8669,885.23242,3230.1702,406.66275,407.43967,343.70789,2459.7761,1721.4531,874.51068,1434.5118,1300.5681,767.59613,1177.6791,111.56063,404.41242,2332.6868,713.48883,235.06136,3218.4836
2844.2515,1468.7235,891.85211,812.02069,3847.7581,453.99585,1202.8059,427.54678,271.06576,401.59338,479.27029,2911.6982,665.72833,1385.4535,606.17194,312.60233,983.87073,2623.3564,2792.5105,1814.0944,1605.5328,242.09175,624.89716,2200.2231,481.36679,201.30919,3360.6064,361.89352,1099.4008,220.16437,81.579269,447.37106,859.97546,6289.4868,1090.4299,1377.2987,1214.082,1054.5358,885.23242,3392.998,403.23676,415.12357,349.88648,2516.6089,1757.3374,913.44434,1399.5969,1350.3221,768.59296,1177.6791,117.92417,405.10666,2356.6226,730.42914,230.34042,3376.3618
2809.2849,1507.9227,936.24512,830.9978,4042.1396,457.27918,1245.0406,430.33658,252.40948,407.57544,483.94669,3033.1433,662.24011,1450.3347,639.35773,316.58197,1007.5851,2749.417,2780.5298,1834.55,1657.3081,246.62964,635.05029,2285.6885,487.33789,205.49484,3490.592,380.24753,1110.0327,237.78151,80.232925,463.94034,882.23499,6379.2642,1115.3484,1377.2987,1264.3958,1085.1143,907.18842,3501.5503,351.16196,415.12357,344.0069,2561.4775,1766.3084,939.40008,1373.6599,1382.1647,790.02594,1225.6407,120.60879,409.84067,2342.884,750.35895,226.60515,3498.2024
2990.1111,1548.6102,952.70544,848.9762,4014.7266,466.63165,1267.9178,409.81119,257.39774,430.80557,499.22748,3140.6526,698.61609,1480.2795,660.66956,319.16867,1019.1666,2731.8474,3173.8975,1890.4301,1673.7367,264.55392,651.17517,2358.2346,490.55316,203.50168,3461.0015,391.51932,1162.1318,238.57776,80.572014,474.35532,905.03723,6498.9697,1109.3679,1455.8595,1332.2092,1110.7338,909.68347,3586.2007,340.88406,422.58142,348.88989,2614.3223,1803.1899,949.38287,1369.6694,1417.9877,793.01654,1249.8591,128.96091,423.09592,2432.6504,773.77655,245.38518,3566.8455
2995.1057,1519.335,898.33649,874.94482,4072.2102,471.20841,1294.3143,409.4126,251.54526,438.68192,501.91412,3235.2205,694.6297,1570.1145,694.15973,317.3779,1041.7778,2785.6165,3157.9233,1874.4644,1664.5044,260.69669,626.78857,2421.8359,479.98883,201.2095,3447.2629,393.01556,1154.6893,239.27444,82.307304,476.72232,906.12323,6718.4292,1009.6942,1437.9592,1368.668,1119.8243,913.67554,3418.3931,342.25452,430.86536,341.41583,2705.0559,1844.058,949.8822,1364.6816,1396.0957,872.26825,1201.4222,124.2877,415.58453,2434.6445,776.76605,247.79044,3849.9963
2966.1338,1451.3571,874.89301,937.86896,3973.4956,505.93225,1261.7585,403.73325,247.80351,446.95712,477.68411,3275.0393,687.15527,1571.1122,688.6795,322.94943,1042.881,2688.0278,3164.9116,1837.7345,1646.58,260.46982,616.73511,2460.5942,468.04645,199.81432,3426.1277,400.09778,1146.1832,236.08948,81.130493,462.42545,892.55042,6533.8838,1050.5607,1385.254,1368.668,1128.089,926.6496,3186.8489,351.50464,418.5892,337.82819,2682.123,1866.9843,922.92816,1358.6964,1417.9877,866.28711,1201.4222,120.11163,407.44214,2414.6965,784.23981,237.49072,3741.884
2833.2625,1412.1576,827.50714,898.91596,3901.7029,504.43982,1213.3647,386.69516,230.64133,410.96527,474.89795,3209.3394,660.74524,1562.1291,675.28345,328.81943,1005.9306,2549.9001,3205.8459,1817.2766,1622.6803,247.99091,595.33453,2400.9668,447.65265,193.83489,3239.075,400.69632,1099.4008,226.73347,78.168503,436.76666,895.26508,6568.7974,1002.7172,1305.6991,1398.5642,1112.3866,911.18048,3128.2024,353.9028,402.32068,312.51605,2576.4331,1807.177,927.42035,1328.7689,1415.9971,822.42432,1130.6664,115.14012,383.39331,2364.8276,783.74145,221.07086,3632.9131
2755.3379,1428.5323,804.56232,922.88696,3917.6572,477.87457,1221.2837,409.51224,235.38089,402.19165,466.43988,3225.2129,657.75543,1573.1088,674.67456,336.1817,1000.9673,2692.3672,3229.8076,1796.3197,1610.2327,248.71857,603.00977,2425.8115,468.04645,195.32973,3325.7319,412.06787,1098.4154,205.03552,77.161247,435.25177,893.09326,6683.5151,1007.7008,1325.5879,1417.5227,1105.775,913.17664,3194.4417,370.00488,423.5795,308.43018,2621.3018,1881.936,920.43243,1319.7906,1502.5691,855.32135,1140.4736,114.74241,367.23438,2413.7,801.67841,226.09634,3602.0244
2827.2678,1497.8267,839.47827,949.85449,3926.1331,467.82568,1136.8146,405.92529,230.59146,407.87454,481.76395,3325.7832,656.82458,1597.0648,671.02106,326.92899,1015.3061,2783.394,3245.7817,1864.6792,1611.2286,252.57642,608.28625,2416.8674,468.96509,188.7523,3434.5815,417.05539,1099.4791,204.04019,74.139397,429.57092,901.237,6683.5151,1035.6094,1356.4153,1434.2939,1058.2551,912.17859,3266.6575,368.97705,419.18799,316.00394,2570.4512,1823.1255,919.93317,1267.9169,1503.5641,841.36523,1196.5239,116.035,375.94501,2550.3425,793.70648,218.03571,3623.4758
2796.2983,1553.4117,860.92664,981.81604,3911.6748,495.68433,1244.1605,409.21341,247.60393,408.67218,487.63486,3332.2546,669.78168,1616.03,671.63,326.82959,1010.3427,2753.7568,3370.5811,1854.2009,1570.3999,256.66125,609.7796,2436.7429,479.07016,195.92769,3450.4333,437.50415,1098.4154,216.68079,77.250977,437.33481,890.92157,6678.5269,1029.629,1338.5154,1386.1681,1109.3206,922.65747,3367.2622,371.03259,409.3071,309.92505,2692.5273,1823.1255,918.43585,1249.0867,1467.7411,841.86352,1200.7987,117.32761,362.81601,2531.3926,790.71698,218.73228,3690.4021
2642.4465,1525.619,823.01776,878.94025,3769.5859,496.77414,1227.4427,397.1572,235.53061,385.14282,473.10681,3378.0588,652.83771,1595.0685,662.49634,333.19702,1002.0701,2811.8652,3191.8687,1868.6711,1545.5049,255.29956,614.85706,2431.7744,460.23801,182.37419,3340.5266,426.53156,1087.7816,210.01213,72.773102,412.33884,878.97754,6374.7544,1034.9299,1307.6877,1365.7511,1076.6691,879.24426,3317.4585,353.9028,389.84482,308.52988,2545.9346,1764.3149,882.49707,1226.1403,1461.7711,761.61475,1255.4238,110.26804,354.79974,2628.1399,755.83984,212.76143,3457.8752
2708.3826,1535.545,826.50952,906.4068,3770.583,506.52643,1213.4976,387.69162,245.95755,373.67725,479.67426,3392.4968,670.77838,1605.05,656.40723,343.24567,1014.2031,2823.9319,3123.9775,1825.2603,1552.4755,258.02286,614.65802,2495.3762,454.45062,185.56322,3372.231,415.95804,1113.3016,209.71355,74.079567,411.392,894.72192,6474.5171,1058.8589,1284.8158,1409.5018,1094.4415,882.7373,3275.6223,358.35651,402.2208,312.91467,2551.9175,1776.2765,864.52771,1251.0818,1494.6083,778.65832,1259.2236,109.47731,365.71951,2610.1873,766.80109,213.10973,3479.3262
2903.1948,1521.6489,788.10187,861.96057,4068.2214,507.02408,1194.5366,400.56891,248.30244,359.15189,491.06787,3409.9231,678.75207,1658.9509,658.95294,331.00824,1032.4028,2827.2134,3085.04,1803.3053,1648.073,262.33453,599.8241,2545.064,447.65265,184.46699,3474.74,410.37213,1121.8084,206.62805,74.638054,414.42178,894.17926,6319.8862,1086.7761,1310.6713,1427.7314,1109.734,884.23425,3265.6616,355.61575,416.29361,320.98663,2533.968,1788.2379,913.55035,1277.0212,1486.6478,776.66425,1228.8237,102.61634,377.96487,2590.2385,774.77319,216.29417,3471.603
2897.2007,1553.4117,789.07703,871.94843,4794.1191,520.4585,1205.5139,399.77152,257.93115,373.90875,499.22748,3382.042,684.23364,1648.9692,666.26105,327.24268,1042.881,2811.8652,3059.082,1821.7675,1620.6882,259.61139,603.00977,2498.3569,446.27478,183.86903,3495.8762,425.33459,1126.0615,213.36604,79.405151,417.35693,910.46674,6594.229,1090.7643,1319.6212,1462.0029,1131.2257,874.7533,3234.2854,351.54907,421.68314,320.18939,2605.7678,1827.1129,916.0462,1317.9264,1522.4707,782.6463,1223.1235,107.98579,360.41739,2599.2151,791.21509,221.81725,3492.1963
2942.1572,1592.1232,767.61585,852.97131,4587.2188,521.95117,1220.4828,403.65863,259.57748,376.40149,498.43143,3402.9526,710.14801,1643.9785,671.1333,316.99139,1071.5588,2736.5522,3066.0703,1846.7162,1606.7473,265.2847,593.35278,2574.8787,452.63687,188.39467,3485.3083,419.15006,1161.1516,221.43076,76.163933,434.02084,928.38275,6449.5757,1133.6371,1347.4652,1526.8995,1131.6393,876.92749,3176.0149,342.98303,395.7334,334.63928,2594.7986,1859.0099,909.55652,1315.9309,1503.5641,784.14172,1227.3987,106.39487,374.87094,2632.1292,819.61523,225.64853,3517.0791
3001.0999,1549.9377,789.07703,797.53827,4809.5752,510.50705,1185.5551,413.22687,241.01848,343.2981,504.6593,3498.0466,699.68268,1654.1826,654.08087,327.34216,1092.516,2799.1143,3036.1191,1938.0293,1636.6217,266.4194,629.69086,2645.436,433.80002,171.9475,3396.5366,402.69131,1131.3788,225.61249,73.271759,431.27518,951.72809,6384.7305,1166.5394,1322.6044,1484.6074,1158.0909,887.90784,3273.6306,343.6683,396.73148,346.4982,2494.0784,1902.8685,926.03052,1300.9658,1559.2885,737.28284,1269.1986,104.30673,392.04547,2697.2031,834.56256,216.09515,3364.3489
2964.136,1561.849,797.56183,864.45758,4315.5054,516.47778,1203.5178,414.02414,246.06702,357.25732,504.55981,3500.5361,706.16101,1667.1608,664.43414,326.745,1109.3915,2825.3672,3399.5342,1898.1111,1620.8767,268.00784,612.06946,2642.4543,458.51764,177.92831,3494.6394,411.73572,1113.3016,224.11902,75.755035,419.6293,956.02789,6534.3726,1133.6371,1313.6544,1466.3779,1144.452,930.83087,3244.7439,341.95514,400.86426,342.63623,2563.8838,1917.8206,946.49793,1318.9238,1537.3966,767.69128,1274.0154,108.98013,384.06427,2657.3035,843.03302,205.19836,3538.5303
3015.0864,1446.7078,787.08069,879.43945,4271.1338,521.45361,1211.5015,421.69873,246.46611,356.16055,500.5791,3585.1738,712.63989,1669.1571,674.17816,334.01047,1098.1276,2886.7649,3504.3657,1915.0763,1594.4847,269.59641,626.46442,2675.2493,473.67908,181.51678,3394.4233,391.08411,1135.6316,229.19676,77.649925,425.31018,966.3866,6624.1567,1167.5364,1330.5599,1525.8484,1145.2786,949.29785,3045.0293,356.34601,409.04916,345.0289,2578.8425,1961.6788,1044.3427,1317.9264,1548.3428,780.15381,1275.3738,107.68751,383.33194,2673.2634,864.95563,208.48231,3591.728
3024.0774,1454.1525,771.10962,920.8894,4315.5054,531.40503,1247.4274,425.78513,242.17541,365.53323,502.56943,3525.9272,721.61005,1687.1267,688.18561,333.91092,1114.1227,2760.6875,3600.7361,1871.166,1581.5371,278.44681,621.28687,2590.7786,475.51682,179.02483,3455.7178,385.49713,1162.2146,234.67279,79.933746,427.11673,921.32495,6614.1821,1139.6193,1288.7935,1584.1981,1143.2119,941.31213,3156.0928,368.68112,412.14362,325.09079,2666.5991,1978.6246,1064.3112,1338.8773,1548.3428,824.52032,1272.9985,111.26714,366.9151,2625.3838,882.39435,205.99448,3732.8635
3022.177,1399.5594,745.15625,885.93164,4372.3418,511.99966,1206.5117,424.68875,238.18405,345.29224,505.05746,3505.0161,683.73541,1629.2252,687.57666,324.75449,1095.9219,2636.8328,3483.9067,1890.6265,1598.4683,262.10764,613.71997,2602.7034,458.97711,174.43951,3336.3,368.13779,1093.0984,226.60814,77.370674,418.68817,906.95062,6235.0884,1115.6903,1204.2662,1614.8318,1113.4535,953.29065,3005.6841,349.49322,394.97504,321.801,2563.8838,1967.6597,1069.303,1278.0192,1561.2786,781.64923,1242.1238,103.42659,368.74628,2657.3035,889.86798,194.05273,3604.1443
3083.1201,1445.7152,769.11304,853.97009,4457.0957,508.51682,1174.5776,426.58243,234.09293,359.55066,516.10394,3580.6929,684.23364,1642.203,710.10999,318.28528,1110.8135,2655.4641,3417.0044,1850.2092,1585.0228,254.39182,606.75012,2688.1687,450.79907,172.84464,3276.5161,365.94296,1084.5923,225.51289,76.493027,410.73297,916.18317,6339.8369,1115.6903,1223.1605,1649.1124,1111.8003,954.78796,3065.4492,371.76477,390.48331,315.81958,2552.915,1929.7819,1077.2905,1288.9938,1571.2295,744.26166,1201.7488,107.80233,366.66257,2680.2454,871.93121,190.98639,3778.3445
3039.1609,1420.4042,763.12384,872.44781,4357.3838,509.51187,1156.6147,430.1705,215.58304,373.41019,512.12329,3461.2041,705.16461,1626.2303,692.44861,311.31842,1120.7415,2396.7456,3549.8105,1843.7225,1567.0966,264.15008,594.4043,2615.6238,439.22128,175.53598,3236.3521,359.35834,1105.9442,225.11464,75.146675,409.02832,909.12317,6464.54,1131.6431,1270.8937,1658.5942,1106.014,933.82544,3110.771,366.28259,384.095,315.71988,2500.0615,1911.3109,1033.3601,1291.9867,1558.2933,770.18384,1132.8738,113.17255,358.32785,2631.3691,877.6499,195.36658,3755.175
3122.0835,1509.7375,825.51141,935.37189,4404.7466,518.9657,1158.6106,427.97775,218.07764,380.5892,516.70105,3587.6633,691.21051,1660.1722,709.50116,313.20944,1156.0403,2448.2988,3633.688,1899.109,1572.5742,264.83084,604.65936,2676.2439,451.44232,183.21133,3353.6724,360.89645,1105.9442,227.10596,75.475792,413.19534,923.78632,6569.2896,1143.6073,1297.7433,1651.3002,1141.1456,947.80048,3274.1287,364.22668,385.39264,320.60467,2528.9812,1967.145,1033.3601,1299.9681,1581.1802,784.6402,1163.7489,116.45438,367.29392,2665.2839,890.10944,197.45711,3786.0676
2946.2476,1468.0487,808.04285,879.93878,4340.9321,487.61883,1090.9043,416.01761,207.45061,364.43643,501.37521,3512.9824,689.28314,1605.2659,682.09552,303.05774,1043.3947,2412.0955,3475.9182,1842.2257,1555.6432,263.9231,589.72449,2722.9512,437.56741,177.23055,3141.2273,338.24689,1084.6764,225.2142,72.473915,404.10364,924.32941,6484.4932,1083.785,1235.0935,1568.1519,1127.9197,916.85596,3190.9553,355.31811,374.31296,314.12476,2491.0864,1914.3022,1018.3839,1236.1171,1539.3868,753.73321,1134.2988,111.08414,351.19284,2615.4094,873.66278,188.59718,3619.5898
2839.3477,1525.619,804.05023,921.88837,4327.4712,487.12125,1097.8909,415.81827,211.34222,362.54196,491.32382,3516.9653,715.69806,1630.2235,700.97498,309.72604,1043.3947,2452.6392,3489.8977,1813.2847,1552.6552,274.81586,596.59467,2670.28,453.64761,201.85146,3223.6682,338.84558,1102.7538,233.47803,73.221893,412.62705,938.44977,6514.9224,1124.6637,1267.9102,1517.0956,1134.1191,931.8291,3282.0974,353.60486,377.6069,323.6951,2428.261,1920.2845,1043.3444,1221.1519,1520.4805,751.24066,1148.5487,113.4709,359.90634,2625.3838,891.10608,194.37106,3701.1125
2865.3235,1627.3602,845.4754,945.85938,4379.3203,505.03375,1114.8583,425.98438,217.57869,363.2399,496.69781,3524.4336,714.70136,1619.2421,737.51581,310.82083,1053.7766,2356.2017,3473.9214,1793.825,1417.209,270.27722,618.99683,2589.1714,455.76108,204.94151,3215.2131,303.92325,1117.6416,234.87193,74.608139,415.56284,946.05267,6564.8076,1128.6517,1272.8822,1532.4127,1154.7847,966.76642,3405.6113,360.80041,369.32211,319.20905,2498.0674,1915.2993,1055.3254,1256.0704,1457.7905,787.13269,1157.5737,114.2665,341.40585,2613.4146,891.10608,201.14046,3694.2473
2772.4099,1568.301,808.04285,898.91596,4325.9741,491.30081,1077.9292,424.68875,223.76529,350.47714,480.62552,3428.842,696.75922,1582.3049,718.63629,305.34683,993.56085,2312.2703,3392.0405,1774.3646,1410.7354,269.36951,626.56372,2521.585,450.52341,204.94151,3048.2158,300.03198,1101.6906,231.0885,73.132133,404.86124,912.38165,6699.4956,1133.6371,1251.9991,1519.2839,1109.734,945.30499,3341.3645,356.34601,365.32947,309.93784,2322.5537,1871.4297,1063.3125,1282.0099,1431.4873,715.34882,1160.8987,111.5814,320.25357,2560.5469,853.22925,195.56567,3666.7876
2683.4939,1539.5154,805.04828,868.45258,4097.6362,490.40518,1057.9678,420.0043,213.73702,333.12775,461.81659,3403.4504,680.81043,1570.3258,710.71918,306.44168,989.92712,2327.6196,3291.1885,1706.0046,1374.3839,265.51166,624.77161,2467.9133,455.66913,201.15367,3083.0952,297.73706,1096.3734,236.76364,72.01516,396.43256,918.89868,6734.4146,1102.7288,1210.2327,1482.0861,1096.5083,931.8291,3366.7642,358.40186,386.29102,301.46414,2206.8752,1876.4149,983.93842,1245.0961,1448.4103,712.35767,1155.1985,107.70289,311.91888,2539.6006,835.28754,191.03615,3539.7844
2804.3799,1566.0137,805.54736,906.4068,4080.6858,500.5556,1103.8793,435.5527,217.13948,352.87021,468.74136,3504.0203,728.15808,1626.2303,725.94452,312.01511,995.1181,2398.8625,3380.0586,1734.9452,1386.517,278.21988,640.70196,2506.6763,458.97711,206.83543,3265.946,294.74368,1167.6218,237.26149,73.391434,404.48251,950.39752,6804.2539,1116.6873,1304.7046,1485.7327,1173.7966,960.34882,3392.6626,359.08713,391.48145,310.73541,2285.657,1932.2487,1016.387,1263.0543,1482.2563,734.79016,1151.3987,114.8632,313.18176,2592.6948,867.68225,196.66071,3668.5034
2809.3752,1545.1665,806.54553,948.95386,4405.8115,517.47296,1123.8409,437.64575,222.32846,368.32507,482.82498,3483.6084,717.69183,1627.2285,737.51581,315.10043,1014.3248,2443.8528,3455.9473,1751.7338,1423.87,273.22748,641.39905,2558.3601,471.44241,208.43031,3321.9646,303.92325,1155.9243,240.14882,76.044258,413.29001,961.25922,7038.7095,1124.8341,1340.5043,1543.3533,1197.3553,980.31445,3379.7629,350.17847,397.6701,305.55136,2399.5933,1927.2635,1056.3237,1305.9542,1490.2198,742.76624,1155.3673,117.05106,313.18176,2617.6343,893.09973,204.92335,3752.6003
2860.3281,1518.8594,784.08612,978.42139,4554.4014,518.46808,1118.8506,443.62582,223.97496,368.82364,479.39105,3538.8435,728.15808,1643.201,747.26007,317.88727,1016.9205,2392.2993,3570.7795,1772.1958,1468.6926,275.76306,649.22668,2611.0388,474.1994,210.52357,3337.8184,303.02527,1150.6069,240.64667,76.064194,407.13419,976.46551,7078.6177,1107.8821,1316.6378,1560.1288,1198.7084,980.81354,3201.4348,349.83591,392.97873,289.40158,2429.5129,1939.228,1041.3475,1312.9379,1511.1246,714.8501,1152.5172,113.97044,290.38763,2652.55,874.16119,205.81929,3766.3306
2906.2854,1553.1082,792.57074,1022.8723,4540.4399,528.41956,1104.8773,454.29041,225.77115,364.33673,464.61069,3569.2175,730.15167,1652.1862,724.78308,322.76398,1026.7836,2437.5986,3538.8262,1814.1178,1441.7988,278.48672,657.59113,2665.7043,476.03738,219.69411,3363.1848,305.22043,1149.5441,240.67549,73.800316,412.72171,994.93042,7188.3638,1105.8877,1327.5764,1554.2938,1199.9486,988.30072,3208.9067,349.15051,388.98608,291.09631,2450.457,1989.0796,1063.3125,1343.8656,1504.1566,714.43799,1169.1448,111.88199,288.55658,2722.3799,871.17096,205.07269,3839.2715
2618.554,1472.2014,762.62488,1026.8679,4509.5254,522.94629,1062.958,457.47977,229.51323,388.16708,467.94498,3614.5295,717.69183,1605.2659,719.91077,320.47492,1010.6912,2405.8374,3443.9653,1809.1272,1435.3243,272.13171,654.60388,2736.2727,471.90198,215.80661,3350.5012,318.29129,1125.0852,237.09079,74.378761,402.49377,974.83643,6928.9644,1174.694,1361.3873,1560.1288,1179.6947,990.79645,3192.9663,351.20636,382.09866,286.21143,2440.4836,1940.2252,1073.2966,1349.8517,1483.252,697.98535,1181.9713,112.77704,288.74594,2689.4602,846.25171,202.73326,3644.4758
2672.5037,1461.2816,751.14557,1057.8339,4565.8696,532.89758,1088.9081,470.13773,233.65442,397.53976,471.08026,3614.0317,713.70453,1640.2065,717.47443,318.48431,1036.1272,2372.9104,3458.9429,1822.6019,1443.2924,273.94733,660.77753,2754.1631,477.41589,215.30818,3280.7437,315.39774,1147.5023,237.68823,76.612709,412.24826,962.88843,6913.998,1234.5253,1358.4043,1580.5511,1168.1209,1009.2646,3167.0642,347.0947,375.31116,283.4202,2459.4329,1935.2397,1064.3112,1303.9587,1516.1024,718.92499,1178.1709,113.67211,289.94562,2597.6831,844.75665,203.72873,3653.9155
2564.604,1396.2584,720.76794,1034.8593,4396.3384,529.41473,1071.9406,467.74561,227.26798,393.25226,449.58151,3491.5388,703.73657,1594.2848,702.24793,305.44638,997.71368,2275.2969,3370.0732,1764.71,1426.8578,259.4216,647.43457,2630.9165,450.30566,207.73253,3101.0632,320.18704,1117.7245,233.40646,76.453156,399.36847,954.74219,6844.1597,1229.5396,1317.6323,1549.9177,1176.8014,978.31781,3078.3989,330.13406,371.8176,249.32603,2400.5901,1868.4385,1027.3695,1244.0984,1515.1068,736.87323,1115.9366,112.37923,241.89502,2556.783,803.88946,204.02739,3560.3796
2648.5261,1304.9286,679.33893,1016.8789,4349.9663,516.9754,1061.9597,458.67581,224.12463,397.24069,442.91296,3461.1653,686.29273,1594.2848,709.55664,304.7991,1020.554,2341.1489,3345.1096,1740.7544,1419.8853,258.74072,629.51093,2617.0012,439.82916,205.53958,3033.4194,314.49979,1097.5184,227.03361,77.04155,379.29108,961.25922,6634.6445,1201.6183,1333.5433,1578.363,1134.6395,983.80835,2938.4263,326.70755,357.1445,226.69624,2355.7104,1861.4595,1029.3665,1241.1053,1507.1431,716.43219,1057.9785,113.07539,217.39606,2535.8335,807.37805,202.93239,3567.2444
2485.6782,1315.8484,660.3714,910.99573,4288.1382,488.11633,1045.9904,443.22714,223.4261,374.30762,426.14203,3412.8652,677.88678,1564.3358,691.28473,292.05771,984.73621,2235.8062,3272.2163,1726.2814,1369.5844,253.74753,617.6615,2597.124,416.57871,195.2726,2899.1877,290.85242,1094.3279,219.36621,74.4785,366.60074,945.50977,6425.1289,1151.7585,1283.8213,1491.5677,1123.8927,961.84613,2953.8679,318.48425,349.45856,228.09193,2194.1416,1881.4,989.42975,1197.2078,1487.2335,671.06317,1043.2516,108.40122,233.93916,2502.9133,788.93793,193.02716,3396.4771
2566.6028,1355.0605,682.33368,959.94177,4174.9512,492.15308,1035.0116,442.42975,212.64897,395.24652,426.49042,3441.2476,684.86511,1641.2047,686.41229,294.14807,994.599,2239.0886,3257.238,1744.7472,1349.1652,257.37891,621.14654,2547.4272,416.57871,202.44954,3037.6472,298.36578,1098.5814,219.26663,74.428635,386.29922,948.22516,6544.8525,1127.8259,1345.4766,1509.0728,1118.519,951.36414,3087.3647,285.07684,358.04282,244.04242,2220.0725,1894.3616,945.00024,1192.2194,1521.0797,666.07758,1022.3482,112.97594,220.4268,2491.9404,817.84418,188.64696,3610.1506
2708.4697,1298.4756,691.81757,994.40375,4315.5625,504.59375,1070.9425,440.03778,225.87093,409.60458,430.81988,3348.6309,711.78113,1645.1979,699.81165,291.3609,1003.9428,2402.5544,3404.0232,1768.2036,1409.9246,269.18109,627.12122,2567.3052,434.77469,196.96716,3045.0454,292.17892,1152.8196,221.65649,76.513,392.26556,967.77625,6484.9922,1135.8033,1388.2373,1573.2574,1135.8798,976.32135,3001.1895,272.3992,366.12802,237.46281,2302.8513,1982.1005,979.94495,1149.3195,1529.0435,678.04297,1059.4036,115.36277,213.10249,2400.1636,835.28754,199.59743,3698.5386
2751.4294,1306.9138,701.30127,1042.8502,4530.9658,518.52728,1092.9003,457.26422,240.29034,417.58127,446.8942,3532.3706,726.23614,1692.1182,668.14044,301.11603,1044.4326,2516.5793,3488.8994,1834.5798,1411.9171,278.25977,636.84418,2694.5283,442.03473,202.34987,3143.3411,301.8584,1177.28,230.02084,76.921883,385.16272,1005.7922,6430.1172,1166.7163,1454.8649,1548.4591,1192.5083,1025.2371,2960.3433,288.87826,377.00803,244.74022,2404.5796,1990.0765,1055.3987,1162.5596,1591.7579,742.85596,892.74957,117.74958,219.2272,2507.9021,851.73401,206.36681,3744.8772
2954.2405,1354.5643,702.29962,1041.8516,4584.3184,522.50824,1072.9387,455.27051,233.65442,405.38663,439.23032,3564.7366,725.2392,1706.0941,671.79486,300.81747,1043.3947,2587.8313,3467.9297,1820.6055,1411.4189,275.30917,627.38355,2763.1091,448.92709,202.66277,3189.8467,290.38278,1174.0894,234.99965,76.064194,441.5119,998.18878,6450.0728,1176.6884,1402.1595,1519.5272,1188.3749,1029.2302,3027.5896,297.1026,374.71225,260.79044,2499.3267,1954.1837,1043.4169,1214.4504,1561.894,734.38031,898.92523,112.77704,232.94444,2505.9058,852.73077,206.0184,3694.2473
3058.1431,1345.1335,716.27576,1065.825,4642.6582,526.98706,1101.8831,458.65985,231.51871,432.41235,429.83719,3643.4104,732.21753,1726.1714,649.25958,296.93527,1083.8845,2689.7861,3429.9858,1881.9911,1455.936,278.71368,640.03082,2829.7019,460.41449,204.35744,3326.1917,296.27026,1231.5178,242.3683,76.812172,444.16367,1020.9985,6519.9106,1207.6017,1474.7534,1564.7555,1210.2823,1053.1892,3028.5862,291.27701,389.98422,269.26404,2586.0942,1982.1005,1056.3971,1235.4066,1550.9438,734.87891,910.13696,123.41826,246.26829,2598.9131,870.67249,224.28581,3819.5344
3116.0891,1369.9514,729.25354,1051.8406,4727.9219,536.44177,1192.7085,463.6442,235.75989,443.98068,446.16257,3688.7222,745.17725,1753.1272,646.82336,290.66403,1102.572,2722.7124,3554.1011,1916.4268,1475.8604,278.9407,628.87738,2867.4707,423.19537,201.16746,3516.4414,304.85202,1234.7079,244.75812,78.278214,449.14908,1011.7661,6714.4595,1220.5646,1484.6981,1580.0747,1242.11,1056.1841,3030.5786,292.47644,398.26898,258.8963,2626.9858,2058.8726,1088.3485,1180.5216,1585.785,763.79535,891.89435,128.29134,245.5105,2649.7944,907.05432,226.77452,3786.0676
3200.0107,1311.8774,735.74249,1052.8391,4766.814,505.58899,1134.8199,479.59409,244.64142,459.03922,418.28989,3778.8491,765.61352,1783.0782,651.69586,283.29794,1131.6418,2690.8447,3556.0981,1977.3134,1479.3467,282.79904,634.35461,2942.0142,442.7699,213.52859,3515.3843,311.33817,1263.4224,245.65433,80.133202,462.6936,1010.2914,6759.356,1227.5455,1524.4756,1669.0723,1279.7246,1111.0898,2981.2642,288.70703,406.35419,232.72198,2687.8232,2036.9371,1108.3182,1154.5763,1632.5723,791.71478,890.37421,133.46278,235.47035,2699.6772,902.56903,232.93355,3936.241
3280.9353,1258.7671,730.75098,1099.7877,4726.4263,503.59851,1141.8064,480.19223,248.93251,470.40811,422.57034,3729.0549,773.08997,1811.0321,642.55981,284.69153,1146.1769,2860.8752,3497.179,1967.3323,1464.9019,283.02597,640.42914,2860.5137,441.11569,212.53175,3603.311,327.50388,1260.2319,245.95308,80.67173,470.64984,1010.2914,6639.6348,1216.5759,1604.0306,1780.6844,1281.7915,1106.0981,2887.1194,308.41101,447.07941,237.60776,2760.6292,1985.0916,1112.3123,1142.6016,1671.3959,819.13568,924.48401,136.64517,239.44852,2722.6238,897.08679,229.59811,4011.7559
3067.135,1127.7281,700.30304,1148.7336,4560.3848,465.77887,1054.9733,440.91565,231.81808,440.19104,383.89694,3390.9556,740.69098,1710.1975,614.54309,264.18579,1089.0756,2759.9797,3320.4226,1820.1066,1359.3054,270.76981,600.89417,2694.5283,420.71414,203.3606,3383.4553,314.23203,1206.0743,238.58441,75.924568,442.99252,958.69067,6370.729,1134.8062,1511.5481,1713.5715,1206.5621,1050.1945,2672.4282,277.05588,432.80563,226.83911,2546.2014,1931.5754,1038.4243,1021.855,1603.7039,772.76947,863.01019,129.08693,209.32802,2580.9553,900.07696,214.36459,3824.0356
3191.2617,1184.3131,743.22974,1157.7236,4552.4067,492.6507,1053.0292,461.25168,237.20688,457.84256,411.12256,3486.062,765.11493,1757.1207,655.35016,271.45236,1127.4893,2854.3115,3489.1902,1831.5851,1386.7007,276.89795,604.97705,2839.6406,417.49768,209.24206,3542.0054,323.5123,1228.4093,241.5717,75.954506,450.85394,990.73743,6480.4834,1177.6854,1568.2312,1797.4626,1250.3771,1076.15,2861.2168,298.30203,456.7616,239.10338,2683.834,2010.3544,1087.3501,1069.7544,1616.6449,798.19623,880.77771,134.25841,234.14427,2622.8567,919.0155,224.02243,4020.5583
3224.2334,1173.3932,744.22803,1166.7137,4542.9331,492.45157,1068.001,472.616,242.64558,458.64032,414.95505,3516.9343,779.07129,1787.0715,662.65887,283.39749,1158.6354,2846.5818,3544.1145,1861.03,1379.7274,279.62158,611.64929,2860.5137,430.17972,215.52232,3589.5706,332.39343,1259.2521,247.4467,76.592789,458.33664,998.12482,6545.3384,1175.691,1558.2865,1798.1923,1252.8572,1098.1118,2876.6587,299.84402,463.14987,243.98914,2682.8367,2032.2927,1171.2227,1097.6957,1621.6223,808.16742,910.61194,134.25841,234.90201,2662.7644,928.1134,224.02243,4078.9143
3191.2617,1176.3713,746.72369,1163.7173,4567.3647,482.10098,1056.0236,467.73135,242.64558,459.23871,408.5842,3438.26,759.63196,1779.0847,660.83167,275.5336,1138.9093,2847.7468,3512.1587,1825.5962,1377.7347,274.17435,609.45831,2786.9622,427.69855,212.63142,3579,335.58667,1225.2186,244.95731,75.944534,451.89581,986.71808,6739.9033,1172.6998,1556.2975,1809.1348,1233.0161,1090.1255,2958.8494,296.24594,466.94296,242.69292,2671.866,1994.399,1163.235,1093.7042,1598.7264,806.67169,914.22266,134.15889,237.42783,2599.9106,915.65204,220.9359,4048.0203
3075.3606,1144.108,748.72015,1137.746,4574.3472,488.07248,1029.0741,466.23602,230.52077,430.21838,396.83792,3457.6802,771.09619,1809.0355,655.95923,267.57028,1122.2981,2904.7063,3477.207,1820.1066,1404.1344,280.75626,599.49982,2916.1726,432.29343,212.83081,3705.8406,320.71826,1257.125,243.06535,73.541023,424.33319,1002.1439,6874.5986,1173.6967,1450.8872,1834.6666,1221.8561,1088.1288,2973.7932,295.38919,461.75253,241.09758,2625.988,2047.2507,1180.209,1074.744,1587.7762,781.24512,897.97516,125.00947,257.76074,2619.8638,935.09174,223.92287,4044.5874
3090.3484,1091.4938,689.82098,1043.8494,4701.9946,504.09616,1006.117,482.28558,223.88461,424.93295,411.47101,3569.2175,797.58466,1849.9686,652.30493,263.68805,1134.7566,2974.8992,3418.2878,1887.9796,1425.5524,294.82825,591.53314,2874.4277,442.95373,218.91168,3647.7051,317.32538,1312.4298,249.33864,74.239128,430.11087,996.06043,6839.6792,1217.5735,1440.9425,1767.5536,1239.6299,1100.1085,2877.6545,295.0466,468.34036,256.05402,2625.988,2121.0437,1174.2181,1085.7207,1490.2198,787.22778,855.69403,124.31332,276.64136,2740.5815,961.50958,226.81024,4092.6445
3077.3591,1095.4648,683.33197,1091.8281,4720.4424,533.95374,1051.0328,517.37555,242.64558,448.86716,430.43445,3775.3638,830.9837,1909.8705,659.00452,268.76477,1175.2465,3004.5437,3620.01,1965.8345,1494.2898,313.21237,622.2052,3073.1553,477.87534,228.88034,3733.3223,343.27033,1365.6078,264.77295,75.326195,450.38034,1017.7872,7134.5356,1345.214,1518.5089,1901.7797,1345.4468,1158.0088,2872.176,309.09641,477.823,267.12176,2847.3975,2140.9873,1188.1971,1117.6541,1485.2428,859.02063,903.67609,132.36883,297.16373,2847.3315,992.41327,238.85768,4368.1191
3100.3396,1104.8955,648.89081,1086.8335,4729.9155,525.49402,1004.1207,505.91153,233.66422,457.14441,422.52057,3736.5244,826.99548,1893.8967,680.93073,292.45584,1195.1605,2913.4934,3523.1431,1966.3341,1461.415,312.53152,607.06824,3105.9644,470.52353,219.31043,3446.8757,342.07284,1354.9723,266.76443,73.551003,458.81024,1016.2663,7219.3525,1347.2085,1583.1472,1923.6646,1339.2467,1154.0157,2914.0183,305.49826,479.32019,254.65808,2890.2827,2145.9734,1189.1954,1124.639,1601.9961,855.53052,843.43726,134.6562,283.8399,2923.1538,1023.8156,233.48116,4295.1733
3039.3918,1137.1591,700.80212,1092.827,4454.6768,534.45148,1029.0741,515.88019,254.92006,458.44092,448.55167,3613.0361,837.46393,1882.9143,705.29321,295.04395,1173.3546,2965.053,3739.8445,1905.4473,1511.7229,317.9787,618.22162,3026.4263,477.87534,226.98628,3477.5286,337.28308,1384.7522,267.76019,75.605438,455.87396,987.80432,7149.5029,1371.1411,1605.025,1902.5092,1339.2467,1165.9952,3017.1296,312.52316,484.0116,269.01621,2959.0986,2090.1304,1195.1864,1184.5133,1620.9135,865.00317,891.41931,136.34685,288.82843,2795.4529,990.41962,230.39462,4209.3564
2902.5095,1195.7294,729.75275,1071.8494,4538.4453,538.43237,1065.007,521.36298,255.91797,480.58011,452.13541,3577.1848,828.98962,1878.9209,705.29321,285.68695,1161.9325,2996.8147,3812.7439,1833.5817,1547.088,313.66638,595.71582,3007.5364,486.60586,229.77753,3643.4775,342.07284,1329.447,268.85559,75.146675,467.90305,967.05554,7209.3721,1358.1776,1648.7805,1963.0568,1322.2998,1158.0088,3139.668,323.66025,470.53641,266.02493,2938.155,2013.3457,1161.238,1183.5156,1561.1747,896.41272,908.71173,139.72819,305.12,2782.6934,951.04205,231.39027,4290.8848
3033.397,1237.4235,752.21429,1128.7883,4401.3262,543.90625,1010.1096,528.34106,260.95746,499.12918,444.7359,3640.9209,815.03192,1924.8458,713.211,250.94665,1177.5082,3081.301,3867.6682,1882.4904,1524.1755,301.86414,602.68652,3082.1028,494.87677,232.36934,3679.415,340.57608,1308.176,272.14157,77.769592,471.40756,976.61517,7309.1563,1387.0961,1684.5803,1968.8929,1326.0197,1179.9711,3225.3445,327.60101,470.81424,270.81104,3012.9553,2043.2617,1173.2197,1189.5031,1520.3529,894.41846,924.95911,144.50182,303.85706,2793.6687,943.0669,231.39027,4299.4658
3122.3206,1201.1893,765.69128,1188.7242,4458.4131,536.44177,1008.1133,530.33478,256.36707,514.08807,446.08008,3766.4009,825.99872,1892.8982,723.56506,243.18233,1196.1989,2992.4744,3864.6724,1931.8979,1535.859,306.63034,574.90259,3174.5654,508.20206,224.5938,3603.311,364.62491,1335.8281,278.31531,78.786835,477.84839,963.14453,7478.7891,1416.0148,1754.1912,2002.4495,1347.1003,1116.0809,3180.0156,325.20236,483.69281,271.11008,3066.811,2025.3121,1184.2032,1152.5806,1566.1531,945.27173,941.58649,143.70621,309.91904,2859.5198,943.0669,223.42502,4509.7188
3126.3171,1127.7281,746.72369,1116.8011,4404.5469,560.32794,967.6889,535.31921,264.45026,517.57843,445.03464,3809.7209,836.96539,1877.9229,736.35535,240.89282,1213.851,2951.8191,4011.47,1925.1252,1554.2908,302.99902,565.64117,3201.4102,518.31097,245.72736,3580.0574,362.62918,1345.3998,279.41064,81.210289,484.00504,940.2229,7513.7124,1445.9307,1738.2799,2000.2611,1381.8213,1135.0483,2906.5457,338.22412,490.5813,275.79651,3142.6091,2025.3121,1142.2668,1176.5302,1510.3966,942.28021,972.94104,148.4798,306.25665,2864.5076,922.1319,218.94458,4552.6274
2981.4419,1047.3181,697.3081,1105.8132,4545.6953,540.42297,931.75623,530.83325,249.48135,516.08258,416.41104,3628.97,822.01074,1840.9835,714.4292,236.8116,1211.774,2995.7566,4123.3159,1860.7383,1554.2908,297.55179,559.09686,3078.125,517.39203,250.0139,3435.2483,353.94766,1297.5398,284.58859,78.786835,467.52426,924.1452,7334.103,1449.9192,1731.319,1928.0414,1380.5817,1123.0691,2799.6619,332.22717,471.91244,258.34732,3199.4575,1941.5476,1131.2834,1160.5638,1455.636,931.31201,907.57153,147.78369,294.06952,2838.5667,891.22809,217.99873,4578.3721
3035.3953,1092.4868,713.28082,1130.7864,4834.9756,567.29474,993.64026,543.79248,254.80429,530.04425,449.01706,3641.916,864.38257,1874.9276,725.39233,254.62973,1249.1555,3035.2471,4149.2803,1920.6331,1629.0165,310.99786,582.40485,3087.0735,531.17682,255.99506,3582.1709,369.21515,1357.1882,292.05679,80.412437,509.10504,965.96899,7259.2651,1487.8129,1679.608,2017.0392,1444.6503,1170.9865,2904.2942,338.39542,479.49979,271.30957,3276.2527,2062.209,1146.2607,1201.4779,1547.2354,975.68396,1018.4421,153.85016,309.22455,2893.4419,946.05743,227.25832,4659.8994
2842.5608,1036.751,713.78009,1068.8528,4674.376,547.88708,971.6814,528.34106,243.77577,534.53192,441.64966,3538.2874,846.9353,1823.0128,694.93915,258.11368,1219.0425,2979.2405,4060.4028,1891.684,1563.7563,305.54974,576.22919,3084.0913,518.77057,250.61202,3551.5181,357.04108,1348.6786,279.70935,78.8367,502.00131,957.60437,7034.7524,1460.8885,1657.7305,1968.8929,1391.3287,1160.0055,2799.6619,324.68826,461.13043,261.73749,3195.468,2082.1523,1140.2699,1159.5662,1541.2617,929.31763,1048.3823,153.75073,300.88928,2844.5532,939.5777,223.72372,4496.8467
2863.5427,990.07758,716.77496,1080.8401,4633.4771,550.37549,983.15991,522.85828,254.25539,521.56744,440.90286,3563.1912,836.03528,1851.9653,679.10352,252.04161,1228.3882,3062.6675,4170.251,1887.1919,1563.7563,303.05267,580.01416,3112.9236,540.82636,250.21327,3588.5129,362.0304,1339.106,280.00806,78.866623,524.7334,952.60699,7039.7397,1431.9698,1640.8251,2018.4983,1388.6826,1154.0157,2741.3665,323.31757,469.1171,259.64358,3214.9368,2091.127,1145.262,1113.7819,1501.4357,953.24841,1023.1944,152.35838,308.52991,2849.5422,935.09174,221.2346,4509.7188
3014.4131,1014.9039,739.23651,1074.8464,4741.2095,552.36597,1000.1282,537.8114,256.5509,556.47162,470.17361,3701.6543,867.44263,1908.8722,694.93915,261.49811,1265.7694,3184.3145,4239.1558,1935.108,1635.991,314.85684,609.69727,3263.052,551.85413,269.75183,3730.1511,363.22791,1381.6516,285.98267,79.093498,545.09753,985.84894,7054.7085,1467.2174,1747.2302,2151.9944,1418.8627,1176.9763,2827.0659,334.11188,483.19357,276.59412,3396.4814,2167.9116,1193.1896,1131.7461,1554.2048,991.63788,1054.0851,165.18756,316.99142,2928.3633,978.45679,228.30377,4651.3179
2903.5085,1003.4838,730.75098,1110.8076,4738.2173,540.66132,1031.0704,511.39429,254.80429,529.54565,477.24237,3709.6228,844.51044,1842.9801,682.758,258.91003,1206.5824,3122.9089,4252.1392,1873.2163,1569.7341,305.54974,597.64484,3212.3464,530.258,263.17246,3625.5078,353.74808,1347.6154,276.92123,78.544937,534.2052,964.2309,7204.9941,1351.5156,1723.3634,2110.4138,1353.1283,1128.0604,2791.1917,335.31131,468.5181,274.40064,3250.8467,2128.0239,1134.2787,1112.7839,1552.2141,924.96594,998.00665,159.63161,298.9317,2985.2339,956.5249,225.41634,4496.8467
2768.6243,1074.4874,792.146,1164.7498,4737.7178,528.71295,1012.1058,513.50665,261.24179,539.51831,476.29663,3732.0359,835.53662,1850.9668,690.79327,263.28989,1213.851,3265.5183,4295.0791,1867.2267,1528.8844,306.23068,627.22827,3285.9194,525.66302,268.75497,3606.4822,354.44653,1349.7424,262.28354,78.894012,525.20709,984.32813,7160.0879,1356.5026,1749.219,2249.0171,1349.4077,1114.0842,2992.9824,359.81293,483.89246,267.3212,3297.729,2191.8445,1182.3307,1132.744,1598.0134,894.05066,1017.0164,168.28451,283.90305,2967.2744,999.8902,231.24092,4578.3721
2871.5359,1156.911,791.21533,1145.7704,4450.4326,520.74744,1000.1282,502.03986,253.85614,512.13959,466.53964,3625.9473,819.0852,1830.9995,709.67743,253.4352,1198.2755,3086.7007,4190.2236,1811.824,1505.9686,301.9176,643.76306,3210.3579,510.95911,253.50293,3507.1243,353.64828,1307.1975,256.28662,82.654198,519.52399,962.81854,7319.7568,1333.5618,1681.5968,2184.092,1332.8711,1106.0981,2986.5059,357.46225,488.1853,270.91074,3231.894,2078.1641,1141.3885,1131.7461,1543.2531,883.57929,1015.1154,164.60457,284.15558,2868.7083,955.02966,229.00072,4479.6821
2925.4895,1107.7549,788.71924,1161.7529,4520.7583,542.15485,1080.9769,508.02261,257.54895,548.04419,459.27182,3625.9473,839.52496,1907.8735,754.14636,277.01416,1225.2732,3165.0068,4391.9463,1787.866,1473.0895,306.00363,638.58362,3277.9651,518.89008,259.94449,3543.0618,368.21726,1343.3608,267.94052,86.623817,533.73157,984.11084,7414.5581,1313.6132,1736.291,2283.3032,1362.224,1092.3127,2988,353.00678,542.59442,277.19241,3311.6936,2144.9761,1140.3898,1159.6903,1639.8309,959.87024,1001.3333,174.74934,289.01785,2887.6665,996.40088,232.28636,4526.8828
2906.5061,1082.9282,787.72095,1175.7382,4356.666,540.16351,1078.9806,502.03986,261.15247,574.97266,450.47311,3578.1316,875.41919,1886.908,769.37561,279.80225,1191.0068,3060.8164,4363.9839,1782.8748,1413.309,313.4949,614.47839,3219.3062,521.18805,261.24072,3567.373,353.14929,1392.288,265.05194,88.768234,537.9939,970.74896,7329.7344,1311.6185,1837.7241,2247.5579,1345.2736,1095.3081,2920.2385,347.18039,543.09369,265.12759,3374.5359,2159.9338,1123.4137,1138.7322,1653.77,941.4209,999.43243,183.70067,283.52414,2838.7739,989.42261,233.48116,4569.7915
2931.4846,1055.1226,772.74518,1189.7231,4462.4023,535.68292,1117.9077,514.00519,269.63632,593.92224,455.80029,3607.0208,866.44562,1878.9209,777.29474,279.30441,1192.0453,3209.9026,5152.897,1810.3267,1459.3319,307.81973,618.16394,3278.9595,521.64758,266.72479,3673.0725,364.69409,1403.9873,268.23935,87.750908,562.62018,997.79852,7434.5166,1335.5568,1925.2349,2228.5916,1367.5986,1102.2974,2892.3364,349.23676,571.09375,260.61847,3414.4358,2167.9116,1132.4011,1198.6129,1658.7482,929.95233,1007.0363,183.40227,277.08334,2874.6956,998.89319,252.64752,4471.1001
3025.4038,1018.8761,744.79065,1118.7993,4361.6538,521.2453,1122.8984,513.50665,269.48654,590.43152,448.83008,3591.5806,859.46619,1893.1423,762.67474,276.41669,1187.8918,3207.7847,5192.8413,1812.3231,1448.3707,303.50668,620.31921,3350.5444,534.05707,271.51092,3698.4414,369.28522,1396.5421,264.75308,87.541451,552.20136,1014.6368,7504.3716,1303.6392,1951.0903,2185.27,1345.2736,1083.3265,2845.999,342.03961,567.59918,250.94382,3365.5588,2190.8474,1158.3644,1196.6168,1657.7527,909.00964,994.20483,182.58028,268.49554,2880.6824,992.91168,254.24056,4393.8657
2932.4839,1008.4491,735.8053,1147.7679,4356.666,512.78198,1136.8723,496.85501,264.94528,590.43152,441.46158,3426.7195,819.0852,1858.1953,745.6181,264.4679,1157.7789,3102.429,5138.4653,1757.4193,1393.5646,290.56735,616.53363,3166.8123,515.21313,264.13229,3497.6111,376.47138,1328.4697,262.96024,86.86319,530.51965,930.98907,7254.8921,1292.6672,1899.3793,2088.2283,1313.0266,1057.3667,2842.5115,332.95727,546.63245,246.55525,3253.8391,2124.0354,1121.4167,1177.6545,1586.0659,899.03693,983.74945,183.67476,259.90768,2812.8311,955.02966,240.99834,4271.6089
3048.4866,999.01501,730.81329,1132.7841,4200.5547,512.28394,1118.906,487.68167,269.18719,609.38117,435.73608,3404.3059,835.03815,1865.1847,741.354,262.17764,1156.741,3077.228,5138.4653,1893.1813,1368.1544,296.24243,605.37659,3249.3374,507.39996,268.91843,3276.6985,375.97232,1350.8062,262.8606,86.723564,528.15118,929.42822,7379.6309,1268.7291,1959.0458,2117.4138,1327.4965,1067.3514,2821.5847,332.44327,550.62622,261.11722,3250.8467,2130.0178,1095.4531,1158.692,1586.0659,882.08337,1011.3134,187.8537,269.8847,2781.8997,959.01721,233.28203,4360.0117
3047.4871,979.74963,711.84412,1118.7993,4178.6089,502.82495,1103.9338,473.02432,265.2446,622.8454,429.5127,3533.3057,810.11194,1843.218,750.49139,275.12222,1148.4337,3076.1699,5058.5669,1875.7119,1352.2112,286.02725,588.5412,3195.6467,503.26358,265.12939,3291.9983,363.59625,1310.3884,253.29843,86.27475,514.88818,930.73212,7359.6733,1244.7906,1986.89,2116.6843,1298.5571,1050.3773,2722.4338,310.50885,538.14612,262.21436,3223.9138,2049.2451,1080.4745,1141.7261,1600.0049,889.06433,993.25433,187.45569,266.2854,2765.9336,949.04834,232.70743,4415.7988
2984.5391,952.93719,711.34485,1130.7864,4183.0981,508.30133,1103.9338,466.84235,271.83209,625.33881,435.68628,3532.8086,811.60748,1784.3068,767.54804,272.93161,1131.8201,3110.1589,5073.5479,1895.677,1362.6738,286.02725,587.64447,3173.7725,508.77878,274.80136,3308.9128,361.79971,1318.9841,254.29445,86.833282,530.99329,921.16968,7544.2881,1253.7679,1969.9843,2185.27,1306.4121,1070.3468,2699.0159,307.76709,529.16028,275.57941,3299.7244,2141.5022,1097.4503,1145.718,1582.0831,915.99048,1002.7592,189.64468,282.45068,2825.8022,936.58685,236.29298,4432.9644
2889.6172,896.13434,680.89429,1072.8485,4156.6631,495.75555,1075.9862,450.98843,262.44998,637.8056,432.54971,3468.0593,804.62787,1740.3732,772.42151,264.66699,1096.6119,3023.5442,5083.5347,1883.6982,1342.7446,286.25424,570.70953,3067.3833,502.80399,261.93869,3164.0818,349.72305,1328.5574,249.01535,84.918282,510.15149,899.76196,7514.3501,1217.8601,2008.7678,2151.7065,1291.9421,1050.3773,2596.8748,293.54398,509.69119,262.61331,3166.0593,2086.6428,1082.4714,1131.7461,1551.2183,918.9823,979.94763,190.34117,261.92838,2726.0208,879.98688,230.16779,4291.3511
3090.4519,857.00793,655.93494,1048.8743,4273.873,521.74316,1094.1342,472.52579,267.54028,629.82696,425.18121,3612.4993,821.64825,1755.3507,776.68561,270.5419,1147.4965,3069.605,5093.5225,1922.1305,1365.1652,293.74533,563.53705,3241.3845,510.15756,271.51092,3189.4539,351.71927,1368.9778,262.5618,84.110397,509.67783,929.31958,7489.4028,1232.8215,1976.9454,2161.9216,1325.8428,1075.3389,2530.6074,263.55554,523.16974,258.125,3096.2344,2144.4944,1122.4152,1116.7758,1593.0353,949.39905,957.61114,188.25169,262.37039,2874.6956,886.46838,234.74918,4385.7598
3184.3748,871.30786,649.94458,1077.8429,4304.2959,533.19367,1099.1255,481.00119,279.56738,633.81641,415.17407,3636.9053,844.08417,1811.266,804.09808,280.69846,1169.3043,3106.8767,5193.395,1935.108,1366.1615,301.23657,577.98169,3315.9556,523.02643,274.80136,3128.1387,361.20087,1415.7808,271.32712,87.172394,511.09885,933.01416,7599.7832,1271.7214,1967.0012,2237.8042,1350.6482,1106.291,2583.9199,267.3255,529.65949,265.90463,3199.9741,2136.5154,1148.3785,1156.6964,1604.983,982.80762,966.64081,187.75421,275.37836,2881.6802,877.49396,236.44235,4523.0825
3177.3799,772.59815,588.04511,938.99207,4242.9487,515.27118,1060.1918,460.56061,281.61346,615.86401,393.01883,3536.2947,826.63391,1758.3459,790.08722,270.74097,1133.9965,3307.5283,4998.6436,1856.7452,1333.7764,291.24835,567.22308,3287.1206,507.39996,268.32022,2936.7925,365.29294,1379.615,261.06766,85.137726,497.36218,909.32477,7599.7832,1215.8652,1942.1401,2180.8928,1254.3208,1097.3049,2392.0942,252.24559,540.14294,261.81537,3093.2417,2160.4531,1139.3912,1131.7461,1497.4531,968.84589,920.06708,183.57527,276.57813,2891.6589,873.00677,237.48811,4428.6729
3221.3438,805.56769,566.08081,980.44769,4309.2847,517.76038,989.81189,478.8075,288.40057,633.31763,393.76566,3786.3259,838.59967,1831.236,794.35138,265.36404,1064.42,3333.8933,5053.5737,1786.3687,1391.0732,298.73962,577.48364,3345.7842,547.84491,279.8865,3081.6233,360.00317,1380.6786,259.67322,82.983345,515.362,927.0376,7974.0356,1199.9065,2035.6173,2169.2178,1246.4658,1116.2758,2477.793,272.12363,520.1745,264.20911,3155.0869,2198.356,1187.3236,1126.756,1508.9929,976.32532,931.6629,193.42563,272.41046,2900.6384,889.45978,240.8744,4454.4209
3208.3547,794.9419,588.54425,954.97504,4309.7822,520.74744,984.32123,470.13275,280.71527,645.28595,383.95752,3790.3103,867.51697,1846.2133,788.25971,269.94449,1083.1122,3351.365,4950.7041,1823.803,1444.8832,310.0899,585.45306,3332.8584,539.11243,261.83899,3097.481,373.2775,1412.5897,273.2196,81.916138,517.25653,935.07886,7889.2041,1187.9373,2072.4111,2171.407,1263.8296,1091.3143,2578.4397,275.55093,518.17786,267.0018,3092.2444,2184.3921,1179.3346,1186.6366,1535.8859,968.84589,880.5271,198.59959,272.53677,2943.5435,884.97253,240.8744,4445.8379
3251.3191,751.74335,568.57678,950.97931,4236.9644,507.8035,1007.2821,466.94196,273.83804,651.26996,377.69727,3706.6348,868.5141,1859.1936,783.99554,266.65851,1082.0736,3440.2019,5018.6182,1772.3931,1397.5505,310.77091,555.86658,3260.2749,537.73364,260.14392,2990.7078,373.77655,1401.9526,266.54602,79.891396,504.46729,944.85895,7959.0645,1156.0198,2093.2949,2186.7295,1267.55,1081.4011,2453.877,273.32321,522.67065,254.23518,2979.5266,2161.4509,1177.3375,1176.6565,1531.9016,977.32245,821.21698,203.97252,255.92943,2800.0586,888.46265,238.0359,4454.4209
3110.4355,727.90381,562.08746,891.15527,4044.4856,479.92401,951.37738,443.41043,256.32071,609.38117,355.73752,3485.9897,843.08685,1782.3098,749.88226,256.00412,1054.0353,3148.489,4783.9165,1681.8832,1320.0027,292.38342,519.26672,3081.3025,520.78711,246.38393,2821.561,357.50803,1361.5321,252.43416,75.659569,484.57284,928.34155,7784.4141,1114.2996,2033.6287,2064.8799,1173.7035,1051.4454,2307.5161,251.90291,500.70547,238.97513,2739.3953,2121.5535,1120.418,1086.8354,1484.092,914.49463,741.5506,192.62972,237.68039,2616.4485,868.51971,223.99278,4172.0498
3199.3621,736.04901,608.01257,944.60449,4110.3306,481.71631,967.35034,450.8887,260.96207,637.8056,359.02393,3466.0371,817.65961,1736.379,752.92816,242.16338,1074.8047,3171.5718,4852.8291,1727.3124,1335.9481,285.15964,516.77588,3140.9609,532.27844,249.47492,2859.6194,355.51196,1331.7484,251.7368,77.185722,494.04648,934.64417,7929.124,1130.2611,2091.3064,2152.436,1172.5785,1043.4574,2380.2808,254.81604,514.68323,242.067,2831.1738,2071.6816,1161.3604,1126.756,1465.1672,912.99872,727.19672,200.29584,241.65855,2617.4465,852.56519,225.78551,4117.1211
3136.4141,664.03339,563.5849,976.57428,4171.6851,457.22223,947.38428,441.61569,250.43176,629.32819,336.5166,3371.8896,801.20691,1721.4015,728.56152,232.40514,1051.9586,3069.9319,4822.8662,1694.8628,1299.0736,278.12155,491.66934,3115.3242,522.62573,242.59492,2745.446,348.92459,1298.774,246.25775,75.330376,476.0466,917.1488,7579.8232,1088.3624,2059.4844,2128.3582,1114.694,1041.4602,2227.7749,247.10471,498.3093,236.78082,2750.3689,2046.7451,1148.3785,1077.853,1435.2864,854.15991,678.05151,197.60938,234.83882,2565.5564,832.62207,222.15025,4024.4277
3083.4573,713.59992,606.51508,1008.0444,4275.4424,463.69434,947.38428,450.39017,257.96765,652.26739,332.13461,3411.2427,809.6825,1752.3547,741.96307,228.02387,1057.1508,3091.8523,4813.8779,1713.334,1290.6025,277.89444,502.42923,3220.7268,529.97992,246.88248,2783.5039,364.5943,1297.71,252.03564,75.589745,478.41504,923.99475,7724.5337,1134.2512,2099.2612,2225.4004,1156.0402,1052.4441,2375.2964,247.10471,504.19995,232.79131,2869.083,2076.6685,1159.363,1100.8076,1441.2625,871.21985,680.42798,199.40037,229.02948,2550.5891,856.05524,223.04662,3969.4985
3136.4141,715.18933,578.56055,980.07086,4359.7441,450.75031,909.94806,439.12293,252.77742,650.27252,332.08472,3557.6946,810.18127,1736.379,726.73401,227.42644,1071.6892,2955.8811,4825.8628,1761.7589,1280.6364,276.07819,488.82993,3306.2402,529.06085,245.98508,2691.531,350.42175,1315.879,244.46462,72.527435,465.24674,924.9729,7544.8931,1120.2853,2065.4509,2254.5857,1132.0592,1063.4274,2292.0667,237.16568,512.18732,227.70456,2854.1187,2092.6277,1142.3871,1059.8889,1422.3379,870.22247,686.98694,197.90781,220.5679,2610.4612,880.48541,215.87569,3997.8215
3238.3296,610.59277,505.19675,948.60083,4319.8384,451.34769,914.93957,438.72406,254.47421,660.74469,331.93539,3604.519,843.58539,1781.311,738.30817,222.74648,1082.0736,3015.0771,4903.7642,1747.2813,1284.6226,284.02451,501.73187,3494.1741,517.56946,247.48071,2657.7017,352.31808,1361.6211,243.66766,75.320404,474.62561,968.11365,7619.7437,1122.2802,2118.1558,2319.5239,1151.0785,1106.3641,2209.8328,227.39801,518.67688,226.009,2863.0972,2153.4714,1173.3433,993.5213,1446.2428,871.21985,627.57556,203.97742,211.47493,2644.3894,915.88422,216.772,4096.522
3364.2258,549.90106,508.69116,929.11926,4158.2192,460.01016,935.90381,443.90897,248.08615,634.8136,350.01105,3620.9575,834.61121,1801.2813,738.91736,224.04097,1092.4583,2979.9199,5008.6304,1779.731,1277.1486,283.11633,505.81665,3349.9927,516.65027,247.08188,2601.6721,360.30258,1347.792,241.77495,76.357803,479.83606,1012.7758,7674.6338,1164.1788,1991.8621,2304.9309,1175.4725,1127.3334,2234.7517,241.44972,503.70074,258.62372,2803.2412,2209.3284,1140.3898,995.01831,1517.957,854.76282,633.75433,194.92281,227.1351,2696.2786,942.30884,205.31839,4016.7034
3340.2456,721.64587,595.05377,1044.0104,4199.6206,474.14905,981.32636,467.64004,256.52045,630.82422,389.99664,3755.9529,842.65961,1853.2028,762.06555,242.10149,1115.3046,3086.3452,4924.7373,1828.1554,1305.5521,280.16483,530.22571,3435.5073,535.95569,245.78564,2796.1899,350.32196,1363.7484,249.74442,77.016144,466.38361,992.67218,7599.7832,1221.0408,1936.1735,2245.1003,1252.3765,1132.3257,2591.0967,258.92874,519.17615,274.98096,2854.1187,2222.2947,1124.4124,1022.9626,1550.8262,875.70813,747.8244,191.53975,258.64475,2780.1008,962.25183,211.09503,4051.8923
3305.2742,670.7879,578.57996,948.60083,4136.27,464.75497,973.34003,453.58087,250.33197,625.83746,382.42783,3815.7285,847.14716,1824.2466,769.9848,236.72369,1094.5352,3039.2212,5193.395,1833.6471,1341.4292,279.02969,519.06744,3470.3101,530.43988,247.97926,2629.1589,360.43439,1378.6415,247.75206,75.011192,465.15204,1008.8636,7660.2573,1180.1403,1945.1233,2444.292,1259.4056,1150.2992,2484.4421,234.93794,524.66754,264.20911,2808.2297,2241.2461,1145.4612,1006.9944,1549.8303,875.70813,711.03674,189.25124,248.73094,2910.8242,978.20636,208.45569,4026.1445
3396.2,605.82483,573.58801,1011.0416,4059.9492,478.59711,995.30249,452.68353,250.78111,651.76862,386.51105,3829.1794,863.1029,1830.2373,776.68561,233.93517,1142.3043,3193.8298,5243.3311,1855.6128,1364.3516,292.87903,516.07843,3479.2593,533.19757,256.25525,2733.8171,360.83362,1424.3832,255.52231,77.634598,490.25693,1014.9491,7934.73,898.32312,2012.7455,2595.3276,1269.3285,1172.267,2498.3972,235.79485,539.14447,268.49793,2953.8782,2264.1873,1145.4612,1000.0084,1571.7433,921.08929,707.42462,195.32082,240.71135,2941.7581,991.16925,217.12062,4235.5625
3452.1528,542.94775,525.66425,999.05286,4140.7593,483.97452,962.3587,439.10461,231.56706,610.87732,384.81793,3845.1196,868.08899,1856.1986,776.75018,225.17133,1162.0348,3178.4753,5198.3901,1875.5818,1400.2294,289.01926,505.78217,3479.2593,522.16608,251.66855,2732.7605,352.44913,1424.3832,260.60291,73.544876,485.99387,1004.9517,7984.6338,859.41742,1982.912,2531.8489,1256.098,1160.2844,2350.875,235.6555,544.1366,265.70511,2975.8254,2237.2561,1108.5109,960.35376,1508.9929,961.98236,685.75122,197.01237,231.49219,2886.875,985.68488,213.38574,4262.1694
3426.1748,521.88946,513.68317,1016.0368,4216.0815,485.06995,965.85278,443.79184,231.96629,576.0603,384.91757,3795.8042,836.17761,1892.1438,776.75018,223.77705,1113.2277,3134.6338,5368.1733,1879.5754,1379.7987,279.48373,525.90979,3485.2246,544.22931,255.2773,2766.5896,353.04807,1391.4066,267.1777,73.554855,513.9408,971.69958,7924.7495,825.49945,1869.5459,2586.1309,1277.5979,1159.2861,2274.6228,239.59737,542.13971,273.88382,3006.751,2179.405,1110.5082,997.78961,1486.084,959.48877,584.32391,180.59465,230.98695,2852.1665,954.77325,215.32788,4091.3728
3372.2192,453.15182,478.83862,982.56854,4084.3921,476.30664,952.87488,452.36853,224.68957,553.11755,363.06744,3691.6931,801.77332,1837.2271,729.84058,207.94238,1066.4966,3034.7737,5732.7095,1845.6283,1308.0431,263.36398,511.36209,3434.5129,538.25384,259.26596,2541.4141,340.87054,1297.7948,260.80209,72.557373,485.04657,986.91302,7680.2197,779.61084,1795.9574,2594.8872,1213.9248,1145.3065,2236.7456,176.01323,536.64838,240.47121,2887.0396,2128.5356,1071.5604,925.91278,1428.3141,940.03967,545.82532,172.93308,210.90663,2748.3787,933.33466,219.51094,3821.0178
3513.1033,443.51672,507.19354,1058.996,4488.9414,509.36829,987.3161,490.66428,221.49542,576.0603,379.80145,3855.5801,840.6651,1891.1455,762.12903,213.02145,1114.2657,3132.4104,5822.5947,1925.0048,1356.5666,279.93784,529.19794,3532.9543,565.83313,263.25467,2859.6194,351.25134,1327.5804,268.27353,71.599777,487.47794,1032.3357,7770.0469,823.00555,1821.813,2634.2925,1270.5692,1177.2595,2288.5779,189.20993,560.61035,253.03834,2956.8711,2222.2947,1115.5016,1016.2581,1464.1713,975.44696,564.45679,182.68416,216.52664,2845.1804,984.18939,222.59842,3853.6321
3513.1033,397.47635,495.91144,1082.9734,4501.9102,510.86209,1082.1542,518.08954,223.89104,586.03534,385.03091,3883.9736,832.18872,1901.2493,771.87653,219.89311,1184.8809,3038.0571,5922.8076,1921.5101,1361.0514,276.53223,532.98456,3591.1208,569.96991,266.84457,2958.9927,349.45468,1311.6239,271.76022,73.215706,473.7395,1013.4277,7904.7876,826.99585,1866.5629,2629.1843,1280.4922,1195.2327,2191.8909,207.89102,573.58991,255.47238,2982.8091,2242.2439,1119.4963,1028.2375,1454.2111,1006.3661,557.78766,187.7587,213.62186,2870.1299,975.71344,224.9261,3803.2354
3482.1284,373.53742,490.9194,1051.0037,4431.5752,505.38492,1040.2258,507.11951,229.18143,611.97052,358.28635,3766.9116,811.7456,1904.2451,755.42767,210.53171,1205.6501,3104.9829,5962.7583,1888.0621,1314.7029,273.35373,521.42609,3531.4512,562.15582,267.14362,2860.6763,352.74857,1282.9026,266.28116,72.826691,471.18131,979.35309,7924.7495,780.1095,1933.1901,2630.6438,1244.9341,1181.2537,2074.2729,203.77769,610.53125,244.39954,2877.0637,2184.3921,1111.5068,1003.2802,1436.2823,986.91711,524.13055,197.90781,205.34981,2787.2993,947.29456,214.71578,3925.1172
3400.1958,290.99252,428.21909,1086.9697,4319.8384,488.55542,987.81525,489.16827,210.81493,591.02289,336.6716,3585.5894,771.85626,1828.355,703.03516,210.03374,1156.8429,3265.0981,5743.0254,1803.6936,1293.2732,266.31561,496.21658,3384.2666,537.3346,261.55951,2686.2449,322.7041,1230.8585,257.31549,69.834229,440.67248,982.83087,7370.8154,712.27399,1896.396,2392.7546,1214.7513,1137.3186,1879.4044,189.20993,588.06677,234.42404,2693.5061,2102.8994,1071.5604,939.38983,1429.3101,944.52795,494.71814,193.03227,182.3016,2741.3926,918.37714,207.34441,3776.6272
3324.4954,276.78812,415.63913,1108.9487,4361.2412,501.8996,974.89587,491.16284,217.20326,602.4942,337.96661,3652.8381,780.83136,1838.3401,720.70239,211.12923,1175.5349,3301.3152,5493.3291,1804.6918,1329.6539,269.94812,527.30475,3443.936,548.36627,263.0553,2768.7034,323.40283,1245.7523,260.80209,70.861641,427.69208,993.80804,7261.5249,746.69055,1934.1847,2364.2954,1231.2902,1157.2889,1856.4788,197.60782,589.06543,254.57455,2903.0007,2125.8438,1170.4277,922.41882,1479.1117,970.9588,550.89642,194.62428,181.16498,2815.2415,911.89575,210.48224,3768.9021
3336.4861,325.85806,461.86563,1110.9468,4529.3447,516.83704,1021.3195,495.94986,221.29582,614.46442,364.5119,3766.9116,791.30212,1867.2986,745.07098,217.30377,1204.6119,3336.3667,5613.1836,1853.6157,1371.5178,274.71591,539.36145,3523.9922,559.85754,274.22372,2857.5051,329.09232,1261.7096,268.27353,73.315468,429.58695,1016.1968,7166.7007,766.14349,1962.0289,2407.3496,1273.4631,1178.2577,2000.0134,203.9491,595.05579,265.74704,2953.8782,2169.7378,1171.4264,956.85974,1526.9215,993.40002,588.24878,196.21632,190.5737,2885.0989,933.96057,215.81151,3810.96
3339.4846,297.44913,468.55493,1117.9402,4605.666,513.84961,1014.3309,498.24359,218.50089,624.43939,352.60883,3756.9485,783.823,1882.277,735.93274,217.20419,1220.1887,3336.3667,5653.1357,1853.6157,1368.527,272.44562,534.27985,3566.7559,563.53485,275.81915,2808.876,328.89264,1252.1351,266.77924,72.886543,428.6395,1018.9142,7276.4971,734.22076,2015.7285,2456.97,1266.0209,1195.2327,1973.101,197.09372,602.54376,258.16571,2968.8425,2171.7327,1206.3795,937.89233,1521.9414,1005.3688,562.98102,202.08688,188.80557,2920.5264,932.96338,220.1447,3777.4854
3030.7166,227.6685,397.66766,1020.033,4338.7925,474.91248,951.43445,518.08954,199.78508,595.51166,327.40817,3617.4705,739.44629,1829.3536,710.34558,206.94649,1165.1503,3155.4956,5368.4805,1807.188,1367.0327,262.68292,497.31262,3489.1853,555.7207,265.74765,2674.6165,330.29001,1189.3691,245.06236,68.697075,408.07916,1021.7397,6812.3584,687.83319,1980.9233,2319.053,1137.8478,1167.2743,1733.3781,191.78078,576.58502,241.30713,2674.552,2134.8225,1153.4507,894.966,1472.1395,919.0946,504.85519,192.73378,185.52202,2772.8286,931.46747,222.18675,3536.2964
2983.7524,231.19485,350.04343,959.09082,4220.0728,462.56421,942.94836,512.1059,191.45032,577.05774,336.82108,3581.605,713.08514,1776.4299,695.72449,206.14978,1164.1118,3159.8376,5133.7656,1788.2177,1359.058,259.27737,483.9606,3495.1521,554.80145,258.66763,2410.3872,333.58402,1144.688,238.18864,64.547531,400.59409,1015.7621,6727.5161,706.78723,1906.3403,2168.0005,1105.5978,1157.2889,1638.1868,186.4677,556.11755,243.30226,2540.874,2078.9575,1101.5203,894.46674,1418.3535,890.17029,495.66693,182.98265,207.6862,2792.7878,907.53247,215.41306,3417.8479
2992.7454,225.18529,371.60916,989.10028,4350.2666,470.0329,931.96649,491.3624,190.40224,571.07269,351.31393,3611.9905,728.54364,1797.3999,707.90881,206.34894,1158.9196,3130.1865,5028.8931,1854.6143,1386.9667,258.59622,477.83258,3536.9204,561.23651,261.45984,2443.3376,344.36408,1162.7732,237.09286,66.692139,396.61466,1023.6962,6797.9937,755.66864,1900.3735,2111.8125,1095.6746,1184.249,1648.1544,186.12503,553.62152,233.02751,2656.5952,2118.8608,1123.4907,906.44635,1379.5083,906.62714,487.87692,180.59465,202.76082,2913.0425,916.50806,218.60066,3403.2559
3147.6287,275.59616,379.59644,898.18298,4476.9692,478.7962,913.49695,514.59906,185.66089,598.00543,374.62195,3882.4797,738.01831,1865.3015,715.82867,203.95883,1249.4816,3128.0684,5398.4443,1881.5724,1434.3121,264.95331,490.53699,3765.158,584.67877,266.04681,2461.3105,325.4989,1164.9009,242.57187,65.295662,401.82578,1071.4084,6912.7915,787.09259,2024.6786,2143.9197,1130.8187,1228.1841,1708.459,190.23827,620.01617,244.49933,2717.448,2183.7041,1160.441,941.88544,1444.5314,950.51227,470.39923,191.44025,218.98932,3078.7026,953.90649,223.03345,3433.2976
3094.6685,360.92227,445.59149,895.18579,4099.8545,429.8013,901.01752,477.69952,172.83431,587.0329,349.27194,3712.615,713.5838,1837.342,668.91901,195.49371,1267.1384,3054.5767,5078.833,1793.7089,1396.4359,257.23401,456.21036,3480.2344,564.91376,254.7787,2328.5093,322.90369,1134.0494,211.09232,61.644836,393.48804,1042.2811,6608.3291,776.61804,1954.0735,2087.7312,1015.4629,1168.2727,1812.1228,181.32617,600.04779,250.28508,2537.8811,2134.8225,1091.5336,935.89569,1386.7501,870.22247,452.47214,181.88814,220.50481,2961.4424,920.49725,206.19887,3248.7576
3049.7021,371.45135,432.61215,804.26837,4037.0032,417.453,867.07336,465.83185,156.91339,543.6413,331.1933,3694.6826,650.75256,1787.4139,654.29773,188.82126,1235.9791,2989.874,5348.5044,1755.2688,1359.058,242.93059,438.82278,3534.4031,578.70331,240.41936,2244.635,327.29559,1059.5812,206.90832,58.333164,395.47775,1018.8054,6748.0815,759.16028,1884.4626,2203.0271,957.16473,1137.3186,1841.5273,207.71962,565.10333,238.71358,2377.2688,2055.0159,1063.5713,914.43256,1340.9236,827.8335,428.45279,169.94798,223.5358,2938.7136,903.0448,204.65485,3181.8086
3252.5498,433.73242,479.73718,845.73071,4063.4417,435.07919,920.98456,504.12759,161.40518,583.04285,341.97369,3815.7285,690.64545,1901.2493,676.83881,210.63129,1276.4863,3109.4304,5678.106,1825.6592,1378.993,255.87172,448.23901,3712.4409,615.47565,251.48802,2472.2939,341.46933,1102.1344,221.15382,61.644836,409.68991,1048.2585,6992.6504,792.08044,2050.5342,2349.7009,1016.7032,1214.2047,1885.3851,220.05936,579.16791,260.46014,2454.0835,2138.8125,1151.4534,971.33508,1388.7424,889.67157,414.0712,182.78365,231.49219,3028.0381,929.4729,212.12584,3332.8735
3360.4685,447.58929,483.63101,902.17944,4195.917,434.08341,921.48376,510.60992,168.7917,586.03534,348.25018,3900.4121,657.23505,1932.2047,627.49231,210.33254,1297.259,3271.6638,5718.0557,1862.1025,1406.1027,248.83359,465.67633,3751.2317,633.40204,251.28859,2520.2224,335.58029,1070.2194,225.23822,71.948891,400.12036,1054.2363,6758.0645,833.97894,2206.6611,2355.5388,1030.3473,1247.1558,1854.4852,232.74199,589.15369,252.18045,2633.6501,2124.8464,1175.4209,997.78961,1383.7612,867.72894,429.45148,184.67418,232.56557,3090.9138,923.98773,218.00299,3330.2983
3338.4849,588.04449,549.6261,901.67993,4012.7915,464.15747,957.42462,505.62354,173.98221,553.11755,366.5321,4029.4299,684.1629,1959.1656,623.22784,223.27913,1282.7179,3298.0325,5708.0684,1871.3149,1365.7286,252.69325,451.92572,3655.7476,639.83722,230.04872,2609.0894,341.7688,1127.6666,238.58714,73.056114,401.73111,1026.5217,6608.3291,869.39331,1980.9233,2378.8901,1113.4535,1225.1884,2123.9551,247.65254,600.13776,266.54517,2617.6892,2098.9092,1147.4586,1058.186,1427.5953,856.75775,485.47995,175.91806,240.90082,3102.8904,910.0257,220.39366,3264.2073
3351.4751,512.15491,523.16821,784.2865,4035.2454,493.33539,947.94031,495.15207,165.69736,542.64386,347.10452,4061.311,688.15204,1972.147,631.75684,228.85611,1262.9838,3164.1794,5728.0439,1870.3164,1393.6414,257.9151,449.87466,3732.3337,632.02301,233.73827,2536.1982,341.66904,1118.0922,241.17723,69.973877,377.19141,1049.3455,6553.4253,869.89191,1979.9503,2257.7561,1123.3762,1245.1589,1994.3242,235.14133,585.65857,272.63016,2691.511,2058.0088,1119.4963,1055.1914,1456.4858,891.66632,467.20334,176.81358,242.73206,3089.9163,894.56781,216.5088,3259.0576
3417.4253,551.68903,513.68317,875.70337,3882.0588,484.37295,943.94684,495.75046,161.93799,569.57654,355.67258,3962.1819,703.61078,1978.1382,636.63055,225.27094,1268.1769,3228.8816,5862.8794,1865.8229,1380.6816,259.73145,447.33301,3786.5405,629.72485,243.31117,2594.1116,351.95004,1164.9923,240.28061,69.724487,395.383,1058.8009,6623.3018,892.33758,2076.4609,2170.1899,1133.713,1258.1399,2009.2815,245.59592,611.62134,272.53046,2743.386,2135.8196,1118.4974,1104.1075,1464.4559,937.5462,493.27002,187.36069,246.07883,3092.4114,913.01764,216.5088,3369.7817
3262.5422,497.45377,468.65488,824.25018,3899.0244,453.70123,932.96484,497.14661,152.3535,560.10022,352.03619,3981.6243,686.15747,1972.147,629.92914,223.17953,1258.8296,3253.0261,6032.6743,1866.3221,1385.1678,254.79315,436.86731,3749.7397,632.48279,237.02895,2684.9751,372.01303,1129.8831,230.21916,67.879143,371.88544,1065.9744,5645.0303,880.86548,2066.5112,2158.5146,1054.7417,1275.1147,1932.0017,232.57059,615.6156,274.92456,2652.605,2134.8225,1117.4989,1064.1759,1454.4935,907.62463,439.9881,185.86821,239.70106,3134.8274,916.50806,217.50496,3345.7485
3341.4827,534.80249,453.17941,856.7207,3924.4724,447.0292,950.9353,500.13849,149.75768,564.58899,342.52161,4069.3191,693.63745,2007.0963,639.6767,223.97624,1285.8339,3272.8291,6122.564,1883.7971,1410.09,262.28714,430.58792,3815.385,638.91791,241.91513,2715.9287,377.90216,1159.6726,230.21916,67.779381,385.90817,1064.3438,5435.4004,846.44873,2097.3545,2164.3521,1057.7308,1297.0823,1937.4861,227.08626,630.59399,275.92215,2618.2483,2137.8152,1164.4358,1060.311,1479.399,905.62976,453.27112,190.24625,239.95363,3158.7808,898.55676,219.34776,3371.498
3365.4648,543.54376,433.01154,839.23663,4138.0361,426.91342,965.91071,496.74768,150.45654,545.63635,349.04727,4175.4478,706.17468,2048.0374,631.75684,231.34589,1312.8383,3257.4739,6262.3945,1909.2604,1466.9121,267.96429,416.63376,3829.3093,652.70752,237.72696,2715.9287,377.10355,1192.6543,232.90886,65.734543,420.87012,1087.3853,5510.2686,831.98383,2053.5762,2149.7581,1083.7814,1302.0748,1981.8595,228.62866,629.09607,287.793,2494.5203,2233.5823,1173.4237,1080.2794,1500.3199,882.68982,442.98425,185.27118,240.64828,3232.1362,954.90363,226.61949,3259.9163
3354.4729,673.76794,470.25223,813.75983,4138.0361,439.10251,981.8844,510.60992,166.63039,508.2298,354.62646,4217.3032,705.67584,2059.0217,636.63055,237.32124,1329.4567,3293.6902,6187.4858,1930.2303,1501.3048,265.92056,449.02744,3722.884,638.91791,238.82387,2857.7161,356.64139,1180.9513,238.18864,68.03376,419.35416,1087.3853,5440.3911,834.80475,1860.5563,2251.9182,1153.6627,1302.0748,2224.1702,227.94313,622.10614,284.20175,2581.3291,2251.5396,1200.3875,1091.2616,1520.2446,915.27936,520.2356,171.84897,226.75621,3273.0557,958.39417,228.86079,3210.1333
3128.6428,727.90381,479.03827,889.19116,4108.0972,439.00296,963.91388,488.07129,171.22296,512.71857,366.93051,4118.6484,683.23389,2066.0112,617.74481,231.24625,1266.0997,3334.2485,6072.6245,1889.7883,1480.3701,259.33496,464.97528,3552.3064,602.60529,225.96028,2890.667,363.7283,1142.65,243.66766,67.834251,405.52097,1035.5426,5150.9028,825.82294,1882.4452,2154.8655,1190.8777,1234.1753,2327.8755,234.45581,596.64294,291.68341,2563.3687,2151.7808,1121.4935,1150.1678,1476.4105,904.80487,555.4906,174.63519,235.65977,3184.73,913.51624,227.16737,3336.3069
3061.6938,758.29926,482.43292,906.67529,3919.9817,430.73489,945.9436,476.12076,171.22296,531.17242,372.36023,4155.5181,717.14618,2036.0542,609.9483,237.42079,1266.0997,3302.3738,6052.6494,1843.3552,1454.4512,265.4664,451.02097,3698.5164,601.68603,224.56424,2882.679,363.22925,1204.3575,222.24963,66.906517,401.25736,1059.4531,5076.0352,803.36871,1976.9653,2126.4067,1114.3802,1208.2137,2293.9717,229.48564,591.1507,288.19202,2508.489,2221.6118,1154.5774,1106.2379,1504.3049,864.90167,551.39575,183.3918,217.34747,3048.498,936.95239,218.35165,3323.4321
3096.667,645.06097,440.79907,876.203,3790.7461,424.45908,934.96155,487.79181,161.73827,523.74866,359.45844,4184.4185,727.61902,2056.0254,609.33899,209.03784,1288.9497,3239.8953,6207.4619,1869.3179,1435.5105,264.10379,430.33881,3737.3066,606.8656,216.18071,2877.6868,356.84106,1233.0833,215.06751,64.85154,392.06674,1077.9297,5255.7188,818.3382,1941.1472,2070.948,1077.9922,1219.42,2127.4453,221.62524,580.16644,265.84686,2438.6428,2234.5798,1134.6021,1081.2777,1494.3427,858.4173,497.81421,180.70515,201.119,3101.6465,939.44574,217.9034,3263.3496
3034.7139,574.33673,411.14621,875.70337,3931.9573,416.09152,956.92548,486.59479,165.08292,531.2309,361.22104,4209.8296,718.14355,2066.0112,656.25812,201.56865,1327.3795,3064.2371,6152.5283,1891.2864,1448.4703,259.33496,428.59454,3755.2104,614.6814,204.40895,2865.7046,356.21048,1218.1882,214.66882,66.238152,404.19455,1097.7098,5340.5679,808.35846,1951.0968,2070.2183,1056.0771,1232.403,1986.3469,222.82509,592.64856,254.57455,2487.5347,2247.5488,1163.566,1073.2904,1532.1993,860.91132,505.854,181.00366,204.14998,3159.5378,954.90363,223.63109,3362.915
2917.8018,596.289,428.31894,964.62262,3886.5498,434.9187,985.3786,482.30539,175.56593,579.11652,360.22461,4132.5972,739.58832,2021.0759,656.25812,200.75296,1329.4567,3038.5808,6477.1338,1835.3667,1431.7075,257.74533,427.84692,3679.6187,613.30212,212.29009,2870.6968,360.60327,1250.106,224.63492,70.168533,421.34384,1072.278,5335.5771,814.84528,2079.4451,2080.4341,1103.2158,1231.4044,1946.959,220.4254,589.70013,260.04144,2569.3555,2204.6526,1149.5837,1093.2587,1529.2107,893.83148,525.52887,204.48741,207.49677,3075.1963,952.41052,228.21333,3672.7698
2947.7791,607.91071,435.90689,985.10394,4014.2886,453.94516,1030.3048,481.8067,185.89917,597.07355,360.67304,4190.895,758.04053,2021.3313,655.03943,204.53888,1337.7659,3018.1187,6252.4077,1880.3019,1448.1578,267.28299,447.06158,3765.8933,614.6814,219.97163,2878.6851,373.98105,1263.9368,239.18536,72.273407,366.29535,1096.623,5525.2417,826.82105,2101.334,2127.0063,1152.8358,1248.3826,1958.4264,210.8268,603.68115,268.72272,2730.0027,2285.4568,1177.5491,1121.2141,1538.1768,929.74438,542.10767,204.98492,211.2224,3146.5623,968.36707,231.69977,3647.0203
2948.7783,613.77148,427.62003,976.61169,4030.7554,437.60831,1030.3048,489.68713,179.35979,576.62256,357.28497,4191.394,736.09735,2044.301,641.02466,201.35074,1350.2294,2990.4954,6277.9961,1858.8328,1454.6385,260.47037,443.42294,3741.5232,623.4165,212.98837,2937.5964,364.19727,1237.3389,232.00981,69.829369,337.87097,1064.0179,5340.5679,834.80475,2046.6121,2081.0208,1099.908,1258.3696,1889.6221,207.57013,621.6568,245.67229,2650.1782,2257.5247,1186.5381,1115.2238,1534.1919,901.81213,526.52759,189.5613,204.59207,3192.9741,956.3996,227.51605,3590.022
2864.9424,638.20709,417.93545,958.62805,3844.1367,419.87689,1014.3309,478.31528,169.12634,545.69635,369.44196,4203.8501,726.6217,2038.3092,625.79114,202.14777,1328.4181,2985.3796,6312.9561,1808.4049,1409.2748,259.33496,432.40723,3658.4666,603.6474,204.90776,2947.5815,357.80783,1213.933,221.74474,66.886566,348.05225,1061.7086,5275.6821,795.38483,1966.021,1993.4296,1027.1318,1225.412,1936.4886,206.88457,616.66351,241.28172,2546.4058,2234.5798,1137.5984,1109.2329,1525.2258,859.91388,515.242,182.38214,191.39456,3158.5393,948.42126,214.01849,3493.8762
2773.0083,632.24719,423.22705,993.0968,3785.2568,405.33301,975.89435,477.61697,165.48221,530.23321,371.83344,4102.2041,700.19006,1962.4091,609.33899,202.84518,1331.5339,2903.5327,6203.0786,1767.464,1383.3522,249.57016,429.86505,3558.9978,596.75128,203.51115,2848.2119,353.41516,1169.248,214.66882,64.891449,333.17487,1042.3574,5265.6992,821.33215,1932.1924,1932.1157,1013.0729,1203.4407,1999.8087,210.8268,590.19946,231.10359,2439.6406,2125.8438,1113.6281,1085.2716,1468.4407,822.0058,525.52887,175.21425,194.9308,3063.2192,916.50806,210.45338,3359.0999
2773.0083,654.59686,429.61688,1032.0612,4023.2703,373.35663,931.96649,479.61212,153.65138,438.75183,392.26108,4369.7715,611.91821,2061.2783,602.94104,204.73811,1402.1615,2943.4331,6173.1128,1875.3092,1477.5698,232.99272,446.56317,3673.8848,596.75128,173.98206,2910.1294,340.83597,1069.2397,187.86017,56.861065,309.29547,1070.1886,4839.4536,912.14777,1512.324,1789.0499,1021.343,1281.34,2071.6042,222.48224,602.68243,226.71301,2376.7788,2216.1157,1180.5454,1084.2729,1414.6443,772.62555,562.58154,135.49243,204.97093,3259.3491,925.48376,218.52477,3287.8491
2730.0393,752.93536,468.85449,1078.0194,4493.3086,402.14542,926.97473,528.69055,139.77385,414.01092,443.82852,4862.0566,606.93109,2313.9451,578.87201,228.15099,1494.7218,3269.7991,6642.5889,2103.9814,1595.217,241.84911,468.39539,4040.9248,667.55212,180.46648,2953.0718,329.45477,1105.5112,190.551,54.217518,303.32565,1201.8423,4906.335,973.02411,1532.223,1752.5537,1061.0387,1393.1948,2338.3447,243.90775,624.15338,235.59396,2416.6909,2423.6582,1280.4226,1163.1472,1564.0786,818.01544,580.85815,138.67815,223.78836,3613.1812,1027.4823,228.38977,3082.6807
2823.9722,740.02228,455.97501,1085.0131,4564.6636,361.6022,919.68506,536.17206,139.02506,372.31058,455.38763,4880.9897,585.55536,2335.9163,563.33392,224.46472,1496.7996,3313.7922,6607.6274,2140.4287,1647.5601,235.03647,469.34244,4014.0684,676.74713,180.36673,2972.0466,309.18832,1073.5905,176.39918,52.47179,300.67233,1206.7343,4934.2856,942.58594,1412.8287,1819.707,1008.938,1410.1729,2361.28,251.96376,639.13306,223.42009,2387.7546,2457.5835,1308.3878,1145.176,1554.1162,769.63281,586.05157,130.91296,206.10754,3644.6218,1023.4923,227.19402,3097.2742
2789.9958,830.51349,507.19354,1128.9731,4492.8101,380.5289,957.63074,535.67328,149.55801,408.42429,455.53708,4818.2085,627.45215,2342.9067,593.80084,234.52727,1503.0317,3353.6931,6682.5439,2094.9941,1645.0677,241.16785,477.81607,3970.7991,679.96539,188.04826,3141.821,331.25177,1111.895,187.95981,55.853527,308.2532,1184.448,5117.0981,959.55145,1563.0662,1874.4514,1065.174,1392.1962,2462.4922,255.22044,651.61615,228.70872,2544.4099,2444.6118,1297.4014,1221.0551,1580.0183,844.95013,599.13489,143.35713,209.51744,3577.2485,1016.5094,227.09435,3171.9585
2733.0374,770.51709,490.81964,1168.9369,4603.0845,376.54437,953.13715,531.18433,151.55478,410.02048,450.50494,4796.7832,650.39539,2348.8989,596.84759,239.8076,1518.6124,3439.6323,6727.4937,2135.4358,1654.5394,247.9805,492.07184,3998.6506,694.67725,187.64926,3215.7231,325.3616,1160.8397,194.73673,54.357182,300.19861,1199.1244,4864.4878,966.53723,1589.9299,1894.8894,1101.5616,1406.178,2356.2939,246.99298,692.06134,224.61748,2575.3425,2458.5813,1293.4065,1235.033,1606.9164,868.39319,612.61762,146.24416,201.81361,3551.7971,1018.5045,234.71732,3204.5801
2689.0691,824.95105,499.70544,1194.9131,5037.6953,389.5939,968.61511,532.68066,154.30034,436.45727,425.34399,4807.7456,669.34863,2361.8818,584.96545,240.20616,1491.6058,3401.7778,6737.4834,2157.9038,1682.954,253.2036,493.56723,3962.3447,656.51843,195.5303,3271.6484,335.74435,1164.0317,205.00179,53.020447,302.56757,1177.3815,5017.252,880.21258,1678.4803,1977.3713,1104.0427,1433.1431,2454.5142,271.16098,711.53491,223.81923,2612.2612,2443.6145,1241.4703,1260.9916,1510.2825,923.75891,603.82874,154.00935,197.0146,3526.8445,1014.5142,228.73853,3312.7437
2910.9094,854.15466,513.18396,1195.9124,5209.3452,417.08765,975.60504,529.68805,151.75444,435.65921,417.87042,4814.7207,667.35358,2348.8989,582.22345,231.9369,1523.806,3410.9856,6782.4326,2176.8765,1689.4349,255.24734,528.75787,4026.9998,654.67926,198.52312,3269.6514,350.5199,1170.4158,212.77527,53.020447,304.74707,1162.1611,5211.9512,880.71155,1714.2987,2003.6487,1139.1899,1429.1481,2477.4487,260.19113,715.03009,229.40723,2662.1523,2393.7244,1264.4419,1276.9659,1532.7887,942.71289,637.78546,153.51158,195.49908,3534.8296,984.58758,232.92368,3389.1455
2989.8525,851.17456,513.18396,1224.8859,5094.5796,418.18341,1014.5493,530.18683,163.13603,439.25055,431.25189,4953.7363,661.86688,2416.8096,611.16705,233.43137,1563.2773,3458.0483,6962.2324,2177.8752,1685.9452,258.19952,543.31281,4087.178,654.67926,199.52072,3354.5386,364.89618,1176.8,212.27698,55.264969,335.92294,1195.3192,5486.5273,893.18628,1703.3542,2070.802,1179.7131,1463.2107,2402.1633,274.07483,738.99762,237.09074,2779.8933,2442.6169,1286.415,1349.85,1549.731,976.63062,655.6626,152.31696,202.69768,3622.4443,1003.5411,238.00566,3485.2917
2976.8621,864.18707,563.60388,1205.0873,5048.3472,412.80417,1028.5293,527.69293,160.10075,449.62588,432.89642,4855.5781,647.40259,2400.8303,619.08838,236.12134,1561.2002,3476.4636,7142.0317,2175.7419,1663.6987,258.88089,541.5946,4028.4912,657.50037,195.13127,3334.5647,366.89282,1153.3916,205.2011,55.113796,319.90854,1174.6633,5431.6123,864.74396,1739.1722,2089.0503,1143.7386,1452.2244,2439.3877,271.50385,735.00305,241.58109,2725.0134,2408.6912,1253.4559,1352.8451,1515.8464,949.19714,624.00305,152.6156,201.05588,3599.9856,984.08875,234.21909,3499.0266
2947.8828,852.76386,540.64032,1254.0502,4945.5435,417.08765,1031.5253,539.16455,165.74196,497.91055,433.39475,4793.7935,658.37561,2416.8096,640.4154,234.92581,1515.4962,3458.0483,6997.1934,2148.7759,1644.7532,260.0163,545.28363,3975.9993,653.82208,201.31641,3300.6099,369.58841,1162.9677,206.63557,57.877468,326.92075,1168.1405,5511.4888,863.92224,1873.4907,2194.8894,1119.3423,1443.2354,2460.8301,268.93274,728.01251,240.98236,2749.251,2409.6892,1222.4939,1337.8691,1514.8496,958.67426,622.10553,163.46692,206.48645,3562.553,979.10089,232.22613,3602.8989
3152.7356,802.60126,505.69586,1283.028,4929.0752,434.22138,1088.4437,546.64606,174.02905,501.80127,429.55759,4849.604,665.85718,2393.8396,637.36859,235.02542,1538.3483,3430.4248,6977.2153,2143.7825,1650.2373,270.28137,579.1831,4108.2988,657.9602,208.59892,3309.5981,374.38043,1168.2878,215.70642,60.810757,335.54392,1163.7919,5671.2422,875.90045,1850.6068,2262.7722,1164.9589,1459.2158,2320.71,268.5899,740.4956,245.57253,2829.0845,2424.6563,1239.4728,1369.8181,1543.7511,981.11969,660.5564,163.47208,216.77918,3656.3826,989.07648,227.74208,3681.8762
3153.7349,840.94342,499.20624,1232.0666,4809.8027,444.2825,1079.4565,546.64606,174.47838,487.73483,430.70373,4679.6782,654.38531,2279.99,622.74451,232.93323,1485.3733,3385.4089,6737.4834,2077.3665,1594.8971,264.3761,576.29169,3904.3772,645.086,202.41377,3233.699,369.98773,1125.7272,215.00867,59.1745,325.59415,1146.3975,5431.6123,788.55988,1806.8289,2218.2468,1157.9287,1425.2573,2343.6477,248.70709,723.51855,240.48343,2738.2742,2385.7415,1215.5024,1356.8387,1539.7648,967.27508,638.88403,155.00975,209.70688,3523.6233,976.10834,220.51767,3450.9541
2709.0542,808.95862,490.84213,1228.0697,5085.2769,432.22906,1087.4451,533.1795,164.44398,472.27176,418.99304,4697.1187,613.48627,2285.9819,591.97278,224.46472,1526.9222,3405.1765,6812.3989,2118.3147,1611.3496,255.9724,565.02508,3929.2466,672.67352,192.63725,3185.7632,366.79297,1071.5505,207.83173,56.380898,300.76712,1144.2233,4997.2822,779.57629,1739.1722,2162.7722,1116.1604,1428.2539,2273.3379,249.39265,727.51318,239.78496,2673.4094,2398.7134,1228.4863,1342.8611,1514.8496,928.86346,606.32562,147.14479,213.81128,3510.1482,976.60712,217.77743,3485.2917
2663.0876,944.64581,515.20441,1229.0691,5160.1328,450.2594,1092.438,523.2041,171.13358,496.01508,435.43771,4922.3589,636.42981,2313.9451,603.24567,226.55692,1552.8903,3508.519,6972.2212,2222.1831,1648.2432,265.96603,572.60272,3968.5391,653.82208,186.25258,3272.6472,382.2674,1118.3718,223.28207,55.852108,303.8941,1168.1405,4814.5645,756.61823,1828.718,2165.6924,1164.5454,1462.2122,2512.1909,247.67868,737.99902,253.35577,2734.2827,2466.564,1265.4407,1417.7417,1528.8021,970.26819,638.28485,154.81068,229.28201,3624.9399,998.55328,219.91981,3380.5613
2598.1338,961.13501,523.19214,1270.038,4994.4507,438.80371,1033.5222,522.70544,167.53917,493.12195,448.49393,4913.3892,630.94324,2276.9937,408.25717,227.35397,1552.8903,3564.7944,7017.1709,2207.7017,1638.2721,266.64743,576.9895,3952.6226,654.74164,186.75139,3289.6245,376.27725,1125.8202,217.99902,54.425369,313.74918,1187.1656,4768.6357,751.62726,1805.834,2213.8674,1130.2211,1461.2133,2567.5408,246.82156,737.00031,245.27315,2690.3743,2499.491,1242.4691,1461.6718,1562.6869,945.82434,627.49853,153.41685,231.05006,3647.8977,1000.5485,220.96611,3361.6755
2503.2021,1014.1782,549.15204,1320.9995,5076.293,448.16748,1003.5651,539.16455,173.33015,478.5567,484.37351,4857.0781,585.55536,2320.9355,367.73608,214.40216,1550.8129,3723.3884,7157.0151,2228.675,1704.082,253.47403,617.66901,3838.2275,674.51276,174.68041,3471.3828,370.38702,1049.2047,220.69038,52.380054,300.38809,1130.0902,4513.0303,806.02795,1744.147,2328.4661,1190.1852,1466.2072,2669.2649,265.84747,740.4956,231.50275,2764.2197,2319.8872,1239.4728,1522.5747,1510.863,960.78998,673.0404,147.04524,254.0983,3712.7808,917.75128,222.75974,3253.5112
2459.2341,999.27826,519.19824,1314.0046,4937.5591,444.15591,987.08856,541.65851,169.88551,481.54959,487.86172,4870.0356,592.10944,2315.9424,359.81461,210.51663,1553.9291,3745.8992,6932.2656,2187.2275,1686.1337,255.291,617.76874,3869.5613,662.72473,172.08662,3535.2979,363.3298,1057.7174,210.12437,52.310215,309.86401,1161.074,4594.9043,830.98248,1697.3845,2216.0574,1146.7629,1458.217,2588.9824,262.07651,729.01123,232.40077,2763.2217,2339.8433,1238.5729,1477.6465,1542.7548,923.37616,651.26813,144.35718,257.25552,3541.0918,941.69263,224.25442,3291.283
2520.1902,1086.6903,517.70068,1323.9971,4942.5488,438.87555,1023.5365,538.16711,182.91522,477.75864,491.10095,4650.2788,601.08856,2253.0256,374.13412,215.73337,1542.5033,3682.4614,6572.6665,2175.7419,1653.7273,257.78943,624.54858,3944.665,682.20203,170.59019,3458.3999,356.93985,1075.8075,208.62918,55.014019,316.87628,1159.4436,4802.583,774.08643,1722.2584,2193.4297,1145.522,1452.2244,2661.2866,258.81979,721.52136,240.38362,2800.145,2360.7971,1220.5934,1433.7164,1592.5851,936.84503,704.69989,144.95453,266.22229,3480.2024,951.66815,222.75974,3257.8035
2505.2009,1092.1536,530.18133,1262.0439,4608.1885,445.15225,1000.5693,541.24377,191.00266,455.61151,490.50287,4691.6372,588.61768,2172.1328,360.18399,213.54117,1531.077,3588.3279,6587.6504,2184.7305,1622.8166,252.11128,622.7345,3972.0205,670.71533,171.58783,3379.5051,362.73074,1055.5894,211.12115,57.608082,328.53171,1151.2899,4966.3311,761.10999,1705.3439,2170.0715,1132.2888,1470.2024,2823.8457,251.80748,720.52252,253.45558,2840.0613,2304.9202,1207.6084,1425.0076,1581.6226,950.81287,701.7038,142.46565,272.47372,3436.2813,935.70721,226.64592,3123.8857
2468.2273,1064.3407,530.68054,1216.0786,4359.6636,417.35519,958.62927,537.75183,181.06807,456.32898,444.9559,4504.769,589.11645,2097.2314,347.08084,209.65498,1444.8632,3334.5771,6317.9517,2055.8936,1524.1011,248.02293,593.11841,3800.9238,676.70831,167.62143,3237.6936,358.138,1043.8842,207.03432,55.333298,326.06796,1105.6294,4934.3799,724.67664,1668.531,2062.3354,1078.9414,1381.3113,2720.1274,244.26524,682.5741,254.25385,2765.2175,2242.0586,1123.7051,1370.0842,1565.6768,906.41498,632.09271,141.07182,255.74005,3312.2834,921.24268,212.89475,3052.6348
2596.135,1140.8262,704.9115,1383.9519,4317.7446,450.03424,965.61932,589.13257,201.43637,471.0976,433.89304,4292.4868,585.62488,2010.3458,335.50137,202.87907,1380.4625,3144.2629,6028.2739,1979.9902,1530.2651,250.29425,618.14746,3416.4548,636.75513,168.81871,3255.6692,358.53735,1050.801,229.16315,59.364059,310.05356,1038.9875,5032.2285,740.14832,1678.4803,2027.2942,1222.0282,1296.415,3060.7043,253.86446,650.11816,234.69583,2854.0322,2172.2129,1073.7627,1372.0814,1477.9751,935.34845,616.41272,144.95453,250.62521,3158.0493,876.85144,203.87669,2980.5251
2548.1702,1082.2205,664.97327,1405.9349,4315.249,452.42535,978.1015,592.12567,211.92006,487.86191,446.22906,4344.811,602.08606,1986.3774,352.26117,198.8932,1434.4757,3213.8406,6158.1299,2026.4315,1518.2985,252.11128,632.00818,3442.8159,644.24634,169.61693,3242.687,367.52322,1058.25,231.95415,59.304199,318.77145,1009.8517,5082.1514,764.60364,1765.041,2150.6694,1253.0443,1352.3466,2926.0688,225.40964,684.07202,238.38792,2866.0071,2215.1179,1106.7247,1368.0872,1437.1139,949.81519,624.40247,152.22218,268.3692,3114.625,891.31604,204.17564,3094.1011
2606.1284,1227.245,721.38611,1498.8646,4293.2905,455.81287,938.6579,602.60132,215.16502,467.10608,453.50589,4406.103,591.11182,2039.4403,347.38559,203.3773,1428.2434,3360.1565,6093.2017,2012.449,1536.2485,249.83997,639.18781,3483.1489,643.2475,167.62143,3155.8027,356.34076,1033.2433,237.1375,58.635735,317.69833,1003.8724,4943.3662,785.56531,1696.3895,2173.3005,1281.9926,1379.3135,3104.5847,228.32376,689.5647,235.52957,2863.0129,2206.1379,1115.7146,1399.0437,1459.0392,934.84961,633.69074,146.54742,267.99039,3167.5332,892.31354,198.24672,3031.4292
2574.1514,1200.9221,692.43079,1533.8383,4047.2607,441.7648,948.64368,592.62445,212.61899,474.29077,465.16882,4332.3525,585.62488,2031.4502,330.32101,207.4628,1392.9271,3260.9063,5923.7397,1955.0219,1462.9514,243.02614,625.32703,3378.1865,641.24982,166.52391,3078.1021,349.7511,1021.006,241.72276,57.418514,310.11609,981.63708,4858.4961,786.06451,1687.4349,2082.7764,1291.0907,1335.3672,2997.376,226.60954,638.63379,228.54352,2783.1804,2122.3225,1115.7146,1415.0215,1472.9916,937.34393,644.17731,150.1315,261.10751,3105.1411,880.34296,190.76187,2927.5486
2687.0703,1205.8887,755.33356,1638.7587,4271.832,480.91989,926.17572,599.1095,232.73766,466.60715,474.68854,4405.1069,620.54279,2052.4243,292.53525,216.23161,1430.321,3266.0229,5908.7549,2040.4136,1473.921,250.74847,671.89502,3452.804,664.72241,191.06848,3041.1487,347.35489,1079.0994,243.01862,61.598949,320.92075,1002.1875,4846.5146,799.53986,1707.3342,1990.0624,1318.3845,1371.3231,3214.7864,229.00938,624.15338,246.50764,2929.8735,2142.5981,1167.6547,1439.9867,1486.9442,997.2063,656.66138,153.71555,275.44153,3119.1167,890.31842,197.73854,3020.2686
2684.0725,1125.4297,668.96704,1609.7806,4392.6021,476.83499,946.21137,591.12799,227.79535,456.02963,488.14569,4491.3159,627.52637,2068.4038,298.69067,229.28522,1469.7925,3266.0229,5853.813,2052.3984,1521.7885,251.42989,665.01459,3472.2048,670.21594,195.45856,3067.1157,342.3627,1096.1266,241.92215,63.634285,336.55936,1012.2997,4942.897,820.00238,1697.3845,2007.5833,1309.2865,1389.3014,3083.1428,231.4092,648.12097,249.50166,2978.7712,2178.5242,1181.6383,1408.0314,1511.8597,996.70727,684.12616,152.32176,253.08789,3146.5698,877.84906,199.78169,3110.4131
2697.3262,1117.9797,674.45856,1565.814,4398.5898,478.52872,942.71613,592.12567,224.60034,468.30353,501.4035,4542.6411,639.49823,2085.3826,317.21793,229.68382,1512.3801,3223.0488,6048.6074,2094.3452,1544.7252,258.47082,644.67212,3520.9551,670.71533,203.04144,3149.0125,346.15677,1138.6943,246.20834,63.654243,333.62119,1034.3726,4914.936,815.51074,1756.0865,2055.0352,1327.4824,1436.2439,3055.7175,233.29471,653.11414,248.20427,2978.7712,2223.4321,1201.6155,1411.0269,1548.7343,996.2085,660.75604,153.21773,259.97082,3266.8618,897.93048,199.88138,3229.7473
2743.2974,1152.2495,673.95941,1578.8042,4429.0317,484.60626,951.70386,590.13031,223.10265,461.41815,507.98242,4605.9263,628.02508,2106.3562,323.61713,233.27109,1559.1226,3270.116,6033.623,2107.3281,1557.6891,260.2879,655.04285,3524.4375,679.20538,205.93491,3177.9758,349.7511,1134.4379,246.80643,62.367191,331.72555,1034.6985,4975.8481,817.00793,1767.031,2079.8562,1346.0919,1447.2305,3149.9619,229.00938,654.11273,248.80306,2991.7437,2217.4438,1219.5947,1414.0228,1547.7377,1011.673,662.75354,152.81952,261.2337,3286.8274,898.92835,199.18373,3241.7666
2653.3535,1127.4161,692.93005,1590.7952,4541.8154,487.59512,938.22223,603.59906,234.88434,492.85126,512.86694,4558.5874,635.00879,2078.3914,314.17068,232.6732,1514.4576,3323.322,6203.4429,2140.7861,1579.1299,259.37939,667.10858,3520.4573,685.19836,205.03694,3156.0034,344.06003,1124.8601,248.80002,65.749428,316.2767,1026.8699,4093.1167,812.01703,1924.2332,2098.1074,1333.6857,1437.2428,3086.634,223.0099,656.60938,251.49768,3012.7,2210.4585,1210.605,1441.9836,1534.782,1057.5674,694.81268,167.75302,251.95128,3288.325,894.93744,210.6454,3383.4219
2578.3999,1320.6166,723.88232,1598.7888,4600.2046,487.29627,952.70251,610.08392,234.88434,514.90442,516.3559,4713.5649,616.6239,2133.3228,314.17068,229.38487,1516.5353,3415.4092,6113.5391,2194.7175,1581.1241,256.19955,676.08331,3571.6953,692.68964,208.12996,3243.8918,352.44687,1085.4845,247.90288,65.88913,321.39475,1040.4613,4036.1985,815.51074,1986.9149,2076.2063,1333.6857,1462.2122,3408.2617,226.78098,673.58637,264.07257,3040.6421,2210.4585,1234.5774,1523.8693,1547.7377,1082.5103,717.58356,171.83484,260.16034,3377.1714,887.95349,213.98422,3513.9167
2520.4358,1280.8842,760.82513,1573.8077,4310.2583,471.55453,934.22772,599.1095,227.04651,493.5498,496.76819,4743.9619,589.18518,2133.3228,312.95175,227.19267,1462.5215,3448.1504,6058.5977,2149.2756,1542.2321,247.1145,676.48206,3582.6392,665.2218,201.04594,3138.0259,343.06162,1047.7054,237.7356,64.921349,319.59396,1019.9109,3914.374,587.92633,1922.2432,2030.9442,1280.7518,1423.2596,3440.6741,236.03731,642.62836,262.17633,2980.7668,2205.4683,1203.613,1487.9194,1500.8969,1057.5674,751.9397,166.85701,250.43576,3355.2095,892.94208,205.36304,3537.0967
2427.4937,1359.8531,821.23193,1637.8082,4230.9097,483.70956,895.78003,591.12799,230.24155,471.49674,485.25485,4903.9204,581.70178,2087.3804,310.51398,226.19618,1472.0842,3484.9856,6183.4653,2241.1589,1515.8051,248.4772,685.65607,3697.55,652.73639,204.23874,3248.8855,331.979,1055.687,243.01862,65.719521,326.03891,1002.7311,3844.4744,605.89362,1907.319,1966.7015,1304.3241,1410.2755,3557.8567,235.18027,609.17364,253.99268,2916.9009,2257.3621,1190.6281,1523.8693,1487.2061,1080.5144,780.60309,166.95659,260.85486,3227.929,897.43176,192.70543,3402.3096
2405.5071,1323.1002,811.74652,1620.8208,4349.6826,491.28149,886.79224,582.1488,228.49426,500.43518,477.08087,4946.2769,584.69513,2126.3313,296.19186,225.99693,1500.1342,3436.896,6413.2222,2210.198,1543.2291,250.06712,683.26288,3718.4436,660.72705,205.03694,3177.9758,338.16928,1068.4578,237.33687,65.699547,322.43723,1009.0377,3879.4243,642.3269,1961.0461,1939.6906,1323.7606,1440.239,3381.3352,230.03784,629.14648,264.27213,2951.8279,2242.3931,1209.6062,1505.8944,1475.2444,1077.5212,800.47772,171.83484,249.17293,3262.8689,911.39948,193.45291,3407.4604
2498.4497,1343.4634,864.66486,1642.8046,4617.6699,498.15607,879.80182,610.58282,228.29457,507.42029,458.14117,4991.125,606.64618,2164.2834,320.56988,233.1714,1501.1727,3472.707,6782.8315,2251.6458,1586.6093,256.65378,684.95813,3750.7764,668.71765,208.52905,3165.9907,327.98526,1115.2821,242.22118,65.490021,323.95371,1042.0924,3960.3081,654.30505,1966.021,2028.7543,1340.3024,1467.2061,3562.8428,251.12177,646.12347,264.07257,3034.6548,2299.2761,1184.6348,1537.8497,1532.0615,1080.5144,794.18567,173.22864,250.05692,3304.7966,947.81561,197.04092,3434.0745
2607.3818,1336.0133,835.70966,1702.761,4586.231,496.56195,894.28204,605.09558,236.63161,519.39477,444.58435,4987.1396,608.64185,2159.2893,318.13208,231.77638,1530.2611,3487.0317,6772.8428,2270.1221,1634.9755,256.42664,705.49976,3761.7207,656.23224,205.03694,3058.127,326.58743,1121.667,243.21797,66.707253,308.50473,1045.1371,3846.4719,667.28131,2000.8442,2035.3246,1334.9263,1482.1877,3589.7698,228.32376,632.73438,267.86499,3062.5957,2305.2632,1201.6155,1511.886,1519.1034,1087.4984,772.01404,176.71313,247.21547,3790.7722,948.81335,197.33987,3379.1292
2609.3806,1244.1312,806.25494,1633.811,4601.6797,501.64316,882.79773,613.57593,225.54884,512.40973,445.76034,5052.916,613.63062,2168.2788,339.4628,224.90079,1524.0281,3386.7593,6797.8154,2268.6243,1634.9755,268.23727,648.46143,3817.4961,657.23108,201.64459,3009.189,323.2926,1135.5016,246.4077,69.121727,311.15857,1063.0776,3785.5596,655.80237,2014.7738,2131.6885,1330.7906,1492.1754,3306.5376,261.74954,641.72351,265.07059,3001.7227,2340.1919,1204.6121,1479.9305,1542.0293,1082.5103,729.56824,176.31493,239.95363,3766.8118,976.7489,202.17372,3262.3706
2594.3904,1263.9977,818.7359,1719.7485,4772.9067,507.12289,920.24664,642.00989,231.04028,520.89166,462.65949,5089.792,622.11163,2304.1079,312.0376,226.89371,1557.2719,3639.4873,7002.5991,2261.3672,1683.5757,266.19321,666.07532,3794.6096,672.71301,202.64233,3052.1348,329.78247,1129.1166,253.2856,68.263687,313.71756,1061.9906,3941.3354,677.26312,2069.4956,2151.3994,1363.4608,1530.1293,3331.8997,264.14926,644.71985,260.87891,3064.5916,2350.1711,1222.5913,1530.8596,1534.0552,1077.5212,744.7489,182.18875,237.55415,3853.1689,979.2431,201.52585,3237.4736
2629.3687,1132.8796,746.84668,1676.7797,4751.9404,539.00488,892.78412,635.52496,231.50949,535.8598,469.28958,5090.7886,611.13623,2304.1079,331.8447,222.01108,1568.6996,3727.4819,6992.6099,2266.3618,1668.1163,263.92184,664.97833,3828.4419,645.24512,207.23196,2907.3184,334.97433,1106.7687,248.00256,68.602905,321.11035,1064.1649,3960.3081,675.26679,2097.3545,2160.1594,1359.3253,1533.1252,3170.7917,258.664,645.21924,265.8689,3121.4729,2329.2148,1237.5739,1529.861,1498.1709,1080.5144,740.35437,191.64667,238.43811,4028.8811,969.76495,203.1704,3340.4958
2614.3774,1283.8641,851.18567,1682.7755,4889.2222,534.0235,923.24255,645.00281,230.0616,541.84705,461.61264,5174.5054,610.63727,2322.0854,347.69031,215.73337,1572.855,3704.9719,7132.4614,2316.3032,1683.077,262.78622,657.39783,3886.6521,635.75623,207.83063,3003.197,344.85877,1103.6697,249.09904,69.181587,312.10638,1070.689,3871.4358,648.81506,2096.6067,2143.3689,1456.0952,1534.1241,3445.1252,264.83502,638.22772,269.16242,3141.4307,2372.1262,1239.5715,1579.7909,1499.1675,1069.5398,729.46838,193.83687,236.607,4033.374,996.70288,210.69519,3350.7983
2628.3687,1244.1312,829.21954,1607.8301,4920.6724,523.56207,915.25354,651.48785,226.61665,541.34802,450.49619,5260.4175,605.64838,2319.0891,350.73761,215.63373,1569.7384,3691.6697,6967.6362,2305.3162,1666.1216,260.12366,646.62579,3796.103,646.24402,209.1277,2919.303,323.2926,1122.8268,247.70355,67.894531,314.57065,1101.4604,4124.0728,642.3269,2072.7251,2165.27,1423.425,1558.0948,3249.5999,259.3497,630.23743,266.06857,3077.5642,2406.0566,1241.5693,1598.7646,1499.1675,1058.5651,725.67322,190.65111,241.21655,4011.4097,1001.6913,210.89453,3356.8081
2604.384,1211.3518,833.21344,1651.798,4904.6982,530.03802,880.80042,641.01221,224.76941,545.3396,456.17899,5283.3457,608.64185,2317.092,344.03366,216.23161,1564.5441,3646.6501,7017.583,2280.845,1655.1505,259.44211,649.21912,3847.8452,651.2381,218.40672,3076.1045,325.58905,1127.0844,246.50738,66.16848,319.40436,1102.0039,4313.8003,681.25586,2083.6709,2187.9009,1394.4771,1562.09,3201.7163,258.49268,629.7381,263.77316,3023.677,2377.116,1214.6005,1616.7394,1471.2574,1059.563,762.02679,192.24399,234.39684,3933.0386,991.21551,207.40625,3398.0168
2482.4597,1227.245,867.66022,1689.7704,4785.8857,512.10455,881.2998,647.49713,214.98378,557.31415,468.99051,5340.165,646.63562,2343.0591,332.45413,217.02878,1586.3605,3572.98,7092.5044,2278.8477,1632.7094,266.25757,652.70996,3894.1147,641.74921,215.21396,3025.1689,323.09299,1169.6555,245.5106,62.876026,319.30963,1122.663,4017.2263,638.33429,2135.4141,2305.4355,1385.6783,1576.0726,3247.1064,273.23422,631.7356,261.27814,3108.1448,2398.073,1234.7212,1631.7184,1482.222,1027.6362,741.05353,193.63777,239.57477,4033.8728,1000.6937,202.52255,3452.9619
2707.3201,1162.1824,833.71265,1650.7987,4735.4668,515.74628,884.29578,641.51105,212.33768,570.78552,469.68845,5366.0835,651.12598,2363.0342,342.51001,215.53409,1611.2932,3712.1335,7127.4673,2295.3279,1642.6832,266.03033,642.23724,3914.0159,658.22992,216.91013,3012.1853,326.48761,1188.813,250.79362,62.571514,328.69263,1126.4689,4187.4404,631.66174,2210.0447,2279.8845,1376.1647,1581.0666,3113.4309,284.03336,662.69812,257.88492,3106.1484,2438.9888,1257.6975,1614.8765,1490.1964,1063.7623,708.59503,196.02713,229.2189,4026.8843,1011.6684,203.31987,3584.3154
2812.2549,1110.0336,817.2381,1582.8485,4558.748,508.27167,901.77191,619.06311,207.64458,572.78125,440.07752,5183.6602,643.14294,2333.0718,344.33838,206.96452,1572.855,3623.1162,7137.4565,2205.4329,1561.3969,267.16617,622.38861,3726.449,633.75861,216.01216,2852.3877,327.68579,1167.5271,253.68431,64.227852,341.67734,1089.4995,4273.3271,627.66711,2244.8713,2290.1052,1357.1375,1560.0924,3051.0833,276.49112,654.20844,265.46982,3063.2292,2315.2427,1236.7191,1578.924,1440.3573,1083.7203,685.02515,199.23625,219.49442,3931.0415,973.25702,198.08739,3609.2126
2808.2573,1099.1069,836.70801,1629.8141,4630.1348,522.72253,897.77728,625.67407,211.93825,578.34137,441.17413,5198.6118,655.11768,2404.9817,338.85336,197.1992,1618.5656,3851.2878,7122.4727,2243.8879,1545.9375,266.93918,634.85626,3763.2659,641.24982,209.52681,2975.2322,340.7652,1177.1058,245.31122,69.04718,347.45886,1087.3251,4299.2935,638.15308,2318.5071,2339.0168,1419.5966,1564.0875,3054.5747,278.37662,669.19025,274.85098,3181.0081,2320.2329,1268.686,1637.8463,1386.5306,1145.5905,720.28003,199.13666,231.42896,3965.4856,971.26148,198.38637,3464.1226
2770.2815,1023.6146,767.92212,1608.8293,4598.1846,530.19721,914.25488,646.1308,206.04694,589.31927,449.99762,5270.3872,661.604,2404.9817,350.43286,197.99641,1629.9933,3923.9346,7332.2505,2274.8521,1583.8379,267.16617,656.89911,3609.0334,659.36023,201.39114,3115.0549,336.87128,1181.3627,250.09529,69.845406,355.60989,1109.6152,4228.3857,738.5199,2379.2061,2331.7168,1455.1689,1594.3079,2971.7756,292.60406,699.15399,264.47177,3213.9456,2368.1345,1304.6489,1681.7887,1419.4246,1166.546,716.5849,195.15395,226.62993,3981.4595,993.21088,204.26671,3489.8779
2871.2185,1034.0446,772.91504,1595.8389,5167.7788,536.67499,898.27661,638.64661,205.59758,604.28937,458.62174,5391.0059,670.58502,2449.925,335.80606,191.71874,1663.2372,4029.7583,7437.1406,2302.3201,1660.6357,268.52936,676.34875,3698.5881,652.36707,191.81062,3126.0413,349.42499,1204.7771,254.58266,68.548271,357.60019,1134.0801,4339.2393,697.07477,2348.3586,2330.2566,1455.5829,1623.277,2962.7976,296.03238,688.66669,264.27213,3217.9377,2430.0076,1319.6332,1646.8347,1439.3602,1177.5231,744.64893,195.25349,225.87215,4096.0776,1024.6385,210.34639,3490.7368
2882.2117,1085.6973,807.86603,1565.8606,5110.8691,532.19031,936.22498,638.64661,213.38615,608.78033,470.81457,5384.0273,627.67554,2454.9187,354.69894,200.67015,1662.1981,4018.5017,7442.1348,2289.3352,1643.3743,262.84976,663.78143,3651.8203,645.87329,195.60292,3041.1487,367.30066,1137.7268,248.40008,71.621468,364.80341,1146.0408,4415.1377,697.07477,2419.0085,2268.9341,1452.6871,1624.2758,3159.8181,291.74701,695.71069,273.81973,3102.1563,2433.0015,1325.6272,1581.92,1504.1514,1166.546,735.06122,197.14535,230.48177,4131.522,1029.6268,219.56555,3586.8909
2948.1707,1045.4675,823.3443,1568.8582,5218.6978,524.7157,940.21948,664.09265,211.33916,599.79834,473.20779,5573.4307,630.17029,2433.9451,347.08084,202.56422,1706.9889,4054.3176,7282.3037,2334.2825,1639.3839,263.98566,673.33484,3662.5237,687.83258,199.7944,3170.9846,327.85428,1144.1125,249.59671,71.581566,366.13025,1087.4159,4378.187,698.07355,2430.9487,2257.1772,1446.8965,1652.2461,3182.2639,299.28918,712.69159,281.20679,3159.0488,2528.8044,1349.6019,1579.9225,1514.1194,1169.54,732.56439,198.83794,235.91234,4303.7539,1032.6202,229.43253,3641.8357
2995.1416,1022.6211,803.87164,1606.8307,5355.48,530.19721,936.7243,668.58307,210.59026,593.31128,461.44128,5560.4717,628.67334,2433.2334,360.00769,197.77924,1755.8191,4113.6694,7532.7876,2358.7542,1701.7277,266.48474,676.7265,3631.178,685.83447,191.01222,3144.0186,329.05267,1143.0486,253.98436,69.196838,348.5014,1031.3601,4355.2183,713.55292,2386.1714,2233.8093,1461.7874,1678.2185,3148.3462,305.63153,728.17395,274.61835,3152.062,2469.9255,1372.5784,1624.8636,1480.2286,1190.4956,744.04962,184.00227,230.54497,4365.6548,999.69598,229.18337,3627.804
2939.176,1073.7771,823.84357,1633.811,5328.5225,530.19721,881.2998,675.56842,206.29657,575.34729,466.4769,5500.6597,631.16827,2405.2651,325.25678,198.17796,1734.0012,4042.0378,7317.9922,2323.2957,1693.7474,267.84775,693.98376,3545.1001,680.33991,183.62721,2980.2261,309.57919,1128.1484,257.47455,69.855392,341.40451,1017.6678,4270.3311,716.54901,2367.2649,2176.1206,1484.9508,1692.2039,3256.5833,311.45969,696.7096,264.53601,3133.0979,2497.8679,1358.5931,1612.8791,1490.1964,1182.5125,779.20483,176.81387,228.27173,4321.7246,991.21551,220.31305,3420.0105
2959.2766,960.83698,778.90656,1609.8286,5275.6064,534.18353,909.76093,671.57678,202.95152,570.3573,465.33017,5481.7202,630.66931,2373.3013,393.53937,200.27141,1724.6508,3997.0122,7487.8306,2338.7776,1680.7803,273.5274,685.50488,3532.6616,686.33411,178.43777,3019.7285,305.38483,1135.5981,258.67117,68.388626,327.27801,1015.6723,4087.5732,712.05505,2263.7778,2084.1101,1482.8826,1713.1815,3036.6177,311.11679,713.69037,251.85826,3112.1375,2385.0994,1369.5815,1610.8818,1465.2767,1233.4054,749.14319,177.51117,216.08452,4269.8057,963.27985,221.89478,3348.7419
2930.2935,966.39948,770.91785,1618.822,5392.4219,526.70892,902.27124,648.62543,197.25989,563.8703,455.05926,5464.7734,620.19134,2337.3423,421.58392,207.84763,1732.9623,4034.8743,7133.1699,2302.3201,1704.2214,267.3934,679.02075,3557.5396,694.32629,182.42966,2937.8179,302.38898,1095.1554,256.67676,66.532745,325.09738,997.71344,4041.634,709.0589,2267.7935,1781.7899,1486.6051,1699.1964,3045.0977,322.94437,714.18982,252.9563,3151.0637,2304.7195,1367.5837,1624.8636,1503.1545,1192.4916,738.05737,179.00539,210.33832,4278.792,905.41333,223.04138,3399.4031
2934.2917,1017.1581,798.37921,1587.8445,5126.8447,524.21741,879.30249,632.16028,202.45221,562.37335,441.54758,5217.5522,604.22498,2285.4016,421.58392,199.57359,1618.3578,3975.5232,6983.314,2265.8628,1631.4041,261.03232,709.94446,3431.6572,668.35156,181.03249,2867.8936,300.29178,1078.2487,257.57422,66.003906,315.99588,949.62366,3850.8877,690.58356,2231.9546,1776.6782,1456.8237,1658.2399,3234.1382,305.46008,687.22034,251.25928,3098.1638,2177.9551,1323.629,1594.903,1448.3313,1179.5188,776.20868,175.51889,213.17989,4148.4961,865.74451,217.1089,3406.272
2968.2715,1043.9778,814.35687,1542.8773,5121.8521,533.18689,873.02246,616.19415,207.84428,588.32135,442.74429,5202.6006,606.79297,2253.4375,404.20847,207.05011,1575.9509,3939.7075,6888.4033,2258.3706,1610.4568,259.44211,726.40363,3437.6277,657.36212,176.24223,2780.9875,304.48605,1079.313,266.34949,66.38308,326.61441,932.56281,3761.0068,684.59143,2355.3989,1732.1335,1472.5416,1630.2697,3353.8464,321.05887,670.73914,245.96855,3151.0637,2203.907,1303.65,1622.866,1469.2639,1191.4938,801.776,177.71039,215.3268,4171.4595,868.2395,218.10597,3299.7988
2853.3389,1109.5367,857.29663,1579.8505,4990.561,527.70551,851.54651,610.70581,208.19377,584.32935,443.54193,5260.4175,605.79517,2259.4307,402.6843,205.65451,1585.9443,3986.7793,6993.3042,2282.343,1604.4718,265.57599,732.08972,3482.4075,662.85687,174.64548,2842.9204,293.40112,1083.5706,258.67117,66.792168,308.12683,927.97333,3650.5747,634.65765,2351.417,1646.6952,1458.0646,1631.2684,3439.6387,313.51663,682.22607,245.26979,3250.876,2222.8713,1318.6344,1622.866,1469.2639,1168.5421,807.46875,179.80229,219.11554,4262.689,876.22327,218.15581,3324.7
2941.2874,1084.2072,885.25738,1686.7726,5143.8174,528.20392,856.0415,605.21741,204.74884,611.27533,445.03766,5467.7637,620.26636,2275.4128,410.91483,204.85702,1608.9291,3970.4065,6933.3604,2282.8428,1610.9556,270.574,733.28662,3479.9199,674.3457,176.84099,2876.8835,301.39026,1088.8927,262.95905,67.959579,311.44507,951.81873,3822.3665,642.64716,2449.9734,1727.7522,1489.087,1642.2568,3344.8687,316.0878,690.71643,246.56752,3337.7122,2240.8384,1323.629,1565.941,1468.2668,1216.4412,812.66211,184.18527,221.26256,4371.147,889.69592,225.3346,3365.0569
2960.2766,1223.7684,937.18445,1630.813,4474.3818,532.19031,843.55542,603.72052,204.7988,611.77441,442.39517,4944.415,605.79517,2269.4197,405.42783,200.76984,1602.9329,3777.0032,6678.605,2439.1609,1514.6973,260.57791,741.7655,3299.3064,696.32434,173.3481,2793.9736,298.49423,1080.3774,264.35507,66.353142,306.60989,932.56281,3860.3203,666.11585,2471.875,1523.2843,1496.9463,1649.2496,3495.5022,318.48758,676.23297,246.26805,3440.5188,2148.0105,1322.63,1533.983,1374.5691,1208.4579,826.04498,186.17754,218.86299,4320.2275,869.73633,219.6514,3309.2441
3107.1909,1262.0111,940.67957,1642.8046,4526.7983,531.69208,865.03143,585.25971,210.04108,587.82233,461.98962,5041.1084,611.28418,2302.3818,407.86655,199.07515,1629.9152,3837.3774,6948.3467,2500.0901,1530.1586,262.39535,767.10297,3291.843,709.81128,175.14444,2810.9551,306.58322,1084.635,271.73431,66.662445,313.34119,952.81634,4387.6807,654.6311,2452.96,1533.5077,1543.6874,1676.2205,3537.4004,329.80087,688.21924,252.05786,3475.4529,2267.7881,1326.6261,1544.9684,1399.1044,1222.4287,801.47638,187.17369,227.51395,4350.1802,912.15039,224.33754,3347.0249
3153.1638,1230.2247,915.71466,1579.8505,4377.0361,516.7428,840.05933,580.76917,199.05724,594.30933,446.48367,4840.2417,603.79919,2276.4114,393.23453,197.77924,1617.923,3836.3542,6878.4141,2471.1238,1471.306,256.2615,735.0553,3155.512,698.82196,169.05681,2724.0493,305.98407,1068.6689,268.24417,64.497238,310.1178,952.81634,4394.6729,614.6842,2489.7939,1442.9578,1474.61,1653.3619,3361.8274,311.97385,672.73688,241.17699,3362.6653,2262.7979,1335.6169,1538.9764,1385.1433,1163.5525,752.63873,188.56825,223.78836,4367.4761,920.13428,218.85373,3287.7778
3138.1726,1271.8091,942.17743,1569.8575,4440.6157,520.23096,814.08844,582.26611,195.37201,608.78033,438.82681,4737.0659,609.78717,2303.3804,397.50214,200.96922,1628.9158,3896.7288,6808.4805,2546.9231,1486.4558,257.17023,734.45673,3154.0195,696.38959,166.36226,2777.991,292.70209,1066.5399,266.05032,63.778385,300.63696,958.10419,4144.9756,604.19812,2509.7043,1352.4077,1498.1873,1668.3469,3421.9731,308.8884,693.21362,236.68486,3373.6448,2216.8826,1366.5846,1546.9661,1433.01,1186.504,750.44165,192.05473,222.96748,4446.8579,895.68378,218.40508,3256.8665
3182.147,1330.9282,1020.5673,1585.0702,4492.041,519.73273,802.10193,597.73334,194.02393,611.77441,444.31223,4820.3589,601.80298,2329.3513,385.30884,196.48332,1636.9103,3986.7793,6913.3804,2565.4041,1515.8856,254.89833,741.04102,3226.4243,685.8988,160.57405,2805.9602,294.99899,1052.1707,262.50186,64.776337,296.65497,967.98169,4137.9839,620.72589,2604.2783,668.90149,1506.8735,1665.3499,3652.9653,310.77396,692.71417,235.68665,3369.9849,2244.8311,1389.5608,1562.9446,1400.1018,1186.504,776.10876,196.03929,232.6288,4503.772,911.15247,218.95346,3157.2632
3317.0684,1410.9132,1056.5168,1704.0006,4585.9063,518.73614,810.0929,609.20911,191.87697,626.2453,443.56415,4800.918,603.79919,2302.3818,397.80698,198.47707,1646.9038,3923.335,7133.1699,2586.3828,1528.8547,252.17224,747.92474,3215.4763,687.39746,156.38252,2779.9885,294.6994,1060.1534,259.21054,63.558834,303.67084,966.58478,4128.9941,602.24896,2624.1892,636.77087,1508.2601,1685.3302,3751.249,315.40216,693.21362,235.68665,3378.9688,2249.8218,1387.5632,1555.9542,1433.01,1155.5695,772.91296,200.92033,231.23952,4482.3047,904.66559,218.85373,3226.8137
3263.0999,1369.1819,1006.587,1694.0063,4783.1226,504.28522,809.59344,598.23224,187.33344,597.80237,444.91064,4902.1108,597.81116,2276.4114,383.78467,193.69206,1638.9092,3991.2351,7362.9497,2590.8784,1490.4462,252.4472,727.67285,3299.073,683.40106,160.27464,2901.8564,287.60898,1062.2823,253.32622,63.638676,304.61893,972.17212,4348.7275,585.27014,2528.6194,580.54218,1457.7919,1673.342,3592.5981,305.80298,694.2124,234.48871,3267.168,2269.7844,1397.5525,1583.9174,1436.0016,1139.7528,739.95502,194.24623,237.11206,4500.2783,915.64331,213.1207,3235.4004
3156.1621,1282.2418,930.26379,1736.9812,4712.7246,502.29202,799.60468,594.73962,186.38478,582.33337,447.0549,4726.6436,594.31793,2232.4614,384.08948,187.41177,1589.9419,3760.9712,7078.2231,2485.4854,1450.5413,246.99383,706.32355,3311.5132,667.91461,157.87949,2831.9326,288.60767,1037.9025,250.83284,65.185493,313.34119,951.71881,5038.8921,567.79187,2429.0671,579.81201,1440.4175,1632.3826,3444.9231,303.57459,702.20337,237.2838,3251.197,2225.8657,1338.6136,1561.946,1403.0933,1105.8198,733.86273,186.07794,229.2189,4342.0137,884.20709,205.84216,3128.0686
3221.1245,1324.4697,938.25317,1783.9535,4904.9487,504.28522,848.54987,630.66351,191.27786,595.8064,465.35599,4597.0371,597.81116,2205.4919,343.24191,187.51146,1586.9436,3842.843,7088.2124,2434.0371,1470.4939,245.63045,725.37817,3211.9937,665.41675,165.96309,3488.2217,296.29721,1024.5961,258.81165,66.772217,327.18326,941.94122,5133.7764,575.78192,2472.8704,552.06274,1467.7201,1615.3997,3492.3186,305.80298,710.69379,232.89153,3282.1418,2179.9512,1315.6375,1515.0078,1410.074,1117.796,729.06891,185.0818,232.18668,4257.6401,858.75867,207.63687,3177.012
3191.1418,1330.9282,947.74054,1797.9454,4947.8872,512.75635,826.57446,630.16461,193.07529,613.2713,476.02734,4657.8525,600.80505,2264.425,344.46127,186.41489,1581.947,3881.7314,7238.0698,2450.5205,1484.9595,244.03987,735.35455,3168.7029,671.41144,174.34605,3416.2996,298.09479,970.53863,259.21054,67.590538,335.05228,922.4859,5253.6309,611.23779,2570.4314,606.46576,1478.062,1635.3796,3465.3779,304.08878,697.70856,237.48347,3349.0222,2168.9714,1346.6053,1574.9291,1393.1211,1143.7451,740.65405,194.76807,236.35432,4312.5581,852.77081,208.18524,3233.6833
3270.0957,1471.5229,996.17615,1843.9183,5146.6001,495.61472,828.07288,611.70367,189.92975,654.68842,486.84845,4767.0225,599.30804,2305.3782,347.20471,173.95401,1619.9219,3991.2351,7312.9976,2532.4375,1524.8644,242.67648,755.10767,3119.4404,681.90228,177.34,3402.3147,306.88284,978.02368,262.10284,66.462852,330.59628,935.6557,5158.7471,628.71594,2694.8711,620.70544,1504.9508,1689.3263,3701.8579,315.23071,729.17291,241.57628,3456.8301,2153.9995,1390.5599,1612.8791,1367.1932,1129.7727,771.91406,198.65346,237.93303,4375.4648,860.7547,211.17644,3316.9722
3346.0518,1460.0964,1013.653,1859.9089,5119.6392,497.99075,824.57672,612.2027,190.97827,679.63824,489.49139,4843.2891,607.36743,2281.406,348.42404,174.0537,1618.9222,4051.615,7327.9834,2548.9209,1512.3938,242.90375,737.25006,3129.3923,686.89801,172.25032,3471.2397,308.91363,984.51044,265.59357,65.76429,332.58725,929.66937,4905.4746,633.21033,2794.4229,647.72443,1512.397,1678.337,3680.4048,313.00235,725.17737,241.27683,3500.7512,2100.0994,1420.6246,1599.8962,1387.1377,1174.6842,745.14832,201.64223,234.90201,4495.7847,843.789,215.01508,3458.6497
3323.0652,1422.8363,998.67297,1877.8984,5154.5894,503.87174,821.08063,595.23865,195.42194,693.61035,490.58847,4834.8154,609.36359,2246.4458,323.12293,172.5938,1582.9463,3971.7905,7158.145,2564.9045,1519.8759,240.4043,746.90259,3124.9136,689.39569,174.54567,3431.283,303.02109,973.03369,267.88745,66.862022,328.88983,923.68304,4859.5264,693.63507,2836.2351,682.776,1544.25,1689.3263,3592.0994,317.45911,729.17291,247.26631,3478.791,2135.0352,1426.6188,1552.9579,1382.1516,1173.686,771.11511,203.93361,238.57719,4154.7935,840.29614,216.21155,3394.2505
3353.0474,1409.4226,955.23047,1940.8615,5014.7905,510.84918,816.58569,589.8346,183.53883,655.18738,496.57254,5006.7925,589.40094,2316.366,320.13989,169.60257,1636.9103,4114.0425,7193.1123,2605.3638,1363.2496,234.04199,746.60333,3160.741,685.39929,163.66775,3386.332,309.91244,953.573,267.78772,68.768097,328.22607,914.9032,4876.5073,714.60889,2818.3157,655.02679,1540.9404,1729.2866,3546.6992,330.65802,737.16376,242.57451,3457.8281,2094.1108,1426.6188,1559.2445,1367.1932,1173.686,752.73865,201.14412,234.28301,4224.189,828.32037,214.96524,3167.5667
3331.0603,1475.4973,988.6861,1975.8408,5172.563,507.85883,816.58569,589.8346,182.98965,653.35321,515.42212,4980.3726,599.38232,2317.3647,319.53009,167.20955,1663.8925,4341.2354,7258.0498,2591.3777,1357.7626,240.85877,736.42633,3023.4041,707.87952,159.49989,3499.2097,316.70398,956.06793,272.07632,67.251213,311.25543,916.30017,4467.9673,692.63635,2818.3157,668.60864,1545.491,1739.2767,3716.825,334.95981,760.1377,234.6884,3490.7693,2127.0491,1410.6342,1587.213,1363.2045,1179.6742,722.57721,199.35086,226.2,4271.6201,833.3103,218.70419,3181.3049
3064.2158,1475.4973,966.216,1906.8813,4863.0088,494.1033,811.59119,554.90356,178.89545,618.91363,505.54843,4895.1318,591.89624,2154.5503,308.5538,166.71103,1633.9124,4279.8325,7298.0112,2556.9126,1314.865,238.13202,739.61908,3166.2151,730.35986,156.50551,3361.3594,309.41309,935.60938,264.39673,66.343102,302.62793,892.75391,4374.0732,692.13696,2661.0232,632.43799,1526.8754,1718.2975,3686.8906,318.16031,748.15131,231.79344,3445.8491,2164.9792,1337.7047,1516.2927,1356.2239,1143.7451,733.06384,192.17776,223.04254,4218.0181,831.31433,217.00919,3065.387
3084.2041,1424.8235,949.73773,1909.8796,4967.8574,498.88785,758.15106,534.44397,184.73715,625.90137,491.8551,4968.4092,622.83856,2156.5474,290.8089,162.72273,1596.937,4369.8906,7113.188,2572.397,1305.0707,242.44926,729.94116,3034.3503,732.35803,150.21736,3257.4719,306.9162,930.61951,268.18665,65.854103,285.75198,880.78143,4299.1582,696.63135,2664.01,668.60864,1563.2792,1743.2729,3538.2178,304.78943,758.14001,227.20151,3490.7693,2088.1218,1325.7166,1493.3187,1342.2627,1152.7275,725.17377,195.86397,233.27269,4144.1221,796.38507,228.02664,3061.3596
3041.229,1451.1539,977.20136,1917.875,4975.8462,497.79141,665.25513,540.93115,189.08096,599.44781,500.03433,4988.8462,617.34875,2133.7131,284.95499,138.59351,1508.9955,4403.6616,7083.2178,2619.8491,1294.5942,233.81479,734.03186,3117.0569,759.33441,150.11754,3079.6641,315.7052,915.15063,265.29437,65.953896,282.40112,864.61835,4301.1548,707.11816,2544.5476,648.87915,1557.9012,1762.254,3646.9788,303.93231,803.58838,227.03285,3450.8406,2102.0962,1317.724,1501.3098,1340.2683,1183.6664,738.9563,191.48041,243.25026,4254.9648,787.90228,224.83606,3070.8059
2868.3296,1375.1434,897.80682,1902.8837,4760.1567,504.86859,689.22821,550.9115,189.13089,599.9469,490.75797,4770.0117,628.32837,2071.7795,279.71078,143.47916,1495.0048,4335.0942,7058.6504,2562.4072,1287.1107,234.95084,728.1452,3057.8315,746.34589,158.7014,2964.7886,328.58908,918.14471,262.30234,64.616661,293.40128,883.12994,4427.0127,712.61139,2540.5659,649.24457,1501.6415,1712.3035,3494.314,287.30426,767.1297,232.6238,3399.9316,2042.2072,1296.7445,1458.358,1334.2848,1193.6467,721.97803,193.67218,246.91287,4109.1729,804.86786,223.3819,3051.0552
2881.3225,1355.2716,892.31409,2017.8162,4777.1318,508.35727,660.76007,555.90155,196.12096,628.89606,491.50604,4924.043,653.78076,2082.7676,296.41901,143.67859,1490.0082,4352.4932,6943.7534,2632.8357,1284.6165,239.26819,731.53754,3069.2783,733.35724,163.39258,3008.9546,335.78015,956.6684,263.10019,66.662437,302.50497,875.94513,4477.9561,739.57782,2659.0325,583.11432,1518.1884,1710.3057,3460.8875,287.47574,767.1297,244.3049,3418.8975,2079.4768,1322.7192,1472.3423,1320.3239,1154.7235,758.73114,202.14035,258.34283,4175.5786,815.34662,228.76698,3429.7534
2841.3455,1400.9771,929.26501,1892.8896,4873.9927,500.88141,683.80359,561.88983,201.96263,625.40216,503.9245,4951.959,669.75098,2013.8414,246.59911,137.59642,1532.9796,4432.3179,7223.5029,2652.3162,1292.0997,242.67648,749.79596,3070.7712,739.35199,165.38879,3035.928,331.28571,982.11963,267.48856,66.273247,288.09091,866.76453,4241.7314,724.09699,2614.2339,598.45953,1528.5304,1727.2886,3616.5454,284.90436,780.61456,235.71881,3465.8137,2086.4651,1280.7601,1442.3761,1311.3486,1181.6705,756.13422,201.14412,261.81598,4190.0566,814.34869,229.36534,3318.1191
2817.6492,1491.3947,962.72058,1942.8604,4934.9053,498.38943,701.28571,566.87982,201.86279,642.87164,515.89435,4954.9502,672.74542,2062.7891,243.91611,138.39409,1567.9563,4465.0669,7433.3135,2686.7813,1299.0841,242.67648,759.87311,3114.5691,725.3642,164.78993,3067.8953,341.27322,985.11383,269.98187,67.071587,297.28937,864.76868,4574.397,734.0846,2706.8174,646.68701,1561.2107,1730.2855,3738.2776,294.67548,794.59851,237.61572,3482.7834,2138.3772,1291.7494,1483.3301,1300.3791,1199.635,767.41998,204.73064,261.12143,4122.1543,816.34467,235.24907,3390.252
2818.6487,1539.5844,1003.6661,1990.8323,5113.6479,504.86859,704.7821,571.87012,202.81146,646.36542,521.38037,5002.8062,690.21283,2069.7815,244.4649,136.89848,1598.9359,4527.4937,7458.291,2722.2456,1319.5382,248.58435,765.16113,3151.3979,721.36774,165.18919,3071.8914,337.27829,1006.0736,272.57501,67.919838,298.52216,873.25073,4520.4507,735.08331,2725.7319,656.18634,1576.5165,1737.2788,3933.3486,290.38992,797.09589,241.01024,3509.7354,2158.3433,1286.7541,1488.3242,1316.335,1223.5878,779.10486,205.62729,264.27884,4119.6567,827.95404,234.35155,3434.9058
