-0.00576254346746,-0.0267716535433,-0.0876595744681,0.0260416666667,-0.00364952848092,-0.0745945945946,-0.0573770491803,-0.0843378499076,-0.0848214285714,0.0811273391146,-0.0772144549876,-0.0251979841613,0.00225225225225,-0.0638537009963,-0.0617007750801,-0.0550926046864,-0.0328352946362,0.0700744574114,0.00544722246677,0.0310351984266,-0.0389845874887,-0.0854545454545,-0.0534584778617,-0.0661914460285,-0.0679156908665,0.0133333333333,0.018281535649,-0.02284996435,-0.020475020475,-0.00840390319391,0.0205935198531,0.0393700787402,-0.0424578829487,-0.040419383521,-0.0204248366013,-0.0286758504358,0.0341340075853,-0.0138867832995,-0.003571887447,0.0591127500279,-0.0559621179509,0.0245447347585,-0.0378745053703,-0.0514285714286,0.0144230769231,-0.0172081687206,0.0227295048616,0.0219160926738,0.0153291253381,-0.0612214950254,-0.0573630136986,-0.00444444444444,0.102944785276,0.0339971066292,0.0133125258766,0.151162790698,-0.0105969148223,-0.0461183363665,0.0678543671908,0.00572388002747,-0.0228295503071,0,-0.000727708574119,-0.00633663366337,-0.0245901639344,-0.0426252319109,-0.00981573962459,-0.0130841121495,-0.00743494423792,0.0114806017419,-0.0267275097784,-0.104575163399,-0.0618748415091,-0.0491282150082,-0.0942028985507,0,-0.083417419339,0.109714838086,-0.0256342194077,0.0158987153626,-0.0143920725633,0.0422968079603,-0.0101162252804
0.0580593584491,0.113268608414,0.175373134328,0.0961156477599,0.0766570942976,0.120327102804,0.0108695652174,0.102638941399,0.154634146341,0.130870712401,0.0534355081582,0.139586410635,-0.0921348314607,0.0391236447999,0.0963765944418,0.0626451398872,0.0613379511484,0.0821160679037,-0.00541771098974,0.110365568722,0.0924528301887,0.00596421471173,-0.00157053552182,0.0556161395856,0.0829145728643,0.155263157895,0.0538599640934,-0.0291521890202,0.0100334448161,-0.0762978216105,0.00311472238344,0.0909090909091,0.0723075358487,0.0538782286398,0.0483736447039,-0.00868306801737,0.0450285248574,0.070442456108,0,0,0.0377336981304,0.0417310664606,-0.0380835380835,0.00602409638554,0.00236966824645,-0.148305550833,-0.0185202968735,0.0523284313725,-0.0245252083618,0.0714977959796,0.112624886467,-0.111607142857,-0.000889976638113,0.110958396774,0.0131690605651,0.0909090909091,0.000968391695073,0.0554211261052,0.0189564438473,0.0227652147519,0.0775178163238,0.0265552768507,-0.014007882111,0.0964527700279,0.0924369747899,-0.0281963083184,0.0231304347826,-0.0246212121212,-0.0674157303371,-0.0254962258876,0.0293592319714,0.0510948905109,-0.0820994143265,-0.0296394923079,0.16,-0.0830807384955,-0.0211580544256,-0.0198170731707,0.0305506907959,-0.0217374265186,0.00343112482379,0.0042915948968,-0.0656928976783
-0.0370387860471,0.0356104651163,-0.0269841269841,-0.0773180308064,-0.144085787382,-0.0125130344108,-0.0537634408602,-0.0310305573842,-0.0135192226447,-0.117281070151,0.0287059791069,-0.00712896953986,-0.0680693069307,0.112934471944,0.0403336977706,0.0157656485769,-0.0691283812795,-0.158974826706,-0.108185139537,-0.132528326319,0.00259067357513,0.0266798418972,-0.094565418543,-0.111570247934,-0.0394431554524,0.0546697038724,-0.0817717206133,-0.134247163666,-0.023178807947,-0.0808752786577,-0.0727661954446,-0.0850694444444,-0.0587063732929,-0.0492553990438,0.0119331742243,-0.0386374695864,-0.126405407162,-0.0723846728328,-0.0663081975105,-0.0417809664486,-0.163682302538,0.0637982195846,0.00682991837415,-0.061377245509,-0.0236406619385,-0.155978490584,-0.0333226171673,-0.146151158728,-0.0454513621402,0.0615918772247,-0.08,-0.195979899497,-0.0749359759492,-0.0487083941417,-0.124674277206,-0.161111111111,-0.0350218644789,-0.0726378907456,-0.0919090579431,-0.146609289212,-0.0595557496724,0.0310379644588,-0.0285006734153,-0.155216284987,-0.0423076923077,0.0502019043821,-0.0774264830869,-0.0339805825243,-0.0281124497992,-0.0822766653279,0.0165654484329,0.0833333333333,-0.214076534202,-0.0148697221435,-0.00689655172414,-0.178512396694,0.00432033575181,-0.0099977782715,-0.0493957703927,0.000881339636247,-0.0684938769019,-0.0361046511628,0.00312295827615
0.0555455659992,-0.00280701754386,0.0938009787928,0.0446262956901,0.0891312643093,0.0623020063358,0.0113636363636,0.0677357943085,0.0188436830835,0.0131101321586,0.0558098809377,0.0228459530026,0.0146082337317,0.0433608355254,0.0109318955473,0.0597787111976,0.100876383764,0.0963561435853,0.0988758776422,0.0624989115372,0.0396210163652,0.122232916266,-0.023981468865,0.0813953488372,0.0628019323671,0.0863930885529,0.038961038961,0.142579578338,0.00677966101695,0.117734914536,0.173634510587,0.195445920304,0.0692191435768,0.061575215783,0.0416666666667,0.00728892488358,0.144695729802,0.0751842447513,0.0527830077936,0.0048447478529,0.0621305661369,0.0348675034868,0.0379439664681,0.07336523126,0.0411622276029,0.16046016665,0.0344712907937,0.0786961265685,0.0435558816337,-0.0607942833585,0.0141969831411,0.08125,0.0689696677901,0.0272170825157,0.160222560868,0.12472406181,0.00605550208534,0.0554353768988,0.0698822589818,0.0892018779343,0.038646541715,0.0635368313845,0.101158266625,-0.0172117039587,0.0856760374833,0.00783252634577,0.173007830493,-0.0331658291457,0.0413223140496,0.141356673961,0.0515802106948,0.024358974359,-0.22573795745,0.0524586689275,-0.0555555555556,-0.0516736784342,0.0586676863409,-0.0509425493716,0.0969728269506,0.0142224356922,0.0873171703375,0.0342903673322,0.00467452818429
0.0377866910319,0.0358902181562,0.0216256524981,0.163150198454,0.0645236635427,0.0536779324056,0.0247191011236,0.0357526347186,-0.121479613283,0.03367307893,0.0281966917564,-0.00957243139757,0.17277486911,0.0241048583783,0.0511305212488,0.0195031175987,0.146017513722,0.0478263019932,0.0389651222854,0.0490184141019,0.0240265120133,0.0754716981132,0.133358927824,0.0752688172043,0.0409090909091,0.100397614314,0.110714285714,0.0311878143203,-0.0143097643098,0.00990178163545,0.109523978308,0.160317460317,0.123162457595,0.119709618875,0.0415094339623,-0.0579899497487,0.0503022031585,0.0554115546339,0.0993637814557,-0.0193951347798,-0.0174375463765,0.033692722372,0.133156216791,0.0638930163447,0.0813953488372,-0.0395099614011,0.0377395412549,0.0888860791503,0,-0.0146899599099,0.076990376203,0.0693641618497,0.091693878317,0.0649851789518,0.138126947278,0.118743866536,0.0180372304381,0.061645532557,0.0619358925057,0.115740740741,0.0388054934526,0.0220253770649,0.161109531739,0.154991243433,0.0308261405672,0.039988695775,0.102882274405,0.002079002079,-0.0119047619048,0.0119960560911,-0.0430140252099,0.00500625782228,0.0409474646448,0.0468230792468,0.0772058823529,0.0363583759282,0.0233869095225,-0.172144715063,0.128671278021,0.0770606961509,0.0143677784902,0.0687855372503,0.0620153355584
-0.0279498007849,0.00135869565217,-0.0321167883212,0,0.0111077589753,-0.00377358490566,0.030701754386,0.00445400092152,-0.055980861244,-0.0166919064446,-0.051418952684,-0.0251288659794,-0.0446428571429,-0.0275918999474,-0.00841718266254,-0.0159535379874,-0.0289923954373,0.0106202209006,0.0330292680818,0.00810048259144,-0.0436893203883,0.0215311004785,0.0479783204508,-0.04,-0.042576419214,-0.026196928636,0.0128617363344,0.0302445528227,0.0546541417592,-0.011828966266,-0.0282081589624,-0.0300957592339,-0.0153536370501,-0.0238427126556,-0.0202898550725,0.142323695722,0.00959099065652,-0.0374938601757,0.0265333964418,0.0492792490781,0.0654499685337,-0.0143415906128,0.0334333677202,-0.0244413407821,-0.041935483871,0.0732596161046,-0.0157590614603,0.00290292614956,-0.0213493942022,0.0186510647144,0.0649878147847,0.135135135135,0.0214192394967,-0.0337630535525,0.0443907675792,0.040350877193,0.0738072397659,0.0107348947726,-0.0243902439024,0.0375590213192,-0.00990007686395,-0.0353893003225,0.0114725428471,0.0670962850644,-0.0287081339713,0.00502717391304,0.0161646371858,0.0580912863071,0.132530120482,0.0447631935047,-0.00270320409191,0.0348692403487,0.159723119043,-0.0173143516737,0.126279863481,0.0561139028476,0.0258271885044,0,-0.0209844060836,-0.011383067077,0,0.0551917935287,0.016058134067
-0.0301043905434,0.033921302578,-0.0965309200603,-0.0827945402299,-0.0380024955243,-0.0549242424242,-0.0404255319149,-0.0376911314985,-0.0430816016219,-0.0696122386119,0.0758886485887,0.0356906807667,-0.0689252336449,-0.0192020193673,0.0216931733177,-0.0205241857776,-0.113125494183,-0.0462379150904,-0.019010253191,-0.0624209801451,0.00676818950931,-0.0296643247463,-0.0516881666716,-0.0145833333333,-0.0376282782212,-0.102968460111,-0.047619047619,-0.0444436876341,-0.0218623481781,-0.0433618292306,-0.0435239973702,-0.131170662906,-0.0781356509884,-0.0202241594022,-0.00369822485207,-0.069020267115,0.0203481245403,-0.0571558176457,-0.0557363710334,-0.00468583599574,-0.106202008269,-0.0357142857143,-0.0892054993421,-0.0236220472441,-0.0594837261504,-0.0299316247267,-0.0221696112107,-0.0639110802362,-0.0694444444444,-0.0974372430683,-0.0511060259344,0.0142857142857,-0.050321451412,0.0153238639712,-0.0242072261911,-0.129005059022,0.0192528578461,-0.0234037194072,-0.0576091703057,-0.117217127491,-0.0323572337981,-0.00319429137168,-0.0589598174148,-0.0287744227353,-0.0344827586207,0.126447658961,-0.0797477224947,0.0607843137255,-0.0212765957447,-0.0524298000207,-0.0766389412984,0.0794223826715,-0.057882897931,-0.0161511354738,-0.0969696969697,0.00660851176315,0.00242062321832,-0.0648386175378,-0.0535854745674,-0.0246837319628,-0.0383260877978,-0.0272513380045,-0.0258624406762
-0.0386204276738,-0.00262467191601,0.0125208681135,-0.0551204229489,-0.072860566756,-0.064128256513,0.0121951219512,-0.0622136595959,0.0688559322034,0.00728342836123,0.0235033373708,0.0134014039566,-0.0489335006274,-0.0017004327678,0.00646208696759,0.00164781111658,-0.0408202254346,-0.0484550217913,-0.0555123022941,-0.00461462889315,-0.00336134453782,-0.0386162510056,-0.0553111056024,-0.0454545454545,-0.00710900473934,-0.0620475698035,-0.0616666666667,-0.0407014042341,-0.0860927152318,-0.00120824959326,-0.0275982952983,-0.116883116883,-0.0445512524263,-0.0584676394326,-0.0415738678545,-0.0741372391653,-0.0730418068236,-0.0495850372865,-0.041915430541,0,-0.0593444356331,0.00617283950617,-0.00368654411398,0.0175953079179,0.0405727923628,-0.0469180791638,-0.0199151890054,-0.0559059987631,-0.012789500772,-0.0746842394289,0.0064308681672,-0.0516431924883,-0.082157794003,-0.0362294653741,0.00439797745707,-0.0222652468538,-0.0251676951972,-0.031573065102,-0.0253698319104,-0.103569475904,0.0119379994224,-0.011993553465,-0.0120530628744,-0.0822970007315,0.0165816326531,0.0909309117094,-0.0289369479135,0.0378927911275,-0.0840579710145,-0.0378348824494,-0.0312544967911,-0.0546265328874,0.0720296912676,-0.0044771664511,0.0302013422819,0.00665266106443,-0.0313921133597,-0.138973732437,-0.030162412993,-0.00504142071796,-0.0147287653592,-0.00781436887011,-0.019171865133
0.01578886712,-0.0394736842105,0.00329760923331,-0.0238317272821,-0.0530397493993,0,-0.00109529025192,0.0122840582575,-0.0188305252725,-0.043457619691,0.0205128205128,0.0264483627204,0.0422163588391,-0.00767265389426,-0.00458614036752,0.0291943919267,-0.126587881202,0.00463165478733,0.0186657331918,-0.0231777395001,-0.00674536256324,-0.0125523012552,-0.0140059697576,-0.0232558139535,0.0310262529833,-0.140022050717,0.0106571936057,0.0467751523258,-0.150362318841,0.0126840018685,-0.0120524511363,0.00735294117647,-0.121892231789,0.0246593588567,0.00852052672347,-0.039007476433,-0.00861845515811,0.0130350871642,0.0053578311705,-0.0282473785577,0.0730644934663,0.025221540559,0.017200860043,0.0461095100865,0.0894495412844,0.0453413492982,-0.0226188776239,-0.032883532032,0.0118864530928,-0.0543550357829,-0.0495207667732,0.0643564356436,0.00193080012357,0.137845102128,0.0439182988542,0.0178217821782,0.0119820910859,0,0.035503310235,0.0196044262438,0.0377382424761,0.00404005917833,0.0689231913707,0.0641689916301,0.0376411543287,0.0861386138614,0.129469887077,-0.0756901157614,0.0205696202532,0.0201159222639,-0.0403434241407,0.00235849056604,-0.122516483274,-0.0419748151109,0.0260586319218,0,0.0773095418881,0.145086910252,-0.03659930015,-0.0406884962061,0.0219877467665,0.00675078357309,-0.00752139837839
-0.0466141528088,-0.0458904109589,-0.0640920295809,-0.0842798004458,-0.121013585124,-0.0738758029979,-0.0625,-0.0849519133534,-0.0540404040404,-0.129767495132,0.00402174538815,-0.00368098159509,-0.127848101266,-0.00171649926933,-0.0405545670225,0,-0.188795418842,-0.156109930077,-0.0494507321724,-0.164748259103,-0.0432937181664,-0.0949152542373,-0.160545575516,-0.0702947845805,-0.0555555555556,-0.124358974359,-0.108963093146,-0.0769476486247,-0.216417910448,-0.0651212300414,-0.0638952489983,-0.138686131387,-0.0732620909992,-0.0499235863474,-0.00921658986175,-0.136204758146,-0.0158833910713,-0.0300446609825,-0.0746013691686,-0.0388680907289,-0.0928375016368,-0.00265957446809,-0.0241360664602,-0.0826446280992,-0.0678947368421,-0.0619638323728,-0.0370364959238,-0.0918450284476,-0.0864525103686,0.00553750738334,-0.125210084034,0.0139534883721,-0.246897402297,0.00881348754731,-0.0851710453609,-0.156614785992,0.0018313357872,-0.0821163833282,-0.0405762167126,-0.153819859853,-0.127280506066,-0.0249929158402,-0.0119702136544,-0.0483146067416,0.0157194679565,0.0227894257065,-0.127751162952,-0.00770712909441,-0.046511627907,-0.0695187165775,-0.0147045166084,-0.0341176470588,-0.139647676727,-0.0469434592113,-0.11746031746,0.0491304347826,-0.00834028356964,-0.0845724907063,-0.0226085022794,-0.0547563435609,0.0412975421302,-0.113222106916,-0.0303014686936
-0.0459351943151,-0.0681981335248,0.0798946444249,-0.0326880723311,-0.0193284372831,-0.0173410404624,0.0198830409357,0.00530463545874,0.0293646556327,0.0218039835044,-0.0392372089975,-0.0283251231527,-0.044992743106,-0.00688554809428,-0.0345744974444,-0.033185418456,0.0195220990161,0.0143559548379,-0.015416909621,-0.0259738749113,0.0115350488021,-0.0355805243446,0.0557977332171,0.040243902439,0.00857843137255,0.0468521229868,0.0108481262327,0.0573691698389,0.0448979591837,-0.188527908507,0.00460521287167,0.0508474576271,0.0282929148835,0.0253304982897,0.062015503876,-0.058869599269,-0.0264346439957,0.0088546865441,-0.0297520128528,-0.0100813380685,-0.0819861431871,0.024,0.019796494056,-0.036036036036,0.0491247882552,0.0634146967151,0.0164767641213,0.0448985680191,0.0280292135465,-0.0405683236655,-0.0211335254563,-0.0917431192661,0.0102354145343,-0.0262029069157,0.0183675150317,0.038062283737,-0.0627850575545,0.0808791527637,-0.00535981336364,0.136336093718,-0.027768050984,-0.0281329923274,-0.0196520391632,0.0826446280992,0.0190476190476,-0.0554235162078,0.0815091936639,0,0,-0.0151460727969,-0.0351577227598,-0.0401948842875,0.00785722631148,-0.0213597698274,0,-0.0155822627435,-0.0219381892702,-0.0768189509306,-0.0222972204315,0.0112037739028,-0.0165291370818,0.0183340334874,-0.049998593262
0.00388453314326,-0.020030816641,0.0373983739837,0.0583582983823,-0.0278315946349,-0.00235294117647,-0.0378440366972,0.0448590620309,0.0503112033195,0.0638873384569,0.0016711001978,0.0291508238276,-0.063829787234,0.0372634961239,-0.0298553541822,0.0409623689081,0.0500612745098,0.0767182310523,-0.00195432794807,0.0675022092718,0.0210526315789,-0.0291262135922,-0.0132122213047,-0.0556858147714,-0.0376670716889,0.121678321678,-0.019512195122,-0.0245827120986,0.0677083333333,-0.0076860715288,0.000760846822513,-0.649193548387,0.109826589595,-0.0759354431521,-0.0167883211679,0.0124826629681,0.0482330468004,-0.0935465338951,-0.0306595940522,-0.0255757435482,0.10786163522,-0.015625,-0.0740429735737,-0.0202492211838,-0.131324004306,0.0242199090547,0.00270161350508,0.0645253390435,0,-0.0192476944859,0.0794896957802,-0.0909090909091,-0.0568389057751,-0.0493301631991,0.00622775800712,-0.0288888888889,-0.0485487515208,-0.0306243428853,0.0125696140106,-0.0999822253822,-0.0803529623627,0.0042663476874,0.0253269147866,0.0407124681934,-0.0280373831776,-0.0801327974838,0.00559358210054,-0.0776699029126,-0.0406504065041,-0.0799951370737,0.0386531635677,0.0355329949239,-0.0129836255615,0.0545329626434,-0.0539568345324,0.0729982318767,0.0343599743239,0.033357771261,-0.0101617344762,0.0351271798289,0.0672277652752,0.020479123081,-0.0542786159693
0.0642017821009,0.00235849056604,0.0407523510972,0.0897871376812,0.0620472923773,-0.00235849056604,0.0297973778308,0.00757515291796,0.155555555556,0.0910851931071,-0.0257907459739,-0.0270935960591,0.108766233766,-0.0133684210526,0.0389774173778,-0.0170202678677,0.15988796172,0.0574961789635,0.0529413858989,0.0655718448828,0.03264604811,-0.004,0.0344237352606,0.0962135319677,0.00505050505051,0.0860349127182,0.0089552238806,0.0608060246803,-0.0146341463415,0.132288017094,0.0572101951989,0.0632183908046,0.0598958333333,0.0425805948013,-0.0631031922791,-0.0320547945205,-0.00143182557761,0,-0.0102053802177,0.0732779097387,-0.0604598353676,0.0343915343915,0.1245065614,0.0763116057234,0.0210656753408,-0.0242595536713,0.0357110958945,0.053909078718,0.0272649971199,0.0353101833789,0.0954545454545,0.133333333333,0.0763239875389,0.0324347302419,-0.0532915360502,0.114416475973,0,0.00235380994139,-0.0277850371813,0.0962772785623,0.0427273439336,-0.0025409933696,-0.0373147401983,-0.0111770869717,-0.0564903846154,-0.0547830711952,0.0166874039376,0.0368421052632,0.0169491525424,-0.0278823918071,0.00532982192124,-0.0171568627451,0.0236662066536,0.0326217063895,-0.0456273764259,-0.112445072191,0.00139337735937,-0.0645619013835,0.00340895732926,0.0160688896639,-0.0236223351739,0.01155001155,-0.0347807933194
0.0465015428238,-0.0117647058824,0.00451807228916,0.032,0.121355369515,0.0685579196217,0.052662037037,0.0714301145734,0.00598290598291,0.0541130344726,-0.00683243923323,-0.0215189873418,0.095168374817,0.0237079148314,-0.019750201359,0.0102973448766,0.108844393017,0.0868765438587,0.0912379964835,0.145786965103,-0.0299500831947,0.0180722891566,0.0785438499724,-0.0101925254813,0.00502512562814,0.143513203215,0.178500986193,0.068812820693,-0.0482673267327,0.0780640774813,0.0736026463873,0.194594594595,0.110565110565,0.0588851869876,0.026941362916,0.0842060571752,0.0288079254383,0.103200591528,0.0979383737433,0.0195861458449,0.0179758308157,-0.0166240409207,0.0524667931689,0.03988183161,0.0922330097087,0.0814193470521,-0.00195466892795,0.0735462527039,0.0177031320926,0.23862822687,0.130290456432,0.0772058823529,0.121862368382,0.0336940633942,-0.0284428595687,0.088295687885,0.0244981631452,0.0478405009669,0.0815097198294,0.261304269501,0.034441314554,-0.0178521673367,0.0143033920512,0.102437301307,0.0305732484076,0.0735128617363,0.0436973580016,0.0558375634518,-0.0166666666667,0.105484945286,0.033867647976,0.0374064837905,0.244241746264,-0.00385902101186,0.175298804781,-0.00663071346477,0.0299451609509,-0.034508911642,0.0315135895033,0.0237089449784,0.102418136649,0.0222653573875,0.018017043734
-0.00624770890777,-0.0103174603175,-0.0704647676162,0.103090707742,0.039066773934,-0.0641592920354,-0.0164925783397,-0.0549730478149,0.00977060322855,-0.0217551493035,-0.0034397213034,-0.0504527813713,0.0387700534759,-0.0182010377197,-0.0130887628747,0.00482169284384,0.0207118713278,-0.0331721470019,0.0221857280079,-0.0230166256637,0.00343053173242,0.0848126232742,-0.0162967508779,0.0137299771167,0.02625,0.0150602409639,0.0326359832636,-0.0252860712876,-0.0559167750325,-0.047506274535,-0.0107507075037,0.0497737556561,0.0110619469027,0.0134518843244,-0.00462962962963,-0.0117478136014,0.00285080772886,0.0233946125367,-0.00281951500739,0.0191013674843,0.0736014245437,0.0351105331599,-0.0110880735599,0.0227272727273,0.0388888888889,-0.0155132197185,0.0254316614104,-0.0178973568804,0.0108883874692,0.0152736787659,-0.0227606461087,0.0557451649602,0.0421244606557,0.0629808873222,0.00853505782283,0.101886792453,-0.00400190189397,0.0456562815837,-0.00337799670109,0.0410626294365,0.00809672500182,0.0259579728059,-0.0400086117191,0.0951618071131,0.0185414091471,0.0539518514358,-0.0261415367637,0.00769230769231,-0.0254237288136,-0.0456194282201,0.0102256274131,0.0144230769231,-0.0991746968509,0.0224336785046,-0.101694915254,-0.0369348522606,0.030425502929,-0.0534171249018,-0.0123793299262,0.0163253726724,-0.029986297802,-0.0247123869094,-0.0566391172867
0.0216676556912,0.074578989575,-0.00725806451613,0.00693620516565,-0.0163832884264,-0.0271867612293,-0.0117384013415,0.0346578664751,-0.036600757257,0.0355823379605,-0.00690318764841,0.0217983651226,0.001287001287,0.0665564721582,0.0204153425814,-0.034112504751,0.0363159532382,0.044988496549,0.00751765740095,0.0157066958026,0.034188034188,-0.0927272727273,0.000866461026583,0.0389390519187,-0.00852618757613,0.0207715133531,0.0226904376013,-0.006308403333,0.0358126721763,-0.00410788606021,0.0597714769361,0.206896551724,0.019693654267,0.031849022378,0.00232558139535,0.123761722362,0.0488313329122,-0.0228598159988,0.0226018301882,0.00468583599574,0.0359364201797,-0.0489949748744,0.0347310847767,0.0541666666667,-0.0181818181818,0.00641643332464,-0.0406842023958,-0.0212406468742,-0.0355057229619,0.153615631275,0.0555972952667,0.0172413793103,-0.0223237152126,0.076923557332,0.00121310149616,-0.0342465753425,0.110017106258,-0.041540595058,-0.0135464490166,0.0634517766497,0.0491265982352,0.033734939759,0.0251177394035,-0.0775307197191,0.0351941747573,0.000177619893428,0,0.0152671755725,0.130434782609,-0.0228692907299,-0.00203039622585,0.0189573459716,0.0206264714915,0.0310176914655,-0.0452830188679,0.0696793272341,-0.00781146710149,-0.056846473029,0.0208908310334,-0.0481386555688,0.0550555108045,0.0108512039396,0.0975612502674
-0.0417255345201,-0.0253731343284,0.00487408610885,-0.0858334088643,0.0362720403023,-0.0145808019441,0.0113122171946,-0.0358890813605,0.0633187772926,-0.0609954625749,0.0121601080898,-0.044,0.0025706940874,-0.0189598054967,-0.0100091932889,-0.0259468765371,-0.0762846358411,-0.0355134371934,-0.00746156391973,-0.0270610911693,-0.0314049586777,0.00200400801603,-0.0748320520812,-0.0570342205323,0,-0.0174418604651,-0.0935023771791,-0.00631450298751,-0.0704787234043,-0.00624151967436,-0.0538446794237,-0.285714285714,-0.0429184549356,-0.0394529995436,0.00077339520495,-0.0359661495063,-0.0625790519786,0.00951104302311,-0.0036837130414,-0.0514097943608,-0.0441627751835,-0.0713342140026,-0.0497753501894,-0.108036890646,-0.0501089324619,-0.00985615643691,-0.00529937051676,0.0464858199753,-0.0479265897043,-0.033926483959,-0.0669039145907,-0.0370762711864,-0.0859637633704,-0.019305601466,0.0302042464805,-0.0336879432624,-0.0234208404265,-0.0266578976214,-0.0577798207309,-0.119331742243,-0.0110886058567,-0.0065344491574,0.0484212061547,-0.132889311767,-0.0386869871043,-0.0216657787249,-0.00269140874,0.0046992481203,0.0153846153846,-0.0589398734177,-0.00203452712204,-0.0104651162791,0.105636628053,-0.0388877244463,0.0830039525692,0.0814686825054,-0.000877241685637,0.080070391553,-0.0114519580971,0.011516928819,-0.0421798063624,-0.0148983175664,-0.0256397102579
0.0563855579582,0.00612557427259,-0.00404203718674,0.203053737854,0.020813077297,0.019728729963,0.0123042505593,0.0248119496631,0.0431211498973,-0.0640354112873,-0.0394846619301,-0.0460251046025,0.0923076923077,-0.0330074855615,0.010110390138,0.00510036611539,0.04464721042,-0.0178646750862,0.0141966514091,-0.00132627253358,-0.0153583617747,-0.006,0.0159823333458,0.10599078341,-0.017199017199,0.0216962524655,0.0559440559441,0.0127434233003,-0.0300429184549,0.0600491534681,0.0514898286486,0.245,0.00448430493274,0.0500131984162,0.0123647604328,0.00219458668617,-0.00282703675148,0.021719886184,0.00924333238757,0.0246954967035,0.0561139028476,0.0334281650071,0.0933617652513,0.0369276218612,-0.0252293577982,0.0292826101795,-0.0446370754106,0.0769412041947,-0.0351328434144,-0.0310844604587,0.0289855072464,0.0869086908691,0.157145586549,-0.00393831161151,-0.0392876144605,0.0678899082569,0.0378179015744,0.0661951845762,0.0224656064006,0.120852559877,0.0292647365132,-0.00409646895915,-0.00796410934131,0.141550841258,0.0426829268293,-0.0242512252677,-0.0391307435551,0.000935453695042,-0.0151515151515,-0.0378310214376,-0.0264428121721,-0.0129259694477,-0.0101598820728,-0.0244249949115,-0.0328467153285,0.0541620067103,-0.0332866542189,0,-0.0132558492859,0.0403510621475,0.0358236197914,0.0223979298447,0.0649137770664
-0.00945941754799,-0.0867579908676,0.0154220779221,0.037992417999,0.0268773997678,-0.0266021765417,-0.0546961325967,-0.0272376247956,-0.0448818897638,0.0635295972255,-0.0169789066572,0.00365497076023,-0.0246478873239,-0.0224813404874,-0.04100206849,-0.0247946341096,0.0908121082811,0.0340802869919,0.0329175467262,0.0431052710353,-0.00606585788562,0.0261569416499,0.0768493958149,0.00989583333333,-0.0275,0.042471042471,0.0596026490066,0.0243565091253,0.0103244837758,0.000476570751436,-0.0283535361644,0.0441767068273,0.0334821428571,-0.0306199406707,-0.0404580152672,0.0920924574209,-0.0626932989691,-0.0269208156698,-0.0347985750243,0.0239912758997,0.0375363468147,0.0185822436339,-0.00831001441533,0.00356125356125,-0.0141176470588,0.00512843184933,0.0432257567588,-0.0110503282276,0.0352110613118,0.0878639025338,0.0281690140845,0.0323886639676,0.102864690828,-0.00543213687798,-0.0384166958144,0.0137457044674,0.0133312116551,-0.087794161139,-0.0130615263497,0.0588119976475,-0.0100172012547,-0.0123785798428,-0.0551796669588,0.0153796859981,0.00233918128655,-0.0497451352457,-0.0308203991131,0.0233644859813,0.0307692307692,0.0835881753313,0.0626982416161,-0.0047619047619,0.0862373129883,-0.0375547673691,0.0754716981132,-0.0285692634132,-0.0235683655051,0.0928716904277,-0.0645906308942,-0.021913713171,-0.0158480549607,-0.0260693495318,0.0626015590237
0.038199010583,-0.0416666666667,-0.0447641886491,0.0061135371179,0.074,0.0248447204969,0.0327293980129,0.0205335431269,0.00164880461665,0.00185281256948,0.00272522648213,-0.0429715950473,0.0228640192539,-0.0323663794425,-0.0417126012558,0.00577022153529,0.0558272208639,-0.00657187530538,0.0549789729542,0.0362359275464,-0.0392327811683,-0.16568627451,0.0868628121793,0.130995358432,0.0411311053985,0.0268518518519,0.0046875,0.0598715626544,-0.0102189781022,0.096865143225,0.0411275797683,0.115384615385,-0.0107991360691,-0.00876556016597,-0.0262529832936,0.0481229809513,0.00309342132398,-0.0444239514103,0.0597685351634,0.0563365282215,0.129554140127,0.0175675675676,-0.0409576742198,-0.0432931156849,-0.0149164677804,0.0396305256213,0.0227255947195,0.0333001438212,0.00820623107615,-0.0974259547437,0.0302811824081,-0.0137254901961,-0.011190957407,-0.00844639968483,0.00760836617157,-0.035593220339,-0.0263116570412,-0.00937890787828,0.0541461704879,0.0061716965994,0.00504224584355,0.00834930194361,-0.0389224889614,-0.00504891132849,-0.0291715285881,0.0069694596711,0.0636772668344,0.0146118721461,-0.0179104477612,0.0747883349012,-0.0226027992698,-0.00358851674641,0.126637278269,0.00162584001734,0.0701754385965,0.094157110539,-0.0301538896281,0.0678345136042,-0.00181062507716,0.00688976377953,0.0424622916265,-0.0742088242088,0.026356440066
-0.0597894927318,0.0434782608696,-0.0225941422594,-0.0747316919192,-0.10841227431,-0.00121212121212,-0.0249009620826,-0.0323145818587,-0.0576131687243,-0.132120136115,0.0398953685753,0.00608828006088,-0.0964705882353,0.00175880591339,0.0631103775118,-0.0339104599939,-0.135430335778,-0.12832304552,-0.0838392334699,-0.101227094996,0.0308529945554,-0.0387779083431,0.0253076898864,-0.11901504788,-0.0444444444444,-0.128944995491,-0.0357698289269,-0.0615542367088,0.0530973451327,-0.0836394793366,-0.0751650584053,-0.134482758621,-0.11135371179,-0.0672562049779,0.0294117647059,-0.0689765118504,0.0181606359649,-0.0609983361065,-0.059979215336,-0.0266155862486,-0.0933799481223,-0.0066401062417,-0.0821594151213,-0.0304154302671,-0.0599636583889,-0.0599086139787,0.00785446144961,-0.0779443254818,0.0104409329479,-0.122159412097,-0.0909727081875,-0.115308151093,-0.0764222718498,-0.0701394240031,-0.0377846635179,-0.121265377856,0,0.0225120976226,-0.103876448939,-0.153346009937,-0.0730847457627,0.0223583936086,-0.0430468689676,-0.045987947986,-0.0288461538462,0.140951862509,-0.07484944078,0.001800180018,-0.000759878419453,-0.0790872147546,-0.0241631830176,0.00120048019208,-0.139249274548,0.0357104209501,-0.0393442622951,-0.0268786539284,-0.0358868520092,-0.119022687609,0.00898709650822,-0.00941503318413,-0.118686813784,0.085428232799,-0.0513592335706
-0.00349633526327,0.0233333333333,0.021404109589,0.0152665245203,0.0160431044921,0.0339805825243,0.0284387695879,0.0195321552723,0.0100436681223,-0.0338390726219,0.0226656438434,0.0620272314675,0.00651041666667,0.0421767739078,0.036851019784,0.023197242842,0.00857104593545,0.00888700804063,0.0206175278925,0.0259389955517,-0.00528169014085,-0.0378973105134,0.0108064961778,-0.0113871635611,0.0193798449612,0.00207039337474,0.0104838709677,-0.00463545460566,-0.348739495798,-0.107079271963,0.0110172981878,-0.0876494023904,0.022113022113,0.0218224657329,0.0277777777778,-0.0493150684932,-0.0178367099684,-0.0162313498955,-0.0219052796521,0.00455722423615,0,0.0641711229947,0.0548836757492,-0.00841622035195,0.00128865979381,0.0295454545455,-0.00130365022062,0.0146307477938,0.0115274575706,-0.0113336338464,-0.0169361046959,0.0247191011236,0.0459836065574,-0.0156285405377,0,0.04,0.0108054833796,-0.00116598079561,0.0152893460766,0.00905600231834,0.00724107665301,0.039679830052,-0.0119013999274,-0.0535239361702,0.039603960396,0.166717786184,-0.0881897086175,0.0467205750225,0.00380228136882,-0.0194840461643,-0.0133985538069,-0.0383693045564,0.0448267612067,0.0689583115662,-0.0716723549488,-0.00556817349256,-0.0282947591105,-0.135499207607,-0.0445352400409,-0.00605069076556,-0.0231029208605,0.0181603976897,0.00636845274315
-0.0182350763684,0.014657980456,-0.0343671416597,-0.010752688172,-0.000953345647381,0,0.00338600451467,0.00988797886018,-0.0146995244272,-0.0153065725629,-0.0102312274856,-0.031339031339,0.0206985769728,-0.00927324191627,0.0217127429071,0.0407047545019,-0.0510556367016,-0.0402684563758,0.00322668961201,-0.0019950992544,0,-0.00635324015248,0.00762338648443,-0.0125654450262,-0.0342205323194,-0.0526859504132,0.00399042298484,0,0.0838709677419,0.0125658055169,-0.0224734358557,-0.0742358078603,-0.0769230769231,-0.00279994143913,0.034749034749,-0.0671229586936,0.0272066885965,0.0148780575669,0.0194720273514,-0.0137127538922,-0.0823485508148,-0.035175879397,-0.027119112298,-0.0293209876543,-0.0447232947233,0.0309597184884,-0.00195085565103,0.0230029755093,-0.00343255711775,-0.0572852211294,-0.0853563038371,0.0263157894737,-0.0595564610924,-0.0618492965991,0.0850711270908,-0.0548076923077,-0.0570486455822,-0.119480876193,-0.0357637926255,-0.0538483630098,-0.0116912352044,-0.0186996022914,0.0173934345909,-0.141201264489,0.022619047619,0.0661311523295,0.0693523712392,0.0557939914163,-0.0189393939394,-0.00934708855501,-0.0250669787208,0.0112219451372,-0.0709022024231,-0.0102629264002,-0.0147058823529,-0.069402490238,0.0265657599751,-0.0206232813932,0.101603592046,-0.0295493141737,-0.0375257263349,-0.0107244658934,0.00474848839786
-0.0192786885246,-0.00481540930979,-0.00434027777778,-0.0217391304348,0.00650086479394,-0.00469483568075,-0.00899887514061,-0.00550752977091,-0.034664326459,-0.0177843479819,0.0318745814093,-0.00882352941176,-0.0342205323194,0.00510895791046,0.00870482429357,0.00502912911418,-0.0246740828844,-0.00917832167832,-0.00724157423832,-0.0193340673671,0.00353982300885,0.00127877237852,-0.0196829033036,-0.00954400848356,0.0144356955381,-0.0316248636859,0.00715421303657,0.0108442552059,-0.0257936507937,-0.0203431129496,-0.0146379579788,-0.0660377358491,-0.0078125,-0.00745077168707,0.00298507462687,-0.018535204016,-0.00880645806925,0.0406431918217,-0.0152791713054,0,0.00325335502237,-0.0104166666667,0.0185991481306,0.000794912559618,-0.022566520714,0.00326482154782,0.020179082168,-0.00570533616736,0.0102780303657,-0.022558468926,-0.0111301369863,-0.025641025641,0.0134988750937,-0.0081672426968,0.0205151846943,0.0152594099695,0.0207933822147,-0.00265148561179,0.0266741596529,0.0170739110639,0.0109110947832,-0.0126977634832,0.0289750381251,0.0130879345603,0.0011641443539,0.238225704814,0.0135113654427,0.0268292682927,0,-0.0259295499022,0.00641207871379,-0.00246609124538,-0.0240858576806,0.0140797381564,-0.0373134328358,-0.0060169424432,-0.00148957925698,0.0533458118858,0.00166918986064,0.0304490631058,0,0.00122671383334,0.0157471880021
0.0327794864937,-0.00322580645161,0.0453356582389,0.0844618055556,0.021243185589,0.0117924528302,0.0147559591373,0.0363119403618,-0.0113636363636,-0.0169661588981,0.00500456901779,0.0281899109792,0.0761154855643,0.00507536845956,0.0105339629495,-0.00946294094332,0.0310370388083,0.0264666960741,0.0405462452999,0.0292306793052,0.0335097001764,0.0485312899106,0.0185407250254,0.0583511777302,0.0168175937904,0.0427927927928,0.0339384372534,-0.00306041858628,0.0427698574338,0.0376122510954,0.0190847093238,0.010101010101,0.0131233595801,0.0122030137746,-0.0126488095238,0.0590163934426,0.00592313387629,-0.0234335027458,-0.0067927196933,0,0.0222942845561,0.0118421052632,-0.01825953631,0.0214455917395,0.00964851826327,-0.00162709858738,0.00509995632634,0,0.00564586515383,0.0284159185693,0.0242424242424,-0.0285087719298,0.0409849543698,0.0394124881607,0.02126037608,0.0320641282565,0.00464122587299,0.0541611280528,0.0088725384116,0.0149220323808,0.0270378311589,0.0064211200241,0.0434477379095,-0.0193782801776,0,0.0644554586892,0.0223494353827,-0.0221694378464,0.019305019305,0.0205926670015,-0.00423702215806,0.0259579728059,0.0411414927566,-0.00730383973289,0.0348837209302,-0.00900039824771,0.0239067497693,-0.030653043092,-0.00674314059836,-0.0243500979752,0.00847468744671,-0.00541372236152,0.0775183939849
-0.00564862021526,-0.0137540453074,0.0258548790659,0.0122468582406,-0.0226000174069,-0.030303030303,-0.0296420581655,-0.0320707070707,-0.0413793103448,0.0253317249698,-0.0340502553557,-0.040404040404,-0.00975609756098,0.00253245177727,-0.0331786593469,-0.0454409043165,-0.0278763422157,0.0161008451511,-0.0101331270226,-0.0165121462951,-0.0341296928328,-0.129110840438,0.00380365875747,-0.055134041477,-0.0687022900763,-0.0205183585313,0.0129770992366,0.0153820762502,0.021484375,0.0610140201243,0.0138855265433,0.01,-0.0544041450777,-0.086181386428,-0.0203466465712,-0.0178328173375,-0.0118434258949,0.0336011177087,-0.0283170005059,-0.0229981183358,-0.0437483478721,-0.00780234070221,-0.0418835778514,0.0419906687403,0.081228668942,0.00380980601738,-0.0228473711506,0.0311656165617,-0.0263893032465,-0.107086397691,-0.0143702451395,0.0338600451467,-0.0423330569048,-0.0152801011873,-0.0184954798043,-0.00776699029126,-0.0525408814255,-0.0212881691186,-0.018838165897,0.0385944276998,-0.151763914936,-0.0287387505379,-0.037377588398,-0.0992177850967,-0.139534883721,-0.0288939239612,-0.00145739050395,-0.0348178137652,0.0530303030303,0.0035151856018,0.00211176600372,-0.0987951807229,-0.0217204348497,0.00514329759652,0.0187265917603,-0.0363285645395,0.0243363378195,0.156736938588,-0.0136168552478,0.00535575609887,-0.0546225592861,-0.0271586546725,0.00287870020928
-0.0205579790351,0,-0.049593495935,-0.0485529021034,-0.0434253487682,-0.0504807692308,-0.0149855907781,-0.0527566439385,-0.0139088729017,-0.0645248868778,-0.0378369343374,-0.0293233082707,-0.0591133004926,-0.0588253089501,-0.0117620549797,0.0229243627027,-0.116969248753,-0.116023345645,-0.0472382404804,-0.0792478706511,-0.0282685512367,-0.020979020979,-0.0627330686876,-0.0572805139186,0.0150273224044,-0.0848952590959,-0.0293896006029,-0.0454471571145,-0.101338432122,-0.0654783796564,-0.0533829072365,-0.0594059405941,-0.0821917808219,-0.00811561756651,-0.00769230769231,-0.0727524902282,0.0209913326111,0.0843471208435,-0.00502817804475,0.0141236892788,-0.111126468556,-0.0196592398427,-0.0254877747592,-0.0738805970149,-0.00631313131313,-0.00108589079945,-0.0181745155136,-0.0794326241135,-0.00520920385537,-0.0870602724963,-0.0583190394511,-0.00982532751092,-0.0832542987918,-0.00229961258779,0.0176891442736,-0.0499021526419,-0.0272435277273,-0.00641673403395,-0.02689008629,-0.0831681766704,0.0237777406975,0.0147945522144,0.00256270870544,-0.106946983547,0.00810810810811,-0.0515872166449,-0.00437855277308,0.0234899328859,-0.0359712230216,0.00707580215777,0.0213562307354,-0.0160427807487,-0.0767739608692,0.0410055492039,-0.0514705882353,0.00625521267723,-0.0498788587409,0.0447702060222,0.0258692298564,0.000878992089071,0.0062333159039,-0.0396960951764,-0.0143464445331
-0.0666245658352,-0.0754716981132,-0.112061591104,-0.055352393617,-0.0744096564992,-0.0974683544304,-0.0830895260386,-0.094559286581,-0.114785992218,-0.0930153816388,-0.0536156750875,-0.0596436870643,-0.0680628272251,-0.0544662659509,-0.0853208080624,-0.0827527917222,-0.0636245744853,-0.026569277877,-0.0966996468552,-0.0474099973085,-0.0636363636364,-0.0692857142857,-0.109702881345,-0.0573537762635,-0.092866756393,-0.11686746988,-0.0931677018634,-0.0682491571025,-0.102127659574,-0.0513584550297,-0.0629155180801,-0.0421052631579,-0.0835820895522,-0.0572741379658,-0.0542635658915,-0.0660864835464,-0.0513330680462,-0.0570929942658,-0.0454532240247,-0.0324963072378,-0.080858342404,-0.118983957219,-0.0659942217041,-0.071716357776,-0.0438373570521,-0.0739102902375,-0.0529176284955,-0.0596183477539,-0.0406037355437,-0.0677908937605,-0.0746812386157,-0.0606394707828,-0.144611370997,-0.0552971468915,-0.0463603653474,-0.0937178166838,-0.0579822572304,-0.0702262903636,-0.0460552398573,-0.0135103836949,-0.0585526851927,-0.0623967805008,-0.0501549186677,0.0496417604913,-0.0991957104558,0.105762069199,-0.0512306149217,0.00409836065574,0.0373134328358,-0.100939130435,-0.0135805130416,-0.023097826087,-0.129107866595,-0.0555562996397,-0.0426356589147,-0.0718607542478,-0.0235083668472,0.0174440652256,-0.0378253325622,-0.0726261443475,-0.072449300532,-0.0730144127568,-0.0174674778162
0.00543052489139,0.0283939662822,0.133911368015,0.0225233151504,0.0542760400952,0.103786816269,0.0114869176771,0.0772468677036,0.147802197802,0.0800490640499,0.0028307264243,0.0617792421746,-0.00983146067416,0.00755528359934,0.00433742147771,-0.00438388294753,0.119968839263,0.0832923752417,0.0713676586225,0.0865227409886,0.0184466019417,0.0406753645434,0.0951093811944,0.0644578313253,0.0192878338279,0.173942701228,0.0428082191781,0.00935706714427,0.116113744076,0.0842013245818,0.00926727038511,0.032967032967,0.0488599348534,0.0629128455076,-0.00491803278689,0.0524170064065,-0.0169882550336,0.0211858804865,0.0433842452299,-0.0336968375136,0.0759600744375,0.0743550834598,0.0853096000434,0.0642361111111,0.0744186046512,0.0311007783742,0.0307293594965,0.0981850264684,0.013309593999,0.0409280028944,0.116141732283,0.0845070422535,0.0982804858811,-0.0219511301608,0.0206646350312,0.0590909090909,0.0467070672945,0.00902428352658,0.0668975548937,0.0117389262795,0.0568275265094,0.0198817622287,0,0.0941004388103,0.0104166666667,-0.0972383809932,-0.00154509229893,-0.00816326530612,-0.0503597122302,0.0117610646859,-0.034965034965,0.0139082058414,0.0452200728904,0.0372261221017,0.0242914979757,-0.057242364708,-0.026114070417,0.0846067834514,0.00264486655446,0.0429879186157,0,0.0153494988256,0.00296102648918
-0.00462200499389,-0.0129421915444,-0.0662701784197,-0.0110135949062,-0.0197786822691,-0.0355781448539,-0.0536277602524,-0.0524528359485,-0.00957395883198,-0.0238988741853,-0.0404913294798,-0.0760279286268,0.00425531914894,-0.0543545189996,0.00270538595185,-0.000645052726049,-0.0315840997501,-0.0666646501921,0.0153715744751,-0.0295974813233,-0.00857959961868,-0.0752212389381,-0.0322516948595,-0.0752688172043,-0.0131004366812,-0.0354445090064,-0.0968801313629,0.0396523628463,-0.0424628450106,-0.0598556903903,-0.0382336692511,0,-0.105590062112,-0.0448895860987,0.0296540362438,-0.157028223575,0.0219756774056,-0.0296468912839,-0.00506922755091,-0.0347590565399,-0.100314465409,-0.0310734463277,-0.0098004900245,0.00815660685155,-0.00185528756957,0.0295990096821,0.0203244731801,-0.0115918742109,0.00835325632975,-0.0131207368467,-0.0731922398589,0.034632034632,-0.0393565067509,-0.0455093678131,0.0333266983251,-0.0332618025751,-0.033467148131,-0.020624424088,0.00258394577609,-0.0309405940594,-0.0324760422639,0.0135585818081,0.0561467889908,-0.0860071301248,-0.0162002945508,0.101607542563,0.111255904871,0.0222222222222,0.00378787878788,-0.090318140104,0,-0.0329218106996,-0.124989941797,0.0222586819798,-0.0632411067194,-0.0428151937103,0.0110458911419,0,0.0679456434852,0.0137295363874,0.0190478998658,-0.0308865213567,0.00147761996797
0.0410795616282,0.013986013986,0.0454959053685,0.0489820776057,-0.0101213261532,0.0421607378129,0.00333333333333,0.00910928728485,0.0357660705655,0.0213476325374,0.00295189614145,0.00755667506297,-0.0536723163842,0.0971269545361,0.00914626599668,0.0415625964696,0.0537096645474,0.116602391678,0.0092543573872,0.0718939114055,0.0115384615385,-0.00318979266348,-0.0102360062572,-0.0820073439412,0.0132743362832,0.0602409638554,0.0963636363636,0.00487634970394,0.0620842572062,0.0455404383976,0.0508853939706,0.0531914893617,0.0590277777778,-0.0448726047589,0.0112,0.0147710487445,-0.0476687543493,-0.0175777992729,0.0173290564857,0.00514439377996,0.0206221600839,0.0189504373178,0.0322678382063,-0.0380258899676,0.00557620817844,-0.00607596023789,-0.00796491331006,0.0408732001858,-0.0112263261633,0.0619414483821,-0.0323501427212,0.0125523012552,0.0384768740032,0.0306952140267,0.0368749828008,-0.00776914539401,0.00523877108031,0.025956775604,-0.0199836815044,0.0498882503193,-0.0115555555556,0.00250700197818,0.0442822948035,-0.00390053632374,0.0059880239521,-0.0541428072984,0.00696276751686,-0.00161030595813,-0.022641509434,-0.0638083228247,0.0153662008282,-0.0340425531915,0.0411979278423,0.0287823667879,-0.261603375527,0.0335477486393,-0.0109252124347,-0.0625429553265,0.121519461078,0.0144663988709,0.0710348519263,-0.0148932593713,0.0236011354985
0.0119110685784,0.0422413793103,-0.0139251523064,-0.0148461474662,-0.0163203775316,0.0530973451327,0.0279069767442,0.0229148375768,-0.0079328044797,-0.0362555720654,-0.0528375929763,0.0516666666667,-0.00298507462687,0.00090243902439,0.0517679090474,0.00484992186237,-0.0461247159808,-0.018284719199,0.0749901647282,-0.0345517256445,-0.000950570342205,0.0336,0.0120941419,0.064,-0.0451237263464,-0.0789772727273,0.0480928689884,0.0662391681109,-0.027139874739,0.0183514298822,0.0741306191688,0.0505050505051,-0.0262295081967,0.0100531316828,0.0102848101266,-0.0787643538735,-0.016149068323,0.0357846132953,0.00601280424501,-0.0821216703501,-0.0768835616438,0.00143061516452,0.106936698953,0.0412111017662,0.0104744300678,0.00444982071111,0.0307846993243,0.00557786702365,0.00236898364823,0.00833264240113,-0.0363815142576,-0.0227272727273,0.138750239969,0.0190138968209,0.00610419597123,-0.0111856823266,0.0678529161389,0.0177747808496,0.0874983480904,0,-0.00954950325454,0,-0.0200007393989,-0.0234948604993,-0.03125,-0.0762070087881,-0.00276584904287,0.00967741935484,-0.003861003861,-0.0333153735632,0.0194666581706,0.00734214390602,-0.174139606088,0.00546021840874,-0.0228571428571,0.209402527767,0.013673959445,0.033357771261,-0.0429138719258,0.0115579099446,0.0366468101201,0.00361750051191,-0.00288284132841
0.0139831796535,0.0239867659222,-0.00970873786408,-0.0150698770837,0.00519722814499,-0.0204081632653,0.000646412411118,0.0122190057818,-0.0183443085607,-0.0949223969575,0.0227241499583,0.00475435816165,-0.0209580838323,0.00902437637579,0.00964341519159,-0.0240789403121,-0.155837281317,-0.0372209903917,0.00620267062036,0.0217545429862,-0.0247383444339,0.0719814241486,-0.0494958753437,0.00125313283208,-0.00914634146341,-0.00925354719309,0.0189873417722,0.0121257436364,-0.0429184549356,-0.0380073448102,-0.0112655295852,0.0288461538462,-0.010101010101,0.0476263232566,-0.0164447924824,0.0158005617978,-0.027926322044,-0.0510685721778,-0.00497833326167,0.050310480294,-0.0176219625301,0.0321428571429,0.00543574332685,-0.0113085621971,-0.00365853658537,0.0298924731183,0.00390171130205,-0.0947415132017,0.053752593959,-0.176622949472,0.0530612244898,0.0317124735729,0.0210308930754,-0.00124792634993,-0.0187818196207,-0.0452488687783,0.0439812564407,0.026845815445,0.0211687790888,0.0399148483236,-0.00103765835099,-0.030868418482,0.0265957446809,-0.153383458647,-0.0168970814132,-0.0489042350786,-0.0152543609955,0.00798722044728,-0.0077519379845,0.0720854621458,0.0551284455278,0.00145772594752,-0.099030372166,-0.0298681148177,0.105263157895,-0.00894624336949,-0.000513259195894,-0.0404398722951,-0.0197343188871,0.0105794916554,-0.0159882205775,-0.0315220348205,-0.0130045102348
-0.0486159688218,-0.0500807754443,-0.0623885918004,-0.0809470894948,-0.0835874320562,-0.0392156862745,-0.0697674418605,-0.0543217680205,-0.0584571154768,-0.149338481631,-0.0343416388496,-0.0315457413249,-0.11620795107,-0.0554571653974,-0.0341745105965,-0.0776733707001,-0.119830694466,-0.088405085058,-0.0677901294438,-0.0934059039047,-0.0829268292683,-0.0310469314079,-0.0870745383764,-0.143304130163,-0.0123076923077,-0.113325031133,-0.0714285714286,-0.0823215776964,0.0156950672646,0.153977151777,-0.0527100415291,-0.0700934579439,-0.146258503401,-0.0887972164927,-0.0374203821656,-0.127722087798,-0.0945904645477,-0.0711917098446,-0.0981009771205,0,-0.0893126888218,-0.0415224913495,-0.0756010724803,-0.124183006536,-0.0887392900857,-0.0268740864481,-0.067271558191,-0.0953431372549,-0.0391127157353,-0.0314075997404,-0.0600775193798,-0.0922131147541,-0.0411541319244,-0.0977591560361,-0.0771029921768,0.0195497630332,0.0112305142197,-0.00588432652851,-0.0977473135554,-0.0877321245796,-0.0558320709803,-0.0387259348856,-0.0632418329475,-0.0189461219657,-0.11875,-0.0926872638364,-0.0379484138749,0.0166402535658,-0.01953125,-0.0278138809462,-0.0522480895682,-0.0203784570597,-0.170214449632,-0.0391843262695,-0.0740740740741,-0.00902700111839,-0.00363416111448,-0.0417744916821,-0.0317979726125,-0.0296265277814,-0.0573115987129,-0.0628840279485,0.0248870766473
0.0511002573394,0.0289115646259,0.0950570342205,0.123790922619,0.094575045208,0.0586734693878,0.075,0.0666612324747,0.058524173028,0.170549362526,0.0962328767123,0.0960912052117,0.128027681661,0.075758737951,0.0650395809916,0.0855551252644,0.218323656182,0.1265200256,0.050410668374,0.082576103005,0.102127659574,0.0618479880775,0.104221274598,0.0825420014609,0.0685358255452,0.165730337079,0.0602006688963,0.0635959539393,0.147902869757,-0.0117690463014,0.0661533273381,0.0854271356784,0.159362549801,0.102092145879,0.055417700579,0.0857935407173,0.110042194093,-0.0246941128342,0.109878935656,-0.0265444015444,0.0785817955629,0.115523465704,0.123864771052,0.102611940299,0.0785762256548,0.0723665858421,-0.0104018260643,0.098618260634,-0.036548916911,0.041499123621,0.0536082474227,0.0981941309255,0.0793835292092,0.0931677018634,-0.0268286288561,0.171411969785,0.0731545601886,0.0197564838132,0.0439863358789,0.138243308222,0.113683245473,0.0832564382183,-0.0121999058528,0.0826795413398,0.189716312057,0.0357123414448,0.0570107858243,-0.0218238503507,0.0358565737052,0.0225490196078,-0.0816613538346,-0.0282317979198,0.162407018882,0.0633652378971,-0.0685714285714,0.0182184602983,0.00520681908286,-0.798225308642,-0.000808199551817,0.0412924454514,-0.00363820253129,0.114462345448,0.0214303271426
-0.0253988874455,-0.00413223140496,0.015625,0,0.00565009086403,0.00361445783133,0.00258397932817,0.00731327087377,0.0600961538462,-0.00142563868613,-0.0152686660419,-0.0208023774146,0.0613496932515,-0.00880195211611,-0.0244315949026,-0.0024697456162,-0.0484766972692,0.0215291690339,-0.00472389950285,0.0279913656728,-0.0183397683398,0.0666666666667,0,-0.00944669365722,0.0612244897959,-0.0331325301205,-0.00157728706625,-0.00918125575885,-0.0403846153846,0.0319072152119,0.019751524417,0,0.0584192439863,0.00209543568465,-0.00548589341693,0.0525547445255,-0.0151284780295,0.0366825548141,0.0540021969272,-0.0110312345067,0.0863129565552,-0.0498381877023,-0.0228888136741,0.0194585448393,0.0236612702366,-0.028333883603,0.0154184340072,-0.0186189889026,0.00673619523148,0.192743651933,-0.00391389432485,0.0102774922919,-0.0178678259482,0.0909090909091,-0.0225395114943,-0.00198412698413,-0.0327795702615,0.000636456211813,-0.019493645299,-0.13553474618,-0.06836797695,-0.0214697796879,0.00972955800008,0.152173913043,0.0745156482861,-0.0411563731932,0.0166180758017,-0.0517928286853,0.0576923076923,0.0294604724135,-0.0109579717543,0.0840978593272,0.110263352203,-0.0232852409403,0.122699386503,0.0387934446995,0.0336821623896,0.260038240918,0.00963270708482,-0.0103346456693,-0.00455378542225,0.00779963018995,0.0237760789756
-0.0335116290992,-0.0182572614108,-0.0487179487179,-0.0423735827195,-0.147818372979,-0.0366146458583,0.020618556701,0.0099078253613,-0.021768707483,-0.0878305065387,0.00484792005393,-0.0151745068285,-0.0924855491329,0.0408517236694,0.00651405816617,-0.043190008528,-0.0886492133727,-0.038843192928,-0.0679795601998,-0.0299533213995,-0.0304818092429,0.0144736842105,-0.0374136403897,-0.0708446866485,-0.0206043956044,-0.122741433022,-0.0102685624013,-0.0185990899731,-0.102204408818,0.00104917874629,-0.0684634074891,-0.0509259259259,-0.0974025974026,-0.0504130349268,0.00236406619385,-0.115638002774,-0.015283674257,-0.0564608084746,-0.0284666251007,-0.0165434264945,-0.0460095558308,0.0544959128065,-0.0212600129898,-0.0639004149378,0.0328467153285,-0.0466541047581,0.011037594902,-0.0441010177158,-0.00120322817315,-0.0740341121301,-0.0559921414538,-0.0396744659207,-0.0425177664975,-0.0433981419671,-0.0358903690093,-0.015407554672,-0.0651194151673,-0.00966798117288,-0.0545154681682,-0.0632024759733,-0.0361845011929,-0.0101493718469,0.00582081334067,-0.0430575713595,-0.00970873786408,0.127124218836,-0.0448809865214,-0.0252100840336,-0.0290909090909,-0.0800101600203,0.00409455321199,-0.0126939351199,-0.096024532624,0.00420712406341,0.0218579234973,0.00571602774179,-0.0050110650421,-0.103186646434,-0.0158770620152,0.000863670862886,0.0146444403529,-0.00773926677119,0.0218573111435
0.0739620906712,-0.00929839391378,0.119496855346,0.0929046754818,0.0804256467595,0.0492211838006,0.0858585858586,0.0555509649116,0.0913305516922,0.178613910975,0.0559310161114,0.0893682588598,0.143312101911,0.0511895071493,0.0577096792636,0.0754722405911,0.171819683738,0.130131562919,0.0788722561038,0.131228692968,0.0578093306288,0.105058365759,0.0795759873385,0.192082111437,0.0617110799439,0.136363636364,0.0830007980846,0.108836170429,0.167410714286,-0.0149622330109,0.0556809352917,0.0292682926829,0.165467625899,0.141586360267,0.0369496855346,0.272103509116,0.142039664498,0.0714174333385,0.0820326406716,0.0281636294125,0.179744017807,0.0710594315245,0.0706512121748,0.0469858156028,0.0471142520612,0.0928738065408,0.00750927350041,0.168243953733,-0.0115766586355,0.0675839196881,0.165452653486,-0.0381355932203,0.103571125626,0.148814759354,0.0279198297494,0.202927814235,0.112587306408,0.130199100835,0.120754974107,0.0674665275604,0.0613797845519,0.0554645027183,0.018573551263,0.0571284125379,0.0252100840336,-0.0193570351637,0.0427113046089,0.112068965517,0.0322097378277,0.117982698325,-0.0116510177507,0.0714285714286,0.377283688233,0.049582380167,0.0213903743316,0.0143225219764,0.0871510379384,0.230118443316,0.0169472710453,0.013048480728,0.0676288717355,0.0226592704656,0
-0.0322856813579,0.00597269624573,-0.0128410914928,-0.0141546734145,-0.027762909039,-0.0296912114014,-0.0133720930233,-0.0340530615731,-0.0514018691589,0.0184319558058,0.0210042419599,-0.0261669024045,-0.0222841225627,0.0048725965753,0.0141078030745,-0.0162006095279,-0.0166019277802,-0.0115066425934,-0.0455938332699,-0.0303987305341,-0.00671140939597,-0.0410798122066,-0.0111486140943,-0.0750307503075,0.0713342140026,-0.01625,-0.0803242446573,-0.0455058751717,-0.0554493307839,0.00527107512811,-0.0323473750613,-0.0142180094787,-0.0740740740741,-0.0881779984721,0.00227445034117,-0.0499306518724,-0.0424874734024,0.00916897103769,-0.0270749995671,0.0873822508676,-0.0444968553459,0.000603136308806,-0.0457005908847,-0.0677392040644,-0.0140607424072,-0.0513998833842,-0.0135446599617,0.019801980198,-0.00493460166468,-0.0727929138155,-0.0709821428571,0.0220264317181,-0.0478862413528,-0.0589727851986,0.0633767999506,-0.00293747377256,-0.0222961446605,0.00634191803241,-0.0314806483384,0.0773741651735,0.0107108922864,-0.00242392107107,0.0320933625091,-0.0229555236729,0.0109289617486,0.161359916679,0.056007486862,-0.0306201550388,0.0355587808418,-0.051366480079,0.0588378059774,-0.008,0.0319306783785,-0.00466318617264,-0.0261780104712,0.0337691445648,-0.00834803057025,-0.0618982118294,0.0412254848452,-0.036085800573,0.00168658316555,0.00138071599987,0.0200524246396
0.0126067576304,0.0212044105174,-0.00406504065041,0.00617630544638,0.0474215452377,-0.00244798041616,0.00707130229817,0.00128194738122,-0.0089565606807,0.0310332238043,0.0214598166078,-0.0137981118373,0.039886039886,0.0104976191342,0.00092743611884,0.0122010869565,0.0295511732694,0.0153208658197,0.0164723947791,0.0307099879663,0.0202702702703,0.00489596083231,0.00865397876155,0.063829787234,-0.0456226880395,0.0349428208386,0.0520833333333,0.0141651211869,-0.0344129554656,0.0185892600793,0.0465032052443,0.0673076923077,0.0166666666667,0.0457030349999,-0.00302571860817,0.0233576642336,0.0855913978495,0.0280862417075,0.0352505628877,0.0452524791975,0.0388349514563,0.0114526823388,0.0361550119073,0.0354223433243,0.0439247005134,0.00161481882775,0.0253978850268,0,0.00929079285416,-0.0488975415403,0.0403652090341,0.119612068966,0.00302736740131,0.0296532386581,0.0273733763403,0.00968013468013,0.0219321968838,-0.00399801228768,0.00875056495757,0.0283489567584,-0.00636697718144,0.00810569676721,0.00122745025107,0.0117474302496,0.0297297297297,0.0481071039652,0.00906673938237,0.00759696121551,0.0126138752628,0.0658625477265,-0.0266544418612,-0.0282258064516,0.0309139011905,0.00802057340734,0.0215053763441,0,-0.00373488261797,0,0.00531171372659,0.0142730900035,-0.00843176923579,0.0124421391287,-0.108779731859
-0.0204976562106,-0.0107973421927,0.0261224489796,0.0367506377551,-0.0299961453552,-0.0110429447853,0.0286717378584,-0.0256134800044,0.0953456845911,0.0577195467422,-0.0157589657675,0.0213549337261,0.013698630137,-0.0167842934122,-0.0231644194517,-0.00241617224623,0,0.0694340027924,-0.0453791899236,0.0260722791895,0.0208136234626,-0.0487210718636,-0.00687062040677,0.125,0.00258397932817,0.0951503990178,0.022086824067,-0.0631837815682,0.0440251572327,0.0184888803956,-0.0423602699429,0.0855855855856,0,0.00813219829745,-0.00606980273141,0.00570613409415,0.0087823560486,0.00641767490794,0.0430120005502,-0.00959651035987,0.0262949469349,0.015494636472,0.00208942749687,0.0149122807018,0.0333333333333,-0.0787385194662,0.00469038987941,0.0139011473963,-0.00674855705195,-0.1328128719,0.0166281755196,0.000962463907603,0.0721960642279,-0.0109646115367,-0.0384952623391,0.0416840350146,0.0266006487963,0.0183694296405,0.0229249897323,0.0312431081379,0.0149228056595,-0.00964109516815,-0.00609257745746,-0.0430575713595,-0.0157480314961,-0.103247361773,-0.0282394271044,0,0.036678200692,0.0810876821623,0.0296719932717,-0.0387275242047,0.0825127618623,-0.0331531486019,0.0789473684211,0.040904820409,0.0107825052068,0.033724340176,-0.0469619021135,0.01053437533,0.000842448893628,0.0532749675746,0.00293925538863
0.0328822106726,0.0159529806885,0.0596658711217,-0.0393694732795,0.0460966005563,0.00558312655087,-0.0466439135381,0.0105192412252,0.0346534653465,-0.013008752212,-0.0293555434189,-0.0122566690699,-0.0135135135135,-0.0967468133991,-0.026090559208,-0.0120832099895,0.0464362850972,-0.033316595531,0.0152802753943,-0.0169376914024,0.00278035217794,0.154929577465,0.00519721897157,0.00444444444444,0.020618556701,-0.0313901345291,-0.0312965722802,-0.00629354154747,-0.00401606425703,0.0514342003424,0.0268331466156,0.145228215768,0.0295081967213,-0.0171464902346,-0.0145038167939,0.0682427107959,-0.0274923086994,0.0351243989128,0.0309276651158,0,-0.0146627565982,-0.00469483568075,0,0.0138288677615,0.0142781597039,0.0622099784354,0.00134016671085,-0.00544069640914,0.0142146199005,-0.042707361256,-0.0786006360745,0.05,-0.0794955523027,0.0521624298448,0.0209448726246,-0.015206082433,0.0384679350718,0.0304865827859,0.0266574199122,-0.00891074992871,0.0252118644068,-0.0219226527741,0.0294161620692,0.0369059656218,-0.0133333333333,0.133558998591,0.0198136818687,-0.00793650793651,0.0213618157543,0.0508321409745,-0.0177410396315,0.041726618705,-0.00925090834128,-0.0130367196583,-0.0585365853659,-0.0052072484899,0.072859144482,0,-0.00795127110917,0.0147877204442,0.00255152368051,0.026598528461,0.0146649417245
0.0238806961605,-0.0132231404959,-0.015015015015,-0.0123269030657,0.0446524156508,0.0277606415793,0.0644391408115,0.0442096295687,0.00717703349282,0.00959441779328,0.0100811178319,-0.0335766423358,0.0123287671233,0.0558066815722,0.00340326444708,-0.00610187959684,0.0313399598066,-0.0437887956783,-0.0108702252991,0.00184531132188,0.0314232902033,-0.0576496674058,0.0395822633111,0.00995575221239,0.00631313131313,0.00925925925926,0.0430769230769,-0.00314976630766,0.0665322580645,-0.00971447691278,0.0487268375948,0,0.0191082802548,-0.0112800194065,0.0209140201394,0.0318678076129,0.0207982769065,-0.010031643439,0.0183316811103,0.0582470821405,0,-0.0507075471698,0.0522518765638,0.0272804774084,0.0312825860271,-0.00437920515301,0.0485932375392,0.0164113785558,0.0218898748311,0.155570846952,-0.0177514792899,0.0384615384615,0.0101529051988,0.029808597427,0.0186999366104,-0.00528240552621,0.0064380775452,-0.0547607727882,0.0176933469223,0.0395598072358,0.0666253358132,0.0107890593107,0.0428815220943,0.144807411019,0.00540540540541,0.135378880494,0.012952484832,-0.02,0.0575163398693,0.0398452056758,0.0665912719532,0.078729281768,0.0582865168539,-0.0125074449077,0.139896373057,-0.0184254606365,-0.0233540754398,0.418439716312,0.00720614728483,0.0548389588322,0.0288218085455,-0.0638138363271,0.0187868624957
-0.0190741882116,-0.00335008375209,-0.046493902439,-0.00413323608072,0.0478347107438,-0.0216086434574,-0.0538116591928,-0.0155653997266,0.00950118764846,-0.00652747780178,0.00498560950701,-0.0211480362538,-0.020297699594,-0.0622328957363,-0.0145598571907,0.0135394397851,-0.0354434379608,0.0189314718744,-0.0346574165029,-0.0233418937148,0.0206093189964,-0.00470588235294,-0.0471657718784,0.0109529025192,0.0363864491844,-0.0200688073394,-0.0449852507375,-0.0459348350491,-0.0132325141777,-0.0250030972305,-0.0505067454192,0.0326086956522,0.046875,0.0145369045185,-0.0318664643399,-0.0154418072634,0.0408149808783,0.0241430903156,0.013094985751,-0.0275725730933,0.062969924812,0.0248447204969,-0.0243728450838,0.0157676348548,0.00252780586451,-0.020892717975,-0.0133245438097,-0.0864370290635,0.0625377382903,-0.0199483922191,0.0441767068273,0.00352733686067,-0.0432711713894,0.0225472273004,0.0384952623391,0.0147058823529,-0.00639689384657,-0.00347508001829,0.00869868995633,0.0570815747596,-0.0029061882435,0,0.0456444537288,0.0719761499148,0.00268817204301,0.0855750900233,0.0293424860354,-0.010612244898,0.00432632880099,-0.0453480358374,0.0899394997817,0.0909090909091,0.0837081275037,0.0147835410803,0.0545454545455,0.179607508532,0.00531514422807,-0.022,0.093885745574,0.00893314783627,-0.00494746506172,0.00608603734905,0.0241133101385
0.0244882436589,0.102521008403,-0.0087929656275,0.0458170572917,0.0216108780011,0.019018404908,-0.0118483412322,0.0202387356606,-0.0321568627451,0.00599062756655,0.0112889964618,-0.00308641975309,0.0386740331492,0.00272455040827,0.0699462213416,0.00849107625744,-0.0466011466011,-0.00421176094258,0.0245174420453,-0.02515704848,0.00965759438104,-0.0236406619385,0.0990355698434,0.0276273022752,-0.0230024213075,-0.00760678759508,0.015444015444,0.0273850646345,-0.0153256704981,-0.0153981217295,0.00143144947514,-0.0385964912281,0.0089552238806,0.0132806674593,0.00783699059561,0.00784199825733,0,-0.0174646390863,-0.0080785772405,0.00941579285256,0.118479221927,-0.0884848484848,0.0189698594524,-0.0392156862745,0.00100857286939,0.0331254361479,0.0193043057984,-0.0414751973607,0.0482221139795,-0.0635949367089,0.0264423076923,-0.161687170475,-0.0609653193823,-0.0196662693683,-0.00798017213204,0.0112721417069,0,-0.00408369275948,-0.000577220567523,-0.00981803901034,0.0317892118763,0.0197130548504,-0.00872373722239,0.00953516090584,0.0563002680965,-0.0487804878049,0.0149068322981,0.00660066006601,0.0369230769231,0.0012272596015,0,-0.00352112676056,0.0772196394149,0.00900770013076,0.0172413793103,-0.0591320072333,-0.0140950549942,0.185071574642,-0.0305335869456,0.0128940174662,0.0206955764006,0.0020057945175,0.0526304121926
0.0351684178247,0.00914634146341,-0.00161290322581,0.0537701346199,0.124050398369,0.0325105358218,-0.0083932853717,0.013018198401,0.0190437601297,0.128031503626,0.0468717171071,0.0185758513932,0.0518617021277,0.0154134878218,0.022105118356,-0.0276720115836,0.0681499298457,0.0608202162972,0.0470130568833,0.0425797474616,-0.0095652173913,0.0102905569007,0.0845757061081,0.103848181339,0.0371747211896,0.0866745283019,0.0190114068441,0.0412131715771,0.0505836575875,0.0296822938664,0.0665643143276,0.229927007299,0.0710059171598,0.0534805091488,0.0171073094868,0.267435158501,0.0126069052898,0.0758313057583,0.0863186265893,0.00932796268815,0.121475625823,-0.0265957446809,0.0578034682081,-0.0187074829932,-0.00201511335013,0.0554406332454,0.0252562582805,0.0771972956361,0.0459779016935,0.010868389748,0.109601873536,0.102725366876,0.0548591454374,0.077811550152,0.0528512203827,0.0911624203822,0.0241507983536,0.0630499884819,0.0264519706141,0.104177683765,0.00843691148776,0.00401727617359,0.0352356319909,0.0507674144038,-0.0266497461929,-0.0769230769231,0.051343168202,0.0327868852459,-0.00593471810089,0.0255966544091,0.0349642346209,0.0318021201413,0.101894736842,0.0171869886773,-0.021186440678,0.0870010891153,0.0160765506842,0.432269197584,0.0615103951535,0.0143061858132,0.0705578084393,0.0227821555669,0.0276332831405
-0.00748386292058,-0.00302114803625,0.0185783521809,-0.0415743612465,0.0431879996703,0.000583090379009,-0.0114873035067,0.00367168651394,0.048111332008,-0.0454255183277,-0.0226003490401,0.0281155015198,-0.0189633375474,-0.00714377551348,-0.0409971840318,0.00557056974243,-0.0618716993271,-0.00113556071465,0.0334690408901,0.00618974037232,-0.0280948200176,0.00179748352307,0.0247948264362,-0.0377268385864,0.0131421744325,-0.0694519804666,0.0164179104478,0.0170777988615,0.140740740741,-0.00911514709569,-0.0146097718361,-0.0207715133531,-0.0497237569061,0.0287337876871,-0.0351681957187,0.0819690768531,0.0152652652653,0.0331071742681,0.0389819599213,-0.0277252678009,-0.0195018796992,-0.00409836065574,0.0203504804975,-0.00866551126516,-0.0206966178698,0.0262592122236,-0.00431198650634,0.0172315417095,0.0618752622356,0.0860123027547,-0.00633178556353,-0.0152091254753,0.0424652866513,-0.00733220530175,0.0343955356212,0.025538124772,0.00628625936293,-0.00712939085964,0.034176588418,0.0538793103448,-0.0527750803018,-0.00961791336364,0,0.1265917603,-0.0013037809648,-0.0300925925926,0.0337009803922,0.015873015873,0.0149253731343,0.0758577052868,0.0131317040805,0.0102739726027,-0.0410966755827,-0.027024244608,0.21645021645,0.128897271173,0.0312315193984,-0.178313253012,0.0501637536885,0.00313169606066,0.0181890677956,0.00391438068906,0.0140842544798
0.00479122812529,-0.0204545454545,-0.0182394924663,-0.0355189151707,0.00452977272129,0.020979020979,0.0256880733945,0.0280536263675,-0.00113808801214,0.00999018820801,-0.0239978573342,0.0029563932003,0.0309278350515,-0.0134919671401,-0.0122096035927,0.0018374286968,0.0439777111016,0.0477225071369,-0.0355500310752,0.0756443051948,-0.0433604336043,0.0221291866029,-0.0412587016809,-0.0193548387097,-0.00707547169811,0.0565597667638,-0.00807635829662,0.0068407960199,-0.0941558441558,0.0163972127038,0.0289811270065,-0.0969696969697,0.0406976744186,0.0055972545925,0.00475435816165,-0.0378270463381,-0.028654177964,-0.0027972027972,-0.0108221662329,0.0618924173688,-0.0396597172298,0.0294924554184,0.0263342566944,0.0576923076923,0.0247422680412,-0.0361203948202,0.0129783193759,-0.00291676015257,-0.0197564150242,-0.0482687287593,0.0144435004248,-0.0733590733591,-0.0183452502554,0.0170454545455,0.0216300703355,-0.0167200284596,0.0601544653541,-0.0182461041512,-0.0303376532933,-0.0113610543058,0.0302827175585,0.0105269147604,0.0159636599611,0.0641622340426,0.00522193211488,0.00238663484487,-0.015708358032,-0.044921875,-0.0341176470588,0.0231980657387,-0.0102054738451,0.0237288135593,-0.0142859989241,0.0104089514337,-0.0320284697509,-0.00396783961575,-0.0072495130924,0.049853372434,-0.0134626072995,-0.00546922679686,-0.0148810209394,-0.0247872505029,-0.0126281061883
-0.00680080671638,0.0332559938128,0.00888529886914,-0.0163764179581,-0.0759248092704,-0.0154109589041,-0.0327966607036,-0.0344049518044,-0.0478541587543,-0.00989137154464,0.0102815535757,-0.0191599115696,-0.0025,-0.0957108164873,0.040414858854,-0.0171908789795,0,-0.00759548611111,-0.0360276403581,-0.0200125769931,0.00944287063267,-0.0380339379754,-0.0215171192444,-0.0607287449393,-0.00712589073634,-0.0193156732892,0.000740192450037,-0.0211956698417,-0.0322580645161,-0.0269933930672,-0.00458535948566,-0.124161073826,-0.0167597765363,-0.040751149719,0.00552050473186,0,-0.0126245004124,-0.0118604792975,-0.00693100830252,0.0448581019225,0,-0.0453031312458,-0.0468547574493,0.00661157024793,0.0110663983903,-0.0119791350761,-0.000606886134675,0.0226147614761,-0.0152226490255,0.172954510169,-0.0435510887772,0.04375,-0.034212935986,-0.0106145251397,-0.00671190623072,-0.0513748191027,-0.00219870423031,-0.0377484327064,0.0212319466733,-0.0359112847621,-0.020858050442,0.00880304821968,-0.064927184466,-0.0627928772259,-0.0181818181818,0.0357142857143,-0.0491418247516,0.0306748466258,-0.016443361754,-0.0205007025163,-0.00840845808177,-0.0132450331126,-0.0308053040103,-0.0439819359906,-0.0441176470588,-0.0118461054618,0.018038147139,-0.111033519553,-0.0156807511737,-0.0102197361278,-0.0211504735181,0.0160563559053,-0.0664962749192
-0.0178346555849,0.0291916167665,-0.0208166533227,-0.0145374807114,-0.00175901495163,-0.0255072463768,0.000616522811344,-0.0171976815605,-0.0307140007978,-0.0481223798055,-0.0159263350416,-0.0277986476334,0.0213032581454,-0.0272177968101,-0.0100526266032,0.0274907389355,-0.0342147041112,-0.0163763150861,-0.0314399432292,-0.00816641340404,0.00280636108513,-0.0267639902676,-0.00907966577177,0.0237068965517,0.049043062201,-0.0528981429375,-0.00665680473373,-0.0123883224285,0.0555555555556,0.00373229774667,-0.0315732528975,0.0268199233716,-0.0454545454545,-0.0265395810741,-0.0211764705882,0.00982854646718,-0.00141351837574,-0.0388780894196,-0.0154244000056,-0.00856697819315,0.0738615096694,-0.0279134682484,0.0287321603866,0.0369458128079,0.0213930348259,-0.0252923662482,-0.0452067364785,-0.0331169545605,-0.0408841375325,0.0199426428414,-0.00875656742557,-0.00998003992016,-0.0290036200655,0.0395256916996,-0.00780066082031,-0.0392829900839,0.00146903278881,-0.00526753534793,-0.0339219586167,-0.034328625067,-0.0155175109443,-0.0643396717895,-0.0324806175074,0.0403333333333,-0.0277777777778,-0.0505747126437,-0.0336943441637,-0.0238095238095,0,-0.0208645758623,-0.0650856316726,-0.0302013422819,0.0373946775674,-0.0165400150613,-0.107692307692,-0.0539995756418,-0.010545474011,-0.0353495679497,0.0346592896435,-0.0166682563907,-0.0162085976039,0.00262336039975,0.0246578946647
0.019552848786,-0.0327272727273,0,0.00420306576562,0.0300696319454,-0.00654372397383,0.00554528650647,-0.0124990122907,0.0555555555556,0.0470880382327,-0.0107924590797,0.00463678516229,-0.0355828220859,0.00621141183712,-0.0276946584325,-0.017023583627,0.0647035483505,0.0194402588741,0.0482500849473,-0.00529592258217,-0.00373134328358,-0.05875,0.0489497716895,0.0431578947368,-0.0193842645382,0.0606060606061,0.0201042442293,0.0375975248857,0.0175438596491,0.0597495569173,0.0258146424037,0.115671641791,0.0535714285714,-0.00644934333959,0.0112179487179,0.115064345193,-0.00141551923819,0.0147035217824,0.0160381882072,-0.0433032207384,0.00267224352271,0.010768126346,0.0423165853121,0.0118764845606,0.00876765708719,0.0210885424867,0.0134409362015,0.0457441966318,-0.00625094140684,0.0782973569235,0.00574204946996,0.0685483870968,-0.0121610225911,0.00869092884302,0.0167755827637,0.0321556173085,0.0353957636566,0.0206010776663,0.00170617407525,0.109609331605,0.00293802358359,-0.0152720330894,0.0301115504095,-0.0182633771227,0.0326530612245,0.00242130750605,0.0199252801993,-0.00487804878049,0.00557275541796,0.0617966304854,0.0191512772474,-0.00922722029988,0.0270199634105,0,0.00431034482759,0.0148031849277,0.014066219433,0.0741042345277,0.0093733673438,0.00404976113684,0.0039216162401,0.0367555444804,0.0347580709872
0.0349288689774,-0.0015037593985,-0.00899427636958,0,0.0395386695362,-0.0167664670659,0.0122549019608,-0.00379716449287,-0.00194931773879,0.0571415786648,0.0509142995331,-0.0276923076923,0.0318066157761,0.014422363933,-0.0256460625109,-0.0229165517622,0.0991561743019,0.0016234552944,0.0460190437601,0.0230634127325,0.00749063670412,0.0909694555113,0.0153230019154,0.0534813319879,0.0232558139535,0.0285714285714,0.00948905109489,0.0453425811888,0.0189655172414,0.0570366726786,0.0443564356436,0.0936454849498,0.045197740113,-0.0134741728628,0.0118858954041,0,-0.00856958762887,0.0275255481381,0.00110234556596,0.0452632659345,0.0520278099652,0.0511363636364,-0.0211267605634,0.0610328638498,0.0704973442781,0.0751691099369,0.0239871696534,0.0437431991295,0.0319312871037,-0.0322942993541,0.0259112867809,0.0679245283019,-0.0347306465382,0.0016155088853,0.00310276047182,0.000384615384615,0.0128214209818,0.0271032929022,0.0209161310835,0.0208576672785,-0.00684850164285,0.00688610662359,0.0336863027312,-0.0473237597911,0.0197628458498,0.012077294686,-0.002442002442,0.0947712418301,-0.0917487684729,0.0328002508623,0.0138892941554,0.0186263096624,0.0666731917393,0.0277889929971,0.0729613733906,0.0624930931595,-0.0151408450704,0.0341167551175,0.0418036779929,0.0112549512124,0.00781259448281,0.0120177863238,0.0348855543924
-0.000668317207649,-0.0173192771084,-0.0354785478548,-0.0420188756668,-0.0297536893513,0.0109622411693,-0.00726392251816,0.0133407326815,-0.06484375,-0.0466878306878,-0.0423938825362,0.00791139240506,-0.0135635018496,0.0233544095611,-0.0253354539549,-0.0253168129604,-0.0308292163131,-0.018482231415,-0.00799899286288,-0.0173393885551,-0.0167286245353,0.0931223371881,-0.063225290116,-0.0249042145594,-0.0181818181818,0.0223311546841,0.00939985538684,-0.00291445756984,-0.0338409475465,0.0581057464608,-0.020288206295,-0.0489296636086,-0.0432432432432,0.00151536298925,-0.0187940485513,-0.0350111531374,0.0115032170014,-0.0712196323552,-0.030437673481,-0.0130597014925,-0.0259940522084,-0.0135135135135,-0.011690647482,-0.0789085545723,-0.0193955796121,-0.0324995697321,-0.0197344228805,-0.0288782318599,0.0339543195672,-0.00725478816019,0.00171232876712,0.0318021201413,-0.00693539378142,-0.00752688172043,0.00667730452927,-0.0565167243368,-0.0119457266751,-0.0365134931537,-0.0199426079993,-0.0544840361774,0.0316087372449,-0.0171075590141,-0.0342461212041,-0.0082219938335,-0.0361757105943,0.00715990453461,-0.0415512465374,0,0.0338983050847,-0.0348554772893,-0.0166057501367,0.08,0.0394744086179,-0.0320089944868,0.04,0,0.0119608671629,-0.150293255132,-0.0286699593769,-0.00398853594459,-0.00775203100812,-0.00751098444365,0
-0.00132232912316,0.00229885057471,0.038494439692,0.0373511522316,0.0468335385036,0.0186746987952,0.0219512195122,-0.0162996483542,0.0284043441938,0.0374300683776,0.0108412355127,-0.00706436420722,0.03375,0.00792857142857,-0.0150080441278,0.0162448601378,0.0444288962743,0.0354669361398,0.0927399279557,0.0399986512573,0.0113421550095,0.0289532293987,0.0452492829682,0.0550098231827,0.0150462962963,0.0607352157698,0.0171919770774,0.0811903355204,0.00525394045534,-0.012343386564,0.0187729823882,0.0578778135048,0.112994350282,0.00656990981306,-0.00718276137271,0.0525628140704,0.0127859162169,-0.00606683463732,0.0158852834351,-0.0218883693165,0.0240868483546,-0.00547945205479,0.0373066424022,0.0144115292234,0.048758049678,0.114510757311,0.034594864955,0.0324208266237,-0.00733971019983,-0.0031736751994,-0.00769230769231,0.0102739726027,0.165877665807,0.0373781148429,0.0239959031385,0.0362673186634,0.0441276402967,-0.0256404360024,0.00113488055382,0.0302523913795,0.0345040763494,-0.073171727065,0.0247845937318,0.150259067358,0.00804289544236,0.184834123223,0.0229197472779,0.00746268656716,-0.0229508196721,-0.00635459921983,0.0585894059116,-0.0433862433862,-0.0395642809223,-0.0183739154772,-0.153846153846,0.0196058037339,0.0113912531449,0.0595340811044,0.0708268142977,0.0295422391674,0,0.0195327689869,0.0199744730381
0.0311691474142,0,-0.0411861614498,-0.027500206458,0.0268638774924,-0.0053222945003,0.0196897374702,-0.0203935127533,-0.0268074735987,-0.0509736785791,-0.000886889577676,0.00237154150198,-0.0592503022975,-0.00393310183545,-0.00710502368341,-0.0358170679584,-0.0454338828146,-0.02944396839,-0.0560851193082,-0.014705286365,-0.00467289719626,-0.0270562770563,-0.0381527862919,0.0144320297952,-0.0250855188141,0.00502260170768,-0.00774647887324,-0.0127408685649,0.0522648083624,0.032604716057,0.00953014184397,0.106382978723,0.010152284264,-0.0316066377895,-0.0048231511254,0.0154683471785,0.0126245004124,-0.00383576264968,-0.00967929737587,-0.0314311870613,0.0313604240283,0.0330578512397,-0.0622807017544,-0.0386740331492,-0.00921052631579,-0.0100466419565,-0.0103268605807,-0.0131017988978,-0.0256881171588,-0.0400067026936,-0.00129198966408,0.00847457627119,-0.0340918227868,0.020365535248,0.042866328499,0.0515139598899,-0.00749800008135,0.0287224752779,0.0180581533753,0.0419486548465,-0.0148278180324,0.0272555149487,0.0713831105752,0.0795795795796,-0.00398936170213,-0.002,0.0798344175044,0.0518518518519,-0.0436241610738,-0.010700943456,-0.0121917505253,0.0442477876106,-0.0329405709454,-0.00822558341768,0.0363636363636,0.0384576150158,0.045888069102,0.0366449511401,0.0165495925822,-0.0162804238966,-0.00625249434615,0.0166940499941,0.01346367648
-0.000649408153024,-0.00611620795107,0.0257731958763,0.0326086956522,-0.016261610892,0.0499405469679,0.050321825629,0.0670081507515,0.0321368948247,-0.0156489582394,0.0411442795175,0.0496845425868,0.00642673521851,0.0316246309274,0.0225016156513,0.0311779656008,-0.0246879542834,0.0695033721643,0.0140735763163,-0.0528114774833,0.0159624413146,0.0166852057842,0.0404248861912,-0.0325837540156,0.0315789473684,-0.0199900049975,0.02767920511,0.0312290616716,0.0314569536424,-0.0436303352052,0.0239140661753,-0.0521978021978,-0.0100502512563,0.0310859663814,0.0048465266559,-0.0220028208745,-0.00137827339932,0.0429585481819,0.00300790928665,-0.0277252678009,-0.0076017130621,0.116,0.0196445275959,0.00903119868637,-0.0212483399734,0.0378176476384,0.00736800683881,-0.0211779580655,-0.0197801659771,0.0252225519288,-0.0012936610608,-0.0218487394958,-0.0248897028219,0.0133060388946,-0.0210317188463,-0.0231862378459,0.0247131147541,-0.00697439662292,0.0116359344379,-0.0751516452842,0.0582704629033,-0.0219674239177,-0.0399887443722,-0.0648122392211,0.0280373831776,0.0180360721443,0.00693683826214,0.030985915493,0.0280701754386,0.0108166922683,-0.00856399205172,0.0180084745763,-0.0255469596457,0.0030185424752,0.030701754386,0.0277996070727,-0.00758066475041,0.0180675569521,-0.0488128472318,0.0189175111279,0.0173055859803,0.00911897959773,0.0277777777778
0.0553537143701,-0.0230769230769,0.0502512562814,0.0421052631579,0.053989031457,0.00226500566251,0.0133704735376,0.0091456363751,0.0436716538617,-0.00568103724745,-0.0171837918608,-0.00676183320811,-0.029374201788,0.00765517241379,-0.03200413698,0.0102885965666,0.0778146120834,0.0149510422161,0.0231273215986,-0.00969906201146,0.000924214417745,0.0377461706783,0.045475759874,0.0830170777989,-0.0113378684807,0.0535441101479,-0.0372928176796,0.0717534393627,0.0850722311396,0.0131361409204,0.0454858718125,0.101449275362,0.0507614213198,-0.0120634669097,0.0217041800643,0.0415344678396,-0.0235884567127,0.0352820315259,0.0772123997224,0.047634478289,0.0918114143921,-0.0203106332139,0.0192660550459,0.0138323840521,-0.0185436454093,0.0497829332919,0.0451239224138,0.0135629709365,0.00774206438401,0.0374563718396,0.0535405872193,0.0137457044674,0.0170309031928,0.0767676767677,0.0624912526242,0.0857580398162,0.0201175858897,0.039229276407,0.0619242072359,0.0275697951129,0.019524253063,-0.0121617179796,0.0704771209901,0.0788221296847,0.0571428571429,0.0236220472441,0.0435702199662,0.0109289617486,0.0136518771331,0.0427404546318,0.0421453775582,-0.0124869927159,0.0419389446991,0.00676411579249,0.063829787234,-0.00903182643601,0.0285452042221,0,0.0931043501003,0.0270709887301,0.0146784381281,0.0512167920158,0.071681807068
-0.00853648296902,0.0283464566929,-0.030303030303,-0.0444286616162,-0.0091794909555,-0.0124293785311,0.0164925783397,-0.0205422372844,-0.0693529639675,-0.0137308206239,-0.0122434378214,0.036308623298,-0.0171052631579,-0.00284888098008,0.0392592152906,0.0120844207421,0.0131851887175,-0.0411649081584,0.0602878931621,-0.0134621667072,-0.0230840258541,0.0147601476015,0.0294355626238,0.0140166447657,-0.0103211009174,0.00677637947725,-0.0337159253945,0.00614143757084,0.00443786982249,0.0357029828309,-0.00117190361093,0.126315789474,-0.0048309178744,0.0111881942495,0.0110149488592,0.0849256900212,0.0199177589309,-0.00920987348053,0.0299222901701,0.0136096504794,0.0303359683794,-0.040243902439,-0.00990099009901,0.00642054574639,0.00875576036866,0.0169364717876,0.00641835288053,0.0453483432455,0.0303090381899,0.0226881102814,0.0303278688525,0.0915254237288,0,0.00609756097561,0.0202199828756,0.00141043723554,0.0137876055307,0.0140722955849,-0.00309912001575,0.0112968820606,0.00263537018166,0.011379769299,-0.0119565548085,0.0733388475324,0.027027027027,0.138461538462,0.0373501650356,0.0108108108108,0,0.062484819043,-0.0147082723875,0.00526870389884,0.0251801928297,-0.0239139099243,0.052,0.0036649467136,0.00234001626113,0.0177469135802,0.0011696839195,0.00902714932127,0.00761621806435,-0.046436343852,-0.0482469803134
0.00491192411924,-0.0214395099541,0.0164473684211,-0.0148649764638,-0.00886819093859,-0.00858123569794,0.0373174689021,-0.0154213757994,0.0416319733555,-0.0289651950479,0.0663763287036,-0.0131386861314,-0.0254350736278,-0.010484320707,-0.0268442576135,-0.0213857278995,0.0362168776768,-0.0169419637597,-0.0078204984815,-0.0272961842681,-0.0179584120983,0.0114285714286,-0.0340687337381,-0.0060475161987,0.0150637311703,-0.0105769230769,-0.0022271714922,0.0402913130043,0.0338733431517,0.0303661121827,-0.000601305272421,0.0560747663551,0.00242718446602,-0.00803061548223,0.00233463035019,0.0858504211691,0.00138591407333,-0.010766486182,-0.0195955143579,-0.00447563828705,-0.0339503212813,0.0292249047014,-0.0109090909091,-0.0231259968102,-0.00822293284605,0.00582904172494,0.00752996619199,0,0.00396882667052,-0.016127091106,-0.0155131264916,0.00310559006211,0.0324421874344,-0.0340326340326,0.0666666666667,0.00985915492958,-0.0168486457917,0.0377726625014,0.048658764816,-0.0572497765862,-0.0338893951076,0.00877327659948,0.0792277374061,0.0164397636784,-0.0011961722488,0.0304054054054,0.068828848945,0.0701871657754,0.00673400673401,0.0241184203006,0.0578419243986,-0.00943396226415,-0.0572863403944,-0.0084290964242,-0.0228136882129,0.00542929899582,-0.0253437530913,0,0.0572741031837,0.00970873786408,-0.0347744690809,0.00182580663567,0.0403227851165
0.0104078880836,-0.0117370892019,0.0315533980583,0.0429206136306,0.035015370773,0.0375072129256,-0.0130344108446,0.0325788727019,0.0635491606715,0.00894876112581,0.00912741876597,-0.0118343195266,0.010989010989,0.0134826979269,-0.00816978120011,-0.0224831734212,0.0365634864761,0.0123921380633,0.0043009260865,0.0172184129175,-0.00866217516843,0.00667693888033,-0.0253654704116,0.00738809213385,0.0296803652968,0.0272108843537,-0.015625,0.0269957189625,0.0384615384615,-0.0202869270264,0.00412362056821,0.0420353982301,0.0169491525424,0.062366322186,-0.0496894409938,0.0197461212976,0.0347886260695,0.0231910652704,0.0117159348615,0.00449575968121,0,0.0314814814815,-0.00827205882353,0.0212244897959,0.0502072777522,-0.00207375494325,-0.0103589404647,0.0994615462765,0.0163875512111,0.0368603465851,0.010101010101,0.00928792569659,0.0506504065041,0.000965250965251,-0.0270133957392,0.0502092050209,-0.0125219626046,0.00428830960328,0.00691056910569,0.0903489543219,-0.014401276889,-0.0236340312656,-0.0037376244686,0.0242608036391,0.0251497005988,-0.0131147540984,-0.0227711913093,0.141161773891,-0.00535117056856,0.0207042803728,-0.0211543959043,-0.0201058201058,-0.135424132654,0.0208547813042,-0.0155642023346,0,0.0492042871062,0.223654283548,-0.079361092973,0.0118138212826,0.042294497715,-0.0108209699006,-0.0442966878848
-0.0248411804774,-0.000791765637371,-0.00549019607843,0.0247568523431,-0.034579348981,-0.0300333704116,-0.0195456946646,-0.034584725254,-0.0116497557309,0.0455390777741,-0.0139753643186,0.00449101796407,0.00679347826087,0.0294726575867,0.012355614467,0.0105186053326,-0.0210766163486,0.0351350711462,-0.00998963909515,0.000628920928916,0.052427184466,-0.0382653061224,-0.0144810709659,-0.0599654874892,0.0133037694013,-0.0316934720908,-0.0377928949358,-0.0262861066157,-0.00137174211248,-0.0228543320121,-0.00819875776398,-0.0488322717622,-0.0452380952381,-0.0319867537208,-0.0130718954248,-0.00829875518672,0.0590917380996,0.0148732220161,-0.0364431867938,0,-0.0587709719051,-0.0125673249551,0.0194624652456,0.00799360511591,0,-0.0182515263302,0.014538729274,-0.071890593236,0.00829738585201,-0.0849817137913,-0.0388,-0.0306748466258,-0.0356728313859,-0.00289296046287,-0.0390636339132,-0.0385126162019,-0.0267026065249,-0.00212448202604,-0.0254930728556,-0.0611280156488,0.0410747147589,0.0269451743642,-0.0459934704164,0.0239328892179,0.0128504672897,-0.00996677740864,-0.0222863556197,0.0290093048714,-0.000672494956288,-0.0304537998907,0.0216115757334,-0.00107991360691,-0.0541987811436,0,-0.0513833992095,0.0486476154067,-0.00419826652221,-0.0421313506815,-0.00714714387037,-0.0167895707137,-0.0157823730548,-0.0200074848145,0.0023183030022
0.00186742694227,0.0182250396197,-0.00473186119874,-0.0120793787748,-0.00935467733867,-0.0303899082569,-0.0010775862069,-0.0282818504927,-0.00722433460076,-0.0322448234972,0.0075005759828,-0.0253353204173,-0.0175438596491,-0.0147756641985,0.0162847790507,0.0162660558439,-0.0268794342114,0.0164680588276,-0.00431699850867,0.0119038265988,0.00369003690037,-0.0397877984085,0.0528745033886,0.00963744837081,0.0525164113786,-0.00244259892526,-0.0235663786332,-0.0217073784941,0.0178571428571,-0.00555679254964,0.00708770482141,-0.046875,-0.0199501246883,-0.0241607868292,0.00413907284768,-0.023709902371,-0.0405832041789,0.0230340330886,0.0127269952693,-0.0269555487743,-0.00495728298703,-0.0412121212121,0.0154545454545,-0.0126883425852,-0.0210526315789,-0.00548864531373,-0.0194827389769,-0.05256869773,-0.0198480420807,0.0226921093347,0.0253849354973,0.0664556962025,0.029008184882,-0.0140232108317,-0.00904088898479,0.0307320441989,0.00892223738063,0.00640809443508,-0.0352134023119,-0.014468429886,0.0192674821466,-0.0101700060716,0.00393251681076,-0.0310843373494,0.0357554786621,0.0906040268456,0.0030611129332,-0.0212765957447,0.00471063257066,-0.0266170416737,-0.00397619480756,0.0994594594595,-0.0339705777841,0,0.05,0.0481224936201,0.0325425968021,0.029107373868,-0.0239312012309,-0.0490412732427,0.0282422451994,0.00681511074555,0.0450861570487
-0.000611829655241,0.000778210116732,0.0103011093502,-0.0142119888845,-0.0353734282684,-0.0183323477232,0.0242718446602,-0.0271720948905,-0.0283416315588,-0.0110749799708,0.00579317354112,0.00305810397554,0.0164835164835,-0.0159335329594,-0.026031541532,0.000627674750357,-0.0680082796688,-0.0526315789474,-0.0622328498353,-0.0371503360767,-0.0174632352941,-0.0469613259669,-0.0327950724155,-0.0527272727273,-0.004158004158,-0.0558276199804,-0.00563153660499,-0.0264106260297,-0.080971659919,-0.0452771044459,-0.00117053186041,-0.096018735363,-0.0356234096692,-0.0308142777468,0.0115416323166,-0.0429365079365,-0.0330860356587,-0.0579861214522,-0.0171043202807,-0.0690988919088,-0.0676277294891,0.00442477876106,-0.0501342882722,-0.00160642570281,0.00268817204301,-0.063719383925,-0.00934748366773,-0.005254308533,-0.0227305252111,-0.0623213985544,-0.0588474025974,-0.0430267062315,-0.023355558155,-0.0465914664051,-0.0145886861473,-0.0505862646566,-0.0360359142169,-0.013279155496,-0.0552663824974,-0.0234893417112,-0.0481426242586,0.00486340832913,0,-0.0519771201194,-0.0389755011136,-0.161538461538,-0.00103542234332,-0.0258152173913,-0.0221031480241,-0.0381206187359,-0.0473568856651,0.0285152409046,-0.0775644326737,0.025716014522,0,-0.103304347826,-0.0274338614383,-0.142677561282,-0.0349894440535,0.00701844983804,-0.0363730391312,-0.0141214915096,-0.0243358865801
0.0446624334406,0.0124416796267,0.00549019607843,0.0144168814433,0.00651747153514,0.0415662650602,0.0057925223802,0.0239419829128,0.0638549467875,0.030737704918,0.0172878387254,-0.0114329268293,0.00135135135135,-0.00285430202458,0.0128498877997,0.0153683850365,0.0403474569997,0.0485962662106,0.0555560744608,0.0418000059902,0.0159027128157,0.0411594202899,0.0331612162937,0.0230326295585,0.0062630480167,0.0311203319502,0.0331715210356,0.0653323462535,0.057268722467,9.17693123419e-05,0.046436680583,0.0854922279793,0.0263852242744,0.0124956326942,0.00244498777506,0.0253752384111,0.0355794814677,0.0325956370534,0.0181105849487,0.0248175182482,0.107435197817,0.0717432347388,0.0301602262017,0.0160901045857,0.0509383378016,0.0689633904577,0.0265476345628,0.0821888865413,0.0348766260708,0.033791959844,0.0263044415696,0.0697674418605,0.0338549984031,0.0293209876543,0.0110924518296,0.0444601270289,0.0211533336139,-0.0381872213967,0.0596080083365,0.0766732816165,0.000910979120359,-0.00752141969522,0.0264629369375,0.114113326338,0.0648899188876,-0.0238532110092,0.0279853799574,-0.00139470013947,0.00342465753425,0.0548696018792,0.0390293336255,-0.00860420650096,0.0177052318162,0.00147478124078,0.0634920634921,0.0274437548487,0.00533973069184,0.08357771261,0.0184353304941,0.000792522318827,0.0400596302922,0.0274045575614,0.0147375393277
0.0178126064736,-0.00844854070661,0.01248049922,0.0203255260024,0.0186196494513,0.021978021978,0.0356020942408,0.029218380339,-0.00259355316784,-0.0183549863609,0.0129462696698,0.0192752505783,-0.0080971659919,0,-0.00355651950838,-0.0201623093988,0.0461834052849,0.0575790522787,0.0716390439869,0.0172827110968,0.00920810313076,0.0534521158129,-0.00485895157708,0.0637898686679,-0.00933609958506,0.0010060362173,0.00783085356304,0.098900553446,0.0513888888889,0.054026773789,0.0567508924197,0.100238663484,0.0411311053985,0.0195676443723,-0.00243902439024,0.0495754144763,-0.0171486615679,-0.000704203790454,0.0477838083829,-0.00482138943677,0.0922903192691,0.0504991192014,0.0274473924977,-0.0380047505938,0.0229591836735,0.0347999538418,0.0499955565148,0.0196212417025,0.0434885146927,0.0599124290111,0.0226890756303,0.0804347826087,0.000965400061786,0.00949525237381,0.0375234931597,0.0202702702703,0.0241768204734,0.0251594535543,0.0479164705021,0.0544571045576,-0.0189675258483,-0.00272383797557,0.062077604288,0.00941841299741,-0.0206746463547,0.0131578947368,0.0352366801104,0.0279329608939,0.0546075085324,0.0597236496517,0.0326602699283,-0.0115718418515,0.101457604096,-0.00367451123391,0.0149253731343,0.0675790467202,0.0360249403433,0.0148849797023,0.0724351263104,0.0201467334343,-0.00295841025582,-0.0169662403503,-0.0111726098931
0.0128411129857,-0.000774593338497,-0.0123266563945,-0.0199206287448,0.0449068164412,-0.0345217883418,0.00303336703741,-0.01324815454,0.0308320950966,-0.0210531273549,0.0207647236682,0.0438729198185,0.00816326530612,-0.0697222628145,-0.00305431055668,-0.0237870059897,0.000544155991384,0.0023988005997,-0.0197841578109,-0.006673898535,-0.0109489051095,-0.0169133192389,0.0056081024525,0.0026455026455,0.00418848167539,0.0170854271357,-0.00932400932401,-0.0147477302498,-0.0449141347424,-0.00430450764171,0.0196717402535,-0.0238611713666,0.0345679012346,0.00607218937267,-0.00896495517522,0.0361380798274,0.0106997385859,0.00349286108217,0.00466265975997,0.0387579828232,0.0266917293233,0.00838457238681,0.00979519145147,-0.0164609053498,-0.0124688279302,-0.0213232014274,0.0087540051992,0.00239348970799,0.00560502644307,0.0688780727228,0.0139687756779,0.027498323273,-0.0384630222599,-0.0257425742574,-0.0546814112691,0.0460264900662,0.0114677360945,0.0147467223526,0,-0.0317813443509,0.0174787545923,-0.00814977973568,-0.0413615293892,-0.0151621180313,-0.0366666666667,0.00927643784787,-0.0379331556285,0.0054347826087,0.00258899676375,0.0454202586207,0.021212507977,0.00585365853659,-0.02632452687,0.0140343468468,0.0955882352941,0.05835027849,-0.0230607771751,0.0153333333333,-0.0675426648506,-0.0136757990868,-0.00891306597969,0.016028364638,-0.0316381294281
-0.0270752634153,-0.00387596899225,-0.00546021840874,-0.0264390631203,-0.0368931564416,-0.0328253223916,-0.0131048387097,-0.0530721125229,0.0335135135135,-0.00832331007938,-0.0086060586653,0.0101449275362,-0.00134952766532,0.0174548613036,0.00970748427082,-0.00331738249714,-0.0217997235378,-0.047562069997,-0.043146801897,-0.0409295933084,0,-0.0241935483871,-0.0509128239276,-0.0439753737907,-0.0104275286757,-0.0365612648221,-0.0133333333333,-0.0534097421203,-0.0373443983402,-0.0605430611551,-0.0234624678463,-0.0444444444444,-0.00238663484487,-0.0562195749396,0.0172697368421,-0.0335390793486,0.008,0.0489741084514,-0.0371122681874,-0.0233199067204,-0.0303002563164,0.0116407982262,-0.0308641975309,-0.0301255230126,-0.0109427609428,-0.0352088030146,-0.0216950940321,-0.045558739255,-0.0414213152335,0.0192094286917,-0.0299837925446,-0.0208877284595,-0.0320173326914,-0.00813008130081,-0.095144722476,-0.0544476100032,-0.00400466769214,-0.0301255940258,-0.0367800485209,-0.0328245527655,0.00904515281932,0.0268709749056,-0.0684672827673,-0.0495026054003,0.0196078431373,0.03125,-0.0697463768116,0.00540540540541,0.0135571336346,-0.0556099572231,-0.0364695295706,-0.00678952473327,-0.0486408807482,0.0160334272665,-0.0939597315436,-0.011026647732,-0.0427135917254,-0.0741956664478,-0.023085295297,-0.0154163098076,-0.0254943371704,-0.052229336102,-0.00233453406202
0.0817061405297,0.0980544747082,0.00078431372549,0.0397161963791,-0.0296050128111,0.00909090909091,0.0316649642492,0.00607650341076,-0.0348675034868,-0.0126625266835,-0.0126295049137,0.000717360114778,0.00540540540541,0.021187710583,-0.00455713272649,-0.00262150220913,0.0534667685964,0.00302853553482,0.057461549974,-0.0152865282763,0.0359778597786,-0.0275482093664,0.00955944689683,0.0625574977001,-0.00105374077977,-0.00102564102564,0.0548489666137,0.0575614481172,0.0718390804598,0.00699047599351,0.0346956151554,0.0767441860465,0.0167464114833,-0.0159562199904,0,0.0540935672515,0.0198114333453,0.0179881243451,0.000689971641835,-0.0143260256132,0.0468233739262,0.027397260274,0.0427661510464,-0.00862812769629,0.00425531914894,0.0573388110443,0.00165402663595,0.0327229060342,0.0111603479403,0.0688943119955,0.0438596491228,0.076,0.0123932686728,0.0532786885246,-0.045359403088,0.0254435888852,0.0234322992944,0,0.0216731102105,0.0692912495051,0.0564591917878,0.0122621107266,-0.0181522206524,0.0401196112634,0.0158371040724,-0.0873440285205,-0.0130591671917,0.123655913978,0.00505732484076,0.0128792839991,0.0647002360754,0.0068359375,0.0369185078983,0.0236774510876,0.131481481481,-0.0652926767463,-0.063011440375,0,0.00319573120676,0.0109556835547,-0.00460829493088,0.107811216261,0.00935764746075
-0.0120468306409,0.00354358610914,0.0117554858934,-0.0100400031375,0.00324166056677,0.00660660660661,0.0579207920792,0.0120796050602,-0.033598265896,-0.00363618495406,-0.00479255436605,0.0179211469534,0.00672043010753,0.0256927892996,-0.00304810398589,0.024511975429,0.018493677845,0.00301939120127,-0.00619401245463,0.0097050031284,0.0142475512021,0.0804532577904,0.0130885504141,-0.00865800865801,0.00949367088608,0.0400410677618,-0.0105501130369,-0.0117466568969,-0.0348525469169,-0.00729109972376,-0.0113531166427,-0.00431965442765,-0.00470588235294,0.00432540697179,0.00404203718674,-0.0170815387985,0.00514921006437,-0.0635329101618,-0.00275138558987,0.179585994274,-0.0468933177022,0.0213333333333,-0.0200698080279,-0.0121845082681,-0.0237288135593,0.0254751152883,0.0155099444675,-0.00736434108527,0.0120110371693,-0.00797330523358,0.0500200080032,-0.0136307311029,-0.0438485158649,0.0233463035019,0.0108081615807,-0.0303623898139,0.00130089761936,0.0260521480444,0.0303033377295,-0.0079348286077,0.000855344190502,0.0253167261307,0.0307817436732,0.0424053665549,0.022271714922,0.08671875,0.0638384307353,-0.0765550239234,-0.0512440270226,0.0536099137931,0.016934285227,-0.0242483026188,-0.0246660576282,-0.000694027360694,0.0343698854337,0.0136454003253,0.0609850452035,0.112765957447,0.0445977145863,-0.0123718053069,-0.0015551727438,0.0252980277976,0.0139051814072
-0.0193904408305,0.000706214689266,0.0650658404338,0.0182235955946,0.0109703981655,-0.0119331742243,0.0257370145063,-0.0125985092145,0.0388785046729,-0.0214035606845,0.0224839136473,0.0225352112676,-0.0520694259012,-0.0183035211084,0.054026193098,-0.000662996166153,-0.0306157699283,-0.0245729830977,-0.0290687933519,0.00832648639717,0.0228270412643,0.0571578395385,-0.00214371462871,-0.0340611353712,0.0219435736677,-0.00789733464956,0.027418126428,-0.0459000440233,-0.0347222222222,0.0223029099298,-0.0396655092141,-0.0347071583514,-0.0189125295508,-0.0010819985149,0.0257648953301,-0.0455254363164,-0.037315170567,-0.0223803126527,-0.0220685046611,-0.0288434612153,0.0201532784559,-0.0480417754569,-0.0053428317008,-0.015859030837,-0.00347222222222,-0.00240408928585,0.0338103153381,-0.0318235064428,0.0156718982701,-0.0142336154091,0.0137195121951,-0.00188442211055,-0.0277468527875,-0.0308935361217,-0.0726534986985,-0.0538720538721,-0.0189424451085,0.0113629095871,0.0127416130843,-0.0373253705876,-0.0279971284996,0.00875145857643,-0.0348092622379,0.0204550678005,-0.00762527233115,0.078360891445,-0.0362227919917,0.0155440414508,0.0138135570577,-0.0448478649962,0.0154542840713,-0.00497017892644,-0.0336944964812,0.00280474937561,0.0158227848101,-0.042881340822,-0.0118076020179,-0.087316762269,-0.0664745544582,0.0078410134451,-0.0448827011095,0.0150561255927,0.0457141681224
0.0124348434947,0.0119971771348,-0.00145454545455,0.0896428293518,-0.0180684073511,0.0048309178744,0.0182481751825,0.000671539833119,-0.0284274919036,0.0112382200272,-0.0133496218545,-0.0165289256198,-0.00140845070423,0.0127537051103,0.0285291960257,0.0459790008077,-0.00804044723596,0.0231346013168,-0.014960915256,0.00826000464327,-0.0171673819742,-0.0386904761905,0.0079058176506,0.00452079566004,0.00102249488753,-0.0507462686567,0.0237212750185,-0.0124581086988,0.0172661870504,-0.0380672906653,0.00598567230475,0.0112359550562,-0.0168674698795,0.0129343301334,0.0251177394035,-0.00700280112045,0.0200761927798,0.0136169149567,0.0317338430053,0.0805459438677,0.0328324986088,-0.00109709270433,-0.00805729632945,-0.012533572068,-0.0104529616725,-0.0160658857294,0.01897959897,-0.0202661826981,0.0813011798146,-0.00991343701735,0.0109022556391,-0.110761485211,0.092178278869,-0.010299166258,0.042626379372,-0.0697508896797,-0.0372788430978,-0.0256534569983,0.000972280288962,0.00830840810901,0.0811000914398,0.00256134842601,-0.00207521066533,-0.0509009009009,-0.0241492864984,0.0333333333333,-0.00322635421973,-0.0255102040816,-0.0144423360742,-0.0370489345754,0.0208112125717,-0.004995004995,0.0261717010296,0.00559380951747,-0.00311526479751,-0.012248509687,0.00477138784711,-0.0153631284916,0.032007672251,0.0287603383019,-0.00648552360881,0.0130644778168,0.0349717169464
0.000550710159962,0.0320781032078,-0.0327749453751,0.00549882168107,0.0212620747585,-0.00841346153846,0.0528673835125,0,-0.0140740740741,0.0284560948869,0.0206985875108,0.031512605042,-0.00564174894217,-0.0203460485235,0.00705602679777,-0.0272461529976,-0.00377214450906,0.0316605594781,0.0455819494079,0.0384355776285,-0.0131004366812,-0.00928792569659,-0.00571233694262,0.012601260126,0.0214504596527,0.0041928721174,-0.0246198406951,0.0504364932989,-0.019801980198,0.0679444158085,0.00864239079222,0.168888888889,-0.00735294117647,0.0414735915124,0.00995405819296,0.0253878702398,0.00652083703835,-0.0225851178555,0.0485317840234,0.0156555772994,0.0446300287356,0.00274574409665,0.0162454873646,-0.011786038078,-0.00704225352113,0.0391877110382,0.0155274531775,0.0309766388803,-0.0190265579037,0.0255396335933,-0.0156191892897,0.0898796886058,0.00302431549659,0.01585728444,0.0541332347973,0.00688599846978,-0.00138932830791,-0.0295956558423,-0.00871288282775,0.024719841793,-0.0370852309694,0.00354376133179,0.0175499401349,0.0344091124822,0.00562429696288,0.0129032258065,0.0528109028961,-0.00418848167539,0.0200155096802,0.00467029912154,-0.0156715900423,0.0582329317269,-0.0170028082716,0.0145954465385,-0.0015625,-0.00358338441228,0.0134815634589,0.0801418439716,0.00885726731523,0.00454204800945,0.00652786020026,-0.00117236348479,0.0211203481678
-0.0251011212944,0.0189189189189,-0.0271084337349,-0.0181818181818,-0.0420243664216,0.0157575757576,-0.0178723404255,0.0127506942302,-0.00826446280992,-0.00901293792702,-0.00156420835894,-0.0081466395112,-0.0255319148936,-0.0128546375509,0.0177364321123,-0.0203549356467,-0.0157091663098,-0.033612717389,0.00484200650069,-0.0157760526608,0.00265486725664,0.0322916666667,0.0452466700966,-0.00622222222222,-0.023,-0.0375782881002,-0.0133630289532,0.00709336080157,-0.040404040404,0.0317960639073,-0.0225019018511,-0.0133079847909,-0.0345679012346,-0.0321716897183,-0.00530705079606,-0.0316368638239,0.0325696448554,-0.0151629783746,-0.0117355330552,-0.0270625328429,0.0427232872002,0.0251916757941,0.0417406749556,0.0275229357798,0.000886524822695,-0.0432093115494,-0.0137587822014,-0.0375324416051,-0.0273069479594,0.00176872192154,-0.0389119758217,-0.00779220779221,-0.00402026212109,0.00829268292683,-0.0115175642855,0.00455927051672,0.000702518045071,-0.00452569390258,-0.00974974033355,-0.0335048783103,-0.0276351351351,0.00913607620925,0,0.0240880935994,-0.0167785234899,0.0573248407643,0.00409924487594,0.00946372239748,0.0194523456855,0.000940785832872,0.0183163085594,-0.102466793169,-0.0345938084355,-0.0089028131323,-0.0109546165884,0.0606634174041,0.0164391720852,-0.0151017728168,0.0351468048359,-0.000746049329686,-0.0226930603643,0.0105375727066,0.0165455628843
-0.00170686553838,-0.0112732095491,-0.0170278637771,-0.00745081018519,-0.00794183145073,0.0322195704057,0.00346620450607,0.0271758585759,-0.0280303030303,0.00909490978436,-0.0265612635584,-0.0130047912389,0.0305676855895,0.005005005005,-0.0311857544992,0.00066558629471,0.0286224583257,-0.0317563479079,0.00344310129221,-0.00801556729631,0.00264783759929,-0.00756811301715,0.00620744346304,-0.0286225402504,-0.00102354145343,-0.00108459869848,0.0135440180587,0.00920523489621,0.012030075188,-0.02676849642,-0.00602121762401,0,-0.0204603580563,-0.0554157219229,0.00533536585366,-0.00710227272727,0.0642824549395,-0.0307928683461,-0.0105522947682,0,-0.0195383347073,0.0235042735043,-0.0443307757886,-0.0142857142857,-0.0354295837024,-0.0410471855295,0.0180834303719,0.010371292263,0.0366880206397,0.0115117059218,-0.00904088050314,-0.0314136125654,-0.023129086946,0.0788582486696,-0.0053192836698,-0.0423600605144,-0.022836455738,-0.0374451312371,-0.0551756894487,-0.0263464418437,0.00601070113265,0.0281162899518,0.00102183000464,-0.0199372759857,0.0443686006826,-0.0753012048193,0.01122690159,0.0239583333333,-0.040759646664,-0.0391441366727,0.0187939582613,-0.00951374207188,-0.0358065210373,0.0525532447348,-0.00632911392405,0.0361811287085,-0.0631305485834,-0.0453333333333,0.0206056561275,0.0142986425339,0.0273659619803,-0.00926619002142,0.0274663209377
0.0108900082859,0.0241448692153,-0.0157480314961,0.0224473434881,0.0214739688979,0.050289017341,-0.027633851468,0.0587048887373,0.026890101325,0.0576634200707,0.0128424095119,-0.00138696255201,0.0522598870056,0.0149581852769,0.045455040101,0.0279071112525,0.00267129691465,0.0260161096195,0.0130438756096,0.0118098927892,0.0105633802817,0.0940518556177,0.00682139362974,0.0073664825046,0.00409836065574,0.0445168295331,0.0497401633259,0.0241621559369,0.00297176820208,0.016724540443,0.00991758241758,-0.0423892100193,0.00522193211488,0.0100640842124,0.00833965125095,-0.018677475759,-0.011844150276,0.022688992371,0.0266668798567,-0.0435682779728,-0.0437231985201,-0.0480167014614,-0.0133809099019,0,-0.000918273645546,0.029968742726,-0.00100921752002,-0.0412646273866,0.0161552251397,0.0184325362192,-0.0416501388338,-0.0202702702703,-0.029874798562,0.014798206278,0.0863531029565,-0.0102685624013,0.00566292894574,-0.0212424383434,0.00104730685043,-0.0341802438191,0.0291141426351,-0.048362521025,0.0770848799802,0.0294857142857,-0.0217864923747,-0.0495114006515,0.0483930942895,0.0452695829095,0.00170234440974,0.0106450313597,-0.00153915799004,-0.0202774813234,0.0619123350353,-0.029569657002,0.00636942675159,-0.00973047446827,0.0542391610287,-0.0635474860335,0.0379815813852,0.0066693433262,0.0201776633891,-0.00703418090871,-0.00891003597293
-0.00340875086195,0.00720366732155,0.016,0,0.00248881357727,-0.00110071546505,0.0204262877442,0,0.0231499051233,0.00169514821093,0.00475889353698,0.0173611111111,0.00536912751678,0.00686935841784,-0.00271676902259,0.00376997524195,0.0117445939345,0.000518859411659,0.0359049642017,0.010441904938,0.00871080139373,0.00836431226766,0.0366291467595,-0.00457038391225,0.0285714285714,0.012474012474,-0.00777934936351,0.020960777258,0.00592592592593,0.00101301482861,0.00818802535296,0.0241448692153,0.0233766233766,0.012165874504,0.00300751879699,0.0132015874301,0.00959973966808,0.0147904152942,0.0136334329028,-0.00423529411765,-0.00211026114482,0,0.0135623869801,0.0498188405797,0.0248161764706,0.0174499786113,0.00711655890805,0,0.00431705444055,0.0180989270901,0.0173841059603,0.0179310344828,0.0212539398586,-0.00486080424216,0.0333802156587,-0.000798084596967,0.00774618293879,0.0192787695819,0.010409800906,0.0250678306004,0.0266125243305,0.014368592876,0.0042504307869,0.0177619893428,0.0011135857461,0.0664838930775,0.00385083096879,0.0228710462287,0.0139301485347,0.0144044636757,-0.00462459194777,-0.00381263616558,0.00291644771414,0.0115151515152,0.00632911392405,0.0368695652174,0.00155245723326,0.034302759135,0.00343868122638,0.00737852030755,0.0276900090626,0.00826467964527,-0.00499474342729
0.00740218540712,0.000650195058518,0.00866141732283,0.0474018105353,0.0131526820379,0.00220385674931,-0.000870322019147,0.0109680763143,-0.0155786350148,0.0391511159898,-0.00789123330778,0,0.0133511348465,0.0117132621523,-0.00545877735912,0.0138460676047,0.0295363279278,0.0263579175216,0.0294352827545,0.00425556010489,0.00345423143351,-0.00184331797235,-0.0111186334757,0.0293847566575,0.00595238095238,0.0282340862423,0.0206699928724,0.0266983875231,0.00294550810015,0.0368460619145,0.0146241433274,0.0275049115914,0.0380710659898,0.0169524383939,0.00599700149925,0.0143884892086,0.00714477571851,-0.0233261201629,0.0115325757622,0.0167296786389,0.029165565248,0.0137061403509,0.0294380017841,-0.0172562553926,0.0224215246637,0.0147073989164,0.00756782060141,0.0108137044968,0.0145487610821,0.0219857917242,0.0219690805533,0.0142276422764,-0.0155982816866,0.0119893428064,0.00521731240359,0.0463258785942,0.0223649277901,0.0100517748029,-0.0206154610781,0.0589792278037,-0.00810695956327,-0.00303390594892,0.00140128117136,0.0719895287958,-0.00778642936596,0.00449871465296,0.0191298203109,0.0304471931494,0.0304338071294,0.0133019026772,0.00464607816343,0.0278840896665,0.0348694034738,0.00133855155973,0.0062893081761,-0.00159342502516,0.0155696190034,0.0324441240087,0.00115101891333,0.0124494105226,-0.0053983197283,0.00114496864347,0.0190748995133
-0.0186351501957,-0.0240415854451,-0.0538641686183,0.0191915067374,0.0316467245379,-0.0296866410115,-0.0113240418118,-0.113319569916,-0.035418236624,0.00598591549296,-0.00714884065161,-0.037542662116,-0.0434782608696,0.01543108087,0.0237495539744,-0.0124129160677,-0.0245966280879,0.00494288224956,-0.05844849995,0.0108952589142,0.0215146299484,0.00646352723915,-0.0145614450852,0.0330062444246,0.0187376725838,-0.0169745381927,0.0432960893855,-0.0679926192928,-0.0367107195301,-0.00619079931957,-0.0357541750878,-0.0038240917782,-0.00733496332518,-0.0306284552329,-0.0305514157973,-0.0412135539795,-0.00474717303179,0.0373073539474,-0.0614316223088,0.0409965603793,0.052654109589,-0.013520822066,0.00866551126516,-0.0254609306409,0.110526315789,-0.0378382181639,0.0215263105497,-0.0106980192776,0.0345874157212,0.120050075773,0.0031847133758,0.0374081496326,-0.00423674956573,-0.0136024572181,-0.0174662634833,0.0534351145038,-0.0047857298238,-0.0514904523309,0.00210388319748,0.0366768093893,-0.0392182711004,-0.00912941563515,-0.0238741182854,-0.0229955229955,0.067264573991,-0.0275111964171,-0.040414045862,-0.016620498615,0.00573792538135,-0.0626453971419,0.0046019223794,0.00851063829787,0.0421497645689,-0.0354305647502,-0.0109375,0.0134817303654,0.0114909006066,0.0321229050279,-0.031904052677,-0.0166195959157,0.0596079653016,-0.0373768616952,0.0364540933488
0.00632526938517,-0.00266311584554,0.0140264026403,0,0.0432849020846,0.0028328611898,-0.0343612334802,-0.0135951307555,0.013671875,0.0266013300665,0.0248120054391,-0.00283687943262,0.0247933884298,0.00901709401709,-0.0330090518611,0.00439492763766,0.0850905753556,0.0437643458301,0.0107899272231,0.026346049058,-0.0362257792755,-0.0137614678899,0.0154446344592,0.0906735751295,-0.0387221684414,0.0802437785678,0.0240963855422,0.0133980984829,0.0426829268293,0.0119910581501,0.0370799376715,0.1113243762,0.0788177339901,0.0670599803343,-0.00461183704842,0.0785731897756,-0.0307626346535,0.0460484985551,0.0526319196522,0.00785854616896,0.0884912566084,0.0219298245614,-0.0171821305842,-0.0207207207207,0.0134281200632,0.0343048434669,-0.00686540981299,0.0188436830835,-0.0187434781753,0.123419024649,0.0357142857143,-0.0431423052157,0.0625877547547,0.104537366548,0.0240238860818,0.0478260869565,0.00068306010929,0.0437936658633,0.0152343173042,0.0825514964097,-0.00679175385038,-0.00819672131148,0.00766507708961,-0.0266611122683,-0.0399159663866,-0.111842105263,0.00588387096774,0.0234741784038,0.0187965616046,0.0767594398156,-0.0076497799842,0.0664556962025,0.0619914008793,-0.00970104929717,0.0616113744076,0.0624922299117,-0.00227783864829,0.107577807848,0.007665317139,-0.00514746492875,0,-0.00909950047253,0.0133088127619
-0.0165864028239,0.0300400534045,-0.00569568755085,-0.0307825854701,-0.0558273590389,-0.0180790960452,-0.0182481751825,-0.00895862871989,0.0150289017341,-0.00843845891579,0.0257859272463,0.0334281650071,-0.0295698924731,0.00517555376731,0.000922303851414,-0.022519509476,-0.0590651871841,-0.0428718034641,-0.0220282828283,-0.0297540043016,0.00699300699301,-0.0493023255814,-0.0462870375243,-0.0237529691211,-0.0231621349446,-0.0314997649271,-0.0313725490196,-0.0100633788419,-0.0350877192982,-0.0026618605296,-0.0437586426976,-0.0466321243523,-0.0662100456621,-0.0270098701724,-0.0030888030888,-0.0151642154995,-0.0207907105336,0.00345324605129,-0.015383527357,0.00389863547758,-0.00620189793021,0.00965665236052,-0.0480769230769,0.00275988960442,0.00857365549493,0.00890058525472,-0.0138148354105,-0.0131357713325,-0.0257830213287,-0.0782845473111,-0.0544061302682,-0.0201884253028,0.0299111075519,-0.0136931131696,0.0122235679361,-0.0691562932227,-0.000682593856655,0.00769625448948,-0.0274238802868,-0.0145250314709,-0.0188223104818,-0.0237681765875,-0.00810033969166,-0.0139096939867,-0.0185995623632,-0.0222222222222,-0.0185232695367,0.0912844036697,0.0309746128173,-0.0601470749643,-0.0354966345279,-0.055390702275,-0.0532949061049,-0.0160868985739,0.00297619047619,-0.0184094543469,0.0136693350288,0.11117898595,-0.00760700701773,-0.0251376798721,-0.00146997297511,0.00367867458717,0.00844195452455
-0.0331318468703,0.00583279325988,-0.037643207856,-0.0440923182914,0.0431470128005,-0.0184119677791,0.00371747211896,0.0104303206624,-0.00113895216401,-0.0256167798504,0.000763638347113,-0.00894700619408,-0.00277008310249,-0.0149832302429,0.0184396712422,0.0159956660584,-0.0154310418629,-0.0275492341357,-0.0279861845584,-0.0342749058571,-0.0243055555556,0.0587084148728,0.0284192809646,-0.021897810219,-0.00721649484536,0.00728155339806,0.0182186234818,-0.0433016659782,0.00454545454545,-0.0274124940921,-0.0217611969354,-0.0833333333333,-0.0293398533007,0.0106703146375,-0.00387296669249,0.0446456205509,0.0237167541928,0.000658347547655,0.0175756913324,0.0583406884378,0.112781954887,0.00903294367694,0.0174471992654,-0.0100917431193,-0.0170015455951,-0.0136340984832,0.0225217256706,0.0053242466191,0.0068377476624,-0.0863822292921,-0.0129659643436,-0.0549450549451,-0.000971968430465,0.0367496937526,0.00276971483016,-0.0208023774146,0.0157923497268,0.0252036659878,-0.0212734130419,-0.045445612656,-0.0209433298134,0.00317194967745,-0.00190258751903,-0.0557725694444,-0.0178372352285,-0.125,-0.0227938101213,0.0197562000841,0.0116756992689,0.0186850402896,-0.0272073558882,-0.0146596858639,0.0428857909106,0.00995624669818,-0.0118694362018,0.00901974808281,-0.00374425057969,0.387575590984,0.0117678812416,-0.00530751708428,0.00219688133444,0.0555208644422,-0.0576740186818
0.0390836323489,0.0199742268041,0.00765306122449,0,-0.0352145579737,0.000586166471278,0.0101851851852,-0.039914254752,0.00722158874952,0.00988089986767,0.0197849428876,-0.00208333333333,-0.0194444444444,0.0099839162275,0.0054286219412,0.0258187635057,0.0449318522705,0.0465561080984,-0.00210818024941,0.021792280683,0.00800711743772,-0.00323475046211,0.00539264346846,0.00414593698176,0.00726895119418,0.0366265060241,0.0245195493704,0.0357631143412,-0.0407239819005,0.0298049528819,0.0461962701842,0.00197628458498,0.0277078085642,0.00793386364583,0.0108864696734,-0.0347381675431,0.0305036129958,-0.00547265169413,0.0268718370504,-0.0110082561921,-0.0608108108108,0.0747761979989,0.043321299639,0.0305838739574,0.0385220125786,0.0048785493815,0.0102829709244,-0.007944073721,0.0271038743198,0.00783509001026,-0.00328407224959,0.0537790697674,0.0116360523039,-0.0220559275305,0.049496199399,0.00758725341426,-0.0290763354672,-0.00742713953541,-0.00434497816594,0.0231612537959,0.0294085924861,0.0221548059051,0.0230798557142,-0.0314870144794,-0.00794551645857,0.047619047619,0.063984592339,-0.042868920033,-0.0109776850986,0.000974435400665,0.0361842902499,0.029224229543,0.00257158743397,0.00422489873655,-0.00900900900901,0.00964794833425,0.0188011522979,0.333201267829,0.0220882462786,0.0251448462225,-0.000723155670557,0.00519574052163,0.0296154241158
-0.00636189767837,0.00947567909033,-0.0759493670886,-0.0221261261261,0.0428465832335,-0.0193321616872,0.0302474793767,0.0157693099897,-0.0245283018868,-0.0130165108762,0.0164157224445,-0.0062630480167,-0.0184135977337,0.0465884545339,0.0152980481801,0.0172078899133,0.00701060952777,-0.0454525908407,0.0182981369634,-0.0115774145448,0.0344218887908,0.0421882243857,-0.0167582857448,0.00908340214699,0.0268041237113,0,-0.0517464424321,0.0383261544162,0.12893081761,-0.0411465899313,0.00327436754436,-0.0216962524655,-0.0294117647059,-0.0377455942813,0.0192307692308,0.2171577655,0.020072797345,0.00550276641809,0.0429917602862,-0.0260561598786,0.0143884892086,0.0117589416952,0.0121107266436,-0.00719424460432,0.0189250567752,0.0339840527908,0.05135175632,-0.0134529147982,0.050347533409,0.0790683325621,-0.0354200988468,-0.0151724137931,0.0393152529333,0.0149013290375,-0.0127800235809,0.0451807228916,0.0438679114608,0.0374590611354,0.0196486919147,-0.0100608682529,0,0.0258130591088,0.00515966290202,0.0230185097295,0.0663615560641,-0.00165289256198,0.00759251810137,0.0111972437554,-0.0137774761893,0.0521674397297,0.0357159564017,0.00154878678369,-0.00512998266898,0.0154261215659,0.0454545454545,0.0294083232575,-0.0103365947287,-0.182466567608,0.0221851020515,0.0319669384564,0.008028313941,0.0230040941658,-0.0282840257117
0.0151444267707,0.00125156445557,0.0319634703196,0.0490123820755,0.0152270616415,0.0143369175627,0.0115658362989,0.0239924080818,-0.0158607350097,0.026907417242,0.0308363756554,0.0259103641457,0.036075036075,0.0220306745984,-0.0159538702908,0.0186918401377,0.0134071518582,0.0263312010091,-0.0096706459088,0.0567185871044,0.0170648464164,-0.00756227758007,-0.00135699940292,0.0310965630115,0.0110441767068,0.0330079033008,-0.00886766712142,0.0316925753284,0.0222841225627,-0.00759432596738,0.0380401662988,0.0100806451613,0.0530303030303,0.123110614909,0.0158490566038,-0.0158870255958,0.0115967885816,0.00822393014145,-0.0143387662472,-0.0381818181818,0.00709219858156,-0.0140435835351,0.0504273504274,0.0833333333333,0.0304606240713,0.0297292985162,0.000458099193745,0.0271645021645,0.0117749672918,0.00646120418549,0.0529461998292,-0.0224089635854,0.035977347596,0.00396825396825,0.0160592036512,0.0381844380403,0.0233542548533,-0.00721253973474,0.00803277630815,0.0127038975558,0.0354835329864,0.0120621854561,0.0182227799008,0.014845743447,0.0729613733906,-0.0662251655629,0.0151704176855,0.0455706984668,-0.0124463993906,0.0101229998912,-0.0107269483526,-0.00309278350515,0.082479734281,0.00897037933393,0.00289855072464,0.0364111696283,0.00596966916112,0.0825154489277,0.0317383311204,0.0418001558577,0.0144929161946,0.0224868055729,0.00148053393976
-0.00574092118084,0.05125,-0.0115044247788,-0.0179863697042,-0.0240026963912,0.0365135453475,0.0202286719437,0.033078013735,0.0212264150943,-0.0475780037924,0,0.0300341296928,-0.00974930362117,-0.00351607972948,0.0558534868312,0.0379121894553,-0.0200994781474,-0.0355316580709,0.0244211486641,0.00933483549077,-0.0192953020134,-0.0112057373375,0.0191053375367,-0.065873015873,0.0218470705065,0.0337533753375,-0.000688231245699,0.03627480652,0.0653950953678,0.0198360607917,-0.0177947085529,-0.0459081836327,-0.0287769784173,-0.0402599885299,0.0475482912333,0.0438821268418,0.00918145035792,-0.040754582666,0.0157596371882,0.0436582950761,-0.0369718309859,0.0235756385069,-0.0203417412531,0,0.0201874549387,0.0395177593814,0.0322455915423,0.00790222315878,0.0217391304348,-0.0378366094762,0.00162206001622,0.0179083094556,0.00714566436814,-0.00948616600791,0.0492212753453,-0.0423317140874,-0.0338947887087,0.00446053968114,-0.0254957809283,-0.0338702393497,0.0167290633748,0.0208773731151,0.0339728329366,-0.0201142857143,0.004,-0.0434397163121,0.0363761490439,0.0061099796334,-0.00175425500149,-0.0382004310345,0.0573209149432,0.00930713547053,-0.0071453094155,0.0349107026463,0.0433526011561,0.0227389047306,-0.00148591204905,-0.022834116857,0.0188581186428,0.0235003220645,0.081425048928,-0.0077058564509,0.11428396843
-0.0190438352536,-0.0315101070155,0.000895255147717,0.00736924948129,0.00155402072028,0.0147727272727,-0.00603448275862,0.00800472309332,0.0277136258661,-0.00787330316742,0.00498444183725,-0.0364479787939,0.0084388185654,-0.0114834741284,0.0102365987822,-0.0199679495332,0.0215102974828,0.0148363901151,-0.0170278382479,0.0190768478884,-0.00342172797263,0.0294650951949,0.000666684444919,-0.017841971113,-0.00583090379009,0.0235089246844,-0.013085399449,-0.00972129506008,0.0268542199488,-0.0132814660145,0.0186616725109,0.0523012552301,0.0246913580247,-0.0176878336388,-0.0333333333333,0.0287818349187,0.0284245695194,0.036827458256,0.00596735555994,0,-0.0292504570384,0.031669865643,0.0249169435216,-0.0225752508361,0.000706713780919,0.016814536163,-0.026329278631,0.0210119172068,0.00379677182685,0.00221421823335,-0.0137651821862,-0.0260380014075,0.0733619496967,0.0127693535515,0.0477324104267,0.0652173913043,-0.0209242084636,0.0429124164615,-0.00327308951188,0.00519372597902,-0.0147951567424,-0.00388498856196,0.00222113873991,0.074877536739,-0.00796812749004,0.0296570898981,0.0108144002277,-0.051012145749,0.00995824764754,-0.0264410957369,-0.0131701103267,-0.00614754098361,0.0407598711936,-0.00859071900035,0.0457063711911,0.016192450672,0.00965396424737,0,0.0217153683597,0.00272037029518,0.00726971565289,-0.00995981559549,0.0141481647895
-0.00940976347338,-0.00429711479435,-0.0232558139535,-0.0527698863636,-0.056769204246,0.003359462486,0.0286209887251,-0.0244852320354,0,-0.0271367326462,-0.0389744110332,0.0110041265475,0.0278940027894,-0.0218831398527,0.0261862934457,-0.0262147009967,-0.0846774193548,-0.0272209516122,-0.0692996216665,-0.0629606523864,0.0317596566524,-0.0752972258917,-0.0421863340795,-0.0294117647059,-0.0146627565982,-0.0795406210123,-0.0153524075366,-0.0510427638509,-0.0647571606476,-0.00568170837762,-0.0319194711382,-0.101391650099,-0.0795180722892,-0.0375537350961,-0.0139398385913,-0.0897757098544,-0.0276389444222,-0.00274372968298,-0.0462635780657,-0.022770398482,-0.0696798493409,-0.04,-0.0364667747164,-0.043627031651,-0.0324858757062,-0.0740477038092,-0.0293292837256,-0.0282584212143,-0.0302775595227,-0.0851032491825,-0.0246305418719,-0.0101156069364,-0.0345705126087,-0.0673758865248,0.0155996410364,-0.0761904761905,-0.0206722596918,-0.0138912310287,-0.0278741817862,-0.094295752816,-0.0384188019799,0.00683019540298,-0.0358918918919,-0.0347222222222,-0.0070281124498,-0.0801080108011,-0.0124818169021,-0.10409556314,0.00602216353629,-0.0689337706427,-0.00892642264861,0,-0.182008846066,-0.0133534927452,-0.0198675496689,-0.0484012803827,-0.0360264554707,-0.0546391752577,-0.0518032475097,-0.0101230968578,-0.020332135534,-0.0335665728728,0.00697364909533
-0.0480954003407,0.0129469790382,-0.0247252747253,-0.0248931543825,-0.0154316152279,-0.0178571428571,0.0379426644182,-0.0400240159691,-0.0411985018727,-0.0581313581173,0.00442144021247,-0.0353741496599,-0.0189959294437,-0.0191754475367,-0.00905144283971,0.0311050695666,-0.0588261469319,-0.0186704775954,-0.0104284967462,0.00484040961316,0.00831946755408,0.012380952381,-0.0090982443449,-0.024064171123,-0.00198412698413,-0.0388170055453,-0.0148830616584,0.00361844295958,-0.0119840213049,-0.0275602029115,-0.0313556468449,-0.0221238938053,-0.0261780104712,0.00910163492331,0.00446428571429,0.00484959695917,0.02955538422,-0.0191692335297,0.0279841897233,-0.0272727272727,-0.0101214574899,0.0387596899225,-0.0487804878049,0.0125223613596,-0.029197080292,0.000776473603667,-0.00566344729761,0.00263407438626,0.00390050876201,-0.0428875008049,0.00673400673401,-0.0124087591241,0.0068125021396,0.0228136882129,0.0641473961271,-0.0331369661267,-0.0126679731243,0.0324918236036,-0.0196918001672,-0.0270979519653,0.0130261222775,0.00875019663363,0.0974433729536,-0.00179856115108,0.00606673407482,0.045988258317,0.0459966737943,-0.0114285714286,-0.0295257721842,-0.0292318150918,-0.0112364511358,0.0309278350515,-0.087327376117,0.00203464039663,-0.0391891891892,-0.0383321627916,0.0373728674144,0.0330788804071,0.0983602447097,0.0102266219422,-0.0227538829771,0.0075236402051,0.0363641717723
0.0218337485325,-0.00791235544735,0.0112676056338,0.0314494425221,0.0371549049248,0.0113636363636,0.0178716490658,0.0282662551273,-0.0046875,0.0308595888706,-0.0139496101321,0.0098730606488,-0.00553250345781,-0.00651957128372,-0.0157866605582,-0.00984877859636,0.0261453359179,0.0227133931507,0.0180619187715,0.0138556167044,0.0123762376238,0.000940733772342,0.0176615937553,0.00821917808219,-0.00994035785288,0.0278846153846,0.00935251798561,0.0371156823712,0.0876010781671,0.00282813343193,0.0234297871157,0.0950226244344,0.0510752688172,0.00952062802739,0.00222222222222,0.0901323941825,-0.00439340988517,-0.00698213305689,0.0163345966118,-0.044006895926,0.112474437628,-0.00652985074627,0.0247568523431,-0.0167844522968,0.0548872180451,0.00620696928153,0.025635915456,0.0527532576713,0,0.0143645293682,0.054347826087,0.0229120473023,0.0356001360082,0.057414291615,0.0177378891205,0.036557501904,0.0320691855107,-0.0388190720689,0.0235216835118,0.0879559047731,-0.0959557552713,-0.0144441628818,0.0226065188515,0.0524774774775,0.00201005025126,-0.00561272217025,0.0120837686821,0.00481695568401,0.0261012450231,0.0590781767252,0.012123241795,-0.0015,0.0401090342679,0.00606582447663,0.0014064697609,0.00580412054121,0.000736947173015,-0.111893033075,0.0348117880704,0.0431243926142,0.0136987753804,0.0120706851137,-0.0125323420671
0.00487592999958,0.00858895705521,-0.00649953574745,0.00954226927091,-0.00398895366677,0.0741573033708,0.0119712689545,0.00137446186658,0.00549450549451,0.0233692240838,0.00968270292919,0.00698324022346,-0.00556328233658,0.00562608072203,0.00928062995791,0.00702276524645,0.0420659786215,0.0124021037643,0.0369502200909,-0.0011856866126,0.00733496332518,-0.00093984962406,-0.0187346522087,0.0498188405797,-0.00602409638554,0.0458372310571,-0.0334996436208,0.032801569698,0.0421313506815,0.00518191511624,0.0103665661259,0.0268595041322,-0.00511508951407,0.0262450363997,0.00369549150037,0.0132216571941,0.0265770735132,0.0154748380362,0.0119034362642,-0.0418564920273,-0.0404411764706,0.0610328638498,0.00258843830889,0.0170709793351,0.00142551674982,0.0508841276258,0.0287075957005,0.0326412457576,0.0124443943916,0.0225184890392,0.0158604282316,0.0606936416185,0.00489214302131,0.016796875,0.027618650835,0.0264511388685,0.0193414563787,-0.0169301684401,-0.00839976579741,0,0.0454997323545,0.0165941455696,0.0237554017935,-0.0190455809972,0.00802407221665,0.140169332079,-0.00341128416895,0.0354745925216,4.9273220005e-05,0.0182736234672,0.0284560915889,0.050075112669,0,0.0415916203615,0.0477528089888,0.0144074597776,0.0330636290759,-0.153328050713,-0.0144268949087,-0.00194091844261,0.0155427949836,0.00113708149084,0.0211511965254
-0.0036392030006,-0.0127737226277,0.0355140186916,0,-0.00718833436024,0.00889121338912,-0.0110410094637,0.0144120407986,0.0132708821233,-0.0210898796886,0.0169614293475,0.0180305131761,-0.00559440559441,0.0018620724363,0.00168147970214,-0.00523682368496,-0.0212450811337,-0.00662416914317,-0.00925782126279,0.00356767608741,0.0088996763754,-0.00470366886171,0.0106006073558,0.000862812769629,0.0141414141414,-0.00894454382826,0.00294985250737,-0.00386156197084,0.0225921521998,0.0354320950936,-0.0188932965777,0.00804828973843,-0.025706940874,0.0117490578586,0.00147275405007,0.00655408597071,0.00107463853068,0.0048377830859,0.00235324657735,0,-0.0229885057471,0.00973451327434,-0.0189328743546,-0.0273851590106,0.00142348754448,-0.016142475512,0.0242976159704,0.0144997583374,0.00537634408602,-0.00408666320706,-0.0265417642467,-0.0326975476839,0.0122198261779,-0.00729927007299,-0.0219267868304,-0.0114531138153,0.0101610403612,-0.00276073619632,0.0107305884223,-0.0471596421257,-0.00544909303686,0.0163427304033,0.0111994924849,-0.0104712041885,-0.00597014925373,-0.019801980198,0.0187812457776,-0.00925925925926,0.0343540599133,-0.0149350649351,0.032752075156,0.0143061516452,0.00593678130181,-0.0115892618437,-0.00268096514745,-0.00783604581073,0.0056846379427,0.0533458118858,0.0146380769059,0.00128349733577,0.00065916183453,0.00964159515396,0.00248636642411
-0.00426824148451,0.037584719655,0.0442238267148,0.0378083001034,-0.0144807612743,0.0202177293935,0.0135566188198,0.0548073034931,0.0169491525424,0.00660304607673,0.0435066476733,0.0435967302452,0.0112517580872,0.0232577609591,0.0450743405276,0.0169659378176,-0.0076118627606,0.0118066181004,-0.0331013942471,0.0017774965119,-0.0112269446672,0.0141776937618,-0.00979382877494,0.0129310344828,0.0358565737052,-0.00180505415162,0.0154411764706,-0.0550591844773,0.00813953488372,0.00162768208497,-0.0302494517544,-0.0059880239521,0.00527704485488,0.0616484742252,0.0294117647059,-0.00868187950959,0.00219576461403,-0.0192880570517,-0.0305147534892,-0.0130757800892,0.0117647058824,0.00525854513585,0.00877192982456,0.00817438692098,0.00284292821606,-0.0425026609417,-0.0430554207512,0.016769890424,-0.0267379679144,-0.0507392691982,0.0457097032879,0.0556338028169,0.0120723047127,-0.0297987616099,-0.0390334893521,-0.0477914554671,0.00201443455756,0.0389770180604,-0.00726876453472,-0.0127269641948,0.0209597352454,0.0236221979747,-0.031657939821,0.0196208112875,0.001001001001,-0.0765993265993,-0.0436339522546,-0.0420560747664,0.0135043406809,-0.0465032660155,-0.0634267912773,-0.0117536436295,0.0147543598469,0.0123703409598,-0.0241935483871,0.0880543742406,0.00141761248935,0.181697023545,-0.0596046942557,-0.029735083903,-0.0146258118303,0.00167491625419,0.00991749202202
0.016527764114,0.0178147268409,-0.00432152117545,0.00910772733741,0.0375734676742,-0.00813008130081,0.00786782061369,-0.00705523281531,-0.00151515151515,0.0166147953076,0.00695352937831,0.0110966057441,0.00417246175243,0.0209045834629,0.0111795427218,-0.0074829583312,0.0208029861617,0.0334943348531,-0.0357117123608,0.0236685010727,0.0178426601784,-0.0102516309413,0.026131669898,0.000851063829787,-0.0192307692308,0.0226039783002,0.00796524257784,-0.0184059846873,0.0138408304498,0.0337051800445,0.0124800361822,0.00602409638554,0.0236220472441,0.0290436968799,-0.0135714285714,0.0436120480502,-0.00861775159453,0.00141138929799,0.0248172172893,-0.0398474355114,0.00581395348837,0.027027027027,0.00695652173913,0.0171171171171,0.020552799433,-0.0389446381173,0.00826622309674,-0.0493861868616,0.0133383857522,0.0456978180321,0.0429447852761,0.0313542361574,0.00398673215539,0.0315117670523,0.0187997627563,0.0190114068441,0.00937291971775,0.0208932498731,0.0281675795573,0.0529964478057,0.00446605438502,0.00923830718306,0.0441304727019,0.0172972972973,-0.012,-0.0884229717411,0.0281052096334,-0.0136585365854,0.00826019011362,0.0222487587204,0.00977913783928,0.0123691722169,0.00290796678106,0.0148051916218,0.0192837465565,-0.00788693072762,0.0240115398744,0.0770676691729,0.0010086793338,-0.00198170426567,0.00405281189939,0.0487908358082,0.00900148660419
-0.0265038919382,-0.00233372228705,0.0130208333333,-0.0107883232266,-0.0503995549262,-0.00102459016393,-0.0444964871194,0.00516753658482,0.000379362670713,-0.0152128862095,0.0117280725291,-0.0232408005165,-0.01108033241,-0.0525337201568,-0.013425072844,-0.00870126516912,-0.0503901895206,-0.000982747324743,-0.0455245976668,-0.0213858671455,-0.00478087649402,-0.0225988700565,-0.0227005120622,-0.0544217687075,-0.0245098039216,-0.025641025641,-0.0431034482759,-0.0614607545146,-0.0455062571104,0.00221011845865,-0.0319392484226,-0.0698602794411,-0.0410256410256,-0.0286797819388,-0.011585807386,-0.0323769562259,-0.051026421766,-0.0210490838899,-0.0236269107085,-0.0229981183358,-0.0481695568401,-0.028013582343,-0.0215889464594,-0.0212577502214,-0.03125,-0.0802272423262,-0.00182076069571,-0.0420938485804,0.00620746391444,-0.0247375328084,-0.0323529411765,0.0025873221216,-0.0182343784745,-0.022815158546,-0.0310134956338,-0.0559701492537,-0.011937109241,-0.0105021128511,-0.0219145212596,-0.0598509168072,-0.00978880562229,-0.0146385754257,-0.0352011837144,-0.0223166843783,-0.0303643724696,-0.06,-0.0375432759318,-0.0702274975272,0.0123062580119,-0.0498001844451,-0.00522651909436,-0.0333646616541,-0.0695627187712,-0.00698059202184,-0.027027027027,-0.0371451686658,-0.0103418407077,-0.0558464223386,0.00103109694655,-0.0140198162782,-0.0322604136324,-0.0229868646488,0.0316297952574
-0.0173265920582,-0.0350877192982,0.00942587832048,-0.0128305652577,-0.0256983835317,-0.000512820512821,-0.0351307189542,0.0128524260801,-0.00417140690178,-0.0248696733464,-0.0286487957735,-0.00462656972902,-0.0294117647059,-0.0206814298523,-0.00961467687325,-0.0116948402052,-0.0451279643109,-0.0344081320363,-0.0169783440488,-0.0336696560451,-0.0160128102482,-0.0356454720617,-0.0493135332026,-0.0377697841727,-0.00603015075377,-0.0562613430127,-0.048048048048,-0.0399580892508,-0.0643623361144,-0.0439941685582,-0.0353002249524,-0.068669527897,-0.048128342246,-0.0204790329241,-0.0131868131868,-0.0550835042485,-0.014904517932,0.00500766799161,-0.0453735570478,0.0211855339183,-0.0708502024291,-0.0061135371179,-0.0123565754634,-0.0226244343891,-0.0566308243728,-0.0396430924007,-0.0365017938485,-0.0387979829165,-0.0500408800357,-0.25529839198,-0.0159574468085,-0.0535483870968,-0.0612845817829,-0.0775623268698,-0.0701294445355,-0.0750988142292,0.0201310923921,-0.0153865477611,-0.0352906754293,-0.0173621158632,-0.0394698725377,0.0157774977904,-0.0559774408193,-0.0558695652174,-0.0229645093946,-0.0691489361702,-0.0487713725124,-0.0521276595745,-0.0558216102963,-0.0611452604335,-0.0666681383695,-0.00243072435586,-0.0965776692215,0.0300159322817,-0.0319444444444,-0.0371899316845,-0.0418173298795,-0.075415896488,-0.0255167731816,-0.0264041172522,-0.097223267364,-0.0213600272785,-0.00550348470145
-0.00315065325471,-0.00606060606061,-0.00764006791171,-0.0110477290779,0.028070846772,0.0128270908158,-0.000846740050804,0.0120548704448,-0.0003808073115,0.0182451321791,0.00561854262764,0.00132802124834,-0.023088023088,-0.00479369823022,0.0121326978995,0.00416403120388,0.00472115668339,0.00407507187974,0.00246879168575,0.00917111754929,0,-0.004995004995,0.00150309460654,-0.011214953271,0.0010111223458,-0.0230769230769,-0.0433753943218,0.0150312531005,-0.0254777070064,0.0308657465496,0.00780269058296,-0.0460829493088,-0.00280898876404,0.00971580783014,0.0103934669636,-0.0331162790698,0.0209088521145,0.0442216063031,-0.0101377025261,-0.0023051131601,-0.0239651416122,0.0105448154657,-0.011617515639,0.0342592592593,0.0714285714286,-0.0165153796132,-0.00567955986026,0.00278372591006,0.00567259354889,-0.0567375886525,0.0123552123552,-0.025221540559,-0.00427424080521,-0.003432003432,-0.0418012726383,0.0153846153846,-0.0210555242943,0.0371858655441,-0.0226535706787,-0.0339242593792,0.00278971575058,-0.00364706753554,-0.0240540823813,0.0241768362883,0.0128205128205,0.0594285714286,-0.0494057558197,-0.0426487093154,0.0553056073741,-0.012749827705,0.00402090872537,0.0155945419103,0.0724074707107,0.025421827585,-0.0932568149211,-0.00428761145893,-0.0414556056873,-0.118352658936,-0.0575828188435,0.00764714485698,-0.020767096536,-0.0380279236455,0
0.00126134485458,-0.00792682926829,-0.0136869118905,0.0130695093458,0.0364235769548,-0.0227963525836,0.140677966102,-0.0131651005938,-0.0262857142857,0.0125234815279,0.0314223657512,-0.0397877984085,0.0664697193501,-0.023146621305,-0.01278579886,-0.0041467639494,0.0258688203622,0.0142048657302,0.0508629421461,0.0102964375845,0.0187144019528,-0.0291164658635,0.020688031547,0.038752362949,0.0030303030303,0.0216535433071,0.0107172300082,0.0444259811348,0.0562091503268,-0.0107014455846,0.0619085758358,0.0724637681159,0.0140845070423,0.0105902448282,0.0051432770022,0.0212943364762,-0.0284052899707,0.0682950105872,0.0448139788413,0.0370720436883,0.0625,-0.00608695652174,0.0171790235081,0.000895255147717,-0.0063829787234,0.0429056655043,0.0361970482733,-0.0107836856716,0.035457958104,-0.0120204971026,0.0114416475973,0.0503496503497,0.052618825077,0.0288420146362,0.0290968532897,0.037037037037,0.0255453962143,-0.030645921735,0.0136660937649,0.0503566420777,0.0102631578947,-0.0110184135714,0.0167266283628,-0.0272032374101,-0.0242616033755,0.0636461704423,0.0255218020252,0.0597889800703,0.012200616963,0.0353228621291,0.0335696953992,0.0268714011516,0,-0.0090737414214,0.0443037974684,0.0344867007088,0.02428576929,0.0208616780045,0.0116492480245,0.00275779127874,0.0259257007357,0.00698522753732,0.0292496995002
0.0208221717033,-0.0165949600492,-0.0112749349523,-0.0534774774775,-0.0207526357643,-0.00933125972006,-0.0208023774146,0.0019058189545,-0.00586854460094,0.0171257314114,0.000678849004586,0,0.0138504155125,0.0236950824042,-0.0177953810108,0.0224804975754,0.0298208364148,-0.048998466019,0.0257597520411,-0.0125906388536,0.0231629392971,0.023784901758,-0.0144735324645,-0.0100090991811,0.00302114803625,0.0260115606936,0.000815660685155,0.00107627515208,0.0185643564356,-0.0122367860692,0.00952567182524,0.0585585585586,-0.0111111111111,0.00238506610577,0.0124269005848,0.0450920052754,-0.00354854086118,-0.0370732252031,0.00612824341324,0,-0.00210084033613,0.00087489063867,0.0168888888889,0.286225402504,-0.0107066381156,0.0232582376544,0.0753674977666,0.0243928764166,0.0435795326471,-0.0329132331556,0.00301659125189,0.0372836218375,0.0163778077416,0.0251046025105,0,-0.0178571428571,0.0484886403629,-0.0160928776857,0.0392798690671,0.0261187532648,0.00550738659621,0.00836057565851,-0.00779001293934,0.0240351282644,-0.012972972973,0.00405679513185,-0.0287153652393,-0.00442477876106,-0.0154778618635,0.0443665295664,0.0440807767698,0.011214953271,0.041815178649,-0.014025750674,0.00606060606061,0,-0.00741464698198,-0.0102176810307,0.0126489782548,0.0192721257237,-0.0260409875899,0.0196284972895,-0.0284184678552
0.0222556348317,0.004375,0.00350877192982,-0.0175892789157,0.00571069314193,0.0230245944532,0.0273141122914,0.0107790977334,0.0208579299488,0.0156213460549,0.0345078222345,0.00966850828729,0.0218579234973,0.00867889812709,0.00823536093599,-0.00577364229193,0.0256214237728,0.0273277695958,0.00532473514509,0.0121442959006,0.000780640124902,0.0232323232323,-0.00664092212275,0.0294117647059,0.035140562249,0.0328638497653,-0.0252648736756,0.00217360818959,0.0279465370595,0.00667803625493,0.0205456708819,0.0595744680851,0.0168539325843,-0.00284777517564,0.0014440433213,0.0498768102878,0.0434782608696,-0.0119444524976,0.0316669247151,0,-0.0315789473684,0.020979020979,0.041958041958,0.00556328233658,0.0425685425685,0.0166100831777,0.00854353900763,0.0290801812243,0.031319749442,-0.176332013433,0.0218045112782,0.00770218228498,0.0121016016826,-0.00448979591837,0.0423913906759,-0.00743801652893,0.0299978865973,0.0201603370086,0.0174814479125,0.0282821426551,0.0156174826986,0.00735965418941,0.0384042156811,0.0345294515911,0.00547645125958,-0.0141414141414,0.0373962655602,0.01,0.0416681158916,0.018529278843,0,-0.0203327171904,-0.0185246995995,0.00989993989322,0.0240963855422,0.00276273621395,0.00747003465187,0.0103231597846,0.014083455672,0.0101233465877,0.0117926250456,0.0130269357724,-0.0252957550452
-0.0169284564578,0.00435594275047,-0.0122377622378,0.00992094248954,-0.0121639924984,-0.0219948849105,-0.00147710487445,-0.0062730281421,-0.0254433307633,-0.0039603960396,-0.0228913647161,-0.00820793433653,-0.00534759358289,-0.00382887921392,-0.0343153823043,-0.0110699193737,-0.0206220495562,-0.00819187184272,-0.0378454658749,-0.0101976123188,-0.0148205928237,-0.0266535044423,-0.00147253718156,-0.0160714285714,-0.00193986420951,-0.00636363636364,0.0292642140468,-0.0326033722801,-0.016548463357,0.00760452654922,-0.0348277591747,-0.0441767068273,0.00552486187845,0.00713977040001,-0.0173035328046,-0.0253563047336,-0.0326507742461,-0.0147882984654,-0.0348290967371,0.026835443038,-0.0347826086957,-0.0162671232877,-0.0201342281879,-0.00484094052559,-0.0311418685121,-0.0541673276172,-0.00338846611066,0.00778130439234,-0.020978776878,-0.0122314854257,-0.0338484179544,-0.00636942675159,-0.0199175165446,0.0274702747027,-0.049448560925,-0.00499583680266,-0.00910056486265,-0.0128094385337,-0.0399073579191,-0.0137521315804,-0.00269649819626,-0.00366219065587,-0.0235282056539,0,0.00217864923747,-0.0435450819672,-0.0322483875806,-0.023102310231,0.0270904982915,0.0181921906694,0.0177916521132,-0.00377358490566,-0.00314572351641,0.00305756864942,0.00441176470588,-0.0166042171773,0.0192555280939,0.01999111506,-0.0374187216292,-0.0140386816895,-0.0341837164267,-0.0212416674958,-0.00892118269764
-0.0092310298103,0.0297397769517,0.0274336283186,-0.0137375287797,-0.0123137771918,0.0256276150628,0.0199704142012,0.0397695528193,0.0181962025316,0,0.0401577822824,0.0275862068966,0.0537634408602,0.0316729574959,0.0338431025599,0.0223614533634,0.0276983394834,0.00775478364612,0.018095582773,0.00363470557582,0.0221694378464,-0.00304259634888,-0.0148060758,0.0172413793103,0.044703595724,0.0512351326624,0.0129975629569,0.0545068826692,-0.00721153846154,-0.0319926701175,0,-0.0210084033613,0.0192307692308,0.0137305747813,0.015407190022,0.0194972985671,0.0302774998684,0.00476516663192,0.0177378518012,0.0043392504931,0.0045045045045,0.0304612706701,0.0128424657534,0.00208478109798,0.0364285714286,0.0254481900273,0.0161546336561,0.0331199837448,0.00295931828716,-0.0154632824051,-0.003808073115,0.0224358974359,0.0341531837161,0.0351157222666,-0.00250485942729,0.034309623431,0.0281736461302,0.00106707642401,0.0415661532752,0.0125495008087,0.0380357338595,0.00367565159278,-0.0223890390824,0.0176701570681,0.0326086956522,0.00267809319764,-0.0244885306882,0.0315315315315,0.00472469955896,0.0440764489821,0.000729253801772,0.030303030303,0.0599289267946,-0.0140428848995,0.00732064421669,0.062682106836,0.0021759173889,0.059668989547,-0.00221769054295,0.00611097531166,0.00965166818187,0.00228716645489,-0.00818450919141
0.0211129156338,0.0505415162455,-0.00947459086994,-0.0159520659871,0.0224251161301,0.00050994390617,0.0253807106599,0.0109281228193,-0.0283605283605,-0.00462342225715,0.0148003792268,0.0161073825503,0.00892857142857,-0.00371722313385,0.0139084805056,-0.0103592399805,0.0205112093535,-0.0210135688917,0.0324608505304,-0.0132854787835,-0.0240123934934,-0.00712105798576,0.0157770260156,0.0133809099019,-0.0046511627907,0.00957354221062,0.00320769847634,0.0218325636688,0.0157384987893,0.00627433377894,0.0174874287159,0.0386266094421,0.0134770889488,0.00561291153683,-0.010838150289,0.0477534562212,0.0214658080343,-0.00883303198269,0.0192303811772,0.0995679497251,0.0560538116592,0.0118243243243,0.0050718512257,0.00485436893204,-0.000689179875948,0.025711875495,-0.044347496557,0.0197659553545,0.00735869178813,-0.0188348664039,0.0290519877676,0.0344827586207,0.0188625682112,0.032767925983,0.0302744184178,0.00161812297735,-0.00119652651906,-0.00810113629096,0.0371347764119,0.0399361022364,0.0104540654699,0.00454999445123,0.0299361005209,0.00685959271168,-0.0178947368421,0.0464743589744,0.0130282809024,0.05403930131,0.0280423223357,0.0181265279351,-0.0167391816876,0.0413602941176,0.0178633693641,-0.00743415463042,0.0639534883721,0.0245008436445,-0.00652277912711,-0.0374023838882,0.324042612983,0.0101028506641,-0.0111505821985,0.021069979716,0.0420806584471
-0.0145934482951,-0.0217640320733,-0.0391304347826,-0.0364542147715,-0.0219332602225,-0.0163098878695,-0.011315417256,-0.0342316347521,-0.0183926429428,-0.0460773839937,-0.0253607204028,-0.0449141347424,-0.00126422250316,-0.0252100840336,-0.0322769136593,-0.00930172302112,-0.0222100054975,-0.0292783888747,-0.0112351406205,-0.0361066712271,-0.0222222222222,-0.0122950819672,-0.0118479221927,-0.0281690140845,-0.0280373831776,-0.0241379310345,-0.0183852917666,0.00416135311095,0.0262216924911,0.0396706877158,-0.0266016924585,-0.0433884297521,0.0398936170213,-0.0389978771686,-0.0102264426589,-0.0151740062675,0.0497848493946,0.00550255689464,-0.011202873547,-0.0197356670834,-0.036093418259,-0.00667779632721,-0.0437342304458,-0.00759144237405,-0.0303448275862,-0.0397536065257,0.00437166926194,-0.0145612343298,0.0219324557998,0.012818877551,-0.0312035661218,-0.0254545454545,-0.015417479335,0.00373273609556,0.0179584673881,-0.0218093699515,-0.0089431858617,-0.0108754056784,-0.0101456899606,-0.037078235076,-0.0638868568642,-0.0727279422595,-0.00341492661818,-0.0119225037258,-0.17899249732,-0.00306278713629,0.00397323295692,-0.0165717244951,0.010795555882,-0.0573352855051,0.0325442497166,0.000882612533098,-0.0584732140504,-0.0081199324726,-0.00956284153005,0.0116658088866,-0.0255493716836,0.0777113578138,0.0344800972466,0.0240123469163,-0.0314339886239,-0.0172829082963,0.0039586174778
-0.0178960781538,-0.00409836065574,-0.0307692307692,-0.00623717685679,-0.0274440706925,0.0165803108808,-0.00643776824034,-0.00124368330391,-0.0525458248473,-0.0235185275357,-0.0273253143576,-0.0345781466113,-0.0151898734177,-0.0115,0.000833836510538,0.0117428601318,-0.0291914989317,-0.0269273154137,0.0295249615131,-0.0158726187091,-0.00487012987013,-0.0331950207469,0.0404736339776,-0.0615942028986,-0.0115384615385,-0.0194346289753,-0.00488599348534,0.0342891517947,-0.0301974448316,0.0111738096348,-0.0108066712049,-0.0539956803456,-0.0230179028133,-0.030925675547,0.00221402214022,-0.020599564562,0.0210666793766,0.0163281087351,-0.00715370599727,-0.0562084358204,-0.0440528634361,0.00588235294118,0.0202286719437,0.0125173852573,0.0312944523471,0.00809284927724,0.0218017237229,-0.0146785399746,0.0386242381339,-0.0918078206662,-0.0291411042945,-0.0230099502488,-0.0227337043675,-0.0286351803644,-0.017641650385,-0.0536746490504,0.0264732634401,-0.00827882923013,-0.0432005032647,-0.0632598052698,-0.0120194991255,0.00196576784083,-0.0343185979597,-0.0624865330748,0.023498694517,0.0547875064004,-0.0325973755468,0.0547656661401,0.0246714964814,-0.0230492047714,0.0265152314805,0.0114638447972,-0.0124265323258,0.0220301806283,0.0151724137931,-0.02302865864,-0.00224274907819,0.341917591125,-0.01626440855,0.0208459746717,-0.0307799299402,-0.0107896399242,0.00315409132507
-0.0113023671539,0.00999412110523,-0.0270774976657,-0.00429432653398,-0.0256382102663,0.00815494393476,0.036717062635,-0.00747139186878,-0.0189165950129,-0.0309165253815,-0.0053516924214,-0.00501432664756,-0.0269922879177,-0.016473932988,0.00583199264537,0.0110120201629,-0.034517107976,-0.0188340144763,0.0147040498442,-0.0193552711564,-0.00815660685155,-0.0643776824034,-0.0338540920166,-0.00482625482625,0.000972762645914,-0.0459459459459,-0.00572831423895,-0.00855197966481,0.0443113772455,0.0012452381172,0.00345519713262,-0.0502283105023,-0.0261780104712,-0.0309104128594,0.039764359352,0.0031919744642,0.0123698828362,0.0268055718132,0.0450436175484,-0.0042471042471,-0.0230414746544,-0.0760233918129,-0.0284482758621,-0.0453296703297,-0.00344827586207,0.00178590005895,-0.00170579309955,-0.00506505114709,0.00896033513981,0.0314081675102,-0.00473933649289,-0.00700190961171,-0.015250965251,-0.0145482388974,-0.0122452958955,-0.0418848167539,-0.0152387836956,-0.0166520595968,0.00564529841864,0,-0.030131826742,0.0156556548622,-0.000866785849721,0.0165479200184,-0.0765306122449,-0.114563106796,0.00409086015718,-0.00149775336995,-0.0248169119658,0.00540540540541,-0.00489460154242,-0.0148212728858,-0.0188743410985,0.00553542319014,-0.0380434782609,-0.034020690134,0.0120104388906,0.161204605846,-0.0165333131091,0.0146872723089,-0.012875707566,-0.0126443241034,0.0165088812307
0.0114315709661,-0.0186263096624,0.0278310940499,-0.0318487185867,0.0131564119901,-0.00960566228514,-0.025,-0.0351289575958,0.0429447852761,0.0133786147988,-0.0168157423971,-0.0280777537797,0.0184940554822,-0.0147725156725,-0.0265154760885,-0.00802843189895,-0.00115171437483,0,-0.0405782354696,-0.011183836822,0.0328947368421,0.0275229357798,-0.0350403512936,-0.0203685741998,-0.022351797862,-0.00944287063267,0.0082304526749,-0.0349375339489,-0.0217889908257,-0.00674356045252,0.00114300410053,-0.0216346153846,0,0.00308216400357,-0.0127478753541,0.00522727272727,-0.0346274437477,-0.046996124031,-0.0235621362783,-0.0256882512602,-0.0165094339623,-0.00180831826401,-0.0221827861579,-0.0129496402878,0.0117647058824,-0.0249493743185,-0.0256400573975,0.00758634457976,-0.0443708500157,0.0270233933853,-0.0222222222222,-0.025641025641,-0.0195386525518,-0.024864024864,-0.0562015121306,0.0127504553734,-0.0244017949113,-0.00960338680927,-0.00954764239739,-0.0294204004933,0.00582524271845,-0.0260092486,-0.0364636989644,-0.0325570879494,-0.0124309392265,-0.0180921052632,-0.0447625174225,-0.052,-0.0152483043013,-0.0320683111954,-0.00981668630004,-0.0336283185841,-0.0384459849798,-0.0361320721708,0.045197740113,-0.0284625889456,-0.0274439309949,-0.0521230612764,-0.0352805089647,-0.0169879062736,-0.00520938496951,-0.00812356091377,0.00232099338517
0.0471124181876,-0.00237247924081,0.0420168067227,0.0483166281162,-0.0242471428969,0.0459418070444,-0.0106837606838,0.0370580718444,0.0361344537815,0.0390474256119,0.0259909304669,0.0148148148148,-0.0142671854734,-0.036000036,0.0153157029966,0.0063664716344,0.0444641956329,0.0468471633252,0.0649594060854,0.0372585381667,-0.00477707006369,0.0725446428571,-0.022414906374,0.00990099009901,0.013916500994,0.0600571973308,-0.0138775510204,0.0461760136885,-0.00351699882767,0.0285208132374,0.0549728132894,0.027027027027,0.0483870967742,-0.00410366297404,0.0265423242468,-0.00627402215691,-0.00635239050485,-0.0103172941775,0.010005759523,-0.0262660431798,0.00479616306954,0.0018115942029,0.0127041742287,0.00947521865889,0.0287277701778,0.0612402481561,-0.00527070495679,0.0397265702397,0.00643103448276,-0.0345594973164,-0.00243506493506,-0.0125,0.0190949080245,0.0549800796813,0.0297636477724,0.0197841726619,-0.0115898058252,0.00913406375846,0.0164341155851,0.0257744433688,0.030888030888,0.00296486237429,0.0387439858192,0.039495209161,0.0013986013986,-0.00670016750419,0.0649868118301,0.0601265822785,0.00714097357734,0.00555446644449,-0.00141926865921,0.00549450549451,0.0100033043948,0.00254105005869,0.0162162162162,-0.0118739365244,-0.0122124698801,0.109978540773,0.0134892086331,0.0211068606909,-0.023598820059,0.000573828216698,0.00231407510324
-0.00899028003414,-0.012485136742,-0.0492831541219,-0.0230448639372,-0.0549998575133,-0.0214738897023,-0.020158387329,-0.0119112814896,-0.0235198702352,-0.00908957630846,-0.0299979537549,-0.0277372262774,-0.0657894736842,-0.0259357115516,-0.00419018629472,0.0126523921729,-0.0834866605336,0.0857142857143,-0.0219864183858,-0.0365613488403,-0.0128,-0.047866805411,-0.0126438950745,-0.078431372549,-0.00294117647059,-0.0728417266187,-0.198675496689,-0.00301282603082,-0.0435294117647,-0.0141760828201,0.00109573475102,-0.0956937799043,-0.0461538461538,-0.0391149903583,0.0230607966457,-0.0345827882373,0.0170159584695,-0.0313047682359,-0.0279728294292,-0.0134872790436,-0.0978520286396,-0.113019891501,-0.0188172043011,0.0057761732852,-0.00132978723404,-0.00775271595956,-0.0176296411735,-0.0549785612196,-0.00496805029723,-0.0766779661017,-0.0577705451587,-0.0426382411726,-0.0342042444655,-0.0645770392749,0.0127556720086,-0.0555555555556,-0.0191417521026,-0.0254375209007,-0.0122606650991,-0.0708387401203,-0.0271535580524,0.0226900491351,-0.000866785849721,-0.0867805755396,-0.0432960893855,0.0151770657673,0.0229751804816,-0.0348258706468,0.0113843446932,-0.06797504549,0.0120600284257,-0.00910746812386,-0.0561239664505,0.033589610515,-0.0452127659574,-0.0684311009621,-0.0262552045065,-0.04398260029,-0.00299714088534,0.00502645004612,-0.0161174090191,-0.0298740908735,0.00846791955322
0.000597379864131,-0.0138470800722,0.0113100848256,0.0450020911752,0.00470432134133,-0.0154613466334,-0.0330639235856,0.0133238041758,-0.00207641196013,-0.0152882576318,-0.0247447472787,-0.0127627627628,0.0197183098592,-0.00212780232525,-0.0151481442072,0.0153270271637,0.0355834378921,0.0327622748146,-0.00435393258427,-0.00732500256411,-0.0129659643436,0.0251366120219,0.00640290519878,0.0404255319149,0.0294985250737,-0.0106692531523,-0.025826446281,0.0528190295286,0.0209102091021,0.028659244962,0.00867520674558,0.010582010582,0.0161290322581,0.0117875702396,-0.00409836065574,0.0162611206033,0.0104452216656,-0.0122278370454,-0.0101917275611,-0.0228896944588,0.0687830687831,-0.039755351682,-0.00730593607306,0.00430725053841,-0.0106524633822,0.0798607599204,0.00627615062761,0.00252066948982,0.00142898954944,0.033188927234,0.0414507772021,-0.0104384133612,0.046385644151,0.0117077109407,0.0159643809791,0.0597572362278,0.00567058057732,-0.00347714690946,0.00168905514935,0.0349139846378,-0.00962463907603,0.025077145424,-0.00178929675216,0.0455440669621,0.0189781021898,0.0188261351052,-0.017565548859,0.0376288659794,0.00158435936998,0.039952586808,-0.00351087338138,0.00183823529412,0.027981723649,0.0318907935915,-0.0724233983287,0.0212176009644,-0.00554353840736,0.0690091001011,-0.00431145303878,-0.0112389015847,0.0118318191422,-0.011473868064,0.0022908737698
0.00787237587471,0.00610500610501,0.0130475302889,0.0348194989194,0.0485938109674,-0.0096251266464,0.0334346504559,0.00626124505218,0.0295464003329,0.0167776831772,0.0126898978319,0.0342205323194,0.0138121546961,0.00960513298307,0.0187991710292,-0.000572937425269,0.00293205389164,-0.0206712270201,0.0342343772041,0.0261570770199,-0.00656814449918,-0.0213219616205,-0.0135156522014,0.0081799591002,0.0162368672397,0.0196078431373,0,0.0262839569452,-0.0253012048193,-0.00164514637356,0.0118291670016,-0.143979057592,0.0026455026455,0.0126941707032,0.0144032921811,-0.0138558757029,0.00205809439169,0.0371060443378,0.0224121049772,0.0280898876404,0.019801980198,0.0350318471338,0.015639374425,-0.0114367405289,0.00740242261104,0.032157603478,0.00624685932743,0.0151865634114,0.00498573049548,0.00717788359036,0.0207296849088,0.0239099859353,-0.00320336515127,0.0399042298484,0.0594981937343,0.0519823788546,0.011264765556,-0.0063817088288,0.0112715585533,0.0184628595964,0.00680272108844,0.00093358228861,0.0195817490494,0.0433246997881,0.0157593123209,0.0728260869565,0.0616610738255,-0.00993541977149,0.00129236368148,0.0101910828025,0.0295537916313,0.0477064220183,-0.0102075223002,0.0023764527482,0.021021021021,0.0118443316413,0.0263141920602,0.0591156301726,0.0242327937233,0.027128405259,0.0611401127584,0.0384908122214,0.0175171270449
0.0390131007976,0.0151699029126,0.050597976081,0.0237469059406,0.0285092741012,0.0168797953964,0.00808823529412,0.0105778858532,0.0299110751819,0.0219682789873,0.0160053541042,0.00661764705882,0.00817438692098,0.00740169915613,0.0151069634714,0.0374616784228,0.0313609896349,0.0206055049877,-0.0183109277366,0.0274525598037,0.0214876033058,0.0588235294118,0.0112943592376,0.0212981744422,0.0093984962406,0.0288461538462,0.0360551431601,-0.0204766566115,-0.0061804697157,0.0239607364586,0.0138092653153,0.0152905198777,0.0738786279683,0.0345332343724,-0.00135226504395,0.0108171663727,0.0185781636559,0.00420206449256,0.0165869572013,0.00907310031962,0.0194174757282,0.00923076923077,0.0172101449275,0.0122921185828,0.000668002672011,-0.0171356407716,0.0274859241126,0.049732514365,0.0340084850144,0.0514394580864,0.0186839967506,-0.0123626373626,0.0258715834578,0.0191864927091,0.0405619422034,0.0284757118928,0.00680665649156,0.0105350706959,0.0211727842435,0.0120452902915,0.0164092664093,0.0291424764443,0.0139847100503,0.01647483638,0.0239774330042,0.0101317122594,0.0112603713947,-0.00652282990467,-0.0059888277386,-0.00331851065242,0.00545524085593,0.0105078809107,-0.00687519355838,0.0272644140127,0.0132352941176,0.0439838220425,0.0489526344325,-0.0254521098459,0.0308542616116,0.0147183592165,0.00592965747045,0.0341063762957,-0.000748763043452
0.0236797793776,0.00777047220562,0.00875656742557,-0.00967132602947,0.0138595124123,0.0120724346076,0.0459518599562,0.0320242889192,0.0459183673469,0.028677462888,0.00615973258772,0.0226442658875,-0.00135135135135,0.0251773083134,0.0289190267252,0.00216221410725,0.0337807763488,0.0245310862545,-0.0043070884603,0.0133595266963,0.0242718446602,0.0262345679012,0.0239228377435,0.0178748758689,0.00744878957169,0.0252336448598,-0.00307062436029,0.00332435960189,0.0385572139303,0.0201727602495,0.0220184923993,0.0210843373494,0.02457002457,0.0171785009665,0.00203114421124,0.0246597650343,0.0020164062142,0.018163073471,0.0233102253033,0.0405640134873,0.0047619047619,0.0355691056911,0.0026714158504,0.0121428571429,-0.00333778371162,0.00950966739246,0.0336503640453,0.0450169875425,0.0219376613063,0.0100664384941,-0.000797448165869,0.00417246175243,0.0339208303009,0.0263554216867,0.0149871078642,0.0553745928339,-0.0350379598274,0.00288065843621,0.00709025555604,-0.00446322304213,0.0379867046534,0.00181259941553,0.0344401828403,0.0410746003552,0.0454545454545,0.0596790371113,0.0454190271537,0.0469696969697,0.0116239209698,0.0111873210362,0.0162969488268,0.0398613518198,0,-0.00576973799894,0.0174165457184,-0.0140435835351,0.0237005572732,0.109278350515,0.00246444427722,0.0205758324851,0.0379112925312,0.00569519325689,-0.0157298117098
-0.00338043492339,-0.0284697508897,0.0121527777778,0.0410467689021,0,0.00894632206759,0.000697350069735,-0.0119390498135,-0.121951219512,0.00407627793656,0.00408831313553,0.00285714285714,0.00811907983762,0.00409930450002,-0.0457822206223,-0.0134487222515,0.0174261823291,0.0061163994656,-0.0129684379442,-0.0169504104352,0.0371248025276,0.0185463659148,-0.25622830937,-0.00878048780488,-0.00554528650647,0.00911577028259,0.0698151950719,-0.00804959853644,0.0491017964072,0.0136600839046,-0.0179534360704,0.0324483775811,-0.00479616306954,0.0188867772967,0.00202702702703,0.0167442388466,-0.00201234850217,-0.00687950443743,0.0102491538712,-0.00873919874313,0.0118483412322,-0.00785083415113,0.0408525754885,-0.0119971771348,0.0160750167448,-0.0125601140166,0.0100126310355,-0.0113790300732,0.0275052614538,-0.00166101920138,0.0175578611333,0.0277008310249,0.00153022188217,0.00366837857667,0.0192114315957,-0.000771604938272,0.0101861119205,-0.00923266311038,0.0205878192363,0.0283938071612,0.0219579139982,0.0118528912193,0.0266653122381,-0.0136489656643,0.0408432147563,0.0127780407004,0.0106045034103,0.013024602026,-0.00368636148933,-0.0177807046427,0.0133761475119,0.01,0.0449981289759,-0.0162490189793,-0.00142653352354,0.0655508538613,0.0477541240946,0.0516315572078,0.0531649370391,0.00888722661537,-0.0194757871988,-0.0413017215343,0.0106536210435
0.00452253469876,-0.0213675213675,0.0240137221269,-0.0300476364969,-0.00340378808674,0.0413793103448,-0.011149825784,0.0205367739428,-0.00470085470085,-0.00695286980868,-0.04339411932,-0.0306267806268,-0.0255033557047,-0.0632018348624,0.0109499995163,0.0136320559862,-0.00213817987438,-0.00888022076063,0.0496394995405,-0.000638278888983,-0.00685453160701,-0.000492125984252,-0.0576177977753,0.0275590551181,0.0232342007435,0.0144534778681,-0.0115163147793,0.0515584335745,-0.00342465753425,0.0183717761066,-0.00625870167723,0.0142857142857,-0.00963855421687,0.00586482069032,0.0188806473365,0.0174733433819,-0.0020164062142,-0.0131046271029,0.00225508407894,0.00881624566617,0.0515222482436,-0.0425321463897,0.0546075085324,-0.0128571428571,0.062623599209,0.0246447619268,-0.00909182192444,0.00465881063305,0.00195370968504,-0.0368028750166,-0.0180392156863,0.038409703504,-0.0068449197861,0.0201023391813,-0.0188493093779,0.0015444015444,0.0245939675174,-0.0128390971216,0.00424347751916,0.00290630086027,-0.0161145926589,0,-0.0348776807579,0.0103783783784,0.0126582278481,0.00934579439252,-0.00434521333148,0.00857142857143,0.0146454079792,-0.0293664096547,-0.00460721992185,0.013201320132,0.00659484945242,0.00176410440801,-0.00571428571429,0.0113463106762,0.00828843036755,0.0135506677141,-0.00971133285816,0.00411319222554,-0.0281408580655,-0.0129689427949,-0.0128011401557
-0.0157834816808,0.00499064254523,-0.0150753768844,-0.00196448809974,-0.0360271029582,0.00662251655629,0.0218463706836,-0.0325485235511,-0.00343495062258,-0.0110427141582,-0.0276337638042,-0.00808229243204,-0.0123966942149,-0.0217606330366,0.000832448259035,-0.0102123987151,-0.0214722557029,0.00282610060918,-0.0125174672121,0.0178923801719,-0.00460122699387,0.0192023633678,0.00888594164456,-0.0277777777778,0.0517711171662,-0.0391807658059,-0.0567961165049,0.00908116535126,-0.00343642611684,-0.0130181229453,-0.00894306814016,-0.0507042253521,-0.0486618004866,-0.0426878225961,0.00330906684315,-0.00910786788105,-0.0152454424393,-0.0329079307201,0.0438698015728,0.0433032207384,-0.0601336302895,0.0134297520661,-0.0145631067961,-0.0137481910275,-0.00248138957816,-0.0116380674029,-0.013339106243,-0.00227314057101,-0.0228012517101,-0.168382505355,-0.0495207667732,-0.0123296560675,-0.0283991261807,-0.0136151916876,-0.0221575372674,-0.0308404009252,-0.0153863102233,-0.00885718947393,-0.0126872564737,-0.0449750782427,-0.0545950864422,-0.0153085428603,-0.0470564113079,0.0273913973893,-0.0275,-0.0277777777778,-0.0387668879707,0.0273843248347,0.00126970583455,-0.0582993714167,-0.0245293336458,-0.0138436482085,-0.0592019447409,0.0211992731678,0.00574712643678,-0.0310626511938,-0.0123304455123,-0.0705289672544,-0.0258749437697,-0.0175457102672,-0.0366297468354,-0.0167300582493,-0.0106780085217
0.0343735212156,0.00186219739292,0.0272108843537,0.0581421757892,0.0453740213726,0.0046992481203,0.048275862069,0.00795045551681,-0.015941404567,0.0459469732966,0.00583146905295,0.0555555555556,0.0516039051604,0.0250277808367,0.0349337463431,0.023372408448,0.0427691605839,0.0441299265197,0.056339348888,0.0276194759924,0.0446841294299,0.0386473429952,-0.00990315937076,0.0472906403941,0.00431778929188,0.0463392029657,0.00720535254761,0.054015951797,0.0965517241379,0.0111059036205,0.042952080223,0.080118694362,0.074168797954,0.0151965972403,0.0395778364116,0.0847176079734,0.0350664490557,0.0173751845917,0.0463370256845,0.0124235294118,0.042654028436,0.0632008154944,0.0418719211823,0.0124724871607,0.0497512437811,0.032177670739,-0.0211381354745,0.0777362617333,-0.00733791416571,0.0939680957129,0.0386554621849,0.015111695138,0.0718221546646,0.0334180893571,0.00755921990294,0.0334128878282,0.058131006104,0.0166968464125,0.057820934684,0.0137152567059,-0.00192492781521,0.018288954361,0.00527150964202,0.0135388460737,-0.00642673521851,0.0371428571429,0.00454018547141,0.0294117647059,0.0533107443215,0.0916159319299,-0.0101905982222,0.0189925681255,0.0559634472979,0.0161460392777,0,0.0422983681297,-0.0020763315796,0.0521159057744,0.0265622402423,-0.0148885150854,0.0141523637459,0.0559132222463,0.0123358142763
-0.00443506881346,-0.00805452292441,-0.0430463576159,-0.00178865278672,0.0238342535396,0.0280636108513,-0.0184210526316,0.0309512019918,-0.045534150613,0.0107209376278,0.00434453818894,0.00350877192982,-0.0358090185676,-0.00759847249216,-0.0152699257289,0.00106501313516,0.0210215465383,0.0287896357311,0.0199974176055,0.0201584046607,-0.00737463126844,-0.0437209302326,-0.0355830936048,0.0150517403575,-0.01203783319,0.0044286979628,0.0352580480327,0.0469603136795,-0.0230607966457,-0.00232590863566,0.0183050418039,-0.0494505494505,-0.0285714285714,0,0.00126903553299,-0.0479836651353,-0.0169392260215,0.00852378011118,-0.0329574786035,-0.0246351213164,-0.00681818181818,-0.0316395014382,-0.0244286840032,-0.00579710144928,0.000592417061611,0.00912641861908,0.0120945050124,-0.0191104346355,-0.0127579554849,-0.0553656869446,0.0121359223301,-0.0414239482201,0.0294569520771,0.00210896309315,-0.0284880389629,0.00461893764434,-0.0165423250896,0.00936784400805,-0.0172103567108,0.0254430076628,-0.0356798457088,0.00898933653601,-0.0350750461514,0.0032881216605,0,0.115702479339,-0.0492355034138,0.0339285714286,0.00615440921524,-0.0215696814944,0.00823236715953,0.017017828201,0.0165318850527,0.0141924465486,0.0171428571429,0.00392279386239,-0.0027771410435,0.0675648900337,-0.032154745839,-0.00363306085377,0.0339964370546,0.00863327782759,0.042649998781
-0.00445482627454,0.0131168019988,-0.0164359861592,0.00917431192661,-0.0241069998398,-0.00636942675159,0.014745308311,-0.00765093860984,-0.0197247706422,-0.0373499932581,0.0122685800337,0.0293706293706,0.00137551581843,-0.0043794471071,0.0269420913892,-0.00531940044447,-0.0566243894078,-0.0375840491274,-0.0457537541339,-0.0383230860982,0.0126300148588,-0.00924124513619,0.0230370336377,-0.0120481927711,-0.00435161009574,-0.0352733686067,-0.0236920039487,-0.0750424388793,0.0150214592275,-0.0214797730063,-0.0309510480811,-0.014450867052,-0.0220588235294,-0.035918014084,0.010773130545,0.00386058981233,-0.032445809083,-0.015494855463,-0.0255573264676,-0.00838734273732,-0.0183066361556,-0.0415841584158,0.00403877221325,0.0204081632653,-0.0112492599171,-0.0512413384358,-0.00511737929865,-0.00646551724138,-0.0204105090312,-0.0121402154687,-0.0375699440448,0.0243079000675,-0.00140630829722,-0.000350754121361,-0.0455240798422,-0.0252873563218,0,-0.0243824189926,-0.0036099215954,-0.0291902621286,-0.032,0.0026691675083,-0.0609160982643,-0.0131093814011,-0.00517464424321,-0.082304526749,-0.0527966015981,-0.080310880829,0.00693041821819,-0.0313165304581,-0.0238133451029,0.0438247011952,-0.0260384558931,0.0139938397263,0.0168539325843,-0.00781493136001,-0.0411189009027,0.0211581291759,-0.0153937681267,0.00424794895169,-0.0202310252562,-0.0171187646043,-0.00146142851715
-0.0245791288962,0.00863131935882,-0.014072119613,-0.0127130681818,-0.0136233073451,-0.0155677655678,0.0132100396301,-0.0166128130667,0.0116986429574,-0.0208702960127,0.0513162692336,-0.0264945652174,-0.00686813186813,-0.0263527272008,-0.00238419307396,-0.016518907613,-0.117139418164,-0.0318027622971,-0.0116407292867,-0.0168109967476,0.015407190022,0.0176730486009,-0.0146234243933,-0.0178236397749,-0.0192307692308,-0.0356489945155,-0.0136501516684,-0.000870338485989,-0.0126849894292,-0.0183054526339,0.00875515103277,0.108504398827,-0.0125313283208,-0.0186280910797,0.0163009404389,0.00795855143681,-0.014351347511,-0.0114774494557,-0.00218607308928,-0.0339292579777,-0.0559440559441,-0.0402892561983,-0.0217216411907,0.0242857142857,-0.00299401197605,-0.0500370187562,0.00514370157058,-0.00650759219089,0.00556514742612,0.202490437047,-0.0199335548173,0.0158206987475,0.00140828878542,0.00280701754386,-0.0185954003901,-0.00943396226415,0.00600905539561,-0.00178512707286,-0.0180838584435,0.0556257141139,0.0165289256198,0.00178070364774,-0.0329209601701,0.05500207555,0.132639791938,0.057399103139,-0.0425520555259,-0.0356807511737,0.0217414037323,-0.00716058135413,0.00976181179227,0.0274809160305,-0.013382361806,-0.00386798402354,-0.0276243093923,0.00132436482766,-0.000728379125945,0.127953471465,-0.0238670694864,0.027195323421,-0.0206620928529,-0.00405705721226,0.0146312834608
0.02004574373,0.00977995110024,0.0374665477252,0.0294223437163,0.0181102143828,-0.0102325581395,0.0319426336375,0.037398531787,0.0374653098982,0.0295646368795,0.0210172924456,0.0272156315422,0.0359612724758,0.0580913705584,0.0326618441535,0.0466189762676,0.0508038585209,0.0168929487581,0.00069626783662,0.0373642629929,0.0101156069364,0.0159189580318,0.0343242135931,0.0563514804202,0.0347593582888,0.0436018957346,0.0471553049718,0.0017611301532,0.041755888651,0.0234574725351,0.00357601903817,0.037037037037,0.0228426395939,0.0432441422899,0.0351634793337,0.0356101955381,0.0373858721768,0.0688461659482,0.0394302706792,0.017610188041,0.0691358024691,0.0247578040904,0.00904605263158,0.0153417015342,0.0126126126126,0.0183883224005,0.02132712588,0.0241048034934,0.0448748937305,0.0850084602369,0.0186440677966,0.0259571706684,0.0229027351261,0.0220433869839,0.0263654966158,0.0309523809524,-0.0256739104619,0.00656501482423,0.0110586021335,0.0598154266834,0.0863821138211,0.029248586049,0.0210355987055,0.0442651977179,0.0424799081515,0.000848176420696,-0.00423799698879,-0.0126582278481,0.0207019110888,0.0434161668095,0.0200268653071,0.0297176820208,0.0237367874381,0.0299138986198,-0.00142045454545,0.00981518220737,0.00799955711795,0,0.00843392138657,0.0188225729485,0.0544794188862,0.0157494616123,0.0346075564832
0.0286336516282,0.0230024213075,0.0171969045572,-0.00356394129979,0.0314083356034,0.0093984962406,0.00947567909033,0.0122083233101,0.0271957200178,-0.00574313371312,0.00862789323152,0.0176630434783,0.0173564753004,0.0149200744564,-0.0131143761583,-0.00362527997783,0.00979192166463,0.034127032958,0.0173107553022,-0.00671682596619,0.0214592274678,-0.0356125356125,0.0475771312882,0.00994575045208,0.00516795865633,0.0172570390554,0.0298580518845,-0.0123251417769,-0.0133607399794,0.0181012658228,0.0401978189196,0.0229591836735,0.0347394540943,0.00605831124574,-0.023241954708,-0.00286547612956,0.0020844913841,0.0169566369337,-0.0205493300175,0.00430191630817,-0.00461893764434,0.0808823529412,-0.0122249388753,-0.0309065934066,-0.000593119810202,-0.00410551574047,0.0167109585502,0.0235374381716,0.0290837733923,0.122263115214,0.0141430948419,0,0.0307791588339,-0.000342348510784,-0.012844107047,0.0215550423403,-0.0110301287051,0.0622063258293,0.0208191732979,-0.00940657923027,-0.000935453695042,-0.012909078222,-0.00391711269922,-0.0423888470234,0.0308370044053,0.0822033898305,0.00532004256034,0.0276134122288,-0.00687310283219,0.0519436079934,0.0345185362544,-0.0396825396825,0.029781265853,-0.0123659163789,0.0384068278805,0.0247130596629,0.00216937609842,0.0367386400258,0.0200644517763,0.0190472886237,0.0191694939305,0.0212271380403,0.0181177858239
0.0409405810355,0.0242603550296,0.021978021978,0.0251069499965,0.0526107281515,-0.00279329608939,0.0450563204005,0.0109124036995,0.0108506944444,0.00116457818978,0.0118544861821,0.00133511348465,0.0459317585302,0.0225852501016,0.0336214487232,-0.0327462340672,0.0363636363636,0.0205263471035,0.0428824523093,0.00553134612971,0.0112044817927,0.0571147218119,0.0168893370305,0.0393912264996,0.031705227078,0.04375,0.0408745247148,0.0463749808605,0.034375,0.0364043267438,0.013214677557,0.0374064837905,0.031175059952,0.0180852960403,-0.0317266625991,0.0229896854313,-0.0174733046734,0.0559849471704,0.0188284896697,0.029984423676,0.0440835266821,0.0272108843537,0.00660066006601,0.00425230333097,-0.00296735905045,0.0552407024959,-0.00739678534801,0.0314114314281,-0.00192236140394,-0.0125618364738,0.0426579163249,-0.000632511068944,-0.00544395448854,0.0328767123288,0.0414611411038,0.0497362471741,0.0018609122167,0.0200713059554,0.040789150209,0.0244180367898,0.0224719101124,-0.0488654036477,0.0314901536984,0.074365532166,0,0.0516836335161,-0.00211675579323,0.0556621880998,0.0488301866011,0.023030381888,0,0.0368144252442,-0.045002752905,-0.0430290456432,0.027397260274,0.0196434577867,0.0388729049642,0.0882810071495,-0.0163977584715,-0.013601389078,0.0392506803367,0.0269891693139,0.0369615170778
-0.0487658109783,-0.0121317157712,-0.0645161290323,0.0123144284053,0.006247647723,-0.00186741363212,0.0299401197605,-0.00227254917326,-0.0854443967368,-0.034617532105,0.00715583749925,-0.0146666666667,-0.0213299874529,-0.00513100234824,0.00605006954103,0.0333277427702,-0.0309941520468,-0.017489991838,-0.00783033999953,-0.00122193973078,0.0131578947368,-0.00605496040987,0.00309866137828,-0.0077519379845,-0.0182724252492,-0.00940975192472,0.00547945205479,-0.000841396718553,-0.0332326283988,-0.0219694970289,-0.0236662896744,0,0,-0.0335629231847,0.0302457466919,-0.0168547780286,0.0324629498941,-0.0283999013131,-0.023231724613,0.00841209829868,-0.0266666666667,-0.0122989593188,-0.0344262295082,-0.029640084686,-0.0315476190476,-0.0117199056339,0.0182137371077,0.028354471282,0.019944082013,0.036757669575,-0.0165224232887,0.0474683544304,-0.0463900596639,-0.0414456233422,-0.00233082846967,-0.0236898779612,-0.0191773070583,-0.0136785329018,-0.00783418302069,-0.018539117538,-0.0210622710623,0.000910459131533,-0.00762492360525,-0.0309467130562,-0.0416666666667,-0.0208488458675,0,0.00909090909091,-0.000253787116366,-0.0128457869634,0.0104729208455,0.0108695652174,0.0336509285107,0.00739279365217,0.0186666666667,-0.0373094939632,-0.0318794454067,0.0195658383319,0.00416778189883,-0.0109068944689,-0.00943901785497,-0.0131521262604,-0.000660295257627
-0.00881843140728,0.0327485380117,-0.0053050397878,-0.00865040210854,0.00620885697187,0.0121608980355,0.0279069767442,0.0125274897895,-0.0164319248826,0.0179294389821,0.00581618220513,0.01150202977,-0.00128205128205,0.00567785821152,0.0300770719569,0.00936746429234,0.0132770066385,-0.0329126943313,0.0171062691131,-0.00550545612408,0.0246069719754,-0.0037488284911,-0.00411878578195,0.0104166666667,0.0245346869712,-0.00777202072539,0.0208900999092,0.0537482837529,0.0291666666667,-0.000997628587783,0.0044487165268,-0.00240384615385,-0.0046511627907,0,0.00428134556575,0.00668401449054,0.00300751879699,0.0630307818187,-0.0194593893823,0.0619551973006,0.00456621004566,0.0335249042146,-0.0161290322581,-0.0312727272727,-0.00491702519975,0.0260895595708,0.0487787356322,0.0276512175962,0.0353313840156,0.0177543707243,-0.0072,-0.0151057401813,0.0136038802629,0.020062262193,-0.0532109748804,0.0205882352941,0.00945632407349,0.00277802082422,0.0054359686539,0.0215877813158,-0.0187090739008,0.0375733273929,-0.0221120853984,0.00302343159486,0.0066889632107,0.0638783269962,-0.0233337054817,0.0315315315315,-0.0427521008403,0,0.0252715161001,0.00931899641577,-0.0358138852194,0.00395979942755,0.044502617801,-0.0103484905596,0.00930845025655,0.012746883317,-0.0124514507654,0.0284577669988,-0.0190702192276,0.01332741004,0.0112284717147
-0.0161343851319,0.00339750849377,0.0133333333333,0.0122026041312,0.00696354670037,-0.0517560073937,-0.0356334841629,-0.0236202148703,-0.0152744630072,0.0117424242424,-0.0128464601595,-0.019397993311,0.0333761232349,-0.0164291918464,-0.00218928508518,-0.0211338785261,0.0405002977963,0.0147257332188,-0.0349290613549,0.0258453818714,-0.0200133422282,-0.0112888052681,-0.0519872616734,-0.0137457044674,0.0231213872832,0.0687554395126,0.00667259786477,-0.0437275238443,-0.00607287449393,-0.00958516141707,-0.0236295823723,-0.00963855421687,0.0280373831776,-0.0541362163033,0.00669914738124,-0.0245818550431,0.0353913952115,0.0140669373889,-0.0330750720575,0.0194174757282,-0.0318181818182,-0.0064874884152,0.0258843830889,0.00225225225225,0.0160592958616,-0.080123577771,0.0116275087335,0.0210976914845,-0.00913450223582,-0.0133902373966,-0.0193392425463,-0.040490797546,0.00421893139281,0.0155985079688,0.0272617802081,0.0237752161383,0.0306128787785,-0.0265253146609,-0.0299631010872,0.0449046436684,-0.0171591992374,0.0600801545838,0.0216224321487,0.0561416729465,-0.0365448504983,-0.11222301644,0.0401806127115,-0.0489082969432,-0.00799224551008,-0.038072537525,0.0126221725775,0.0255681818182,0.0371441619729,0.0557115603095,0.0526315789474,-0.0469859076902,0.0553176174195,0.0439834024896,0.0351262772315,0.00564942996743,-0.00566558034595,-0.0251838862098,-0.019595313329
-0.0163859985988,-0.00225733634312,0.0368421052632,-0.0138065732759,-0.00155042575183,-0.00389863547758,-0.0217008797654,0.00460792881544,0.00824042656326,0.0284537626357,0.0149640211147,0.012278308322,0.0136645962733,0.0240126263575,0.010239079996,0.00999718389186,0.0160274756726,0.0226548957955,-0.0274796154314,0.0317920503756,0.0115724982982,0.00380589914367,0.0438443416805,-0.0113240418118,-0.00403551251009,-0.00244299674267,0.00751215201061,-0.0211648862728,-0.0234215885947,0.00952089721233,-0.0398331280943,0.0243309002433,-0.00909090909091,0.0291601038696,0.0114942528736,-0.0232787737075,-0.0976305397104,0.301986546968,0.0416176687761,0,-0.0093896713615,0.0223880597015,0.0100925147183,0.0119850187266,-0.0218844984802,-0.00586321867122,0.0199238256454,-0.0131756250936,0.0448911123317,-0.0285497999351,0.00821692686935,0.0358056265985,0.00352450234027,0.00300500834725,0.0450632230293,0.00562983814215,0.0169734669029,0.00566921370471,-0.00557358041517,-0.00631983416755,0.0320077594568,0.0266666666667,0.0548640873598,-0.0244381020335,-0.0137931034483,0.0128824476651,0.0333534809605,0,0.00391770063236,0.019220466113,0.000625080433144,-0.0692520775623,-0.019521503009,0.0239898477157,0.0047619047619,-0.00548612120331,0.0430137780506,-0.0302066772655,0.0709416672875,0.0218971945274,-0.000819382815651,0.0162902258645,-0.00532896850204
0.0063180109477,0.00678733031674,0,-0.0402239978147,0.0130635182766,-0.0166340508806,0.00599520383693,-0.0108936338474,-0.0817307692308,0.0361303239898,-0.0115428758813,-0.0141509433962,0.00245098039216,0.00560550458716,0.0354818846007,0.0114782285422,0.0174647887324,0.0141905475186,0.0130893983382,0,0.0127860026918,0.0104265402844,0.00840055167802,-0.0114537444934,0.030794165316,0.0261224489796,-0.0315789473684,0.0268193544795,-0.0302398331595,0.0104626317039,0.002093911951,0.0332541567696,0.0206422018349,-0.016793514229,0.0137559808612,-0.00101079959568,-0.0108436664235,0.0735953362147,0.0306526990128,-0.00380952380952,0.0118483412322,-0.0456204379562,0.022481265612,0.0185048112509,0.0192666252331,0.000842542679286,0.0293019318861,0.00189652556516,0.038842399875,0.0070132472448,-0.0040749796251,-0.0277777777778,-0.0105082745638,0.0279627163782,0.0446463049115,0.0454863540938,0.00714785268074,-0.0152406417112,-0.00916408415411,0.00127200569859,0,0.0267795495644,0.0638653123696,0,-0.030303030303,-0.0413354531002,0.0696054450707,-0.00918273645546,0.00627140587841,0.0210920559827,0.0336597644551,0.00297619047619,0,-0.00728711222153,0.00118483412322,0.0192890804808,0.0998667571301,-0.0588797814208,-0.00584337663693,0.0164754436649,0.0537955918903,0.00496607336021,-0.00286368612821
0.0102760374341,0.00898876404494,0.0228426395939,0.0200654617902,0.0189289798302,0.0199004975124,0.0250297973778,0.0318815087249,-0.020942408377,0.0283267457181,0.00973360315828,0.0082023239918,0.00122249388753,0.0329437738913,0.00279657339398,0.0159652669301,-0.00609080841639,0.0192195576975,0.0170129367491,0.0116288757712,0.0232558139535,0.00562851782364,0.0145888594164,0.0106951871658,0.00471698113208,-0.00079554494829,0.0054347826087,0.0210577687803,-0.010752688172,0.0148103737432,0.0209606644727,0.00689655172414,-0.0134831460674,0.0186790071519,0.0247787610619,-0.0149110661412,0.0175007373906,-0.00301464254953,0.0270841028646,0.0114722753346,-0.0234192037471,0.0105162523901,0.00325732899023,-0.00654069767442,0.00609756097561,0.0286141624166,0.0116821864796,0.00764745968047,0.0169992204702,0.0333296484634,0.0310965630115,0.0190476190476,0.0445807422552,0.0459844559585,0.0154723557058,0.0187416331995,-0.0023657078292,0.00228527468549,0.00205415114011,0.0101631180446,0.0338345864662,-0.0102787428553,0.0188595343971,0.0177363320534,-0.0108173076923,-0.0215588723051,0.00283370618941,0.0333642261353,0.0484533260334,0.0173745173745,0.026537976146,0.013353115727,0.0199101796407,0.0120545701502,-0.00236686390533,-0.00878104727429,0.00176142697882,0.0164029612426,0.0476690282516,0.0216166176733,0.0262908999485,0.00440334654337,0.0243447152549
-0.00621448402917,-0.000556792873051,0.010752688172,0.00892857142857,-0.00967071802097,-0.00878048780488,0.0046511627907,-0.00224701689137,0.0101604278075,0.00209267563528,0.0109145628261,0.00745762711864,-0.00854700854701,0.00392149935525,-0.00488035516805,0.00660230176137,0.00947075208914,0.00514805422617,0.0254163866465,0.00689547254268,0.0136363636364,0.0205223880597,0.0113153594771,0.010582010582,0.00704225352113,0,0.0126126126126,0.00741737329392,0.00217391304348,0.00637898686679,-0.00564104532023,0.00913242009132,0.00227790432802,0.00681423969604,0.00460564191134,-0.00302735430857,0.016136824814,0.00693022819044,0.00672144687205,0.0341123904451,0.00959232613909,0.0085146641438,0.00568181818182,0.00365764447696,0,0.00818415135118,0.0100969047847,0,-0.00166747350869,0.00941428189355,-0.00238095238095,-0.000623052959502,-0.00880745915677,-0.0160990712074,0.00291211648466,-0.0131406044678,0.00415275532957,-0.00571144772784,0.0133400634554,0.0176065194426,-0.0163636363636,0.00638982804083,0.000847218299915,-0.00736615163493,0.00607533414338,0.00593220338983,0.0235474915725,0.00538116591928,0.0135596170583,0.00955091714105,0.0205707161657,0.0322108345534,0.00977542932629,0.00207233433661,0.00593119810202,0.0293245588661,0.0134508520851,0.00328477577835,0.00873267657372,0.026993513926,0.0128203632631,0.00601587997467,0.00739944819009
0.00342041018812,0.00278551532033,0.0114566284779,0.0159015486726,0.00525630515504,0.00393700787402,-0.0260416666667,0.00168905801041,0.0227633668608,0.00848107739516,-0.0095291953485,-0.00471063257066,0.0147783251232,-0.00977425087537,-0.00280245133962,-0.00251577977942,0.0353200883002,0.0298765104236,-0.0287029579444,0.0102754432243,-0.0326713645099,0.105118829982,0.00504907702872,-0.0200698080279,-0.004662004662,0.0230891719745,0.0133451957295,-0.0319287270683,0.0140997830803,-0.000309391213289,-0.0413064731913,-0.0203619909502,0.0681818181818,0.0249805160179,-0.0200573065903,0.0414814011495,0.0010460251046,0.00471891670086,0.0102710786234,0.0402991275447,0.0118764845606,-0.0225140712946,-0.00322841000807,0.00510204081633,-0.0284848484848,-0.00892948621959,-0.00999597636311,-0.0188608355876,-0.020083512931,0.0918870224153,0.00954653937947,0.0112219451372,-0.00957134629625,0.00786658275645,-0.0463203014276,-0.00332889480692,0.027163249721,0.0368268095541,-0.0161937969524,-0.0111226457067,-0.000924214417745,0.00794059023983,-0.0470962446132,-0.0349321266968,0.0410628019324,-0.078348778433,-0.0367607884923,-0.014272970562,0.0196379810747,0.0476160641564,-0.0558364438412,-0.00496453900709,0.0870980870981,-0.0222265990448,0.061320754717,0.0211824217515,0.00865300146413,0.0905338078292,-0.0234883220499,-0.0231881365902,0.0334822971136,0.0217649195013,-0.0201677651756
-0.00170437543097,0.025,-0.0226537216828,-0.0278344902681,-0.00894656049122,0.0117647058824,0.0196078431373,0.0123655392964,-0.018115942029,-0.0183408697122,-0.0185986074014,0.00878972278567,0.0315533980583,-0.00394473812803,0.0112413085788,0.020199518094,-0.0405117270789,-0.0198924335077,0.0678335379287,-0.0113003612958,0.00927152317881,0.025641025641,-0.0100876135359,0.0151380231523,0.00936768149883,-0.0365758754864,-0.0237050043898,0.0862935869743,0.0406417112299,0.0407094393525,0.0317745722912,-0.00461893764434,-0.0170212765957,-0.0162477989435,0.0304093567251,0.00197844535846,-0.0232259903106,-0.00813113780237,0.0650748903835,-0.0210862619808,0.0845070422535,-0.0115163147793,0.00242914979757,0.00797679477883,0.0155957579538,0.0311252485089,0.0180341716872,-0.0134793597304,0.0290313268911,0.0195098277117,-0.000788022064618,0.0160295930949,0.00966384227723,-0.000936621916953,0.0166914349922,0.0240480961924,0.035652601599,0.00332851574476,0.0344603112278,-0.0387422515497,0.00925069380204,0.0149586961375,0.0405943792398,0.0468867216804,-0.0359628770302,-0.0292504570384,0.0495776347546,0.0325791855204,0.0458882479262,0.00400693738413,0.0493809412568,0.032074126871,0.0178103439054,-0.00159133027153,0.00555555555556,0.0194358445132,0.0600659012063,-0.0415089413915,0.00569549445706,0.0316461713996,0.00143766229424,0.00213249928917,0.0400944744163
-0.0141926234849,0.00108401084011,-0.0198675496689,-0.00721036051803,-0.0105520462741,0.00581395348837,-0.0862470862471,0.0205489505357,-0.0189773326305,0.00637134616213,0.00653323793156,-0.0335120643432,-0.0329411764706,-0.0336987449938,-0.0423890561487,0.00545205721349,-0.00444444444444,-0.0202773810419,0.0628925550624,0.00514256702534,-0.0216535433071,0.00806451612903,-0.0316268117413,-0.0359649122807,-0.0371229698376,0.0016155088853,-0.0107913669065,0.0163422173949,-0.0226104830421,-0.0151511685539,-0.0281820191695,-0.0394431554524,-0.0151515151515,-0.0206451875356,0.016458569807,-0.00779423226812,0.0216387065402,-0.00774860094705,0.0281624999141,-0.0108518276762,0.012987012987,0.0233009708738,-0.0129240710824,0.0302158273381,-0.0036855036855,-0.00556052566634,-0.00850900608233,-0.00784100613306,-0.0210256341753,-0.0299424001523,-0.0402208201893,-0.0266990291262,-0.0122864273373,-0.021875,0.0500008912815,-0.030658838878,-0.00110443541262,-0.00774804661923,-0.000998871275459,0.0156014353321,0.00549954170486,0.0046665828672,0.0169701986755,0.0157649587961,-0.0276774969916,0.156308851224,0.0363610232826,0.0368098159509,-0.0325136480023,-0.0170955444365,0.0133739746905,-0.00414364640884,-0.0145822385707,-0.00529607585998,-0.00773480662983,-0.0152522355323,0.00701776006792,0.0216532752281,0.0295803135008,-0.00204297937052,-0.0158138396136,-0.0324159455242,0.0219580110384
0.01209661427,-0.00378992961559,-0.00760135135135,-0.0107883232266,0.0647212777927,0.00770712909441,0.0376275510204,0.00870440660584,0.0693175711983,0.0530863669419,0.0240233855966,0.00346740638003,0.0121654501217,0.033849334921,0.010157364089,0.017255384075,0.0267857142857,0.00429670266434,-0.0236727501934,0.00113649324622,0.0107310529846,-0.0088,0.0158058024484,0.0509554140127,-0.00963855421687,0.0241935483871,0.0272727272727,0.00690528254114,0.0325972660358,-0.0191083788848,0.0472660118299,-0.0507246376812,0.010989010989,0.0168643170159,-0.00670016750419,0.020528934276,-0.0116611137554,-0.00520607375271,0.0199620978463,0.0509774808216,-0.00213675213675,-0.0151802656546,-0.00163666121113,0.00837988826816,-0.0314426633785,-0.0159760514336,-0.0157192483815,-0.00782472613459,-0.026566785378,0.0850917656296,0.012325390304,-0.00249376558603,-0.00760794113564,0.0172523961661,0.0220358549504,0.00807537012113,-0.0205652116227,-0.0111519257418,-0.00596922400088,0.0115213272569,0.0319051959891,-0.010822476971,0.0141687016687,-0.00705467372134,-0.00247524752475,-0.000814332247557,0.00526972680627,0.0312764158918,-0.00603382269716,-0.00509060056966,-0.0281016594005,0.0124826629681,0.0147980269297,-0.0181025302977,-0.0100222717149,0.059418154405,0.0343003610206,-0.00599840042655,0.0158958827863,-0.00614148503879,0.008028313941,-0.00109962612712,0.00648725432088
0.0221929045405,0.0570652173913,0.0272340425532,0.0163946111626,0.0243286085139,0.0401529636711,-0.00676090964966,0.0453037920539,0.0477386934673,0.0246567552198,0.0190221622463,0.0366275051831,0.0132211538462,0.0411696428571,0.0330468666155,0.0140276668753,0.0445652173913,0.019768130336,0.0133302031444,0.00397524524863,0.00398142003981,0.0363196125908,0.0601758223616,-0.00692640692641,0.0129764801298,0.0133858267717,0.0336283185841,0.0365266234508,0.020366598778,0.0447628068514,0.0153850085614,0.0865139949109,0.0347826086957,0.043013827332,0.0207982012366,0.0248883871299,0.041801107633,-0.011357818692,0.0304968177898,-0.00345341809905,0.0192719486081,0.0529865125241,0.0213114754098,-0.00554016620499,0.0210057288351,0.0608749793116,0.0275930664399,0.0336750788644,0.0162601626016,0.035229739508,0.0422077922078,-0.01625,0.00906521921603,0.010364321608,0.0639845852297,0.0260347129506,0.0079359703784,0.0484918587063,0.0100185080872,0.0379669940265,0.023851590106,0.00469572641465,0.0822443502471,0.0056838365897,0.0260545905707,-0.0350448247759,0.0663539798593,0.0409836065574,0.0250939873232,0.012304318694,0.0407024254542,-0.0150684931507,-0.00583289542827,0.0265750877918,0.0236220472441,0.0116117346444,0.0253865166176,0,0.0318905504705,0.0175161455187,0.0231864224259,0.00550418317922,0.00284131145097
0.00500926458373,0.0185089974293,0.043082021541,0.0054000981836,0.0167533865614,0.0119485294118,0.0210396039604,-0.0299254532407,-0.000959232613909,-0.00245787908821,0.0174255736369,-0.00933333333333,0.00474495848161,-0.0271586728525,0.00695254686976,0.0195798837976,-0.0135275754422,0.0210705723704,0.00897744056066,0.036764229092,0.0145406477198,-0.107476635514,0.0293533694087,0.027027027027,0.00480384307446,0.013986013986,0.0102739726027,-0.00220541902962,0.0219560878244,0.0286413671701,0.026264126249,-0.0187353629977,-0.0147058823529,-0.0159006794995,0.0297356828194,0,0.0103083252438,0.00352896049099,-0.0167845028317,0,0.0441176470588,0.0137236962489,-0.0369181380417,0.0292479108635,-0.0174563591022,0.00612152414065,0.0332139037851,0.0325780117494,0.0148551724138,0.0515923288629,0.00155763239875,-0.0412960609911,-0.0145293220574,-0.0189617656201,-0.00980422768289,0.0435914118412,0.0185805324403,0.0370841819416,0.0401545631996,0.0182891143192,0.0112165660052,0.0100871809398,0.00607212385279,-0.0284351819145,0.0350665054414,0.0202702702703,-0.00737386804657,0.0433070866142,0.0187048714346,-0.00300860460918,0.0277833466987,0.0111265646732,0.0264020297056,0.010030887487,0.032967032967,0.0222854584985,-0.0257708827489,0.0152876491887,-0.0169126259077,0.0157077625571,0.00850746595917,-0.0065688635866,0.0786214517646
-0.00664996757664,-0.0237253912166,0.0285941223193,0.00174386160714,-0.0267784272637,0.0145322434151,0.0248484848485,0.0537252480544,0.0379260681709,-0.00147041290784,0.0183536184725,0.0154777927322,-0.0106257378985,-0.0137072035542,-0.0255468080378,-0.036529108481,-0.0105485232068,0.010712254893,0.0426796016188,-0.00490971173034,0.013680781759,0.0139616055846,-0.0361559698952,0.000848896434635,-0.0286852589641,0.00689655172414,-0.0237288135593,0.0684401641932,-0.0126953125,-0.00409836065574,-0.013292621614,0.00715990453461,0.0127931769723,0.0777435081086,-0.0486631016043,-0.0177248147406,-0.0142752562225,-0.010568763856,0.00629012134181,0.024257698669,-0.0342052313883,-0.0180505415162,-0.0191666666667,-0.00541271989175,-0.00380710659898,0.019773907008,-0.042405790094,0.0185458844392,-0.03040352284,-0.0386340977069,0.0194401244168,0.0278330019881,0.025941869953,-0.0136248415716,-0.0297039069151,-0.0274314214464,0.0060915268401,-0.0285164880124,-0.00857875990962,-0.00598687676613,0.00511945392491,-0.037686759001,-0.0339783460032,-0.0218142155972,0.017523364486,0.0389072847682,-0.059385724836,0.000754716981132,-0.00718420757228,0.0447824250106,-0.0468798257449,-0.019257221458,-0.00285809923527,-0.0455025400936,0.0127659574468,-0.00472273480749,-0.0446074883201,-0.0060758156122,-0.0172035836828,-0.00248756218905,-0.0393303619959,0.0225552861656,0.0138412238991
-0.0317828068199,-0.0124095139607,-0.0401544401544,-0.0284799108697,-0.0197638312822,0.00626678603402,0.0159668835009,-0.014643683896,-0.0518038852914,-0.033073310515,-0.0150180043997,-0.0185553346587,-0.00477326968974,-0.0114220343376,-0.0163049232398,-0.0189570379357,0.00852878464819,-0.0775485018421,0.0432035895177,-0.0224776922065,-0.0102827763496,-0.00172117039587,-0.0118108691387,0.0161153519932,0.00164068908942,-0.013698630137,-0.0164930555556,0.069553010713,0.0128585558853,-0.0227074944319,-0.047884173243,0.0236966824645,-0.00631578947368,-0.00797607178465,-0.0134907251265,-0.0104495871139,-0.0227441515039,-0.0409109346932,-0.00982269047925,0.00338331410996,-0.0333333333333,-0.0165441176471,-0.00934579439252,-0.0462585034014,-0.0184713375796,-0.0328074202261,-0.0178539025333,0.0327892636924,0.00116344266891,0.0098090052718,-0.0266971777269,0.0186976144423,0.0369141321339,-0.0395117250241,0.0584966364434,-0.0564102564103,-0.00825136612022,0.0677826910929,-0.0274075790938,-0.00481834827021,-0.0305602716469,-0.00799766869576,0.0531536902349,-0.00761940159822,0.0287026406429,0.133067729084,0.051727323111,0.0437405731523,-0.000823763143868,0.00392813817804,0.0243028907649,-0.0210378681627,-0.0372617879461,0,0.0168067226891,-0.00355100245113,0.00597144451102,0.117873754153,0.0500897056684,-0.0194994441607,-0.0117005386321,-0.0129089428558,0.0194140551098
-0.0149786491453,0.0104712041885,0.0241351568785,0.0422161697248,0.0107979375246,0.0142348754448,0.0168800931315,0.0276677049171,0.0580487804878,0.0291006379914,0.007317803536,-0.00607697501688,-0.015587529976,0.0120512426431,-0.0028812001689,0.00397508943951,0.0628964059197,0.00265601636893,0.00872089187941,0.00448679179317,-0.0181818181818,0.0172413793103,-0.00198538754765,0.0417362270451,0,0.045524691358,0.017652250662,-0.0347738387997,-0.0400390625,-0.00383352827982,0.0141492194434,0.0486111111111,-0.00423728813559,0.0382467895031,0.00512820512821,0.00381187863803,-0.00845445046072,-0.0779207701448,0.00270549078381,0.0135642577975,0.0409482758621,-0.00280373831776,0.0111492281304,-0.00784593437946,0.00908500973394,0.0184985551513,0.0174474648159,-0.0106061670296,0.0324825336376,-0.0322649664085,-0.00313479623824,0.029746835443,-0.0158163400249,0.0123745819398,-0.0032083755488,0.0618206521739,-0.0138409829743,0.0694551263089,0.00544136629928,-0.00968335431393,0.0105078809107,-0.00644645363449,-0.0222579476497,-0.0119850187266,-0.0357142857143,-0.0133614627286,0.0100122958019,-0.0195086705202,0.00271580989331,0.0096668392888,0.000566100566101,0.041547277937,0.0208405975914,-0.00383001815867,0.00413223140496,0.0273423949037,-0.0075517944926,0.0350689491203,-0.0160848417683,0.0214040571183,0.0288534200463,0.0196287759311,0.0565851121523
-0.00116765984861,-0.0388601036269,-0.00785545954438,-0.0246888109484,-0.00640497758258,-0.0149122807018,-0.0246136233543,-0.0199385800064,0.005071461503,-0.00595952323814,-0.0187654443323,0.0292119565217,-0.0158343483557,0.00248338454942,0.0137335492174,-0.0335664950948,-0.00248632521134,-0.00176598708867,-0.0334963900806,-0.0413169412461,0.00859788359788,-0.00593220338983,0.0459934749741,-0.0224358974359,0.028665028665,0.0110701107011,-0.021682567216,-0.013998425535,0.0223804679552,-0.0245138515382,-0.00826297364086,-0.0309050772627,0.00851063829787,-0.0313704400825,-0.0136054421769,-0.0150356648022,-0.0148974899406,-0.0402542372881,-0.0296757857322,-0.00340238923333,0.0662525879917,0.0037488284911,-0.00424088210348,-0.00862688713156,-0.00385852090032,-0.0590449029394,-0.0200142112743,-0.0107198636944,-0.048316450375,0,-0.0141509433962,0.00307314074985,-0.0113944801268,-0.00528576148001,-0.0374077895677,-0.0108765195138,0.0780878096749,-0.0289686710553,-0.0127792371961,0.0146670577882,0.0311958405546,-0.0267579953679,-0.0106296750886,0.0214177407127,0.0138888888889,-0.00285103349964,0.00495652173913,-0.0221075902727,-0.00943928548398,0.00290647974013,-0.01243052551,0.0715268225585,-0.0145822385707,-0.024210360903,0.0144032921811,-0.030083497053,-0.0511124141975,-0.0260709773745,-0.0350421600989,-0.03195079877,-0.00359456030626,0.0213925375976,0.0375960015398
-0.0146464035689,-0.00485175202156,-0.0245447347585,0.00902552531378,-0.0186481259785,0.00979519145147,0.00352112676056,-0.0122123748948,-0.0192660550459,-0.0449040357301,0.0055479465024,-0.0145214521452,-0.019801980198,0,-0.00998451948988,-0.00254916241806,-0.0428713858425,-0.0353625695359,0.00558901143514,-0.01980340566,-0.00786885245902,-0.00255754475703,-0.0191327500951,0.00819672131148,0.00477707006369,-0.0540145985401,0.0239361702128,0.0202941048384,0.052736318408,0.0033470268927,-0.0359358372051,-0.0569476082005,0.00210970464135,-0.00470065698159,0.0103448275862,-0.00797124101282,-0.0357403355215,-0.0167724903848,0.0194627515921,0.0100902814657,0.00582524271845,0.0112044817927,0.0247018739353,-0.0181290790428,0.00968366688186,0.0297697162855,-0.0328217522659,-0.016218155723,-0.0413223140496,-0.118903382711,0.011961722488,0.00428921568627,0.00543670318319,-0.0298904018598,0.0462210418533,-0.012936610608,-0.0119924956207,0.0211735662742,-0.0159357368653,-0.00722752240532,-0.018487394958,0.0183291139241,0.014582650625,-0.00315457413249,-0.0856164383562,-0.0564689063617,0.0163969888379,-0.0143180105501,-0.0280017902917,-0.0287532674168,-0.0102953814009,-0.01540436457,-0.0710038661512,0.0203018981362,-0.00202839756592,0.0196860362071,0,0.0857311320755,-0.00726294116693,-0.00463314480514,0.0144301111297,0.00838711180486,0.00604352105552
0.00357284095403,0.0124593716143,-0.00324675324675,0.0250873515024,0.00365973818796,-0.0282186948854,-0.0292397660819,-0.0144170163405,-0.00280636108513,-0.00627712010785,0.0355833689021,0.0154052243804,0.040404040404,0.0217782609471,0.0122445602714,0.0148320554947,0.04375,0.0100868076782,-0.0489180169026,0.000596036358218,-0.00132187706543,-0.0111111111111,-0.0204754333579,-0.00731707317073,0.00396196513471,-0.0223765432099,-0.012987012987,-0.0596855659102,-0.0103969754253,-0.0148681908949,0.0237598438447,0.0193236714976,-0.00842105263158,0.0339711050371,0.0147895335609,-0.00997846751746,0.0112455874937,0.0106703083048,0.00272544321158,-0.0132942767012,-0.003861003861,-0.0203139427516,-0.0232751454697,0.0192023633678,0.0434782608696,-0.0195331760565,-0.0120615405119,-0.00547085856007,-0.0160077288942,0.0744253738834,0.016548463357,-0.00183038438072,0.00538026874307,0.0020540910647,-0.00191151958161,-0.0445609436435,-0.0210973562736,-0.0150813575081,0.00505230199957,0.00849349640846,0.00342465753425,0.0196400159109,0.00604452647364,-0.0134028294862,-0.0287141073658,-0.0151515151515,0.00404375771506,-0.0366972477064,0.0332540772245,0.00789843201498,-0.0288749659493,0.0104302477184,-0.0127432409161,0.0232019782186,0.0162601626016,0.00760444472034,-0.0303752926294,-0.0246551536874,-0.0121989058545,-0.00778379724765,0.0120889162914,-0.0067694013816,-0.0334618674765
-0.0112510700746,-0.00963081861958,-0.021986970684,-0.0192242143295,-0.030573605722,0.0154264972777,-0.00963855421687,0.00104485050831,-0.0239212007505,-0.0094539596405,0.00296390580962,-0.00065963060686,0.00485436893204,0.00388083651649,-0.00426644871271,-0.0126141116158,0,-0.00635477818798,-0.00584381588443,-0.0124710137219,-0.0112508272667,0.0397579948142,-0.0328199849559,-0.011466011466,-0.00552486187845,-0.00947119179163,-0.0140350877193,0.0148131336057,0.00859598853868,-0.0163496515584,0.00950690335306,-0.021327014218,-0.0509554140127,-0.02555387714,-0.0145739910314,-0.00710837621346,0.0321647633771,-0.0400778655674,0.0108808391554,-0.00669863743625,-0.0174418604651,-0.0565504241282,-0.0255319148936,-0.0173913043478,-0.0269607843137,0.00557825023984,-0.0137433285836,-0.0331524130849,0.0112683715239,-0.0152739502079,-0.00387596899225,0.00427872860636,0.0120744366159,-0.0321147933037,-0.0301526015812,-0.0219478737997,0.0172437814144,0.0028698738766,-0.013088157948,-0.0360941335002,-0.00938566552901,0.0216673981242,-0.00527438255326,-0.0166037735849,-0.0025706940874,-0.00307692307692,-0.00241648295744,-0.0134920634921,0.00690348091009,-0.00197364602078,-0.00178821879383,0.0193548387097,0.0129077271934,-0.0102632661456,-0.068,-0.00927209438438,-0.0100473876792,0.0531180400891,0.0222192831636,0.00313794401908,0.0105412020669,0.00158176320074,-0.0405259037407
0.00538720538721,0.0340356564019,0.0291423813489,0.00708973378745,0.0338043111347,0.000893655049151,0.0036496350365,0.0208751987043,0.0480538202787,0.0180612026535,0.0141774538598,0.0448844884488,-0.0144927536232,0.0173745341453,0.0178530387103,0.0240247762622,0.0349301397206,0.0136841677833,0.0117634500427,0.00420950132274,0.0368139223561,0.0166251039069,0.00102333196889,0.026512013256,0.0119047619048,0.0199203187251,0.00889679715302,-0.00417480505151,0.0255681818182,0.0375399361022,0.018821721178,-0.0121065375303,0.0268456375839,0.00280510085445,0.0574516496018,0.0305604530641,0.0107739878249,0.010974591435,0.0233192441304,-0.0337956931566,0.0118343195266,0.0649350649351,-0.00436681222707,0.00589970501475,0.0113350125945,0.00633977826164,0.0317338189155,0.0114550144136,0.0148471224365,0.112038706005,-0.0178988326848,-0.00791235544735,0.0192108409725,0.0112954465231,-0.0125750394945,0.0448807854137,-0.00211761731178,0.0295767753596,0.00306434091049,0.0249638024864,0.0241171403962,0.00785948388329,-0.00451852364156,0.0184190330008,0.0193298969072,0.0123456790123,-0.00807445497429,0.0160901045857,-0.0145733414878,0.0157040656081,0.0375496153711,0.0126582278481,0.0414155329774,0.0196379958854,-0.024678111588,-0.0152664635284,0.0185112248917,0.0120545627577,-0.00483568378833,-0.00780467967968,0.0159967274528,0.0104277950671,0.0403449414812
-0.0136965703897,-0.0208986415883,0.00809061488673,-0.0317482227897,-0.0472058960724,-0.0660714285714,-0.0381818181818,-0.042941504833,0.0417239798258,-0.0365325598016,-0.022130854487,-0.0265319014529,-0.0269607843137,-0.0237210851244,-0.00350797964565,-0.00998487813556,-0.0443587270974,-0.0107955455856,-0.0575285040057,-0.0359289658516,-0.010329244674,-0.0106295993459,-0.0370067470865,-0.046811945117,0.00705882352941,-0.0375,-0.0299823633157,-0.0886223779365,-0.0332409972299,-0.0336720554273,-0.0400291493007,-0.0539215686275,-0.0435729847495,-0.0158633762123,-0.0199031737493,-0.0167971382653,-0.00640504755987,-0.021191740413,-0.0473287705786,-0.0524270304569,-0.0194931773879,-0.0196998123827,-0.0350877192982,0.0366568914956,-0.0267745952677,-0.063778221213,-0.0285039565812,-0.0489762244056,-0.0329246574334,-0.0396689984644,-0.000792393026941,-0.0699386503067,-0.0227592679493,-0.0369982547993,-0.0435332138743,-0.0456375838926,-0.0249480029984,-0.0176093038565,-0.0325523893209,-0.0207024209655,-0.0302775441548,-0.0202689903391,-0.0448113753734,-0.0438960060286,0.00884955752212,-0.0922256097561,-0.0772032046613,-0.0934283452098,-0.0182758029349,-0.0782797915593,-0.0293012390819,-0.0375,-0.0458867300537,-0.00801981005177,-0.00660066006601,-0.0440466041489,-0.0205172824082,-0.059345940863,-0.010920969236,-0.0251903463279,-0.0705022250477,-0.0196290252143,-0.0224747029047
0.00361721294436,0.0485592315902,-0.0176565008026,0.00363532682301,0.0114315088613,0.0305927342256,0.0245746691871,0.0213658159224,-0.0074823943662,-0.00104721179859,0.024417145016,0.0149253731343,0.0100755667506,-0.0097172294963,0.0415479735854,0.0060423639345,-0.0252270433905,0.0136467634494,0.0277475110826,0.00310640551498,0.000652315720809,-0.104958677686,0.0170700636943,-0.00423370025402,-0.0241433021807,-0.0186688311688,0.0318181818182,0.0367504517825,-0.0105062082139,-0.0417523062951,0.011226976707,0.0440414507772,-0.0113895216401,0.00663836789648,0.0268935236004,-0.00200369100975,0.00644633665272,0.0338741953372,0.00828074665725,0.0479618314221,0,0.00382775119617,-0.00363636363636,0.004243281471,-0.0236724248241,0.00168225062268,0.0301164228752,0.00197160883281,0.0296319970779,0.0290485919872,0.00793021411578,-0.00857519788918,0.0272642390289,0.000362450163103,0.0112071993711,-0.0126582278481,-0.000541395066808,0.00848782666964,0.00840664505159,0.00621766812575,0.00346921075455,0.0103441608662,-0.000800077583281,-0.00630541871921,0.015037593985,0.0579345088161,0.0431310645805,0.035807860262,-0.0358845107678,0.00105616302187,0.0118406138286,0.0428571428571,0.00320623916811,0.019959936309,-0.0110741971207,0.026159334126,-0.0137647764458,-0.0176607797401,-0.0159543878674,0.0177719562089,0.00736383740282,-0.00579091740323,0.0362745338947
0.00541316836058,-0.00458015267176,0.0718954248366,-0.00909090909091,-0.0384326823011,-0.00927643784787,-0.0473554735547,-0.0177810371671,0.0115299334812,-0.0303572988556,-0.0156977747111,-0.0102301790281,-0.00374064837905,-0.0245358675876,0.01081568274,0.0315709565062,-0.0269151138716,-0.0350358548229,-0.0515931799698,-0.0253865436234,-0.0430247718383,0.00923361034164,-0.0209585838343,-0.0365646258503,-0.0167597765363,-0.025641025641,-0.0484581497797,-0.05612689559,-0.0144787644788,-0.019237643929,-0.00633478203609,-0.0496277915633,-0.0391705069124,-0.0358151285481,0.00213789417424,-0.0462830876526,-0.0553510826442,-0.00860500909473,-0.043796898285,-0.0105431309904,-0.037773359841,0.0247855100095,-0.10401459854,-0.0521126760563,-0.0314547837484,-0.0251913811236,-0.00450420613367,-0.00590318772137,0.00183288250336,-0.0596512430939,-0.000786782061369,-0.0439121756487,-0.0258913963695,-0.0289855072464,-0.0637023803616,-0.037037037037,-0.0746229849194,-0.0514396456257,-0.0458825131175,-0.03336793712,-0.0259291270527,-0.000781424425095,-0.0532841579113,-0.0590918104303,-0.041975308642,-0.0047619047619,-0.0329357308172,-0.0556492411467,-0.00565980760105,-0.0355613479799,-0.00642837446574,-0.0547945205479,-0.0351271198641,0.0248469099992,-0.0425531914894,-0.0655336680829,-0.0157813702848,-0.107982813207,-0.0398897979629,-0.00158886523245,-0.0263205540216,-0.0249021364901,-0.0574367444229
0.0287331062521,0.0316973415133,0.0251524390244,0.014693233945,0.0250685862425,0.0215355805243,0.0484183344093,0.0159731699704,0.020604997808,0.044686697599,0.000592238055525,0.0180878552972,0.00625782227785,0.0834993299772,-0.00468123049487,0,0.0223404255319,0.0316711171831,0.0619874891851,0.0406604361938,0.0347411444142,0.0448307410796,0.0310874200426,0.00264783759929,0.0113636363636,0.03480475382,-0.0277777777778,0.0430286241921,0.0107737512243,0.0256079884039,0.0329759175072,0.0600522193211,0.0359712230216,0.0371454993835,0.000533333333333,0.0337377430613,-0.00222638263422,0.000541010984875,0.00190864589126,-0.0106554730384,-0.0309917355372,0.00093023255814,0.0855397148676,-0.0178306092125,-0.0236806495264,0.0465079325254,0.00603000864994,0.0338083927158,0,0.103782245479,0.0196850393701,0.0299234516354,0.0039989336177,0.0402985074627,0.026624500901,0.0229289940828,-0.0111805750679,0.0138151110073,0.0120304713398,0.0204561726501,0.0150842945874,0.0259986912875,0.0277315016531,0.00337197049526,-0.00257731958763,0.097288676236,0.0209867452135,0.0410714285714,0.0119827503926,0.0260617760618,0.00529045463218,0.00658761528327,0.00331234520008,0.0061913419488,0.0666666666667,0.0181868283274,0.0024716464607,0.0719989859298,0.0227300394776,0.00953244851841,-0.00375380610371,0.0152116082225,0.00635060919252
0.0069826435247,0.0307234886026,-0.00297397769517,0.00720491629583,-0.00304466324551,-0.032080659945,0.00431034482759,-0.0314440783331,-0.00343642611684,-0.0267345090768,0.0123933998502,0.0215736040609,-0.0124378109453,0.0185683485702,0.0241958528015,0.00292195143067,-0.0114464099896,-0.0279901282128,-0.0506261580499,-0.00244307867282,0.00789993416722,-0.031523642732,-0.0249803548534,-0.00176056338028,-0.00802568218299,0.00574241181296,0.00952380952381,-0.0547579191347,0.0174418604651,0.0298201533986,0.0144090739957,0.0467980295567,0.00462962962963,0.00564719869223,0.00479744136461,0.0653269024652,0.0270804807546,-0.00757005830355,0.0095250495097,-0.0323922976501,-0.0106609808102,-0.0157992565056,-0.0253283302064,-0.0136157337368,0.038115038115,-0.0123389700476,0.04490852121,-0.0500114880907,0,0.00939826173743,0.0023166023166,0.0243243243243,0.029102496017,0.0455523672884,-0.0144211740006,-0.00433839479393,0.00761298113922,0.0204210889968,0.00431679645979,0.0375864488323,0.0104895104895,-0.00384220514575,0.00653382877378,0.0304557865995,-0.0116279069767,-0.0908430232558,-0.00171294626758,-0.0763293310463,-0.0456829289205,-0.00106616494199,0.0117157843882,-0.020942408377,0.0263815358991,0.00615324510426,-0.0460526315789,0.0108592692828,0.00122497386202,-0.0456426628828,0.00952251394368,-0.00315273420874,0.00376795025839,-0.00855189499512,0.0426477285449
0.00230698858438,0.00913461538462,0.00298284862043,0.0520373097693,0.0337413491614,0.030303030303,0.0312691600245,0.0313827438444,0.00215517241379,0.0263612600239,0.0116630076839,-0.00310559006211,0.088161209068,0.0091231294303,-0.0295284199732,0.0227464013639,0.0442105263158,0.0130047064652,0.00627273486684,0.0128526418954,-0.00979751796212,0.0180831826401,-0.0405090137858,0.0246913580247,0.00809061488673,0.00407830342577,0.0141509433962,0.0127030616763,0.0161904761905,0.0493739967897,0.00406020743739,0.0211764705882,0.0299539170507,0,0.0238726790451,0.0373761255596,0.0241939465758,0.0420002842659,0.0679242380018,0.0111307867442,0.00862068965517,0.0292728989613,0.0211742059673,0.0337423312883,0.00200267022697,0.0733323623653,0.0114566932249,-0.0384553369881,0.0464611888989,0.0269435174886,0.0184899845917,0.0158311345646,0.00900505728145,0.0418524871355,0.0789579368267,0.0922294843863,0.0108690543335,0.0171534974702,0.0301092919781,0.05317812983,0.0103806228374,0.0277643311107,0.0601075295458,0.0556461475744,0.00261437908497,0.0151878497202,0.0522441975978,0.0102135561746,0.0197031499883,0.0582621798091,0.0364458088173,0.0320855614973,0.00643310440755,0.0208998689511,-0.00689655172414,0.0397242394833,0.0485259852092,0.0309750960228,-0.0132057674168,0.0105318089093,0.027032052623,0.0275348390197,-0.0215764416697
0.000582033678585,-0.0052405907575,0.014126394052,-0.0562629158056,0.024468110452,0.0238970588235,-0.00594530321046,0.0188862423493,0.00860215053763,-0.0192523525857,-0.0265127167869,-0.00809968847352,-0.0138888888889,-0.00722764227642,-0.018927444795,0.0208478403072,-0.0070564516129,-0.0430778008722,0.00873161417887,-0.0241690207921,0.0435356200528,0.0266429840142,-0.0233421750663,0.0180722891566,0.0168539325843,0.00162469536962,0.0195348837209,0.0399683884853,0.00468603561387,-0.0154873348018,0.0131517617566,-0.00921658986175,-0.0246085011186,0,0.0284974093264,0.0165842304335,0.0107024056308,-0.00104576352104,0.000883506397476,0.114002168293,-0.0128205128205,0.00550458715596,-0.0235626767201,0.00519287833828,-0.0339773484344,0.0279455111533,0.00920703708629,0.0104804225706,0.0198516763951,-0.0726120271192,-0.00151285930408,0.0603896103896,-0.000639304436773,-0.00691471847218,0.0182868609713,0.00598404255319,0.0913994118262,-0.00186763808502,0.0156525203388,-0.0057326301307,-0.0154109589041,0.0247504444141,0.00995629513637,0.0140953852095,-0.0013037809648,0.0866141732283,0.0350169506072,0.0441176470588,-0.0119036080885,0.016018035121,0.0100539722241,-0.0103626943005,-0.0127839682128,0.02147040925,0.00925925925926,0.00972061284923,0.0281233742103,-0.0164643672635,0.0184692066093,0.0187471636699,-0.0204702847056,0.00523780573353,-0.0137035486246
0.00230033976283,0.036398467433,0.00293255131965,-0.0180829271738,-0.0043488372093,0.00179533213645,-0.01495215311,-0.00102978688146,-0.0157782515991,-0.0141725352113,-0.000593640774641,-0.0106783919598,0.00586854460094,-0.0263940185569,0.0447943230957,0.0157713057318,-0.0223350253807,-0.00479131175468,0.0284294948528,0.00185674038909,-0.0113780025284,0.00259515570934,0.00457179069346,-0.0228233305156,-0.0102604577743,-0.00973236009732,-0.0246350364964,0.0361687335284,0.0298507462687,-0.00682063591943,0.00649051911719,0,0.0045871559633,-0.00186567164179,0,0.0336290784201,-0.0275697591223,0.0272638310462,-0.00882726502964,0.0330139242402,-0.00649350649351,-0.0109489051095,0,-0.0169741697417,0.011724137931,-0.000755364555068,0.0140372362689,-0.0416528377033,0.0171841734178,-0.015183631094,-0.00151515151515,-0.00306184935701,-0.0101842374616,-0.00762599469496,0.0166393846447,0.0152015862525,0.00985174455758,-0.00700285301419,0.0585794357794,0.0034594095941,-0.0113043478261,0.00293568187884,0.00608613148821,0.016755521706,-0.0195822454308,0.0355072463768,-0.010199427837,0.0572183098592,-0.024700385219,-0.0069484993577,0.00607660101331,-0.00523560209424,-0.00971213579491,-0.013683838177,0.019495412844,0.0492827542238,-0.0262119218703,0.0389784946237,0.0738444004961,0.00818727822921,0.0291117452029,0.014119562689,0.0301698016802
0.017819692673,0.014325323475,-0.00877192982456,-0.0055391698439,0.0181954079368,0.0358422939068,0.0346083788707,0.0299005290504,-0.00173310225303,0.0254487007769,-0.00236385125921,0.032380952381,0.0280046674446,0.0112206446403,0.0131896120435,-0.0182735745391,0.0145379023884,0.0250133732748,-0.0066126404004,0.0222506626043,0.0191815856777,0.0500431406385,-0.00905690983643,0.0121107266436,0.0111642743222,0.010647010647,-0.0374181478017,-0.00800486845801,0.0153985507246,0.0182324460887,0.0287472049613,0.0860465116279,-0.00228310502283,0.0121957990192,0.0166246851385,0.0289814943006,-0.0163829891598,0.00407629765834,0.0222625632702,0.0223204580042,0.00871459694989,0.0212177121771,-0.034749034749,0.0255255255255,0.0027266530334,0.00453561337199,0.00969233709153,0.0238961038961,0.0146377264634,0.136826847053,0.0121396054628,0.0110565110565,0.00514451165917,-0.00501169395256,-0.0150539315304,0.015625,-0.00759357499183,-0.0130597014925,0.00194047897652,0.0091932888991,-0.00175901495163,-0.0226331973272,0.0241282546692,0.0498127340824,-0.0186418109188,0.0307907627712,0.0222427009592,-0.00499583680266,-0.00341945983506,0.0357499853002,0.00989377550359,-0.00131578947368,0.094775284208,0.0361753935596,0.0236220472441,0.0326285089318,0.00468420583781,0.00799717746678,0.0174959420652,-0.00304720114575,0.034799007667,0.0103218111338,-0.018552811496
-0.00847523520722,-0.0341685649203,-0.01401179941,0.00925925925926,-0.00571205725821,0.0216262975779,0.00293427230047,0.0405372756558,-0.00607638888889,0.0226837338906,-0.0130684407181,-0.00553505535055,-0.0192962542565,-0.0184824740896,-0.0214795529021,-0.019525744134,0.00204708290686,0.00187875751503,0.061704075281,0.00483672532252,-0.0112923462986,0.0312243221035,0.0296926154965,-0.0042735042735,-0.0102523659306,0.0105348460292,-0.000971817298348,0.0674500180894,0.0151650312221,0.0155477031802,-0.00240171001753,-0.00428265524625,0.0183066361556,-0.00926975536622,-0.0213082259663,-0.00340853029556,-0.0166558619658,-0.00101493722834,0.0087098405111,0.0141064719643,-0.00215982721382,-0.00542005420054,-0.016,0.0263543191801,-0.00339904826649,0.0112878361693,0.00411074016034,-0.00211398613225,-0.0171993463177,-0.0572620841544,-0.0104947526237,-0.00729040097205,0.0032149378874,0.0567494963062,-0.005983462155,0.00448717948718,0.0349532928786,-0.0179584120983,0.0106665628558,0.00797084946481,0.00352422907489,-0.0351065599806,0.0147332959012,0.00570816981805,-0.033921302578,0.0502376103191,0.0279872152106,0.0443514644351,0.033504587156,0.0143627590122,0.00979684769189,-0.0296442687747,-0.0119444743355,-0.0110029237902,0.0241758241758,-0.0249485142689,-0.0297031897679,0.0477190526193,0.0114429463286,-0.0101781948223,-0.00559756137249,-0.0143029037165,0.00418926816552
0.00797260560435,-0.00283018867925,-0.0074794315632,-0.0202121559633,-0.0294626583301,-0.0110076206605,-0.000585137507314,0.0158773156722,-0.028384279476,-0.016390650943,-0.0150390288346,-0.004329004329,0.0208333333333,-0.00471186440678,-0.00532911285945,0,-0.00868232890705,0.030941367671,-0.04501279478,0.020456598169,0.0348984771574,-0.0358565737052,0,-0.0111587982833,0.00796812749004,-0.0272654370489,0.011673151751,-0.0322718498106,-0.0272407732865,-0.0169510756104,-0.0231961865325,-0.00645161290323,-0.00449438202247,-0.0149851440382,-0.00354430379747,-0.0274065073579,0.0564430244941,-0.0193254853458,0,0.0153781630085,-0.004329004329,-0.0336058128974,-0.00813008130081,0.00570613409415,-0.00136425648022,-0.0438960250834,-0.0361817304503,0.0212693839505,-0.0118577075099,-0.0257387597852,-0.0166666666667,-0.0330477356181,-0.0485822693945,-0.0108039402606,-0.00601947948268,-0.037013401404,-0.0232168894913,-0.0115495668912,0.00671179716313,0.0169453230908,-0.00614574187884,0.0116158765989,0.0152276399371,0.0328130542746,0.0280898876404,-0.00581771170006,-0.0053015506039,-0.0464743589744,-0.000940950893016,-0.0311730467876,-0.0172441169932,-0.0156143923965,-0.0241505118711,-0.0415818605465,-0.00429184549356,-0.0455011767546,0.000593973453956,0.0405345211581,0.0158631462412,-0.00975790513834,-0.00494180021164,-0.0201764285879,-0.00342276280903
0.0192033401623,0.0359508041627,0.0135644310475,0.02062911485,0.00962772785623,0.0565068493151,0.0421545667447,0.0667613559064,0.0408988764045,0.0279172437673,-0.00611246179711,0.0242236024845,0.0566893424036,0.0293246142843,0.0214075975833,0.0161303961778,0.0360638845956,0.0163503708644,0.0417680834928,-0.00235741942843,0.0226854690374,0.0099173553719,0.0632810775006,0.0260416666667,0.00474308300395,0.0296784830998,0.0269230769231,0.0461238598468,0.0433604336043,0.0400344713495,0.0316585948957,-0.00865800865801,0.0406320541761,0.0285152224824,0.0218495934959,0.0396538959837,-0.017089093702,0.0145263726859,0.0276353860524,0.056175134242,0.117391304348,0.0234962406015,0.00922131147541,0.00921985815603,0.0368852459016,0.0396850584093,-0.00849519309746,0.0187520743445,0.004,0.0951158975222,0.0184899845917,0.0208860759494,-0.0154401659885,0.0199164792804,0.0598525372271,0.0152418820411,0.0340394218134,0.0194741966894,0.0219046525865,-0.00333259275717,0.0106007067138,0.00841429966064,0.020732956899,0.0221535291087,0.00819672131148,0.0195058517555,0.0479281878657,0.0378151260504,-0.0113375864091,0.00681647507365,-0.019727913139,-0.0372413793103,0.0278452052119,0.0272423269848,0.00215517241379,0.0345514320035,-0.0173900469569,0.0340325342466,-0.000567291184594,0.000514531620307,0.0290415944921,0.0205918995792,0.00715408998075
0.00942712110225,-0.00730593607306,0.0230483271375,0.0348337155963,0.0241812059994,0.0275526742301,-0.0112359550562,-0.0257464532947,0.0310880829016,0.0146532485578,-0.0104450299642,-0.0418435415403,-0.0139484978541,0.0128714181722,-0.0320893444412,-0.0140226776241,0.0517155643958,0.0026845370665,0.0314965543061,0.0124099321805,0.00179856115108,0.0278232405892,0.0104244538583,-0.00169204737733,-0.00786782061369,0.00480384307446,0.0252808988764,0.0312081513828,0.0233766233766,-1.47966204519e-05,0.0230063548187,0.0720524017467,0.00650759219089,0.00369783412573,-0.0144206862258,0.0279496194757,-0.0152373510451,0.00816924545475,-0.00168088905729,-0.0258766783992,0.011673151751,-0.00918273645546,-0.0010152284264,0.00210822206606,-0.00461133069829,-0.00898294983793,0.0142878557171,0.0184069066623,0.01479598846,0.00192071296865,0.0113464447806,-0.00433973961562,0.00886748043133,0.0207874015748,0.0101547462071,0.0443864229765,0.0261175441985,0.00382043935053,0.0177003575641,0.0189478377173,-0.0131118881119,0.000752965763108,0.0287056813328,-0.0028561827957,-0.00948509485095,0.00765306122449,0.00217973231358,0.0080971659919,0.08620472724,0.00487692925584,-0.0011207990638,0.025787965616,0.0331442221559,-0.0343776017063,0.010752688172,0.000641672013934,-0.0158776875891,0.00238045953219,0.00391354354937,0.0249029905406,0.0123903987727,-0.00930511090126,0.0432386937017
0.00603700342811,-0.0220791168353,-0.015988372093,0.00180080343538,0.0121844682514,-0.0173501577287,0.00681818181818,-0.021410618913,-0.00795644891122,0.00771880317052,0.00993886707083,-0.00379746835443,-0.00326441784548,0.00816699879128,-0.0135287485908,-0.0208267392543,-0.0137115839243,0.014279197985,-0.0205402571565,0.0163465399545,0.00897666068223,-0.00636942675159,0.0020962637182,-0.00423728813559,0.0118953211737,0.0254980079681,-0.0356164383562,-0.0243351589408,-0.010152284264,0.0287058684265,0.0149926437963,-0.0183299389002,-0.00646551724138,-0.0211796733212,-0.0262361251261,0.00246785296792,-0.00218210672486,0.0142023560498,-0.0117840155694,-0.0383405821345,-0.0653846153846,-0.0222428174235,0.0172764227642,0.0161290322581,0.0198544010589,0.000755364555068,-0.0126787075497,0.024072296865,-0.0106542840511,0.0154129284564,-0.0074794315632,0.060398505604,-0.0365145678476,-0.0212897253934,-0.0376899878468,-0.004375,-0.00661831728292,0.000951474785918,-0.0210623131754,-0.0109385254868,0.00177147918512,-0.0356238003839,-0.0415247902998,-0.0148272957035,0.0205198358413,-0.0481012658228,-0.0478116533751,-0.00321285140562,0.0173586404329,0.017300445358,-0.0280019140967,0.00977653631285,-0.00291644771414,-0.0223877705229,-0.0170212765957,0.00516062049591,-0.0384615384615,0.00960247805885,0.0133315478582,-0.011130202077,-0.0999305453244,-0.00678864529328,-0.00293347206444
0.0218358117335,0.0122295390405,-0.0140324963072,0.0282771017699,-0.00990278913419,0.0313001605136,0.117945823928,-0.0379419019642,-0.00717602363867,-0.00613597990364,0.0498156374665,0.00190597204574,0.00109170305677,-0.00989922555977,0.0048,0.0202999741402,0.00814956855225,-0.0123184013452,0.070289929662,-0.0114885998848,0.00415183867141,0.0288461538462,0.0226825266612,0.00510638297872,-0.00313479623824,-0.024087024087,0.00094696969697,0.0694444444444,-0.000854700854701,0.0371465147723,0.0489381773002,-0.0165975103734,-0.0108459869848,0.014110099568,0.00673575129534,0.0263021508163,0.0221172962227,0.00599218410769,0.00170379677014,0.0612997495129,-0.0123456790123,0.0341232227488,0.036963036963,-0.0144927536232,0.0220635950681,0.0558547863492,0.0128415214446,0.015696993362,-0.0294745484401,-0.0141972511705,0.024868123587,0,0.00492735668431,-0.00283732660782,0.0306843163852,0.00439422473321,0.00154591877444,-0.00570342205323,0.0121670503124,0,-0.0114942528736,-0.00471300055728,0.0220301533663,0.0123140071832,0.00402144772118,0.0438829787234,0.0129438166226,0.0596293311845,0.0239752765127,0,-0.00230876311411,-0.00899031811895,0.0029249782603,0.0176881533964,-0.047619047619,-0.00641006167026,0.0258072437078,-0.0142155860094,-0.0131561559357,0.000507419082033,-0.0188822635333,0.0142084689029,0.0120343921302
-0.00587254493294,0.0501858736059,0.000749063670412,0.00349626840584,0.0257157276565,-0.0272373540856,0,0.0205784204672,0.0880102040816,0.00410209662717,0.013473744778,-0.00697526949905,-0.0130861504907,0.00181636693885,-0.00136487716106,-0.0124192117602,0.0242510699001,-0.000890859778671,-0.00635386745999,-0.00987765858898,0.0141760189014,0.0147975077882,-0.0131151485982,0.0186282811177,0.0314465408805,0.0437898089172,0.0236518448439,-0.00377435064935,0.0641573994867,0.00807161827625,-0.0114389120421,-0.00632911392405,0.00219298245614,-0.0139137748199,0.00566134843026,0.0713293776038,0.0183807439825,0.0725785566298,0.00339975812159,0.0245853274766,0.00208333333333,-0.0119156736939,-0.0019267822736,0.00910364145658,0.00190476190476,0.0157201057724,-0.00352359173006,0.00392126710749,0.00875560443279,-0.0606327562433,0,-0.00352319436289,0.0188562943039,-0.0486879544736,0.00695862642765,0.074375,0.00204144633984,0.0038240917782,0.0175531421145,0.017695200177,0.00357781753131,0.00551920523445,0.00415421462029,-0.0054063186349,0.0133511348465,-0.0343949044586,0.0195038968232,0.00684410646388,0.00503542268958,0.0123477577594,0.00115705291816,-0.00488485694348,0.0291644771414,-0.00613437195716,0.0954545454545,0.00452516357855,0.0163490999617,0.0191928623301,-0.0111145828684,-0.00766890022745,-0.0030864565334,0.0222950516987,0.0349991944254
-0.00859570584681,-0.00353982300885,0.00224550898204,0.00341708542714,-0.0222977657505,0.0392,0.0116102978294,0.0179836512262,0.0152403282532,-0.0138241241283,-0.00636343743901,-0.00383141762452,-0.0209944751381,0.0281271438372,-0.0116251669154,0.00962402155781,-0.00789229340761,0.0374296583974,0.0767597772573,-0.0481212365863,0.00174723354688,0.0130468150422,0.0122327887507,-0.00415627597672,0.0182926829268,-0.0160183066362,0.0249537892791,0.0632799663231,0.0281350482315,-0.0142529905828,0.0783584987297,0.0467091295117,-0.0175054704595,-0.0056366232177,0.0184237461617,0.0388875795428,0.00530010027217,0.000925571943097,-0.00932121399361,0.00703864857947,-0.016632016632,-0.0176252319109,-0.046332046332,-0.00763358778626,-0.0221799746515,0.0555935168229,-0.0084771561717,0,-0.0196793716019,0.129092762487,0.00514705882353,-0.00707130229817,0.0171323286767,0.0112994350282,0.00252384886953,-0.00349040139616,0.00663857529019,-0.00666666666667,0.017259466708,0.0228211258422,0.0017825311943,-0.00785948388328,-0.0242100597336,0.0300662476643,-0.0105401844532,0.0540897097625,-0.0353511835468,0.0687311178248,-0.000972009293357,0.0869878582913,-0.00922872973249,-0.00490883590463,0.0339800868011,0.00822964632115,0.0331950207469,-0.0167102940281,-0.00123256160845,0.0751221498371,-0.0134813878607,0.0087503291053,-0.0223893085971,0.0101368131124,0.0599375192759
-0.00758800845876,-0.0230905861456,-0.0201643017177,0.029046474359,-0.00354561259036,-0.00538876058507,0,0.0278372591006,-0.0103926096998,-0.0410076157001,-0.00116061065976,-0.0025641025641,-0.0135440180587,-0.0123522496187,0.0304299451641,-0.0142772411456,-0.0116986429574,-0.00771625570602,0.0272302889023,-0.00739932500486,-0.0174418604651,-0.0295454545455,-0.0070662865861,-0.0225375626043,-0.0187125748503,-0.0116279069767,-0.00450856627592,0.0238183420391,0.0140734949179,-0.0179621914711,0.0115637860082,-0.0121703853955,-0.0155902004454,-0.0104048182886,0.00552763819095,-0.0114942528736,0.00954687945284,0.0703588300332,-0.0128310867647,-0.00139789045622,-0.0232558139535,0,0.0131578947368,-0.00559440559441,-0.0168502916397,-0.0199955982497,-0.00285775017123,0.0307114957494,0.00413464691541,0.0780397963237,-0.00585223116313,0.0172106824926,-0.0181955822316,-0.0604666447585,-0.0131718939655,0.0449503794513,0.00305058642341,-0.00862895493768,0.000896756431986,0.00743731406715,0.00533807829181,-0.00078576010263,-0.0397144711226,-0.00527704485488,0.00266311584554,0.00187734668335,-0.0236534052054,0.0409893992933,0.0194432798867,-0.0077527287565,0.0104811733425,0.0133897110641,0.0164440384188,-0.0295889612283,0.00401606425703,0.000650054171181,-0.0192108159094,-0.0131603862905,-0.0199341121923,0.0025639450978,-0.00552682097746,0.000514046890016,-0.014432145601
-0.0125595387315,0.00272727272727,0.0175304878049,0.0299136980079,0.00642776795758,-0.0255417956656,-0.00898203592814,-0.0317708333333,-0.00350058343057,-0.0172789946767,0.0133953044929,0.0269922879177,0.0171624713959,0.00715015321757,0.0161114924533,-0.0106373834186,-0.0307765151515,-0.0311820299117,-0.0125308458321,0.0217403881672,0.00769230769231,0.0546448087432,0,0.0222032450897,-0.00381388253242,-0.0282352941176,0.0298913043478,-0.0180250979218,0.00231303006939,-0.0142261257612,-0.0334709735161,-0.0266940451745,0.00904977375566,-0.00382506453619,0.00449775112444,-0.00439871481028,0.020936250294,-0.0138416752747,-0.0337956920417,0.021061338763,0.0281385281385,0.00377714825307,0.021978021978,0.0084388185654,0.0125247198418,-0.03537765448,0.00429496289278,0.00750482984099,0.00528191512019,0.0109205413373,0.0117733627667,0.00583430571762,0.0109874979347,0.0272822665268,0.016521395815,-0.0173184357542,0.00151573311286,0.0125725338491,0.00802773870427,-0.00316388947479,0.00265486725664,-0.000786378007093,-0.00295084921386,-0.00663129973475,-0.0066401062417,-0.00687070580887,-0.00547979069672,-0.00271554650373,-0.0250471379688,-0.00606559062404,0.000577190778529,0.0431154381085,0.0188743410985,0.00525709708106,0,0.0130545072078,-0.0221036096685,0.0331958169433,0.00406168785695,-0.0101989249782,-0.00238531433279,0.0100299334316,-0.0102056402042
-0.0182538272106,0.00181323662738,-0.0202247191011,-0.037109375,-0.0014142013184,-0.0309769658459,-0.02416918429,-0.0188273265196,-0.0323965651835,0.00768137820797,-0.016093562575,-0.00625782227785,-0.0224971878515,-0.0221846001501,0.0145277347664,0.0253915158887,-0.0161211529067,-0.0169669997815,-0.0507594420715,-0.0194527445531,-0.0117439812096,0.0177646188009,0.00509482026606,-0.030910609858,0.000765696784074,-0.0242130750605,-0.0105540897098,-0.04145018483,-0.00538461538462,-0.0188574517931,0.0194248313744,-0.0295358649789,-0.0179372197309,0.000964666717107,-0.0298507462687,-0.0175573398901,0.0307373271889,0.00352327264417,0.021525290657,0.00548389106998,0.00210526315789,-0.0103480714958,-0.000977517106549,-0.00348675034868,-0.017578125,-0.0317312498716,-0.00356120876702,0.00737517516041,0.0122879620344,-0.00583206309232,-0.0283636363636,0.00812064965197,-0.00272383079563,-0.00851208716377,0.0587971676974,-0.0227401932916,-0.00151343914304,0.0105062082139,-0.00619505995076,-0.0391451544647,0.00353045013239,0.00554110051074,0.040733795721,0.0146862483311,-0.0173796791444,-0.0559748427673,0.00944568729804,-0.0245064669843,-0.0176364316469,-0.00175837815474,0.0120970478453,0.00533333333333,-0.0185246995995,0.0125510509015,0,0.0135580798827,0.0174400498287,0.0193146996007,-0.00230936143831,-0.00772027539259,0.0111416493092,-0.00546278889749,2.7287388898e-05
-0.00281872252392,0.0343891402715,0.0336391437309,0.0117123601387,0.0391055072067,0.0319672131148,0.0402476780186,0.0301535087719,0.0459862847923,0.0459131967394,0.0163568017881,0.036523929471,0.0138089758343,0.00816699879128,0.00911253759483,0.0457125910863,0.0158887785501,0.0199882778553,0.000516564287359,0.00806028891771,0.0124777183601,0.0247272727273,-0.0090920062759,-0.0137931034483,0.00765110941086,0.00578990901572,0.00444444444444,0.0154523045933,0.0232018561485,0.0303506748268,-0.010766007081,-0.0108695652174,0.0182648401826,0.00478089155124,0.0405128205128,0.035742218051,0.00997004515581,0.00698384984723,0.0184353824579,0.00954446854664,-0.0420168067227,0.0161596958175,-0.0371819960861,-0.0118964310707,-0.013916500994,0.0407835649376,0.0485755536445,0.0404861263636,0.0514573537414,-0.0225984934338,-0.00374251497006,-0.0230149597238,0.0211127195259,-0.0388049450549,-0.0336775868394,0.0110529377545,-0.0394582730485,0.0453686200378,0.0258201266411,-0.00770755340233,0.000879507475814,0.0370725318255,-0.00212738245127,-0.0197368421053,0.00680272108844,0.0239840106596,-0.0233522120988,0.0418702023726,0.016502880105,0.0105170448658,0.0545990981174,-0.0470822281167,-0.00269633444264,0.0506246925726,-0.006,0.0139792721138,-0.0634897620544,0.081898515077,0.00579453480605,0.0176499937633,0.00630172718519,0.0199919943071,-0.0803939815072
0.0101657114701,0.0122484689414,0.0147928994083,0.00168154184452,0.014376470071,0.0150913423352,0.00992063492063,-0.0255455029271,0.0254531430775,0.00366516408982,0.0390784862526,0.00668286755772,-0.00908059023837,0.022504131428,-0.0187055160142,-0.00364623425029,0.00977517106549,0.0178330823492,0.0184996267728,0.00122945130778,-0.0234741784038,0.00354861603974,0.00917542933701,0.0166083916084,0.0083523158694,0.0254934210526,0.0247787610619,0.0103361870954,0.0098261526833,-0.0179406731318,0.0083684627906,0.0637362637363,0.00448430493274,0.0286240878658,0.00246426811237,0.0136675979763,0.0364320495795,0.0182243078721,0.00862181256552,-0.0067530235128,0,0.0168381665108,-0.00406504065041,0.0014164305949,-0.0161290322581,0.00769847525344,-0.00545490113462,-0.0106248240923,-0.00550697328786,-0.00170508798254,0.0180315552216,0.0235571260306,-0.00534959610549,0.0410861021793,0.0140602414916,0.0253164556962,0.00474424133126,0.0397830018083,0.0147603728019,0.05770084332,0.00527240773286,0.005328979793,0.0292377305952,0.0484899328859,-0.00135135135135,0.0253741054001,0.0390805563727,-0.0221031480241,-0.10270981111,0.00861317610869,-0.00268637736449,-0.018093249826,0.021628994544,-0.00393273156298,0,0.00124792013311,-0.000679488061653,0.0408386662176,-0.00114296305449,0.0178341606913,0.0164369291892,0.0122528179301,0.0287850092444
0.00279824403769,0.0302506482282,0.00583090379009,0.00161415289256,0.0121356593347,0.0406885758998,0.0157170923379,0.0464227198252,-0.00827378713802,-0.0239674278039,-0.00552870740292,-0.014484007242,0.0252004581901,0.0316901966377,0.0151182030418,0.00274468344651,-0.0164569215876,-0.00525619062451,0.088295650262,-0.0122860179702,-0.0102163461538,-0.02828854314,-0.0455002614958,-0.0146173688736,-0.0165662650602,-0.0176423416199,-0.0172711571675,0.0511780510489,0.00748502994012,-0.0224143940054,-0.0141145305159,-0.0289256198347,-0.00892857142857,-0.0259626284419,-0.00589970501475,0.0439883790226,-0.0360910605219,-0.0136410749981,0.0230758035123,-0.0231781939551,-0.0197368421053,-0.0984360625575,-0.0612244897959,-0.016973125884,-0.025956284153,0.0861130777789,-0.0123238237897,-0.030367683664,-0.0038695559351,0.00597800095648,-0.0317343173432,-0.00690448791715,-0.00535147636207,0.0236787920384,-0.00060471679097,0.0112233445567,0.00628218856764,-0.0165217391304,-0.00085916557839,-0.0199328577423,-0.00874125874126,0.00150136348316,0.00553770713561,0.00512081933109,-0.0135317997294,0.0875634517766,0.0160957657621,0.0376712328767,0.0103212740822,-0.0437147359325,0.00377743421367,-0.0106307583274,0.00264638565707,0.00592238850869,-0.0140845070423,-0.0212772271351,-0.0108533803847,0.0223282905914,0.00923148291325,-0.00550939306358,0.00614907942561,-0.0125783454307,-0.0330806518665
0.0156161998874,0.0109060402685,0.0427536231884,-0.0181138400052,0.0126753024301,-0.00300751879699,0.0435203094778,-0.00156576200418,0.00834281380356,0.00266632262504,-0.0322584316336,0.00428658909982,0.00446927374302,0.0179155595829,0.0304410604504,-0.00182478051945,0.00492125984252,0.00704528552977,0.0505300492169,0.00186482367725,0,0.00873362445415,-0.0328331787912,0.00349040139616,-0.0267993874426,0.0187755102041,-0.0228471001757,0.0206075352061,-0.0037147102526,0.015552931215,0.0185360119235,0,0.00900900900901,-0.000957315012952,0.0207715133531,-0.0108815869278,-0.0325682382134,-0.00776866637894,-0.0342507473692,-0.0097443685143,0.00671140939597,0.0122448979592,-0.0184782608696,0.0604316546763,0.0126227208976,0.0696938091336,-0.00485622807421,-0.0036673023324,0.00833177056822,-0.0238717783286,0.00381097560976,0.00115874855156,0.00808392137778,-0.00569896077774,-0.00723217887397,0.0144284128746,-0.00468222679409,-0.000884173297966,-0.00342241942696,0,-0.00440917107584,0.000764853454078,-0.011014419641,0.0423499442764,-0.0274348422497,0.0519253208868,-0.0286965174129,0.019801980198,-0.00650578047387,0.00265773667145,-0.0199275937629,-0.0408309455587,0.0158126263227,-0.0157000542026,-0.0183673469388,0.00767108335102,-0.00891893773276,0.0146395505262,-0.00686411203211,-0.0176338812702,-0.0313628880388,-0.00981568328062,0.030815041863
0.0137250453721,-0.00746887966805,0.0138985406532,-0.0101102941176,0.0348859335687,0.0158371040724,0.0129749768304,0.0240460010455,-0.00112824370064,-0.00210165129745,0,0.0128048780488,-0.0055617352614,-0.000837388253932,0.0182306714434,-0.022831142979,0.0107737512243,0.0253410548408,0.0185368198937,0.00496583072588,-0.00121432908318,-0.004329004329,-0.124852921951,0.00434782608696,-0.0165224232887,0.00240384615385,-0.00179856115108,0.00729636987538,0.0268456375839,0.0240910985804,0.0289468260511,0.00425531914894,0.0200892857143,0.0133400973263,-0.000968992248062,0.0411917472226,0.00512984931068,-0.00697845944361,0.0726633332642,0.00984025559105,-0.00444444444444,-0.0342741935484,-0.0365448504983,0.0312075983718,-0.0380886426593,-0.00418451323838,0.0376308497537,0.0203180212014,0.0401721664275,0.0428233493356,0.00759301442673,-0.00752314814815,0.0240572869173,0.00303438975051,0.056493977652,0.0295404814004,0.00470425317435,0.0132743362832,0.0188965779074,-0.0171269535431,-0.0044286979628,-0.00829996025802,0.0515621679065,-0.0357415610203,-0.00141043723554,-0.0194120909595,0.0124569742665,-0.00453074433657,-0.0058758462015,0.06711551715,0.021434473373,0.0216579536968,0.0155898876404,0,0.0644490644491,0.00634891978095,-0.0235296183461,0.0143503353611,0.013252287138,0.017441950047,0.00789895210496,0.0277343319749,0.00141491689608
-0.0189598796514,-0.0225752508361,-0.00548320767649,0.0203607905558,-0.0235356610211,-0.0631031922791,-0.0329368709973,-0.0479836651353,0.0353915662651,-0.0309464454569,-0.0011524801844,-0.00602046959663,-0.0324384787472,-0.0268490833862,-0.0061714382998,-0.00841873324048,-0.0455426356589,-0.0332436223039,-0.0104004405633,-0.0154390514842,-0.0158054711246,-0.0311594202899,-0.0162832387212,-0.0138528138528,-0.032,-0.00639488409273,-0.0324324324324,-0.0640680842926,-0.0196078431373,0.00208534190323,-0.0120582078939,-0.0190677966102,-0.0503282275711,-0.0216379582074,-0.00290979631426,-0.0178064158526,0.00405559352928,-0.0236725832254,-0.0403220035086,-0.0292331055429,-0.0223214285714,-0.00939457202505,-0.0229885057471,0.0105263157895,-0.020158387329,-0.0246122822457,-0.0288778939092,-0.0235209235209,-0.0206385696041,-0.00920705874504,-0.0308967596081,-0.0413994169096,-0.00783071000183,-0.0554621848739,-0.0189689985303,-0.0414452709883,0.0427075837885,0.000873362445415,-0.0244486975373,-0.0217817468961,0.0017793594306,-0.020545939364,-0.00729646697389,-0.0369079676857,-0.00706214689266,-0.0243212669683,-0.0445604662458,-0.0214564369311,-0.0227432549114,-0.0511202742312,-0.0306760143387,0.0102339181287,-0.0306780989259,-0.00299071454342,-0.021484375,-0.0315742263418,-0.038275834165,-0.0354451791481,-0.026721276531,-0.0277285599624,-0.034490288612,-0.00868092768037,0.00726486826884
-0.0143458204491,-0.00342172797263,-0.00413507925569,-0.0282742931427,-0.0182445862538,-0.00237717908082,-0.0255439924314,-0.0246648793566,-0.0301818181818,-0.0137496673468,0.0345259960441,0.00423985463356,-0.00578034682081,0.0120724970517,-0.0347818018301,-0.0235629533353,-0.0172588832487,-0.037915621079,-0.0394049246881,-0.0163127150624,-0.00185299567634,-0.0299177262528,-0.00253100480891,-0.0395083406497,0.0107438016529,0.000804505229284,-0.00186219739292,-0.0267812671613,-0.0118518518519,-0.0376575896007,-0.0667241117137,0.0129589632829,-0.0253456221198,-0.0105749914718,-0.0408560311284,-0.0389743227991,-0.0373967504765,-0.0341558568224,-0.0344541947655,-0.0388476078738,-0.013698630137,-0.00737618545838,-0.0117647058824,0.0338541666667,-0.04335047759,-0.0116934953812,-0.0456475908216,0.00738879858135,-0.0243075478587,-0.049089256254,-0.00622083981337,-0.0863746958637,0,-0.0160142348754,0,-0.0382483370288,-0.0279729795403,-0.0253054101222,-0.0181515143624,0.00890670229348,0.0115452930728,-0.0372958172033,0.0287081339713,-0.00657894736842,-0.0213371266003,-0.00869565217391,0.0184690981489,-0.0232558139535,-0.0405698358625,0.0017277486911,-0.03164681241,0.00578871201158,-0.00263940078469,-0.030006380284,-0.0269461077844,-0.041063323968,0.0132663936725,-0.0367477082503,-0.0122647560346,-0.0295473661257,-0.0137963963511,-0.047611840256,-0.00928292748554
-0.0117645546184,0.0223175965665,-0.0117647058824,-0.0187959866221,-0.00995247533193,-0.0206513105639,-0.0165048543689,-0.0335349092908,-0.0206224221972,0.00449721172873,-0.00389217979139,-0.00482509047045,-0.0441860465116,-0.0323663794425,0.0205873000614,-0.00770750139551,-0.0051652892562,0.0036679300648,-0.0328170949036,-0.0063769361004,-0.0105198019802,0.0285273708558,-0.0829231159604,0.0036563071298,-0.0237121831562,0.040192926045,-0.0335820895522,-0.0122303291166,-0.051724137931,-0.0585634622648,-0.0113291984836,-0.0788912579957,0.00236406619385,-0.00193456941465,-0.00811359026369,-0.0148273204389,-0.01885902876,0.0455830674153,-0.0269792995193,0.0419096704191,-0.0347222222222,-0.0138004246285,-0.0285714285714,0.0107052896725,0.0153609831029,-0.0192985532131,0.00217704498159,-0.0404870177497,-0.00276663993585,0.00623163261693,-0.00860719874804,0.0252996005326,0.00329954598247,0.031103074141,-0.0187617260788,-0.0322766570605,-0.00975931684782,-0.0223813786929,-0.00440294944565,-0.0551754579563,-0.0245829675154,0.00322021707859,-0.0343988124691,0.021357615894,-0.0290697674419,-0.0304093567251,-0.0212951794701,-0.0136054421769,-0.0389055557665,-0.0211676161606,-0.00229815134003,-0.0287769784173,0.00529277131413,-0.0134007461221,-0.00717948717949,-0.0210566985415,-0.0152702041871,0.0495696789143,0.0023598726619,-0.0117486558061,-0.00904596881052,-0.00919472381774,-0.0483353037032
0.00736394270176,0.0436607892527,0.0287114845938,0.0349035380735,0.0161012571035,0.0121654501217,0.0523198420533,0.0483503981797,-0.0302450229709,0.0260565902579,-0.0469000816895,0.0121212121212,0.036496350365,0.00880195211611,0.0214400092745,0.00486812782622,-0.0155763239875,0.0228204815853,0.0150828013851,0.00384933774834,-0.0100062539087,0,0.0570527364285,0.0109289617486,0.00753768844221,0.0309119010819,-0.015444015444,0.0284833669891,0.0450592885375,0.00400393313668,0.0458580531751,0.00694444444444,0.0117924528302,0.0048553937091,0.00204498977505,0.0451141824684,0.021383950024,0.00801607077321,0.027727364388,0.077453788076,-0.00239808153477,0.0290635091496,0.0392156862745,0.0404984423676,0.00907715582451,0.0603172450357,0.00433664505,0.0114661366763,-0.0116601664589,0.0530630915937,-0.008681925809,-0.0038961038961,0.0229419348049,0.0063135741845,0.0298650152678,0.0232281119714,-0.0243863032788,0.0347985347985,0.0344824524013,0.00233590282644,0.004500450045,0.00322617437635,0.0168077561646,0.0220457124331,-0.0209580838323,-0.0603136308806,0.00968934596915,-0.00137931034483,0.04597269692,0.00272319521572,0.0252870837709,0.0555555555556,0.013138547645,0,0.0206611570248,0.0395658608781,0.0265914585012,0.0254671607664,0.0265453166477,0.00594416383805,-0.00332999048574,-0.00822602080565,-0.00294094194079
0.0230668888114,0.0329847144006,0.0394826412526,0.0151505170937,0.0395729175494,0.0184294871795,0.0168855534709,-0.000542593597396,0.0390840900118,0.014093725456,0.0304597735596,0.0149700598802,0.00117370892019,-0.0183220374922,0.0333328604262,0.0183877357678,0.0643459915612,0.051788479098,0.0464249787853,0.047955121245,0.0315855969678,0.071964017991,0.0486336509266,0.0351351351351,0.0432252701579,0.027736131934,-0.0313725490196,0.0114317453756,0.035552193646,0.0524233354749,0.0362522848079,0.0735632183908,0.034965034965,0.0591100076394,0.0214285714286,0.0266985100164,0.0324629498941,0.0185298739125,0.0478676438357,-0.026640086988,0.0504807692308,0.0366108786611,0.0400943396226,0.0425149700599,0.00974512743628,0.0191577564203,0.0727128145998,0.0474607013301,0.0825841096782,0.00838707521636,0.0398089171975,0.0215123859192,-0.00128597515496,0.0616939700244,0.0916522341531,0.0488940628638,0.00637575556844,0.0353982300885,0.028208187757,0.0442787229084,0.0179211469534,0.0176381738156,0.0905517366501,0.0892942109437,0.0321100917431,0.0166880616175,0.0678900627131,0.0138121546961,0.0357547597461,0.0386602055488,0.0930536053523,0.0294736842105,0.0961142322097,0.0303099656699,0.0222672064777,0.0527714502658,0.033085685079,0.0638166999846,0.0988640561507,0.0531975007669,0.0333337633354,0.030104197953,-0.0314566139075
0.0170552813301,0.0342679127726,-0.000654878847413,-0.0365323470249,0.0304450603195,-0.0118017309205,-0.020295202952,-0.0108577633008,-0.0170972644377,0.00585172755045,0.0136454849498,0.0176991150442,-0.0293083235639,0.014216,0.00716683485388,0.0199585606157,0.0109018830525,0.0161360333667,0.0243979721166,0.0164725272083,-0.00673606858543,0.000699300699301,0.0439319055464,0.00696257615318,-0.0175298804781,0.00218818380744,0.0141700404858,0.00893986028276,-0.0248356464573,-0.00976735529499,0.00976227887881,0.0321199143469,-0.00225225225225,0.00732125146515,0.00999000999001,-0.0266986077839,-0.0152198678514,0.0433277519613,-0.00664338659331,0.00136535716502,0.0114416475973,-0.0100908173562,-0.0192743764172,0.0195290063182,0,0.0440646250742,0.00872504614563,0.0181096681097,0.0072651660341,0.0366492146597,0.00153139356815,0.00957243139757,0.00257526203291,0.0311884438608,0.10733595634,-0.00943396226415,-0.0084540069113,0.0247863247863,0.0116382944973,0.0167373354162,0.0387323943662,0.0133903634071,0.046655206196,0.00946418171229,0.0444444444444,0.0858585858586,-0.0209679962163,0.074931880109,0.0299159326732,-0.00610099974366,-0.00565227904727,0.0402181322427,0.00474095587921,0.0141972745096,0.029702970297,-0.00381656449092,-0.103057717623,0.0333911535126,0.0658906584864,0.00459882883159,-0.00886358813028,0.0130982819719,-0.00861038678835
0.0227148602353,-0.0150602409639,-0.0570117955439,-0.131061422414,0.0375746549065,0.0406050955414,-0.0310734463277,0.0559824368825,0.00425202937766,0.0180519313855,0.0291614783871,-0.0202898550725,0.024154589372,-0.0175268384644,0.00355791841325,0.0186352141288,0.0352941176471,0.01502544482,0.0454738475572,0.0180076339982,0.0135635018496,-0.0104821802935,-0.0192243316915,-0.009507346586,-0.00162206001622,0.0225618631732,-0.0129740518962,0.0271262389084,0.0456928838951,0.052724169818,0.0265942494579,0.00414937759336,0.00902934537246,-0.0672025205421,0.00692383778437,0.0390953841764,-0.00930081902735,0,0.00250667778963,0.151657886582,0.0203619909502,0.0295616717635,0.0231213872832,0.00450704225352,0.0334075723831,0.0360194959893,0.0359284517476,0.0569768265892,0.0515215201522,-0.0152793760389,-0.0122324159021,0.0290771175727,0.000642161773394,0.00859598853868,0.00863066924937,-0.00168067226891,0.00852608650555,-0.0208507089241,0.0427247443695,0.0296312554873,-0.0152542372881,0.00700831548444,0.0162124931565,0.0209144670417,0.00283687943262,0.093023255814,0.0175925925926,0.0779467680608,-0.0180248771635,0.0174352625606,0.0170228288294,-0.0235910878113,0.0377274273083,0.0129986382379,-0.0163461538462,0.0216597785755,-0.048136401245,0.0354595048258,-0.0264931992904,0.0167546617023,0,0.0298649546159,-0.184402860352
-0.00581353011142,-0.0336391437309,-0.00208478109798,0,0.0219570769641,-0.0137719969396,0.0340136054422,-0.0109147609148,0.0284834488068,-0.00571452582041,-0.0256142913695,-0.00236686390533,0.00707547169811,0.0089197543254,0.0135971257225,0.00641012596406,0.0094696969697,-0.00903917586137,-0.0223647459395,-0.0129721440054,0.0188564476886,0.00918079096045,-0.0171631966454,-0.0043630017452,-0.00568643379366,-0.00782918149466,0,0.00690131124914,-0.0114613180516,0.00211389313413,-0.00785276313602,0.00413223140496,0.0402684563758,0.00193831922774,-0.0196463654224,0.0237212495709,-0.0332554880897,-0.0265796306982,0.0108437783797,0.0106554730384,-0.0443458980044,0.019801980198,-0.0158192090395,0.0269209197981,-0.0014367816092,-0.00217294993776,0.0160607242933,0.0319812269527,-0.0122522352051,0.0718041939882,0.0015479876161,0.0116707616708,0.0185594003491,0.0325126262626,0.0313977272727,0.00785634118967,0.0010593220339,0.0136286201022,-0.00235856523253,-0.0170539330633,-0.013769363167,0.00308096526485,0.0102709372447,0.031788640859,-0.011315417256,0.0117021276596,0.0210072397832,-0.0235155790711,-0.0214661149127,-0.0145508010546,-0.00659054906298,-0.0255033557047,0.0363762980562,0.00690945326013,0.0361681329423,-0.00995068946172,0.0358868756273,0.0187098953056,0.00352326570283,0.000495257533918,-0.00406836874787,-0.00483673337776,-0.0329596942807
-0.0111701153635,0.0158227848101,0.0208913649025,-0.00992094248954,0.00173449214816,0.022498060512,-0.031015037594,0.0026274303731,0.0127245508982,-0.0120863795799,0.0156615682168,0.0195729537367,-0.00351288056206,0.00795760189709,0.0163228110615,-0.013628275639,-0.0112570356473,-0.00914009269347,0.0457629987536,-0.0035826031871,-0.0173134328358,0.0104968509447,0.0885548444709,0.0131463628396,-0.00816993464052,0.00143472022956,-0.00707785642063,0.0153970429844,-0.00434782608696,0.00848049486182,0.00158692609458,0.037037037037,0.0344086021505,0.0106880171621,-0.0110220440882,0.00647194929747,-0.00429993236061,0.0324182134786,0.0297028331476,0.0657614483493,0.0092807424594,0.047572815534,0.0103329506315,0.00382304751502,0.0467625899281,-0.00598862531185,-0.0271802498097,0.0228040540541,-0.00495689655172,0.0662063117088,0.0417310664606,0.0327868852459,-0.0119458655712,0.00244573524916,0.0553529521942,0.0116926503341,-0.0010582010582,0.0193277310924,0.0260610868703,0.0520494469746,0.00261780104712,0.00615859552839,0.0394791164935,0.0319046967,0.0114449213162,-0.0399579390116,0.0257284562926,0.0276941601445,0.00437634745435,0.000874620569018,-0.0158259744558,-0.0261707988981,0.0197237099547,-0.000980291473331,-0.0132075471698,0.0125857441098,0.0181109834674,0.0351412279539,-0.00351089588378,-0.0154653866347,0.0187808271152,-0.020391411414,0.0364354861793
-0.020975308642,-0.0109034267913,-0.0218281036835,0.0281039611711,-0.00173148889427,-0.0432473444613,0.0203685741998,-0.020964360587,0.00221729490022,0.021773538093,-0.013211565331,-0.0238510762071,0.0188014101058,-0.00701845799188,-0.0114718971485,0.0175064572998,-0.0246679316888,0,0.00891197402432,0.0167853706313,0.0103280680437,0.00415512465374,-0.0320845866375,0.0743944636678,0.0840197693575,-0.0171919770774,0.0020366598778,0.00561702948338,-0.0181950509461,0.0258423313924,-0.0576686512818,-0.00793650793651,-0.002079002079,0.0038471743168,0.00607902735562,0.0153594989005,0.0313455286525,0.0181942151726,-0.0280465610581,0.00219835123657,0.0114942528736,-0.00834105653383,0.0284090909091,0.0565832426551,0.0378006872852,0.0405245162422,0.00844720675202,0.0048275423998,-0.0348951940895,0.0071298716055,0.00519287833828,0.00176366843034,-0.0108149470731,-0.0176883196096,0.0249198743044,0.0346725371491,-0.00104903735396,-0.00164880461665,0,0.00927643784787,0.0339425587467,0.0275362992577,-0.00271401856786,0.0031847133758,0.033946251768,-0.00766703176342,-0.0100105772137,0.0357352079672,0.0208323777898,-0.0225660532538,-0.0067409547393,-0.0374823196605,0.0129077271934,0.0392501355064,0.0133843212237,0.045387606032,-0.0131478247218,-0.0236356648732,0.0377974864671,-0.0278971264893,-0.0392899261374,0.00496141124587,0.0439921973978
0.0153844213818,0.0236220472441,0.034170153417,-0.0448488540318,0,-0.01506740682,-0.00855513307985,-0.0176659528908,0.0435103244838,0.0103826509252,0.0384982101158,-0.00893921334923,0.0288350634371,0.0114885869436,0.0243772301331,0.0108590539125,0.0214007782101,0.00670865789572,0.0144579484686,0.0253549331536,0.00901984365604,0.0103448275862,0.0437894340333,0.00644122383253,-0.0113981762918,0.00291545189504,0.025406504065,-0.00167809368557,0.0385470719051,0.0374597882468,0.0569996344838,-0.044,-0.00416666666667,0.00383243028941,0.0105740181269,0.0302543068089,0.0125617501764,0.00810629824129,0.00989411869383,0.0109676454459,0.0113636363636,0.00560747663551,0.0386740331492,0.00720906282183,0.0119205298013,-0.00368458708095,0.0586280273,-0.00796510525318,0.0697329376855,0.0276406712734,0.019926199262,-0.0369718309859,0.0122224800805,-0.0117975783918,0.0456230773932,0.00691489361702,-0.00476680737156,0.0255986787779,0.038496926586,0.0194035947712,0.040404040404,0.011913738501,0.0174070325075,0.101058201058,0.0232558139535,0.00772626931567,0.0253367420918,0.00735294117647,0.0212788900471,0.00888772022088,0.052216066482,0.0521675238795,0.0254864818323,-0.0226606478068,0.0188679245283,0.0089313385738,0.0689614030901,0.0892868857836,0.040310097686,0.0297321442565,-0.0542576560279,0,0.0614624787632
0.0124439587188,-0.0161538461538,-0.0148347943358,0.0102040816327,-0.0145287030475,0.000805152979066,0.00191754554171,0.0125340599455,-0.0123674911661,0.00617386260048,0.017735604253,0.00901984365604,0.00784753363229,0.00523494364182,-0.0305944397422,0.00986547085202,0.0390476190476,0.0208063381585,0.0431486433384,0.0218519907211,-0.00178784266985,0.0136518771331,-0.0136232407073,-0.0016,0.00461183704842,0.0232558139535,-0.013875123885,0.0352631831716,0.0806566738044,0.00436234703566,0.00793376344936,0.0125523012552,0.010460251046,0.030542390732,0.0114598903837,0.0403860241424,0.0413530341046,-0.00160822291368,0.0146938184153,0.0304255633907,0.00224719101124,-0.0120817843866,0.0106382978723,0.019427402863,0.0104712041885,0.0264158105037,-0.00669575330586,0.0447970432677,0.0096504621266,0.034472348017,-0.0144717800289,0.000609384521633,0.0577760794803,0.0342444234998,0.0399696063437,0.00369783412573,0.00159309795483,0.0297906602254,0.0303914707328,0.0330595071128,0.0258899676375,-0.0110283159463,0.0641636221294,0.0482940893801,0.0213903743316,0.0317634173056,0.0713408507313,0.0404267265581,0.0761623200648,0.0193390325271,0.00447545083586,-0.0223463687151,0.0289765836365,0.029948659441,0.0175925925926,0.0165037698967,0.0241921982253,-0.00837147675259,0.0270824476731,0.00506849315068,-0.0167643562733,0.0029621503017,0.00931911089173
-0.00267409197404,0.0164190774042,0.00547570157426,0.0141256313131,-0.00117337572626,-0.00402252614642,0.0153110047847,0,0.0121645796064,-0.00205905365894,0.0137262316335,0.00417163289631,-0.00889877641824,0.00174371324909,0.0151923218999,0.00886125912769,0.00824931255729,-0.00326406267,0.00759378531593,-0.0123808237351,0.00179104477612,0.0020202020202,0.0138113966889,0.00801282051282,0.0145371078806,0.00142045454545,-0.00201005025126,0.0264888373442,0.00858652575958,0.0208575735139,0.018879391468,0,0.0103519668737,0.0111139499234,-0.000985221674877,0.00587785091076,0.0119132607532,0,-0.0144810366917,-0.021104517611,0.00896860986547,0.00752587017874,-0.00105263157895,0.0130391173521,-0.00582901554404,0.0185249039274,0.0189976650536,0.00920956330812,0.019612822792,0.00801252288345,0.00954478707783,0.0468940316687,0.000602075957903,0.00243013365735,-0.0133388287309,0,0.00743640325962,-0.00234558248632,0.0158241567675,0.000969743987587,-0.00552050473186,-0.00149186256781,-0.00904269993563,0.0212010084804,0.0130890052356,-0.0153927813163,0.00329998610532,0.00863464651916,0.0168181966838,-0.006034262337,0.00987201327917,-0.00428571428571,0.0120765938928,0.0168928274716,-0.024567788899,0.00637345127881,0.00215229532761,0.0196173701792,0.0100068172965,-0.0115851165326,-0.0170640875994,-0.000984467293809,0.00112671464393
0.0385831129697,-0.0192307692308,0.0149761742682,0.0418644463466,0.0784622089168,0.0387722132472,0.0546654099906,0.04036598493,0.0173206079887,0.023026451533,-0.0182296801147,0.000593471810089,0.00224466891134,0.000866436137412,-0.020727342494,-0.0246092450948,0.0427272727273,0.0278353891497,0.0169469887978,0.0210832305846,0.0274135876043,0.0349462365591,0.0362684951281,0.00476947535771,-0.0369532428356,0.0262411347518,0.0392749244713,0.0394875097448,0.0609037328094,0.0256445126571,0.0270343075946,0.0227272727273,0.0409836065574,0.0164786571609,-0.00443786982249,0.0152174574672,-0.0186516160325,0.00646076268516,0.0106116583359,0.00650207773161,0.0511111111111,0.0196078431373,-0.0179135932561,-0.00594059405941,0.0899022801303,0.0171821643051,-0.0517129156095,0.0348703692512,-0.015012567081,0.0800147395573,0.0210909090909,0.0308318789994,0.0191826321363,-0.0109090909091,0.0127216800213,0.0526315789474,0.0273936088414,-0.0297805642633,0.0170002702972,0.00193760899051,0.0190325138779,-0.0298063717722,0.00102078693393,-0.00628436763551,0.0167958656331,0.0566037735849,0.0170688640377,0.0181915462814,0.012873396856,0.00519627514534,-0.0396210908776,-0.0121951219512,-0.00198874834271,-0.022146672289,0.0149253731343,0.028253214315,0.00500217485863,0.0219799857041,-0.0108116577875,-0.00153214438929,0.0292354670889,0.0226431621592,0.0537173261305
-0.00928447928756,-0.0188235294118,-0.0167672702884,-0.0363731421316,-0.0109280016866,0.0357698289269,-0.000893655049151,0.0098292809105,-0.0194579569145,0.0235165987657,0.00636669561442,-0.00948991696323,-0.03359462486,0.0259939791923,-0.0129306850426,0.0053949980947,0.00261551874455,-0.0119477485132,0.0370368709874,-0.0133947492583,-0.0429234338747,0.0727272727273,0.0153230019154,0.0174050632911,-0.00391542678152,0.0131306150657,-0.0077519379845,-0.0293791574279,0.0327160493827,0.0137265672848,0.0533760491607,0.0606060606061,0.00984251968504,-0.0243261479456,0.0401188707281,-0.0149893575561,0.00498741912293,0.0865299305882,0.0420048084095,0.00641150184574,-0.0507399577167,-0.00915750915751,0.00429184549356,-0.0333665338645,0.00657501494322,-0.00894278354991,0.0152196447582,0.0352137351086,0.0276206896552,-0.0159140204226,-0.0448717948718,-0.0107223476298,0.0070846617074,0.0407475490196,-0.0384637018149,0.023,-0.00307345354395,-0.0113085621971,-0.0306415062668,-0.00676851672791,-0.0373540856031,0.0138288274274,-0.0319211396434,-0.0453980801807,-0.00889453621347,0.0204081632653,-0.0025871459695,-0.0204939569101,0.0248479748504,0.00864981062545,0.00355807773724,0.0355846042121,-0.0438216972156,0.0443442247397,0.0294117647059,0.00111500477859,0.0589879535454,-0.016145013697,-0.0227491501054,0.0158206481709,-0.0133097082578,-0.00578170838776,-0.0190650956152
-0.0302063161921,0.00799360511591,-0.0272851296044,-0.0396837699581,-0.0365212448487,-0.00825825825826,0.00357781753131,-0.0112704918033,-0.0623671155209,0.00685741310002,-0.0242485694099,-0.014371257485,-0.0393974507532,-0.0312492873703,-0.0184660452001,0.008078994614,-0.0339130434783,-0.0394833485606,0.0221435395942,-0.0197954998622,-0.00606060606061,0.069612590799,0.0064740181787,-0.0272161741835,-0.0165094339623,-0.0347885402456,-0.0458984375,0.0553185294678,0.00777047220562,-0.00949219260929,-0.0192707870165,-0.0152380952381,-0.0272904483431,-0.030465167067,0.00761904761905,-0.029217518337,0.0547681852729,0.0486734873593,0.0364332048615,-0.0276544401544,-0.0378619153675,-0.0175600739372,0.00641025641026,-0.00257599175683,-0.00771971496437,0.00601565237706,0.0193585330013,0.0127489140859,0.00834423900764,-0.0298662704309,0.0589112602535,-0.0142612664005,-0.00410364638293,-0.049749779217,0.0057132271934,0.0415444770283,0.0488664231019,-0.016339869281,-0.00862224466972,-0.0311526479751,-0.0226354082458,0.0113693901036,-0.00836312563841,-0.0199929019283,-0.024358974359,-0.01,-0.00129692832765,0.0166309012876,-0.0141367664374,-0.0145633531233,0.0284235406756,0.0224403927069,-0.00416807480005,0.00180649823221,0.0553571428571,-0.0173428798727,-0.0100641997173,-0.0450829383886,-0.00558589561358,0.00755298418405,-0.0287881951695,-0.0329104654419,-0.0177954410404
0.0032170193884,-0.0071371927042,0.015427769986,-0.00201775625504,0.0522492625369,0.0325510976533,0.0213903743316,0.0373056994819,0.0219198790627,-0.0072804133396,0.0172896963801,0.0164034021871,0.00241254523522,0.0235397507925,0.00546691955818,0.0275848421886,0.026102610261,0.00839286047336,0.0317978606866,0.0069233265871,0.00487804878049,0.0141482739106,-0.051416400426,0.00399680255795,0.00799360511591,0.0247349823322,-0.0204708290686,0.0484714720769,-0.0112692763938,-7.54579353451e-05,0.0131026540809,0.0328820116054,0.0160320641283,0.0095168374817,0.0179584120983,0.0391572875192,0.0226347914547,0.028841015619,0.014210961563,0.0885987988286,0.00462962962963,0.0602069614299,0.0329087048832,0.00464876033058,0.0311190903651,0.0787227866473,0.0183885486109,0.0629421266641,0.0303275688028,-0.00898555164139,0.019014084507,0.00752314814815,0.00821756534024,-0.020136307311,0.035722941205,0.0286250586579,0.0308912365083,0.0498338870432,0.0543522561863,0.079421221865,-0.000827129859388,0.0134716912434,0.0532897701667,-0.0194350555287,-0.011826544021,0.0282828282828,0.0343790581642,0.0976253298153,0.006733662814,0.0399588053553,0.015797282751,0.0418381344307,0.0627639517345,0.0306550915789,-0.00423011844332,-0.00399395509499,0.00880754145737,0.100192319623,0.0402738420643,0.0449032219374,-0.00554703513122,0.0200218257945,0.0231205215414
0.00963239630431,0.0335463258786,-0.00345303867403,-0.0393853619086,-0.0190980131058,-0.0241935483871,-0.0043630017452,-0.0314685314685,-0.0170118343195,0.0278763504455,0.0249612866419,0.0161386730424,-0.00240673886883,0.0161831897213,0.0150840545939,0.00777985326118,-0.00526315789474,0.0299443283334,-0.0203198209462,0.00114766484081,0.0109223300971,0.0212053571429,0.00112268726424,-0.0031847133758,0.0325138778747,0.00344827586207,0.0616509926855,-0.0311307674402,0.0227954409118,0.0414924190495,0.000716024631247,0.0524344569288,-0.00788954635108,0.0216991130697,0.0427112349118,0.027816327762,0.0507336483462,0.0635591962722,0.0302363547284,0.0291811052344,0.0437788018433,-0.0434782608696,-0.0668036998972,0.0313624678663,-0.00870574579222,-0.00784851909657,0.0409112658834,0.00786039930828,0.0396951002875,-0.0109989181392,0.000691085003455,-0.00172314761631,-0.00931829328102,0.00853619981031,0.057993260951,-0.00547445255474,0.0204584166482,-0.0126582278481,0.0137435458486,-0.00837801608579,0.0289735099338,0.0133075863721,0.0440841648457,0.0524436784439,0.00398936170213,0.0442043222004,0.020681908286,0.00240384615385,0.00138923576424,0.0225787284611,0.0393659067476,-0.0335747202107,-0.00590750235058,0.0253776233681,0.00424808836024,0.0160127885553,-0.0235232930905,0.0740949588361,0.032398813972,0.0176772749448,0.0176852118766,-0.00491266375546,0.0124292118176
0.00371154595016,0.0108191653787,0.037422037422,0.0345175955548,0.00668048013718,-0.0285499624343,-0.00964066608238,-0.0304280556988,-0.0135440180587,0.0504046952319,0.0165766357964,-0.000588235294118,0.0349819059107,0.0109011353778,0.0338874199785,0.00945865897235,0.0546737213404,0.05250870955,-0.054959998661,0.0137377341659,0.0258103241297,-0.0295081967213,-0.0247611357825,0.000798722044728,-0.0130568356375,0.0329896907216,0.0167322834646,-0.0813094753115,0.0228739002933,-0.0118286387103,0.0509713079565,-0.0320284697509,0.00198807157058,0.0110832059402,0.013357079252,-0.0355465539509,-0.00441814595661,-0.00706023524815,0.000715911783187,-0.0458975722134,0.0264900662252,-0.0408163265306,-0.00220264317181,0.0353938185444,0.00351288056206,-0.0456238529622,0.0219628674311,-0.0705038215567,0.0175934555245,-0.005235056648,0.00759668508287,0.0103567318757,0.00881659594531,0.0025078369906,0.0251778194557,0.0325688073394,0.000934375963859,-0.036858974359,-0.0142381467939,-0.00657128909917,0.00643604183427,-0.00146248504277,0.0139181594661,0.0150894841502,0.0105960264901,-0.0827845719661,0.00861008610086,-0.0532374100719,0.0211447633002,0.00653689715282,0.0177594687315,-0.00613079019074,-0.00198086944107,0,-0.0186125211506,0.0281607509534,-0.00963074854404,0.00241495170097,0.0104606906858,0.0187660378423,0.0429985695469,-0.0177509599561,-0.00330852885456
0.0110934639493,0.00764525993884,-0.0146960587842,0.0228678385417,0.00386812874836,0.0332559938128,0.0176991150442,0.00425531914894,-0.0183066361556,-0.00949494211737,0.0163115463638,0.0335491465568,-0.00582750582751,-0.0124402985075,-0.00459931142493,-0.0144620277126,0.0117056856187,-0.0115168060058,0.0771771519147,0.00959877329902,0.0117027501463,-0.00225225225225,0.00459960443402,0.0111731843575,0.00933852140078,0.000665335994677,0.0329138431752,0.0662429362471,0.0183486238532,0.0144571540304,0.0109270086037,0.0147058823529,0.0198412698413,-0.0456648127149,0.00219683655536,0.0725264022887,0.0441001664157,0.0737742928207,-0.00214619886051,-0.0460624071322,-0.0301075268817,-0.00193423597679,0.023178807947,-0.0235917188252,-0.0180863477246,0.0390235353741,0.0265886998026,0.0801029255468,-0.00127201864271,0.0407917473949,-0.017135023989,-0.00455580865604,0.0168948918073,0.0225140712946,0.00506549766141,0.0413149711239,0.00931691091837,0.0291181364393,0.00412383952255,-0.00188993045056,0.017585931255,-0.0029144598633,-0.0042581446037,-0.013943304909,0.0380078636959,0.0461538461538,0.0115532734275,0.0840932117528,0.0164479960922,0.0138067061144,-0.00596994720455,0.0157642220699,0.00198480107287,-0.0110991037839,0.0362068965517,-0.00329399559071,0.00903672879234,0.00481826751859,-0.00517619872906,-0.00322460107671,0.0499979631465,0.00402090872537,0.0109431936306
0.0339584632356,0.00758725341426,-0.00474576271186,-0.0732755191344,0.0649391968326,-0.0351796407186,-0.000869565217391,-0.0323093220339,0.037296037296,0.0333665155034,0.0180559688857,-0.00113895216401,-0.0222743259086,0.00335517217928,-0.0103962663728,0.0535302704364,0.0289256198347,0.0458099594373,-0.0618032948604,0.0397091442437,0.0080971659919,0.0169300225734,0.00691360285701,0.060773480663,0.0562837316885,0.0598404255319,-0.020618556701,-0.0283231138363,-0.0208333333333,0.0259302983942,0.00540444983206,0.0108695652174,0.0291828793774,-0.00669558657111,0.0293730819816,-0.0261634506243,-0.0101324427915,0.0307408425268,0.0265232790042,0.0450253115265,-0.0110864745011,0,0.00862998921251,0.0177514792899,-0.0190136660725,0.0159640421575,0.0341581266279,0.00906313118235,0.0396865829801,-0.0493056953109,0.00278940027894,0.0411899313501,0.092768343406,-0.0321100917431,0.0179704470718,0.0089590443686,0,0.034761519806,-0.00684483885392,0.0747936075134,0.0290652003142,0.0212472365239,0.00333410645947,0.0338903821433,0.0770202020202,-0.0274509803922,-0.0120241116751,-0.0196261682243,-0.0198837610945,0.0136186770428,0.0683925969304,0.0222672064777,0.0554464986794,0.0198509535195,0.00665557404326,-0.0170448631206,0.0303011769229,0.0469092046284,-0.0086757566607,0.0337387537488,0.00919495635306,0.0409825123482,0.0162597032802
0,0.0865963855422,0.0156675749319,0.0989010989011,-0.0325643153527,-0.011636927851,-0.00522193211488,-0.00109469074986,-0.00411985018727,-0.0318609961467,-0.00148175774773,0.0228050171038,0.111510791367,-0.00753142487027,0.0297722470063,-0.0221326867331,-0.0441767068273,-0.0289491491855,-0.0267774214465,0.0328138339593,0.00286861732645,0.00221975582686,0.00227355401964,0.00520833333333,-0.00729927007299,0.0414052697616,-0.0287081339713,-0.0138170963246,-0.0230017251294,0.00550705407833,0.0161345691727,-0.0376344086022,-0.0264650283554,-0.00385455235925,-0.0281090289608,0.00390465644851,0.0213540867965,0.00994134227165,-0.00837929411607,0.0308351576692,-0.00448430493274,-0.00193798449612,-0.0106951871658,0.0227713178295,0.00363416111448,-0.0157131960336,0.00319530178831,-0.0192978854445,0.0211095757504,0.0432102032176,0.0229485396384,0.0362637362637,0.0173066408714,-0.0252764612954,-0.0127106492805,-0.00887949260042,0.0290755623401,0.02421875,-0.00137840271525,-0.03523484021,-0.0114503816794,-0.0208051838615,-0.0156326754703,0.021815304623,-0.0175849941383,0.0272177419355,0.0194919880543,0.0023832221163,0.0220032790402,0.0781798604934,0.025085722298,-0.00528052805281,-0.0168912635477,-0.0186186282961,0.0512396694215,0.00950414317105,0.00601260187078,0.0114507617246,0.0192490188038,0.0129610229135,-0.00248603208775,0.0230614687527,-0.0349288414499
0.00303845618593,-0.001386001386,0.0529845741113,0.03796875,-0.0128156738951,0.0196232339089,-0.0288713910761,0.0164383561644,0.107559232794,-0.00958172102451,0.0276298588222,0.0178372352285,-0.0183387270766,0.00758857767289,0.0232373308665,0.0109066502601,0.0100840336134,0.0213988272287,-0.00930044116323,-0.0296889111143,-0.0108695652174,0.0354374307863,0.0159695127484,0.0281273131014,-0.0154411764706,-0.0174698795181,0.0256157635468,-0.0274872023147,-0.0194231901118,0.0112223746825,-0.0509311140409,-0.00744878957169,0.0233009708738,0.0261141397583,0.00350569675723,0.00179960524788,-0.0175669081491,0.330643032246,0.00492852124095,-0.0119741539018,0.0427927927928,-0.00291262135922,0.0335135135135,0.0497394599716,0.050694025347,-0.0676078552934,-0.0366435945565,0.0013083525225,-0.0568560267964,-0.051616994293,0.0598232494901,-0.0217391304348,-0.0072141720239,-0.00583468395462,-0.027183802486,-0.00127986348123,0.0515693306458,0.0152555301297,-0.0338417573576,-0.00456520945181,-0.00540540540541,0.0109797171981,-0.0211794751365,-0.00176991150442,-0.00477326968974,-0.0431795878312,0.0041892402671,-0.057536852116,-0.00148428012414,-0.0359081238331,-0.0358621718748,0.07100199071,0.0381638690149,-0.00948182445079,-0.0251572327044,0.00498269170251,0.107639005968,-0.0306162630439,-0.0163107197867,-0.0251528129516,0.131959610493,0.0460024651639,0.0407138372207
-0.0110879870505,0.00485773768217,-0.0152866242038,-0.0173114556676,0.0313863158444,0.0123171670516,0.0216216216216,-0.0177897574124,-0.0207130730051,0.0299906976744,-0.0177658367429,0.00383351588171,-0.0010989010989,-0.0142268615799,-0.0132934360476,-0.00995905720925,0.237104825291,0.0134788830832,0.028531312195,-0.0123458452,-0.00462695199537,-0.0288770053476,0.024694114495,-0.0287976961843,-0.0119492158327,0.0404659717964,0.0278578290106,0.0415951481863,0.00840336134454,0.0379705174176,0.0682936993723,0.0093808630394,0.0986717267552,0.0273257541982,-0.0061135371179,0.0315813872631,0.00767966988882,0.0348052831472,0.0182207192823,0.0564803804994,-0.00215982721382,0.0428432327167,0.0167364016736,0.028880866426,0.00114876507754,0.0387753804935,0.01819366388,0.0275440338682,-0.0109698887747,0.0275474725863,0.00833867864015,0.0162601626016,-0.0150537186641,-0.0224975546136,0.0374979143432,0.0730457069628,0.0396554728536,0.0232907588279,0.0343092209172,0.012841209275,0.0186335403727,0.0123281036735,0.0801331553929,0.0721409574468,0.00359712230216,-0.0369230769231,0.0238072833349,0.0378405650858,0.0178603603604,0.013691226806,0.0284516669891,0.00371747211896,0.0294219969186,0.0165344737562,0.0508064516129,-0.00383591670581,0.00660593468648,0.035137605362,0.0148400892742,0.0357580044068,0.02858796559,-0.0107651441011,0.0230161049634
-0.0269960599081,-0.0276243093923,-0.0116429495472,-0.0235140931373,-0.00210625642408,0.00228136882129,-0.0255731922399,0.00713501646542,0.00520110957004,0.00715292077598,-0.0215025803096,-0.012547735952,0.012101210121,-0.0169763461891,-0.0331264275851,-0.0242911963042,-0.0961667787492,-0.00738867726258,0.0302889734176,0.00163164217581,-0.0104590354445,-0.0165198237885,0.038349239552,0.0363232023721,0.0287226001512,-0.0265173836181,0.0214953271028,0.0389233726998,-0.0184523809524,-0.021077752374,-0.00586777195335,-0.0204460966543,-0.0103626943005,0.0293654955427,0.0079086115993,-0.00820132569374,-0.0219534389929,-0.0521409659454,-0.0020649595674,0.249036838232,0.112554112554,-0.0130718954248,0.00205761316872,-0.0131578947368,-0.047619047619,0.0407167196943,0.0546821272448,0.034486266531,0.0571246308815,-0.0451327433628,0.0209923664122,-0.0165333333333,-0.0516224500581,-0.0466977985324,-0.0474848277088,-0.0382165605096,-0.0246145005268,0.00734214390602,-0.00621915583289,-0.00905600231834,-0.00228658536585,-0.00930745030952,-0.0141046464815,0.0241860465116,-0.0645161290323,0.0660276890309,-0.0191789215686,0.00583373845406,-0.0161971986812,0.00675315443398,0.0621261333567,0.0037037037037,0.00535895331434,-0.00770472556501,0.0115118956255,0.0597249508841,0.00356859335425,-0.0226626115962,0.00171562136582,0.0262242124201,-0.00498714596229,0.00363416111448,-0.0127819589553
0.0214606714571,-0.0163352272727,-0.0032722513089,-0.0241587575496,-0.00209381648712,0.0235204855842,0.041628959276,0.0321525885559,0.0027595722663,-0.0177911689802,0.0244741307059,0.0060773480663,-0.0391304347826,0.0172695195312,-0.0116184400192,-0.0120088586811,0.000744047619048,-0.000744367618354,0.0814762723566,0.0189899131273,-0.00528479154433,-0.0123180291153,-0.0263986234104,-0.0128755364807,-0.0301249081558,-0.0193704600484,-0.0210430009149,0.102508248033,0.0278956943602,0.0388239171696,-0.0354307857067,0,-0.00174520069808,-0.0249617931737,-0.0174367916303,-0.00441776166742,-0.0198488079085,-0.0683208275942,-0.0241377371099,-0.0397518541623,-0.0661478599222,-0.0160832544939,-0.0225872689938,-0.0115555555556,-0.0132530120482,0.0661363338293,-0.00924219658095,0.00368767823778,0.00402947159417,-0.0225971760345,-0.00809968847352,-0.00216919739696,0.0233154269665,-0.00244926522043,-0.0156220841886,0.000827814569536,-0.0100893558523,-0.00510204081633,-0.0285105639951,-0.00548325778623,0.0206264323911,-0.00289749030511,-0.0290916259487,0.000807346856393,-0.0102171136654,0.128871128871,-0.040326107328,0.0570323827936,0.00395102824198,-0.00300088261253,-0.0232363185548,0.0184501845018,-0.00355359200922,-0.0284700140501,0.00151745068285,-0.00573476702509,-0.00237311375125,0.046326038948,0.00171268305019,0.0102241899985,0.00286091305264,0.0153691410179,0.0255945667174
-0.00358789760964,-0.00505415162455,-0.0190413657255,0.0391447632827,-0.0242309384412,0.0281690140845,-0.0260642919201,0.0401267159451,0.00515995872033,-0.0280831172625,0.00438979372958,-0.00768808347062,-0.012443438914,-0.0101842796895,-0.0140979156961,-0.0130437303136,-0.00743494423792,0.037229551888,0.020304508148,-0.0117130866082,-0.0200708382527,-0.0170068027211,0.0347012673506,0.000724637681159,-0.0030303030303,0.00185185185185,-0.0327102803738,0.0210143676507,0.0100294985251,-0.0137960460816,0.0156455262779,0.011385199241,-0.00874125874126,0.0164486722156,0.00887311446318,0.0337637956537,0.00882015583594,-0.0209561028059,-0.0169616206679,0.00083011513336,-0.0208333333333,-0.00192307692308,-0.0283613445378,0.0143884892086,0.00732600732601,0.050678068914,-0.00984347726557,-0.00367412923137,-0.00481789893076,-0.0609643863123,-0.0188442211055,-0.0304347826087,0.0119584395217,0.00245527884953,0.0136041525615,-0.0239867659222,-0.0390824550527,-0.0117216117216,0.0737276498458,-0.0220539586856,0.0127245508982,-0.00868837782702,0.00713550202318,0.0169406070384,0.00645161290323,0.0141592920354,-0.0129544640823,0.0649291266575,-0.0330296467777,-0.0111986543909,-0.00328792292722,0.0018115942029,-0.0213975903614,0.0310803267874,0.0242424242424,0.0152151753972,-0.0363081663168,0.013287283542,-0.0119912332037,0.0118053884251,-0.0835701412001,-0.00534928874272,-0.0215774437746
-0.00565505354002,0.00362844702467,0.00267737617135,0.0158570544554,-0.0216071862102,-0.00793078586878,0.0392506690455,0,0.00616016427105,-0.0214172991659,0.0029104273759,-0.0160486995019,-0.0252004581901,-0.00943228744549,0.0148953218417,-0.0202451345107,-0.012734082397,-0.0193750199496,-0.0176543051556,-0.00969964868934,0.0078313253012,0.00173010380623,0,-0.0231716147719,0.00227963525836,-0.0135551447936,-0.00772946859903,-0.0157628249086,-0.0221962616822,-0.0303576579175,-0.0227729795135,0,-0.00352733686067,-0.0206845211719,-0.0158311345646,0.0278458024929,-0.00439112365718,0.198449825236,-0.0222855586132,-0.0246664262532,-0.0063829787234,-0.000963391136802,-0.0335135135135,0.0443262411348,-0.0169696969697,-0.0162178529614,-0.0115134525908,-0.0185367292752,-0.0153321644263,-0.0335897359746,-0.0044814340589,0.0313901345291,-0.00966464333376,-0.00419874037789,-0.0238595678737,-0.0245762711864,-0.0150283448175,0.000741289844329,-0.031336208051,-0.00281891302714,0.00739098300074,-0.0131615959731,-0.0349351266506,-0.00793257312841,-0.00128205128205,0.0383944153578,-0.0419455894477,-0.00300558179476,-0.00612416690479,-0.0279332109763,-0.0386877690862,0.00301386377336,-0.0163990938639,-0.0172248332882,-0.00591715976331,-0.00724868372719,-0.0296519190684,-0.0251372846052,-0.00694525098139,-0.0108413976139,-0.0155886150022,-0.0170105967652,-0.0196850995779
-0.0124192629179,0.0354302241504,-0.0140186915888,-0.0156095332369,0.0110421836228,0.0341569767442,0.0214592274678,0.0365482233503,0.0176870748299,-0.00572108739057,-0.0266229553659,0.0343082114736,0.0235017626322,0.014719518752,0.0334763890576,0.0359512390088,-0.0326251896813,-0.0102532387214,0.0225485386965,-0.0255713547809,-0.0484160191273,0.013816925734,0.0104570262051,0.0289103039288,-0.00909780136467,0.00124921923798,0.00292112950341,0.0440372226199,0.015531660693,0.0215890304386,-0.0294775673322,0.0506566604128,-0.0141592920354,0.00552016216608,0.0250223413762,0.0208271985009,0.0666299125778,0.00486377894477,0.0323518156343,0.0660356429786,-0.0192719486081,0.00385728061716,0.0089485458613,0.00933786078098,0.0098643649815,0.0401521711474,0.00794045245376,-0.0389760032063,0.0614724096314,-0.0440073755378,-0.0282958199357,0.0217391304348,0.00380360364277,-0.0228390723823,0.0274992472834,-0.000868809730669,0.0385938864629,0.00518518518519,0.00826029253187,-0.0179035844861,-0.0227439471753,0.0162926068171,-0.0127281137622,0.0514742628686,-0.00513478818999,0.0873949579832,-0.0195848965683,0.0581395348837,0.0323946726343,-0.0163020953258,-0.00341891124708,-0.00901442307692,0.0129675061333,0.030671774456,0.0677083333333,0.0234588914379,0.0133731728983,0.0313698829699,-0.00785928143713,-0.0218951311809,0.0261309735381,0.014569402229,0.0108452570247
-0.00733366996081,-0.0209497206704,0.0534867975626,0.0257580445545,-0.0262082990025,-0.049191848208,-0.027731092437,-0.039666993144,0.0127005347594,0.0220119714231,-0.00596270763908,-0.015769439913,0.00688863375431,-0.00597441292562,-0.0318239691815,-0.00173614460155,0.00941176470588,0.0133028578946,-0.0361138621522,0,-0.0433417085427,-0.0289608177172,-0.0197080893873,-0.0244956772334,-0.0221882172915,-0.000623830318153,0.0203883495146,-0.0379197177047,-0.0176470588235,0.0216703530532,0.0282524152252,-0.0285714285714,-0.00538599640934,-0.00457188113109,-0.0191804707934,-0.0275352057273,-0.0180905264712,-0.000806706183578,-0.0220792221281,-0.0214345172031,0.00436681222707,-0.128722382325,-0.00110864745011,-0.0151387720774,-0.015873015873,-0.0511960608703,-0.026255793852,0.00656831569619,-0.0301118359739,0.0242381380995,0.00595632031767,0.0031914893617,0.00539147756799,-0.0226537216828,-0.0260262660167,-0.0182608695652,-0.0319797509229,0.0235814296242,0.00546403131706,-0.0403361989561,0.00375375375375,-0.0218623601311,-0.0168369506076,0.026711026616,-0.0387096774194,0.0231839258114,0.0206431680944,-0.041921041921,0.00666852321564,-0.00950330040728,0,0,0.00914393040728,-0.0161548926246,0.0118466898955,-0.00457941672692,-0.0119375866631,0.0206224398512,0.0132143530743,-0.0172353557704,-0.0401213554544,-0.0215302882023,0.0721557889539
0.0332453250654,-0.00784593437946,-0.0109254498715,-0.0270718648669,0.0426117952041,-0.00221729490022,-0.00777873811582,-0.0163182049975,-0.0339933993399,-0.00559229170603,-0.0240143717724,0.00220994475138,-0.00798175598632,-0.0343314483483,0.00939432563848,-0.00956540222999,0.013209013209,-0.00947698099735,0.0636596789924,0.0206594707911,-0.0111621799081,-0.0286549707602,-0.00420592193809,0.0221565731167,-0.010172143975,0.0112359550562,0.00285442435775,0.0425119487652,0.00239520958084,-0.0168973171467,0.0116715868737,0.00919117647059,0.0252707581227,-0.00459287922897,0.0364444444444,-0.00997761777634,0.00169198375696,0.00121103622578,0.00364213133683,0.00627348125044,-0.0130434782609,-0.0407938257993,0.0477247502775,0.0589239965841,0.0583126550868,0.0612397653037,0.0377528223765,0.0311771712673,0.0605079322373,0.0693930073442,0.00986842105263,0.0153764581124,-0.00107682036483,0.0323767476085,0.0274875553854,0.014171833481,0.0133951839883,0.0215982721382,-0.0135824355653,0.0610277944411,0.0321615557218,-0.00446718280738,0.0236894696387,0.0566614202389,0.0174496644295,0.0370090634441,0.0196064942212,0.072217502124,-0.015043103126,-0.0047736080915,0.058422158645,0.0357792601577,0.0289791187083,0.030255891092,0,-0.0173849878935,0.0553118043682,0.0159616183051,0.0269333240259,0.00263327671788,0.0385754461064,-0.024780061644,-0.0012275943469
-0.0326796619507,-0.0366642703091,-0.0162443144899,-0.00596806696636,-0.0693602693603,-0.042962962963,-0.0557491289199,-0.0368066355625,-0.0263067987701,-0.0386442223658,-0.0235774105752,-0.0237045203969,-0.00689655172414,-0.023112,-0.0244197388992,-0.0166621141765,-0.0391104294479,-0.0619112370779,-0.0561102432324,-0.0486865107674,-0.00531208499336,-0.0108368452739,-0.00426592329785,-0.0426300578035,0.000790513833992,-0.0549382716049,0.00284629981025,-0.0637196372419,-0.0388291517324,-0.0715384786923,-0.062455066016,-0.0692167577413,-0.0457746478873,-0.0304092717397,-0.0420240137221,-0.0863726745295,-0.0376112007808,0.0197300376895,-0.0986942870271,-0.0652319396992,-0.0462555066079,0.0252873563218,-0.00847457627119,-0.0387096774194,0.0228604923798,-0.0790962665747,-0.0457368880316,-0.0945708402391,-0.0525524165051,0.03539459396,-0.0358306188925,-0.0454308093995,-0.0306362244788,-0.0548823948681,-0.0683489942414,-0.0331877729258,-0.0572699686262,-0.0739957716702,-0.0467968037161,-0.0933247898685,0.00144927536232,-0.0284393238839,-0.0718865912811,-0.0451239814247,-0.00263852242744,-0.162418062637,-0.0889953444437,-0.0994453248811,-0.00638393162134,-0.0488673600228,-0.0592519944025,-0.0626463700234,-0.0528036048615,-0.0276896774864,-0.0695592286501,-0.0515253067863,-0.0240970300964,-0.121463924079,-0.0440023564599,-0.0638074352274,-0.0487527257914,-0.0790129141637,0.00953018199786
-0.0348500454408,-0.0149253731343,-0.0264200792602,-0.0578557504873,-0.0531559612602,-0.0565015479876,-0.0830258302583,-0.0479009687836,-0.0326315789474,-0.0362845849802,0.00209994897822,-0.0186335403727,0.0393518518519,-0.0418553611059,-0.0238393633705,0.0160515873016,-0.0830007980846,-0.0714809640238,-0.121529998721,-0.031627393377,-0.0160213618158,-0.0279975654291,-0.0191728525981,-0.0301886792453,0,-0.0574787720444,-0.0274361400189,-0.125676570227,-0.0975761342449,-0.0596733517473,-0.067346294375,-0.0978473581213,-0.0645756457565,-0.0427728337237,-0.0304386750224,-0.0870252221096,-0.0946214750965,-0.0578042134759,-0.0466991215552,-0.000828968687592,-0.0531177829099,-0.0448430493274,-0.0448717948718,-0.0486577181208,-0.0429799426934,-0.16520581052,-0.0817025116559,-0.0807632571555,-0.0784480615114,-0.0747753621134,-0.0608108108108,-0.054704595186,-0.035474400605,-0.171568627451,-0.0972970913732,-0.106594399277,-0.0532656828246,-0.076103500761,-0.0700372739271,-0.0769070879235,-0.0513748191027,-0.00616330415516,-0.105575690894,-0.0841438796109,0.0026455026455,-0.155652173913,-0.111724189009,-0.168939727233,-0.0514607016257,-0.103654883164,-0.0949081431568,-0.110555902561,-0.0780763174646,-0.0457245680199,-0.0851221317543,-0.0559351536723,-0.0987681392089,-0.0989249534836,-0.0592884907091,-0.0915109689727,-0.0496391369516,-0.0623153493023,-0.0692078499191
0.0328189933332,0.0287878787879,0.0210312075984,0.0148142017711,0.0896870652323,0.0533223954061,0.0211267605634,0.0565291124929,0.0333696046427,0.0386350586498,0.0492427084562,0.0339470655926,0.0200445434298,0.0435897435897,0.0195386493426,0.0605948173173,0.0487380330722,0.0346831681306,0.138342798893,0.0314711200936,0.0203527815468,0.00563556668754,0.0402196946763,0.0459143968872,0.0205371248025,0.04851004851,0.0447470817121,0.117799006836,0.0592286501377,0.0506826221887,0.0326175275682,0.0390455531453,0.025641025641,0.0566037735849,0.0304709141274,0.069261666068,0.0613880153362,-0.0420102904685,0.0684129286316,0.0307727118452,0.0146341463415,0.0258215962441,0.0548098434004,-0.0202821869489,0.00119760479042,0.136481561712,0.0996501664003,0.0424209510017,0.117794174112,0.0869765019454,0.0575539568345,0.0462962962963,0.0517213549473,-0.00182066454256,0.111308054272,0.0586450960566,0.0513258867258,0.0214168039539,0.0628898939488,0.0585453726638,-0.0175438596491,0.0395327660376,0.128113750249,0.0362689109308,0.0408970976253,0.116374871267,0.133697419436,0.128639491795,0.00906894329897,0.0695744206774,0.111532518612,0.00912921348315,0.0463688064393,0.0479154827711,0.088996763754,0.0168418735208,0.0609570650238,0.0582195709533,0.0912560940275,0.103801259881,0.0445183692944,0.0718856034901,0.0956765035176
-0.0174683636629,0.00294550810015,-0.00730897009967,0.0438753873756,-0.019025355152,-0.00934579439252,-0.0394088669951,-0.0128410914928,0.022815022815,0.00785815826884,-0.0164781840285,0,0.014192139738,-0.025389025389,-0.0179668737915,0.0115812343497,-0.043153526971,0.0114522550035,-0.0518461366253,0.0230301355284,-0.0332446808511,-0.0249066002491,0.0146343491456,-0.0133928571429,-0.00696594427245,-0.0264375413087,0.012104283054,-0.0352909536426,-0.00390117035111,-0.0350312084065,-0.0203087529976,-0.0313152400835,-0.0326923076923,-0.0093916716064,0.0197132616487,-0.0190263865136,-0.00905105933923,0.00262829608327,-0.0490124886953,0.00643910291589,0.0384615384615,-0.012585812357,-0.0371155885472,-0.010801080108,-0.00777511961722,-0.0318694724001,-0.0285901522147,-0.0101881331404,-0.0207679595967,0.0120349492672,-0.00952380952381,-0.0265486725664,-0.00162245121684,-0.0173278613771,-0.0461018493905,-0.00191021967526,-0.00281373614829,-0.00645161290323,-0.0131469865375,-0.0127632418634,-0.00854037267081,-0.00820093034495,-0.0436330398807,0.0311321666828,-0.0139416983523,0.0235239852399,-0.0760829594764,-0.0389305816135,0.0193078236994,-0.0342690484871,-0.0197270314672,-0.0382741823243,-0.00192745142301,-0.00172545539698,-0.0267459138187,-0.0148579161028,-0.0490597562574,-0.00379424359044,-0.0267243867244,-0.0148969800394,-0.0196673053254,-0.0142224031113,-0.0109992181267
0.00862346274714,-0.00587371512482,-0.00937081659973,-0.06,-0.0331060272767,-0.0448113207547,-0.0246153846154,-0.0341463414634,0.00377487989019,0.00873721741175,-0.012183974905,0.00667779632721,-0.0010764262648,-0.036974789916,-0.00243847749313,-0.0335450756266,-0.0346921075455,-0.0274797361658,-0.0822051227996,-0.00281446506011,-0.0213204951857,-0.0651340996169,-0.0422454415079,-0.0399698340875,0.0405300077942,-0.0271554650373,0.033118675253,-0.0803605538404,-0.072454308094,-0.0775373956857,-0.0375965730896,-0.0560344827586,-0.0397614314115,0.00188866241562,-0.0131810193322,-0.0526758195573,0.0310055293877,-0.0402423850998,-0.0706558795501,-0.00399869133738,-0.0324074074074,0.0115874855156,-0.0209251101322,-0.00636942675159,-0.0162748643761,-0.0729943576107,-0.0349818467275,-0.063161588397,-0.0416299287996,0.0230874202802,-0.0247252747253,-0.0482954545455,-0.0372232958538,-0.0505800464037,-0.0708328357021,-0.0688995215311,0.00565251248225,-0.0349025974026,-0.0392304089568,-0.0495582848524,-0.0164447924824,-0.0135375900349,-0.0258383635144,0.00975152367557,0.0308483290488,-0.121225777377,-0.0385273631841,-0.0673499267936,-0.0425903449356,-0.0427654640565,-0.0288775155023,-0.0448625180897,-0.0347437280351,0.017284377392,-0.1,-0.033652921623,-0.0488777496426,-0.140486424724,-0.00797058474677,-0.045366767955,-0.0426476488785,0.00103218111338,-0.10468771009
0.00641536744232,-0.00664697193501,-0.0101351351351,-0.0212765957447,0.0230159632958,-0.0197530864198,0.0210304942166,-0.00561167227834,0.0509401709402,0.00866153965665,-0.0148999484758,-0.0016583747927,-0.0280172413793,-0.00610820244328,0.00488887640134,0.0160834683039,0.0170709793351,0.0058212596097,0.020116869872,-0.0186226403269,-0.000702740688686,0.016393442623,0.0408573628818,0.00628436763551,-0.00674157303371,0.0383810188416,0.00445235975067,-0.000527686711277,0.0147783251232,0.0634422110553,0.0334916345428,0.0205479452055,0.0414078674948,-0.0189443428273,-0.013357079252,0.0217226987413,-0.0406801207691,0.00273132112815,0.0178892450005,0.0136866308989,0.00717703349282,-0.00916380297824,0.0213723284589,0.0531135531136,-0.0030637254902,0.0267604155735,0.0218681681834,0.0172919657906,0.0147498169875,-0.00272212543554,-0.00492957746479,0.00537313432836,0.0124997148788,0.0723362658847,0.0251073811845,0.0308324768756,0.0271471777867,-0.0151387720774,-0.0107864681668,0.0192700068012,0.0342356687898,-0.0129515282495,-0.00678152808138,-0.00594298449252,-0.00498753117207,0.0215384615385,0.0196630376288,0.00732600732601,-0.00823614087318,0.0304225352113,0.022527844522,0.0348484848485,0.012004109515,0.000857625994158,0.058524173028,0.0222310666363,0.0413923626518,0.00727986326518,0.048207752457,0.0079278904077,0.0200903117649,-0.0221346409422,0.0171114082077
0,0.00966542750929,0.0061433447099,0.00212296195652,-0.000574499629355,0.0235096557515,-0.0494335736354,0.0163656884876,0.0133376707872,-0.00284955138819,0.00260983732548,0.00553709856035,0.0188470066519,0.0219490781387,-0.00243254578499,-0.00583852313167,-0.00353356890459,-0.0115751373399,0.0453847435568,-0.0103522441193,0.0478199718706,0.0356182795699,0.0671626454026,0.0015612802498,-0.00452488687783,-0.00672043010753,-0.0168439716312,0.0439783871221,0.00138696255201,-0.00342201905545,0.00385491670111,0.0290827740492,0.0119284294235,0.0125563609383,0.0072202166065,0.0181408813123,-0.00828225940036,0.023636578963,0.0105440635637,0.0190465903363,-0.0237529691211,-0.0416184971098,0.0143171806167,0.00521739130435,-0.00245851259988,0.0716816571273,-0.0214001853315,-0.0200662739323,-0.0113085779463,0.0884648979146,0.00495399858457,0.0118764845606,0.0061727004438,-0.00136736554239,0.0498730447321,-0.0229312063809,0.0388551866042,0.0153714773698,0.00389543342563,-0.00222419928826,0.00384911470362,0.0208473436449,0.053409583225,-0.0248482017749,-0.0250626566416,0.066265060241,0.0169291977915,0.0545454545455,0.0191573408984,-0.0221432476763,-0.0149819541454,-0.00805270863836,0.00790781341835,0.00424403611877,0.0128205128205,-0.0105678847544,-0.00822594389663,0.0231900452489,0.0170411771416,0.00491411368868,-0.0162619943805,0.0268535007967,0.00371685306441
0.0122126611901,0.0139911634757,0.0318860244233,0.0216930768579,0.0588922472139,0.0467596390484,0.0687973997833,0.0671848972793,0.0478330658106,0.0249082834524,0.0572297013154,0.0143171806167,0.0402611534276,0.0506872852234,0.0243917820506,-0.0125659526073,0.0771276595745,0.037622915776,0.0323863269218,0.0342834898424,0.0322147651007,0.0285528877352,0.0503408696992,0.0335151987529,0.030303030303,0.0405953991881,0.0207394048693,0.0631940259964,-0.0090027700831,0.0581035027026,0.0199858270129,-0.00652173913043,0.0196463654224,0.0390808485053,0.0250896057348,0.0172174132811,0.0501503257057,0.0195428119667,0.0382616457555,0.05529449175,0.0413625304136,0.0205066344994,0.0412595005429,0.0155709342561,0.0160197165742,0.0537894201424,0.0517883471453,0.0455883273843,0.0588264294941,-0.0377912079645,0.0267605633803,0.0129107981221,0.0401898663323,0.0187129164765,0.0408356224372,0.0408163265306,0.0129681643943,0.0521446593776,0.04731961976,0.0534997770843,0.0276073619632,-0.0136195115973,0.0291345188938,-0.0130280678226,0.0372750642674,0.0932203389831,0.0166872929059,0.0424876847291,0.0560599440048,0.0594352809617,0.0760359552931,0.0472324723247,0.0509798377834,-0.0050793701903,0.0490506329114,0.0308617685086,0.0380164129901,-0.048154290277,0.0133910546857,0.0674479051941,0.067874705288,0.0856419150199,0.0692117109644
0.0162556593777,0.0217864923747,0.00920447074293,0.0170025711205,-0.00162857893354,0.0109717868339,-0.0167257982767,0.00520291363163,0.00490196078431,0.0149585531274,0.0113187786998,-0.00325732899023,-0.00836820083682,-0.00327064595258,0.0208354709186,0.0161244642486,-0.0362139917695,-0.00403074111893,-0.0234422268864,-0.00955024293242,0.055266579974,0.0239747634069,-0.0313531353135,-0.0316742081448,0.0235294117647,-0.0598179453836,-0.017667844523,0.000941209808823,-0.0607966457023,0.044410077812,-0.0030137732253,-0.0634573304158,0,-0.0146827477714,0.0244755244755,-0.00301251591664,-0.0159052049783,-0.00435942050914,-0.017588192048,-0.0538703629302,-0.0280373831776,-0.0478723404255,-0.0177267987487,-0.00681431005111,0.0121285627653,-0.0115413125549,0.0213352185183,-0.0195244654728,0.0277790711751,0.143419338024,-0.0109739368999,0.0521436848204,-0.00535967971071,-0.00627240143369,0.0248233392937,-0.0323529411765,0.0162323433233,-0.0223820943245,-0.0385156197689,-0.0391451544647,-0.00149253731343,-0.00537392249748,0.012580325458,-0.0453266039018,-0.00495662949195,-0.0198105081826,-0.0089527623984,0.0230360307147,0.0195540571604,-0.0276018577159,0.0066510699281,-0.0394644115574,-0.0298607841819,0.0246446111152,0.0407239819005,-0.00749809139492,-0.0412781269005,-0.0208427437569,0.02892936984,0.00548906314486,-0.00895752116372,-0.0250341565949,-0.0168369220584
-0.0206402995332,-0.0405117270789,-0.0371335504886,-0.0689120861197,-0.0574089665334,-0.0077519379845,-0.0345360824742,-0.0139751552795,-0.0545731707317,-0.0451423692319,-0.00584000477954,-0.0201525054466,-0.0284810126582,-0.025430680886,-0.0239079597156,-0.0175409257298,-0.0580700256191,-0.047737247284,-0.0554190612515,-0.0470797661456,0.0067775723968,-0.0332717190388,-0.0627673670263,-0.0514018691589,-0.0014367816092,-0.0414937759336,-0.0269784172662,-0.0480677842713,-0.0141369047619,-0.0973848055219,-0.0551841039646,-0.0607476635514,-0.0558766859345,-0.04002495825,-0.0204778156997,-0.0533300105912,-0.00989938987434,-0.0148736311226,-0.0656439259177,0.0108991825613,-0.0865384615385,0.0142768466791,-0.0212314225053,-0.0274442538593,-0.0293588975434,-0.053885192581,-0.0251786643949,-0.0536925050394,-0.0345396227099,-0.0549996581041,-0.0443828016644,-0.00660792951542,-0.030751585189,-0.0572587917042,-0.052344296711,-0.0881458966565,-0.0310919073131,0.00572363041701,-0.0462255099198,-0.0694120237833,-0.0104633781764,-0.0339168319305,-0.0502170652774,-0.0989223261488,-0.0336239103362,0.066783831283,-0.0624034232735,-0.0646651270208,-0.00866513354677,-0.0503663500678,-0.037987929524,-0.0674981658107,-0.0326863084922,-0.00994922735564,-0.0847826086957,-0.068432185929,-0.0277785119598,-0.0942401476209,-0.0361399130921,-0.0291425522308,-0.0690743829007,-0.0436141773025,-0.0779390767554
0.0195025164537,0.0503703703704,0.0230040595399,0.0336340544802,0.0492379835873,-0.01015625,0.0993059263214,0.000524934383202,0.0686875201548,0.0376346176276,0.00636508866553,0.0183435241801,0.0401737242128,0.0648148148148,0.0453968188589,0.0238117753863,0.0480507706256,0.0424804503041,-0.000370931626445,0.0130956874436,0.0526315789474,0.0554493307839,0.0212869087531,0.0443349753695,0.036690647482,0.0425685425685,0.00369685767098,0.00989930747334,0.0543396226415,0.0159657949635,0.058407256055,0.0547263681592,0.0551020408163,0.0193844389218,0.0331010452962,0.0659427443238,0.0390548481881,0.00177398983812,0.0145982366573,0.0478524171247,0.0421052631579,0.0501835985312,0.027114967462,0.0326278659612,0.0444444444444,0.00617053534809,0.0560457833665,0.00813323005422,0.0451038909849,0.0642547033285,0.0384615384615,0.0254988913525,0.16582566759,0.00621712099474,0.0288485206518,0.0488888888889,0.0789187616088,0.020325203252,0.038771072999,0.00236641582659,0.0271903323263,0.036707776359,0.0327105910511,0.012749633307,0.0193298969072,-0.101317957166,0.0617393509128,-0.0351851851852,-0.0197408819717,-0.020289192433,0.0454959398953,0.044846577498,0.0397570502025,0.0468963097071,0.00712589073634,0.0728398702448,0.0107111787734,-0.0352153667055,0.0233339284917,0.0675460477177,0.00352810863293,0.0253375712901,-0.00368580508595
0.00412968149238,0.0176304654443,-0.0205026455026,0.0095754597068,0.0248470337856,0.0181531176006,0.0441962117533,0.0341028331584,-0.0135787567894,0.00183596238151,0.044746558914,0.0272925764192,-0.00730688935282,0.000790513833992,0,0.0124510455923,-0.0268166089965,0.0236451595369,0.033645122023,0.0235016018557,-0.0226744186047,0.0428743961353,0.014910615409,-0.00393081761006,-0.00208188757807,-0.00622837370242,0.0322283609576,-0.00587925957089,0.0229062276306,-0.00814351919544,0.0234297014785,0.0966981132075,-0.0386847195358,0.0161840822144,0.0202360876897,0.0588380564302,0.0244687954126,-0.0115201385881,0.0251788009766,0.0029398008953,-0.0176767676768,0.0745920745921,0.0327349524815,0.0187873612297,0.00945626477541,0.0542461687842,0.0265328053974,0.0417467025227,0.0171156609195,0.0147992022482,0.01607267645,0.027027027027,-0.00189600689457,0.0147338403042,0.0256471601512,0.0254237288136,-0.00401431189458,-0.00557768924303,0.00622456869284,0.0980216251948,0.0352941176471,0.0161682621847,0.0226936200348,-0.0134803921569,0.0341340075853,0.0669110907424,0.040039800995,0.0703774792067,-0.00201074977766,0.0217010850543,0.024631316614,-0.0143072289157,0.0229524580842,0.0384038152412,0.0298742138365,0.0121770203408,0.0777431097244,-0.0330316742081,0.00162481052964,0.00438272256838,0.0255229270287,-0.00197867428823,0.0251619221056
-0.0221352935615,-0.019404019404,-0.0425388251182,-0.0128420345812,-0.00861800436092,-0.0348837209302,-0.0437209302326,-0.0182648401826,-0.0223309880697,-0.0361657566011,0.00372476732112,-0.0228480340064,0.0304942166141,-0.0560821484992,-0.0114260198051,0.00164215596832,-0.00266666666667,0.00318606627018,0.000722359884072,-0.00975857551533,-0.00416418798334,-0.034742327736,-0.0156657963446,-0.0378847671665,0.00695410292072,0.0111420612813,-0.0303300624442,-0.0108441510352,-0.0440867739678,-0.00235864173001,-0.0324996779477,-0.0172043010753,0.00402414486922,-0.0112388580287,-0.00495867768595,-0.0357142857143,-0.0102361600981,-0.00896716906181,-0.0254377069667,-0.0293784557991,0.0437017994859,-0.0477223427332,-0.0521472392638,-0.0318524727578,-0.0286885245902,0.0259490316358,-0.0233110150704,-0.0277197295636,-0.0117069553087,-0.0499363512518,0.000687757909216,-0.00210526315789,-0.0129135006524,-0.0430913348946,-0.0296897597387,-0.00413223140496,-0.0153333917463,-0.0224358974359,-0.0285940483398,-0.0408514298,0.00142045454545,-0.0098504027618,-0.0216864436121,-0.0435911914173,0.0721271393643,0.0438144329897,-0.0130879032567,0.00657501494322,-0.0273780464179,0.087644170378,-0.0104256449613,-0.00687547746371,0.00373957719195,-0.016947411668,-0.0167938931298,-0.0464383673248,0.0445904912441,-0.0270628607082,-0.00649958629099,-0.0367357131591,-0.00256451141407,-0.0153541138892,0.0204955121029
0.0126294671453,0.0134275618375,0.0303244005642,-0.0391973471644,0.015221337802,-0.0104417670683,0.0233463035019,-0.0046511627907,0.0165832290363,-0.00962321989834,0.0143787251813,0.0271886895052,-0.0183673469388,0.0200836820084,0.035258794771,0.0442290877295,0.0017825311943,0.0301538570118,-0.0202377254651,0.0202889340262,0.0274790919952,0.0575884823035,0.00894730591076,0.0188679245283,0.0241712707182,0.0034435261708,-0.000919963201472,-0.00698425601095,0.00878477306003,-0.007606614671,0.00839784680349,-0.0109409190372,0.00200400801603,0.0653439844712,0.0340531561462,-0.025306122449,0.016384552814,0.00724061029405,-0.0225008473168,-0.00981468771448,0.0197044334975,-0.00341685649203,-0.00647249190939,-0.00865800865801,-0.0108499095841,0.0226800194787,0.010896230741,-0.0127062393324,0.0185009826693,-0.0236242683529,0.0481099656357,0.0210970464135,0.0154928756099,-0.00978952520803,-0.00885636533228,-0.0363070539419,-0.027051076704,0.00573770491803,-0.0015900410694,-0.0112082492715,0.0297872340426,0.0359660948662,-0.0189820474873,-0.0275121029638,0.0250855188141,-0.0526748971193,-0.0279576563651,0.0112826603325,0.0147157243929,0.0354349309675,0.0234811244213,0.0138461538462,-0.0149025794217,0.0188068122453,-0.0100931677019,-0.00119613818244,0.00752598255883,-0.102204408818,0.0392745602981,0.0236051794949,0.00859255312063,0.0246543469506,-0.0174673397422
-0.0171504272688,0.010460251046,-0.0164271047228,-0.00230088495575,-0.00374828060523,0.00487012987013,-0.0304182509506,0.021287642783,0.0289319790705,0.0145750891353,-0.0137164457003,0.0068819481207,0.0031185031185,0.00656275635767,0.01898596104,-0.00392505756751,0.020462633452,0.000770745910765,0.016596936019,0.00227373117862,-0.00523255813953,-0.0022688598979,0.0029821463606,0.036231884058,0.00472016183412,-0.00205902539465,0.0156537753223,0.0542205659016,0.0609579100145,0.0183919207613,-0.00378198417414,0.0530973451327,0.01,0.00532595175108,-0.0240963855422,0.0319808921149,0.00423018292683,0.0431216105497,-0.00736742608281,0.0121993484439,0.0169082125604,-0.00342857142857,0.0184581976113,0.0305676855895,-0.00487507617307,0.0469046958524,-0.0169421370453,0.0466128825714,-0.0225241424073,0.0405190677966,0.00327868852459,0.0185950413223,0.00907350689127,0.073652990608,0.0365569698851,0.00968783638321,0.0421204915443,0.0334148329258,0.0310751870673,0.0430741328497,-0.0158402203857,0.00146588087474,0.0381739472649,0.037032540068,-0.0211345939933,0.0451781059948,0.0355832136588,0.0234879624193,0.0106706239842,0.0453254917867,0.0134530193518,0.0349013657056,0.00189100325389,-0.0169213414009,0.036862745098,0.0529782441333,0.0124654177535,0.116071428571,0.0133911154694,-0.010637305216,0.07508915599,0.0363100436681,0.0423125607267
0.00422581389418,-0.0048309178744,0.00278357689631,0.0204896221394,-0.00214007110559,-0.0218093699515,-0.0132352941176,-0.0172852058973,-0.00358959018845,0.00764626375748,-0.00231944826539,-0.00736067297581,0.00829015544041,0.0122249388753,-0.00986707469886,0.00157620974098,0.0052310374891,0,-0.0377337772429,-0.00113530200252,-0.0292226767972,0.0153496304719,-0.022612573843,-0.024864024864,-0.0120805369128,0.0123796423659,0.00453309156845,-0.0476209936962,-0.00683994528044,0.00208504173262,-0.00456318400424,-0.00420168067227,0.0237623762376,-0.0167994005193,-0.0189300411523,-0.0116925666536,-0.00842472771432,-0.00603113750058,-0.0120587005082,0.00907347805245,-0.00950118764846,0.0183486238532,-0.0138592750533,0,-0.00612369871402,-0.0395073544825,-0.00521983884829,-0.0338309066438,0.003714903583,0.0116383997779,-0.0281045751634,-0.0182555780933,0.0146450658269,-0.0244014732965,-0.0274335454886,-0.0351812366738,-0.00565661400989,0.0149842271293,0.00463372607461,0.0130406433384,-0.00419874037789,-0.0081102879675,-0.0170899671468,0.0160402763142,-0.0181818181818,-0.00249376558603,-0.0424114021572,-0.00631095811819,-0.00238505881073,-0.00897274226404,0,-0.00293255131965,0.0113246046591,0.00391195493428,0.00907715582451,-0.0268623574968,0.0129209053222,0.02,-0.0101031120915,0.00895972837876,0.0309601326863,0.0194045888376,-0.00402378351104
0.0152843444298,0.00208044382802,0.0388619014573,0.0155584528466,0.0392957210557,-0.018166804294,0.0561351217089,-0.0201758923952,0.0294205944161,0.0142566971985,0.024627145961,0.00476694915254,0.0184994861254,0.0297906602254,0.00387932130956,0.013359212436,0.040763226366,0.0354098921787,0.0463796825861,0.0272436516538,0.00842865743528,0.00839865621501,0.0311812032182,0.0454183266932,0.0326086956522,0.0122282608696,0.0243682310469,0.0350047202197,0.0406336088154,0.0850804686657,0.0297776425161,-0.0168776371308,0.0599613152805,0.0215884719687,0.0285234899329,0.0585766423358,0.030655593402,0.0398682972719,0.0938952545671,0.0396321807879,0.0215827338129,0.0664414414414,0.0443243243243,0.0262711864407,0.0203327171904,0.0190817376982,0.00787374182476,0.0795289052112,0.0311111508444,0.0735556470427,0.0154673839946,0.00206611570248,0.043805855738,0.0759792354884,0.0273989741023,0.0419889502762,0.0154455953976,0.030303030303,0.0446169892224,0.054709289852,0.0140548137737,0.0252827177039,0.0574321067009,0.0565798571099,0.0173611111111,-0.01,0.0847580353192,0.122979214781,0.0362352134942,0.0164929281065,0.0257666735685,0.106617647059,0.0485069607909,0.0374084272874,0.023988005997,0.0616912930963,0.0388848638066,0.0352941176471,0.00470894910551,0.0426648505729,0.0223202049693,0.0301959325397,0.0392680272284
-0.0108976573014,0.0173010380623,-0.0120240480962,0.00659020883259,-0.0176069229489,-0.0193439865433,-0.0319849482596,-0.0374868004224,-0.0393700787402,-0.0215378802192,-0.0276637109834,-0.0105429625725,0.0221997981837,-0.00469116497263,-0.00331318813587,-0.0108536227633,-0.015,-0.0126448371047,-0.0832431819371,-0.013261549424,-0.0208955223881,-0.05941143809,0.0117226923376,-0.0251524390244,-0.0269736842105,0.00604026845638,-0.0193832599119,-0.0975860031717,-0.012574454004,-0.0408591589643,-0.0303942665571,-0.0450643776824,-0.036496350365,-0.00263719485747,0.010603588907,-0.0206860886054,0.0281099145934,-0.00333821853118,-0.0566514734159,-0.0122393028493,-0.0516431924883,-0.0168954593453,-0.0207039337474,-0.0222956234517,0.0320048309179,-0.111526401707,-0.017706955071,-0.0589477388703,-0.0316117117664,-0.0406706719502,-0.0218543046358,-0.0231958762887,-0.0196313743753,0.0298245614035,-0.0258814492862,-0.033934252386,0.0336293814596,0.0120663650075,-0.0368241993935,-0.0152563059398,0.019404019404,-0.0101486311832,-0.0358792778554,-0.0561675209947,0.0250284414107,-0.0622895622896,-0.0689757472373,-0.0786632390746,0.00632026693922,-0.0487241213288,-0.0403368694911,0.0232558139535,-0.0249194207918,-0.0225371863575,-0.0453879941435,-0.0287781097657,0.00701848101078,-0.0113636363636,-0.0250036616241,-0.0204531191967,-0.0489462395673,-0.00812518808306,-0.00448433735189
0.0041903477507,0.0210884353741,-0.00676132521974,0.0130090978658,-0.0174142837783,-0.00686106346484,0.00874635568513,-0.016456390565,0.00910746812386,0.0134002703225,0.00559757581542,-0.00319659030368,0.0148075024679,0.0157109190888,0.0193604566169,0.0164677970832,0.0338409475465,0.0105467572907,-0.0275169988723,0.00616023429351,0.0201219512195,0.00649350649351,0.00867096378146,-0.00938232994527,0.0189317106153,0.0273515677118,0.0116801437556,-0.00750022971607,0.0207774798928,0.0273433214273,0.0236983978816,0.0539325842697,0.030303030303,0.0273636600852,0.0161420500404,0.0131432259579,0.0152779282696,0.0267588886166,0.0655138098397,0.0240549828179,-0.0371287128713,0.0016111707841,0.0443974630021,0.0574324324324,0.081919251024,0.0187326896577,0.0169661263118,0.0234978808277,0.00593601991208,0.0245397410558,0.00609343263372,0.0501319261214,0.0163886503572,-0.00212947189097,0.0611868106507,-0.0115257958288,-0.00232394581537,0.0201192250373,0.0114719229676,0.0506093782276,0.0285520054385,0.0205053637402,0.0646091767413,0.0622833371851,0.0299667036626,-0.00448833034111,0.104317692982,0,-0.0267503080542,0.0247494685697,0.0293419960971,-0.0012987012987,0.0200799250086,0.0361223548701,0.0375766871166,0.0267702936097,0.034258433837,0.114942528736,0.0168247564273,0.0408974426024,0.00553996249494,0.0418284789644,0.0178666835423
-0.00470046525013,-0.0306462358428,-0.0319945541184,-0.00637904985731,-0.0134128680781,-0.0267702936097,-0.028901734104,-0.0295593976576,-0.00481347773767,-0.00281990701928,-0.00139516343343,0.00908605024051,0.00389105058366,-0.00232018561485,-0.0260448817474,0.00308917416077,0.00654664484452,-0.0178914584852,-0.0493105911595,-0.0150241930178,-0.00478182904961,-0.00938416422287,0.0410802586535,-0.00394632991318,-0.0258792302588,0.00519480519481,-0.0230905861456,-0.0798277997014,0.0249507550886,-0.0433407693951,0.0336081284776,-0.046908315565,-0.00551470588235,-0.00773815571133,0.00238284352661,-0.00619679156773,0.00868018498755,0.00976864662252,-0.065756056398,-0.0327181208054,-0.00514138817481,0.026273458445,-0.0151821862348,0.00239616613419,0.0232558139535,-0.0528700636601,-0.0104290839567,-0.0275257292491,-0.00810830055005,0.0304981141891,0.00471063257066,-0.000502512562814,-0.0331655581521,0.0388390951771,-0.014416977781,-0.0172126596335,0.00853587519539,-0.0241051862673,0.00756120706016,-0.0127801808887,0.00264375413087,-0.0043036391922,-0.00875011104202,0.0480800609159,0.051724137931,-0.0982867448151,-0.0308025247971,-0.0619419642857,-0.000483414286043,-0.0458339507087,-0.0208087367178,-0.0110533159948,0.00894757206423,-0.0215112253981,-0.0206947524021,0.0260723296888,-0.035930276458,-0.0824742268041,0.0173378076063,0.0041827865146,-0.0377981740837,-0.0192009008309,-0.0111095369769
0.0167943713556,-0.0164948453608,0.0126582278481,0.0454468660247,0.0201307098172,0.0337178349601,-0.0188492063492,0.0362068965517,0.00816203143894,0.0236930602262,0.0176539912752,-0.00317796610169,0.0290697674419,0.0077519379845,-0.0150384122919,0.043081029291,0.0430894308943,0.0356757303826,0.0922593926917,0.0322028923905,-0.0048048048048,0.0260509177028,-0.0265984654731,0.0380348652932,-0.00408719346049,0.0077519379845,-0.00818181818182,0.0996566599172,0.0204996796925,0.00729333986592,-0.015897592856,0.0357941834452,0.0351201478743,0.0268425453491,0.054675118859,0.0351398601399,0.024335190802,-0.00886869429707,0.0411343910519,0.0264527320035,0.0206718346253,0.0276907001045,0.0184994861254,0.0135458167331,-0.0068710359408,0.113103851357,0.0400435293707,0.0298703738493,0.0267670468311,0.00635241160262,0.0234427327528,0.0477626948215,0.00741842521149,0.0554642563681,0.0292557348412,0.0542372881356,-0.00384434213125,0.0127245508982,0.0442582560409,-0.0109539932284,-0.00593276203032,0.0281237679424,0.0773849531747,0.0751427088739,-0.00512295081967,0.114,0.0169327527818,0.105294467579,0.0173883003224,0.0244319064134,0.0472088574575,0.0276134122288,0.0514037358388,0.0333624529814,0.0664150943396,0.0600409836066,0.0145560407569,0.063670411985,0.0534504755879,0.0374757645882,0.0155561185711,0.0142322690473,0.0157136540584
0.0268489774639,0.00559049615653,0.00972222222222,0.0434712346477,0.00799958888622,-0.0068669527897,0.0192113245703,-0.012201885746,-0.00689655172414,0.0296401373749,-0.00274108214374,0.00903294367694,-0.0075329566855,0.0223076923077,0.00961319718429,0.00295246530853,-0.0148090413094,0.0307659733872,0.00116856558574,0.0301040267469,0.00663850331925,0.163300634737,0.0188424292471,0.00610687022901,0.0506155950752,-0.00384615384615,0.00366636113657,-0.00107505975731,0.00564971751412,0.0172516762201,0.0301042810099,0.00863930885529,0.0107142857143,-0.00759464220427,-0.00601051840721,0.0142430895682,0.0114997934169,0.000812656237578,0.0237038378444,0.00432225147054,0.0151898734177,0.0045754956787,0.0413723511604,0.0416666666667,0.010643959553,-0.00523385064894,0.00456023142475,0.0259637601848,0.0108629157709,0.0294086909266,-0.00261780104712,-0.0143953934741,0.0174774841282,0.0112884390814,-0.0112195949869,0.0332261521972,0.00617773574545,0.00886917960089,0.0215520040405,-0.0372533225936,0.039124668435,0.00981408626738,-0.00137248377974,0.0046336518969,0.0226570545829,-0.0287253141831,-0.0131742662666,0.0226049515608,0.015506508206,-0.0272346015866,-0.0202818647802,0.0217530390275,0.00674772036474,0.0354223433243,0.034677990092,0.018364585347,0.0310030660772,0.0264084507042,-0.00882237101221,0.0208582004075,0.0169144795929,0.0157890628049,-0.00766729072487
0.0211160343395,0.0125086865879,0.00550206327373,0.0317484900108,0.0381000934659,0.0371650821089,0.031746031746,0.0308815272319,0.0169082125604,0.0413313030237,0,0.00315955766193,0.0199240986717,-0.00451467268623,0.03025172214,0.00881496745494,0.0134493670886,0.0270035393756,0.0758163351751,0.0148767315735,-0.0161870503597,-0.0486111111111,0.0240937223696,0.00151745068285,-0.0078125,0.028314028314,0.0109589041096,0.0768464559266,0.0393258426966,-0.00200942979403,0.024944277202,0.0278372591006,0.0247349823322,0.00679873402884,0.00302343159486,0.0450988010657,0.00302947784056,0.00324798545467,0.0514584734624,0.00854258348434,0.0174563591022,0.0080971659919,0.0271317829457,-0.0166037735849,0.013691416535,0.0635708478241,0.0347956375951,0.0520950631186,0.0164694083981,0.026538071066,0.011811023622,0.0545277507303,-0.0189911302171,-0.0142417244034,0.0128646412084,0.0446058091286,0.0176689962555,0.010989010989,0.032348744897,0.0648399916335,-0.0108487555839,0.00485232067511,-0.00909305457221,-0.0810992601134,0.0412890231621,0.083179297597,0.059816064674,0.0626315789474,0.00327686134641,0.034178267193,0.0145657946777,0.0269254852849,0.021783104885,-0.00134952766532,0.0560875512996,-0.00600322703113,-0.00946554963762,0.0686106346484,0.060090995788,0.0361635034427,0.034075854963,0.0198666589813,-0.00146738669167
-0.00737903134676,-0.00549073438572,0.0198358413133,-0.00390273191234,-0.00103131599195,0.0025,-0.0105769230769,-0.0141612200436,0.0385985748219,-0.025903488615,0.00686451709574,0.0131233595801,-0.00558139534884,-0.00377928949358,-0.00326190877903,-0.0225986868769,0,-0.0076157361109,0.0281910728269,-0.0193704373401,-0.00304692260817,-0.00782064650678,0.0117274624074,0.0151515151515,0.0203412073491,-0.0125156445557,-0.000903342366757,0.0108978789006,0.0132132132132,0.00504581870228,0.0180817882516,-0.0291666666667,-0.0137931034483,0,-0.00301431801055,-0.0307246992591,0.00756778769471,0.0332280569021,-0.00244729799521,0.0282982546201,0.0171568627451,0.0321285140562,-0.0358490566038,-0.00613967766692,-0.0425974025974,-0.00453466638383,0.00341262023565,-0.0353762956287,0.021144130505,0.0159028423364,0.0136186770428,0.00831024930748,0.021207750906,0.000780944943381,-0.0127012442581,-0.0238331678252,0.0196190887626,0.00797101449275,-0.0088531902957,-0.0441956393636,0.0116129032258,-0.0241864371195,-0.0147104149738,-0.0555265084179,-0.00580270793037,-0.0435153583618,-0.00465376675181,0.0163447251114,-0.000933188170729,0.0177800100452,0.0068052214203,-0.0115853658537,-0.0180389144149,-0.027027027027,-0.0174870466321,0.118951564775,0.00618287621411,-0.104333868379,0.000693448783185,-0.00303192641309,-0.0360133804655,0.00930653152729,-0.00479163210424
-0.0138887307749,-0.00690131124914,-0.0610328638498,0.0348101265823,-0.0158134504457,-0.0166251039069,-0.0184645286686,0.0419889502762,-0.0991995425958,-0.00797054828794,0.0377299700504,0.00569948186528,0.043966323667,-0.00758725341426,0.00327258364837,0.00223914017017,0.000780640124902,-0.0167281634678,0.004569687738,-0.00854238195886,-0.0018337408313,-0.0120861797162,0.00896031858911,0.00298507462687,0.0122186495177,-0.0228136882129,-0.0298372513562,-0.0196045435423,-0.0154119739182,-0.00663162785646,0,-0.0643776824034,-0.00524475524476,0.00760108444356,0.000755857898715,-0.00216438356164,0.000740990232402,-0.0109837712651,0.0188066872579,0.00686427457098,0.0120481927711,-0.00632295719844,0.0264187866928,0.011583011583,0.0271296798698,-0.0202918944998,0.00291285572513,-0.017577668769,0.0200149925037,0.020054126672,-0.0159948816379,0.003663003663,-0.0270681320273,-0.00663285212641,0.00681175524659,-0.0111902339776,0.027386752964,-0.00718907260963,-0.0226827180606,-0.0195232223592,0.00510204081633,0.0127515527059,-0.00325617108406,0.0044286979628,0.00389105058366,0.0365744870651,-0.022674541236,-0.0102339181287,0.0465695540976,0.00912949072246,0.0015045079927,0.00925354719309,-0.0233653296422,-0.0145833333333,0.00725115359262,-0.0157656696676,0.00837745316919,0.00179211469534,0.00559993257606,0.00836887054546,-0.0389461767529,-0.0142603826412,0.00320534258064
0.0341949411805,0.00833912439194,0.0114285714286,0.00371341197029,0.00934081486538,0.00929839391378,0.0425742574257,-0.00106044538706,0.0206283719454,0.00270221581697,0.00131307110751,0.00206079340546,0.0215053763441,0.0711009174312,0.0201213530048,-0.00297885016384,0.01248049922,0.000709521782319,0.0444343734249,0.0145387478079,0.0422535211268,0.0462765957447,0.0124048491683,-0.00520833333333,0.0254129606099,0.00324254215305,0.0419384902144,0.0590027463096,-0.0120409391933,0.0172091215026,0.0211732067026,0.0642201834862,0.0492091388401,-0.0150709805216,0.0105740181269,0.005408967354,0.00148088314486,0.00555287716519,-0.0321030191621,0.0969941121785,0.00952380952381,-0.0107684777288,0.0200190657769,0.00229007633588,-0.0095087163233,0.0583281693089,0.0106547994737,0.0403019675444,0.0182667417914,0.0465156229123,0.000650195058518,0.0246350364964,-0.0213450945363,-0.0137470542027,0.0127686302661,0.0267489711934,0.0475540386803,-0.000724112961622,0.0302368945205,-0.00733598826242,0.0133248730964,0.0174772682208,-0.0112269789869,0.0541225749559,0.0271317829457,0.0301204819277,-0.0123017157656,0.040866568193,0.0446248326569,0.0198053694557,0.0254829837293,-0.00977995110024,0.0376041778997,-0.00211416490486,0.0798429319372,-0.00457353419313,-0.00332454753119,0.0196779964222,0.00973134050379,0.0294334402884,0.0330853638238,-0.0442521444396,0.036522622137
-0.0282084770548,-0.026878015162,-0.0353107344633,0.0111715632934,0.0323490597163,-0.0117252931323,0.0275403608737,0.015923566879,-0.0466417910448,0,0.00743843819651,0.025706940874,-0.0166666666667,0.000713775874375,-0.0197244699814,0.0306078411845,0.00385208012327,0.00141803743619,-0.0737006877758,-0.00530734490135,0.0493537015276,0.0132180986274,0.000870231133389,0.0112191473448,-0.0204460966543,0.0206851971558,-0.0161001788909,-0.0764921593257,0.0213284582572,0.000322474694694,0.000666694445602,-0.0301724137931,-0.00167504187605,0.0203965340976,0.0411061285501,-0.0117974766508,0.0374042209974,0.0323370519088,0.00331717833015,-0.0541525423729,0.0778301886792,-0.0192973775359,0.018691588785,0.0685453160701,-0.0032,-0.0311494226131,0.0368933580312,0,0.0272413793103,0.0375902823375,0.00844704353476,-0.0093499554764,0.0663446728403,0.0171246515333,0.040064500124,0.0265531062124,0.0213197762815,0.013768115942,0.00341416260464,0.0211148648649,0.0500939261115,0.0405623608018,0.0184527931671,-0.0101432604831,0.0150943396226,-0.0133667502089,0.043555846899,-0.114001892148,0.0591075218509,0.0113647261916,0.0482453305758,-0.00246913580247,-0.0115360631885,0.0155367231638,0.0133333333333,0.0349272711436,-0.00778550373055,-0.0245614035088,0.172175597159,0.0146704113663,0.00639524075107,-0.018702698419,0.0382915222303
-0.0120037676898,0.0347025495751,0.00292825768668,0.0128416672645,-0.0149246576437,-0.0101694915254,0.0166358595194,-0.0172413793103,-0.0114155251142,0.00801293568092,0.00173703664214,0.00401002506266,-0.000892060660125,-0.0156918687589,0.0097857263371,0.0485102270897,0.0360706062932,0.000708014726706,-0.0119342608726,0.0101379510748,0,0.0622177621676,0.00347789795847,0.00887573964497,0.00632511068944,0.0151994933502,-0.0309090909091,-0.00613173915428,0,0.0497585204377,0.0107016448053,0.0466666666667,0.0302013422819,-0.0533309243808,0.0380473797559,-0.0244017023158,-0.000712689105575,-0.0137504354028,-0.0190087313307,0.0842517098229,0.00218818380744,-0.00807265388496,-0.0211009174312,-0.00997861724875,0.035848047084,0.00783260557208,0.0314208277826,0.0659962287869,0.0375184430549,0.0132538803635,0.00451030927835,0.103820224719,0.0337922179821,0.038762725137,0.00784564272936,-0.0390434358224,0.0053831686261,-0.0171551107934,-0.00612184939977,0.0341191066998,-0.0286225402504,0.0158519945421,0.00603476363842,-0.00929642932601,-0.0446096654275,-0.0279424216765,0.0172046763218,0.0176187933796,0.0358528496613,-0.0247973069082,0.0348757154454,-0.0049504950495,0.0233413941752,0.00625869262865,0.00358851674641,0.0217766369298,0.00504626931442,0.0485611510791,-0.0140992454701,0.0216765986084,0.00238913313875,-0.0117908338381,-0.00559456821752
-0.0319145225611,-0.0191649555099,-0.0284671532847,-0.0326533503329,-0.0151507778156,-0.0222602739726,-0.0109090909091,-0.0207336523126,-0.0369515011547,-0.0256657042028,-0.017774860635,-0.0219670494259,-0.0125,-0.0130434782609,-0.00861412791237,-0.0172652145863,-0.0414814814815,-0.0268855242677,-0.0161060205944,-0.0227144119746,-0.0296752519597,-0.0392064241852,-0.0522649291235,-0.0183284457478,-0.00754242614708,-0.0262008733624,-0.015009380863,-0.0154294417588,-0.0668257756563,-0.00819476354041,-0.0370385629532,-0.0254777070064,-0.0309446254072,-0.0237694536496,0.0262793914246,-0.0472197830213,-0.0346224916523,0.0154894046418,-0.0463352292818,-0.041896209784,-0.0174672489083,-0.0122075279756,-0.0693533270853,-0.0136789056875,-0.073347107438,-0.0233151979667,-0.0407715870683,-0.0511363636364,-0.0442653664703,0.00608920423989,-0.0237331622835,-0.0382736156352,-0.0146274990082,-0.0301545420279,-0.0184006558984,-0.0259014728288,0.031484872322,-0.0269090909091,-0.0499639088441,-0.0389922015597,-0.0319214241866,-0.0130104425921,-0.0267823197263,-0.0394540413734,-0.00194552529183,0,-0.0299505969535,-0.0199370409234,-0.0158843962075,-0.0484247374562,-0.0249327283018,-0.0621890547264,-0.0456033230101,0.00345542501728,-0.0744934445769,-0.0169676502687,-0.0384631704005,-0.0240137221269,-0.0256250648408,-0.0728507075772,0.00238343878617,-0.04408940465,0.00880327249794
-0.0193716522951,-0.00488485694348,0.0142749812171,0.0131068316614,-0.0174262513794,-0.0061295971979,-0.0110294117647,-0.028773072747,-0.00479616306954,-0.0144879815608,-0.00706161758,-0.00459418070444,0.0479204339964,-0.00440528634361,0.0200994987609,-0.00422020069399,0.0224111282844,-0.0174333123293,0.0264121374242,-0.00864858584196,-0.0317368724755,0.00934119960669,0.0707990491863,-0.00373412994772,0.00696643445218,0.0211402946829,-0.00952380952381,0.0094049860999,-0.0166240409207,-0.0205214359845,0.00343130963077,0.0435729847495,0.00504201680672,0.0225531839266,-0.0154986522911,0.00877036508503,0.0134322844958,-0.00838840032461,0.0547710404824,0.0164735646724,-0.0111111111111,0.0010298661174,-0.0211480362538,-0.0124087591241,-0.00557413600892,-0.00418803036525,-0.000464305244586,-0.061010055361,-0.0117383089277,0.0398661930545,-0.0210249671485,0.0330228619814,0.0052341356674,-0.0532452390206,0.0591127490657,0.0119916579771,0.0181810025506,0.0067264573991,-0.0129669963892,0.0645027049521,0.0234622701332,0.00527010980507,0.0929899442957,-0.0321936056838,0.0204678362573,0.0121951219512,0.0496905393457,0.0851177730193,-0.025649399588,-0.010320866544,0.0131262729124,0.0411140583554,-0.00512118602362,0.0158402203857,0.0334835801674,0.00488070550284,0.0336253116519,0.0175746924429,0.0281335997903,0.00610769248399,0.0467097280271,0.0374668718475,0.0296138794752
-0.014941275887,0.0126227208976,-0.00888888888889,0.0240676496097,0.0333920040231,0.0299559471366,0.0130111524164,0.0195640022359,-0.00447504302926,0.0285480937001,0.0293340608872,0.0158974358974,0.00517687661777,0.0110619469027,0.07188706608,0.0183493438815,0.0498866213152,0.0695234649916,-0.00398820649169,0.0806983136004,-0.00834326579261,0.0375060886508,-0.00430313172364,0.0284857571214,-0.0295597484277,0.0156838143036,0.0115384615385,-0.0207114062656,0.00780234070221,0.0377698684026,0.0225896679344,0.00835073068894,0.0535117056856,0,0.0266940451745,0.0248445374436,0.00960933099175,0.0153821743814,0.0368496326085,-0.00435569634574,-0.0134831460674,0.0205761316872,-0.0236625514403,0.0118255728012,-0.0134529147982,0.0243927336276,0.014952412412,0.00758031524486,0.0428984537438,0,0.0362416107383,0.0258196721311,0.0494915018111,-0.00205254515599,0.0170245286547,0.0613086038125,0.0204054657947,0.000742390497402,0.0182471317034,0.00977326035966,-0.0161090458488,0.0308045549863,0.0342855629981,0.10059646708,-0.0152817574021,0.0215146299484,0.0383423180593,0.0241736556487,0.0506639164625,-0.0130614352091,0.0211480666204,0.0254777070064,0.0377332240961,0.0101694915254,0.0510903426791,0.0131951971984,0.0325243167474,0.0673575129534,0.0231974572018,0.00910022779043,0.0340398126464,0.00648935951052,-0.018003777739
0.0113759277908,-0.00138504155125,0.00448430493274,0.0506740066342,0.0116145148993,-0.0153977758768,0.043119266055,-0.00219298245614,-0.00968188105118,0.00981736807912,0.0267708048028,0.00454316002019,0.074678111588,0.0284463894967,-0.009442202191,0.0367310449003,0.0287976961843,-0.000691860643892,0.0160122988551,0.00655785116498,-0.00600961538462,-0.00845070422535,0.0172526153318,-0.00947521865889,0.049902786779,0.0240889437925,-0.00475285171103,-0.00528452518655,0.0767741935484,0.0371172634762,0.010707584539,0.0124223602484,0.00793650793651,-0.0149993047831,0.0466666666667,-0.00563639500776,0.0087630050215,-0.00226990484493,0.00888645218035,-0.00940287483666,-0.00227790432802,0.0519153225806,0.0105374077977,0.0430971512053,0.0306818181818,0.0184707612712,0.0225584174528,0.0179722951994,0.0322807339169,0.053328027062,0.00777202072539,0.0203755493408,0.0041316828726,0.0300287947347,-0.00334950796607,0.0242718446602,0.0462494063076,-0.0437685459941,0.0351203075727,0.0222996515679,0.0415617128463,0.015257445247,0.0289510059899,0.0402292860865,0.015518913676,-0.00926705981466,0.0129469790382,0.0134874759152,0.0493496932515,-0.0106188209447,0.0166940635674,0.0192546583851,0.00496037657153,-0.0228187919463,0.0195613515116,0.00781812570723,0.0255320028668,-0.00809061488673,0.00174396424873,0.0225397577851,-0.0234069779293,-0.000921074177174,-0.0569316466925
-0.0101661995378,-0.0124826629681,-0.00372023809524,-0.0223685094378,-0.0159710084505,-0.00695047784535,0.0255057167986,-0.0126373626374,-0.044343575419,0.00800629065694,-0.0227083028577,-0.0110552763819,-0.0127795527157,0.00567375886525,-0.00150417538339,-0.00935176925364,-0.0111966410077,0.00969275505023,-0.0512165724394,-0.0125310222714,0.00725513905683,-0.0132575757576,-0.0330770786971,0.0117733627667,-0.00555555555556,-0.00965018094089,-0.00477554918816,-0.0233822791737,0.00419412822049,0.023589113219,-0.0165512916773,0.00613496932515,-0.00314960629921,0.00179979884601,-0.00509554140127,0.0102088032853,0.0311361270172,-0.00531673741912,-0.0320259003084,0.0139084052651,-0.0251141552511,0.0215620507906,-0.0125130344108,0.00980392156863,-0.0077177508269,-0.0197481967932,0.00855874001024,0.0117895477741,0.0177815598638,-0.0173955479991,-0.012853470437,0.00313234142522,-0.00576716516566,0.0379392971246,-0.00067375715867,0.0331753554502,-0.0113489644438,-0.0325833979829,-0.0186962690927,0.0179883359842,-0.0157194679565,-0.0263024400142,-0.00325894967286,-0.00320609157399,-0.03629417383,-0.0178571428571,0.0212704616075,-0.0541825095057,-0.00876382685157,-0.019615099926,0.0230034175953,0.0201096892139,0.00822648780849,0,0.0104651162791,0.00518526079412,0.033900696829,-0.00163132137031,-0.0139274250585,0.00366462095457,0.041952690167,-0.0368359591076,0.0255515290165
0.00757566349151,0.00351123595506,0.00373412994772,-0.00357290092071,0.0243453321818,-0.00699912510936,0.00771869639794,-0.00389538119087,0.00255754475703,0.00524785476207,0.00430556289292,0.0188008130081,-0.0242718446602,0.00705218617772,0.00954079512398,-0.00540289054644,-0.00990799716914,0.000685693388392,0.0260470217287,0.0116752746054,-0.00900360144058,0.0163147792706,0.0166684102242,0.00436363636364,0.00434512725016,0.00121802679659,0.00191938579655,0.016868032452,0.0161097852029,0.0229073344917,0.00470665223629,0.0223577235772,-0.00473933649289,0.00177895200352,-0.00512163892446,0.00561106180756,-0.00422806297921,0,0.0198516925616,-0.000622242335106,-0.00234192037471,0,0.00739176346357,-0.00554785020804,0,0.0242582973678,0.0370509166576,0.0145507246377,0.0325280094225,-0.0128811061089,0.00455729166667,0.00780640124902,0.0058006182894,-0.0042323970758,0.0255397704471,0.0238532110092,0.012087492695,0.00801924619086,-0.00564202886224,0.00837022432201,0.00552825552826,0.0032170673891,0.0106324564469,0.015378429993,0.00891972249752,0.034632034632,0.0148677895925,0.0231155778894,0.0196938865788,0.0118103866688,0.0128424738561,-0.00418160095579,-0.00489561893561,0.00961538461538,-0.0109321058688,0.0240053616036,0.0163913116949,0.0343137254902,0.00706206896552,0.0219624318142,0.00862471900109,0.00478591028014,-0.00601595510574
0.00107233979613,0.00349895031491,0.0119047619048,0.0424079437319,0.00100221122795,-0.0264317180617,-0.0127659574468,-0.0430167597765,0.0218658892128,0.00701940035273,0.0291330229785,-0.0124688279302,0.0555555555556,-0.0182072829132,0.0109485503891,-0.0223929018726,0.0150107219442,0.0301346083567,-0.0676954595052,0.045658817185,0.0127195639007,0.0292728989613,0.0146458583433,0.0065170166546,0.0494437577256,-0.00121654501217,0.00191570881226,-0.0481460222707,-0.0140927774516,-0.0342382495948,-0.0180954289627,-0.00994035785288,-0.0047619047619,0.020518320557,-0.034749034749,0.002789876733,-0.00703444342343,-0.0213723377807,0.0300061272722,-0.0149714156337,0.00469483568075,0.00140712945591,0.00104821802935,0.0111576011158,0.0894444444444,-0.0493788662506,-0.0486410924514,0.00142848980058,-0.0641754156193,0.0627951893269,-0.0123136746598,-0.0170410534469,-0.00330496571098,0.0305255023184,-0.0301396237047,-0.0210573476703,0.00282227891657,0.00556881463803,0.000705691149635,-0.0101453552719,0.0116065974343,-0.0192275235313,0.0121505482564,-0.0103939813898,0.0648330058939,-0.0803347280335,-0.0123010353887,-0.0785854616896,-0.0490617986627,0.0449845432257,-0.050727887724,0.0293941211758,-0.00819950655222,-0.021768707483,0.00174520069808,-0.0376827115686,0.0065543789646,0.0205371248025,0.00311494783636,-0.036524078558,0.0213829399887,0.0104576823744,0.0157359557646
-0.0155630525253,0.0550906555091,0.0147058823529,0.0152808096845,0.018800457695,-0.00633484162896,0.0163793103448,0.00875656742557,0.0328102710414,0.038214998774,0.0141541580768,0.0116161616162,-0.0117831893166,0.00998573466476,0.0383827987151,0.0215166622934,0.0154929577465,0.0212709346499,0.0248596746841,-0.0124755028365,-0.0107655502392,-0.000917431192661,0.04249205598,0.0525179856115,-0.0111896348645,0.0170523751523,0.0611854684512,0.0264122726615,0.013698630137,-0.0227471989587,0.0129691207361,-0.0240963855422,0.0191387559809,0.0375928191169,0.0173333333333,0.0829524485451,0.0177426045888,0.0311962808343,0.04252144863,0.0538428386726,0.0280373831776,0.0182669789227,-0.00523560209424,-0.0455172413793,-0.0050994390617,0.0287191599113,-0.0162929940126,0.0186009357526,-0.013716770878,-0.00997220610244,0.0583989501312,-0.00551615445232,0.027273480892,0.0176227971504,-0.0249997982586,0.00411899313501,-0.01821386604,0.00712025316456,0.0553185123979,0.0326115314375,0.0175120772947,0.0124166048925,-0.0400034159672,0.0177053115935,0.0359778597786,0.0400363967243,0.00356729355071,-0.00639658848614,-0.0465931071398,0.0455982862389,0.0033368440739,-0.002331002331,0.0694154799499,-0.0125173852573,-0.0104529616725,0.0304610374889,-0.0280415986379,0.0541795665635,0.00660066006601,-0.0334632697055,0.041168400471,0.0160060336881,-0.00153969032978
0.0141706481227,-0.00859220092531,0.0188405797101,-0.00332290852228,0.0364234794952,-0.0145719489982,0.0229007633588,-0.0121527777778,-0.0158839779006,-0.0275978407557,0.00779940779941,-0.0214677983025,-0.016693163752,-0.0120056497175,-0.0345948772132,0.00339976730482,-0.00416088765603,-0.0332030684614,-0.00846932259403,-0.0126331072012,-0.00967351874244,0.0119375573921,0.00162132364863,0.000683526999316,-0.0142942227516,0.00359281437126,-0.018018018018,0.00438276972246,-0.0105757931845,-0.00776072741683,-0.0114514070791,-0.0185185185185,0.00469483568075,0.0109422997094,0.00393184796855,-0.0220987233596,0.0223246480419,-0.00453295011291,0.0188809808038,0.00059979824968,-0.0318181818182,0.0179392824287,-0.0442105263158,-0.0317919075145,-0.0189646335213,-0.0336611089631,-0.000457256663246,-0.0168608559265,-0.0170659139457,0.000771259775718,0.0136391816491,0.0324881141046,0.0418334409296,0.0206337509211,-0.0173311372835,0.0132178669098,-0.00777977259126,0.019638648861,-0.00134320601,-0.00812098462427,0.0314540059347,-0.0187233597448,-0.0208288324925,-0.00471790839395,0.0106856634016,-0.0201224846894,-0.0278132892644,-0.0268240343348,-0.0044467979227,0.0748780487805,-0.0146470195817,0.0116822429907,0,-0.0161971830986,0.0211267605634,-0.0101402028041,0,0.0102790014684,-0.0104949036934,-0.0307621193737,0.00804092050383,0.0120628505444,0.0391298900315
0.00483431376176,0.04,-0.0128022759602,-0.00169967967575,0.00656211432528,-0.00462107208872,-0.0298507462687,0.00468658465144,-0.0136842105263,0.0111720213726,-0.00325898513036,0.0178571428571,-0.0105092966855,-0.00643316654753,0.0427115125325,0.0270758666386,-0.0278551532033,0.0114527816037,0.0388347232538,0.0147641161806,-0.017094017094,-0.0127041742287,-0.0048884716242,0.0143442622951,0,-0.00417661097852,-0.00183486238532,0.0250821839282,-0.00118764845606,0.0205575956599,-0.0027261609539,0.0251572327044,-0.0155763239875,-0.0149957295841,-0.0143603133159,-0.00841732790049,0.0327863824567,-0.0114004768072,-0.0207552537069,-0.0054221955805,0.00234741784038,0.0253050158156,0.0330396475771,0.0119402985075,0.0229885057471,0.00466923502091,0.00184002927781,-0.0100279186371,0.0270096163548,-0.0131629649039,-0.00183486238532,0.0115118956255,-0.0177531292601,0.013357400722,-0.00704966773071,-0.0103463787674,-0.018697225573,-0.00385208012327,0.0100977330792,-0.00272915832757,-0.00460299194476,0.00394403730846,-0.00170019467878,-0.0103693462374,-0.00176211453744,0.0482142857143,-0.00975015234613,0.00110253583241,0.0499599474511,-0.0267755842977,-0.0013540556955,-0.0161662817552,0.0231919991085,0.00644237652112,0.00689655172414,-0.0341267275519,0.024726298245,0.0232558139535,0.00265547034725,0.0245967116951,-0.00996325534959,-0.00550111040932,0.0351901833663
0,-0.00512820512821,0.00720461095101,-0.00170257350534,0.0279314572804,0.00557103064067,-0.0042735042735,0.00524781341108,0.0473141230879,0.00511254460609,0.00980892252373,0.00200501253133,0.031862745098,0.0158273381295,0.0287182816642,0.0230778253475,0.0214899713467,0.00266425896597,0.0100912739894,-0.00533567308361,0.00434782608696,-0.0128676470588,-0.000813325525408,-0.00538720538721,0.0483383685801,-0.00299580587178,0.0202205882353,0.0457414149253,0.0166468489893,0.0234753777585,0.0382791010585,-0.00613496932515,0.00316455696203,0.00506911673976,0.0119205298013,0.0201405785347,-0.0231335748649,0.010764262648,0.0219522645819,-0.00783518711303,0.0374707259953,0.0506831203173,0.0671641791045,0.0420353982301,0.0347293156282,0.0118405386542,0.0344498675786,0.0115683453237,0.0375671651943,0.092620070285,-0.0122549019608,0.0265553869499,0.0117969908211,-0.0313501959387,0.0106538187494,0.0309090909091,0.0430239704978,-0.00850734725445,0.0546276965901,-0.00729767204262,0.178034682081,0.00655641971704,0.0903677894928,0.0385191098693,0.0697263901147,0.0127768313458,0.039967611336,0.0176211453744,-0.0283811744313,0.0338074143157,0.0690208667737,0.0340375586854,-0.00453326435874,0.0391180654339,0.0154109589041,0.019433926741,0.0457525928383,0.0170454545455,0.0343671875,0.0294405138708,0.033569327054,0.00184384667391,0.0483885563353
-0.0208519986745,0.0212628865979,0.0443490701001,0.016857986225,0.020830302854,-0.0175438596491,-0.000858369098712,-0.0237819025522,-0.0078125,0.0203120199365,0.0582777124497,0.00650325162581,0.00950118764846,-0.0332861189802,0.00823612323681,0.0270572386712,-0.00140252454418,0.0172569049763,-0.00591811408834,0.00487520284233,0.0142238713667,0,-0.00898642268746,0.0108327691266,0.00230547550432,0.00540865384615,0.0198198198198,0.0671497637262,0.0233918128655,0.023319295376,0.00723413329834,0.0555555555556,0.018927444795,0.00590626296143,0.0065445026178,0.0738306611899,-0.00136798905609,-0.0372654398957,-0.0177765302189,0.0456428098078,-0.00677200902935,0.0272651006711,0.00699300699301,-0.00990799716914,0.00148075024679,0.0234039617941,-0.000887742289885,0.0186049157943,0.0132780747884,-0.0172396540633,0.00248138957816,-0.0147819660015,0.0132026062288,-0.0272158881942,-0.0217880283345,0.00705467372134,-0.00530347672363,0.0117004680187,-0.00126259421871,-0.0312431081379,0.00932286555447,0.007805907173,-0.0367473470848,-0.0246949168829,-0.00907590759076,-0.00168208578638,0.00292752810738,0,0.117538051774,-0.0220568335589,0.0297409210453,-0.00681044267877,0,0.00342231348392,0.0477796514896,-0.00521218090782,0.00433056218016,-0.0167597765363,-0.00255288937228,-0.0022607555445,-0.00194129835643,-0.00920226580234,0.0234643001817
-0.0021809977438,-0.000630914826498,0.022602739726,-0.00335440588311,0.0244093590584,0.0046992481203,0.0214776632302,0.00237670825906,0.0085587127696,0.00665819057816,0.0244726927004,0.0412524850895,-0.00470588235294,0.0300366300366,-0.0154300379752,-0.0138001283733,0.0182584269663,0.020243796256,0.0524940060931,0.0334793491865,0.00853658536585,0.000931098696462,0.0239511121333,0.020093770931,0.0276020701553,0.0209205020921,-0.00971731448763,0.055765769451,0.0497142857143,0.0518449322746,-0.00391681052734,0.0292397660819,0.0325077399381,0.0451749105243,-0.020156046814,0.0159670294415,0.018295281583,0.0268571477572,0.0324270942046,0.0471625868124,0.0159090909091,0.019599836668,0.030753968254,-0.00786275911365,0.0349926071957,0.0706401503437,0.0195575017059,0.0182092386751,-0.0190559025856,0.0307059011767,0.0309405940594,0.00525131282821,0.0245380840295,-0.0170132325142,-0.00790205230283,0.0376532399299,0.0219194312796,0.0524286815729,0.0158119088004,0.000948550614661,-0.00291686922703,-0.0103359849278,0.00972916769817,-0.0111330049261,0.0174854288093,0.00421229991575,0.0312393255287,0.0562770562771,0.0365763172983,0.0303491536368,0.0325770955033,0.0194285714286,0.00910781685903,-0.00682128240109,0.0236051502146,0.0383266636412,0.00239279489375,0.0298295454545,0.0192183915009,-0.00226587814107,0.00911060720585,0.0092877339993,0.0340989366837
-0.0109539481949,0.00378787878788,-0.0254521098459,-0.0231715210356,0.0181803007331,0.0196445275959,-0.00504625735913,0.0118553645525,-0.00848608282417,-0.0247282879649,0.00858519893372,-0.00715990453461,-0.0338849487786,-0.0106685633001,0.0110624860924,0.00700369285623,-0.028275862069,0.0102268686438,0.0399717393166,-0.0126753456454,0.0217654171705,0.0586046511628,0.0120965154335,0.0144451739987,0.00279798545048,-0.00117096018735,0.00624442462087,0.0112847138138,0.00326619488296,-0.00518058022499,-0.00984279326047,0.0246212121212,-0.0104947526237,-0.00880542843617,0.00729927007299,-0.0205013602798,0.0339302263012,-0.000768273639028,0.00511388422194,-0.0372462488967,0.0246085011186,-0.020824989988,0.0144369586141,-0.00720461095101,0.00333333333333,0.00305141109247,-0.0527466284047,0.0330791595809,-0.0321838406636,-0.0241179791137,-0.015606242497,0.00149253731343,-0.0104811099766,-0.0346153846154,0.066617083654,-0.0160337552743,-0.0185507246377,0.0021978021978,-0.00311440757464,-0.00379060687616,0.0268161872257,-0.0130483064964,0.0184985412019,-0.00478230546976,0.00736497545008,0.0461409395973,-0.0137011051221,0.0276639344262,-0.0185131962106,-0.0309772147366,-0.0363119671614,0.000560538116592,-0.0150426887112,-0.00480769230769,0.0104821802935,-0.013409885569,-0.00955439096059,-0.0220689655172,-0.010691015535,-0.0256966366134,-0.0109658540483,-0.0376883908305,-0.0388118635993
-0.00829374857114,-0.0125786163522,-0.0357388316151,-0.0712960508879,-0.064223066204,-0.0623853211009,-0.0701606086221,-0.0515524311658,-0.0424512153372,-0.0490406570562,-0.0581043113437,-0.0581730769231,-0.0538336052202,-0.0409777138749,-0.0606495697832,-0.048642724667,-0.0880056777857,-0.100684275738,-0.0959217704581,-0.0104615982174,-0.0319526627219,-0.0641476274165,-0.05180230162,-0.0511326860841,-0.05078125,-0.111371629543,-0.0301418439716,-0.121875059865,-0.0586001085187,-0.0568764568765,-0.0848256673189,-0.0517560073937,-0.0954545454545,-0.0662293829205,-0.034255599473,-0.0651721059419,-0.0714161799572,-0.0354095456179,-0.0857564169156,-0.105086699146,-0.0633187772926,-0.0564417177914,-0.0806451612903,-0.0428156748911,-0.0479354532511,-0.094298593754,-0.0851394762524,-0.105352591334,-0.0897072853098,-0.061040332027,-0.0451219512195,-0.0789865871833,-0.0219278278552,-0.0402390438247,-0.0821427992281,-0.0806174957118,-0.044890726521,-0.0372807017544,-0.0543399161878,-0.0390396103649,-0.002849002849,-0.0542361529703,-0.116810899943,-0.0764841325458,-0.0406173842405,-0.0970328789094,-0.0822800268669,-0.111665004985,-0.0815160639797,0.106804638056,-0.0827690403378,-0.047619047619,-0.059534947716,-0.0531400966184,-0.114626556017,-0.0408167374801,-0.0612314806885,-0.108603667137,-0.0800465605287,-0.0830157453702,-0.0417445042461,-0.0477495856177,-0.018622332181
0.0167390274202,-0.012101910828,0.0299358517463,0.0164098173516,0.0309064630568,0.0293542074364,0.0318181818182,0.0296479308215,0.0500536288881,-0.0249068233945,0.0192523387029,0.0117406840225,0.0362068965517,0.0607196401799,0.0271895570679,0.0179294048147,0.0482490272374,0.0246426502591,0.0214456821722,0.00528696095293,0.0348410757946,0.0291079812207,0.0361429669999,0.0368349249659,0.0141093474427,0.0191292875989,0.0201096892139,0.0564257509981,0.028818443804,0.0289910707712,0.0354819793405,0.0155945419103,0.0385259631491,0.0146968560322,0.00613915416098,0.0282523344652,0.0124548511645,0.00478253335644,0.0294117647059,0.0516010068489,0.020979020979,0.0953619419159,0.047471620227,0.0303260045489,0.0209371884347,0.0533178977748,0.0397419799318,0.0163817663818,0.0379036148587,0.0588171877406,0.0427841634738,0.0291262135922,0.0487176702403,0.0290577002906,0.0377198484139,0.119869402985,0.0457637600495,0.0637813211845,0.0283995170556,0.0346862007523,0.0142857142857,0.0258759878764,0.0384175093352,0.0427100271003,0.0635055038103,0.0754884547069,0.035363784557,0.0650953984287,0.0115013745105,0.0464960974999,0.0693603762726,0.0623529411765,0.0762951150644,0.0349854227405,0.0415934387815,0.0319099802662,0.0159186279876,0.0664556962025,0.051795495547,0.0287747839349,0.0551334604887,0.05416080873,0.12015720207
-0.0274474731697,0.0245003223727,-0.0235294117647,0.0223220553138,0.0105786387968,-0.0199619771863,-0.0555066079295,-0.0245950809838,-0.0258767449779,-0.00088206108273,0.0173465121599,-0.00706357214934,0.0108153078203,0.0650176678445,0.079865749943,0.00716731472346,0.0512249443207,-0.0694149464452,0.0139999197457,-0.0597516157648,0.00236266981689,-0.0164233576642,0.0113585027428,0.0105263157895,0.0104347826087,-0.0304207119741,0.00268817204301,0.0298396505973,0.0173669467787,-0.041855116903,-0.00139399536497,0.021113243762,-0.00322580645161,0.00512484457439,0.0115254237288,-0.0128221666108,0.0150695042441,-0.00475976959956,-0.0401540897684,-0.0147234824237,-0.0228310502283,0.0154333201425,0.071921182266,0.00367917586461,0.01953125,0.0115595527881,0,-0.0293155804719,-0.00664353317359,-0.0124219988654,-0.00183710961421,0.000786163522013,-0.0125308833755,-0.0250100847116,-0.0156801988542,-0.00208246563932,0.0295683027794,0.0192719486081,0.00449610702928,-0.00574030844591,0.0460093896714,0.00204326757141,-0.0318385238264,-0.00748518557023,0.00238853503185,-0.0123864574732,0.000610500610501,0.0442571127503,-0.0172164635778,0.00941251545487,0.0126011431965,-0.0282392026578,-0.00452642453241,-0.00211267605634,-0.00281214848144,0.0111689791268,-0.0207233614049,-0.053412462908,0.00525433463204,0.00411395532714,-0.00645167733624,0.00950505948601,-0.000145963869739
0.00169669339067,-0.0106985525488,-0.0148830616584,-0.0147624279044,0.00348930087863,0.0523763336566,0.0261194029851,0.0313653136531,-0.0346032855645,0.0264484090491,-0.00871534023944,0.0213414634146,-0.00082304526749,-0.0179163901792,-0.0236320659827,0.00259298740961,0.021186440678,0.0952646788388,0.0334173163257,0.0254187741215,0.00589275191514,-0.00649350649351,0.0264501308149,0.0188802083333,0.00631095811819,0.0193591455274,0.00983020554066,0.0364443909726,0.00220264317181,0.0334106728538,0.0224048578757,0,0.0291262135922,0.026295992912,0.0134048257373,0.0140340790299,0.0215718354239,0.0167561947669,0.00482765540342,-0.0155649717514,0.00467289719626,0.0101325019486,0.0303308823529,-0.00953079178886,0.0670498084291,0.0311261419805,0.0319281389769,0.0120924076525,0.0307533439824,0.0458796671331,0.0656441717791,0.0306362922231,0.0194168938963,0.0235829540753,0.0405514092242,0.0542570951586,0.0844342331993,0.015406162465,0.00959414333419,-0.00196297294177,-0.0152603231598,0.00884529008969,0.0213362974611,-0.00932230019902,-0.0262112787927,0.0234113712375,0.157830512829,0.0262361251261,0.0819082888574,0.00932474613774,0.0864413613621,0.0205128205128,-0.0139414214515,0.0127028934368,0.0146644106035,0.0110456109289,0.0500720461095,-0.00313479623824,0.0450653551879,0.0180124758542,0.0227275011811,0.0377041961121,0.0204234028763
-0.0011249030256,0.00254452926209,-0.00143884892086,-0.0243222524218,-0.00608853512079,0.00921658986175,0.0209090909091,0.00178890876565,-0.0159304851557,0.00799168577982,0.0133795876224,0.026368159204,0.0214168039539,0.0283783783784,0.0219634183403,0.0322997787293,-0.00138312586445,-0.0249452822835,0.0151131572117,-0.0143783559118,0.0175746924429,-0.0298786181139,0.0882782630319,-0.0115015974441,0.023945267959,-0.0170268500327,-0.00619469026549,0.0180409379353,0.00879120879121,0.010766507182,-0.0068523543768,-0.00375939849624,-0.00377358490566,0.0115650247589,0.0304232804233,0.0148192056906,0.0191589062222,-0.00941595514426,-0.0352288743889,0.0132858905564,0.0232558139535,0.00308641975309,0.007136485281,0.0273871206514,0.0233393177738,0.0240720677936,0.0192218068084,-0.0161088985318,0.0103705211089,0.00142233488241,0.0143926309729,0.0030487804878,0.00658416860175,-0.0113177041229,-0.00974069148936,0.00791765637371,0.0143008474576,0.0048275862069,0.0069650285598,-0.00867720786734,0.00820419325433,0.0182046624694,-0.0426438383436,-0.0671389300063,0.026101141925,0,0.0357776791657,0.000983284169125,-0.00722060024386,0.024427480916,-0.0103071044796,0.0156337241764,0.00123244800177,0.00696864111498,-0.00333518621456,0.0235214518825,0.00344300639326,-0.0345911949686,0.0137485224586,0.0136812462987,0.0171410599151,0.0100030312216,0.0354107977616
0.0197403337087,0.0126903553299,0.0230547550432,0.000714285714286,0.0210048613258,0.0127853881279,0.000890471950134,0.00654761904762,0.0176600441501,0.00351974970669,0.00414883311656,0.00678623364033,0.00322580645161,0.00854139290407,-0.00745948942819,0.0150182334438,0.0283933518006,0.0138372128778,0.054363544151,0.00804823897467,0.020725388601,0.0134744947064,0.00574105281197,-0.000646412411118,0.0206013363029,0.0193204530313,0.000890471950134,0.0265675924782,-0.00217864923747,0.0388541374116,0.0144866518306,-0.00566037735849,0.022095959596,0.00571640204824,0.00770218228498,0.00556176351077,0.0226690722849,-0.00793125102151,0.0381752318777,0.0399580879021,0.01,-0.02,-0.0124003542958,-0.00504322766571,0.0140350877193,0.0235098473979,-0.00459796978042,0.0345577573707,-0.00127816811397,0.02473597615,-0.0351872871737,0.0273556231003,0.00582566798073,-0.00122649223222,0.0295179104979,0.0157109190888,-0.00313315926893,0.0089224433768,0.00817388777644,0.0146275043766,0.0144665461121,0.014566232094,0.050906671103,0.068344100646,0.0135135135135,0.0433006535948,0.0528570663525,0.00884086444008,0.0130645679228,0.0277427490542,-0.0127240341921,0.0087960417812,0.011050717121,0.00968858131488,0.00390407138873,0.0115098961776,0.0171497479441,0.00814332247557,0.0178835600965,-0.00555601921953,-0.0193452380952,0.00358143257303,0.0323275815297
0.025997105791,-0.00501253132832,0.0429577464789,0.0212705210564,0.00685299095901,0.0396753832281,0.0266903914591,0.0319337670018,0.0339840925524,0.0299015092468,-0.00187559573225,-0.00144439094848,0.0096463022508,0.014332247557,-0.0203224577885,-0.014178950977,0.0040404040404,0.0313760577477,0.0443333108062,0.0334340418685,0.0276367738297,0.0151946818613,0.0164148585709,0.0109961190168,-0.00545553737043,0.0117647058824,0.0222419928826,0.01812342068,0.0174672489083,-0.00686183913018,0.025154782373,0.0170777988615,0.0142063001853,0.000816561794515,0.00382165605096,0.00651597423917,0.00315852374584,0.0303571583411,-0.00319785276074,0.0474089807478,0.020702070207,0.00470957613815,-0.0367713004484,0.0572049239681,-0.0164359861592,0.00473980623077,-0.013403361559,0.0263957019388,-0.00385492453035,0.0055166735282,0.00411764705882,0.0488165680473,0.0123096575651,-0.00122799836267,-0.0136550768353,0.0100541376643,0.00576217915139,-0.0224489795918,0.0162214995959,-0.00383420881101,-0.0499108734403,0.00130879670025,-0.00865389689198,-0.0307659664757,-0.00627450980392,0.018010963195,-0.00483214649034,0.0277507302824,-0.00156821745949,-0.0182189998141,-0.0310503780947,0.0130790190736,0.00607370523378,0.0185058259082,0.0261111111111,-0.0178564563872,0.00385000855557,0.0258481421648,-0.0109038840165,0.00238589087247,-0.00509429872101,-0.00356865168763,-0.000806566332898
-0.0037735382179,-0.0214105793451,-0.0101282916948,0.0229242381884,-0.023822214933,0.00173460537728,0.00346620450607,0.0252148997135,-0.00979020979021,-0.00340557275542,-0.00376594171647,0.00578592092575,0,0.00449582530507,-0.00451475459121,-0.0137569375861,0.0120724346076,-0.0304215494552,-0.0204414905158,-0.0197985718042,0.0257958287596,0.0205799812909,0.0035205364627,-0.0179142674344,0.0235874931432,0.00193798449612,-0.00174064403829,-0.0228828583117,-0.0289699570815,-0.0202922077922,0.00795611331885,-0.00186567164179,-0.0462850182704,0.0146061304153,-0.0368020304569,-0.0164354000954,-0.0296703920123,-0.021703638873,-0.0184447196941,0.0172108985025,0.010582010582,-0.028125,-0.0232774674115,-0.0287671232877,-0.00967458223395,-0.00798337091319,-0.043089578106,0.00688438780155,-0.047746225541,0.00342559231357,0.00527240773286,0.0126939351199,-0.00715545549708,0.00614754098361,-0.0269857012976,-0.02067381317,-0.009375,0.00139178844816,-0.0288546907369,-0.00196297294177,0.00281425891182,-0.0241216778231,-0.0427556288923,0.0563704028021,-0.0252565114444,-0.0269230769231,-0.0135701507795,-0.00426338228328,-0.0284449147822,-0.0108312819542,-0.0507808671947,0.00268961807423,-0.00121012699535,-0.0127860026918,-0.0129940443963,-0.0165371743938,-0.0431860518914,-0.0110236220472,0.00122329028896,-0.0103461474057,-0.0121621487783,-0.0287915166066,-0.0447826824865
0.0043218539263,-0.0019305019305,-0.0115961800819,0.00485105220005,0.00959061379928,-0.0207792207792,0.027633851468,-0.00782560089435,-0.0324858757062,-0.00514307410859,0.0392898831933,0.0153403643337,0.00716560509554,0.0076726342711,-0.0135900693562,-0.00253871541,-0.00728959575878,-0.0075065967062,-0.0134806921824,-0.0492599187826,-0.00856072766185,0.0724106324473,0.0202973605079,-0.028013029316,-0.0085744908896,0.0193423597679,0.00261551874455,-0.0208135618452,0.00994475138122,0.00595610968537,0.0243438632154,0.00560747663551,-0.0121328224777,0.0207975276328,-0.0098814229249,-0.0278585642125,0.009763797942,-0.00317422085351,-0.00898809033942,-0.00508613198385,0.0471204188482,0.0096463022508,0.0390848427073,0.0465444287729,0.0430728241563,-0.0237770532791,-0.0396451239687,0.0164434649941,-0.00202785023345,-0.0273383839071,0.00407925407925,-0.0320334261838,0.0194401918022,0.0329938900204,-0.041970694415,0.0125097732604,-0.00473186119874,-0.00694927032662,-0.00379018741429,0.0202853837254,0.0720299345182,0.000676461834023,-0.010022937374,0.0108797015853,-0.00566801619433,-0.0363636363636,-0.0432653695692,0.022835394862,-0.0320753527142,-0.00390520310885,-0.0286634067595,0.00268240343348,0.00240957294744,0.0156782549421,0.0016456390565,-0.00167157526069,0.00702415188456,-0.0143312101911,0.063605670867,-0.0273504066908,0.00907350036595,-0.0231350816835,0.0217939239268
0.0167060307411,0.0251450676983,0.00414078674948,0.00911130754063,0.0224521210945,0.0203359858532,0.0260504201681,0.0461971830986,-0.0156934306569,0.0103046284089,-0.00254385736547,0.00897072710104,0.00158102766798,0.0317258883249,0.00597016501093,-0.00445405955714,0.0827770360481,0.00687579262609,0.0771206403479,0.00880799680722,0.00647598488937,-0.00940170940171,0.00960567608132,0.0140750670241,0.0243243243243,0.0208728652751,0.0930434782609,0.0788285934189,-0.0240700218818,0.125934704987,-0.000648145184521,0.046468401487,0.0239172592114,0.0188137164041,0.00864936793081,0.0661575604892,-0.0135487232934,0.0294097342078,0.0692509218891,0.0656870552573,0.0125,-0.00477707006369,0.00642201834862,-0.0033692722372,0.0319284802043,0.0790566030872,0.0372059245748,0.0195130086724,0.0366574080902,-0.044271670885,0.0342426001161,0.0151079136691,0.0310693641618,-0.0110410094637,0.0430646190949,0.0555984555985,0.00158478605388,0.00419874037789,0.0196666985311,0.00566979135168,-0.0191972076789,0.00534043588773,0.0368326452664,0.0123001230012,0.0724755700326,0.0467596390484,0.0395624035311,0.0604651162791,0.0338253236831,0.0505823115655,0.0655696520538,0.00963081861958,0.00543227313469,0.0228187919463,0.0180722891566,0.0462844841333,0.0239012863605,0.0290791599354,0.0644104432466,0.0529337210169,0.047493193967,0.0350710700578,-0.00443266042257
0.00688396983702,-0.00817610062893,-0.0213058419244,-0.0159018934034,0.00421820746528,-0.025129982669,-0.025389025389,-0.0269251480883,-0.00444938820912,-0.00594113808853,-0.00619689111443,-0.00421151146467,0.0134175217048,0.00738007380074,0.00136955392422,-0.0127686167569,-0.0462392108508,-0.021852284626,0.0649575775307,-0.00770433886579,0.0107238605898,-0.0129421915444,-0.0271913938968,-0.00660938532716,-0.00316622691293,0.0161090458488,0.00556881463803,-0.0155984392753,-0.012331838565,-0.0593209755401,0.0186402543018,-0.0230905861456,-0.0170454545455,0.0246065678159,0.0164907651715,-0.0175745194083,0.0274402770441,-0.00694956743344,-0.0169625669636,0.121685469097,-0.0230452674897,0.0088,-0.0273473108478,-0.0175794455713,-0.0127887788779,-0.00208354404774,-0.0152353969236,-0.0388788919788,-0.0209606158564,-0.115440326569,0.0190796857464,-0.0184266477675,-0.0150597029281,0.00318979266348,-0.00712336685339,-0.00658376005852,-0.00105485232068,-0.0202090592334,-0.0279998250011,-0.0404420055627,-0.00444839857651,0.0132734436988,-0.0293077996127,-0.0276427703524,-0.000759301442673,-0.0579937304075,-0.0281844230268,-0.0587719298246,-0.0130736927739,-0.0191343796876,0.00615711060129,-0.0254372019078,0.000594321527947,-0.00393700787402,-0.0478752017214,-0.0128595923033,-0.0277183001253,-0.0251177394035,0.00864012260928,-0.0157072387831,-0.0514673799632,-0.0421344308388,0.0357375359606
-0.0147367912449,0.0310716550412,-0.0238764044944,0.0203355015406,0.0353192236524,0.0488888888889,-0.00840336134454,0.0752628666298,0.0130353817505,-0.000863677192013,0.0139380273658,0.00187969924812,-0.0428348909657,-0.035409035409,-0.00957376568117,-0.00453185244864,-0.00323206205559,0.0111702375227,0.0113460759198,0.0139762235454,0.0026525198939,0.0253496503497,0.0593759550999,0.0166333998669,-0.0185283218634,0.0134146341463,0.0316455696203,0.0191829357765,0.00851305334847,0.0213272389334,0.0107216689331,-0.00727272727273,0.0199100834939,0.0172681670884,-0.020116807268,0.00696514919951,0.00445599702934,0.0466574933099,0.0243150002069,0.0610977391902,-0.00589721988206,-0.0071371927042,-0.037488284911,0.0165175498968,-0.0275804429586,0.0344468769426,-0.0523934191308,0.0188358107341,-0.0361182197609,-0.0423937674711,-0.00881057268722,0.0057761732852,-0.000697534911622,0.00993640699523,0.0236637757592,0.020618556701,0.0116156282999,0.0547652916074,0.0288063991358,-0.0195848021935,-0.0250223413762,0.00983462957556,0.0164636613509,-0.00583151098615,-0.0212765957447,0.0232945091514,0.02034416211,0.027027027027,0.0186744994688,0.00126818351361,-0.0318048270517,0.0277324632953,0.0227732930155,0.0111989459816,0.016384180791,-0.0627617485284,0.0585274835467,0.0466988727858,0.0364233798465,-0.0223482441522,0.02067,-0.0105077319039,0.0448559016962
-0.00533310447981,0.0147601476015,-0.0402877697842,0.0412696282378,-0.0243692436142,-0.0381355932203,0.00423728813559,-0.022645393721,-0.00992647058824,-0.0119982019985,-0.0104902091381,0.00375234521576,0.0569568755085,-0.0227848101266,-0.023020311417,0.00390212882806,-0.0194552529183,-0.00621384844347,0.0308550589801,-0.0160805398585,-0.0206349206349,-0.000852514919011,-0.0125367184222,-0.0183246073298,-0.0215749730313,-0.0354993983153,-0.0184049079755,-0.0229128259152,-0.0112549240293,0.0308260833233,0.0206014792002,0.0128205128205,-0.0226700251889,-0.026560772677,0.00596026490066,-0.0113707048842,-0.0316507891369,-0.0163405545787,0.00765611571037,-0.00802025316456,0.00932203389831,-0.0183706070288,-0.0155793573515,-0.0379146919431,-0.0515685431887,-0.0110977569336,-0.021590307627,-0.0190444370197,-0.0145732304832,-0.0338549763361,-0.0161111111111,-0.0201005025126,-0.000698021806201,0.0110192837466,-0.057423871135,-0.00577200577201,-0.0193110647182,-0.00674308833446,-0.0180436372273,-0.0239712345186,0.00458295142071,0.000643999632,-0.0405062248638,-0.0422122132607,-0.0310559006211,-0.060162601626,-0.0827488375759,-0.0154264972777,-0.0156253561578,-0.0257785724929,-0.0056874773106,-0.0132275132275,-0.0509734046063,0.0130293159609,-0.0428015564202,0.0121697588699,-0.0316627595345,-0.0138461538462,-0.0434084092339,-0.0195970224299,-0.0012638756895,0.0376835271609,0.0146962218385
-0.000542332770458,0.0412121212121,-0.0322338830585,0.0680543919572,0.0158184686973,0.00528634361233,0.02194092827,0.0252764612954,-0.006683995544,-0.000874921257087,0.00329074067842,0.0126168224299,0.0130869899923,0.00971502590674,0.0508946365133,0.0116464880584,0.0119047619048,0.0173686160687,0.00979600978942,-0.00700349617205,0.0064829821718,0.0170648464164,0.00334661354582,0.0106666666667,0.00992282249173,0.00436681222707,0.0359375,0.0561096136568,0.0352874217416,0.0375244323146,0.0507650573031,0.0216998191682,-0.00515463917526,0.0280475777771,0,0.0134897065485,-0.0117761071303,0.0551328304362,-0.00227993023523,-0.00226627738419,-0.0109151973132,0.00325467860049,-0.00890207715134,-0.0133708655876,0.0176710466697,0.0476171604082,0.0328266465339,-0.000567665758401,0.011270047681,0.0116744734866,0.012987012987,-0.00805860805861,0.037607745072,0.0221876216427,0.00594493394025,0.00435413642961,0.00585417775412,-0.00746775288527,0.0456292882875,0.0214899713467,0.0228102189781,0.00194388988127,-0.00187405224457,0.0678040244969,-0.000801282051282,0.0354671280277,-0.0260904430507,0.0571428571429,0.00947656041959,0.00711226674824,0.00889363215937,-0.00750670241287,-0.0178991140843,0.00064308681672,0.01393728223,0.0249216747365,0.00829680263516,0.0171606864275,0.0124205753696,0.00416536368754,0.0215425062293,0.0046403712297,-0.0122296280765
0.00483431376176,-0.0378346915017,0.0224632068164,-0.023532251252,-0.0434387710777,-0.00262927256792,-0.00412881915772,0.0154083204931,-0.0153271028037,-0.00609478440576,-0.0112934546417,-0.0198431010614,-0.0189969604863,-0.0198845413727,-0.022869922805,-0.0697290528233,-0.0437908496732,0.000682883894563,-0.032064768876,0.0336996419273,-0.00590445517982,-0.0125838926174,-0.0272924608217,-0.0257255936675,-0.0251091703057,-0.032298136646,-0.0301659125189,0.0333063932962,-0.0500274876306,-0.0411938847266,-0.0390009717609,-0.0336283185841,-0.0272020725389,-0.0272823732903,-0.0309414088216,0.00394834864664,-0.0284389765534,-0.036508035187,-0.0357950497762,-0.0333756241303,-0.0237691001698,-0.0137875101379,-0.0409181636727,-0.046362339515,-0.0592163846839,-0.0324676552924,-0.0646141626232,-0.0268090423719,-0.0438718136204,-0.0745931044233,-0.0379041248606,-0.0635155096012,-0.0422899303919,-0.0354150799695,-0.0923251978019,-0.0317919075145,-0.0534391534392,-0.0369357045144,0.00908797623613,-0.0370667200962,-0.021409455843,-0.0148786115044,-0.0366484642617,0.107845145432,-0.0441058540497,-0.031746031746,-0.0931894371581,-0.012641673932,-0.0811622959187,-0.0441946996735,-0.0598229530102,0.00378173960022,-0.0597031834145,-0.0353470437018,0.00630011454754,-0.0544869886262,-0.0319500393005,-0.0490797546012,-0.0394853033935,-0.0480953685941,-0.053344728907,-0.0834089409436,-0.0122892188371
-0.00481105560942,0.00846944948578,0,0.0259531607242,0.0299852757022,0.0254833040422,0.0597014925373,0.0283257460799,-0.00607441154138,0.0105022026432,0.0210014815262,0.030131826742,0.010844306739,0.032722513089,0.01376466121,0.010310224561,0.0341763499658,0.0197749537472,0.081846887985,-0.0219862997575,0.0156587473002,0.0203908241291,0.00957953463056,0.00406228842248,0.0229563269877,0.00770218228498,0.0108864696734,0.0506586530545,0.0271990740741,0.0126944459535,0.0242310362522,0.047619047619,0.0585885486019,-0.00379546337527,0.00135869565217,0.0844690692325,0.0497033094757,0.0341812785314,0.0323858491174,0.0471240764655,-0.0165217391304,0.0222039473684,-0.00728407908429,0.0284218399402,0.0203502129673,0.0526866269806,0.0194999784633,0.0427804365589,0.0131061944569,0.0518275216744,-0.00115874855156,0.102523659306,0.028735309003,-0.00868535333597,0.00325546140092,0.015671641791,0.0173281162661,0.0142045454545,0.0486499855226,0.0374531835206,0.0638103919781,0.0118165245047,0.0204868033445,0.0216326153277,0.0234899328859,-0.016393442623,0.0233810033401,0.0931567328918,0.0213885386891,0.0744021609597,-0.00602046959663,0.0414424111948,0.0461144578313,-0.0093271152565,0.0239043824701,0.0283620943024,-0.00399632084747,0.00806451612903,0.0244418177042,0.0252692463719,0.00458515505331,0.0202245168838,0.0588408864768
-0.00537694081665,-0.00899820035993,-0.0166666666667,-0.0271637655845,-0.0341091278324,0.00942587832048,-0.00625978090767,0.00541072306936,-0.0126050420168,-0.0190423046071,-0.0158803417541,-0.0301645338208,-0.0337164750958,-0.00253485424588,0.00271555356716,-0.0156557550798,-0.0297422339722,-0.0367902923594,-0.0247053179825,-0.00775211021438,-0.0217969165338,0.00249791840133,-0.0311615494514,-0.0128118678355,-0.0465243568692,-0.0305732484076,-0.0307692307692,0.0153354282087,-0.00338028169014,0.00720199563678,-0.0212927420484,0.0244755244755,-0.0320754716981,-0.0220645587088,-0.0230664857531,-0.0108566736612,-0.00259331565605,-0.0366390067382,-0.0466722574039,-0.016921739482,-0.0176834659593,-0.0120675784393,-0.038784067086,-0.056,-0.056586270872,-0.0452675661371,-0.0644849772456,-0.0286561817877,-0.0438509726344,-0.0438090050835,-0.0295823665893,-0.00572246065808,-0.0108915491418,-0.0278773397053,-0.0348705431087,-0.025716385011,-0.0532967032967,-0.0196078431373,-0.0280658762893,-0.0391095066185,-0.00171379605827,-0.0162289411734,-0.0277295855141,-0.0523934485567,-0.0352459016393,-0.0438596491228,-0.0799797198809,-0.0169628432956,0.0345853727093,0.00373424039635,-0.01078333052,-0.0062015503876,-0.059428176557,-0.0282447881641,-0.0377987770984,-0.0293150964581,-0.0602426519759,0.024,-0.0265701721773,-0.0263440036759,-0.046965091739,-0.0138699007718,-0.067546330936
-0.0199873529156,0.00786924939467,-0.00539291217257,0.0469910846954,-0.00171519468843,0.025466893039,-0.00314960629921,0.0318003913894,0.0282398452611,-0.0299712020479,-0.00769874351403,-0.0179076343073,0.0499603489294,0.0209656925032,0.0158030174113,0.0165969359503,-0.0388283378747,-0.038890261224,0.0401062942959,-0.0249998134064,-0.0434782608696,0.0215946843854,-0.0293814863248,0.0068306010929,-0.0493685419059,-0.0262812089356,0.00873015873016,0.0251832986031,-0.0910118711136,0.00860634090697,-0.0241649540414,0.00170648464164,-0.0376868096166,-0.00544503581453,0.00486111111111,-0.0192307692308,0.00195734735612,0.0111798325859,-0.0409304832392,-0.0208530415827,0.035103510351,0.0138436482085,-0.0119956379498,-0.0385208012327,-0.031465093412,0.00857826450621,-0.00116775700332,-0.0312301930279,-0.0120326678766,-0.0171644483263,-0.0017931858936,-0.0151079136691,-0.00689426491109,-0.0352314625154,-0.0142915926495,-0.0346907993967,0.00870574579222,0.00428571428571,-0.00235555923817,-0.0292214568984,-0.0128755364807,-0.0646899188535,-0.0167193990013,0.0245416348358,0.00424808836024,-0.00366972477064,-0.0215609285665,0.0320460147905,-0.00266370568119,-0.0130396345956,-0.0381530740276,0.0202808112324,-0.0237701656106,-0.0442906574394,-0.0213749277874,-0.00264989799996,0.0138862533547,-0.0609375,-0.0111420612813,-0.0148392847779,-0.0390125026489,0.000491938910132,0.0686947271746
0.00827439618416,0.015015015015,-0.0100697134005,0.0121222872686,0.00259106843469,0.0132450331126,0.00552922590837,0.0256045519203,0.00188111361926,0.0281850168597,0.0199557630868,0.00383877159309,0.0083081570997,0.00560049782203,0.00133303369868,-0.0129215778245,0.0347271438696,0.0404639133857,0.0197881160755,0.0296463716638,0.00795454545455,0.00406504065041,0.0144188046438,0.016960651289,0.0024154589372,0.0384615384615,0.0558615263572,0.0828032190796,0.0223880597015,0.0246481662398,0.0161000408865,0.06132879046,0.0249831195138,0.000771105147898,0.0207325501037,0.0550853434899,-0.0129748957635,0.0177011696702,-0.0125539135897,0.0148071914643,-0.015652173913,-0.0120481927711,-0.0242825607064,0.0136217948718,0.0203045685279,0.0684667309547,0.0239766950658,0.0208767025516,0.0327259033378,0.00776616502135,-0.0107784431138,-0.00438276113952,0.0436839176405,0,-0.00766685333198,0.04296875,0.0563866513234,0.00782361308677,0.051387010275,0.0172006020211,-0.00608695652174,0.0120061746041,-0.00849422027023,0.0194799142511,0.0313028764805,0.0432780847145,-0.0834976063081,0.0851910828025,-0.022699008658,0.00123161901918,-0.00495700450827,0.0244648318043,0.0459227669682,-0.0152063721941,0.0165289256198,0.0453999114354,-0.00263360181812,0.0349417637271,0.0112676056338,0.0194938258463,0.0527023749146,0.0457054734819,-0.0114566786358
0.00109168935791,-0.0189349112426,0.0250391236307,-0.0287450338864,0.0163630835568,-0.00653594771242,0.0267085624509,-0.0337494220989,0.0401802478408,0.00616689837094,0.0134043586407,0.00860420650096,0.00149812734082,0.0253712871287,-0.0235240111193,-0.0199886567439,0.000684931506849,0.0118106589267,-0.0753732376978,-0.00933799489607,0.00563697857948,0,0.00853396631627,0,0.0313253012048,-0.00649772579597,0.0625931445604,-0.0220326492018,-0.00486618004866,-0.0334995426024,0.0359491018419,-0.0112359550562,-0.00197628458498,0.0555230228688,-0.00473933649289,-0.000891325177708,0.00983693725629,0.0224673138344,-0.0084736461272,-0.0282716228243,-0.00706713780919,0.0243902439024,0.0079185520362,0.0316205533597,-0.0208955223881,-0.0141395908544,-0.00114174693589,0.0170123514332,0.00737301777885,-0.0457586504361,0.00968523002421,-0.0139398385913,0.02259397494,-0.0242038216561,-0.00858796248794,-0.00524344569288,0.0386710239651,-0.0261115031757,0.0235969891551,0.00951173113507,0.0271216097988,-0.0167363425795,-0.0292538874448,0.0316328396416,0.0410172272354,0.00882612533098,-0.034990013827,0.0491562729274,-0.0437074695963,0.00756700339211,-0.0306033623845,0.0248756218905,-0.00131914255734,-0.00367647058824,0.0075493612079,0.025556720994,0.00105890316398,-0.0289389067524,-0.00668391974028,-0.00695668063224,-0.00500638890634,0.00577071043857,-0.00946067438953
-0.0152920531462,-0.0211097708082,-0.0290076335878,-0.00986525505294,-0.0135432813902,-0.0106907894737,0.0191277735272,-0.011961722488,-0.0216606498195,-0.00173598809608,-0.0286013190479,-0.0104265402844,-0.0179506357517,-0.007242003621,0.0431825660902,0.00563089484304,0.0041067761807,0.00892625539771,0.0336282782361,-0.0329929286126,-0.0117713004484,0,-0.026758195573,-0.0126751167445,-0.0251168224299,-0.0372792674951,0,0.00530345577728,0.0592909535452,-0.0663796053129,-0.0252915008538,-0.00811688311688,0.0250825082508,-0.0518577998394,0.00544217687075,-0.0434016548832,-0.0110574813515,0.0077938664656,-0.0239326646537,-0.0215969840898,-0.0249110320285,-0.0309523809524,-0.00112233445567,0.000766283524904,-0.025406504065,-0.00610314311871,-0.000568368403769,0.0103116406966,-0.0387759786697,-0.00656916710193,-0.0083932853717,-0.00223214285714,0.000651763018966,-0.0317667536989,0.00866235446313,-0.0316265060241,-0.0204509701101,-0.0210144927536,-0.010975260187,0.00418760469012,0.0119250425894,0.00140766170155,-0.0150677335023,-0.0107231478199,0.0220646178093,0.0244969378828,-0.0188656716418,0.0671328671329,-0.023704820804,0.0031076581576,-0.0447901678008,0.0126213592233,-0.0379754435472,0.0206642066421,0.0190201729107,-0.034872057117,-0.0358842865655,0.00662251655629,-0.00729239866881,-0.0376163188055,-0.00736842105263,-0.0124102171788,0.0497849582957
-0.00997963340122,-0.0406654343808,-0.0448113207547,-0.0778250303767,-0.098709784137,-0.0532003325021,-0.0698198198198,-0.0629539951574,-0.0619926199262,-0.0589842779572,-0.0202440126525,-0.0478927203065,-0.049504950495,-0.0613981762918,-0.0692804566622,-0.0405642916025,-0.113837764145,-0.0734702519585,-0.10176786215,-0.0739239592711,-0.0703346568349,-0.0364372469636,-0.0817619116165,-0.0547297297297,-0.0347513481126,-0.104619565217,-0.0680224403927,-0.0751508036971,-0.0357761107905,-0.0807611577289,-0.0531060617453,-0.0523731587561,-0.126851255634,-0.0492123862464,-0.0385656292287,-0.0638828658693,-0.0572662466353,-0.0618840037561,-0.0665501772543,-0.00864227093628,-0.0830291970803,-0.0540540540541,-0.0561797752809,-0.0589586523737,-0.0396246089677,-0.152594412036,-0.0657913028093,-0.107620775686,-0.0890387052924,-0.0792703888698,-0.0592503022975,-0.0850111856823,-0.0766234612128,-0.0476404494382,-0.0541236584515,-0.0653188180404,-0.124732334047,-0.0318282753516,-0.0582720700937,-0.0510842368641,-0.0488215488215,-0.0623233931466,-0.048516826459,0.0331452118606,-0.0878951426369,-0.0529461998292,-0.0762240882723,-0.0799475753604,-0.0721207204284,-0.05041675887,-0.090700071355,-0.0632790028763,-0.111495974537,-0.0679681851048,-0.0673076923077,-0.0972488282046,-0.0191585248144,-0.0773026315789,-0.0813532609422,-0.0618120237087,-0.0562036055143,-0.0522227482033,-0.0628176612677
0.00615871219914,0.0353243416827,0.0526748971193,0.0445352131234,0.0190410644643,-0.0386303775241,0.00403551251009,-0.0366925064599,-0.00786782061369,0.0374127852159,-0.00262890877225,0.00704225352113,0.00400641025641,-0.00453367875648,0.00187223603086,0.0415498095161,0.0538461538462,0,-0.0672281287598,-0.00087574663686,-0.00183038438072,0.0478991596639,0.00708575011757,0.012151536812,0.016139044072,0.0136570561457,-0.0180586907449,-0.0498921869982,0.016157989228,0.0142751368228,0.000635248342399,-0.0189982728843,-0.000737463126844,-0.0172639966314,0.0105559465165,-0.00891634081343,-0.0628471023815,0.0232338604015,-0.0412744339249,-0.0401844532279,0.0378109452736,0.00692640692641,-0.00952380952381,0.0235964198535,0.0217155266015,-0.0271739130435,0.0177617250382,-0.00444783326979,0.0116959064327,0.121411785377,0.0321336760925,-0.00325998370008,-0.00210205549991,-0.0108541764983,0.0572206493323,-0.00582362728785,-0.068501529052,0.00305810397554,-0.028870396894,-0.00329597890574,-0.00530973451327,0.000764853454078,0.0299418408061,0.00208098499957,-0.072696534235,-0.00180342651037,0.132487265062,-0.042735042735,0.103075620965,-0.00718530314211,-0.00759812164468,-0.00972364380757,0.02416324237,0.0186190845617,0.0375985445725,-0.0190753532891,-0.00501946902655,0.00534759358289,0.00122855481245,-0.0174537090951,-0.00561797752809,0.0448838740436,0.0956230879757
0.00222350009584,0.0142679900744,0.00390930414386,0.0232734153264,-0.00280654359898,-0.00547945205479,0.0064308681672,-0.00482832618026,-0.0602696272799,-0.0162140546043,0.0323930635838,0.023976023976,-0.0167597765363,-0.0182173064411,-0.00327029029868,0.0181951189142,-0.0124087591241,-0.0330373465657,0.000312120425838,0.0201912814093,0.0525672371638,0,-0.00703589552006,0.00494350282486,0.045204642639,0.0583832335329,0.0291187739464,0.0112508752022,0.027679623086,-0.00432385522487,0.0445899297703,0.0457746478873,0.0258302583026,0.00334536345808,0.00974930362117,0.00799135526349,0.0387371099504,0.0124546669212,0.0234817034678,0.0479066575154,0.00767018216683,0.0438521066208,0.0168269230769,-0.0174880763116,0.0148777895855,0.0487895716946,0.0481352012335,0.0236788358438,0.00907913095475,0.0767739282007,-0.0423412204234,0.0318887980376,0.0338168349026,0.0796755725191,0.0584125094909,0.036820083682,0.0111621799081,0.00685975609756,0.0254808512713,0.0429894179894,-0.0266903914591,-0.0203754088839,0.00753459511811,-0.0110755386346,-0.0300820419325,0.0551038843722,0.00221024467796,0.0193452380952,-0.0591823664069,-0.0640403724278,0.0613256686707,0.0258397932817,0.041082267412,-0.013709063214,-0.0175336060783,0.0145904770672,-0.0201933955216,-0.0656028368794,-0.0331738413842,0.0917225950783,0.0463276836158,0.0214887884582,-0.0369475336553
-0.00666845172066,-0.0177370030581,-0.0101246105919,-0.0189225838264,-0.0393570428789,-0.0110192837466,-0.0191693290735,-0.00916442048518,-0.00675105485232,-0.00369535493884,-0.0532649511396,-0.0243902439024,-0.00162337662338,0.00662690523526,0.00234358584797,-0.0171820780531,-0.0280857354028,-0.0364618501013,-0.0441005090111,-0.00688360965062,-0.0284552845528,-0.0104250200481,-0.0370591001724,-0.0238931834153,-0.0631209818819,0,-0.0297840655249,-0.0541562213999,-0.0120343839542,-0.0578180196162,-0.0725648388714,-0.030303030303,-0.0172661870504,-0.0366598778004,-0.00413793103448,-0.0440527536087,0.0480580177276,-0.0586086628647,-0.0200745199197,-0.0471574534975,0.00285442435775,-0.0675453047776,-0.0472813238771,-0.0307443365696,-0.0392670157068,-0.0710227272727,-0.00803981866024,-0.0644678595922,-0.0196343739815,-0.0658069444697,-0.0325097529259,-0.0372424722662,-0.0136340015863,-0.037560760053,0.0146187775677,-0.0169491525424,-0.0422077922078,-0.0105980317941,-0.0609455323448,-0.0422743606003,-0.0667276051188,0.0184899124655,0.00373097852651,-0.0640475982151,-0.0131578947368,-0.0325342465753,0.0176429621605,-0.0416058394161,-0.0537859078225,-0.0267920585162,-0.0264903794983,-0.0347607052897,0.00877828650483,-0.0123552123552,-0.081499107674,-0.0431192868646,-0.0228971046382,-0.0891840607211,-0.0171522979874,-0.0126479209641,-0.0048596112311,-0.0277157382001,-0.0686544289685
0.00447975765666,0.0199252801993,0.0180959874115,0.0115599673305,0.00878924609889,0.0259981429898,0.0561889250814,0.0304678998912,0.0335598980459,0.0129075331034,0.0246613256793,0.03,0.00487804878049,0.00789993416722,0.0177749828001,0.0209820664769,0.0433460076046,-0.0370357393132,0.08479402222,0.00693132216678,0.0101613867304,0.0226904376013,0.0433692573177,0.0100791936645,0.0480349344978,0.018387553041,0.0161166538757,0.0784350021035,0.0469837587007,0.0124016412176,-0.0177503645091,-0.00694444444444,0.0117130307467,0.0233581122553,-0.0332409972299,0.0284790319216,0.0246647804158,0.00922055056283,0.0243887029974,0.0636513610118,0.0132827324478,0.0159010600707,0.0272952853598,0.0258764607679,0.0370572207084,0.0561926605505,0.0410873970098,0.0254581806065,0.0659460221835,0.0146803995249,0.00672043010753,-0.0238683127572,0.0366288178125,0.0068870523416,-0.0344056638927,0.0960591133005,0.0677966101695,0.0474368783474,0.013233339662,0.0297947472964,0.0666013712047,0.0249563378987,-0.00319768857435,0.0187903150416,0.047619047619,0.0327433628319,0,0.0632140137091,-0.00802786602653,0.0318673767394,0.0733730973408,0.0062630480167,0.0188405087264,0.0242376856919,-0.0161917098446,0.0500640022756,0.0415979189892,0.0520833333333,0.0471897062869,0.0484908461158,-0.0227889310906,0.0314591992999,0.0271572433253
-0.00111175004792,0,0.00231839258114,0.0229178311906,0.0280327385112,-0.00361990950226,0.0501156515035,0.0184794086589,-0.000411015207563,-0.00545607675125,0.00676822206233,0.0165048543689,0.0226537216828,0.0195950359242,0.0307887301629,0.0123244264343,0.0379008746356,0.0441909544082,0.0371380095419,-0.00172038855705,0.0177514792899,0.0380348652932,0.036074270557,0.0121168923735,0.0160714285714,-0.00902777777778,0.0151057401813,0.0400009362419,0.0271468144044,0.0443226101212,0.041496059709,0.020979020979,0.0535455861071,0.0177434940522,0.0157593123209,0.0332437366873,0.0240410588871,0.0472276883899,-0.00285523066838,0.0351342036104,0.0365168539326,0.0147826086957,0.006038647343,0.0146460537022,0.0299527062533,0.028230184582,0.00722640061397,0.042373432118,0.0227012824996,0.118603089322,0.00734312416555,0.0295109612142,0.00667371039574,0.0113999088007,-0.0414201183432,0.00823970037453,0.0501587301587,0.00949598246896,-0.00435350185196,0.0150021431633,0.0229568411387,0.0214041223861,-0.00534114964989,0.055331253441,0.0545454545455,0.0411311053985,0.00433427115809,0.0279369627507,-0.0623729884604,0.0379588778823,0.0245815366856,-0.0108921161826,0.0249018508132,0.0374045801527,0.046741277156,0.0924646710912,0.00956138911286,0.0178217821782,0.00925925925926,0.044504745425,-0.023875624653,0.00286332400102,0.0181590765837
-0.0301018319517,-0.0274725274725,0.00616808018504,-0.0180327868852,-0.0743118711666,0.0136239782016,-0.0374449339207,0.016588906169,-0.0357730263158,-0.0493372606775,-0.0235314351233,-0.00955109837631,-0.057753164557,-0.0121716848174,-0.0450290749801,-0.0277497705076,-0.059691011236,-0.0908964195487,0.0236786912752,-0.0853461428386,-0.0598837209302,-0.0534351145038,-0.070389446101,-0.0492957746479,-0.0269478617458,-0.0567624386826,-0.00520833333333,-0.0132859211247,-0.0226537216828,-0.0817690989289,-0.0694045207421,-0.0171232876712,-0.0892857142857,-0.0323964182232,-0.0225669957687,-0.058482833092,-0.0352296374454,-0.0247280077058,-0.113658906454,-0.0532120783302,0.00542005420054,-0.0368466152528,-0.0463385354142,-0.0344827586207,-0.0505102040816,-0.042942625836,-0.06015165923,-0.0982604900555,-0.0911182781787,-0.055166735282,-0.0331345261763,-0.046683046683,-0.0503387803906,-0.0545536519387,-0.0691502539329,-0.0453194650817,-0.0380894800484,-0.00361794500724,-0.0443464404908,0.0147804054054,-0.0233393177738,-0.0426282285798,-0.0713794571232,-0.0804277888879,-0.0594827586207,0.140740740741,-0.0553452453059,-0.0585365853659,0.00711479402327,-0.0602293688347,-0.113938871768,-0.045621394861,-0.070091777545,-0.0286975717439,-0.0477987421384,-0.0759185022937,-0.0752083230261,-0.0817120622568,-0.0654419791644,-0.0969138668909,-0.0170648464164,-0.0256751898145,0.053740350307
0.0137967420695,0.0464532328939,0.0122605363985,0.055153651147,-0.0198123215014,0.0188172043011,0.0114416475973,0.027027027027,0.00724946695096,-0.014407436096,0.063884333426,0.0125361620058,0.063811922754,0.0324254215305,0.0238095238095,0.0340984723018,-0.0463032113518,0.00172486488558,0.0287720160899,-0.0414695090381,-0.0420531849103,-0.0685483870968,-0.00324002073613,-0.0274074074074,0.00963275135461,-0.0230312035661,-0.00897531787584,0.0418085882854,0.0386313465784,-0.0629245981032,0.0144979909312,-0.0296167247387,-0.0603318250377,0.0429214319551,0.00865800865801,0.0341465957669,0.000668347662302,0.0372796010556,-0.0495676175806,0.0358493054334,-0.078167115903,0.017793594306,-0.0664652567976,-0.0456810631229,0.0102095647501,0.0463405663847,-0.0751634410834,0.0020742584526,-0.0766641925349,-0.036510530138,-0.000685400959561,-0.0309278350515,-0.0116254669073,0.0176442536958,-0.121627465984,0.00856031128405,-0.0320553111251,-0.00217864923747,0.0490169691798,0.0405742821473,-0.00735294117647,0.016599920516,-0.110979866718,0.0654311649017,-0.0210815765353,0.0165945165945,-0.0958163019957,0.0451517394523,-0.000851698073033,-0.031660692951,-0.0702228981749,0.010989010989,0.0201425785191,0.00530303030303,-0.0680317040951,-0.0141547406082,-0.0620500435627,-0.110169491525,-0.129582498511,-0.031449337799,-0.00868055555556,-0.0233996830841,0.0137690081957
0.027777416375,0.0335932813437,0.00454201362604,0.0390272487548,0.035763640299,0.0369393139842,0.0678733031674,0.0302879841112,0.0317527519052,0.0409462433197,0.0158232621452,0.0190476190476,-0.0307813733228,0.00125628140704,0.0127702610646,0.0242328992666,0.119812059514,0.0602280554067,0.152728359002,0.0127827565476,-0.00193673337637,0.0424242424242,0.0498309712651,-0.013709063214,0.066785927251,0.0653992395437,0.0339622641509,0.190480708182,0.0180658873539,0.0504552034359,0.0857787427486,0.0592459605027,0.0489566613162,0.0321031713845,0.0393419170243,0.0390432020971,0.0364916967728,0.278223068578,-0.0844683981107,-0.0374095529102,0.0136452241715,0.0270979020979,-0.0339805825243,0.0304612706701,0.0473404255319,0.151845342707,0.0387320733546,0.0720347754088,0.0355904020438,-0.0246094706891,0.0288065843621,0.0709219858156,0.034677990092,0.116213683224,-0.0417629309801,0.0679012345679,0.0603896103896,0.0203784570597,0.0305315327718,0.0269946010798,0.062962962963,0.0237565405665,-0.0253633965931,0.0506744763933,0.0299625468165,0.0823278921221,-0.0882861321633,0.194050991501,0.0656594870234,0.0527452190006,0.0263867101082,0.0282608695652,0.0746118601048,0.0452147701583,0.0630758327427,-0.0191666477646,-0.0141289202865,0.0761904761905,0.0135356120798,0.06399403105,0.0338587273789,0.0899068702629,0.0565030174503
-0.00111398045471,0,-0.0105501130369,0.0329366645987,0.00200935555948,-0.0407124681934,-0.0254237288136,-0.0236144578313,0.015592942142,0.0168742921857,0.0049544394385,0.0177570093458,0.0105863192182,-0.0181932245922,-0.00225589974699,0.0341668006255,0.072027972028,-0.0251551898369,0.0297327336493,0.0165054689728,0.00711513583441,0.00332225913621,-0.0552682911726,0.019305019305,-0.0262716601453,0.062812276945,-0.0014598540146,0.0371426119366,0.0198329853862,0.0142187651256,-0.00438987049101,0.0457627118644,0.0420811017598,-0.00638123978373,0.0337233310392,0.00963054605439,0.0136785682903,-0.063554768592,0.0427255230424,0.00484966052376,-0.0269230769231,0.0195744680851,0.0195421552205,0.0565878378378,0.00711020822753,0.0253280439426,0.0323930919942,0.0323099697496,0.00793254149697,0.00969804686745,-0.00733333333333,0.078642384106,-0.00478796169631,-0.0247691015953,0.0948735853283,0.00794797687861,0.00673606858543,-0.00855920114123,0.0145129067713,-0.0233644859813,0.00871080139373,0.0232052637763,0,-0.048230424867,0.0336363636364,0.0793442622951,0.0175003645909,-0.0474495848161,0.0629494989894,0.0197982503872,0.0460999856305,-0.00739957716702,0.0551371911474,0.0173035328046,0.000666666666667,-0.0117247120855,0.0136784772673,-0.0575221238938,0.0727019229926,0.00179356474364,0.0135516657256,0.0348315523289,-0.00456194682681
0.0425178689106,-0.0243760882182,0.003046458492,-0.0598962598963,0.061924471396,0.00707338638373,0.0623188405797,-0.0434353405726,0.0375757575758,0.045105245573,0.00739862478557,0.00459136822773,-0.0265914585012,-0.0108626198083,-0.00360930329038,-0.0324021083273,0.0110893672538,0.102402724816,-0.0371903137408,0.0706778992128,0.0398201669878,0.0256622516556,0.0280217619297,0.0477272727273,0.0619977037887,0.0335795836132,0.00877192982456,-0.0573034571214,-0.00511770726714,0.0771321093706,0.0327475286364,0.0097244732577,0.0389133627019,-0.0264798000569,-0.0159786950732,0.0276790004805,-0.00705039297272,0.0276258223523,0.0374086005885,0.0628729378729,0.0405138339921,0.0233722871452,0.052026286966,0.0167865707434,0.077660110943,-0.0309523809524,-0.0230911088441,0.0783091215163,-0.0454588612603,0.115392710227,0.0194761584956,0.0122793553338,0.0199312714777,0.029702970297,0.0478568506173,0.0129032258065,0.0273722627737,0.00431654676259,-0.0238401637627,-0.00598086124402,0.00863557858377,0.0120428317161,0.00799625620575,-0.0171281505147,0.0175901495163,-0.044957472661,0.0426162151832,0.0093399750934,-0.0376534458547,-0.0103841733705,-0.0296578421578,0.0122470713525,-0.0206407349264,0.0155917788802,0.113924050633,0.0672048672049,-0.0102814558737,0.0422535211268,0.034578033548,0.0259937808769,0.0122562674095,-0.0309987387671,-0.0217082839211
0.0106001483048,0.0333135038667,-0.0303720577069,0.0494250203276,0.0131733994018,0.0930640913082,-0.0361527967258,0.0603715170279,-0.00389408099688,-0.0352372833191,0.0132862554868,0.00457038391225,0.0248344370861,0.0206718346253,0.0321590098835,0.0177293571283,-0.0393548387097,-0.0536152063673,0.0731790195167,-0.0606602294227,0.0296479308215,-0.0710250201776,0.0296489941658,0.0122921185828,0.0145945945946,-0.0285899935023,-0.00869565217391,0.0689689765004,0.0493827160494,-0.104921604604,0.0329246243372,-0.00481540930979,-0.0424028268551,0.0115364617184,0.0297699594046,0.0194052183672,-0.0239785822372,-0.00642733871377,-0.085287834773,0.0127347781218,-0.0303893637227,-0.0130505709625,-0.051015096304,-0.0251572327044,-0.0243331773514,0.0460687960688,-0.015757940891,0.0116218560278,-0.0137378426172,0.0146493756004,0.0250329380764,0.00985595147839,0.00269541778976,-0.0150501672241,-0.0706714592496,0.0424628450106,0.0213143872114,-0.00214899713467,0.123319925439,-0.0230645808263,-0.00342465753425,0.01751599132,-0.110514523324,-0.0269074492099,0.0155574762316,0.0916030534351,-0.0643357925125,0.0524367674275,-0.00310695609068,0.0405623989051,-0.00698796731227,0.0520778537612,0.00923177392543,0.00139567341242,-0.0633971291866,-0.00925296555353,-0.018181518614,-0.0157657657658,0.0715222578657,-0.0200871185284,-0.0247660979637,-0.0429724837811,0.0347902720546
-0.0325013532207,0.027633851468,-0.0297572435395,0.0193148486358,-0.042704201831,-0.0281124497992,0.0162774239207,-0.0165450121655,-0.0473025801407,-0.0319587628866,-0.0227748533986,0.00090991810737,-0.0105008077544,0.020253164557,0.0399308181809,0.00516588221789,-0.0194761584956,-0.0742179876155,-0.0945693973484,-0.0465340987704,0.0161967606479,0.018245004344,-0.00857664798588,-0.0607142857143,-0.0111880660629,-0.0682274247492,-0.0350877192982,-0.0355383243789,-0.0519607843137,-0.065985709211,-0.0554909978819,-0.0467741935484,-0.0553505535055,-0.019565007871,0.00459921156373,-0.0358011100408,-0.0185748360167,-0.0505890992688,-0.0237797922795,0.0242525526321,-0.0470127326151,0.00661157024793,-0.0905101481075,-0.0129032258065,-0.0412470023981,-0.105695830887,-0.0523359019526,-0.0470964791952,-0.0454968230667,-0.0220794590025,-0.0025706940874,-0.0600600600601,-0.00604838709677,-0.0373514431239,-0.0181031819586,-0.0271554650373,-0.00985507246377,0.0165111270639,-0.0798908296943,-0.0256620817081,-0.00773195876289,-0.0323520392518,-0.027526891481,-0.0328477312796,0.011914893617,-0.0238927738928,-0.107791762574,-0.0849941383353,-0.052093401129,-0.0255490453984,-0.0879578030637,0.016,-0.0430895026324,-0.0334494773519,-0.0555555555556,-0.0149607170521,-0.0687867091794,0.0389016018307,-0.0106036249945,-0.0294160965094,-0.0694130925508,0.0181478175868,0.0704578818238
0.0162619820223,0.0173669467787,0.00726392251816,0.0795417526333,0.0213388990997,0.0479338842975,-0.00557103064067,0.0559129143988,-0.0320065654493,0.0112962117754,-0.0113005780347,-0.00181818181818,0.0685714285714,0.0334987593052,0.0307995170605,0.020528780265,0.0630136986301,0.0224040783472,0.105433210191,0.018924030307,0.0619834710744,0.0127986348123,0.0730168644597,-0.00988593155894,0.0140086206897,0.0495333811917,0.00227272727273,0.0589541028869,0.0258531540848,0.0795321345737,0.131876688755,-0.0152284263959,0.06796875,0.0299331542041,0.0189666448659,0.0400085630694,-0.0277364279855,0.0130084144397,0.0410247895258,0.0307021907396,0.00616649537513,0.0394088669951,0.112786489747,0.0490196078431,0.0730365182591,0.100459619173,0.0201383705575,0.090391074856,0.0038977658288,0.0920925247217,0.0199742268041,-0.0255591054313,-0.0101419878296,-0.0141093474427,0.0331865089353,0.0300069783671,0.0304449648712,0.0176553672316,0.0448909612966,0.0168563000421,-0.04329004329,0.0256118465594,-0.0344433295219,0.0656241005469,0.00756938603869,0.08,-0.0396311340433,0.102498398463,-0.0420336328171,0.0138252617801,-0.00771580817052,0.00984251968504,0.0409264154423,0.0475847152127,0.0371872887086,0.020872183154,0.0205979348002,-0.0484581497797,0.0561128666826,0.0459097806594,0.0679199514857,0.00563533144098,0.0447957022738
-0.0490451548183,-0.0176211453744,-0.025641025641,-0.0298747673892,-0.00664917952785,-0.00315457413249,-0.015406162465,-0.0548266166823,-0.0326409495549,-0.0522396479747,-0.0214271098249,-0.00182149362477,-0.0190985485103,0.0438175270108,-0.00532012474775,-0.000629493886915,-0.0470360824742,-0.120569104167,-0.0625420782107,-0.0923748599178,0.0138966092273,-0.0176916596462,-0.0446475347808,-0.0291858678955,0.019659936238,0,-0.0385487528345,-0.0899343582558,0.0120967741935,-0.0950653791064,-0.0458313554716,-0.0240549828179,-0.0380395025604,-0.0137282662297,-0.0160462130937,-0.0448734075887,0.0132170978628,0.0152914539165,-0.0394080812854,-0.0102123552124,-0.026557711951,-0.0363349131122,-0.0162601626016,-0.0155763239875,-0.0284382284382,-0.0894988066826,0.00191357937837,-0.0464271962154,-0.0174484557181,0.0182995361796,-0.010739102969,-0.0319672131148,-0.0116120218579,-0.0348837209302,-0.00408053887475,-0.00406504065041,-0.05,-0.0173490631506,-0.0180888088979,-0.00518027351844,-0.203619909502,-0.00832876866248,-0.0427773884042,0.0231385612677,-0.0534223706177,-0.0381426202322,0.00651577503429,-0.0923881464265,0.0336894065019,-0.0449447268619,0.00680203917975,-0.0263157894737,0.00327767196705,-0.0151410874054,-0.0560625814863,-0.0158017518377,-0.0299201892856,-0.0277777777778,-0.0328358208955,-0.0105383945765,-0.045996592845,-0.0233282138558,-0.0338401308828
-0.0482040858334,-0.0241031390135,-0.0172697368421,-0.0329721602986,-0.0153064357652,-0.0719936708861,-0.0448079658606,-0.02825979177,-0.055652936021,-0.0403571428571,-0.00912594097264,-0.0182481751825,-0.0957943925234,-0.0241518113859,-0.0218104777308,-0.0106941392198,-0.0723461798513,-0.0163060854737,0.348106231036,-0.0527737335179,-0.0202850877193,-0.0497427101201,-0.0306178406044,-0.0727848101266,-0.0203230849401,-0.0554035567715,-0.0471698113208,-0.0547053960762,-0.0139442231076,0.0191021418907,0.0011535938052,-0.0598591549296,-0.0326996197719,-0.0433709677419,0.00260926288324,0.0450659706425,-0.00959077312116,0.0620495716435,-0.0724344900959,-0.0137504632248,-0.0954879328437,-0.0377049180328,-0.0391184573003,0.0189873417722,-0.091650671785,0.0907601572739,-0.0165292738074,-0.0451687337756,-0.0700215432591,-0.0445380633327,-0.0574712643678,-0.0524978831499,-0.0400829302004,-0.017608897127,-0.103935813703,-0.0428571428571,-0.0382775119617,-0.069209039548,0.00690971117985,-0.0978962716101,-0.0284090909091,-0.036356683568,-0.129977024263,-0.00281590989088,-0.0626102292769,-0.0149425287356,-0.0990914253265,-0.10371318822,0.0524238376995,-0.0691534302129,-0.0202682520944,0.013013013013,-0.00849116300973,-0.0286512928022,-0.156767955801,-0.107177996422,-0.0437572238553,-0.0738095238095,-0.116663748066,-0.0363774510457,0.0107142857143,-0.0391644353776,-0.0060822699025
-0.0270865716024,0.0178058587019,-0.0217573221757,0.0417627191337,0.00389778449929,-0.0238704177323,-0.0275502606106,-0.0229591836735,-0.00092807424594,-0.0425505520407,0.00552825552826,-0.0157992565056,-0.0318690783807,0.0583382439599,0.012197480251,0.00318349675283,-0.0816326530612,-0.0424052004334,-0.106929676301,-0.0812952492681,-0.0106323447118,-0.0370036101083,-0.121625443917,-0.0102389078498,-0.00159574468085,-0.0897900072411,0.0288778877888,-0.0547604106864,-0.0429292929293,-0.0749763585238,-0.029476367774,-0.0411985018727,-0.0369496855346,-0.0282241068267,0.0357839947951,-0.0752468895355,-0.028428197783,0.0266567322258,-0.0960614729779,0.0122018747775,-0.0220417633411,-0.0195911413969,-0.0808486238532,-0.0714285714286,-0.0591653460116,-0.140282367077,-0.109888619163,-0.0709884001933,-0.12990503494,-0.0515115030425,-0.0338753387534,-0.0205540661305,-0.0597552195824,-0.0334905660377,-0.0982883817427,-0.0184790334044,-0.0914179104478,-0.0212443095599,-0.0634661766395,-0.057769568229,-0.0456140350877,0.00798071694175,-0.086566644418,-0.078803388634,0.0479774223895,0.0513418903151,-0.0885597226599,-0.0607142857143,-0.0567391473885,-0.0888132516451,-0.105412154119,-0.0820158102767,-0.0731269294704,0.00719424460432,-0.0900900900901,-0.0592331004082,-0.0255065622293,-0.159383033419,-0.020270437706,-0.0699820168765,-0.0341578327444,-0.0800176932434,-0.154600678313
-0.0175601894944,0.038374717833,0.0496150556031,-0.0326780568135,0.0270698411219,0.00174672489083,0.00995405819296,0.0198433420366,0.0366929865304,-0.0240995076445,0.0106209548366,0.0160528800755,0.0160142348754,-0.021714922049,0.0228591625312,0.0336097712335,0.0031746031746,0.0117213133302,0.0354262990202,0.0222759546204,-0.00339366515837,0.0384254920337,0.0701277326559,0.0163793103448,-0.00905700586042,0.0389817024662,0.00962309542903,0.0144849747519,-0.0279683377309,0.0211638062354,0.00595856460182,-0.015625,0.025306122449,0.012318475979,-0.0332914572864,0.0257935033078,-0.0135563888088,-0.0237514019925,0.00993827998078,-0.0155129632886,0.00711743772242,-0.00260642919201,0.0155957579538,0.0267558528428,-0.00224592925323,0.0132774283718,0.0602715991947,0.0306951941211,0.0481436808661,-0.00862837930561,0.0203366058906,-0.00273722627737,0.052067381317,-0.0117130307467,-0.0240830722189,-0.0557566980449,-0.0335386721424,0.0837209302326,0.0231960659276,-0.00735149970594,0.0355392156863,0.0424747018168,-0.0484496124031,0.0647571606476,0.0736086175943,0.0471698113208,0.0399031811895,0.041825095057,-0.0938096598169,0.0244048211973,0.0468022265137,-0.0290635091496,-0.00709378853144,0.0442857142857,0.004500450045,-0.0101166072094,0.00230489007823,-0.119266055046,-0.0699019467325,0.0356531956984,-0.0115853658537,0.032959107628,-0.00540254958374
0.012316698955,0.0217391304348,0.0546047269764,-0.00872479651008,0,0.0261551874455,0.040940106141,-0.015873015873,0.0268817204301,0.0774030801912,0.0492944950216,0.00278810408922,0.00963222416813,-0.0022766078543,0.0199108122621,0.000614041072525,0.0466772151899,0.128760260339,0.0403268720877,0.12288123341,0.0011350737798,0.0514440433213,0.0823497943763,0.0432569974555,0.0489247311828,0.0237366003063,-0.0309769658459,0.0233560280133,0.0157437567861,0.0399055896997,0.104199399559,0.031746031746,0.00636942675159,0.0547928770974,0.0396361273554,0.0116183574879,0.0600389863548,0.018670860801,0.0499613279931,0.0104983230467,0.00117785630153,-0.0104529616725,-0.0276412776413,-0.0407166123779,-0.0140686550366,0.100344827586,0.0410945431712,0.0512966117736,0.0808201299521,-0.0313013686779,0.0302405498282,0.0402561756633,0.061135371179,0.0404938271605,0.0240259337387,0.021472392638,-0.00849858356941,0.00572246065808,0.0280456160747,0.0506566604128,0.0366863905325,0.04281418281,0.0268104570799,0.0571300044984,0.0535117056856,-0.087440381558,0.0184212276385,0.119708029197,0.0368266080537,0.014731621937,0.089946515774,0.0049889135255,0.0300616069413,0.0636114911081,0.0716845878136,-0.0113495777527,0.0176659163768,0.0868055555556,0.0245472180424,0.0736054460849,0.0647748303516,-0.00209458201452,-0.0435826274778
0.0420042465218,0.0239361702128,0.00772797527048,0.0115386679547,-0.0178884654933,0.0467289719626,-0.0145666423889,0.0244536940687,0.0104712041885,0.0280139659068,0.030396737325,-0.0139017608897,0.00520381613183,0.0228180262407,0.0330694673998,0.0300422746488,0.0831443688587,0.0142664658794,0.0626512294061,0.0566057656405,-0.0136054421769,0.0214592274678,0.0131904114667,0.00813008130081,-0.0225525371604,0.0411368735976,-0.00327868852459,0.063414534595,-0.00320684126136,0.115722027415,0.0509375855918,0.0134615384615,0.0458860759494,0.0535876771091,0.01875,0.0172154437573,0.00680397204855,0.0283343184203,0.103101482957,-0.0276915825445,-0.0164705882353,0.0642605633803,0.0435881238155,0.0152801358234,0.013698630137,0.0629896584143,0.0151364313483,0.0457928219902,0.0467954710709,0.0511753358102,0.00733822548366,0.0343007915567,-0.0109739368999,0.0341718082582,0.0532709289469,0.0427927927928,0.0171428571429,-0.0355618776671,0.00696585854935,0.0211466165414,0.0256849315068,0.0125811470572,0.0181439812707,-0.0177872340426,-0.00714285714286,0.0150987224158,0.107809847199,0.0358539765319,0.111315547378,0.0477217191318,0.0579174193181,0.00937672366244,0.0396117112886,-0.0225080385852,0.0476588628763,0.0195321001088,0.00377250095749,0.0607028753994,-0.00598977226479,0.0320522253287,-0.0324449594438,0.0199169737394,0.0900789709162
-0.0350425631745,0.00103896103896,-0.00766871165644,-0.0168718166384,-0.0594466427505,-0.012987012987,-0.0362158167036,-0.00355510411376,-0.0405872193437,-0.0802733048308,-0.00838252291989,-0.00657894736842,-0.0362381363244,-0.0178471834914,0.0100247294387,-0.00119153217799,-0.0844382414515,-0.0896303821208,-0.133473135225,-0.131632372044,-0.000574712643678,-0.063025210084,-0.0436598676789,-0.0233870967742,-0.0262191924489,-0.0747126436782,-0.0106907894737,-0.118664559918,-0.00911528150134,-0.0992622899298,-0.0663242604152,-0.0683111954459,-0.053706505295,0.0140803800006,-0.00552147239264,-0.0460541758603,-0.00879756468798,-0.0237707033266,-0.060132177926,-0.0347418599014,0.00598086124402,-0.0306038047974,-0.10593220339,-0.0827759197324,-0.097972972973,-0.129127358491,-0.082957522656,-0.0536011477762,-0.0955842222774,-0.00939693112882,-0.0721854304636,-0.0374149659864,-0.0846047156727,0.00458926112896,-0.0559981592798,-0.0626349892009,-0.061797752809,-0.00294985250737,-0.0415002373427,0.0138057984353,-0.0545353366722,-0.00523220388375,-0.0581246806336,-0.0752101204402,-0.0087929656275,-0.0606407322654,-0.109165929856,-0.148521082442,-0.0704434206738,-0.125760278045,-0.148267656193,0.0344262295082,-0.0528162650602,-0.0144736842105,-0.0790103750998,-0.0710016543039,-0.0887212163993,-0.0632530120482,-0.0948829095052,-0.119923783847,-0.0532934131737,-0.183961401262,0.00294984007145
0.0363151387172,0.0332122470161,-0.00231839258114,0.0442525634107,0.0428234677842,0.0148026315789,0.0835889570552,0.0601427115189,-0.00540054005401,0.0242418976453,-0.018930183491,0.0245979186377,-0.00716204118174,0.0897217490062,0.0313114293738,-0.0202669565102,0.092987804878,-0.00289699570815,0.0724272599706,0.0423007190449,0.0373778033353,0.0412556053812,0.0192240252495,0.0536746490504,0.0296176628971,0.0403726708075,0.0382377389859,0.0676620237637,0.0692640692641,0.015168432405,0.0163938890553,-0.0122199592668,0.0327737809752,0.040118622158,0,0.0482775590551,-0.0171063542274,0.0791343999135,0.0396385397486,0.0424374319913,0.0487514863258,-0.0102389078498,0.00609343263372,0.00273473108478,0.0131086142322,0.0423155044008,0.0494734952267,0.0335334424838,0.0624982856516,0.0672430355427,0.0642398286938,-0.000883392226148,0.05,0.0370031978072,0.0153098531473,0.042242703533,0.00898203592814,0.0562130177515,0.13228890486,0.0351793009532,0.0241318422602,-0.0144609115967,-0.00834124508341,0.0248290077766,0.0225806451613,0.0535931790499,0.0346721365712,0.0938654841094,0.0778803413508,0,0.0766049470411,0.0306391970417,0.0303531394591,0.0333778371162,-0.0346620450607,0.0897550047391,0.0107292767944,0.048231511254,0.0998338069998,0.0764687688705,0.0436432637571,0.0415557485919,-0.00305225340128
-0.016354983578,-0.01305876444,-0.00929512006197,-0.00527131782946,-0.0195592113525,-0.0032414910859,0.00212314225053,0.00480769230769,-0.020814479638,-0.00682897862233,0.00413549474337,-0.00277008310249,-0.0162308385933,-0.0151120375195,0.00407164737917,0.0145980463782,-0.00697350069735,-0.0242117723017,-0.0107897871995,0.001128230536,-0.00277161862528,-0.0103359173127,-0.0298717547701,0.0141065830721,-0.0015690376569,0.0044776119403,-0.00880704563651,-0.0202794112648,0.0080971659919,-0.0150167790477,-0.00860729309005,0.0226804123711,0.0108359133127,0.00815872969456,0.0104873534855,0.0263133186235,-0.00206224221972,0.0148756005634,-0.00735721138266,-0.00353300144532,-0.031746031746,0,-0.0201884253028,0.0181818181818,0.000616142945163,0.000324780772978,0.014139400656,-0.0123797230697,0.0107007783558,-0.00888838883888,-0.0181086519115,0.00707338638373,0.00721500721501,-0.0224669603524,0.00502633197797,-0.0405305821665,0.0385756676558,-0.0063025210084,-0.00106144089268,0.0087700065775,-0.0224137931034,0.00867415183819,0.0213020584011,0.013256536844,0.0157728706625,0.0676300578035,-0.0133657351154,-0.0310810810811,0.0220703924823,-0.00444630433645,0.0198961937716,0.0148641722194,0.0150612635412,-0.0142118863049,-0.00897666068223,0.0278319540351,-0.017150313801,0.0306748466258,0.0211818563854,-0.019127365267,0.010303030303,0.0120796341135,0.006494828471
-0.0106848381601,0.00203562340967,0.0328381548084,0.00155860349127,-0.0313970988504,0.0357723577236,0.00141242937853,0.0334928229665,0.00277264325323,-0.0424087123639,-0.0140722925408,-0.00555555555556,-0.032080659945,0.0195767195767,-0.0228604600906,0.0269758510794,-0.0316011235955,-0.0639832377592,-0.0536016756215,-0.0579967025016,-0.0728182323513,-0.0339425587467,-0.021086571014,-0.0749613601236,-0.0665269774751,-0.05720653789,-0.078352180937,-0.0355764960586,-0.0361445783133,0.0494296336713,-0.0195193470579,-0.0786290322581,-0.0176110260337,-0.0420733564415,0.018315018315,-0.0641081353064,-0.0439288621705,-0.0843851998135,-0.0990580979656,0.00265914585012,-0.0948477751756,0.0284482758621,-0.151785714286,-0.109821428571,-0.14039408867,-0.0581168831169,-0.0418341303136,-0.0537040337432,-0.0693103448276,-0.128764413019,-0.0614754098361,-0.113257243196,-0.0494269340974,-0.0675980171248,-0.143750746447,-0.135176651306,-0.16,-0.0387596899225,-0.0318984205636,-0.0315148880678,-0.0805408583186,-0.021164021164,-0.152030533329,-0.0195795362267,-0.0450310559006,0.0081212777477,-0.115374643505,-0.0676429567643,0.0525927331773,-0.113440521227,-0.0848751455557,-0.0555555555556,-0.0472346377208,-0.00393184796855,-0.0498188405797,-0.0552336017232,-0.0996607026195,-0.077380952381,-0.110410647054,-0.0696321714023,-0.0347930413917,-0.113479890481,-0.0462476070105
-0.0264220082379,-0.01218892839,0.0249810749432,-0.0270774976657,-0.0483825644247,-0.0627943485086,-0.0528913963329,-0.0416666666667,0.0635944700461,-0.0597181339756,-0.0943245716809,-0.0428305400372,0.0426136363636,-0.101193565127,-0.0188680063486,-0.0110886049652,0.00797679477883,0.0185442635312,0.0254368577037,-0.00418291770645,-0.0437649880096,0.0288288288288,-0.00329369915352,0.00334168755221,-0.0572390572391,0.0133963750985,-0.0385626643295,0.0422563585998,0.0166666666667,-0.0171211965492,-0.0326355104122,-0.054704595186,0.0241621200312,-0.0325510976533,-0.0431654676259,0.00293255131965,-0.018208613067,-0.030908502684,0.019449068626,-0.00797637225749,-0.104786545925,0.0746018440905,0.0615384615385,-0.1925777332,-0.00931232091691,0.0268872802482,0.0505878570772,-0.0138740661686,0.0739094040317,-0.125346685777,-0.0342066957787,-0.0366336633663,0.0331574981161,-0.0420492991783,0.0788422979688,-0.0230905861456,-0.0221088435374,-0.024926686217,0.00988924923335,-0.0314183123878,-0.0300511508951,-0.0155456722545,-0.0679485154769,-0.0748205411375,-0.0138211382114,0.250805585392,-0.040592028136,-0.00523560209424,0.0076864002137,0.00598589462455,0.0874216504077,0,-0.012031082957,-0.00657894736842,-0.0734032411821,-0.0767831940072,0.00183746079303,-0.0451612903226,-0.0182086614173,-0.0119791900928,-0.0571783716594,0.088275862069,-0.125012392188
-0.122069248511,-0.0580976863753,-0.0908419497784,-0.0688846235871,-0.0394823692896,-0.130653266332,-0.17870439315,-0.142512077295,-0.0389948006932,-0.121187686762,-0.0257510223341,-0.0826848249027,-0.0644868301544,-0.0796766743649,-0.0776924742874,-0.0625771382054,-0.174820143885,-0.12434645815,-0.180620264152,-0.177071356686,0.0112852664577,-0.113835376532,0.00829450447771,-0.07493755204,-0.022619047619,-0.142301710731,-0.077484047402,-0.205276891853,-0.0655737704918,-0.0574250970309,-0.152654898776,-0.0532407407407,-0.0715372907154,-0.0837245696401,-0.0827067669173,-0.124878167641,-0.0445311718203,-0.100795657577,0.0117368000591,-0.129903797468,0.014450867052,-0.0678627145086,-0.0106788710908,0.0149068322981,-0.060014461316,-0.210137630077,-0.00989413710447,-0.182200152788,-0.022770543963,-0.144927536232,-0.0648078372268,-0.185508735868,-0.0882567469001,-0.0686175580222,0.0270536709925,-0.151818181818,-0.0260869565217,-0.081954887218,-0.064712918007,0.0266450417053,-0.0138431114041,-0.0377403077607,0.111111111111,-0.0975828111012,-0.00906842539159,-0.114212108201,0.0649152283489,-0.130827067669,-0.178513678295,-0.0715800636267,0.0352922481292,-0.0823529411765,-0.1039456046,-0.0443708609272,-0.0987654320988,-0.108011171542,-0.0202567727013,-0.0810810810811,0.00952380952381,-0.0293019726859,-0.0771259063942,-0.0192042761889,-0.0126646817372
0.0617928633594,-0.0491266375546,-0.034118602762,0.00939074667888,0.0326599996383,0.0231213872832,0.011786038078,0.00056338028169,-0.0302073940487,0.129857512953,0.00276061363114,0.041887592789,-0.00873786407767,0.0351317440402,-0.0116737670901,-0.0239229088464,0.107236268527,0.146759662889,0.0759225485789,0.113786183156,0.0582765034098,-0.0647233201581,0.0625983219717,0.0693069306931,0.0109622411693,0.106980961015,0.0494071146245,0.128741682737,0.0378289473684,0.125201480022,0.107286972897,0.141809290954,0.0622950819672,0.0239111870196,0.030737704918,0.0356675483781,-0.00080296048038,0.119691438236,0.0152286735957,0.0733688694397,0.025641025641,0.0192468619247,0.059367771781,0.0648714810282,0.0423076923077,0.0475988100297,0.055962323853,0.0265452280866,0.09967702708,0.115707210234,0.0757453666398,0.00946372239748,0.0208,0.138136511376,0.0415099683719,0.181136120043,0.122321428571,0.029484029484,0.0430243150445,-0.0621078763259,0.00267379679144,-0.0014301398359,0.0706061761342,0.0620590828924,-0.0199667221298,0.144934561318,-0.00215146299484,0.0856401384083,0.124250760332,0.1380798274,0.055871066769,-0.02331002331,0.0831996539356,-0.021483021483,0.200913242009,0.0689166474408,0.0291413786114,0.0882352941176,-0.0292949354518,0.0655630070816,0.147857142857,0.0505098744276,-0.0249308746723
0.0291135397693,0.0344431687715,-0.00925147182506,0.0343203993646,0.0719752027039,0.0207156308851,0.0197132616487,-0.00619369369369,-0.0241748024175,0.0604280118468,0.0228170091163,0.0483460559796,0.026444662096,0.0157575757576,0.029533982748,0.0167747675353,0.0377952755906,-0.00258028843939,0.214992216501,0.0622141583508,0.0316344463972,-0.0026413100898,0.0116279069767,0.0698653198653,-0.0150602409639,0.029484029484,0.0386064030132,0.182926360019,0.0147913365029,0.0619450550088,0.0420456443506,0.0107066381156,0.0354938271605,0.0191826522102,0.0337972166998,0.0554360683945,0.0521295552217,-0.0209262056515,0.0235727843981,0.0917745538135,0.0916666666667,0.0492610837438,0.117903930131,-0.00689655172414,0.123247232472,0.194726166329,0.0182996515679,0.0274512777736,-0.0162544589774,0.0156821629339,0.0164794007491,0.1525,0.0219435736677,0.0485483103284,-0.000634546525858,0.000907441016334,0.0572792362768,0.0262529832936,0.0864012988467,0.103517974878,0.0293333333333,0.0178517179024,0.012249839755,0.0509600415153,0.0356536502547,-0.0262489415749,0.0978870202674,0.131474103586,0.0164034414219,0.105380540842,0.026906659266,0.0536992840095,0.0162570511007,0.0169971671388,-0.00475285171103,0.0514306857425,0.0858407387239,0.125,0.0843989769821,0.0527412232443,0.0528935905414,0.0456745554218,0.161356880079
-0.0841912740789,0.0288568257492,-0.0797962648557,-0.0387758459935,-0.0640876937905,0.010147601476,-0.0597539543058,-0.0447592067989,-0.0809909480705,-0.096625974143,0.00538713384017,-0.00194174757282,-0.125,-0.0483293556086,-0.0221308541502,-0.0241190002399,-0.115326251897,-0.108051924054,-0.0519264632448,-0.114057097756,-0.0795002839296,-0.051906779661,0.0130491783286,-0.0920535011802,-0.0519877675841,-0.123309466985,-0.00453309156845,-0.100668128265,-0.0624674648621,-0.116199182996,-0.111109492029,-0.192796610169,-0.105067064083,-0.0458265139116,-0.0237179487179,-0.167761984818,-0.0480523362003,-0.0173283160865,-0.0739701816283,-0.0805641076572,-0.123409669211,0.0406885758998,-0.137369791667,-0.0393518518519,-0.0919842312746,-0.00747028862479,-0.0439894337763,-0.136393829803,-0.0355601755043,-0.092706068393,-0.063375092115,-0.0959869848156,-0.0437116564417,-0.0544711756695,-0.095575007181,-0.116047144152,-0.0744920993228,-0.0015503875969,-0.0333517131918,-0.0632359354557,-0.0829015544041,-0.0343808183743,-0.126292830507,-0.0270590558957,-0.044262295082,0.0608695652174,-0.145326001571,0.0239436619718,-0.140814842531,-0.148902900378,-0.0908307058748,-0.0328425821065,-0.0944919278253,-0.00487465181058,-0.144221585482,-0.125102639296,-0.10176056338,-0.0960960960961,-0.0608490566038,-0.0918364502913,0.00118203309693,-0.0839066056313,-0.0168797534035
0.0568368497343,-0.00539374325782,0.0433579335793,0.0163756704325,0.0244545295863,0.0383561643836,0.0598130841121,0.0521945432977,0.0368066355625,0.0500648249726,0.0899007017805,0.0496108949416,0.0218102508179,-0.000626959247649,0.0247267963531,0.0279689940418,0.0668953687822,0.0716283405842,0.0927464718778,0.00487320038959,0.0623072177668,0.0391061452514,-0.00908899389051,0.0563258232236,0.0529032258065,0.049001814882,0.0701275045537,0.0910307510905,0.0299833425875,0.0870105233237,0.0657858067901,0.0262467191601,0.0666111573689,0.016295025729,0.0302035456336,0.0551542605289,0.0450359310682,-0.0176402637105,0.011303335695,0.0504871567759,0.0261248185776,0.0383458646617,-0.00679245283019,-0.0265060240964,-0.00144717800289,0.0619226821758,-0.00842531747054,0.0840953764636,-0.0077828326503,0.00363108206245,0.0519276160504,0.0269946010798,0.0569366479551,0.0350456072972,0.00489761805265,-0.00102564102564,0.00731707317073,0.0372670807453,0.0759032098134,0.0104748603352,0.0805084745763,0.0334265528407,0.0422370752134,-0.00487210718636,0.0454545454545,0.0254098360656,0.00520833333333,0.0797799174691,0.0332043286415,0.0759793753334,0.0115220745396,0.0480093676815,0.0521852340741,0.0216934919524,0.130580357143,0.0495743111886,0.0196595512158,0.0863787375415,0.0678051230537,-0.00613798183157,-0.00531286894923,0.0539333370554,0.000208112064759
0.023910757555,0.0162689804772,0.0026525198939,-0.0500757873463,-0.0451006116781,-0.0105540897098,-0.0537918871252,0.0231116121759,-0.0005,0.0989647639852,-0.0298353096652,-0.0213160333642,0.017075773746,-0.00125470514429,-0.0388554400906,-0.0290931600124,0.0096463022508,0.102170025615,0.00593835024216,0.0997204717246,-0.0121951219512,0.0752688172043,0.0236598329537,0.0328137817884,-0.0110294117647,0.0173010380623,0.0127659574468,0.00494619520895,0.0490566037736,0.00392810041384,-0.0246869904944,0.0230179028133,-0.0109289617486,0.0818565400844,-0.0497131931166,0.0336775540987,-0.0237673999399,-0.0903633634999,-0.00894302840537,0.0326368609386,0.00565770862801,-0.0412744388125,0.0227963525836,0.0136138613861,-0.0195652173913,0.0251288659794,0.0627413893922,0.0268821442649,0.0429076670456,0.0921369995176,0.0269259536275,-0.00642523364486,0.0166919575114,-0.0217996289425,0.0633753617885,-0.0662217659138,-0.00242130750605,0.00973053892216,-0.014309851897,-0.0253858557936,-0.043137254902,-0.00914386634573,0.0462429978752,0.0147898816809,-0.0237899917966,0.00639488409273,0.00114294422432,0.0191082802548,-0.0212419080339,0.0139355549435,0.0655322483592,0.0162011173184,0.033545859183,-0.0253424657534,0.0858835143139,0.0518953789161,-0.00643071832988,-0.0214067278287,0.038570084666,0.0154242835968,0.0124629080119,0.086321979128,0.0280090558831
0.0246323748288,0.0112059765208,-0.0246913580247,-0.0309083387507,-0.114998929413,-0.0391111111111,-0.0335507921715,-0.0402203856749,-0.0605302651326,-0.0471869328494,-0.0227944061535,-0.0217803030303,-0.0650577124869,-0.00753768844221,0.00808817776387,-0.0703625351378,-0.0429936305732,-0.0887524665643,-0.0173610235459,-0.0698983275177,-0.0299823633157,-0.019,-0.0089306907192,-0.0619539316918,-0.0260223048327,-0.00595238095238,-0.0672268907563,-0.000613581932981,0.00256937307297,-0.0751969105848,0.0322745982432,-0.105,-0.0307813733228,-0.0241809672387,-0.0362173038229,-0.0106917356531,-0.0426397674816,-0.133550930621,-0.076690866992,0.000876267102145,-0.0801687763713,-0.0158610271903,-0.0638930163447,-0.029304029304,-0.0753880266075,0.0292269013199,-0.0362810097003,-0.0624136342699,-0.0677389271743,-0.0821333922261,-0.0553532410779,-0.0205761316872,-0.0208955223881,-0.0706495969654,-0.0543580277813,0.018691588785,0.0323624595469,0.0452186805041,-0.0340319005082,-0.0531814314078,-0.0478142076503,-0.0503816354986,-0.0435713758216,-0.0218112373103,-0.0260504201681,0.0663224781573,-0.0381307557653,0.023125,0.0287313826978,0.0449261190787,-0.0445734397983,-0.0192413413964,-0.0464907467451,-0.0189739985945,-0.06,-0.102556317931,-0.0110920901438,-0.075,-0.0579710144928,-0.0430154940928,-0.0756154747948,-0.0394509058104,0.0505885137197
-0.0259430878956,-0.0105540897098,-0.0705244122966,-0.0537260641542,-0.0426823121434,-0.0120259019426,0.00385728061716,-0.0384615384615,-0.0303514376997,-0.0528344671202,-0.0336899043925,-0.0338818973863,-0.0448933782267,-0.00316455696203,0.00506427358719,0.00420836060974,0.0357737104825,-0.100115490111,-0.0710238999091,-0.106295863882,0.0175757575758,-0.0275229357798,-0.0368829147083,-0.00677392040644,0.0445292620865,-0.0299401197605,0,-0.0787715545697,-0.0123013839057,0.0137151534077,-0.0324953594427,-0.0782122905028,-0.014657980456,-0.00559552358114,-0.026443980515,-0.0512565949963,-0.00953639545682,-0.00227506903516,-0.056190308783,0.02105179378,0.00152905198777,-0.0253261703761,0.0015873015873,-0.0566037735849,-0.0383693045564,-0.0369465648855,-0.0389297319396,-0.115942028986,-0.00430015329852,-0.00603931570463,0.0562837316885,0.0546218487395,0.0426829268293,-0.0336734693878,-0.0623294129324,-0.0701565029682,-0.032131661442,-0.00212765957447,-0.0155442571594,-0.0137300913675,-0.0243902439024,-0.0403699442964,-0.0171029264149,-0.0512741471434,0.0129421915444,-0.0670391061453,-0.0299889222978,-0.110568112401,-0.0940153388043,-0.0184559396933,-0.00652920962199,0.0442825112108,-0.0588194262795,-0.0150429799427,-0.0628626692456,-0.0607239512855,-0.0457908465734,-0.10472972973,-0.0519230769231,0.0301407734596,0.0291693088142,-0.0479248635614,-0.00152794293586
-0.030541181383,-0.00906666666667,-0.011673151751,-0.0171424888832,-0.0380354660714,-0.0449438202247,-0.0441882804995,-0.0173134328358,-0.0400878638111,-0.0552549676802,-0.000768320122931,-0.0175350701403,-0.0340775558167,0.0171428571429,-0.0520816239853,-0.00558763270628,-0.055421686747,-0.0559075960536,-0.037468402223,-0.0765155462915,0,0.0466457023061,-0.0351558857356,-0.0409207161125,-0.112667478685,-0.0343915343915,-0.054954954955,-0.021376770051,-0.0332122470161,-0.0229882280461,-0.0468904205847,-0.0424242424242,-0.0140495867769,0.0008038585209,0.0157255182273,-0.0385086853828,-0.0377195196711,-0.143837936533,-0.166521811108,0,-0.0351145038168,-0.0700787401575,-0.0095087163233,-0.05,-0.072319201995,-0.071337983513,-0.0478114823833,-0.0530702973048,-0.0664900904192,-0.0961026385863,-0.0423357664234,-0.0648833238475,-0.0328947368421,-0.0549102428722,-0.0243627061833,-0.040626813697,-0.0429149797571,-0.0405117270789,-0.0215780181209,-0.0349296345044,-0.0661764705882,0.0296070791993,-0.0624533563769,-0.0540452723925,-0.0664395229983,0.0558882235529,-0.0650134594991,-0.0563186813187,0.0084303947552,-0.0670021186441,-0.0168938083708,0.0177133655395,-0.0254947009561,-0.0109090909091,-0.0712074303406,-0.123176661264,-0.0793384527448,-0.0716981132075,-0.0552738336714,-0.0318346572068,-0.0665434380776,-0.0365531767403,0.141048369585
0.0810964635666,0.0118406889128,0.0521653543307,0.00334404301357,0.066796567125,-0.0274509803922,0.0331658291457,-0.0291616038882,0.074942791762,0.0911256398561,0.0674876228884,0.0219275879653,0.0243309002433,0.043695380774,0.0434209253423,0.00911531497784,0.0799319727891,0.0929764939111,-0.0515701127267,0.0541435468196,0.0351399642644,0.0415623435153,0.00161082474227,0.04,0.0693205216198,0.0794520547945,0.0247855100095,-0.0709865920724,0.0112721417069,0.0244688019684,0.117679219338,0.0537974683544,0.0435875943001,0.0128514056225,-0.00633356790992,0.00317174041481,-0.0091811879333,0.00088778237752,0.0351962658589,-0.0360908116535,0.0332278481013,0.0855207451312,0,0.0863157894737,0.0295698924731,-0.0874018436326,0.0223139668333,0.0344287949922,-0.00289320306931,-0.0323245848956,0.0396341463415,0.0438222763238,0.0136054421769,0.109497206704,0.0575184435122,0.0278281911676,-0.0169204737733,0.0214814814815,-0.0107568128282,-0.0183592110785,0.048031496063,0.0219229708613,0.0398424735012,0.0295397297916,0.0200729927007,-0.178449905482,0.0848019542837,-0.0946142649199,0.0220193479783,0.0584161226228,0.0143271314775,0.0210970464135,0.0362955357822,0.0176470588235,-0.01,0.0372971862806,0.0292605239361,-0.146341463415,0.0536768652711,-0.00423762565516,0.026402640264,0.0323500110693,-0.0417941303535
0.0291401659054,0.00585106382979,-0.00280636108513,0.010717553261,0.0607055636505,0.0322580645161,0.0739299610895,0.0613266583229,0.00266098988824,0.0392029355753,0.00251369855462,0.0139720558882,0.0320665083135,0.0161483253589,-0.0157126057063,-0.0382354760874,0.048031496063,0.0559427875521,0.0902075505006,0.0498050251107,0.00690448791715,-0.0639423076923,0.0420392409135,0.0273504273504,-0.0269576379974,0.0448392554992,0.0353488372093,0.0984574396809,0.0302547770701,0.042917056392,0.0243915092941,0.0570570570571,0.0152610441767,0.0166534496431,-0.0056657223796,0.0215740367627,0.00423600605144,0.0728203546051,0.059998177222,0.0187210642298,-0.0306278713629,0.0397815912637,0.056,0.000645994832041,-0.00870322019147,0.132809577254,0.0293386374938,0.0493570347958,0.0656153630502,0.0326848033653,-0.000733137829912,0.0507288629738,0.0119313944817,0.00755287009063,0.0952209968368,0.104178928782,0.00430292598967,0.0290065264685,0.0902616588659,0.00534359303195,0.030803906837,0.0222172250956,0.0924657534247,0.0196841637011,-0.0187835420394,0.087896916705,0.144683931157,0.127009646302,0.00955861205569,0.101373095902,0.0489649239649,0.0661157024793,0.0480322906155,0.025289017341,0.162738496072,0.0476379044074,0.108010647644,0.180952380952,0.134997452878,0.0388768898488,0.0887459807074,0.0277174641469,0.0144901559546
0.0319235714582,0,0.0694183864916,0.0675675675676,0.0783205959176,0.0458984375,0.0135869565217,0.0583726415094,0.106687898089,0.0232869977205,0.00788143390776,0.0511811023622,0.0575373993096,-0.00117716303708,0.0293390048138,0.0513348343519,0.0473328324568,0.0728553199843,0.115995836225,0.11489800182,0.0171428571429,0.0344119157678,0.0287063617002,0.0524126455907,0.0804749340369,0.0566801619433,0.0431266846361,0.127089941015,0.0417310664606,0.0277965827099,0.0482002676989,0.0710227272727,0.0704113924051,0.0296411856474,0.019943019943,0.101708286555,0.0586773124435,0.144867624063,0.0292468583272,0.00087320645379,0.00789889415482,0.013503375844,0.0128787878788,0.0116204002582,0.081650570676,0.085535006605,0.00860781730347,0.140295548748,-0.0223359334921,0.0316503189152,0.0344827586207,-0.00332963374029,-0.00368459837878,0.023988005997,-0.0771380397789,0.147121535181,0.000856898029135,-0.014799154334,0.00498928006091,0.105772297225,0.0313411078717,0.0275125757109,-0.0459524248571,0.034136765187,0.02096627165,0.138747884941,-0.0533970350594,0.114122681883,0.0494855380903,0.0139768189345,0.00628298567479,0.00290697674419,0.0644924111129,0.0176180408739,0.0704633204633,0.0973692168128,0.00279296551398,-0.00403225806452,-0.0125673249551,0.0322784322784,0.0584760779681,0.0199274889799,-0.00596237173048
-0.0192529274632,-0.00211528291909,-0.0640350877193,-0.0701350614742,-0.0441390199702,0.0252100840336,-0.0348525469169,0.00779944289694,-0.0498800959233,-0.0877522494977,-0.0309264102014,-0.0112359550562,-0.0413492927095,-0.0147318797879,-0.0243077797418,-0.00413020865202,-0.0731707317073,-0.0869376272272,-0.00308221662573,-0.0651569770212,-0.014606741573,-0.0665342601787,-0.00981186425421,-0.0458498023715,-0.045177045177,-0.0544061302682,-0.0671834625323,0.012459492325,-0.0588526211672,-0.0432976225997,-0.0764510584841,-0.0689655172414,-0.0273466371027,-0.025,-0.0370111731844,-0.0562945826104,-0.0395944503735,-0.133043942415,-0.0256634600165,-0.0157238316182,-0.0485893416928,-0.0362694300518,-0.0867614061331,-0.100829610721,-0.107142857143,-0.0200790994828,-0.0361331243287,-0.0738048202292,-0.075804259785,-0.148175087674,-0.0666666666667,-0.118040089087,-0.00369822485207,-0.0351390922401,-0.0438989731531,-0.082249070632,-0.0196917808219,-0.0343347639485,-0.0158804529867,-0.0749855796962,0.0148409893993,-0.0352397128299,-0.0880977231435,-0.0958658510863,-0.00982142857143,-0.0189450222883,-0.0886959103392,-0.039052496799,-0.0946317083686,-0.0988905432016,-0.100807087649,-0.0449275362319,-0.0613087309027,-0.00207756232687,-0.0162308385933,-0.0254546707082,-0.0604597918191,-0.0485829959514,-0.0690909090909,-0.0223329504259,-0.0602678571429,-0.074725724369,-0.0811991881069
0.00952172784525,0.0561738208797,0.029053420806,0.0287240278773,0.0204606461059,0.0446265938069,0.111111111111,0.0530679933665,0.0600706713781,0.0510414172851,0.0311777510884,-0.0132575757576,-0.0147559591373,0.01495215311,0.0816113968665,-0.0310743141532,0.0727554179567,0.0783066132265,0.0712806523647,0.0597438336618,0.0148232611174,0.0170212765957,0.0426666666667,0.0215410107705,0.0664961636829,0.0316045380875,0.0138504155125,0.081477242715,-0.0394114555964,0.0118865481935,0.0305902048565,0.031339031339,-0.0227963525836,0.00543900543901,-0.0239303843365,0.0381730628922,-0.00907508241656,-0.0133369550455,0.0413930967885,0.015975020145,0.118616144975,-0.0138248847926,0.04914004914,0.0489709013485,0.0227272727273,0.0642657559764,0.0293110068741,0.0650968347411,0.0132626767022,-0.0137842700741,0.0113981762918,0.113005050505,-0.0103934669636,0.058674759737,0.0355461976715,0.0754430379747,0.0323144104803,0.0385185185185,0.0474022224698,0.0615776345874,0.0598885793872,0.0124271385034,0.0153030945316,-0.0459582409892,0.0559062218215,0.0166603559258,-0.0123798664278,0.0686209193871,0.0637295967408,0.0575631595779,0.0109199350944,0.0278199291856,0.0248778009426,-0.0145732130465,0.0229147571036,0.0656699536988,0.0683197045634,0.0723404255319,-0.0234375,0.0279244361705,0.0190023752969,0.0397446173406,0.104653342743
0.0200411377845,-0.0165579528349,0.0291438979964,0.0220336836773,0,0.00871839581517,-0.00833333333333,0.00944881889764,0.01,0.0107512186233,0.0341514193058,-0.0191938579655,0.0115207373272,0,0.00993085822513,0.00711805830784,0.021645021645,-0.0167030618408,-0.00176228211652,-0.0483225134247,-0.011797752809,-0.0554393305439,-0.00145315043013,-0.029197080292,0.00719424460432,-0.00314218381775,-0.00728597449909,0.0173447375613,0.0251641137856,0.00750174459177,0.0442368776016,-0.0220994475138,-0.000777604976672,-0.015455950541,0.0289747399703,0.0253000871447,-0.00583133971292,-0.0650901148919,-0.01987607245,0.0419566553645,-0.0441826215022,0.00623052959502,0.0226385636222,0.0155615696888,0,-0.0253792298716,0.0225148123766,0.0354053188081,0.0053591954023,-0.0901388416463,-0.0112697220135,0.0754395916052,0,-0.078834209269,-0.138055939994,-0.00659133709981,0.0380710659898,0.0427960057061,-0.0423700537242,-0.0146850066083,0.00919842312746,0.0367945757957,-0.221076364244,0.0325223132412,-0.0102476515798,-0.102420856611,-0.172109516741,0,-0.0619673707597,-0.0246446930753,-0.00589987563988,-0.0452755905512,0.00758987333117,0.0535211267606,-0.0188172043011,-0.0455042950483,-0.0820223398001,-0.015873015873,-0.0465,0.0039635413574,0.0244755244755,0.0460139822962,-0.0314674807206
0.028323538386,-0.0204081632653,0.0194690265487,0.038099368108,-0.0103195187904,0.057044079516,0.00420168067227,0.0504420176807,0.002828854314,0.0117185739397,0.019610741562,0.0185909980431,0.0239179954442,0.0141426045963,-0.0314608366359,0.00920853796751,0.0254237288136,0.0116946629811,-0.019273505686,0.0303215070136,0.00852757248437,0.0177187153931,0.0234006636009,0.0459482038429,0.0380952380952,0.0401891252955,0.00275229357798,-0.000531531840472,0.0138740661686,0.0249177489177,0.0479394974791,0.217514124294,-0.00700389105058,0.0227629513344,0.0216606498195,0.0173827214652,0.00751992780869,-0.00542800773467,-0.00184355837714,0.00588022607471,0.0523882896764,-0.122291021672,0.0603053435115,0.0632911392405,0.0888888888889,0.0212511224184,0.0155449680945,0.0434782608696,0.0183499349749,0.107599238717,0.0197568389058,0.0759493670886,-0.00375093773443,0.076244813278,-0.034015897873,0.0170616113744,0.040749796251,0.00273597811218,0.013073446613,0.0235977942272,0.01953125,0.00208591723982,-0.053602058319,0.0989934872706,-0.00949094046592,-0.0560165975104,-0.0378523757346,0.000623441396509,0.0375155762552,0.0845346974629,0.00494574229773,0.0329896907216,0.0662674108885,-0.0327540106952,0.0292237442922,0.0572292296466,-0.0111048492456,0.0483870967742,-0.00262191924489,-0.0182164983513,0.0159271899886,0.0965184243964,-0.0352544499158
-0.00842428464535,0.0416666666667,-0.0260416666667,-0.00919018917467,0.0225828036132,0.0130825838103,-0.0225941422594,0.00544554455446,-0.0244475787494,-0.0612999509957,0.0111321288773,0.00576368876081,-0.00333704115684,0.0244044160372,0.015023631893,0,-0.0330578512397,-0.0656671804213,0.04962134729,-0.0561250012261,0.0129650507328,-0.0620239390642,0.0135657812411,0.0199680511182,-0.0103211009174,-0.0363636363636,-0.0402561756633,0.0623652593596,0.00263157894737,-0.0273474237893,-0.0239368575916,0.00232018561485,-0.0203761755486,0.0122793553338,-0.00565371024735,-0.00770744064462,-0.0190700104493,-0.0318180920988,0.0618666288711,-0.00166483786749,-0.0219619326501,-0.0246913580247,0.0921526277898,0.016290726817,0.0685714285714,-0.0131887456038,-0.0580370665183,-0.105723606168,-0.0523176670362,-0.100214789813,0.0275707898659,0.0323529411765,0.0346385542169,-0.024578313253,0.0309248732839,-0.0195712954334,0.0681284259984,0.00477489768076,-0.0431752930856,0.0582896524947,0.0172413793103,-0.0229254571027,0.023221567739,-0.068419351363,0.00261324041812,0.010989010989,0.0667770990786,-0.0454828660436,0.0281435799588,0.022535613893,-0.0604174507136,0.00698602794411,-0.00918073477701,-0.0131306150657,-0.0248447204969,0.0818707684217,0.0484930122916,0.0730769230769,0.0115667718191,-0.0771848973629,-0.010078387458,-0.039074812274,0.0700098914257
0.0170047228113,-0.0165,0.0276292335116,0.0370414985244,0.029990730138,0.0379338175948,0.0984589041096,0.0605612998523,0.10313253012,-0.0388685871577,0.000669108685782,-0.0200573065903,0.0513392857143,-0.0289279636982,0.047198562163,0.0357649774617,0.0014245014245,-0.0713821544614,0.104385683256,-0.134855397022,-0.0155815247635,0.0278422273782,0.0649008109094,0.0148786217698,-0.00162224797219,0.0251572327044,0.0333651096282,0.101857583473,-0.0377952755906,0.0233511472923,0.0228875988729,0.0486111111111,-0.0024,0.000758150113723,0.0191897654584,-0.0238994052307,0.00844588168157,0.0985912621557,-0.0295648691938,0.0233844987682,-0.0568862275449,0.00452079566004,-0.0369149637442,0.0283600493218,-0.0190985485103,0.0929610929611,0.00609473385082,0.0250373072459,-0.0331413170638,-0.0111512754058,0.0145032632342,-0.000949667616334,0.00145560407569,-0.0098814229249,-0.0750029857877,0.037072243346,0.000733137829912,0.0169721656483,0.00933518092122,0.0447145150195,-0.0803515379787,0.02842953793,-0.0970884534485,-0.0409437890354,0.00521285838401,0.054347826087,-0.0993788819876,0.0404699738903,0.0347798710875,0.00861988631069,-0.00941274340646,0.0168483647175,-0.00213579136691,0.00700280112045,-0.0109190172884,-0.0288604672358,-0.116848463886,0.0179211469534,-0.0566528066528,-0.00706661879427,-0.060520361991,0.00651198687955,0.0113866302375
-0.054625933886,-0.0274529740722,-0.0277536860364,-0.0279358810547,-0.0560467291369,-0.0202177293935,-0.0459859703819,-0.0120705663881,-0.0484927916121,-0.0324412403713,-0.0253443093855,-0.0409356725146,-0.036093418259,-0.043808411215,-0.0654779933016,-0.0101647441496,-0.0775248933144,-0.0653765408839,-0.110060080347,-0.0361312641138,-0.0452232899943,-0.0282167042889,-0.04173693086,-0.0671296296296,-0.0389972144847,-0.0613496932515,-0.0193726937269,-0.0846987327921,-0.0207310420076,-0.0343095097995,-0.0522116610025,-0.0949227373068,-0.0481154771451,-0.0681818181818,0.00697350069735,-0.0972705266965,-0.0327460670766,-0.129057100971,-0.043906024345,-0.013054588549,-0.0619047619048,-0.017101710171,-0.0417522245038,-0.0563549160671,-0.0630841121495,-0.0836956521739,-0.0370084066093,-0.0893723714008,0.0184098880397,-0.0788357416284,-0.047891350965,-0.0494296577947,-0.0203488372093,-0.0938123752495,-0.0738756186787,-0.083409715857,-0.0703296703297,-0.0460614152203,-0.0375114836339,-0.0438981562774,-0.0552901023891,-0.0193435509833,-0.115620402158,-0.0815243608297,-0.0328435609334,-0.0639175257732,-0.210668103448,-0.129861982434,0.00586869495596,-0.112994872269,-0.0290197664111,-0.0341130604288,-0.0600106213489,-0.0299026425591,-0.0616375344986,-0.0660368505021,-0.0633917081632,-0.0422535211268,-0.0727272727273,-0.0623592643119,-0.0379289584588,-0.0608406019362,-0.0515189773281
0.00560231670681,-0.0235232618923,-0.00624442462087,-0.0162514190118,0.0244527116711,-0.040873015873,0.062091503268,-0.0216165413534,0.000918273645546,-0.0449604490942,0.00855460737712,-0.00660569105691,-0.0352422907489,0.0152718387294,-0.0746829497417,0.00205382544005,0.0100231303007,-0.0531029517639,-0.0204799341998,-0.0840935147799,-0.00414446417999,-0.0267131242741,0.0615101187857,-0.0115798180314,-0.012077294686,0.016339869281,0.00470366886171,-0.0308437053009,0.00779944289694,-0.0153796578392,0.0258561523916,0,-0.0143218197136,0.00975609756098,0.00623268698061,0.0447526583449,0.0182144389407,-0.0593725030629,0,0.024803467232,-0.00338409475465,0.00732600732601,-0.0421428571429,-0.0432020330368,-0.0581878636741,0.0124555160142,-0.0174747989318,0.0285105249134,-0.0236716646865,0.074313953053,-0.00225225225225,-0.0005,-0.0207715133531,0.0622246696035,-0.0909450008133,0.046,-0.00315208825847,-0.0216934919524,0.0774159990562,0.0424701561065,-0.0158959537572,0.0676533976564,-0.238596977679,-0.0326943277311,0.0393208221626,-0.0599118942731,-0.145119453925,-0.00144196106705,-0.00741843305501,-0.031665017447,-0.0309762152639,0.037336024218,0.0212806026365,0.031541218638,-0.00588235294118,0.0438437834941,-0.0488500597372,0.0625,-0.0469399881165,0.0210002278823,-0.0444305381727,0.00686347051769,0.014332657642
-0.0249219506944,-0.0112419700214,-0.0439856373429,-0.0326753720012,-0.0471723936568,-0.0157219693835,-0.0284615384615,0.00240153698367,-0.0247706422018,-0.054344341135,-0.00848204679702,0.00358056265985,-0.0228310502283,-0.0354993983153,-0.00203045685279,-0.032763489509,-0.0320610687023,-0.128584897053,-0.0486221468847,0.0342921156707,-0.0231866825208,-0.0453460620525,-0.0357984717006,-0.0543933054393,-0.0173594132029,-0.0385852090032,-0.0224719101124,-0.0364512487265,0.0121614151465,-0.0724465204844,-0.088761759124,-0.00487804878049,-0.0145299145299,-0.0233494363929,0.0509291121817,-0.0747853792371,0.0170841952042,-0.0699044081004,-0.0506111732999,0.00565716482671,-0.044142614601,0.0563636363636,-0.0231170768084,-0.0185922974768,0.00441306266549,-0.0339777387229,-0.01707071818,-0.0268566493955,-0.0440394953712,0.0533872316699,-0.0263355906697,-0.00750375187594,0.0227272727273,-0.0637636080871,-0.0824067683971,-0.0463671128107,-0.0110671936759,0.0071530758226,-0.012885533264,-0.0308302136093,-0.0212922173275,-0.00990601981204,-0.279133284778,0.0382788109135,-0.0558899398108,-0.0187441424555,-0.0665921430853,-0.0310469314079,0.0210663908068,-0.0798149841338,-0.00504123898779,-0.0277237354086,0.0178532513034,0.00555941626129,-0.0167652859961,0.185624899727,-0.0953068818791,-0.0138408304498,-0.0249376558603,-0.0160013735085,-0.0333988212181,-0.0387207946886,-0.00333738538329
-0.00811482197074,0.00649702219816,0.0206572769953,-0.0350976329503,-0.0250316007201,-0.0126103404792,-0.0823436262866,-0.0297077144226,-0.0183443085607,-0.0245239306097,-0.040368366154,-0.0285423037717,-0.00467289719626,-0.0474111041797,0.00712105798576,-0.02539712438,-0.018927444795,0.0329459393432,0.00255710700462,0.00534534244833,-0.0146074254413,0.0225,-0.0290411842141,-0.00973451327434,-0.0378203533217,-0.0183946488294,0.0191570881226,-0.00638981287793,-0.0365920262152,-0.0996150885296,-0.013829787234,-0.0759803921569,-0.0112749349523,0.00494641384996,-0.0609037328094,-0.0143485747082,0.0251205182284,0.00953482708232,-0.00987295378889,-0.0465501547424,-0.00532859680284,-0.0111876075731,-0.0702290076336,-0.0250338294993,-0.0623901581722,0.0118253486962,0.00579439102948,-0.0231608838406,0.0440541411537,0.0407569141194,0.00927357032457,0.0151209677419,0.0303703703704,-0.00885935769657,-0.0174935234965,-0.0265664160401,-0.0231814548361,-0.0355113636364,-0.0597376143273,-0.00340831629175,0.00750187546887,-0.025330128811,-0.192599141197,-0.0873316773434,-0.00455373406193,-0.0692454632283,-0.00650128314799,-0.0283159463487,0.0433133324956,0.0275878192764,0.0208485613662,0.00850425212606,-0.0102276096051,-0.0338631651693,-0.074222668004,0.0211366711773,-0.0622364150714,-0.0175438596491,-0.0147058823529,0.0302025718423,0.0230352303523,0.0337691780461,-0.0034711983076
-0.0263802315227,-0.0505648197956,0.0317387304508,-0.0323399271213,0.0201740428625,-0.0212856534696,0,-0.039012345679,0.0335409678965,-0.0840525980421,-0.033866961384,-0.0194123819517,-0.0387323943662,-0.0360183366077,-0.0338383838384,-0.00072475438879,-0.0522508038585,-0.0888941446768,0.0151225000668,-0.0872341539159,-0.0370599135269,0.0299511002445,0.0278069835648,-0.0705987488829,-0.022498060512,-0.072402044293,-0.0639097744361,0.0230546224288,-0.047619047619,-0.0727955426357,-0.0731725845906,-0.0583554376658,-0.0719298245614,-0.0319934372436,0.0188284518828,-0.0780279503106,0.0343510048128,-0.0344378369902,-0.141574763986,-0.000840127546637,-0.0946428571429,0.0191470844212,-0.0607553366174,-0.05759888966,-0.0674789128397,0.0338627509739,-0.0827360424646,-0.086664244186,-0.0473037626941,-0.107024793388,-0.0482388973966,-0.0531281032771,0.0244428468728,-0.0530726256983,-0.157268010547,-0.038105046344,-0.0147299509002,-0.019882179676,-0.012279742179,-0.0399452804378,-0.0312732688012,0.00137145706924,-0.140935398092,-0.0507090674688,-0.0146386093321,0.0354027706516,-0.153607714827,-0.010736196319,-0.0189923443463,-0.0748535350663,-0.00331971814942,0.00694444444444,-0.0443116960913,-0.0500715307582,-0.0346695557963,-0.0559486894066,-0.159013935928,0.025,-0.0947436729396,-0.00677460876634,0.00993377483444,-0.0681881932934,-0.033061882509
-0.0339259174574,-0.014730878187,-0.00757913508694,0.0279066639769,-0.010782916779,0.0147890387125,-0.0060396893874,0.03802672148,-0.00695410292072,-0.0251075132811,-0.0608850934022,-0.0112359550562,-0.0236874236874,-0.0292119565217,-0.0219550444328,-0.0427592876138,-0.0958439355386,-0.00144626566788,0.00585797797433,0.00233193799339,-0.0269403463759,-0.0225519287834,0.0270815947452,-0.06875,-0.0230158730159,-0.0798898071625,-0.0522088353414,0.00629160669306,0.0535714285714,0.0127098782034,-0.0592121440632,-0.0394366197183,-0.0529300567108,-0.0237288135593,-0.0396988364134,-0.0201052631579,-0.0189671094693,-0.102426044373,-0.125435248893,0.0345315217184,-0.118343195266,-0.0538001707942,-0.0183566433566,-0.0324005891016,-0.0256281407035,0.0220289855072,-0.0337248990765,-0.0730057688482,-0.0490045197557,-0.0348841348379,-0.01126307321,-0.0498164656529,-0.0350877192982,-0.0530973451327,-0.109843897187,-0.0214132762313,0.0232558139535,-0.0165289256198,-0.0021607418185,-0.0071245369051,-0.021521906226,-0.0621567406793,-0.307538237436,-0.0392334389618,-0.0111420612813,0.131813676908,-0.042522889115,0.0201550387597,-0.040201043585,-0.0747002766677,-0.0110699299558,-0.0266009852217,-0.0293728453529,-0.0331325301205,-0.0157126823793,-0.0207467714767,-0.0667678968333,-0.108013937282,-0.0222222222222,-0.0215708341859,0.0426229508197,-0.0467420158178,-0.08115591233
-0.00581343747226,0.00862564692352,0.0606469002695,0.035915216538,-0.0218203760657,-0.0192884697814,-0.0442708333333,-0.0019801980198,0.0971055088702,-0.0490431397989,0.00903320214353,-0.0454545454545,0.0605302651326,0.00139958012596,0.00801710315339,0.01513671875,-0.0187617260788,-0.032569539867,-0.0713931741357,-0.0651185186598,-0.022412656559,-0.0321797207043,-0.0816973763531,-0.02942694889,-0.0213918223666,-0.00449101796407,-0.0603813559322,-0.0807319458025,-0.00112994350282,-0.111132188574,0.00419941103696,0.0263929618768,-0.0369261477046,0.0130208333333,0.015680684248,0.00293622659075,-0.0177407675597,-0.0743503737004,-0.173971206523,0.0114156938082,-0.0693512304251,-0.0216606498195,-0.124666073019,-0.339421613394,-0.117070654977,-0.104367555303,-0.0300337992308,-0.0203862660944,-0.0331663941128,-0.0574632095305,-0.0227827502034,-0.0562913907285,-0.0545454545455,-0.0205607476636,-0.278506368343,-0.082056892779,-0.132305194805,0,-0.047133265868,-0.049272866437,-0.095051060487,0.0130988907246,-0.301603996845,-0.0400502591487,-0.0384976525822,0.00350262697023,-0.560560985975,-0.0737082066869,-0.0475292010777,-0.0817940199336,-0.0212980237415,-0.0177125506073,-0.00157856028127,0.0397196261682,-0.0228050171038,0.0235945070382,-0.143584785531,-0.0234375,-0.0865102639296,-0.00869656145977,-0.104402515723,-0.0703356012976,-0.0259234774506
-0.0418098766534,-0.0273660205245,0.000847098686997,-0.0424376381434,0.0117803912204,-0.0576923076923,-0.0408719346049,-0.0615079365079,-0.0365957446809,-0.0448188825977,-0.0537379081738,-0.0136054421769,-0.0471698113208,-0.025856044724,-0.110286320255,-0.0186429151946,-0.0401529636711,-0.0434548944338,-0.0220428404698,-0.104473806331,-0.00606877950101,-0.025721455458,-0.0215207215436,-0.0617021276596,-0.0188157166574,-0.00401002506266,-0.0248027057497,-0.0101989959034,-0.0350678733032,-0.0475828688014,-0.0396928682978,0.0257142857143,-0.0176165803109,-0.0839760068552,-0.0168421052632,-0.072976543254,-0.0565794323627,-0.022163080578,-0.0345646641475,-0.0306096358257,0.03125,-0.0129151291513,-0.0345879959308,0.0702764976959,0.0303738317757,-0.0585813806206,0.00501890175708,-0.0187294633078,-0.0226227601882,0.0589708471923,-0.029975020816,-0.0713450292398,-0.00538461538462,-0.0610687022901,0.0855421686747,0.00893921334923,-0.077174929841,-0.0168067226891,-0.057418562823,-0.0176109489786,-0.0711805555556,-0.0114880605708,0.660391566265,0.0458115183246,0.00390625,0.133507853403,0.266441005803,-0.0410172272354,-0.0754683722804,-0.0513061726608,0.00114711786636,-0.0669757856775,-0.0311000916294,-0.0359550561798,-0.022170361727,0.0106430652028,0.0395946913376,-0.024,0.0601926163724,-0.00525668073136,0.0266853932584,0.0145755488991,-0.115546604133
0.102159971428,0.0386869871043,0.038087177317,0.0088373013256,0.108388238765,-0.0324675324675,0.0738636363636,-0.0443974630021,0.0110424028269,0.15412083988,0.0139953180524,0.0402298850575,0.0160891089109,0.0373027259684,0.0125148986889,0.0121689455271,0.0916334661355,0.20109960671,-0.0434289770522,0.12777746142,-0.00271370420624,-0.0238248551191,0.0637944110612,0.0651927437642,0.06119571348,0.0558631102164,0.0664739884393,-0.0578146492435,0.0187573270809,0.150911095376,0.133423679812,0.0557103064067,0.0643459915612,0.0299345182413,0.00999286224126,0.094473329482,0.0225825356515,0.132440453308,0.125730900725,0.00250574626022,0.0955710955711,0.0654205607477,0.158061116965,0.138858988159,0.150793650794,-0.0393541876892,0.0449629370758,0.118763254828,0.0470499161754,0.221934816348,0.0266094420601,0.14798488665,0.0015467904099,0.168699186992,0.444481976548,0.178381571175,0.13532691333,-0.014763014763,0.00603347488172,0.0489141569351,0.107476635514,0.0268960539689,0.390249433107,0.0153316645807,0.0272373540856,-0.0369515011547,0.405498281787,-0.0778443113772,0.103826773798,0.176277650648,0.0588909296173,0.0822749861955,0.0929943628542,0.04662004662,0.169451073986,-0.0403780068729,0.258872761945,0.114754098361,0.221044663134,0.111168059949,0.127906976744,0.0978237711155,0.0710840485489
0.00676265885204,0.0158013544018,-0.0619649408887,-0.129306399948,-0.034264319682,-0.00383509108341,-0.0485008818342,0.00553097345133,-0.00218435998253,-0.0230816831683,0.0568155394632,-0.0281767955801,-0.0387332521315,0.0269709543568,0.0706297822248,-0.00225424549568,-0.0583941605839,0.0455411139697,-0.0229902116519,0.0160111891502,-0.00612244897959,0.0507915567282,-0.0565137514053,-0.0101117615753,-0.00212596332713,-0.102955195424,-0.039566395664,-0.0145796536599,0.0138089758343,-0.0823715402707,-0.0377432185759,-0.0501319261214,-0.0505450941526,-0.0217983651226,-0.0148409893993,0.0237525511999,0.0374431666221,0.0143795997067,-0.0554751362398,-0.0132679333221,-0.0510638297872,-0.0289473684211,0.0618744313012,-0.054820415879,-0.0206896551724,-0.0371148459384,-0.0223106237294,-0.0510825102265,-0.0142726787528,-0.0615398572638,0.0133779264214,0.0109709270433,0.0494208494208,0.0197101449275,-0.124473842453,-0.0431077694236,-0.00892857142857,-0.0141955835962,0.0275779015505,-0.0515161873138,0.0919831223629,0.00334208299267,0.128364051541,-0.079969183359,0.0132575757576,-0.0147881694644,-0.108122792719,0.00185528756957,0.00746827218069,-0.0601776797873,-0.0113300022278,-0.0295918367347,-0.0549683592623,-0.0022271714922,-0.144897959184,0.0341640916048,-0.0630128339996,-0.0110294117647,-0.085554866708,-0.0497526681618,-0.0285021224985,-0.122736976351,-0.0168563474843
0.00975398135968,0.03,0.0469361147327,0.0549590810121,0.0314745062012,-0.00288739172281,-0.0120481927711,-0.045104510451,0.0888791593695,-0.0785456388167,0.0395536608844,0.0210346787948,-0.128231120122,-0.0808080808081,0.0445299615173,-0.00753112866515,0.0600775193798,0.00147002428736,-0.0578429813464,0.042421230494,-0.00889801505818,0.075329566855,0.0540571960009,0.0333333333333,-0.0218375499334,0.0472901168969,0.0158013544018,-0.0560993677081,0.0357548240636,-0.0134262363255,-0.05386106463,0.0722222222222,0.00835073068894,0.0789229340761,-0.006456241033,-0.0105523665487,-0.0254115567341,0.0135600026772,0.106498384795,0.00672316922198,-0.02466367713,0.0108401084011,0.0556983718937,0.05,-0.00905432595573,-0.0465454545455,0.0798736137117,0.0370097781516,0.0325741432913,0.0364128508362,0.0899339933993,-0.0667390124797,0.047093451067,0.0193291642979,-0.00480769230769,0.0162388685175,0.0288288288288,0.008,-0.113767542703,0.0180189456343,0.0123647604328,-0.00714796283059,-0.00477016478751,0.0242840395244,0.0018691588785,-0.00567951318458,0.057873895827,-0.0675925925926,-0.0372686526953,-0.0302214862347,0.0584258812168,0,0.0462093603576,0.0230654761905,-0.0155131264916,0.0165037698967,0.0734478500056,0.0371747211896,0.055593220339,0.0356527124517,0.118601747815,0.0845079324948,-0.0144095939039
0.0422701129513,0.00755124056095,0.0543794105438,0.0306739733827,0.0610103673091,0.0135135135135,0.0769230769231,0.0028801843318,0.0377965420185,0.127930157421,0.0376820796577,0.111915367483,0.0593023255814,0.0747252747253,-0.0194736842105,0.0523085224782,0.0758683729433,0.118641904397,-0.044744459532,0.158140887507,0.0835635359116,0.0741389375365,0.070668357781,0.0468262226847,0.0729648788456,0.10502283105,0.0922222222222,-0.0280911473296,0.0427397260274,0.16286011682,0.123686698886,0.139896373057,0.148033126294,0.0507745266781,0.0317689530686,0.164767595359,0.0605373540415,0.177619588473,0.351031326806,0.0083431079496,0.0942528735632,0.123324396783,0.148538961039,0.158095238095,0.14923857868,0.0209763539283,0.026416918832,0.0234208658623,0.0637696848729,0.128128594969,0.0128690386071,0.154069767442,0.0414617006325,0.107640825432,0.317805383023,0.10206185567,0.10945709282,0.0674603174603,0.0664903464692,0.0356528775159,0.141984732824,0.0295176385889,0.507189542484,0.141432308698,0.0466417910448,-0.110975112199,0.278721566369,0.0585898709037,0.0262033173909,0.231661330487,0.00877433090024,0.0178759200841,0.134804468315,0.0356363636364,0.139393939394,0.00928545919068,0.276178722336,0.0931899641577,0.167630057803,-0.0844633361886,0.0323660714286,0.104790768155,-0.0738406874757
-0.00609002061033,-0.00642398286938,-0.00551181102362,-0.0102886341666,-0.0627402917919,-0.02,-0.00435540069686,0.0246984491671,0.0216970166602,-0.0748415407118,-0.0234964596871,-0.0130195292939,-0.00493962678375,0.0122699386503,0,0.0201749887828,-0.0654205607477,-0.0968450479233,0.020262037755,-0.0823292594071,-0.0070108349267,0.0288043478261,-0.0511189513533,-0.0253479125249,-0.0274042121289,-0.0367309458219,-0.057985757884,0.0329332035615,-0.00735680504467,-0.0343174605523,-0.11632110828,-0.00909090909091,-0.0703336339044,-0.028665028665,0.00699790062981,-0.0426794715023,-0.0293247817566,-0.209707627261,-0.106865740648,-0.031426480797,-0.0819327731092,-0.0159108989658,-0.0939929328622,-0.104440789474,-0.105123674912,0.0425849831901,-0.0360350848696,-0.0388349514563,-0.0131819555089,-0.0200915003858,0.0127055306428,-0.0685138539043,-0.0404858299595,-0.02416918429,-0.191236798464,-0.0430308699719,-0.0923441199684,-0.00446096654275,-0.0339500049598,-0.00976610186044,-0.0935828877005,-0.0013986013986,-0.183289968199,-0.0760636012033,0.00267379679144,0.107388710418,-0.200855663139,0.00562851782364,0.0503247558134,-0.0321760730172,-0.0557456623001,-0.0444214876033,-0.0254940801113,-0.0196629213483,-0.0553191489362,-0.0051716159939,-0.160861512236,-0.0688524590164,-0.127062706271,-0.00293042879588,-0.0308108108108,-0.045658366744,-0.032775356253
-0.0358409033138,-0.0140086206897,-0.0126682501979,0.000767459708365,-0.00836527782754,0.00923226433431,0.00087489063867,0.0437219730942,0.00530906332954,-0.021277997365,-0.00473702074964,0.00811770674784,-0.0744622173194,0.000673400673401,-0.044551798175,0.0247239369807,-0.0236363636364,-0.0466820378384,0.105912915358,-0.0339169324487,0.0263157894737,0,-0.0088747760951,0.00254971953085,0.0033915992695,-0.0285986653956,-0.0286177105832,0.104751069636,-0.00105876124934,-0.0562279760993,-0.0014195778299,0.00688073394495,-0.0387972841901,0.0185497470489,-0.000694927032662,-0.0210293476229,0.0244842522575,-0.0150422886984,-0.017009616088,0.0128041221137,-0.025171624714,0.0420371867421,-0.00936037441498,-0.0606060606061,0.00888450148075,0.0300967395199,0.00839139629127,0.0135023706452,0.00333548179181,-0.0572352693011,-0.0250922509225,-0.0205516495403,0.0112517580872,-0.0386996904025,0.0843585869487,-0.0518084066471,0,0.0253920836445,0.0127775638557,0.0135608264707,-0.0302359882006,0.0259103641457,0.0483775811209,-0.00744186046512,-0.00355555555556,-0.02527973477,-0.0267681036912,0.0727611940299,0.00860712487412,-0.041243882058,-0.00542792828749,0.00324324324324,0.011016804506,0.00573065902579,0,-0.00634764289037,-0.00769606406876,0.0105633802817,0.0642722117202,0.113719657938,0.00892359174568,-0.00497498687156,0.0311583756361
0.0504801021258,0.0393442622951,0.0505212510024,0.00355549358617,0.0298054516881,0.00337024554646,0.0323426573427,-0.00429645542427,0.0320633723123,0.0267214107828,0.0260052242805,0.016607951686,0.0315852205006,0.00807537012113,0.0449438202247,-0.00758771862593,0.0251396648045,0.0826292946361,-0.032631433787,0.067949444202,0.00750469043152,0.0248283148442,0.025466195679,0.089521871821,0.0109204368175,0.0294406280667,0.0383546414675,-0.0294476279528,0.0323264440911,0.0596672077922,0.0531553248038,0.0569476082005,0.0272452068618,0.0397350993377,0.00625869262865,0.05530980492,0.0462574796661,0.0252276394652,0.0990497996566,0.0109591661088,0.0539906103286,0.0364623739333,0.0637795275591,0.0185728250244,0.0499021526419,-0.0330434782609,0.0317740143204,0.00813586901251,0.0119806639151,0.0269988066826,0.0393641180924,0.00717835450028,-0.00139082058414,0.0150295222759,0.0701323690409,0.0515463917526,-0.0234782608696,0.0495265841224,0.00378300625432,0.021893548701,0.0608365019011,-0.0327645051195,0.151378728194,0.00749765698219,0.0178412132025,-0.0212585034014,0.230746960046,0.0269565217391,0.0300238693271,0.0388470397809,0.0288768680075,0.0689655172414,0.0674371134337,-0.022792022792,0.0168918918919,0.0243962882397,0.0605106198697,0.0766550522648,0.0420367081113,0.0317467887575,0.00939745715865,0.0281103302686,-0.0543254127672
0.0290597839009,-0.0199789695058,-0.0461832061069,-0.0338311913859,0.015839604273,-0.00767754318618,0.00931414055885,-0.0765911542611,-0.046418128655,0.00812901534024,0.00821127223582,0.0336633663366,0.0109763142692,0.0547396528705,-0.0456989247312,-0.0402675234006,0.0172570390554,0.00354989748141,-0.103791455453,0.0371173913043,-0.0136561142148,-0.0103092783505,-0.0456353974739,0.0102707749767,-0.0123456790123,0.0276453765491,-0.0182012847966,-0.0989063923968,-0.0636550308008,0.0540401835298,0.0107652192868,-0.0323275862069,-0.0186640471513,-0.0390127388535,-0.030407740152,-0.0505412985133,-0.00989726027397,0.0355963405894,0.0532020166247,0.00917552688335,-0.0200445434298,-0.0494011976048,0.0347890451517,0.000959692898273,0.0568499534017,-0.137769784173,-0.0175962815405,0.00907898718854,-0.00788726135877,0.0182425562818,-0.0203932993445,0.0526315789474,-0.016713091922,0.0671602326811,0.0902129770282,0.0480392156863,0.0614425645592,-0.0464954892436,-0.0710191404475,-0.0107122452866,0.0401433691756,-0.0578687367678,0.0624633431085,-0.00744186046512,-0.0280455740578,-0.0682015638575,0.102564102564,-0.0999153259949,-0.0274599195741,-0.0293042488164,0.0132297419576,-0.0367943548387,0.0440396255985,-0.0262390670554,0.0287929125138,-0.0942128322985,0.0972993039443,0.0679611650485,-0.0119318181818,-0.00511548358269,-0.0142387732749,0.0127522762273,-0.101411307225
-0.0441814494391,-0.0128755364807,-0.015606242497,-0.0360943341961,-0.101067136345,-0.0493230174081,0.0201342281879,-0.0373831775701,-0.0398620160981,-0.116920275719,0.0138106935055,-0.0181992337165,-0.000571428571429,0.0120253164557,-0.0619718309859,0.0390601110485,-0.107142857143,-0.109871009057,-0.0659250891699,-0.117537321254,-0.0333543108874,-0.0625,-0.0302462227196,-0.0110905730129,-0.0427083333333,-0.0918367346939,-0.0229007633588,-0.0296331614003,-0.03125,-0.0438570992544,-0.0778967625273,-0.0378619153675,-0.0780780780781,-0.00911350455675,-0.00356379187455,-0.00911545180245,-0.00847428314482,-0.0800086847962,-0.127836652342,-0.024801754682,0.0931818181818,-0.0291338582677,-0.105865522175,-0.0671140939597,0.00705467372134,0.00500625782228,0.00522589206967,-0.0903728881336,0.021194574189,0.00359455681397,0.0193308550186,-0.0869791666667,0.0191218130312,0.0445986124876,-0.142861205107,-0.0855940130964,-0.0494966442953,-0.00145560407569,-0.0223297408228,-0.0132345156167,-0.0013783597519,0.0397003745318,-0.190081884258,-0.0909090909091,-0.0847610459874,-0.104895104895,-0.259014294858,-0.0719661335842,-0.071538144073,-0.139585133967,-0.0177686077665,-0.0565149136578,-0.0336298785358,-0.00973053892216,-0.0645855758881,-0.0701525313075,-0.118003281628,-0.0606060606061,-0.0149511213341,-0.0206290944571,-0.0716666666667,0.00717620381486,-0.120205858554
0.0140470562957,-0.0391304347826,-0.0243902439024,-0.0217812919588,-0.0155592692906,0.0178026449644,-0.0534539473684,-0.00728155339806,0.0063872255489,0.00456553755523,-0.0296894543115,-0.0448780487805,-0.00457404230989,-0.0919324577861,0.039039039039,-0.0194851460612,0.114,0.18040424803,0.0109678238683,0.0261282660333,-0.013671875,0.0127777777778,-0.0420669955856,-0.092523364486,0.0579434167573,0.0929519918284,-0.0145089285714,0.0263690777523,-0.0430107526882,-0.0825257845574,0.0758145476135,0.0185185185185,0.161780673181,-0.0259197324415,-0.0135908440629,-0.0491377652414,0.0124188934626,0.172561803056,0.11111426109,-0.0262591311034,-0.0592515592516,-0.0259529602595,0.16,-0.0236382322713,0.0499124343257,-0.0340390203404,-0.0363828688101,-0.0926475436861,-0.0311398630974,0.0371244208192,-0.0999270605398,-0.0102681118083,0.0222376650452,-0.133776091082,0.183326145374,0.104859335038,0.0194174757282,0.0036443148688,-0.00622775800712,0.0378462738978,-0.0262249827467,0,0.0596387595138,0.0226804123711,-0.0128078817734,0.23125,0.043766196372,0.0552458185504,-0.00816042404012,0.152543589008,0.02766804615,-0.00610094287299,-0.0183406486918,0.0393046107332,0.196777905639,-0.0640199144699,0.0173951401009,0.0645161290323,0.0659661412726,0.00947230260765,0.0616397366846,0.0214281930391,0.120465318783
-0.0017348695537,0.0197963800905,-0.00916666666667,-0.0551319200854,-0.167066674472,-0.0664667666167,-0.0842745438749,-0.0378973105134,-0.0353034510115,-0.210013194546,-0.0179985415546,-0.0240040858018,-0.0873061458932,0.0268595041322,0.00982658959538,0.0014217111083,-0.114452423698,-0.103900626886,-0.219340619183,-0.162037037037,-0.0481848184818,-0.0257816785518,0.00304207704587,-0.0952626158599,-0.0488557469787,-0.108878504673,-0.0770101925255,-0.167002741793,-0.0591366055588,-0.0827914143464,-0.164431325986,-0.118181818182,-0.0831775700935,-0.0712446351931,0.0159535895577,-0.0937131299511,-0.0214664737096,-0.0834266306057,-0.15744648279,-0.154479409326,-0.0939226519337,-0.0266444629475,-0.115172413793,-0.123157894737,-0.141784820684,-0.219596046412,-0.0616341604547,-0.139898255814,-0.0355035325692,-0.161847334521,-0.0599675850891,-0.12795389049,-0.0469068660775,-0.113362541073,-0.126159970843,-0.099537037037,-0.119480519481,-0.079883805374,-0.0571074865712,-0.0796992481203,-0.0297661233168,-0.0230547550432,-0.282911663808,-0.108198924731,-0.0129740518962,-0.0478003384095,-0.272275862069,-0.23967339097,-0.0738197715223,-0.177550893357,-0.0289824122519,-0.09375,-0.0631342091892,-0.0392727272727,-0.192307692308,-0.0935965630115,-0.240725380787,-0.142424242424,-0.200985761227,-0.0411836581239,-0.102029312289,-0.111868889869,-0.0848845155989
0.0196606481911,0.0038824181919,-0.00168208578638,0.0309902348479,-0.059807435519,-0.0797644539615,-0.11385199241,-0.0603557814485,0,0.192168507006,-0.0579181277777,-0.124018838305,-0.0245437382001,0.0201207243461,-0.0263308528907,-0.0113575417232,-0.13025848961,-0.0605648400052,-0.127490491516,-0.181767955801,-0.0610263522885,-0.0422297297297,-0.0603867635577,-0.0461013090495,0.0916463909165,-0.125327739906,0.00306748466258,-0.131493704394,-0.0471401634192,-0.0198701216593,0.0136596983859,-0.0747422680412,-0.0244648318043,0.0221811460259,-0.02284082798,-0.0654268179282,-0.0634881509912,-0.0164418154619,-0.0385134848678,-0.00567372574657,-0.0487804878049,-0.106073567151,0.0350740452065,0.0948379351741,0.00388726919339,-0.16795154185,0.00574936747889,0.046613153077,0.0138961060731,0.00248528449967,0.0241379310345,-0.127561136814,-0.0413694721826,-0.0580605311921,-0.00875870255703,-0.000514138817481,-0.0835791543756,0.0252565114444,-0.132934256107,-0.0398284313725,-0.0854638422206,-0.0589970501475,0,-0.0393745290128,0.041456016178,-0.129720124389,-0.20166793025,-0.207201516109,-0.0292885119281,-0.0510937854818,-0.0223855978133,-0.0523399014778,-0.0660251642494,-0.0439061317184,-0.00119047619048,-0.0285897001843,-0.00389790952877,-0.0530035335689,0.0191912268677,-0.0489323116637,0.117388575016,-0.0656369529037,-0.00961800452261
-0.0371319654962,-0.132044198895,-0.0855096882898,-0.0493150684932,-0.182314247272,-0.0267597440372,0.0385438972163,-0.0622041920216,-0.0888157894737,-0.374533001245,-0.00933946940985,0.0430107526882,-0.0838709677419,-0.103879026956,-0.100529100529,-0.0710182850943,-0.02331002331,-0.314486657933,-0.0315115747824,-0.556380823768,-0.0487444608567,-0.0905349794239,-0.0803106324502,-0.0453460620525,-0.117384843982,0.00959232613909,-0.0238532110092,-0.0271001894908,-0.0540897097625,0.0925828656733,-0.0491342034079,0.0111420612813,-0.174503657262,-0.122965641953,-0.113221329438,-0.0813499960201,-0.0393292224395,-0.160664201493,-0.0492466236646,-0.0372657680928,-0.0128205128205,0.000956937799043,-0.042921686747,0.015350877193,0.0135527589545,0.0780939774983,-0.103672446284,-0.0418460710441,-0.0602784115332,0.0475274008351,-0.0900673400673,-0.0242424242424,-0.0513392857143,-0.0327868852459,0.0223653547385,-0.0740740740741,0.0402360515021,-0.0515781370285,-0.0902900162546,-0.0382897255903,-0.174920127796,-0.0438871473354,-0.169233069218,-0.0772700529516,-0.0912621359223,0.14854517611,-0.360398860399,0.113944223108,-0.0946643717728,-0.0295947670708,-0.125964134207,-0.0513320337882,-0.0353546246371,-0.0269200316706,-0.061978545888,-0.137358169074,0.0343710276414,-0.14552238806,0.0786819098857,-0.0731979660551,-0.142696629213,-0.0807474766414,-0.0518393641397
-0.0108908616752,0.0910248249523,0.0571165361585,-0.0083985179086,-0.145168662583,0.139868499701,-0.0747422680412,0.0771449170872,0.0658844765343,0.0710552513688,0.0208201056075,0.03264604811,0.00492957746479,0.0836390315481,0.0366013071895,0.09420675678,-0.211813842482,0.0998792999396,-0.0900974201618,0.286149162861,0.0527950310559,0.00646412411118,-0.0227256932379,-0.03125,-0.0544332210999,-0.271971496437,-0.0250626566416,-0.0638821904821,-0.0808926080893,-0.13764485603,-0.0583282286616,-0.00550964187328,-0.164556962025,0.0773195876289,0.0197693574959,-0.0434104497011,0.0897064579256,-0.105667403701,-0.171955954258,-0.250542696163,-0.168831168831,0.0554493307839,-0.106215578285,-0.0453563714903,-0.140401146132,-0.165131982812,-0.0118399742478,-0.19463558489,-0.0889162561576,-0.0258150904618,0.0684551341351,-0.151397515528,-0.00156862745098,0.0189830508475,-0.467850698072,-0.0205555555556,-0.133058277463,-0.0292207792208,-0.0987812217875,-0.064698075647,0.02807357212,0.16393442623,-0.348029512327,-0.121360255048,0.0395299145299,-0.208888888889,-0.408314773571,-0.0765379113019,-0.0704564815392,-0.214960953555,-0.119776441822,-0.05,-0.112204182719,0.129373474369,-0.110546378653,-0.181046866583,-0.500481927711,-0.117903930131,-0.0137157107232,-0.0820374043113,0.0543905635649,-0.0122378216677,-0.151472022518
-0.210721165011,-0.0688448074679,0.0318082788671,-0.11068670597,0.0421701778776,-0.0812794965915,-0.109192200557,-0.0655957161981,0.00719729043184,-0.0207970256768,-0.00846760383739,-0.00831946755408,-0.0946040644709,-0.0954637779282,-0.0523329129887,-0.102326238463,-0.162755488266,-0.191586648377,-0.118662690315,-0.323076923077,-0.0781710914454,-0.0745022479127,-0.124199971555,-0.19935483871,-0.0100890207715,-0.199836867863,-0.0951156812339,-0.132377062715,-0.0819423368741,0.0522269819846,-0.398229307931,-0.108033240997,0.0439393939394,-0.0344497607656,-0.145395799677,-0.0139039855072,-0.0423460958264,-0.166093503114,-0.0675628100496,0.035864223647,-0.1015625,-0.130887681159,-0.129401408451,0.0147058823529,-0.0166666666667,-0.113235294118,-0.127646795342,-0.255797733217,-0.12240760051,-0.144578698376,-0.0034632034632,-0.0887465690759,-0.0526315789474,0.00798403193613,0.132012612291,-0.244469653999,-0.0696014277216,-0.0802675585284,-0.177665080558,-0.0875606006858,-0.0254237288136,-0.116901408451,-0.108473640629,-0.0505563618771,-0.0472764645427,-0.112921348315,-0.158092848181,-0.0704879938033,-0.0351826188028,-0.250890052356,-0.150236016542,-0.0843547224225,0.0618946144905,-0.108069164265,-0.154285714286,-0.142355972154,-0.149204052098,-0.227722772277,-0.152970922882,-0.138435133771,-0.00807955251709,-0.000757132532608,0.0629570834519
0.156864441983,0.0852130325815,0.0553209459459,0.114845938375,0.218326720482,0.160388127854,0.218261413383,0.224212034384,0.136612021858,0.164214523019,0.0562697517826,0.104026845638,-0.0959752321981,0.0935628742515,0.0944777112442,0.107713021735,0.222423146474,-0.103959276018,0.292911303597,0.13986013986,0.132,0.153365718251,0.180626040356,0.254633360193,-0.00269784172662,0.58002038736,0.109375,0.271436546806,0.2,0.181389771903,0.476456577501,0.260869565217,0.044992743106,0.0882061446977,0.164461247637,0.215634042162,0.0125267224243,0.151939366919,0.298748884465,0.0637154795941,0.0260869565217,0.179781136008,0.233569261881,-0.0122630992196,0.237288135593,0.278606965174,0.178019208103,0.360121836926,0.154971725306,0.107021411756,0.0564726324935,0.105421686747,0.0854063018242,-0.0785478547855,0.411393735548,0.235735735736,0.164961636829,0.155454545455,0.14340278659,0.159463487332,0.080193236715,0.14673046252,0.745820433437,0.171974522293,0.152103559871,0.28562381254,0.555886736215,0.3225,0.212306551756,0.103718199609,0.20683298513,0.197637795276,0.133613062118,0.112277867528,0.195945945946,0.217244024032,0.507229120599,0.141025641026,0.146268656716,0.113103189669,-0.0225563909774,0.182641639401,0.247234426256
-0.0410688370562,-0.0103926096998,-0.0336134453782,-0.070351758794,-0.128919958449,0.0226266601082,0.00256673511294,-0.0117027501463,0.0244082840237,-0.0131471667346,0.00955087220775,-0.0354609929078,-0.0359589041096,0.0102669404517,0.0182370820669,0.0120601745884,-0.0051775147929,0.0787148087363,-0.0193095963601,-0.0644171779141,-0.00706713780919,0.00180505415162,0.0129642365887,-0.0211946050096,-0.029155395251,0.0058064516129,0.0800256081946,0.0446575588532,-0.0420110192837,-0.0264671403057,-0.10805981262,0.00492610837438,0.118055555556,-0.0318761384335,-0.0413961038961,-0.0252380232734,0.0511167907545,0.183605542225,-0.00757180329169,0.0521014856603,0.0847457627119,-0.0812720848057,-0.0311475409836,0.154627539503,0.0228310502283,-0.0233463035019,-0.0439434164124,-0.0189491817399,-0.0434177938655,-0.00084388185654,-0.0164473684211,-0.11080835604,-0.0206264323911,-0.0358166189112,-0.0482946082812,0.0328068043742,0.01317233809,-0.00157356412274,-0.00276338131333,-0.0363250251481,-0.0196779964222,0.00139082058414,-0.0232310693385,0.0332608695652,-0.0552434456929,0.00443349753695,-0.036398467433,-0.00441083805923,-0.00137593640116,0.00430597771023,-0.0628920570265,-0.042735042735,0.0142744492187,-0.0152505446623,0.104519774011,-0.0011026516146,0.0318624684949,-0.0112359550562,-0.01171875,-0.112832929782,-0.0141025641026,0.00786300891141,0.00500236751116
-0.0363684588261,-0.00641773628938,-0.00993788819876,0.135675675676,-0.215747574693,-0.0615680615681,-0.0235535074245,-0.0396684428656,0.014440433213,-0.236703500981,-0.0294761532447,-0.0435924369748,0.0657193605684,-0.0352303523035,-0.0519402985075,0.0168296601313,-0.133085501859,-0.167008016853,-0.135725960229,-0.267213114754,-0.0654804270463,0.048048048048,-0.139932783379,-0.152230971129,-0.0442724458204,-0.102629890956,-0.104327208062,-0.223515026461,-0.0294751976995,0.084711929334,-0.193747652239,-0.115196078431,-0.110559006211,-0.0169332079022,0.0194750211685,-0.0913953488372,-0.0557141346865,-0.223644627559,-0.247049032988,0.114483029674,-0.046875,-0.0355769230769,-0.149746192893,-0.157380254154,-0.15625,-0.198539176627,-0.120078332228,-0.0653204565408,-0.135308996037,-0.0611148648649,-0.0158862876254,-0.181818181818,-0.0280811232449,-0.0690936106984,-0.190852537267,-0.0558823529412,-0.18255687974,-0.080378250591,-0.154577221839,-0.0806657388077,0.0428832116788,-0.0527777777778,-0.232026143791,-0.118451504313,0,-0.121628249142,-0.253479125249,-0.198101265823,-0.0189834660135,-0.282976040353,-0.0700686777362,-0.0212912087912,0.0161996636309,-0.0589970501475,-0.0319693094629,-0.199800252313,-0.316077287641,-0.0681818181818,-0.0579710144928,-0.0971615720524,-0.0435630689207,-0.177906842349,-0.0992458863762
-0.082897527646,0.0393423370523,-0.038895859473,0,0.0255619939999,0.0517683239364,0.0603041426324,0.0110974106042,-0.120284697509,-0.00933567852794,0.0427432070065,0.00219659527732,0.1275,0.0554775280899,-0.00692695214106,-0.0531046754203,0.0120068610635,-0.0493150684932,-0.00325033488299,0.136465324385,0.020563594821,0.0234957020057,-0.00201302545885,0.0526315789474,-0.028830579851,-0.0822015725518,0.0893448047651,0.123862014665,-0.00814814814815,-0.0597158375491,0.00415868578627,0.0831024930748,-0.127094972067,0.0468899521531,-0.0539867109635,0.0400563091886,0.0225406777131,0.0678951247762,0.103221128766,0.0482883699841,0.0327868852459,-0.00847457627119,0.175124378109,0.0127610208817,0.129100529101,0.151615575808,-0.0458415270304,-0.0169077587826,-0.0500955846788,-0.0379619301213,0.0373831775701,-0.14481897628,0.0321027287319,-0.0534716679968,-0.0222426381703,-0.178816199377,0.0159045725646,0.0479862896315,-0.018349831508,-0.0145082949599,0.0419947506562,-0.0593841642229,-0.139716312057,-0.107398568019,0.00991080277502,0.327749860413,-0.292942743009,0.359905288082,-0.0949301654182,-0.106753429476,-0.220459007198,-0.00350877192982,-0.0644526675723,-0.0564263322884,0.00264200792602,-0.171976614334,0.0913646055437,-0.0914634146341,0.013986013986,-0.0481047263551,0.137321549966,0.0900144107413,0.167087988936
0.0769203608566,-0.0960451977401,-0.0413402959095,-0.0153894970649,-0.0155880585053,-0.0331384015595,0.00296735905045,-0.0207317073171,-0.0210355987055,0.0596831466812,-0.0600481945441,-0.0301369863014,-0.0125646711013,-0.0505655355955,0.00126823081801,-0.103418111129,0.0406779661017,0.0784748392818,-0.418367951936,0.0787401574803,-0.0328358208955,0.00279955207167,0.137201392185,-0.0117647058824,-0.0393595730487,0.22507788162,0.0048602673147,0.104080917769,0.0141896938013,0.0277011822129,0.144006048941,-0.079283887468,0.04,-0.0539305301645,-0.0676031606673,-0.0205487879906,-0.238138686131,0.0717624090398,-0.043439581313,-0.00634371395617,0.031746031746,-0.0608345902464,-0.0635055038103,0.0114547537228,-0.0599812558575,-0.0525179856115,0.00335678143897,0.0460538887827,-0.0235924542942,-0.021618791143,-0.029484029484,0.167883211679,0.0248833592535,0.0927487352445,-0.131496958607,0.183611532625,0.0123939986954,-0.0408830744072,0.0767693834312,0.0615118735198,-0.0621326616289,-0.113016367888,-0.134927177796,-0.0580213903743,-0.0667320902846,-0.0466778805719,0.322033898305,-0.0673244341265,-0.062481814753,0.0763929907462,-0.00761505021736,-0.0704225352113,0.051853335336,-0.093853820598,0.0118577075099,0.299880999603,-0.0115268144964,-0.0201342281879,0.124137931034,-0.0459516182481,0.0113568439928,-0.0543338062685,0.0130032361075
0.0703606557377,0.06,0.11484339537,0.118433773767,-0.0925262558007,0.0252016129032,0.0897435897436,0.0161892901619,0.115702479339,0.0229411006573,0.0635007612733,0.0514124293785,0.059880239521,0.0826909600561,0.0658644711843,0.0357388067792,0.167752442997,-0.000616649537513,-0.150874957526,0.264598540146,0.00617283950617,0.0681183696259,0.110145028345,0.0327380952381,0.144097222222,-0.0158931977114,0.0761789600967,0.0425143763633,0.0589101620029,0.137787201234,0.0881601874662,-0.0444444444444,0.153846153846,-0.0521739130435,0.0207156308851,0.0585427135678,0.0359281437126,-0.0279679105027,0.212222771489,0.00425614238731,0.107692307692,0.00214132762313,0.143761301989,0.0498301245753,0.0837487537388,0.0850417615793,0.0345132961059,-0.0880526123493,0.0658322779309,0.148902821317,0.0717299578059,0.09625,0.0644916540212,0.087962962963,0.0548343013324,0.024358974359,0.0534793814433,0.0170502983802,0.192816847034,0.0717559093102,0.0438675022381,0.0413005272408,0.145806861499,-0.187340334942,0.0515247108307,0.0939567710631,0.0669515669516,0.0622277535781,0.0349207443935,-0.0740808487287,-0.014863599287,0.0393939393939,0.050709231111,0.0100824931256,0,0.0463838877022,-0.0545508449452,-0.150684931507,0.00613496932515,-0.0698737987727,-0.080378250591,0.0957820438504,0.073870862762
-0.0336947864976,-0.0359669811321,-0.0358306188925,-0.051289439562,-0.222042793702,0.0319567354966,0.0190045248869,0.0245098039216,-0.06,-0.225022048633,-0.117265390093,-0.00698549167114,-0.0275423728814,-0.0666666666667,-0.0207961972668,0,-0.0320781032078,-0.0886466474702,0.273552156384,-0.220779220779,0.00153374233129,-0.016204913748,0.0377819548872,0.0684438040346,-0.00758725341426,-0.0523255813953,0.076404494382,0.117016015521,-0.0514603616134,0.0749401982774,-0.0519043083337,-0.0203488372093,-0.04,-0.0545361875637,0.0193726937269,0.0454149853628,0.0820809248555,0.0435943060498,0.0554741498479,0.0408639953766,0,-0.0373931623932,0.0901185770751,-0.0151024811219,-0.0588776448942,0.0790762771169,-0.00807295382128,0.0400641025641,0.041495806151,-0.110371676704,-0.0244094488189,-0.0171037628278,0.00926585887384,-0.0113475177305,0.0802159244265,0.0575719649562,0.0605504587156,0.00670578373847,0.0582155311019,-0.0292562169461,0.0523156089194,0.0042194092827,0.0499029664541,0.00279427174293,0.079,0.136290322581,-0.0307076101469,0.0410076157001,0.0774698728272,0.0665744764915,0.0426569352019,0.0247813411079,-0.0998610733593,-0.00998185117967,0.0169270833333,0.054184893555,0.207013692903,0.209677419355,0.080487804878,0.0461193751167,0.0655526992288,-0.0433470251431,-0.05632328514
-0.154346034363,0.0672782874618,0.0363175675676,0.0369779802582,-0.0844144611659,-0.0433539780848,0.0364120781528,0.0311004784689,0.063829787234,-0.00796618436027,0.0309688393773,0.00865800865801,0.0196078431373,0.0714285714286,0.0618932038835,0.0541134603308,0.0698847262248,0.00835025953509,-0.120704146799,-0.233333333333,0.0811638591118,0.0743889479277,-0.0182032240536,0.0384356035064,0.0755351681957,-0.0027266530334,-0.0250521920668,-0.038092156796,0.00439882697947,-0.046151421547,0.00266449236324,0.0148367952522,0.0555555555556,0.0700808625337,0.0325791855204,-0.00707636418679,0.0833333333333,-0.134515971051,0.0245766374602,-0.0372238288028,0.0555555555556,-0.0749167591565,-0.0406091370558,-0.0328587075575,0.0733137829912,-0.068093385214,-0.0200769516595,0.0233050847458,0.0166886646831,0.0028052064632,0.0250201775626,0.0290023201856,0.021186440678,0.0236728837877,0.0041976912698,0.0295857988166,0.0276816608997,-0.0199833472107,0.039286489473,-0.0423669873652,0.039934800326,-0.0117647058824,0.311592289411,-0.0278648554511,0.0166821130677,0.00425833924769,0.568870523416,-0.0821609454136,-0.0114215029378,0.121874421189,0.0299411764706,0.128022759602,0.11169454277,0.006416131989,-0.00640204865557,0.0548854708421,0.0136393158692,0.0733333333333,0.0174943566591,-0.0707996192289,0.0934861278649,0.0197443320431,0.0173605867292
0.0371481051093,0.0189111747851,0.00244498777506,-0.0229186497767,-0.0107689401096,0.0244023904382,-0.000856898029135,-0.0133410672854,0.02,0.0406424123238,0.00909487953025,0.0155579399142,-0.0491452991453,0.011003236246,0.0371428571429,-0.00966471386489,0.0740740740741,0.0358102059087,0.0701108659335,0.176328502415,0.0205382436261,-0.0207715133531,0.0247209667005,0.0181818181818,-0.0133636622121,0.0936431989064,0.00910064239829,0.0255713501744,0.0343065693431,0.058258266197,0.0772391960967,0.00877192982456,-0.0789473684211,-0.000503778337531,0.0359333917616,0.0318228591029,0.0364891518738,-0.00096405742429,0.0146555966739,0.0593281430219,0.0723684210526,0.0263947210558,-0.00226757369615,-0.0486976217441,0.000910746812386,0.0480167014614,-0.00386525429948,0.0112930547713,-0.0072832090127,0.0243556749096,-0.00236220472441,0.0304396843292,0.0110650069156,0.0161177295025,-0.014580741478,0.0206896551724,0.00673400673401,-0.0237892948173,0.0359217771027,0.00242086788114,0.032131661442,0.0238095238095,-0.0394604388967,0.0519527051236,0.0145852324521,0.0600706713781,-0.116769095698,0.0147148988351,0.0583303789285,0.0696714545154,0.0222742589525,-0.00378310214376,-0.0555932817239,0.040072859745,-0.069587628866,0.0852827021924,0.0926099957283,0.0434782608696,-0.0077648363838,0.00105647330004,-0.0292333149476,-0.0150558213716,0.0523848442864
0.069285817551,0.0376827896513,0.0105691056911,0.114058752998,0.119938884645,0.0889645114244,0.0334476843911,0.0546737213404,-0.0199709513435,-0.0179527559055,0.0489598486761,0.0449022715267,0.0546816479401,0.0236875800256,0.0225895316804,0.0593563049363,0.0351097178683,0.0711610486891,0.195859247819,0.0780287474333,-0.00416377515614,0.0414141414141,0.0919974795211,0.0593112244898,0.0394812680115,-0.033125,0.0238726790451,0.103782785435,0.109386026817,-0.00260423172042,0.140908294353,0.139130434783,0.0857142857143,0.0927419354839,0.0583756345178,0.119487331019,0.0428163653663,0.0917997021125,0.0912681415037,0.0230010207554,0.0552147239264,0.0859146697838,0.0606060606061,0.0952380952381,-0.00727934485896,0.136786188579,0.0416881554066,0.0150753768844,0.0422244879865,0.0238129915526,0.0339384372534,0.0492341356674,0.0396716826265,0.106206896552,0.116301383699,-0.0399774774775,0.046265328874,0.0644038294169,0.0228089146292,0.0833786149852,-0.0212604403948,0.0564784053156,0.0479983232027,0.134196185286,0.00359389038634,-0.074,0.0944333996024,0.106948640483,0.0162173878774,0.140608118537,0.0777417732834,0.0348101265823,-0.0326286691274,0.0656742556918,0.0650969529086,0.15508409047,0.149464383455,0.125,-0.0217998882057,0.0803671367808,0.00113636363636,0.0465703737289,0.0125693625335
-0.0592699002873,-0.000542005420054,0.0498793242156,-0.0465491726086,0.174340609368,-0.0910714285714,-0.0788381742739,-0.0484949832776,0.0222304557243,0.119307248236,0.0175512324832,-0.0551061678463,-0.0440340909091,-0.0337711069418,0.0193965517241,-0.0439789254504,-0.0502725620836,0.146584185046,-0.0732376471245,0.047619047619,-0.00418118466899,-0.015518913676,-0.0918308465914,-0.0409391932571,-0.0288328250624,0.126050420168,-0.112435233161,-0.0947518218497,-0.0318066157761,-0.0321588909691,-0.0519991492982,-0.124681933842,0.0276315789474,-0.0332103321033,-0.0407673860911,-0.0716288891088,-0.0355839416058,-0.00176770102796,-0.0926570500055,-0.012705381494,-0.0872093023256,0.0301399354144,0,0.0402173913043,0.0696608615949,-0.152453271028,0.00266405761909,0.112211221122,-0.00263711958487,0.0688171278185,-0.087786259542,-0.116788321168,-0.0651315789474,-0.0667082294264,0.134449219634,-0.0439882697947,-0.0245071923282,-0.07931316435,-0.0936718840995,0.0172759696835,-0.0201706749418,-0.065251572327,0.3148,0.0144144144144,-0.0134288272158,-0.0964722822174,0.723887375114,-0.0725982532751,0.072860716294,0.0867388362652,-0.0316736217309,-0.022629969419,0.0857765811599,-0.0608052588332,0.0130039011704,-0.0256056231957,0.132036325295,0.0952380952381,0.0154285714286,0.011811023622,-0.0170261066969,-0.0417130833024,-0.07838534578
-0.215654923378,-0.0211496746204,-0.0210727969349,-0.0126287568788,-0.19444309986,-0.0392927308448,-0.0036036036036,-0.0380785002929,0.000362450163103,-0.538108882521,-0.00293607467091,-0.016051364366,-0.104754829123,0.0407766990291,0.00845665961945,-0.0489555489555,-0.192602040816,-0.523281726484,-0.0734284961018,-0.789090909091,-0.0447865640308,-0.00886699507389,0.0121630207861,-0.00313873195229,0.00884955752212,-0.268082663605,-0.0163455925277,-0.058778309465,0.00394218134034,-0.035737622193,-0.193145136163,-0.0290697674419,-0.18437900128,0.0677480916031,-0.00833333333333,-0.0474802757836,0.038789025544,-0.0886570554155,-0.168434177964,-0.00197637335489,-0.197452229299,0.0182863113898,-0.0585714285714,-0.0564263322884,0.0282776349614,-0.0806340454859,-0.242149566771,-0.0959446092977,-0.162099921104,-0.0811233487505,0.0460251046025,-0.0283353010626,-0.00351864883885,-0.0975283901136,-0.0384017226941,-0.130061349693,-0.0693610049153,-0.0230905861456,-0.088574309496,-0.0224608305029,0.0530482977039,-0.026913372582,-0.147094615151,-0.0334517465956,-0.002722323049,0.0856573705179,-0.359852476291,-0.0188346085933,-0.122640230623,-0.239447142323,-0.190717096282,0.0106382978723,-0.112757477105,0.0262467191601,-0.0243902439024,-0.132380093606,-0.11426253643,-0.164251207729,-0.0393922341024,-0.143120447032,-0.0814087759815,-0.0870898992508,-0.112872148943
0.0798460798461,0.0404432132964,-0.00743639921722,-0.0055019649875,0.00372551376037,0.038854805726,0.0262206148282,0.0487210718636,0.0677536231884,0.0031017369727,0.0158269317668,0.0146818923328,-0.0946058091286,0.00310945273632,-0.0183438155136,0.0109127500477,0.00552922590837,0.00799606347644,0.112156218752,0.25,-0.0131868131868,-0.000994035785288,0.0180252892117,0.0415617128463,0.0203735144312,-0.0549019607843,0.00652818991098,0.0692949370922,0.0687172774869,0.0592296389729,0.126061972875,0.0359281437126,-0.0659340659341,-0.0268096514745,0.0126050420168,-0.0124617565853,-0.0209471766849,-0.0661499144613,-0.358854895841,0.0515774787344,-0.047619047619,-0.0107747562853,-0.00531107738998,0,-0.08,0.0217391304348,-0.0772548167913,0.0018234865062,-0.061687237562,0.133767879775,0.0776,0.269744835966,-0.0303672316384,-0.0259067357513,0.0191175250892,0.0225669957687,-0.00704225352113,-0.0336363636364,-0.0237640729734,0.0257789733244,-0.0744360902256,0.00777873811582,-0.204744069913,-0.0664624808576,-0.0718835304823,0.165137614679,-0.140740740741,0.0845830833833,0.0772304966731,-0.185166994106,-0.106634914335,0.0247678018576,0.0525016288879,0.0119352088662,-0.0815789473684,0.0909135900228,-0.221268656716,-0.0982658959538,-0.0908025776216,-0.135784765612,-0.00942803268385,-0.0326129249054,0.0707928465882
-0.0258776116237,0.00692225772098,-0.0299684542587,-0.0563299324616,-0.20779454023,-0.0457677165354,-0.0264317180617,-0.0360046457607,-0.0858500169664,0.352813852814,-0.0318835422204,-0.0192926045016,-0.0485792850596,-0.0681959082455,-0.0117458622531,-0.0177455893458,-0.00628436763551,0.0698071759824,-0.0301967062126,0.406896551724,-0.0334075723831,0.00497512437811,-0.03911205074,-0.0586457073761,-0.0366056572379,0.0207468879668,0.135023584906,-0.0728029522829,-0.0195958358849,-0.0791955661124,0.0440198082278,0.00578034682081,-0.018487394958,-0.0532598714417,-0.0248962655602,0.013412422548,-0.0455813953488,-0.0510460251046,-0.197515691001,-0.0683928953563,-0.116666666667,0.0129668049793,0.0389016018307,0.00332225913621,0.0163043478261,-0.0902421129861,-0.0258733734575,-0.0731707317073,-0.0499850831277,-0.0465361397681,-0.0170749814402,-0.0325358851675,-0.0225782957028,-0.0585106382979,-0.0298270600203,-0.0110344827586,-0.0691489361702,0.0536218250235,0.0298643438844,-0.033326048951,0.0601137286759,-0.0754716981132,0.0257905359946,0.0554461942257,0.0186274509804,-0.0292913385827,0.109195402299,-0.0995575221239,-0.0187122313165,0.105083383564,-0.0760088855979,-0.0205438066465,-0.0802652156914,-0.0884582982308,0.0200573065903,-0.123531279771,0.0403362808729,0,-0.0199742268041,-0.0802386219975,-0.0463197969543,-0.00738601045742,-0.107284406052
0.0540664126293,-0.000528820729773,0.00284552845528,0.0729404598751,0.212876898662,0.055183084064,0.0552036199095,0.0144578313253,-0.039717891611,0.139657142857,0.0123486571553,0.00327868852459,0.0462427745665,-0.0658682634731,-0.0356564019449,0.0416360904358,0.183399209486,0.224503764545,0.195519778099,0.21568627451,0.0284178187404,0.0039603960396,0.0929287373182,0.0398201669878,0.0541162924583,0.314634146341,-0.027012987013,0.18896304044,-0.0618363522798,0.0430137853232,0.0771141010143,0.0948275862069,0.0958904109589,0.00775945683802,0.0459574468085,0.00156582037803,0.0672514619883,0.040612040612,0.337576018914,0.0278403087242,0.169811320755,0.0465949820789,0.0660792951542,0.181015452539,0.0909090909091,0.211290322581,0.123448906684,0.238609583661,0.185080507023,0.0302827281254,-0.00755287009063,0.114737883284,0.032041728763,0.124293785311,0.242345440819,0.112970711297,0.0742857142857,0.05,0.247046766276,-0.00508646998983,0.0130268199234,0.0621521335807,0.279623961522,0.0624805719615,-0.00481231953802,-0.0139519792343,0.310880829016,0.213144963145,0.0402525651144,0.147272727273,0.176743999679,0.0363972856262,0.0739146607152,0.0554528650647,0.105337078652,0.14751552795,0.266507557677,0.153846153846,0.176199868508,0.169408530561,0.0811709913506,0.0985007551479,0.0142430267661
-0.0449925632127,-0.0465608465608,-0.020672882043,-0.03888731195,-0.00286604361371,-0.0322580645161,-0.0660377358491,0.0130641330166,-0.0100502512563,-0.438828720417,0.0358603108322,-0.0588235294118,-0.0939226519337,0.0149572649573,-0.00840336134454,-0.0316688192965,-0.211756847027,-0.164337618781,0.00260383829723,-0.177419354839,0.00597460791636,0.00591715976331,-0.0801062491262,-0.00308832612724,-0.0346805024577,-0.215213358071,-0.0112119594234,-0.104505963317,0.0279627163782,-0.0562901896125,-0.128072508143,0.00787401574803,-0.3078125,-0.00577478344562,-0.0252237591538,0.0139959054532,0.0164383561644,-0.0115890247813,-0.0347614389257,0.0138112903947,-0.112903225806,0.0724070450098,-0.0358126721763,-0.0289719626168,-0.0285947712418,-0.143142476698,-0.135615091557,-0.171872522594,-0.101298451013,-0.0196059305501,-0.00152207001522,-0.0807453416149,-0.0137184115523,0.00430725053841,-0.0996623902768,-0.0031328320802,-0.0384160756501,-0.031462585034,-0.0869933820667,-0.00852079072938,-0.0128593040847,-0.0454148471616,-0.137365453614,0.021357519017,-0.00870406189555,0.0704179006252,-0.125164690382,-0.0769620253165,-0.00172352423238,-0.0961965134707,-0.10514846091,-0.0428571428571,-0.0234372422893,-0.0201401050788,0.0406607369759,-0.0314388813712,-0.0403993652473,-0.122222222222,-0.0217998882057,-0.10391184573,-0.0153846153846,-0.0519767948761,-0.0274073049113
-0.10603504218,-0.0460599334073,-0.0745033112583,-0.0450383933845,-0.213071732067,-0.0838383838384,-0.0560146923783,-0.0867526377491,-0.065599375244,0.00714796283059,-0.0360465625776,-0.0277777777778,-0.0853658536585,-0.0505263157895,-0.0491525423729,-0.0241473089782,-0.021186440678,0.0163879598662,-0.0529853796573,0.0392156862745,-0.0452858203415,-0.123039215686,-0.0802127659574,-0.107187112763,-0.045261669024,-0.096926713948,-0.0275377969762,-0.0680703828633,0.0103626943005,-0.162002935216,-0.151375248328,-0.109375,-0.17381489842,-0.00677637947725,-0.0617696160267,-0.147902059396,-0.0530098831986,-0.0837890443971,-0.131810800539,-0.0826205801957,-0.145454545455,-0.0538321167883,-0.112142857143,-0.0404234841193,-0.0815811606392,-0.199689199689,-0.176174735196,-0.207735018189,-0.106604835683,-0.0125029018671,-0.0442073170732,-0.0637065637066,-0.0168374816984,-0.0757684060043,-0.0698590070496,-0.132620993086,-0.113091579594,-0.044776119403,-0.0683917793422,-0.0458347656698,-0.0352490421456,-0.0539798719122,-0.0778371954843,-0.0484101976511,0.0146341463415,0.0273593605902,-0.0715361445783,-0.0872188699945,-0.129909734081,-0.18043135192,-0.184627092846,-0.0186567164179,-0.0599571011164,-0.0330652368186,-0.111111111111,-0.18092488241,-0.194825329015,-0.0886075949367,-0.0411428571429,-0.12141334645,0.0025,-0.178875879877,-0.0146796612546
-0.158681765389,0.00930773705643,-0.0778175313059,-0.0427555280656,-0.0427187549627,-0.0678059536935,-0.0622568093385,-0.096919127086,-0.0639364814041,-0.130234208659,-0.0222124577645,-0.0428571428571,-0.0444444444444,-0.0133037694013,-0.0427807486631,-0.0470932812639,-0.0839826839827,-0.111440166722,-0.0773444710788,0.0660377358491,0,-0.0978200111794,0.0174482006543,-0.00832755031228,-0.0462222222222,-0.0663176265271,0.0210993892282,-0.100869419206,-0.0852564102564,0.0404306599171,-0.112631474826,0.093567251462,-0.00819672131148,-0.0224171539961,-0.029359430605,0.00271411338963,-0.00664136622391,-0.0419322205362,-0.0685821925077,-0.0476499423299,-0.0212765957447,-0.0525554484089,-0.0450522928399,-0.00100300902708,0.03663003663,-0.112621359223,-0.0268579441268,-0.114064765587,-0.00558072549431,0.00083960236432,0.0422647527911,0.0309278350515,-0.0416976917349,0.0781129156999,0.172142713163,-0.00869565217391,-0.026334026334,0.0137867647059,-0.0551967534911,0.00720547616188,-0.011914217633,-0.0681818181818,0.232388316151,-0.0123419626731,-0.0336538461538,-0.0769000598444,0.107866991079,0.0510817307692,-0.00153134402398,0.0432178005991,0.0780287474333,0.0304182509506,0.107655545375,-0.0480591497227,-0.0494505494505,0,0.092764537247,-0.0138888888889,-0.0107270560191,0.0139964542316,-0.0149625935162,-0.0106401309555,0.0796360566551
-0.125309174576,-0.0109510086455,-0.0237633365664,-0.0508844196753,-0.0899137358991,0.0366646954465,-0.0446058091286,0.0490405117271,-0.00758928571429,-0.115463076295,-0.0708087335162,-0.0609452736318,-0.163953488372,-0.0606741573034,-0.0254500310366,-0.0552699228792,-0.217391304348,-0.299839525984,0.0647998215198,-0.159292035398,-0.0435458786936,-0.0105328376704,-0.0383903342103,0.074177746676,-0.0487729108419,-0.338317757009,-0.0505709624796,0.132499870312,-0.0560616678346,-0.0319100331044,0.277691078661,-0.0320855614973,-0.366391184573,-0.036889332004,-0.0311640696609,-0.0726530612245,-0.080229226361,-0.100311493585,-0.156777850571,-0.0556354553024,-0.239130434783,-0.0834605597964,-0.00589721988206,-0.0471887550201,-0.0194346289753,0.0902625820569,-0.237330968743,-0.156301145663,-0.0910599523278,-0.0328848025234,-0.0328997704667,-0.045,0.000777000777001,-0.0552367288379,-0.043920894239,0.0519005847953,0.0391459074733,-0.0199456029012,-0.0241135057162,0.00894241087397,-0.0683279742765,-0.0373637778931,-0.0172533983967,-0.0243828101189,-0.0537313432836,0.111507293355,-0.0417276720351,0.148084619783,0.124909544536,-0.214520098441,-0.0606060606061,0.059655596556,-0.0928776499976,-0.0572815533981,-0.0260115606936,0.0252444848761,0.0570891577587,-0.0704225352113,0.0873493975904,-0.138584705991,0,-0.124265250142,0.0764210896241
0.26646499852,-0.00699300699301,0.053651266766,0.0509743851587,0.213087860007,0.0473474044495,0.0738327904452,0.0691056910569,0.103463787674,0.0797970479705,0.0639764189882,0.0496688741722,0.115438108484,0.0542264752791,0.0458598726115,0.0310164645568,0.350241545894,0.480430183357,0.173093170221,0.2,0.0593495934959,0.0814026299311,0.0747120613368,0.0208469055375,0.0996080992815,0.119209039548,0.0693012600229,0.150298655136,0.0452858203415,0.180217924091,0.134660404519,0.154696132597,0.317391304348,0.0672877846791,0.0264900662252,0.170218680504,0.0134994807892,0.211489936037,0.456001080972,0.0836272309501,0.0857142857143,0.0699611327041,0.133050847458,0.0937829293994,0.0711711711712,0.157049673859,0.161928845483,0.234076947947,0.213278008299,-0.00520453835745,0.0917721518987,0.142408376963,0.0799689440994,0.184510250569,0.0248579034463,0.0611535788742,0.0821917808219,0.0185013876041,0.136739691575,0.0254077050343,0.0966350301984,0.0619946091644,0.066855825501,0.0727897532021,0.0830704521556,-0.0390784485273,0.101604278075,0.0388446215139,0.107275904447,0.202610966057,0.125576036866,0.087637840975,0.0555565489495,0.0257466529351,0.0919881305638,0.139307897072,0.149609215839,0.227272727273,0.00221606648199,0.256863582951,0.0525316455696,0.183264555263,0.037138776158
0.0845860269491,-0.0674882629108,-0.041489863272,-0.00251012145749,0.236288504884,0.0364923747277,0.041456016178,-0.00950570342205,-0.0725642070934,0.303289192653,-0.0409797844035,-0.0504731861199,0.0324189526185,-0.0582450832073,-0.0359317904994,-0.0687729498164,0.245974955277,0.336667857568,0.0909054244807,0.0964912280702,-0.0414428242517,-0.0324261725536,-0.0797636632201,0.0204211869815,-0.033561033561,0.33266027259,-0.019282271023,0.118777974228,-0.0262784090909,0.0847259053472,0.0893072250557,-0.0334928229665,0.481848184818,-0.0232783705141,0.0599078341014,-0.013223533138,-0.00409836065574,0.162315330589,0.117279940606,-0.022806844519,0.105263157895,-0.0482615464453,0.0403889304413,0.0645472061657,0.0790580319596,0.18473547268,0.151969981238,0.34975111344,0.0341997264022,-0.0262983502494,0.0144927536232,-0.006416131989,-0.0179726815241,0.0320512820513,0.0653936607112,0.0347085789129,-0.00316455696203,-0.0236148955495,0.0879281901989,-0.0432177019707,0.00865460267506,0.00862944162437,-0.0270944148936,0.114735002912,-0.0349514563107,0.106828528073,0.0922330097087,0.0757430488974,-0.042341209625,0.0512375162831,0.0900716479017,0.00693703308431,0.0142803902968,0.0291164658635,-0.0801630434783,0.104848130841,0.174635906689,0,-0.0364842454395,0.144957715354,-0.0378833433554,0.0131938316736,0.0275596851071
-0.113105924596,-0.0188797986155,0.0226266601082,-0.0315772384122,-0.0624126405348,-0.0341565948502,-0.0325242718447,-0.0403071017274,0.0338461538462,0.0537528679122,0.00559366840864,0.00996677740864,-0.124396135266,0.0208835341365,-0.0315855969678,-0.0489402776637,-0.118449389806,0.227102637206,0.019636321385,-0.068,-0.0104083266613,-0.0478755236385,0.0145828352857,-0.0631644777986,-0.0301167793485,-0.232954545455,-0.0879300928454,-0.134699165694,-0.0576221735959,-0.0488620415344,-0.13915979436,0.0049504950495,-0.086859688196,-0.0283018867925,-0.0747826086957,-0.0645161290323,-0.0905349794239,0.0383813968995,-0.0140685673941,-0.0873262180506,-0.0714285714286,-0.0796074154853,0.0122214234364,-0.0425339366516,-0.0218238503507,-0.208638360176,-0.117806731813,-0.107142857143,-0.0542328042328,-0.00992226958484,-0.0214285714286,-0.0129151291513,-0.0431918008785,-0.0552795031056,-0.0841460200316,-0.0651898734177,-0.0374603174603,-0.0186046511628,-0.0959138710742,-0.00608287159721,-0.0413416536661,-0.0664318067438,-0.0476678626345,0.00835945663532,-0.010060362173,0.0142582944886,-0.0120634920635,-0.147058823529,-0.0338548740515,-0.0974803800083,-0.0948356807512,-0.0551139374669,-0.051891440501,-0.069756097561,-0.0457902511078,-0.0576702793198,-0.0983925828396,-0.0246913580247,-0.0223752151463,-0.0969490015589,0.025,-0.0307303114503,-0.0607473971297
0.216599190283,-0.00256574727389,-0.004329004329,0.0811399832355,0.402579725175,-0.0136017410229,0.0878073256397,-0.00733333333333,0.00977891156463,0.229860031104,0.00913412701637,0.0394736842105,0.147586206897,0.0267505900865,-0.0123939986954,0.0203848064091,0.184039087948,0.157627241705,-0.0552001698945,0.278969957082,0.0614886731392,0.0477686989315,0.0769826309412,0.160213618158,0.0361216730038,0.175308641975,0.0251497005988,0.0621123122234,0.0170278637771,0.00910487950824,0.203009265586,0.113300492611,0.243902439024,0.00459887583035,0.0244360902256,0.165637330588,0.0497737556561,0.116446602721,0.168820227677,-0.0262081167754,0.435897435897,-0.00473933649289,0.151278409091,0.173913043478,0.158565737052,0.236817761332,0.224615384615,0.266304347826,0.186013986014,0.139109985528,0.0700729927007,0.258878504673,0.0107115531752,0.128205128205,0.231203683718,0.137440758294,0.110817941953,0.0398104265403,0.125732551945,0.0382354723384,0.0390561432059,0.0630727762803,0.388231072838,0.120984455959,0.0416666666667,-0.136253041363,0.805269922879,0.109717868339,0.0486209384928,0.455606407323,0.170124481328,0.0594503645541,-0.0523886696731,0.0802307288936,0.0340557275542,0.102669596522,0.390885028446,0.386075949367,0.210093896714,0.139539662968,0.00914634146341,0.110559644018,0.0880455679596
0.0515806988353,0.0096463022508,-0.0202898550725,-0.0238021398666,-0.0208419982439,-0.0159955874242,-0.0267527675277,-0.0503693754197,-0.0252631578947,-0.00252908447142,-0.000394591678142,-0.0221518987342,-0.0264423076923,-0.00229885057471,-0.0244385733157,-0.00285696146276,-0.0660247592847,0.028349222278,0.0692912436131,-0.0268456375839,-0.0419207317073,-0.00899820035993,0.0267229254571,-0.0391254315305,0.0137614678899,-0.0168067226891,-0.00525700934579,0.0166067666377,0.0258751902588,0.0272096925264,0.0270819843461,-0.00442477876106,-0.043137254902,-0.0325534079349,-0.0376146788991,-0.0053719920524,-0.0150862068966,-0.0413933173967,-0.0306333903955,0.0444299341358,0.0178571428571,0.127380952381,0.0117211597779,0.0217391304348,-0.0378266850069,0.0441286462229,0.134673366834,0.0915021459227,0.0595518867925,-0.0175639193267,-0.0620736698499,-0.0200445434298,-0.0378501135503,0.027972027972,0.00303871439007,0.00654761904762,-0.0142517814727,-0.024612579763,0.0750468878723,-0.0256799346329,-0.0289741581832,0.0121703853955,0.288058929956,0.022186272244,-0.0243902439024,-0.00532081377152,0.276966892132,0.0489642184557,-0.0329517119339,0.0848923125295,0.0700354609929,-0.00794070937004,0.0783916421906,-0.00291262135922,0.0059880239521,0.00716557133771,-0.037075923617,-0.013698630137,-0.011639185257,0.10441839495,-0.0344410876133,-0.000847588226229,-0.00857329139948
-0.0316455696203,0.00127388535032,0.0192307692308,0.0378842030021,-0.012507079479,-0.00168161434978,-0.00947867298578,0.001414427157,0.0155507559395,0.314401622718,0.0236203979699,0.0148867313916,0.102469135802,-0.00537634408602,0.0324983073798,0.0171696591536,0.120765832106,0.177482312759,-0.0372687048497,0.120689655172,0.0405727923628,0.0345036319613,0.00152207001522,-0.0155688622754,0.00180995475113,0.17094017094,0.0229007633588,-0.0461645129831,0.00222551928783,-0.0392479713463,-0.0441197615387,0.00666666666667,0.00614754098361,0.0504731861199,0.0247855100095,0.0200873039361,0.0656455142232,0.139910751116,0.113384143508,-0.0113892739678,0.105263157895,-0.0348468848997,-0.00914634146341,-0.0212765957447,-0.0343102215868,-0.0752148997135,-0.106288751107,-0.0553633217993,-0.0673344462994,0.02030259925,-0.0225454545455,0.00454545454545,0.0102281667978,0.00170068027211,-0.102420693874,-0.0348905972797,0.00421686746988,-0.092523364486,-0.0340928545225,0.00359410566671,-0.0120967741935,-0.0230460921844,-0.0229758202067,-0.0617228125707,-0.034,-0.0371302706104,-0.0423752439364,-0.0457809694794,0.057862925585,-0.0220257933633,-0.0753935376968,-0.0266808964781,-0.0145317267415,-0.0175267770204,-0.00595238095238,-0.00446240633157,0.163849893235,0.0740740740741,-0.0368007850834,-0.0494448073155,0.0362953692115,-0.00347034780597,0.0834019937126
0.016339869281,0.00826972010178,0.0285437832608,-0.0161463116009,-0.0535774028581,0.0853453116227,0.0277511961722,0.079802259887,0.0561463207146,-0.0381944444444,0.0296154633171,0.00127551020408,0.0223964165733,0.0015444015444,-0.000655737704918,0.0469046675152,-0.0295663600526,0.120843261162,0.18169714657,0.0553846153846,0.0863914373089,0.0421299005266,0.0336170212766,0.0742092457421,0.0662451068955,0.0474452554745,0.0275545350172,0.0349950874278,0.0518134715026,0.0667836512857,0.00742849208553,0.0286975717439,0.0590631364562,0.016016016016,0.0260465116279,-0.00844968268359,-0.0184804928131,0.074231857359,-0.0208616817905,0.0115204839153,0.00793650793651,0.0191466083151,0.113846153846,0.0861513687601,0.159881569208,0.100697134005,0.0445986124876,0.0401265401265,0.0149164677804,0.0198986058302,0.0349702380952,0.188536953243,0.0482866043614,0.0226372382569,0.0624736312595,-0.046568627451,0.0773845230954,0.086508753862,0.0285694994219,0.10445266802,0.0710204081633,0.04,0.0202300266995,0.137590361446,0.0434782608696,0.110784313725,-0.044250363901,0.0413922859831,0.0442405975626,0.0250407467773,0.0958781362007,0.103070175439,0.0465820039183,0.0436075322101,-0.0179640718563,0,0.057694935103,0.00862068965517,0.0269994905756,-0.00913900913901,-0.00905797101449,0.0243383377186,-0.0216598382102
0.0332261521972,0.013880126183,-0.030103480715,0.00202224469161,0.0133824866175,0.00517330574237,0.0661080074488,0.0150425114454,-0.0636327023762,0.0904532691536,-0.0179285304796,0.0382165605096,0.00766703176342,0.0223592906708,-0.00131233595801,0.0161434977578,0.0724441435342,0.191043948426,0.0610567303012,0.282798833819,-0.00211118930331,-0.0623245367771,-0.0406692936541,0.0600226500566,-0.0384072295962,0.0722996515679,0.091061452514,0.031658562939,0.0119634060521,0.10199758063,0.116382973836,0.0150214592275,0.0826923076923,-0.00689655172414,0.00181323662738,0.061114768488,-0.0502092050209,0.0521827006998,0.0417682666894,0.0766805295061,0.0236220472441,0.00912506709608,0.024861878453,0.00815418828762,0.0421186981493,0.0443349753695,0.0398481973435,0.093324795902,-0.00999412110523,-0.0475953771592,0.00934579439252,0.0228426395939,0.0156017830609,0.0138350857775,-0.0313091819903,0.055912596401,0.0350779510022,0.0132701421801,-0.0130715200053,0.0205361003026,0.0121951219512,-0.00295857988166,-0.0726723704076,0.0222410506249,-0.014880952381,-0.0170638423066,0.0231495583308,0.116531165312,0.0262279446829,0.160884648742,0.0163532297629,0.044731610338,-0.0393274389531,0,0.0731707317073,0.199086603518,0.0298019966415,0.0213675213675,-0.015873015873,-0.0372399445215,0.0225472273004,0.0602878404412,-0.00362914568484
0.199170124481,0.0472930927194,-0.00775945683802,-0.0481254366219,0.179199681068,0.0591868244982,0.0576419213974,0.0090206185567,0.0877419354839,-0.0713628839434,0.00570519032219,0.059509202454,0.0163043478261,0.107843137255,0.0722733245729,0.0282043738354,0.142676767677,0.0286346176231,0.0561374447842,0.0477272727273,0.0437235543018,0.0239520958084,0.0169512307268,0.028311965812,-0.0014684287812,0.137286758733,-0.0240655401946,0.0564815368963,0.00695410292072,-0.0857499636997,0.132069259972,-0.105708245243,0.207815275311,0.0724206349206,0.0108597285068,-0.0250922000483,0.0627753303965,-0.0522723634617,0.128481287186,-0.0829083564756,0.0538461538462,-0.0154255319149,-0.044204851752,-0.0323529411765,-0.0771586037967,0.0795148247978,0.0036496350365,0.0307467057101,0.0243467933492,-0.0729710334029,-0.00213675213675,-0.0632754342432,0.0219458668617,-0.00764192139738,-0.00990130230505,0.138161898965,-0.0618612157074,-0.0514499532273,0.00993556433174,0.0121796229612,0.0210843373494,0.0633036597428,0.0391837620753,0.0714877745545,-0.0493454179255,0.130200538761,0.101518309021,0.00323624595469,0.0201444596622,0.126136222139,0.0522928399035,0.0485252140818,-0.0278019416124,0.0474833808167,-0.0852272727273,-0.0487022146988,0.0727520338315,-0.167364016736,-0.108366935484,0.0165310091479,0.0131108462455,-0.0544729060529,0.0987510189475
-0.0389273356401,0.0225787284611,0.0332355816227,0.0651553453478,0,-0.00242954324587,0.0338563170933,0.044061302682,0.0197706603401,-0.0130718954248,0.0245835348747,0.011580775912,-0.0705882352941,0.0435670524166,-0.00428921568627,0.0265913816455,0.00165745856354,-0.0217645505639,-0.119268711518,-0.104121475054,0.027027027027,0.0438596491228,0.0810827103931,-0.0145454545455,0.0582352941176,-0.0685714285714,-0.00891920251836,-0.0547860814887,0.0414364640884,0.008944737026,0.0625068159511,0.0851063829787,-0.0970588235294,-0.0444033302498,0.0170098478066,0.0484709209829,-0.00725388601036,-0.0388944337812,-0.119655082386,0.193580355668,-0.0948905109489,-0.022150189087,0.0400451212634,0.0311550151976,0.0338420703384,-0.0711610486891,-0.111818181818,-0.00994318181818,-0.0736231884058,0.048629438052,-0.00356887937188,0.0629139072848,0.032927702219,-0.02200220022,-0.0106691295901,-0.0385026737968,0.00573394495413,0.0335305719921,-0.00492302626163,-0.00889400439468,0.0213864306785,0.0204651162791,0.0273657823271,0.0326822664862,0.0572033898305,0.0402542372881,-0.101351351351,-0.0572580645161,0.0163343588924,-0.0653471915082,-0.113914373089,-0.0290381125227,0.0254294917681,0.0235720761559,0,-0.0834105653383,-0.061888217018,0.0452261306533,0,-0.0805668733392,-0.0388235294118,0.0330444611907,0.0968437250515
-0.034203420342,-0.0348634514817,-0.00520340586566,-0.0937069361507,0.0559100705743,-0.02435460302,-0.00718849840256,0,0.0170608763086,-0.0832831627534,-0.00295341758001,-0.022896393818,0.00230149597238,-0.0287018917156,-0.0104615384615,-0.0141962576881,-0.0220628792057,0.0213619187167,0.0445114155251,-0.00968523002421,-0.0177631578947,-0.03081232493,0.0119054257514,-0.0553505535055,-0.0247359644247,0.0406441717791,-0.0492323980942,-0.00698205790913,-0.053050397878,-0.00860098602812,-0.0494123885933,-0.037037037037,0.0179153094463,-0.0242013552759,0.0237676056338,-0.0512881035878,0.0146137787056,0.00587934560327,0.00329519149182,-0.012708150745,-0.0725806451613,-0.00662983425414,-0.0238611713666,-0.162122328666,-0.0648267008986,0.0920698924731,0.0163766632549,0.00286944045911,-0.00625782227785,0.033723700547,-0.0630372492837,-0.0772585669782,-0.022869022869,-0.0809898762655,0.00202807107906,-0.0639599555061,-0.0347776510832,0.0104961832061,-0.00576643060428,-0.0226984797297,-0.0960288808664,-0.02096627165,0.0899755998373,-0.0209737827715,-0.0380761523046,0.0789205702648,-0.015037593985,0.0119760479042,-0.000283065600453,0.00603336093695,0.00776531492666,-0.0196261682243,-0.0123907087136,-0.00265721877768,0.0124223602484,-0.0182002022245,0.00491444240665,-0.0576923076923,-0.00791407574901,-0.0543717005125,0.00489596083231,-0.00820658715396,0.017153272148
0.0288909599254,0.0228777844672,-0.0104612458393,0.0190065889508,0.0145681581686,0.0479281078382,0.0241351568785,0.0483180428135,-0.0179184140297,0.0569176882662,-0.00555311444113,-0.01230228471,0.0539609644087,-0.012760241773,-0.00559701492537,0.0228827775998,0.0129723632262,0.102876774388,0.0769230769231,-0.0171149144254,-0.0234427327528,-0.0115606936416,-0.0332571019205,0.0697544642857,0.0239384440011,0.0530582166544,0.00278396436526,0.0928307922114,-0.0616246498599,-0.0476904219037,0.0462042344134,-0.0294117647059,0.0432,0,0.00257953568358,0.00988093122445,-0.022633744856,0.0658354510801,-0.126439990475,-0.0319340294812,0.391304347826,0.0166852057842,0.0211111111111,0.00351802990325,0.0329444063143,0.175384615385,0.0191339375629,0.126466380544,-0.000629722921914,0.0318119846783,0.012996941896,0.067521944632,0.0347517730496,0.0214198286414,0.026889838404,0.0546642899584,0.0549320732428,-0.0198300283286,0.0662866652798,0.0108026358431,-0.0127795527157,0.0111731843575,0.0581102509094,0.0445677123183,0.0166666666667,0.0254837187353,0.0534351145038,0.125950972105,0.0159898696743,0.0277516462841,0.0479452054795,0.0266920877026,-0.0149140322666,0.01243339254,0.0383435582822,0.0298661174047,-0.0396371174938,0.147959183673,-0.0125356125356,0.139364303178,-0.00974421437272,0.0661223889379,-0.0387280311926
-0.0516304347826,-0.00706297822248,-0.00624699663623,-0.0390450136782,0.025641025641,0.000952834683182,0.012568735271,-0.00700116686114,-0.0166925465839,-0.157415078708,0.00781624957148,-0.000593119810202,0.00108932461874,0.021768707483,0.00687929956223,-0.0853373136529,-0.00668151447661,-0.102762468764,-0.0191114863768,-0.121890547264,0.00891632373114,0.000584795321637,-0.00572878071025,-0.102764736568,0.00612301697746,-0.00839748075577,0.0199888950583,-0.0379682171506,-0.00223880597015,-0.0193472229632,-0.0299728223476,0.004662004662,-0.0337423312883,-0.0570436507937,-0.0137221269297,0.0120719389012,-0.0294736842105,0.0583414052604,0.0178588213178,0.0404198841699,-0.0625,0.0448577680525,0.0647442872688,-0.00525854513585,0.0132890365449,-0.0732984293194,-0.0360671936759,-0.0369570739141,-0.0308758664146,-0.0521613288869,-0.0384905660377,-0.0208728652751,0.00205620287868,-0.0233672857999,0.030127643599,-0.0416901408451,-0.00391937290034,-0.0154142581888,-0.0652718489789,-0.0256492465534,0.0533980582524,-0.0267034990792,0.0144569816643,-0.00439479948727,0.0184426229508,-0.0041417395306,0.108695652174,-0.0345345345345,0.0302532978262,-0.0521739130435,-0.0277777777778,0.00557103064067,-0.0151218899672,-0.0105263157895,0.0649926144756,-0.088,-0.039667896679,0.0311111111111,-0.0478938257357,0.0371959942775,0.00553505535055,-0.0814073818558,0.0236411677167
0.0124164278892,-0.0254890337878,0.0609284332689,-0.0018115942029,0.0317307692308,-0.0399809614469,-0.0473235065943,-0.0546415981199,0.0461902881958,0.0934119960669,0.0136706200724,-0.00178041543027,0.0326441784548,-0.0246338215712,-0.0173913043478,-0.0452897090821,-0.0571748878924,-0.0176261874785,-0.00855005048917,0.0736543909348,-0.0217539089055,-0.0619520748101,-0.0230471549377,-0.0255813953488,-0.0149377593361,-0.0508115737474,-0.0549809471965,-0.0347809239513,-0.039640987285,0.0279578082602,-0.0731644604431,0.0046403712297,-0.0206349206349,-0.0368227248816,-0.0260869565217,-0.0260815134233,-0.0303687635575,-0.0635454801464,0.0230861575399,-0.00408210599559,-0.0466666666667,-0.0324607329843,-0.056208482371,0.0229074889868,-0.023606557377,-0.0435028248588,0.00512557662737,-0.0199129632072,0.0195058517555,-0.0725570897504,-0.0549450549451,-0.0277777777778,-0.00683994528044,-0.0938650306748,-0.0540286087405,0.010582010582,-0.043844856661,-0.03228962818,-0.00415772644164,-0.0186464845892,0.00844854070661,0.0104068117313,-0.0541362530414,-0.0237263196616,-0.0211267605634,-0.0600739371534,-0.0849673202614,-0.0155520995334,-0.00102191097352,0.0835345243844,0.0588235294118,-0.0544783010157,-0.0274843362961,0.0292553191489,0.0263522884882,-0.0164473684211,0.0124879923151,-0.0474137931034,-0.0872727272727,0.0115517241379,-0.0122324159021,-0.0253098009763,0.00125731510809
-0.0339622641509,0.0340632603406,-0.00182315405652,0.0496067755596,-0.128611369991,-0.0520575111552,0.0228013029316,-0.0410192666252,0.00792452830189,0.0157374100719,0.0098397085746,0.038644470868,0.0558482613277,0.00682593856655,0.01201011378,0.0445893475141,-0.0273483947681,-0.0528952580683,-0.159118420503,-0.0511873350923,0.0312717164698,0.0105919003115,0.00736480737068,-0.049522673031,0.00112327997753,-0.02156133829,-0.00691244239631,-0.0679200957543,0.0607476635514,-0.0495851912619,0.0306978523939,0.013856812933,-0.0178282009724,-0.0109229929001,0.0258928571429,0.0550953367136,0.0346756152125,-0.0602492970665,-0.0622709630833,-0.0415938890053,-0.013986013986,-0.0275974025974,-0.0671358960476,0.0120585701981,-0.0416386836803,0.00295333727112,-0.0453850076492,-0.0123789020452,-0.015306122449,-0.0404767017393,-0.00415282392027,-0.0179401993355,-0.00826446280992,0.08192281652,-0.0336137151663,-0.0337405468296,-0.0446796002352,-0.0182002022245,-0.0943250697943,0.0184419358444,-0.044173648134,-0.0589887640449,-0.0768029398254,-0.059155990957,-0.0133607399794,-0.0540806293019,-0.0642857142857,-0.123222748815,-0.0983617655023,-0.0826648841355,-0.0269841269841,-0.005859375,0.032418765802,-0.046511627907,0.0364864864865,-0.103678929766,-0.102941176471,0.0135746606335,0.035192563081,-0.0709050622124,-0.00990712074303,-0.0311681306827,-0.0732949610537
-0.00146484375,-0.00705882352941,-0.0251141552511,-0.00757513379992,0.0160427807487,0.00993723849372,0.000796178343949,0.00194426441996,0.010108573568,0.0398406374502,0.0166003293482,0.016599885518,0.0219560878244,-0.0122033898305,-0.0199875078076,0.00545443526393,0.0336185819071,0.0592938860868,0.0687515512534,0.0845383759733,0.0269541778976,0.0277435265105,-0.00436910171269,0.0295040803515,0.00420757363254,0.0379939209726,0.0556844547564,0.019333998006,0.00954478707783,-0.035479851593,0,0.0820045558087,-0.0569306930693,0.00717835450028,-0.00435161009574,0.060915767031,-0.0194594594595,0.03168,0.0837319883339,0.0374942288533,-0.0141843971631,0.00612131329994,0.0301799187464,0.0536170212766,0.0406447091801,0.067726737338,0.0042735042735,0.10408719346,0.00777202072539,0.0478161948454,0.0100083402836,0.141407307172,-0.00416666666667,0.0281602002503,-0.0333875950965,0.0192655027092,0.00553846153846,0.0411946446962,0.0635946236161,-0.0203028972783,0.00478087649402,0.0129353233831,-0.0408000796099,0.046856227473,-0.00625,0.0527546777547,0.0152671755725,0.0774774774775,0.0510298570964,0.0122662132621,0.021207177814,0.0402750491159,-0.0249609984399,0.00993676603433,0.0521512385919,0.149253731343,0.111581173982,0.00892857142857,0.0237331622835,0.0504494588149,0.00875547217011,0.0285918797471,-0.00852469546792
-0.00938875305623,0.0308056872038,0.00702576112412,-0.0165933792417,-0.0484210526316,-0.0332470222683,-0.00477326968974,-0.0517464424321,-0.00815418828762,-0.0632183908046,0.0124249093828,0.0118243243243,0.009765625,-0.00205902539465,0.0216698534098,-0.00271242289687,-0.06031933767,0.0468393140557,-0.124477473293,-0.0339743589744,0.0262467191601,0.00479904019196,0,-0.0579268292683,-0.0265363128492,-0.0124450951684,0.021978021978,-0.0609003200338,-0.0472727272727,-0.0534201296171,-0.0306374368874,0,-0.0376202974628,0.0131578947368,-0.00262237762238,-0.019139366487,-0.0209481808159,-0.0685638957816,-0.00976996180833,-0.0299325463744,-0.0215827338129,0.0193584070796,0.0445070422535,0.0153473344103,0.0397306397306,-0.101765030336,-0.0648936170213,-0.0322063178677,-0.0186375321337,-0.0205745203431,-0.0322047894302,0.00177830468287,-0.0181311018131,-0.0182592818016,0.0453326917789,-0.0614294152392,-0.00795593635251,0.0148367952522,-0.0285905759891,-0.0156827601658,-0.000793021411578,-0.0373280943026,0.0153542898641,-0.0478194338179,0.00733752620545,-0.0609725993582,0.00751879699248,-0.0526755852843,-0.0353605105248,0.00203959208158,-0.0519169329073,-0.00472143531634,-0.0247813953488,-0.0500894454383,-0.0334572490706,-0.0335497835498,0.0504281636537,-0.00442477876106,0.015037593985,-0.0393992315753,-0.00867947923125,0.0130286863063,0.0344951645709
-0.0117484450587,-0.00862068965517,0.033488372093,-0.00565257740656,0.00442477876106,0.0104992500536,0,-0.00204638472033,0.00149476831091,-0.0238582140423,-0.00525909849151,-0.022815804118,0.00580270793037,-0.000687757909216,0.0106051154086,-0.00906600048352,-0.0906230333543,0.0124616351736,0.0196286472149,-0.0391506303915,-0.01726342711,-0.00716417910448,-0.00810368029957,0.00970873786408,0.0413199426112,-0.118606375093,0.0241935483871,0.0380532595654,0.00458015267176,0.0518603232693,0.0280918778664,0.0421052631579,-0.014,-0.0119047619048,-0.0201577563541,-0.00279683892159,0.0101351351351,-0.0268402737308,-0.0582922235178,-0.0159592447728,0.00735294117647,-0.0401519262073,0.0442286947141,0.0286396181384,0.0427461139896,0.0432913724286,0.00511945392491,0.0216753793191,-0.0203012442698,-0.012793021988,0.0221843003413,-0.0177514792899,0.0120738636364,-0.000619962802232,0.0708860759494,0.0119572057898,-0.0104873534855,0.0292397660819,0.0214043167015,0.00170706725845,-0.00714285714286,0.00204081632653,0.00837846122407,0.0226998794697,0.0312174817898,-0.0525762355415,-0.0149253731343,0.036187113857,0.0133214846996,-0.131944444444,-0.0176916596462,-0.0170777988615,-0.0194589644779,0.00941619585687,-0.0307692307692,-0.0111982082867,0.026268115942,-0.0133333333333,-0.0320987654321,-0.00192713257218,-0.0368980612883,0.0231652864176,0.0286132329448
0.116883116883,0.023768115942,0.02700270027,-0.0173935177329,0.0881057268722,0.0670059372349,0.0423661071143,0.056049213944,0.0292910447761,0.116154562384,0.0021133185954,0.00797266514806,0.0774038461538,0.043358568479,0.00679012345679,0.0356605538161,0.133564013841,0.0559897735573,0.161810613944,0.0993093922652,0.0117111255693,-0.00240529164161,0.0444772157499,0.128205128205,0.0195646183522,0.102607232969,0.0582677165354,0.116348137386,0.040273556231,0.0488975225062,0.063197891541,0.030303030303,0.131845841785,0.039978094195,0.0169946332737,0.037047907902,0.0267558528428,0.0858897804849,0.0685677820004,0.00701719949947,0.036496350365,-0.00339174674958,0.0692148760331,0.0208816705336,0.0211180124224,0.0529723366686,0.10922467459,0.114314239361,0.076871657754,0.071236608622,0.0283806343907,0.0277108433735,-0.00631578947368,0.0521091811414,0.088698535507,0.0876865671642,0.0486284289277,-0.00852272727273,0.0733671339099,0.0329470574869,0.0111910471623,0.020366598778,0.15948930996,0.0426242388529,0.0221997981837,0.112097669256,0.136363636364,0.17461669506,0.02298785241,0.137931034483,0.0668953687822,0.0183397683398,0.0561305887389,0.0149253731343,0.0145502645503,0.108720271801,0.115622241836,0.0405405405405,0.0720663265306,0.0693650041896,0.038961038961,0.060350615442,0.0631738462782
0.0195885509839,0.0311438278596,0.0192813321648,0.0619981003368,0.0232793522267,0.0313990461049,0.0253067484663,0.0343042071197,0.0226572412543,0.15724713243,0.000352676563203,0.0225988700565,0.00312360553324,0.0164907651715,0.00490496627836,-0.00353356890459,0.045177045177,-0.0287413966036,0.0982982534707,0.0996356326172,0.00836012861736,0.0650994575045,-0.086578375173,0.0482954545455,-0.00864864864865,0.0320366132723,0.0376984126984,0.0576439120494,-0.0672023374726,0.0181952621832,0.0971856030413,0.0372549019608,0.0772238514174,0.0226434965771,-0.00527704485488,0.00739016950219,-0.00760043431053,0.00943797564088,0.0873429004368,0.00752868942329,0.0985915492958,0.0504821327283,-0.0229468599034,-0.00454545454545,0.00608272506083,0.07629960872,-0.00204081632653,0.10415500056,0.0142768466791,-0.0474946731734,0.102272727273,0.0785463071512,-0.0423728813559,0.0141509433962,0.00944726452341,0.0577472841624,0.00178359096314,-0.00191021967526,0.0838059591717,0.0197976242851,0.00474308300395,-0.0703592814371,0.0787380931574,0.0393745290128,0.0621915103653,0.0064870259481,-0.0133333333333,0.113125453227,0.0367748029496,0.172727272727,0.0466237942122,0.0407582938389,0.026159202697,-0.0808823529412,-0.0117340286832,0.0326864147089,0.0981012658228,0.047619047619,-0.0303390838786,0.0144107927639,0.06875,-0.100393977768,-0.0532821727171
0.115711904553,0.00109829763866,-0.01203783319,0.0416294007643,0.082096933729,-0.014450867052,0.0194465220643,-0.0225281602003,-0.0136476426799,0.0230672193188,-0.0126595029014,0.0270718232044,0.115213523132,0.0129785853342,0.0183038438072,-0.00620567375887,0.0523364485981,0.06099992878,0.0642201834862,0.0605575868373,0.00701530612245,-0.00113186191285,0.0203419173339,0.00379403794038,-0.00572519083969,0.040354767184,0.0143403441683,0.0297834732656,-0.0192638997651,0.0295640724578,0.0512462277859,-0.0321361058601,-0.0131578947368,-0.104016477858,-0.0291777188329,0.124305425485,-0.0516411378556,0.0675709424656,0.135249899581,0.0040384987425,0.0820512820513,0.0149028077754,0.0482076637824,0.062404870624,0.0338573155985,0.05063619839,0.0746421267894,-0.00983872603712,0.0548347613219,0.0864843411748,0.0117820324006,-0.00260869565217,-0.0199115044248,0.0104651162791,0.0799832378824,0.0751351351351,0.0510385756677,0.00574162679426,0.0510552627412,0.0814279551337,-0.0121164437451,-0.0273752012882,0.072504860661,0.0554649265905,-0.00371747211896,-0.0468517600397,0.0678378378378,0.0384364820847,-0.00619372818031,0.087338501292,0.0666666666667,-0.011839708561,0.0223147765829,-0.0365,-0.0110817941953,0.00890207715134,0.195965417867,0.165289256198,0.0601226993865,0.0335169263837,-0.0444444444444,-0.0590834441229,-0.00864465766313
0.0520522094669,0.0181020296215,0.0269799825936,0.0288033721021,0.0592321755027,0.00684261974585,-0.00586940572267,-0.0185659411012,0.00197663971249,0.148141624097,-0.0249294963819,0.00107584722969,0.0694056641404,0.0217809096733,-0.00359496704614,0.00535236396075,0.080595026643,0.111629468032,-0.102298850575,-0.0237017884077,0.0126662444585,0.124079320113,-0.0170580215119,0.0263498920086,0.00356457362216,0.0835464620631,0.014137606032,-0.0458488473422,0.039603960396,-0.0225449415611,-0.0376071751331,-0.01015625,0.0153256704981,0.00252873563218,0.0154826958106,0.0128553976011,0.0249192431934,-0.0101030777104,0.0101091791347,0.0324911486307,0.0308056872038,0.0148967865503,-0.00141509433962,-0.0229226361032,0.00175438596491,-0.0615422639644,0.152235965747,-0.0241753738988,0.147598050592,0.0704346959785,0.0414847161572,0.0342197035745,-0.00978179082017,0.0742232451093,0.0331367375446,-0.00402212166918,0.106719367589,0.0247383444339,0.00785554407713,0.0149596090556,0.00987575661039,-0.0176600441501,0.0842208626029,0.053580628542,-0.0108208955224,-0.0866059817945,-0.0397367754999,-0.10225846926,0.00305068293698,0.0560836501901,0.127016129032,0.00921658986175,-0.000790222315878,-0.00363258951738,0.051227321238,0.018431372549,-0.016265060241,0.0531914893617,0.0590277777778,0.10677844934,0.00244798041616,-0.0293812076632,-0.00875513826922
-0.0463378176383,0.00969827586207,-0.010593220339,-0.0128224582701,-0.0386606834657,-0.0279611650485,-0.0177121771218,0.00782778864971,-0.00807030129125,-0.0294568886161,-0.00328460607148,-0.00214938205266,-0.00932487877658,0.0169278996865,0.0102224894768,-0.00266193433895,0.0258886377645,-0.0320642492678,-0.0416133162612,-0.00926947693666,-0.00437773608505,0.0272177419355,-0.0393317304728,-0.0111531986532,-0.00191256830601,-0.00917912404931,-0.0204460966543,-0.0299866464634,-0.0110599078341,0.0252770153159,-0.0151903728546,-0.0481452249408,0.0143396226415,-0.0233891309333,0.000896860986547,0.00844321390389,-0.0229626294462,-0.00475599669148,-0.00786343360403,-0.0113138005039,0.0641379310345,-0.0134200041938,-0.022201228153,-0.0436950146628,-0.0537069468768,-0.0410850671583,0.0074318744839,-0.0774721813983,0.00343781597573,-0.0237016814544,-0.00279524807827,-0.0330874604847,-0.0151975683891,-0.0487412961971,0.0115426024688,-0.0156486622918,-0.0607142857143,-0.00557103064067,-0.0361456931958,0.0402869214896,-0.00788643533123,-0.0269662921348,0.0342761599554,-0.0503667481663,-0.00339494530366,-0.0276195899772,0.114127569847,-0.0062893081761,0.0218197737379,-0.00810081008101,-0.00102223358037,0.0173515981735,-0.0608425159488,-0.028125,0,-0.010781671159,-0.0324556031843,-0.0794612794613,0.00819672131148,-0.021931884909,-0.002442002442,0.0885853742079,0.0395401206216
0.0409090909091,0.0122732123799,0.0299785867238,0.0322803781416,0.0793536804309,0.0556332401119,0.0601051840721,0.0614886731392,0.0193455071416,0.136421119191,0.0205186459868,0.0371567043619,0.0500753012048,0.0265104808878,0.0321428571429,0.0524515618822,0.0735029040657,0.0437942543436,0.11957247829,0.152817999554,0.0301507537688,0.0107948969578,0.0658088943079,0.114066822728,0.0186148371202,0.0979354155638,0.0398481973435,0.0960719558906,0.03137620379,0.0646801512909,0.0506971153846,0.0563847429519,0.153273809524,0.0378023010096,-0.00448028673835,0.0538233615136,0.0820276497696,0.130554153928,0.0662809464795,0.0366184555128,0.0823071937784,0.0828905419766,0.019806763285,0.0383318000613,0.0308451573103,0.126064268058,0.0270491803279,0.0765817023213,-0.0227730753728,0.0610104861773,0.0378416257884,0.0573234524847,0.0547839506173,0.0940315315315,0.074603960396,0.0984615384615,0.104834329169,0.0765639589169,0.0735253934377,0.0335789175404,0.0257551669316,0.0452655889145,0.0852754950829,0.0343288705802,0.0272520817562,0.0486090775988,0.193517861367,0.144866385373,0.0919695739755,0.0889292196007,0.0304425684318,0.0664272890485,0.0647841464099,0.0300107181136,0.161421319797,0.099649669132,0.0753164556962,0.0958302852963,0.0233062330623,0.0721640200522,0.046511627907,0.0563225172075,0.0467239520354
0.0120463785574,-0.0121244069584,0.0004158004158,0.0134018315836,0.00964737192282,0.00671775948529,0.0106307583274,0.0207317073171,0.00744945015963,0.0312978161079,0.0244153325055,-0.00934579439252,-0.0075295804948,0.00900900900901,-0.00230680507497,0.000845340296433,0.00186567164179,0.0496667961629,-0.0399761336516,0.114009661836,-0.0237804878049,-0.00679611650485,-0.0121323418731,-0.00764087870105,0.0102123085192,-0.0207328833173,-0.0036496350365,-0.0124360626293,-0.0596385542169,-0.0423519381186,-0.0237784743035,0.0274725274725,-0.00645161290323,0.0113122171946,0.00720072007201,0.000877034591276,0.0728279386712,-0.0260045419341,-0.0209477859542,-0.0106293387959,-0.0273453093812,0.0284592737978,0.00284225485552,0.00354400472534,-0.0185517654099,-0.0141463414634,-0.0143655227454,-0.00369939752669,0.000206228088266,-0.0373465109314,0.0155300472654,-0.00329828901257,-0.00292611558157,-0.0211013896037,-0.0507209655871,0.0093370681606,0.0294985250737,0.01908065915,-0.0301310494273,0.00868174548778,0.00960942343459,0.000441891294741,0.000372393247269,-0.0209093926319,0.0206337509211,0.0114493158336,0.0346878097126,-0.0583538083538,0.037809746696,-0.09,0.00521350546177,0.0176767676768,0.0187342928947,0.0187304890739,0.00655594405594,0.00672566371681,-0.0500294290759,0.0881174899866,0.00264830508475,0.0345493742476,0.0350877192982,0.00491491976021,0.0788219450348
-0.0105639041809,0.0320170757737,-0.00665004156276,0.0127837778268,0.00823723228995,0.015037593985,0.0182328190743,-0.00836320191159,-0.0183098591549,-0.0451847855409,0.0283914047595,0.019392033543,-0.040823699422,-0.0136904761905,0.00346820809249,0.00167048312624,0.0297951582868,-0.0545480427046,0.0211311373524,-0.0173460537728,0.0562148657089,0.0166177908113,0.0548546352167,-0.00192492781521,0.00292631018888,0.0147710487445,-0.0119047619048,-0.00307073902013,0.044202434337,-0.0115481635839,-0.0114601317095,-0.00381970970206,-0.0467532467532,0.0109619686801,0.011617515639,0.0335816087214,0.0281857880111,-0.00993288228793,-0.000690193046995,0.0557881660072,0.0186743279294,0.0190839694656,0.0250354274917,0.0438493231313,0.0451219512195,-0.00692726373083,0.0218623481781,-0.0144281773817,0.00639175257732,0.0340976262328,-0.00598404255319,0.0455015511892,0.004402054292,0.00893796004206,0.0178831408328,0.0129509713228,0.156638013372,-0.00425531914894,-0.000709295315104,-0.00815402038505,0.00614062020264,0.0214222614841,0.0329445340613,0.0316949152542,0.0357400722022,0.164826062949,-0.0582375478927,-0.0358773646445,-0.050015586345,0.0311355311355,0.0306248456409,0.0115798180314,-0.0237376438318,0.0102145045965,0.00390794615719,0.042194092827,-0.0210656753408,-0.0184049079755,-0.0232435287903,0.0133690563178,0,0.00970765867576,-0.0318531709892
-0.00601503759398,0.0165460186143,-0.00460251046025,0.0297424737033,-0.00816993464052,0.00555555555556,0.00895316804408,0.0174698795181,-0.0172166427547,-0.00889956208504,0.0149981343869,-0.0221079691517,-0.0222222222222,-0.007242003621,0.0195852534562,0.0345531882999,0.0117540687161,0.0292089493812,0.0570095354027,-0.0291262135922,0.0053222945003,0.00576923076923,0.031085687872,0.0327868852459,0.0278514588859,-0.0101892285298,-0.00185356811863,0.0462161822737,0.0414110429448,0.0742169398158,0.0463719555563,0.0414110429448,-0.0122615803815,0.0581987165302,0.023851590106,0.00214442449631,0.0216216216216,0.00752780386872,-0.0151947343339,0.0854814459722,0.0596293311845,0.0355805243446,-0.0437788018433,0.0530025373555,0.00350058343057,0.0293971101146,0.0380348652932,-0.0010764262648,0.0237656217988,0.0526189115196,-0.00267558528428,-0.0680514342235,0.0387143900657,0.0541948931735,0.0199527998284,0.0246575342466,0.00330305532618,0.017094017094,0.00777229655393,0.0255766156657,0.0207506866036,-0.00410810810811,0.0843293891525,-0.0295712173484,-0.00522830254444,0.0177767243423,-0.0219690805533,-0.0135317997294,0.0765261952636,0.0204262877442,0.0196501317997,0.00899427636958,-0.0117686557933,0.00859453993933,-0.0164359861592,0.0691632928475,-0.00886075949367,0.13125,-0.00432666306111,0.0254239551342,-0.0118644067797,-0.000366959010678,0.0205931942399
0.0916792738275,0.00203458799593,0.0168137873056,0.00760831278619,-0.0339373970346,0.0257826887661,0.039590443686,0.0367081113085,0.0215328467153,0.0212371721779,0.00906654756588,0.0325972660358,0.0670261941448,0.0437689969605,-0.0101694915254,-0.00163010994186,0.0134048257373,0,0.0149712092131,-0.0290909090909,0.0158823529412,0.0219885277247,0.00224152423648,0,0.0209032258065,0.0125,0.00278551532033,0.00235025050385,0.00883652430044,0.114409663151,0.0207763764066,0.0110456553756,0.0255172413793,0.00585529067336,0.00690250215703,0.0343368997263,-0.0147392290249,0.0765395735942,0.00140265241572,0.00620282640116,-0.113878326996,0.0235081374322,0.0274698795181,0.00240963855422,0.0825581395349,-0.00774443368829,0.0480916030534,0.0400862068966,0.0466279767861,0.0801417628901,0.018779342723,0.0110379961792,0.0161744022504,0.0182896688087,-0.0232786425466,0.0142602495544,0.0255144032922,0.0487394957983,-0.000697281307226,0.000445335114674,0.0050822122571,0.0106382978723,-0.0247050351742,-0.000677162688336,-0.000700770847933,0.0307405682347,-0.084234608985,0.0500685871056,0.0514679654718,-0.00348128807659,0.0289071680376,0.00243111831442,-0.0095306213679,0.000501253132832,-0.00483729111697,0.00757336699274,0.0415070242656,-0.0165745856354,-0.00869092884302,0.0266166627601,0.0400228702115,-0.00778238684336,0.14284582075
0.00235587583149,0.00761421319797,0.0347250930136,0.0350975319863,-0.00545702592087,0.00359066427289,0.000656598818122,0.0159908623644,0.0105394783851,-0.0358688066992,0.0133124963825,-0.010183299389,-0.0552346570397,0.0221316249272,0.0302511415525,-0.0130440304058,0.0335097001764,-0.0135170718862,0.0160741301059,-0.0337078651685,-0.0208453966416,0.022450888681,0.0106793402292,0.00746965452848,-0.00733063700708,0.0137981118373,0.0675925925926,0.0211530825134,0.00233576642336,-0.0517463225272,0.0237494543544,0.0269482884195,0.0625420309348,-0.00769230769231,0.000856898029135,-0.0336059658408,-0.0084388185654,-0.0335220070533,0.0189092844587,0.0237406483791,-0.04870199528,-0.00883392226148,-0.0178236397749,-0.0125534188034,-0.0236305048335,0.0107317073171,-0.0436999271668,0.037919602155,-0.0692160611855,0.00558319220999,0.0177748518762,0.0529078311988,-0.00276816608997,0.0621359223301,-0.0605168700646,-0.0448154657293,-0.00802568218299,0.00480769230769,0,-0.0048965056755,-0.0196311719215,-0.0174006444683,-0.0618504004089,0.0393020498052,-0.00596072931276,-0.00745594215996,-0.00158982511924,-0.018288700196,1.23358560159e-05,0.0279475982533,-0.064641388762,0.0177849636217,0.0368645291739,-0.0305611222445,0.0587715422006,-0.036955840902,-0.0183936235438,-0.0741573033708,-0.00547945205479,-0.0974910576118,0.000549752611325,-0.0317436827112,0.0123265835751
-0.0461772431909,-0.0241813602015,-0.0259688373951,-0.0304626815265,-0.0634430727023,-0.0425760286225,-0.00721784776903,-0.0489038785835,-0.0164398090861,-0.0846844238564,-0.000984480157517,-0.0257201646091,-0.00802445548338,0.002849002849,0.00498614958449,-0.00992610565788,0.00511945392491,-0.00877895423674,-0.0455983621813,-0.0589147286822,0,-0.0201280878317,0.0622925425979,-0.0157553290083,-0.00331041507512,0.0771251193887,-0.0156114483955,-0.0454542648865,-0.0142732304107,-0.023590899421,-0.0112668116874,-0.0219858156028,0.0816455696203,-0.0253509323277,-0.0231164383562,-0.0281781295895,-0.0348162475822,0.000597340536048,0.0109975461725,-0.0257624476274,-0.0257104194858,-0.0133689839572,0.00525310410697,-0.0449012713011,-0.035203520352,-0.0583976833977,-0.0700685453161,-0.0094829307247,-0.0474527526705,0.00210509696603,-0.0109961190168,0.00299102691924,-0.0111034004164,-0.0287934186472,-0.0594992486182,0.000919963201472,-0.0291262135922,-0.00877192982456,-0.0631585624573,-0.00223663609931,-0.0212378640777,-0.0205509400962,-0.0424385518828,0.0156479217604,-0.0183421516755,-0.0452993398589,-0.0673339399454,-0.00665335994677,-0.00519949917042,-0.0781648258284,-0.0581196581197,-0.0190627482129,0.0293728453529,-0.00878552971576,0.0976627712855,-0.00130081300813,0.0131168019988,-0.0315533980583,-0.0231404958678,-0.0844389476051,-0.00879120879121,0.0308356577892,-0.0259437971505
0.0407305406581,0.00929272070212,0.0340442986054,-0.0396405183224,0.0600512632735,0.0317638266069,0.0753469927297,0.0537825059102,0.00844716031632,-0.0352680689546,0.0335288538507,0.0285110876452,0.0423728813559,0.0602272727273,-0.00606394707828,-0.0150198655824,0.0908319185059,0.0299811495766,0.130460218409,-0.00947281713344,0.010053222945,-0.0186741363212,0.0405686907614,0.0819209039548,-0.0160960654062,0.0332520505431,0.0281938325991,0.0762520611724,-0.0526004728132,0.100948062655,0.0643437710142,0.116026105874,0.0392042129901,0.00472914875322,-0.0280455740578,0.0660843728388,-0.00360721442886,0.0597762608041,0.0237954407935,0.0299641949873,0.0956018518519,-0.00722673893406,0.104988123515,0.0263381478335,0.0302166476625,0.124807790876,0.033579033579,0.114380731634,0.0388182014233,0.0472389255048,0.0470896010464,0.0755467196819,0.0610526315789,0.0268235294118,0.0482870683819,0.0459558823529,0.075,0.0185036202735,0.04793860969,0.0551445864156,-0.0210787352759,-0.00223214285714,0.069608648922,0.08570052961,-0.0204814947898,0.109203624225,0.0851219512195,0.109176155392,0.0992820296612,0.141935483871,0.0687062483796,0.0834008097166,0.00148847279309,0.0125130344108,0.071102661597,0.0358189514816,0.0585696670777,0.0375939849624,0.0507614213198,0.0651786810758,0.0681818181818,0.0695752094299,0.0650103461425
-0.0112813370474,0.0268542199488,0.0158667195557,-0.00224882118244,0.0487046632124,0.0398406374502,0.0172095881991,0.0417835109366,0.00338620566744,0.00426229508197,-0.00191021656714,-0.00102669404517,-0.00813008130081,0.0032154340836,0.0238491403217,-0.00678566716303,-0.0233463035019,0.0252447491503,0.0251854407452,-0.0245322245322,0,-0.035204567079,-0.00100095090336,0.0374238468233,-0.0154505323293,-0.0484874490453,-0.0145672664953,0.0347218467048,0.0140361821585,-0.0392002695721,-0.0151152010438,0.0246913580247,-0.0298423423423,-0.0158322635858,-0.0270513976555,0.00886571682564,-0.0281576830249,0.061474406074,-0.0278908537922,0.0137111339846,0.0595816606803,-0.0336669699727,0.0339638865004,-0.0444260485651,0.00221361372441,0.0498974709501,0.0332805071315,0.0444926749864,0.02138260328,-0.00955318188657,0.0268582136165,0.0656192236599,0.0218253968254,0.000458295142071,-0.0283145602976,0.0606326889279,0.0286821705426,0.0300157977883,0.0700470953106,0.000424899086467,0.0452818239392,-0.0203579418345,-0.00851164440241,-0.0141906873614,-0.00146735143067,-0.0118228718831,-0.0215778826703,0.0259661835749,-0.0737559291826,0.0121065375303,0.0225618631732,-0.0149476831091,0.00226316945059,-0.00566426364573,0.030173943912,-0.00440113171959,0.0250436808387,0.048309178744,-0.0128824476651,0.0568958063121,0.00518941359626,-0.0181944203778,0.0344422937985
-0.0336667136216,-0.0139476961395,-0.0394377196408,0.0164315835393,-0.0527009222661,-0.0123650296064,-0.014501510574,-0.00296096904441,-0.0140319715808,-0.0288932419197,-0.0178443340245,-0.0174717368962,0.00447093889717,-0.0224358974359,-0.0184182015168,0.00512402026835,-0.0223107569721,-0.0770996259776,-0.000168265185933,-0.0532821824382,-0.0117096018735,0.0207100591716,-0.0123240318621,-0.0721476510067,0.0233416853488,-0.0493799323563,-0.0608695652174,-0.0230001858132,-0.01907105506,-0.0705545720743,0.0166232027557,-0.0538998097654,-0.0325014509576,-0.00478260869565,-0.00185356811863,-0.0463443677066,-0.00372516556291,-0.0653553299492,-0.0437128980032,-0.0135256815526,-0.0999002991027,0.00847457627119,-0.0407484407484,-0.00346520358071,0.0132523467697,0.0112847222222,0.0299079754601,-0.0434632034632,-0.0227642276423,-0.0491126806916,0.021897810219,-0.0633130962706,0,-0.0865781035273,-0.0529884079549,-0.0182270091135,-0.043707611153,0.0145705521472,-0.0160282859999,-0.038649394776,0.0121175401394,0.00479561543731,-0.137355431024,-0.0805218173639,-0.00624540778839,-0.0539482271046,-0.0636342752125,-0.00470865214832,-0.00392756235386,-0.0725677830941,0.0154211150652,-0.0265553869499,-0.0329103685355,0.000517866390471,-0.0554789800138,-0.0546258288601,-0.0607954545455,-0.0334101382488,-0.0304513322458,-0.0605688728899,-0.0242643262777,-0.0163783974585,-0.0349576476563
0.00583090379009,-0.0217226572367,0.0138211382114,-0.00150214592275,-0.0897079276773,0.0310350908129,-0.00858369098712,-0.0440064794816,-0.0196361016033,-0.0485795932089,-0.00681527710923,0.0564853556485,-0.0066765578635,0.00765027322404,-0.00662251655629,0.0263202613145,-0.0766096169519,-0.0640754045009,-0.0531807472232,-0.129896443044,-0.0130331753555,0.031884057971,0.00253613999493,-0.00813743218807,0.0539948453608,-0.0770872865275,0,-0.0637128168554,-0.000627155848228,-0.0674472927647,-0.0421336369498,0.0073726541555,-0.0749850029994,0.025993883792,0.00557103064067,-0.0205523923684,0.0216036560033,-0.0153551811393,-0.0864288367574,0.0633702977219,-0.0221533008418,0.0224089635854,-0.0333766796706,-0.0156476383657,-0.0201634877384,-0.0184549356223,-0.0312732688012,-0.00452570601014,-0.0415973377704,-0.0267564761322,0.000595238095238,0.00925925925926,-0.0148867313916,-0.0376128385155,-0.0460709172071,-0.0675105485232,-0.00709219858156,-0.00755857898715,-0.0244442929224,-0.0499226861056,-0.0212511224184,-0.00613636363636,-0.0919143054596,-0.0357142857143,0.0462107208872,-0.0351805012647,-0.0520117762512,-0.0609107037256,-0.0116702021653,-0.0679277730009,-0.0836448598131,-0.0062353858145,-0.05647325318,-0.0165631469979,-0.047792776359,-0.0240480961924,-0.0508166969147,-0.046483909416,-0.0280426247897,-0.102153971203,-0.0021164021164,0.011591186392,-0.0649632110825
0.0031884057971,0.0136844823135,-0.0104250200481,0.0128949065119,0.0668449197861,0.0179579271421,0.0247371675943,0.0183563964982,0.00624770305035,0.00265017667845,-0.00391734796879,0,0.0380881254668,-0.0168112798265,0.0155555555556,0.0165388082492,0.0732568402471,0.0389384595197,0.0814077497334,0.019275549806,-0.015606242497,0.062734082397,0.0513786997217,0.0364630811304,0.0242083384277,0.0400925212028,0.0194444444444,0.0505919319516,0.00470662064638,0.0255428743923,0.0630267444775,0.0326014637392,0.079766536965,0.028528848201,-0.00277008310249,0.0387292521863,-0.0130134200895,0.058893582881,0.00156385615651,0.0338057493516,0.108971454463,0.000913242009132,0.0780269058296,0.103032087136,0.0939933259177,0.0878880629646,0.0737893927748,0.00818330605565,0.0182291666667,0.0258233942444,0.0160618679358,0.0880733944954,0.00985545335085,0.0411672746222,0.046059214786,0.041628959276,-0.0166666666667,-0.00609291698401,0.0494146426699,0.0223203906068,0.0201834862385,0.0246970043448,0.0388127853881,0.0620666328429,0.0123674911661,0.13894184938,0.0760869565217,0.124685138539,0.075790189893,0.059963099631,0.080826109128,0.0211764705882,0.00574341169735,-0.00368421052632,-0.0241379310345,0.0571526351814,-0.0312300828553,-0.00125,-0.0409694171956,0.0394451808982,-0.0084835630965,0.0397318102806,0.0232967012236
0.0996821727824,0.0122261844116,0.0137763371151,0.00537520333828,0.0175438596491,-0.0115927419355,0.0205190102595,0.0144204104271,0.00693937180424,0.0616740088106,0.00524479044327,0.00990099009901,0.0762589928058,0.0110314396029,0.035010940919,0.0382401911105,0.0222039473684,-0.0550029995895,0.086456278764,-0.049117908364,0.0231707317073,0.0176211453744,-0.00630398691081,0.03781882146,0.0242330189805,0.0123548307388,-0.0154405086285,0.0509712697502,0.0134291068082,-0.0184498609685,0.0435479633833,0.0393041237113,0.0486486486486,-0.0167667149658,0.0138888888889,0.0351742758959,0.0201895344046,-0.0349003776533,0.0928963455098,-0.0194682448547,0.0827374872319,0.0565693430657,0.0253743760399,-0.00720576461169,0.0279613624809,0.0663183279743,0.0393700787402,0.0688131313131,0.0731031543052,0.0512,0,0.0118043844857,0.000650618087183,0.0315315315315,0.15102833188,0.0842745438749,0.0637610976594,0.00229885057471,0.0709514136335,0.0186490789174,0.0278776978417,0.0522204864985,0.0695970695971,0.0471337579618,0.0195462478185,0.032433563507,0.0305435305435,0.0459126539754,0.0120570597333,0.0226283724978,0.068884170795,0.00614439324117,-0.0163055453544,0.0512414157422,-0.00706713780919,0.053739074134,0.115789473684,0.00938673341677,0.0451263537906,0.115369062801,-0.0122994652406,-0.00999692927087,0.126949279181
-0.0128744088282,-0.0276799194766,0.0211830535572,-0.017305663032,-0.00950035186488,0.000679925208227,0.0455351862803,-0.0112083105522,-0.00906782734857,0.0109543568465,0.0329535705821,0.0176470588235,-0.00401069518717,-0.00818330605565,-0.0211416490486,0.0266520246126,0.0233306516492,-0.0293026830165,-0.0121028744327,0.00907634810464,-0.00953516090584,0.0034632034632,-0.00631976561176,-0.021186440678,-0.00384615384615,-0.0212350500366,0.00738007380074,0.00240886277531,0.0277349768875,0.0210234160658,-0.00710034727153,-0.0390576565406,-0.0217640320733,-0.0105263157895,0.00913242009132,-0.0140137054514,0.0476575121163,-0.0322002919493,-0.0900005714776,-0.00396374970722,0.0169811320755,-0.00431778929188,-0.0117647058824,0.0260752688172,0.00939663699308,-0.0218620429702,-0.0392561983471,0.0254830815965,-0.0506454816286,-0.0321156773212,-0.0128805620609,-0.0383333333333,-0.0591677503251,0.00242600679282,-0.0898535846105,-0.0232371794872,-0.0174506828528,-0.0252293577982,0,-0.00267916945747,-0.0338291046952,0.0139978791092,-0.134931506849,-0.026003649635,-0.0544334132147,0.0376976084313,-0.121120186698,-0.0187366167024,-0.0181399840927,-0.063829787234,-0.0509821231516,-0.0748091603053,-0.00578660494288,0.00201005025126,0.00237247924081,-0.0414746543779,-0.0695754716981,-0.061376317421,-0.042026482441,-0.0328239165598,-0.00108283703303,-0.0135442514475,-0.00891164425767
-0.0590896992281,-0.0439958592133,-0.0160469667319,0.00587014102656,-0.041918294849,-0.0239510786479,0.00113122171946,-0.0395355266796,-0.00549048316252,-0.09456575275,-0.0208470002747,-0.0125240847784,-0.0590604026846,-0.018701870187,-0.0453563714903,0.00838738157493,-0.0165094339623,-0.0704254440314,-0.0542113323124,-0.122222222222,-0.0306859205776,0.0224331320104,0.0553633217993,-0.0164502164502,-0.010179010179,-0.0763092269327,-0.0302197802198,-0.00694540032117,-0.016191904048,-0.0373254179035,-0.115354110595,-0.00193548387097,-0.094262295082,-0.0327659574468,0.0108597285068,-0.00918666730797,-0.0185042405551,-0.121425674305,-0.0894818233913,-0.00718123111987,-0.0343228200371,0.00260190806592,-0.0262725779967,0.0110034058161,-0.031847133758,0.00308285163776,-0.0559139784946,-0.0620422940838,-0.0682008368201,-0.033207527389,-0.0166073546856,-0.0121317157712,-0.0158949550795,-0.0135527589545,-0.069934201692,-0.0574241181296,-0.00926640926641,-0.0211764705882,-0.0823517705444,-0.0447727781509,-0.0283730757621,-0.00292825768668,-0.0641330166271,-0.0416861826698,-0.0032585083273,0.0068359375,-0.0573552841211,-0.0174577195854,-0.0472322033016,-0.0327272727273,-0.0681395348837,-0.039603960396,-0.0266794337426,0.0531594784353,-0.0508875739645,-0.110576923077,-0.0392902408112,-0.103038309115,0.0444711538462,-0.0534875003604,-0.040108401084,-0.022219893093,0.0167937265273
0.00820367751061,0.0438548998376,0.0369928400955,0.0288235712761,0.0289210233593,0.0226244343891,0.0378531073446,0.0287852619459,0.0393816709606,-0.0264732547597,0.0258090919292,0.0370731707317,0.0142653352354,0.0448430493274,0.0690045248869,-0.023471174569,0.0223820943245,0.0160705028512,0.0263924870466,-0.00542495479204,0.00931098696462,0.0042194092827,0.0246132532902,0.0360915492958,0.0299054373522,0.0240280777538,0.0368271954674,0.0285303409202,0.0396220664432,0.0569742684288,0.00573200664325,0.0549450549451,0.0180995475113,0.0332160140783,-0.00179051029543,0.051432038835,0.0310290652003,-0.0166051128167,0.0767221312182,0.00400830812958,0.00768491834774,0.038062283737,0.000421585160202,0.0393884426017,0.0394736842105,0.00653092585478,0.0303720577069,-0.00877269935959,0.0260440053884,0.04277929894,0.0301568154403,0.00350877192982,0.0280898876404,0.0304219823356,0.07591464295,0.0243690165361,0.0241621200312,0.0440705128205,0.0229404429505,0.090461682681,0.00838769804287,0.0480385986994,0.00846023688663,0.00684261974585,0.0170722847802,-0.0304558680892,0.0259154929577,0.0222098833981,0.0288709128893,0.046992481203,0.0132268530072,0.0498281786942,0.00943268841265,-0.0171428571429,-0.0103906899418,0.0627027027027,0.0587071240106,0.019882179676,-0.00402761795167,0.00450862121489,0.0423489553924,0.0389466538036,0.0293846556218
0.00996071829405,0.0171161825726,0.0157268891446,0.00996126175982,0.00252252252252,-0.0112321307012,-0.012520413718,-0.0109121432569,-0.00460339943343,0.0273794002608,0.0185512879085,-0.0103480714958,0.0056258790436,0.0139484978541,0.00899470899471,0.00775888823753,-0.0430023455825,-0.0181851311953,0.00189304306673,-0.0609090909091,-0.00184501845018,-0.00588235294118,0.0405399314945,0.0373831775701,-0.0399403190635,0.00316372264698,0.0418943533698,-0.00235837137611,0.0161243037232,0.0225758310866,0.0552762717561,0.0404411764706,-0.0196825396825,0.0227804981903,-0.000896860986547,-0.0114268565756,0.00571428571429,0.0317464974694,-0.0264234640361,-0.0295975029942,-0.000953288846521,0.0416666666667,-0.0126422250316,0.00523560209424,-0.000973709834469,0.00610687022901,-0.0589535740604,-0.0479688468006,-0.02647702407,-0.0948394644482,0.018149882904,0.0402097902098,-0.00273224043716,0.0214285714286,-0.0426999463231,0.0407816482583,0.0502283105023,0.00306983883346,-0.011872188471,-0.00773694390716,-0.0138632162662,0.007806244996,-0.0763422818792,-0.0208737864078,-0.0153571428571,0.00440176070428,-0.0664470071389,0.0266159695817,0.0365191420038,0.0224416517056,-0.064039408867,-0.00245499181669,-0.0161284158227,0.0145348837209,-0.0285594288114,0.000339097999322,0.00436137071651,0.0252707581227,-0.054881571346,-0.006853884879,-0.00866738894908,-0.0315713450494,-0.0305749470822
-0.0241700236144,-0.00586435492096,-0.0173716012085,-0.00595890410959,-0.0125808770669,0.0173838209983,-0.00826901874311,-0.0002828854314,0.00924937744575,-0.107142857143,0.0160559732137,0.0104562737643,-0.0153846153846,0.031746031746,0.00157315154693,-0.00230974541473,0.0212418300654,-0.063954567388,0.00866005353488,-0.0380767989674,0.00554528650647,0.00676246830093,-0.0169788846779,-0.010647010647,-0.00418410041841,0.011038107753,-0.0166083916084,0.00157596429315,-0.00144258511252,0.0271403261163,-0.0203222478414,0.0170789163722,0.00323834196891,0.0407993338884,0.0233393177738,-0.0186577620026,0.0318181818182,-0.0753032177338,-0.00904687101629,-0.0189621318373,0.0171755725191,0.0128,-0.0507895860009,-0.0126488095238,0.00877192982456,0.00531107738998,0.0125293657009,0.00185925443897,0.0159586423915,0.0326277393227,0.0109258194365,-0.0218487394958,0.00479452054795,0.0018648018648,0.0464829403684,0.0408163265306,0.00434782608696,-0.00229533282326,-0.000670470469128,-0.0329218106996,-0.0037488284911,0.00198609731877,0.0354223433243,-0.0127251693935,-0.0105186797243,-0.0127490039841,0.01,-0.0359788359788,-0.0286210529313,0.00877963125549,0.0315789473684,-0.0180475799836,0.0207046575768,0.0324737344795,0.0782533506269,0.0498305084746,-0.00744416873449,0.0133802816901,0.00611246943765,0.0756076706974,0.0213114754098,-0.00575304520757,-0.0797794655913
0.0233451957295,0.0425750192357,0.0230591852421,0.00420312822986,0.0149253731343,0.0294366435459,0.00444691495275,0.0356536502547,0.0255551639055,0.000406091370558,-0.000609333370639,0.0206961429915,-0.0255681818182,0.0220512820513,0.0204188481675,0.0223620804966,0.0096,0.0109842176223,0.0521386200437,-0.0171083529017,0.00367647058824,0.0117548278757,0.00555176136238,-0.000827814569536,0.0250900360144,0.00883805562776,-0.00177777777778,0.0319529752907,0.0112684195319,0.00499345121153,0.0200935768404,0.01447596989,0,0.014,0.00614035087719,-0.00804283164783,0.00807635829662,0.00565866560054,0.0331980512744,-0.00840624463887,0.0103189493433,-0.00631911532385,0.0125899280576,0.0060286360211,-0.0024154589372,0.0169811320755,-0.00232018561485,0.00835111812193,-0.00884955752212,0.000834422718549,-0.00113765642776,0.00687285223368,0.0102249488753,-0.0088413215449,0.00380421678678,0.0321568627451,-0.001443001443,0.0161042944785,0.00668236620172,0.00358342665174,0.00689871433051,-0.0184340931615,0.0254385964912,0,0.0153958944282,0.0431799838579,0.0789167152009,0.0268935236004,0.0493554306216,0.00957354221062,0.0176020408163,0.0401002506266,0.00589891916578,0.0120259019426,-0.0176423416199,0.0161446561188,0.0025,0.0674079221682,0.0151883353584,-0.0260333863275,0.00588550026752,0.0378611994142,0.0808642742201
0.0105717067742,-0.000246002460025,0.00638617580766,0.00775353369013,0.0157819225251,0.00838126540674,0.0237963475374,0.0177595628415,0.010826602509,0.0606860158311,0.018851079582,-0.00184331797235,0.0116618075802,0.00150526843954,-0.00718317085685,0.0263850915007,0.0142630744849,0.0165130417729,0.0295252225519,0.0955631399317,0.003663003663,0.0224066390041,0.00946475910874,0.0223695111848,0.00339618222274,0.0164905952074,0.0080142475512,0.0477196612846,0.0314285714286,0.0146324718696,0.0254138057659,0.0479452054795,0.0264686894771,0.0108481262327,0.0139494333043,0.0231007268453,0.0243991260015,0.00986223452241,0.041762726024,0.0322183775471,0.0315691736305,0.0198728139905,0.0497335701599,0.0297128589263,0.0358353510896,0.0276437847866,0.0434108527132,0.0295389711972,0.0419642857143,0.00586388016563,0.0176537585421,0.042662116041,0.0134952766532,0.0093896713615,0.0317328991967,0.0265957446809,0.0115606936416,0.0150943396226,0.0431337265487,0.016514170944,0.00965431329804,0.00222132471729,0.082121471343,0.025276196853,0.00649819494585,-0.00580270793037,0.0661268556005,0.0967397113843,0.0133018246014,0.0172413793103,0.0333416896465,0.0120481927711,0.00505088721577,-0.0127970749543,0.0326530612245,0.0216078805211,0.0660847880299,0.0774739583333,-0.00777977259126,0.0524091293322,0.00212765957447,0.00103245345356,0.0149397213772
0.00481761871989,-0.00467519685039,-0.0384471817842,-0.0380608701573,0.0236581920904,0.0356910039113,-0.0264864864865,-0.00510067114094,0.00476028561714,0.0740528128588,-0.0319301920147,-0.0175438596491,0.0273775216138,-0.0330661322645,0.0015503875969,-0.0367380290897,-0.02109375,0.129919740701,0.044242686266,0.0897196261682,0.0383211678832,0.00974025974026,0.0154964731416,-0.00162074554295,-0.0246265172736,0.025855513308,0,0.0196207860789,0.017728531856,-0.0442448951506,-0.0148717221062,0.062091503268,0.0383647798742,-0.0165853658537,0.0103181427343,0.0150762016413,-0.00391041592606,-0.00557187414832,0.0994617852076,-0.0205229439809,0.02700270027,0,-0.0236886632826,-0.0906886517944,-0.0406732117812,0.0272612384907,0.0148588410104,0.00277082588488,0.0141388174807,-0.0286235287617,-0.023503077784,-0.0171849427169,-0.0166444740346,0.0320930232558,0.0463552175488,-0.0236861584012,0.00214285714286,0.00223048327138,0.0241698984775,0.0100987925357,0.0117211597779,-0.00362683860568,0.096442687747,0.0094693877551,0.0408895265423,0.0262645914397,0.0817721518987,-0.00584795321637,0.0414380937154,0.0533898305085,-0.0295972828724,-0.0238095238095,0.0425944399481,0.0101851851852,0.0671936758893,0.0307931570762,-0.0116959064327,0.0815709969789,0.0470446320869,-0.0369200941698,-0.0132696390658,-0.0152645511741,-0.0267502717104
-0.0424657534247,0.0220024721879,-0.0217391304348,-0.0162797281993,-0.032424974129,-0.0102281667978,0.0105496946141,-0.0385860766325,0.0208121827411,0.043648672724,0.0175703080402,0.0103383458647,0.0301542776999,0.00466321243523,0.0521155830753,-0.0167792066778,-0.0183559457302,0.00235631595123,-0.00220811482197,0.0646083476272,0.0181605155243,-0.016077170418,0.000213725448289,-0.0178571428571,0.0207012085677,0.0427477143563,0.0017667844523,-0.0142578234517,-0.00734893848666,-0.0385536096762,-0.0182375615578,-0.0415384615385,0.0193821926105,0.00992063492063,-0.00340425531915,-0.012842722842,0.0189150606709,-0.0259447608027,0.0434822248873,-0.0293379472944,0.0184049079755,-0.00467653936087,-0.0112651646447,-0.0384,-0.0350877192982,-0.0126537785589,0.0146412884334,-0.0278099652375,-0.0304182509506,0.0777632402298,0.0418338108883,-0.00166527893422,-0.0135409614083,0.0148715637675,0.000197775030902,0.0159211523882,-0.00855310049893,-0.0511869436202,0.00372426699938,0.021734405564,0.0192073170732,-0.00728008088979,-0.0382119682769,0.0250687368591,0.0361819434873,-0.0341232227488,-0.0461034402059,0.0196078431373,-0.0173959077795,0.0442477876106,0,0.00894308943089,0.0208333333333,-0.00183318056829,0,-0.0331925165963,-0.0360946745562,0.0184357541899,-0.0241935483871,-0.00931784194179,0.00591715976331,0.0327479663443,0.00802442789099
-0.0346208869814,-0.0198355104015,-0.0130952380952,-0.0155418045762,-0.0552584670232,-0.0476947535771,-0.0813186813187,-0.0328374964917,0.012928891099,-0.0966200068283,-0.0378657327052,-0.0148837209302,-0.0510551395507,-0.014440433213,-0.0235409514468,-0.0116301140579,-0.0170731707317,-0.13140501499,-0.109266943292,-0.0504833512352,0.00517836593786,-0.00326797385621,-0.0429710036539,-0.0148760330579,-0.0253223915592,-0.0642180094787,-0.0343915343915,-0.0771243587622,-0.0279681930354,-0.0407111344079,-0.074312381671,0.0133761369716,-0.0617944147356,-0.00589390962672,0.00170794192997,-0.0247794651005,-0.0224168126095,-0.0475193047175,-0.0356213916538,-0.0129674247321,-0.012908777969,-0.0203602192639,-0.032865907099,-0.0391014975042,-0.0308080808081,-0.124599501602,-0.0562770562771,-0.044191803429,-0.0450980392157,0.0265227488652,-0.0324532453245,0.0291909924937,-0.00343170899108,-0.00310834813499,-0.0666370062781,-0.0537313432836,-0.0237239396118,-0.0203283815481,-0.0754892881782,0.0114869176771,-0.0236314687407,0.0725198614789,-0.0487256371814,-0.0325023666772,-0.0325906218823,-0.102060843965,-0.0350834151129,-0.102403846154,-0.0870647436277,-0.0870570107858,-0.03675,-0.0201450443191,0.00785201428925,0.0440771349862,-0.0296296296296,-0.0371410736579,-0.049109883364,-0.0927043335162,-0.0360094451004,-0.0601776590804,0.00855614973262,0.0221763970116,-0.0498374993099
0.0180794309425,0.0197433366239,-0.0265379975875,0.0165180529162,0.022641509434,-0.00734557595993,0.0316985645933,-0.0188624492165,-0.0392734413353,-0.000377928949358,0.0236129410514,-0.00377714825307,-0.0208034433286,-0.00261643118786,0.00552486187845,0.010195708724,-0.029776674938,0.0224749950971,-0.0114906832298,-0.0141402714932,0.011448196909,0.0434426229508,-0.0305215682772,-0.0167785234899,0.0158768342555,0.00633071663712,-0.0155251141553,-0.00966592327778,-0.00789844851904,-0.00243938930702,0.0339089221295,0.00211193241816,-0.00189993666878,-0.00889328063241,0.0119352088662,0.0152118623734,-0.0146900752418,-0.0287195982538,-0.0327486113725,-0.0192502331858,-0.0174367916303,0.0143884892086,-0.0185772541912,0.015873015873,0.0338718082335,-0.0325335502237,-0.0137614678899,0.00383693045564,0.00844170659366,0.0325732061599,0.00795906765208,0.0129659643436,-0.00482093663912,0.0169265033408,-0.0190667867168,-0.044952681388,0.039027982327,-0.00638467677574,-0.0060302115616,0.00168243953733,-0.0015318627451,0.0474833808167,-0.0181245074862,0.0146771037182,0.00137504297009,-0.0174863387978,-0.00839054157132,-0.0299946438136,0.0365006580151,-0.0151898734177,-0.00908383078121,-0.00493421052632,0.00622916301105,0.0290237467018,-0.0209923664122,0.0852512155592,-0.0277598450613,0.0356711003628,-0.0140845070423,-0.00392277992278,-0.00901378579003,0.000330720640275,-0.0188935655272
-0.0561863173217,0.0174249757986,0.00702189178026,0.0261719873454,-0.0523985239852,-0.0531449714094,-0.0150724637681,-0.00621118012422,-0.0529722364163,-0.10775047259,-0.0298376411867,-0.042654028436,-0.040293040293,-0.0325288562434,0.0294705294705,-0.0225187079826,-0.0443307757886,-0.0503299063986,-0.0369148601948,-0.0777395295468,-0.00792303338993,-0.0290652003142,0.0342691324474,-0.0230375426621,-0.0191806772437,-0.104932058379,-0.0269016697588,-0.0205672835909,-0.0210406596531,-0.0295268402108,-0.0609073323844,0.0642781875659,-0.0983502538071,-0.0297108673978,-0.0185341196293,-0.0114861032331,-0.0309090909091,-0.00390308191403,-0.0259388419748,0.0169570408143,-0.0896184560781,-0.00315208825847,-0.0835641735919,-0.0607954545455,-0.0514112903226,-0.0224884405212,-0.0356589147287,-0.0657429526995,-0.00882352941176,0.00273877103874,-0.0259447264523,-0.0552,-0.0283737024221,-0.0197109067017,-0.0750499433076,-0.0668868703551,-0.0382707299787,0.00803212851406,0.0101045626091,-0.0634054167541,-0.0162626572568,-0.0398912058024,-0.0955056179775,-0.0372870459659,0.00823892893924,-0.00333704115684,-0.05,-0.0822749861955,-0.0159934864548,-0.0882604970009,0.00471451021477,-0.0495867768595,-0.0239951172726,-0.0367521367521,-0.0814814814815,-0.0618279569892,-0.0478087649402,-0.061295971979,-0.0260869565217,-0.0231952369139,-0.00481540930979,-0.0423513075677,0.0114599801283
0.0132634176434,0.0214081826832,0.0135356849877,-0.00287275784753,-0.0159657320872,0.0218472468917,-0.0117716303708,-0.00803571428571,0.00701438848921,-0.00847457627119,0.0510490735454,0.019801980198,-0.0885496183206,0.00433839479393,-0.0106744298884,0.0158946251768,0.0240856378234,0.0263370496041,0.0683412167672,-0.0171073094868,0.0262407301768,0.0266990291262,0.0165668351555,0.0340611353712,0.0231772090777,0.0292381220129,0.00095328884652,0.030427147,-0.00842288701714,-0.0341813148417,0.0171083007516,-0.0351485148515,0.00633356790992,0.000205507603781,0.00515021459227,0.0535552048965,0.0228893058161,-0.00702254338202,0.00221913187561,-0.114033865929,-0.0296296296296,0.0418972332016,0.0362720403023,-0.0124016938899,0.0111583421892,0.0101053536874,0.0168810289389,0.0487879717705,0.0198584797991,-0.00672890698714,0.00463231036479,0.0321761219306,0.019943019943,0.0169794459339,0.00172202440021,-0.0106194690265,0.0066322770818,0.00159362549801,0.0353335833088,-0.000448329970859,0.012164691204,0.00755429650614,-0.00976042590949,-0.0317195325543,0.00680966973102,0.00669642857143,-0.0388663967611,0.0264741275572,-0.0416722117749,-0.0413533834586,-0.00156412930136,0.0286956521739,0.0229948721614,0.00798580301686,0.0797962648557,0.0410697230181,-0.0216178521618,-0.0416666666667,-0.0433673469388,0.0313650793651,-0.00913978494624,-0.0170544776635,0.0150228112521
0.0636225266362,0.0246856078249,-0.0259004451639,0.0169348605158,0.0720221606648,0.0102555188597,0.0387135199524,0.031503150315,0.00375066976246,0.10405982906,0.0497733087661,0.0291262135922,-0.0100502512563,0.0421166306695,0.00833742030407,0.00469900276719,0.0662020905923,0.149755982368,0.0587786259542,0.132278481013,0.0383546414675,0.0874704491726,0.0515190677502,0.0152027027027,-0.00294950448325,0.0406992624966,0.0352380952381,0.0580089589559,0.0823081429408,0.0740936571655,0.0798841439183,0.0625962031811,0.0741258741259,-0.00924594205876,-0.0333048676345,0.0354695229882,0.0113719735877,0.0432702984335,0.0693714572508,0.0752369402147,0.0837685817597,0.00606980273141,0.0491006319883,0.0229709035222,-0.00998423541776,0.0417198808003,0.0197628458498,0.0881607177687,0.00246195165622,0.0215983801215,0.0276657060519,0.0401968826907,0.0279329608939,0.0434973637961,0.0370909938522,0.0724508050089,0.0512445095168,0.0787589498807,0.0315472918351,0.0331912984974,0.024345146379,0.0121836925961,0.0806451612903,0.0277586206897,0.0108217788299,0.0394678492239,0.057848918843,0.0609613130129,0.0486828520193,0.0392156862745,0.0114882506527,0.0295857988166,0.030232639374,0.0158450704225,0.0220125786164,0.0107033639144,0.0427655024947,0.103179753407,0.0233333333333,0.0269022408274,0.0162778079219,-0.00319612250632,-0.0150664888735
-0.0240412135089,0.0402272727273,0.0216036560033,0.0113322277501,-0.0424510889627,0.0254645560908,0.0303899082569,0.0244328097731,0.0423487544484,-0.0272885620283,0.00488334078133,0.0320754716981,-0.0397631133672,0.0212435233161,0.022859922179,0.0217914739559,-0.133986928105,-0.0129394447677,0.00028839221341,0.0254332029067,0.0385438972163,0.045652173913,0.0471200916571,0.0341098169717,0.0248491302804,-0.0152230971129,0.0193192272309,0.0234585302783,0.0257104194858,-0.0153834195884,-0.0100562612788,0.00965717044906,-0.046875,0.0327664869349,-0.00353356890459,0.0694514453527,0.0257526296699,0.0256418653393,0.0973103176959,-0.0331481326761,0.0231696014829,0.0361990950226,0.0143651529194,-0.00958083832335,-0.0148619957537,0.0012259910094,-0.00852713178295,0.0261695644381,-0.00781424425095,0.0310030097634,0.0723499719574,0.00552050473186,-0.0183423913043,0.0707368421053,-0.0576501657583,0.0175145954962,0.0132311977716,0.0272861356932,0.0118618458587,0.0299544171912,0.0180505415162,0.0231481481481,-0.0530679933665,0.0145948666331,0.0194044831047,0.0302901023891,-0.0414122644014,0.0121546961326,-0.00636205566367,0.0905660377358,0.00567888487352,0.0771756978654,-0.0346008442538,0.0173310225303,-0.0276923076923,0.0602118003026,-0.0915926179084,0,-0.0267100977199,0.0261974701756,0.0379071009076,0.0017617420105,0.0105451880621
0.0348973607038,0.0146384094385,0.00528670191135,0.037441924023,0.0524286815729,0.0338926174497,0.0345019476906,0.0286768881317,0.00819392284056,0.0674492638281,0.00543304944163,-0.0091407678245,0.057268722467,0.00558092338914,0.0199714693295,0.00991743943581,-0.022641509434,0.105219351483,0.0726538849647,0.075769964568,-0.0103092783505,0.016632016632,-0.000795750691308,0.0313757039421,0.0166262556287,0.045842217484,0.0135379061372,0.0777040845384,0.0139841688654,0.0591005973213,0.164207486203,0.102343376375,0.0696721311475,0.0341365461847,0.00620567375887,0.00889380712324,0.00601131541726,0.0448449822791,0.00754783440051,-0.00475274903325,-0.0652173913043,0.0131004366812,0.0100502512563,0.0598548972189,0.0598060344828,0.0875510204082,0.0484753713839,0.0473362445415,0.0434293429343,0.0341054730147,0.0444560669456,0.0737254901961,-0.00415224913495,0.0247738891074,0.0826426569674,0.137704918033,0.020618556701,0.0122038765255,0.0308497784938,0.0383561643836,-0.00295508274232,0.00180995475113,0.0271453590193,0.020171957672,0.000984574991795,0.0517598343685,0.0362780393243,0.0851528384279,-0.00675624779089,0.0467128027682,0.0177104722793,0.00914634146341,-0.0296245565975,0.0161839863714,0.0166139240506,0.06649543379,0.0752445447705,0.0317647058824,0.0381526104418,0.0432585582428,-0.101851851852,0.0106573810278,0.0177152267128
-0.0351374327005,-0.0456503014643,0.00970873786408,0.0165305584826,0.0304029304029,0.00503083414476,0.0182894029048,0.0102125310516,-0.012021672875,0.0730661696179,0.00426591862746,0.010147601476,0.0391666666667,-0.0176589303734,-0.0400932400932,-0.0128248170281,0.0376447876448,0.010449025699,-0.0170675984411,0.082594375475,-0.00572916666667,-0.00068166325835,0.00479821609891,0.0288611544462,-0.011016467916,-0.00433231396534,0.040071237756,-0.0302280555943,-0.024199843872,0.000583865437651,-0.0250592555295,-0.0347071583514,0.0185185185185,-0.0203883495146,-0.0149779735683,0.00176714332142,0.0358523725835,0.0246306171406,0.0112369370607,0.0162582213636,0.0145348837209,-0.0280172413793,-0.00407055630936,0.031089560753,0.0213523131673,-0.00018765246763,0,0.0418612408272,0.00215656674574,-0.00323609740424,-0.00050075112669,0.0036523009496,0.0138985406532,-0.00537221795856,0.0168254667621,-0.0201729106628,0.0107744107744,0.022695035461,0.0305155853679,0.00405926527299,-0.0145228215768,0.00722673893406,0.0647911338448,0.022528363047,-0.0327868852459,-0.0397637795276,0.0435595938001,0.00704225352113,0.0165388093224,0.0099173553719,-0.028499369483,0.0574018126888,0.00883114062868,0.00586756077117,-0.00622568093385,0.028364998662,0.036389083275,0.0564424173318,0.0186976144423,-0.0519080549878,-0.0126002290951,0.026693116169,-0.00512063375373
-0.00425844346549,0.0232400722022,0.036858974359,-0.0179462261095,0.0359047280483,0.0169546261909,0.0306391970417,0.00765027322404,0.0179948586118,0.0613166579816,0.0133113120074,0.00456621004566,-0.0168404170008,-0.00359527478172,-0.00437105390966,-0.0229390559108,-0.0204651162791,0.014346934973,0.0199617172546,0.0245728996022,0.00942902042954,0.0102319236016,0.00996671157961,-0.0295678544352,0.00298576022049,0.0220117737394,0.00770547945205,0.0166254662908,0.0368,0.039474827736,0.0141522802995,0.0179775280899,0.0194357366771,-0.00594648166501,-0.020572450805,0.0536912751678,-0.0193417034272,0.0103043588482,-0.0209894682256,0.00284078773121,0.025787965616,0.00221729490022,0.0581289736603,-0.0179806362379,0.0338476854156,0.00750750750751,0.00223713646532,0.0104850328158,-0.00344308155799,0.0386599125029,-0.00200400801603,0.0334788937409,0.0370116518163,0.0196759259259,0.0356127285037,0.0279411764706,0.0179880079947,0.0187239944521,0.0133565858467,-0.000808570851021,-0.00992481203008,-0.00807174887892,-0.00480384307446,-0.0291646853701,-0.000677966101695,-0.00492004920049,-0.00486555697823,-0.000999000999001,0.0140430416069,0.0720130932897,-0.00467289719626,0.0392857142857,0.00877177247206,-0.00166666666667,-0.0254502740799,-0.0286234712464,0.0681971640783,0.0318402590394,0.0518987341772,0.00478398251779,0.00986078886311,0.00545744212061,0.0831480085928
0.00870078159563,0.00727673649394,-0.0173879443586,0.0219685974403,0.0113246396706,-0.00254048904414,0.0041004613019,-0.00759219088937,0.003367003367,0.0351882160393,0.00195588395089,0.00727272727273,0.0179445350734,-0.0221649484536,-0.0019512195122,0.00859743469256,0.0151946818613,0.0374724467303,0.0483914209115,0.0228414801279,0.0155682407888,0.00202565833896,0.0394538070668,0.053125,-0.00206091138081,-0.0290508389682,-0.00764655904843,0.0299783154253,-0.0180041152263,0.00144521615537,0.0202148801391,0.0538631346578,0.0707257072571,0.0478564307079,0.0146118721461,0.00835145380722,0.0200692041522,-0.00746863468635,0.0170191567982,0.0901365253136,0.128491620112,-0.0147492625369,-0.0472103004292,0.0453521126761,0.0577756379393,0.0553278688525,0.0260416666667,-0.018297029703,0.0440509609156,0.0262918708018,0.0361445783133,0.0246478873239,0.0118968935889,0.0321604237609,0.00941422594142,0.00143061516452,-0.0130890052356,-0.00612661674609,0.00687805411503,-0.0153752781712,0.00303766707169,0.0162748643761,0.0104585679807,0.211591836735,0.00474898236092,0.0321384425216,-0.0200720535255,0.031,-0.0362088773437,0.0770992366412,0.0263432446531,-0.00618556701031,0.0110427484174,-0.00333889816361,0.0546404178385,0.0326814894187,0.0366624525917,-0.00313807531381,-0.017448856799,0.06010286554,0.0109132682366,0.00815858674398,0.0308911522436
-0.0125730994152,-0.00240805604203,-0.0114038537161,0.00367955587115,-0.00441126569393,0.0049347341611,0.00255232261358,-0.000273224043716,-0.0114093959732,0.0143873517787,0.0181308112489,0.0135379061372,0,0.0411175540327,-0.0205278592375,0.00465894776802,0.0636108512629,-0.0120101510859,0.0245492903721,-0.00178651183564,0.00357690342361,-0.0242587601078,0.00853119927523,0.0252225519288,0.00619550252409,-0.005158627805,0.048801369863,0.014775248738,-0.0209533787323,-0.000524774734482,0.00334804443768,0.00921658986175,0.0195290063182,0.000951474785918,-0.00720072007201,0.0124234270338,0.00915875169607,0.00478853131878,-0.0111541680875,0.0551159564699,0.0387788778878,-0.0239520958084,-0.022972972973,0.00215575316626,-0.00637232589895,0.0404236540159,-0.0166787527194,0.00161368404066,0.0076525336091,0.0234582568312,0.0116279069767,-0.00343642611684,0.0124101894187,-0.00403225806452,0.034689119171,0.0221428571429,-0.00729442970822,0.013698630137,0.0165088946815,-0.00821861516334,-0.00242277407632,0.00889679715302,0.0135350318471,0.0677806225576,-0.00405131667792,0.0419161676647,-0.00892857142857,0.0426770126091,0.0304640661425,-0.000708717221828,0.00381194409149,0.0345781466113,0.00546986298961,0.0117252931323,-0.00990476190476,0.0295719844358,0.0176829268293,0.0325288562434,0.0104102878138,-0.00196839478791,-0.00340909090909,0.000668806848582,0.00246488972605
0.0281314776429,-0.00921658986175,0.00994431185362,-0.0178157962439,-0.011588275392,0.0155235228893,-0.0132382892057,0.037441924023,-0.0040733197556,0.00576683291771,-0.0156159338026,0.0151380231523,-0.0136217948718,-0.00708860759494,0.00299401197605,0.0138948525497,0.00791556728232,0.00606314028852,-0.0165980282042,0.00447427293065,0.00152749490835,-0.00345303867403,0.00752329977168,-0.00434153400868,0.00957810718358,0.00907441016334,0,-0.0132546971887,-0.00802568218299,-0.00192120666098,-0.0141847413924,-0.0253217102532,0.0287323943662,0,0.014505893019,0.00163990047501,0.0178151260504,0.0313619275967,-0.0219454999185,-0.00407377231316,0.0150913423352,0.0398773006135,0.0719225449516,0.0104866899704,0.0549702244617,0.000339328130302,0,-0.00974705977123,-0.0127257799672,0.0084844135835,-0.044061302682,-0.0358620689655,0.0316129032258,-0.0239234449761,-0.0278674979343,0.00349406009783,0.0193720774883,0.0243243243243,-0.016797507648,0.0650507561632,0.0522161505768,0.00617283950617,-0.0204241948154,0.154088844018,0.00338983050847,0.0258620689655,0.0312665606783,-0.0279069767442,0.0434277182925,-0.0120567375887,-0.00151898734177,-0.0173796791444,0.00153932269801,0.0206953642384,0.00692574066949,0.00453514739229,-0.0197723187537,-0.010162601626,-0.00848484848485,0.0156948804133,0.0205245153934,0.0128325090229,0.0107824173019
-0.00489631336406,-0.0385382059801,0.00748326112643,0.00707222840678,-0.0306896551724,0.00218374668538,-0.0144478844169,0.0031612223393,0.00306748466258,0.0137920347125,-0.023099265334,0.00263157894737,0.0698619008936,-0.0198878123406,-0.0313432835821,-0.0121798346659,0.0174520069808,0.0159125994537,-0.0371827411168,0.122494432071,-0.0254194204372,0.018018018018,-0.0242774351735,0.0334302325581,-0.0118590467585,-0.02852004111,0.0195918367347,-0.0477871172282,0.00943905070119,0.0337695255289,0.00676977235102,0.0170357751278,-0.013143483023,0.000950570342205,0,-0.019608950112,-0.0148612945839,-0.00925593743273,-0.00769299808957,-0.00901755168823,0.0469483568075,0.0110619469027,0.0137634408602,0.0154337413518,-0.00868432479375,-0.0366350067843,-0.0272861356932,-0.0351419507037,-0.00893970893971,-0.00506456271059,0.00400801603206,0.0035765379113,0.00687929956223,-0.00113122171946,-0.0317055581311,-0.0236768802228,0.0222804718218,-0.00263852242744,-0.00569673467287,-0.0105037930364,-0.00519330640508,-0.0122699386503,-0.037690457097,-0.04581738655,-0.00101351351351,-0.0392156862745,-0.00770811921891,-0.0593301435407,0.00930052209625,0.032304379038,-0.040060851927,0.00748299319728,-0.0310011177868,-0.0121654501217,0.0202521971723,-0.0142964635064,-0.0293398533007,0.0790554414784,0.0134474327628,-0.0193086095613,-0.0245810055866,0.0119770357661,-0.0774689757827
-0.00752532561505,0.0110573600553,-0.0250195465207,-0.0117042720593,-0.0217004624689,-0.0244357976654,0.0931937172775,0.0047268907563,-0.0142711518858,0.0736777743809,0.0413095945993,-0.00524934383202,-0.00151860288535,0.0280957336108,0,-0.0030867902526,-0.0634648370497,0.00122735242548,0.00276789244761,0.151785714286,0.0766823161189,-0.00068073519401,0.0382836147652,0.0196905766526,0.038747285404,-0.014546416292,-0.013610888711,-0.00509097765626,-0.0344643334224,0.0885849765801,-0.00672425070452,0.0829145728643,-0.00665926748058,0.017094017094,0.00446827524576,0.00742845077452,0.0489440160912,-0.0360225955968,0.096901528562,-0.0148970900017,0.0373692077728,-0.00437636761488,0.0543063215952,-0.00157232704403,0.0227770477442,0.0343309859155,0.00985595147839,0.00682910378552,0.0174113698343,0.0395448139501,0.0429141716567,0.0114041339986,0.0260869565217,0.102302755757,0.130283282351,0.00713266761769,0.0455128205128,0.0171957671958,0.0240564653908,0.00864949872223,0.0185614849188,-0.019520851819,0.1475,0.0850332340133,0.023334460602,0.022351797862,0.12610046608,0.0824008138352,-0.0233535882604,0.0611961057024,0.0330163761226,0.0114787305874,-0.0151943908726,-0.0229885057471,0.0299625468165,0.0760814249364,0.148614609572,0.187440532826,0.0428226779252,-0.0049082492052,-0.0274914089347,0.0694141045287,0.0504106464878
-0.0259550889472,-0.0640236956026,-0.0288692862871,-0.0198697282716,-0.00981818181818,-0.0818442884493,-0.0158045977011,0.0324098274961,-0.00413650465357,-0.058513667426,-0.0689452468928,-0.0193491644679,-0.0365019011407,-0.00101214574899,-0.0410888546482,-0.0270586413913,0.0613553113553,-0.0880275523904,-0.111724500526,-0.0637381567614,-0.0251937984496,-0.017029972752,-0.0156765676568,-0.0372413793103,-0.042363556338,-0.0641438539989,-0.00162337662338,-0.0583421027695,-0.0470392916436,-0.0106826596688,-0.00846221543877,-0.00889404485692,-0.0418994413408,-0.0392156862745,-0.0346975088968,-0.0293803825928,-0.0584851390221,-0.0519135125389,-0.0306269694025,-0.0176173697743,-0.0309798270893,-0.00512820512821,0.00603621730382,-0.0380577427822,-0.017130620985,-0.0449361702128,-0.0105105105105,-0.0218556355719,-0.0342268041237,-0.0392545678962,0.00574162679426,-0.0507399577167,-0.0326876513317,-0.0239726027397,-0.0614689478267,-0.0162889518414,-0.0570202329859,-0.00650195058518,-0.0251709048831,-0.0440459949328,-0.0367312072893,-0.0280542986425,-0.0944081336238,-0.022708069286,-0.0403172504957,0.0617870722433,-0.0671418716946,-0.0610902255639,-0.0321892573201,-0.102228047182,-0.0176425466633,-0.00600801068091,-0.0129946191295,-0.0260504201681,-0.0352727272727,-0.0617167179002,-0.0679824561404,-0.0464743589744,-0.0364372469636,-0.0298469816714,-0.010011778563,-0.00524390243902,-0.0127406288765
0.00538922155689,0.0070593962999,-0.0194054500413,-0.0437000738404,-0.013587954462,-0.0456993918332,-0.0345498783455,-0.0805063291139,-0.0134994807892,-0.0775744745199,-0.00881512882956,-0.0179372197309,-0.0820836621942,-0.0298885511651,-0.028387787895,-0.0333981612447,-0.0440034512511,-0.025571273123,-0.00340337377922,-0.0478380864765,-0.0342942345924,0.003465003465,-0.0121635466145,-0.0286532951289,-0.0329771343215,-0.0278176082592,-0.0227642276423,-0.0209841691869,-0.01393728223,-0.079129930519,-0.000856546998361,-0.0288724151385,-0.0227405247813,-0.045869776482,-0.0073732718894,-0.00172745475246,-0.0261371350984,-0.0459761006688,-0.055892092232,-0.0478673904614,-0.136059479554,-0.039027982327,-0.0516,-0.0529331514325,-0.0261437908497,-0.0190696845482,-0.056904400607,-0.011214793254,-0.0497438087105,-0.0639203049641,-0.058515699334,0.0348923533779,0.000625782227785,-0.0585964912281,-0.0640405205486,0.0129589632829,-0.0630689206762,-0.0379581151832,-0.0195053646956,-0.0289500509684,-0.0381318356488,-0.0279329608939,-0.0825982357658,-0.0142656435751,-0.0792011019284,-0.000895255147717,-0.0658121764851,-0.0525525525526,-0.0858974725935,-0.0299270072993,-0.0674128058303,-0.0221625251847,-0.00576694852396,-0.0388265746333,-0.0256313607237,-0.0294858870968,-0.0794117647059,-0.0243697478992,-0.0288115246098,-0.0608371609325,0.0339083878644,0.00527154591149,-0.0561060129881
-0.0335020845742,-0.0135363790186,-0.00631578947368,-0.0190228836165,0.036113179449,-0.0351420247633,0.0131048387097,-0.017345814978,0.0194736842105,-0.0606557377049,-0.0225341090397,0.000913242009132,0.0971625107481,-0.0156657963446,0.00165380374862,0.0156390042253,-0.0351985559567,-0.0755411042139,-0.075129918337,-0.0964251207729,-0.00669068450849,0,0.0369588173178,-0.0154867256637,-0.0092680608365,-0.0648967551622,-0.0291181364393,-0.0441229773813,-0.0270906949352,-0.0904309595862,-0.036738852237,-0.00482121333869,-0.0721957040573,0.0105927887553,0.00557103064067,0.0285916545404,-0.0083652840711,-0.00612987358174,0.0842997438637,0.0395023518153,-0.0025817555938,-0.00229885057471,-0.0501897933361,-0.031403053875,-0.0380313199105,-0.0574127906977,-0.00241351568785,0.0225974025974,-0.0265108964278,-0.115780947667,-0.00707427993936,0.00430416068867,0.00625390869293,0.00633619083116,-0.0127789535725,-0.0312722103767,-0.0249826509368,0.0102040816327,-0.0392049695281,-0.00881797186647,0.0110633066994,0.00383141762452,0.0157342657343,0.0157877425721,0.00224382946896,0.0940860215054,-0.0802110817942,-0.0628631801373,-0.010251753507,-0.00376222723853,-0.0161875523304,-0.018543956044,-0.0165619113341,0.0197486535009,-0.036750483559,0.00701116593093,0.0115015974441,-0.00947459086994,-0.040173053152,-0.050013841469,-0.0437284234753,-0.036006097561,0.0234984055811
-0.0283469419196,-0.0149473168341,-0.0317796610169,-0.0418604651163,0.00790513833992,-0.0696357803359,-0.0507462686567,-0.0397870551975,-0.00912063328171,-0.0319371727749,-0.0130427092093,-0.0383211678832,-0.0188087774295,-0.0238726790451,-0.00990643918547,-0.085833663509,-0.00841908325538,-0.0126478843216,-0.049767217852,-0.0297262617622,-0.0253886010363,-0.0683701657459,-0.0438791096887,-0.0494382022472,-0.0405372991125,-0.0312302839117,-0.0488431876607,-0.0432619658047,-0.0108958837772,-0.0203023231961,-0.0343028505095,-0.0222042793702,-0.0282958199357,-0.0433380366862,-0.0443213296399,-0.0370688995947,-0.0407732864675,-0.0107641906799,-0.0795263673324,-0.027639027639,-0.0543572044866,-0.0537634408602,-0.056838365897,-0.00803093396788,-0.0446511627907,-0.0254433307633,-0.0395161290323,-0.0544407755482,0.0108469882299,-0.016641221374,-0.04631043257,-0.100714285714,-0.030453697949,-0.0485185185185,-0.0649932157395,-0.0520909757887,-0.0669039145907,-0.040404040404,-0.0639443132745,-0.0160982842618,-0.0237082066869,0.0162213740458,-0.0516351118761,-0.0336751214247,-0.0216417910448,-0.0581490581491,-0.0286861732645,-0.0242390078918,-0.00475187132616,-0.101208459215,-0.00425531914894,-0.0545836249125,-0.012630620721,0.000880281690141,-0.0489959839357,-0.0340381640021,-0.0713834491472,-0.0860869565217,0.00965872504829,-0.0674113647402,-0.014440433213,-0.0401973496948,-0.0446963565684
-0.00459806564135,0.0161691542289,0.0126914660832,0.057430918596,0.0156862745098,0.00365111561866,0.022536687631,0.0221768310476,0.00781521361584,0.0207319271678,-0.00276375115549,0.000948766603416,0.0143769968051,0.0152173913043,0.000555864369094,-0.0163514578408,0.0216981132075,0.0141052858839,0.0775468829194,0.0299757549041,0.0175438596491,0.0533728687917,0.0239068829761,0.0338849487786,0.029,0.0416802344513,0.0378378378378,0.0548663981023,-0.0125458996328,0.0212399803697,0.0024508985515,0.0165152766309,0.0463269358041,0.0147492625369,0.0164251207729,0.0315074748357,0.00696225723708,-0.000777237091106,0.0638291012728,0.0186543110395,0.0200729927007,0.0170454545455,0.0532015065913,0.0605697151424,0.0121713729309,0.0526107594937,0.00923593618808,0.0252507163324,0.0278538812785,0.0429281167521,0.0144076840982,0.0969023034154,0.000641025641026,0.0229661346828,-0.0085038455957,0.0286377708978,0.0564454614798,0.00561403508772,-0.00260076323906,0.0236813778256,0.00871731008717,0.0131455399061,-0.0199637023593,0.0134033284932,0.00762776506484,0.0417391304348,0.0109273479031,0.0236857307915,0.0182653917555,0.0436974789916,0.0262108262108,0.0525536639526,-0.000845129938728,0.0536499560246,0.0481418918919,0.00907634810464,0.0755102040816,0.00761179828735,0.0216836734694,0.0402735826129,-0.00976800976801,0.0452089099776,-0.00277647417614
0.00254858235107,0.0455324357405,0.00605012964564,-0.00473197259693,-0.011934011934,-0.130355699272,-0.031266017427,-0.0202683414216,0.0079269343443,-0.0469798657718,-0.0191066535926,0.00473933649289,0.0110236220472,-0.00963597430407,0.0572222222222,-0.0278389745644,-0.0138504155125,-0.0629102650534,-0.0429601756036,-0.0778942863257,0.00992685475444,-0.00492610837438,0.026153503232,0.0030487804878,-0.0109329446064,0.0109409190372,-0.0112847222222,-0.0930451654872,-0.0111558723272,-0.0375726432201,-0.0158818983665,0.10804224208,-0.0404807084124,-0.0211794019934,0.0209125475285,-0.0135691739164,0.0240174672489,-0.0475159795732,-0.0381792284147,-0.0104615749713,-0.0313059033989,0.00558659217877,-0.0335270451498,-0.0460842521911,-0.011063011063,-0.076287110109,0,-0.0439301310044,-0.00910706352732,0.0149609229624,-0.0347185691741,0.0492396813903,-0.0140935297886,-0.0228310502283,-0.071570751127,-0.0173062452972,-0.012274368231,-0.00907187718074,-0.0130508274696,0.0147213459516,-0.00185185185185,0.0240963855422,-0.0740740740741,-0.0356001322606,-0.00832702498107,-0.00584307178631,-0.117148699971,-0.0609480812641,-0.0416195798083,-0.0225442834138,-0.0197112715158,-0.0302390998594,0.0128030142832,0.0267111853088,-0.0463336019339,-0.00714285714286,-0.0411132194813,0.0302171860246,-0.0380774032459,-0.0240963855422,0.0154130702836,-0.00412988650694,-0.0318158160668
0.034795042898,0.0257550924842,0.0313573883162,0.0316491626455,0.0376554174067,-0.173948408087,0.0486772486772,0.00291375291375,0.0453068900667,0.0174203113417,0.0307868353975,0.0556603773585,0.0778816199377,0.0410810810811,0.00472937467157,0.044499381953,0.0252808988764,0.0540325634229,0.0851900393185,0.00208865165932,0.0367304707708,0.00990099009901,0.0282021577004,0.0493920972644,-0.0379513633014,0.0646258503401,0.054433713784,0.107203363631,0.0122218740207,0.0573874719554,0.0189339579215,0.0740469208211,0.0962425840475,0.0538820534578,0.0335195530726,0.0335212971454,0.0334044065387,0.0310680301094,0.00882245440682,0.0458061034834,0.0470914127424,0.0198412698413,0.0555041628122,0.0198577356254,0.0398832684825,0.0872660699756,0.026622296173,0.0275874668859,0.0300381080475,0.046910139826,0.0310626702997,0.0993788819876,0.0396361273554,0.0358255451713,-0.0380237727402,0.0352220520674,0.0606725146199,0.0295774647887,0.0185074547603,0.00373056994819,-0.0114409400124,0.0226244343891,0.004,0.0424,-0.0164122137405,0.024349286314,-0.0393778954335,0.0552884615385,0.0439025661405,0.0716639209226,0.0280373831776,0.0384336475707,0.0277877953877,0.0439024390244,-0.027460920997,0.0575539568345,0.0250659630607,0.0366636113657,-0.0175210902012,0.0503060770835,0.0376442015786,0.0210832884865,0.058412505334
0.0122831260556,-0.00935859392833,-0.00666389004581,0.0193974411886,0.0304690174598,-0.0167393444929,0.0194248234107,0.0366066240558,-0.00425253516519,0.032058287796,-0.00517953755243,-0.00714924039321,-0.0151734104046,-0.00830737279335,0.00418410041841,0.00591715976331,0.0575342465753,0.0522685634228,0.0537439613527,0.0831403427513,0.00499001996008,0.0126050420168,-0.014154431182,0.0224475018103,-0.00919188050555,0.02933488237,0.174021648626,0.0575200482498,0.00247678018576,0.0299319385243,0.0919871645817,-0.00682593856655,0.0324714371618,0.0134863123994,0.0207207207207,0.00666427533085,0.0405777166437,0.0261717001274,-0.00312332121485,-0.0539089223948,0.00881834215168,0.031906614786,-0.000876424189308,-0.00406858471375,0.00233863423761,0.0239476145931,-0.0113452188006,0.0312027735799,-0.00435255712731,0.000957339995797,0.0206131078224,0.0207156308851,-0.02875,-0.0406015037594,0.0195011635148,-0.0229289940828,0.0186078566506,0.0212038303694,0.0752786286906,0.0152797852571,0.0300281513919,-0.0628318584071,0.0338645418327,0.0235719767569,0.0135816841288,0.066393442623,0.085084395453,0.0489749430524,0.0307667344825,0.0392006149116,0.00275482093664,0.0216480446927,0.0229551792277,-0.0436137071651,-0.000434404865334,0.00755857898715,0.0238095238095,-0.027409372237,0.0429326287979,0.0139684813754,0.0602691632534,0.0178266935359,-0.00534778687818
-0.0307902320643,-0.0108294930876,-0.0410901467505,0.00971659919028,-0.0621262458472,-0.118025751073,-0.024003959416,-0.0518497757848,-0.0271024967148,-0.0220614189905,-0.04350456392,-0.042304230423,-0.035216434336,-0.0471204188482,-0.0109375,-0.0156862745098,-0.0716753022453,-0.100129728253,-0.0670487106017,-0.0709856745777,-0.0203574975174,-0.0228215767635,-0.0377156327012,-0.0686968838527,0.0149465275093,-0.0674379232506,0,-0.0738350724515,-0.0148239654107,-0.0983304907049,-0.0460250536908,-0.0219931271478,-0.0559114735003,0.00397219463754,0.0017652250662,-0.0355388019954,0.0112359550562,-0.0695493137354,-0.0964934267417,0.0694433222913,-0.0751748251748,-0.0377073906486,-0.0359649122807,-0.00729501021301,-0.0177321511899,-0.0752786405993,-0.0393442622951,-0.0614655172414,-0.0246994535519,-0.0410329383223,-0.0460901087519,-0.0221402214022,-0.01287001287,-0.103840125392,0.0411817655758,-0.0378501135503,0.0121786197564,-0.0770261219022,-0.0525093950782,-0.039048200122,-0.0081992104464,-0.0056657223796,-0.00867052023121,-0.0153170522708,0.04134762634,0.00845503458878,-0.0571428571429,-0.0792616720955,-0.06399544706,-0.0931952662722,-0.0260989010989,0.0218728639781,-0.0272422010399,0.00977198697068,-0.051716644937,-0.0772693173293,-0.0207416719045,-0.104545454545,-0.00316656111463,-0.0478147779455,-0.0601545253863,-0.0411818458727,-0.00777548242095
-0.0669796557121,-0.00978336827393,-0.0424136423262,-0.0650895482491,-0.0913921360255,0.0812652068127,-0.073275862069,-0.0771504581732,0.030390005065,-0.0115502616856,-0.0272264005637,-0.0291353383459,-0.0395437262357,-0.0461538461538,-0.0179041600843,-0.0284860557769,-0.0878139534884,-0.0916574983876,-0.115325552826,-0.10333716916,-0.0400405473898,-0.0445859872611,-0.0457076049438,-0.0395437262357,-0.0121873809826,-0.0387291981846,-0.0156028368794,-0.104706190916,-0.0310344827586,-0.0755478114661,-0.0596484738715,-0.048137737175,-0.0672424429365,-0.0205736894164,-0.000881057268722,-0.0719855328913,-0.0415032679739,-0.0896975817359,-0.077669970247,0.0391342122162,-0.0873345935728,-0.0909090909091,-0.0432211101001,0.00499706055262,-0.0432304038005,-0.108871764473,-0.0699658703072,-0.0497841462294,-0.0190497534738,-0.0415724050694,-0.0363735070575,-0.062893081761,-0.0371577574967,-0.074333187582,-0.0990212122148,-0.0818253343824,-0.0822192513369,-0.044992743106,-0.0579591471177,-0.0571428571429,-0.0177587262707,-0.000949667616334,-0.0874635568513,-0.0261068204068,-0.0180147058824,-0.0663109756098,-0.156228956229,-0.102594339623,-0.0450523292669,-0.0856443719413,-0.0513399153738,-0.0127090301003,-0.0247016684297,-0.00806451612903,-0.0343721356554,-0.0593495934959,-0.0333761232349,-0.0375634517766,-0.00190597204574,-0.070855254283,-0.0217263652378,-0.0692229493615,-0.0271041610613
0.0607178799061,0.0439896494942,0.0547945205479,0.0505360972123,0.0857699805068,0.19696969697,0.0640218878249,0.0826393337604,0.0606259216779,0.13675369728,0.0599251441027,0.0638915779284,0.098178939034,0.0622119815668,0.0123324396783,0.0168136149272,0.0891291046298,0.157248465105,0.0770699531331,0.14681724846,0.0696937697994,0.0740740740741,0.0567061431655,0.0300870942201,0.0161932913507,0.0884482215927,0.0014409221902,0.0834086943231,0.0384988676804,-0.0247079272183,0.0740052492726,0.103728313031,0.131613756614,0.0401939002222,0.0414462081129,0.0821791513882,0.055233549267,0.0848471641673,0.0496285379132,-0.0128139881493,0.089478044739,0.0413793103448,0.0285306704708,0.0181339572975,0.0307845084409,0.0576496674058,0.0688073394495,0.0960850652489,0.028101439342,0.053578680203,0.0354929577465,0.0597315436242,0.0054163845633,0.0448748228625,0.114496230295,0.0497000856898,0.027676620539,0.048632218845,0.0547681943813,0.065544332211,0.0720074812968,0.0541825095057,0.0915867944622,0.0361889869318,0.0490453013852,0,0.0714285714286,0.185282522996,0.0415692968374,0.163247100803,0.0719595599167,0.0684281842818,0.0413685492465,0.0349593495935,0.108685334599,0.0316911552867,0.0610889774236,0.00738396624473,0.0566518141311,0.0630104170448,0.0294117647059,0.0850540974095,0.0649122807018
-0.0147058823529,0.00878774222623,0.0285714285714,0.00870926039328,-0.0183123877917,-0.0278230354681,-0.0154281306248,0.0201183431953,-0.00617951490808,-0.0480244137488,0.00403972983711,0.0090991810737,0.00216294160058,0.0254880694143,0.0360169491525,-0.0145190562613,-0.0393258426966,-0.0488667532842,-0.0174053182917,-0.0250671441361,0.0177690029615,0.0131034482759,0.0305305581626,-0.0207532667179,0.00872644492222,-0.0323886639676,0.00359712230216,-0.00465556463417,-0.00841121495327,-0.00482012873729,0.00752710578994,0.00635451505017,-0.0157802454705,-0.00194174757282,-0.00592718035563,-0.0110945456658,-0.00516962843296,0.0639129323253,-0.0236410006591,0,-0.0484790874525,-0.00579470198675,0.0110957004161,-0.014938236139,-0.0178227360308,-0.0134171907757,-0.00944206008584,-0.0133168709763,-0.0155555555556,0.0120931801209,0.00489662676823,0.0196326789107,-0.0026936026936,-0.0298372513562,-0.0723532486701,-0.0261224489796,0.00283486888731,0.0108695652174,0.0192310168553,-0.00758373709711,0.00726955510323,0.00721370604148,-0.0843902439024,0.0218820739463,0.00892219842969,-0.0342857142857,-0.0692737430168,0.0121951219512,0.00978084151655,0.0122699386503,0.0130374479889,0.0481927710843,-0.00729086722947,0.00235663786332,-0.000428082191781,-0.0131248254677,-0.0244055068836,-0.0764397905759,-0.021686746988,0.0124628674839,-0.00349854227405,0.0145953257211,0.0412255913925
0.0420478253892,0.019656019656,-0.013468013468,0.0515345699831,0.0416971470373,0.075029006059,0.0276834682685,0.0150812064965,-0.0281361728587,0.113548169394,0.0312507913997,0.0306582506763,0.0230215827338,0.0195663670016,-0.0536809815951,0.0415387763454,0.0282651072125,0.106397510814,0.0989010989011,0.0713957759412,0.0533462657614,0.00408441116406,0.0170541805064,0.0777080062794,-0.00852557673019,0.0612671846981,0.00931899641577,0.0836783265516,-0.00439836632108,0.0429263353559,0.063220371914,0.150216018611,0.0979809976247,0.0398832684825,-0.00511073253833,0.0405490073227,0.014939915557,-0.00631629535546,0.0623605893402,-0.0308397621196,0.105894105894,-0.0907577019151,0.0141746684957,0.0329542140566,0.0799411476214,0.0790480237994,0.0675909878683,0.0960850911691,0.0519187358916,0.0277533144503,0.114239306984,0.0981366459627,0.00877785280216,0.0983224603914,0.0277446300716,0.0444258172674,0.0360424028269,0.0430107526882,0.0710698696852,0.0696242835916,0.0040415704388,0.0143240823635,0.068726691529,0.0302742616034,-0.0187477891758,0.00338123415046,0.0892356942777,0.110624315444,0.00788927959607,0.0939393939394,0.0698247535597,0.0145190562613,0.0375872034163,0.00548589341693,0.0740899357602,0.0967741935484,0.073123797306,0.142857142857,0.0270935960591,0.0828611898017,0.0327677004096,0.074128042164,-0.0062022097086
0.0472816879717,-0.0414019715225,-0.0409556313993,-0.00789017897235,0.00386235955056,-0.00923372106967,0.00482846251588,0.000285714285714,0.0425463851567,0.0975757575758,-0.0441050072444,-0.0139982502187,0.00210970464135,-0.0586099585062,-0.0237709346299,0.0294695481336,0.0739336492891,0.0896494958502,0.0298507462687,0.116348832226,-0.0423572744015,-0.0142372881356,-0.0317805910136,0.0123816460306,0.00809307030855,0.0501267248662,0.0142045454545,0.033526616384,0.00631113916062,-0.00477453196546,0.00621315727423,-0.0407396706154,-0.0129799891833,0.0392890551918,-0.0333904109589,-0.0273591118638,-0.00832,0.0556879814834,0.00966937639429,-0.0519396633611,-0.0325203252033,0.0375457875458,0,0.0141163184641,0,0.0346593146908,0.0178571428571,0.0245453804126,0.0118025751073,-0.05213182334,-0.019436345967,-0.0277149321267,-0.0194109772423,-0.00721255833687,0.0132559264635,0.0706260032103,-0.0109140518417,-0.0474226804124,0.0217268223638,-0.0373089898789,0.00287521564117,0.0423654015887,0.00897308075773,0.129927306235,-0.0219899062725,-0.050547598989,0.0477590007348,0.0226824457594,0.00706713780919,-0.0540166204986,0.0204760685948,-0.00178890876565,0.023612269155,0.0475448168355,0.107256778309,0.0299277605779,0.0442319187089,-0.014880952381,-0.0149880095923,-0.0116478245975,-0.0628895184136,-0.0943543266178,0.00965767590329
-0.0136764705882,0.029478976234,0.0249110320285,0.0265097633519,0.00489681706891,0.0475671750182,-0.0364188163885,0.00542702085119,0.0141147591286,0.0350635008283,-0.0247944765575,-0.019520851819,0.0266666666667,-0.0545454545455,0.00830105146652,0.0286259541985,0.036187113857,-0.0260292081078,0.00159420289855,-0.0335892514395,-0.00288461538462,0.0116918844567,-0.0273470794117,0.00863309352518,0.0148018063221,0.0458567980692,-0.00280112044818,0.00196680165359,0.0178739416745,-0.00900520511047,-0.00832483860007,-0.0415662650602,-0.0109589041096,-0.010801080108,0.014171833481,-0.0400650016444,0.0371087447564,0.0015052848588,0.0239419373816,-0.00264507855082,-0.00186741363212,0.00706090026478,-0.0324616771867,-0.0317371937639,-0.0699364214351,-0.0354015987819,-0.0103668261563,0.0199777141038,-0.026723223754,-0.0361121970289,-0.00396432111001,0.00349040139616,-0.0307167235495,-0.00982905982906,0.0468869365928,0.0712143928036,0.0137931034483,-0.0122655122655,-0.00402899956131,0.00700886415172,0.0157683486239,0.0203217612193,0.0592885375494,-0.023831098224,0.0265388868411,-0.0425909494232,0.12762973352,0.00964320154291,0.0154119475905,0.0841874084919,-0.0471532480562,0.0232974910394,0.0507798960139,-0.00446428571429,0.0406913935902,0.00751503006012,-0.011448196909,0.0161127895267,0.00730371272063,-0.038853001418,0.0126964933495,-0.0163814258852,0.0201014398701
-0.024153869092,0.00377358490566,0.0572916666667,-0.00837742504409,-0.0821441002436,-0.053148469093,-0.00629921259843,-0.0323863636364,0.000453857791225,-0.0742864763937,0.0193098633755,0.00452488687783,-0.0622009569378,-0.00757575757576,0.0236004390779,-0.0139146567718,-0.0545144804089,-0.049830344159,-0.0429749674432,-0.0879841112214,-0.0115718418515,0.00475866757308,-0.0524843851962,-0.0435092724679,-0.0148331273177,-0.0310256410256,-0.0063202247191,-0.0372853526715,-0.0613062230437,-0.11198283968,-0.0709681992994,-0.0351979886864,0.0105263157895,-0.0354868061874,-0.02096069869,-0.0062071745264,0.00871188550093,-0.0188041169744,-0.124252607107,-0.077051354175,-0.06604303087,0.00350569675723,-0.0452003727866,-0.0437032777458,-0.0517578125,-0.0493291239148,-0.0330378726833,-0.0485368708545,-0.0163434299412,-0.0827883396705,-0.028855721393,-0.0388405797101,-0.0133802816901,-0.075960293483,-0.123202286479,-0.0405878236529,-0.0673469387755,0.00511322132944,-0.053081497108,-0.0302968270215,-0.0177815410669,-0.0199170124481,-0.123134328358,-0.0100250626566,-0.0147217235189,0.0352177942539,-0.146144278607,-0.0420248328558,-0.0234075259007,-0.0790006752194,-0.0415898920769,-0.0391126678342,-0.0885865083292,-0.0104633781764,-0.0771626297578,-0.0596718050721,-0.0712217718587,-0.110505450942,-0.0326283987915,-0.0389482656875,-0.0232835820896,-0.0117616563523,-0.0750127788272
-0.0233766233766,-0.0369305616984,0.00779967159278,-0.0146731880836,0.0121350018961,-0.046735814521,-0.00607501320655,-0.0140927774516,-0.00347799788296,0.00331364356721,-0.000316595755679,-0.0252252252252,-0.0123906705539,-0.00293599530241,-0.0166219839142,0.00940733772342,0.0288288288288,0.00299289188178,-0.00120955548836,-0.00479094076655,-0.00878048780488,-0.0304465493911,-0.00196772924046,0.000745712155108,0.0136762860728,0.0351944958984,0.00141342756184,-0.0675154152272,-0.00820479159829,-0.0499487111611,0.000877527661198,0.0674267100977,0.047149122807,-0.011320754717,0.00446030330062,0.0035691109669,-0.00678593460827,0.00689322166536,-0.00381423166117,-0.0211158760912,0.134815705128,0,-0.00292825768668,0.0120264582081,0.0144181256437,-0.0188875051889,0.00666666666667,0.0287870089396,0.00420912715995,0.00831859385364,-0.0404713114754,0.0102533172497,0.00499643112063,-0.00980850070061,0.00638069147276,0.0175054704595,0.00656455142232,-0.0101744186047,-0.0158458139264,0.0367321089297,0.0531609195402,-0.0397967823878,0.018085106383,-0.0112517580872,0.0466472303207,0.0393912264996,-0.0262199563001,0.0239282153539,0.00380707411957,0.033724340176,-0.0118099423235,0.046780072904,-0.00481369550661,-0.012084592145,-0.00262467191601,0.00502379693284,-0.0230673316708,-0.0350974930362,0.00562148657089,0.0199563348571,0.00855745721271,0.00429508196721,0.00366319564168
-0.00344180225282,0.0213547646383,-0.00162932790224,0.0148916967509,-0.0179842637692,-0.0280337941628,-0.0215253786872,-0.00357355568791,-0.0163884673748,-0.014503159104,0.00694792289421,-0.0184842883549,-0.00959409594096,0.0170789163722,-0.00272628135224,0.0214352283318,-0.00963222416813,-0.0479468312366,-0.0240690281562,-0.0481400437637,0.0383858267717,-0.0216329378925,0.0475552050473,-0.043219076006,0.00656021784874,-0.0247955010225,-0.000705716302047,-0.0174868833719,-0.018861681006,-0.134005537851,0.0107752322139,0.0308208727495,-0.0314136125654,-0.00381679389313,0.0088809946714,-0.0106894600711,0.0226708074534,0.00152134010219,-0.0367491653138,-0.0117641826228,-0.0150044130627,-0.0558951965066,0.00489476260401,0.0294117647059,0.00913705583756,-0.0287708906283,0.0132450331126,0.0208067602041,0.00286785793073,-0.0385637933397,0.0315002669514,0.0107462686567,-0.00142045454545,-0.00188679245283,0.0588539333586,-0.0164874551971,0.0166666666667,0.0308370044053,-0.0179542034105,-0.00692323355732,-0.00954979536153,0.00529100529101,0.00783699059561,-0.0215267899478,0.008356545961,0.0206718346253,-0.00897531787584,-0.00292112950341,0.00855414544597,0.0120567375887,-0.00250138966092,-0.0139291932676,-0.00403687742076,-0.00152905198777,-0.0432330827068,0,-0.0357370772176,-0.0877598152425,0.0124223602484,0.0110037124987,0.0169696969697,0.00492964643662,0.0252368401525
0.0405023547881,0.0409172661871,0.0191758465932,0.0403353871562,0.0354826402137,0.0707230343738,0.056762629006,0.0526001195457,0.0305461277384,0.0619262713099,0.0530143294982,0.0395480225989,0.0476900149031,0.0179502026636,0.01585565883,-0.00821167883212,0.0397877984085,0.0621861309969,0.0888785481619,0.0793103448276,0.0123222748815,0.0406562054208,0.0198750282316,0.0615264797508,0.0201672405312,0.0448230668414,0.00141242937853,0.0678571854751,0.0876897133221,0.146899131274,0.0720454574025,0.097098875074,0.0243243243243,0.0383141762452,0.0237676056338,0.0323944525011,0.00880655936836,0.0562866341947,0.0826701857873,0.0476169044511,0.0492831541219,0.0138760407031,0.0613735996103,0.0380952380952,0.0321931589537,0.0858200827706,0.0669934640523,0.065130808278,0.0563132424109,0.0919664747135,0.0351966873706,0.0313053750738,0.0561877667141,0.0827032136106,0.0814540011064,0.0167638483965,0.0776906628653,0.0648148148148,0.0832240945849,0.0356776706992,0.0242424242424,0.0298245614035,0.0855365474339,0.0579569684047,-0.000690607734807,0.0151898734177,0.0803773584906,0.06640625,0.0694833307,0.062368605466,0.0456951797158,-0.00765155974102,0.0307827134798,0.02067381317,0.0337917485265,0.0557747961063,0.0622104566512,0.164556962025,0.0306748466258,0.0831017599577,0.0190703218117,0.0370346306283,0.0263723783215
0.0227821363911,0.0250539956803,0.0268214571657,0.00250335816339,0.0526897568165,0.0234932349323,0.0138781804163,0.0320840431573,0.00883233532934,0.0649012074643,0.0169788549102,-0.00996376811594,0.0206258890469,0.00568828213879,0.0414424111948,0.033118675253,0.0510204081633,0.00264896221037,0.0311965811966,0.057933972311,0.00374531835206,0.0342700479781,0.0231970177899,0.0249449743213,0.0178399228544,0.0368790767687,0.0098730606488,0.0260371560274,0.0328682170543,-0.0218908351305,0.0250005863177,0.0928224500809,0.0606860158311,-0.00830258302583,0.00773860705073,0.0374913443466,0.032209512342,0.00790946321943,0.0646092166711,0.0378700004296,-0.000853970964987,0.0228102189781,-0.0211106011932,0.0139004726161,0.0151072124756,0.0379137412237,0.00306278713629,0.023535449813,0.0245730945439,0.0233657059315,0.003,0.0423825887743,0.00875420875421,0.0458315146224,0.0368018777082,0.0308243727599,0.0449735449735,0.00267558528428,0.0209584163973,0.0102949910909,0.0285099515869,0.015332197615,0.00382043935053,0.0175888603884,0.0196959225985,0.0174563591022,0.028641285365,0.0576923076923,0.0190345055815,0.0554089709763,0.0325073274714,0.0563463819692,0.0110172343553,0.0457614403601,0.0250855188141,0.0583104909046,0.0336448598131,0.0760869565217,0.00952380952381,-0.00390959071472,0.0210526315789,-0.0309817680596,-0.000340408490188
0.00250774450509,0.0128529287821,0.00584795321637,0.0236920640721,-0.00770038501925,-0.0112967191443,0.0212927756654,0.0189821182944,-0.00727110847307,-0.00257698750161,0.0251914230487,-0.000914913083257,-0.00975609756098,0.0197963800905,-0.00878552971576,-0.0124666073019,0.0129449838188,-0.0319711056117,-0.00428235944191,-0.0130863700423,0.00279850746269,-0.0112657388999,-0.0135990621336,0.0436649964209,0.0362387494079,0.0246794096298,-0.0111731843575,0.00507528521251,0.00210147102972,-0.039249253825,-0.00445601189795,-0.022962962963,0.0109452736318,0.026976744186,-0.0179180887372,-0.00671243325706,-0.00554097404491,-0.010003101737,0.0131046231731,0.0228077074322,-0.0128205128205,0.021409455843,0.0745428973277,0.0482588428846,0.0576092174748,-0.0156551990723,-0.0320610687023,-0.00358166189112,-0.0323170731707,-0.0110206893033,0.0189431704885,0.0351648351648,0.0347129506008,0.0388146911519,-0.0187200696561,-0.0236439499305,0.0208860759494,0.0173448965977,0.0159587260505,0.0164609053498,0.0305962343096,-0.0209731543624,-0.0133206470029,0.038800864242,0.0379532361911,0.0514705882353,-0.00101867572156,0.0294372294372,0.0235154256553,0.0525,0.0201290322581,0.0404267265581,0.0202175931604,-0.0143472022956,0.064886911383,0.00659288909819,-0.00663050030139,0.0121212121212,-0.0123820754717,0.0344351772354,-0.03264604811,0.0235024084311,-0.0415648794796
-0.0275161859918,-0.00353650925733,-0.0135658914729,-0.0301642075202,0.010582010582,-0.0181110976054,-0.000744601638124,-0.00161987041037,-0.0194319880419,-0.0202816173621,0.00428248623904,0.00732600732601,-0.00985221674877,0.00721020521353,0.00260688216893,-0.0207394048693,-0.0167731629393,-0.008325848131,0.0276082130966,-0.00428396572827,-0.013023255814,-0.0227882037534,-0.0101113528734,-0.0123456790123,-0.008,-0.058559622196,0.00282485875706,0.0151543883793,0.0377471539844,-0.00875081630749,0.00658465533983,0.0348749052312,0.0226377952756,-0.0298913043478,-0.0225890529974,-0.00337889725081,-0.0395894428152,0.0194877418344,0.0347137595567,-0.0115947307716,0.0164502164502,-0.00524017467249,0.0143979057592,-0.00915511378499,-0.00136177939174,-0.00608678578441,0.0118296529968,-0.00143781452193,-0.00819155639572,-0.02749761395,-0.0362035225049,0.0594479830149,-0.0116129032258,-0.0016070711129,0.00174504584442,0.022792022792,0.00929944203348,-0.00262295081967,-0.0123432436241,0.0270291112396,-0.00964222278609,-0.0197086546701,0.00289296046287,0.0684634717047,-0.015017956252,-0.010101010101,-0.0180149558124,0.00504625735913,0.027133913142,-0.020190023753,0.0209967113585,-0.0215866162979,-0.00456785671355,-0.0320232896652,0.00383008356546,-0.0154385964912,0.0194174757282,0.0708582834331,-0.0226865671642,0.00189713946939,-0.0290112492599,-0.013708149084,-0.0406418701267
-0.0140717203813,-0.0208768267223,-0.0184675834971,-0.000306729648488,0.000698080279232,0.0648675414707,-0.00894187779434,0.00892374256355,-0.0207317073171,-0.0330959915612,-0.0113780577257,-0.00727272727273,0.0362473347548,0.00440528634361,-0.01248049922,0.0193370165746,0.0324939073924,-0.0352203448877,-0.00175509653031,-0.0256095062487,-0.0235626767201,-0.0363511659808,-0.0445712808009,-0.0326388888889,-0.00841013824885,-0.0145472786556,-0.0056338028169,0.00820862065285,-0.0112586605081,-0.0212984226179,-0.0327136145947,-0.019536019536,-0.0182868142445,-0.0130718954248,-0.00177777777778,0.00339035290492,-0.0170992366412,-0.0445919574671,0.0532943823773,0.028886705155,0.00425894378194,0.017559262511,0.00172043010753,0.0300950369588,0.0140909090909,0.00276570525484,0.0179267342167,-0.00719942404608,0.00889453621347,-0.0138457865839,-0.0177664974619,0.0280561122244,0.0248041775457,0.00482897384306,-0.0321532965248,0.00626740947075,-0.00859950859951,-0.0105193951348,-0.0113618854681,0.0574410572158,-0.00256213169357,0.0104895104895,-0.0552884615385,0.0203585043394,-0.0172356645675,0.0141287284144,-0.0235375562478,0.0242677824268,-0.0261688841817,0.0236363636364,-0.013875123885,-0.00772200772201,0.0145427570859,-0.0172932330827,-0.00242802636143,-0.0206699928724,0,0.0111835973905,0.024434941967,0.0173082043847,0.00182926829268,-0.010664190098,0.0921539738761
0.0158072437078,0.0185501066098,0.0396317053643,0.0223367697595,0.0254621555633,0.00523134154848,0.0127819548872,0.0276065398017,0.0256849315068,0.00640938224465,-0.0207185695737,0.0192307692308,0.00754458161866,-0.0164473684211,0.00315955766193,0.029810298103,-0.0110149488592,-0.00501913771936,0.0528807140925,-0.00126156433978,0.00579150579151,0.0227758007117,0.006805219913,0.00789662598708,0.0216103171837,0.0167981674726,0.0042492917847,0.0604493335169,0.0388321167883,0.0496302493533,0.0119027948258,-0.0505603985056,0.0166666666667,0.0406811731315,0.0124666073019,0.019447857472,0.0285803044424,0.00963378741335,-0.0224879127469,0.0122768967507,0.0848176420696,-0.0120793787748,0.00128810648347,0.0397232188621,0,0.0766351457841,0.0321592649311,0.0371283538796,0.0274979009236,0.228166438043,0.0335917312661,0.0116959064327,0.00636942675159,0.0380456547857,-0.0339536302624,0.0297577854671,0.0433705080545,0.0146179401993,0.0528676317795,-0.0422495206987,0.00154122784485,0.0155709342561,-0.0488549618321,-0.010492845787,0.0155143338954,-0.00077399380805,-0.0542360864942,0.0359477124183,0.029217174578,0.0449970396684,0.041959798995,0.0250138966092,0.0120727767386,0.0191277735272,-0.0392906815021,0.0322658903445,0.0172619047619,0.0442396313364,-0.00238521168754,0.0265821312238,0.00730371272063,0.0359304696857,0.0481349579232
-0.00226620335398,0.0244923592213,0.00423565652676,0.0359543817527,0.028231292517,-0.000462588180872,0.024003959416,0.0195618153365,0.0195780846866,-0.0216802168022,0.0143982441899,0.0197663971249,0.0183798502383,0.0111482720178,0.0152230971129,0.00350877192982,-0.0079554494829,-0.0303393213573,0.0481695568401,-0.0250526315789,0.00479846449136,0.044537230341,0.0183382299288,0.042735042735,-0.0152393949733,-0.00450563204005,-0.00423131170663,0.016982742698,0.039629005059,-0.0487127805772,0.0272754311174,0.0469569779643,0.0192864030858,0.0127272727273,-0.0193491644679,0.0356867102314,-0.0277861673211,0.0249458391742,0.0523944634025,0.0268703070331,0.0242376856919,-0.0323144104803,0.0338765008576,0.0197190041903,0.0103092783505,0.0417200365965,-0.00148367952522,-0.0274087540204,0.0245148110317,-0.000876001927204,-0.0135,-0.0640655105973,0.00316455696203,-0.000771604938272,0.0211576720245,0.00201612903226,0.00534441805226,0.011132940406,0.0518576997089,0.0122330960854,-0.0105155167992,-0.00425894378194,-0.0401284109149,0.128856041131,-0.0119561607439,-0.00542215336948,-0.0213643178411,0.0157728706625,0.00222897335139,-0.00963172804533,0.00144682903304,0.0124728850325,-0.00895497311828,0.000750750750751,-0.00217155266015,-0.00587544065805,-0.00117027501463,0.0211827007944,-0.000597728631201,-0.0020964360587,-0.016918429003,0.0185920069993,0.0277707561849
0.0121138703816,-0.0059256232121,-0.013036809816,-0.0148328408367,-0.0208402249421,-0.00809903968529,-0.0125664572257,0.00153491941673,-0.0175647514141,-0.0581717451524,-0.00984887329245,0.0449339207048,0.043449197861,0.0231532524807,0.0310237849018,0.020979020979,0.0136327185245,-0.0272839552378,0.0313725490196,-0.0196501835457,0.0124164278892,-0.0153231179214,-0.00854201236989,0.0170765027322,-0.00415752396351,0.00779482021624,-0.0014164305949,0.0306592775484,-0.0424439037578,0.0724336193696,-0.0241612262276,-0.0248058130794,-0.0274361400189,-0.0125673249551,0.00179372197309,0.0232380536766,0.00714507611059,0.0594168661217,0.0340043112609,0.0126528971497,0.0473282442748,0.043321299639,0.025715470759,0.0304568527919,0.0257320319432,0.0476023186369,0.00817236255572,-0.0296189791517,0.0149551345962,-0.00309061417737,-0.0395337050177,0.0560988162635,-0.0145110410095,0.0247104247104,-0.0748368741689,0.0181086519115,0.021264028352,-0.0239637305699,0.00934525857126,0.00659195781147,0.0054432348367,0.0299401197605,-0.0891861761427,-0.0135923711927,0.00605042016807,-0.0560747663551,-0.107238605898,0.0256211180124,-0.00258095693097,0.0669336384439,0.00409342643872,0.0166041778254,0.00227168698188,0.0225056264066,0.0148712368517,0.0189125295508,-0.00351493848858,0.105445116681,0.00956937799043,0.00235634794458,-0.00860479409957,0.00493895331002,0.0431901002829
-0.0197486535009,-0.0162384378212,-0.048951048951,0.0283479385991,0.0277027027027,-0.0108480111979,-0.00440528634361,0.0296296296296,-0.0569696969697,0.0235294117647,0.0313042541218,-0.0236087689713,-0.00256245996156,-0.0280172413793,0.00150451354062,0.0102739726027,-0.00791139240506,-0.027741439015,-0.0304182509506,0.00396475770925,-0.011320754717,0.00135317997294,-0.00572471899428,-0.012760241773,-0.00614635277746,-0.00798403193613,0.00567375886525,-0.00777257595169,-0.00310559006211,-0.0268243619448,-0.00746971971098,-0.075282631038,-0.0252918287938,-0.0218181818182,0.0384959713518,0.0346696520596,0.0117211597779,0.00337416562752,-0.0211410282761,-0.0349892253601,-0.00145772594752,-0.0484429065744,-0.0469065911848,-0.0147783251232,-0.0315743944637,-0.0373910127431,-0.0066322770818,-0.0371906949178,-0.00392927308448,0.00310019568611,0.0110817941953,-0.0126705653021,-0.0153649167734,0.0173323285607,-0.0495370525119,0.0388669301713,-0.0121457489879,-0.0139349701393,-0.0143967364643,-0.0170996143491,0.00335137922145,0.0166112956811,-0.0667074663403,0.0569944448452,-0.0290678249248,-0.0338283828383,-0.016731016731,0.0151400454201,0.00549459624628,-0.0466487935657,-0.000239808153477,-0.0115911485774,-0.0247796891122,0.0425531914894,-0.024303073624,0.0232018561485,-0.0123456790123,-0.0304925723221,-0.0159952606635,-0.0170787662503,-0.0223186608803,-0.00335785585641,-0.0341113819466
0.0517399267399,0.0229837024655,0.0245098039216,0.0257935373177,0.0420775805391,0.0471698113208,-0.00491642084562,0.00520962540313,-0.0112467866324,-0.0139367816092,0.0153192428033,0,0.0186255619782,0.0537694013304,0.0285428142213,-0.0101694915254,0.0247208931419,0.0442439352566,0.0615196078431,-0.0425625274243,0.0238549618321,0.0114864864865,0.0326906155553,0.0183673469388,-0.0282380396733,0.0533199195171,0.0267983074753,0.0874736604636,-0.0314358538658,0.101460776805,0.0789402731376,-0.0247290914143,0.0299401197605,-0.00371747211896,-0.0327586206897,-0.0718591670245,0.0176829268293,0.00808538635865,0.0749857515673,-0.0129674247321,0.0430656934307,0.0672727272727,0.0152736529487,-0.0161904761905,-0.0468959356856,0.0296115659293,0.0281899109792,0.0224684518313,0.0118343195266,0.034807768182,0.0151356993737,0.0217176702863,-0.0474642392718,0.0188888888889,0.069491823457,0.00190234622701,0.0474238875878,-0.0161507402423,0.0234718416489,-0.00111045306485,-0.0205549845838,0.00980392156863,0.0950819672131,0.168316155894,-0.0533379215416,0.0230572160547,0.0955497382199,0.0648769574944,0.00582047954619,-0.0123734533183,0.0239865675222,0.0277185501066,0.0123144165395,-0.00140745953554,-0.0362637362637,-0.0131519274376,0.0482142857143,0.0233870967742,0.00541842263697,0.0223605348087,-0.0729232720355,-0.0169989892493,-0.00227431889283
-0.0105935277899,-0.0200163398693,-0.0255183413078,-0.00546387154327,0.00757097791798,0.0105855855856,0.00296442687747,-0.00542941757157,-0.0198245043874,0.0180679003351,-0.0145306621843,0.00863557858377,0.0674653215637,-0.0252498684903,-0.0267770204479,0.0102739726027,-0.0303501945525,-0.0112176450525,-0.000346340337105,-0.0302474793767,0.0195712954334,0.0153640614562,0.00652008816937,-0.0187040748163,0.0148895292988,-0.0358166189112,0.00137362637363,-0.0100811701926,0.030701754386,-0.0328245170155,-0.0168080922218,0.0017094017094,-0.0373062015504,0.000932835820896,0.0374331550802,-0.0164874817268,0.0116836428999,-0.0106892150606,-0.0173006518439,0.0140109944631,-0.00559832050385,0.00425894378194,0.0137902214793,-0.0225072604066,0.0107778819119,0.0272373540856,0.00505050505051,-0.0091059602649,-0.0116959064327,0.00510485066723,-0.0241645244216,-0.0144927536232,-0.00136518771331,-0.0268993093421,-0.0162441221926,0.0246835443038,-0.030743432085,-0.00957592339261,-0.0275202588215,-0.0170458756392,-0.00577124868835,0.0145631067961,-0.0790419161677,-0.0154232634223,0.0123591421301,0.0183639398998,-0.00637196336121,0.00700280112045,-0.0300281990702,0.0250569476082,-0.0185055048021,0.0160788381743,-0.0349861220574,0.0281888653982,-0.0250855188141,-0.00965073529412,-0.0210107893242,0.0559495665879,-0.0335329341317,-0.0100338218715,0.0170998632011,-0.0223406244158,-0.0145442955562
-0.041067761807,0.0054189245519,0.0208674304419,-0.0456329184886,-0.0294301815905,-0.0394472921774,0.0408866995074,-0.0186104218362,0.0129310344828,-0.085015027909,0.0161634211221,0.013698630137,-0.0354400472534,0.0113329735564,0.00100050025013,-0.0152542372881,-0.0361155698234,-0.0440765014756,-0.0333756784848,-0.0586011342155,-0.0173674588665,0.00855263157895,-0.00277885128545,-0.00204220558203,-0.00177472787506,-0.0272412085191,-0.00685871056241,-0.035951078354,-0.0187234042553,0.0916721527321,-0.0607401759272,0.0912969283276,-0.0457976849522,-0.00186393289842,0.00257731958763,-0.0108748824083,-0.0242819070181,0.0195716233452,-0.00397537538902,-0.113905470203,-0.0372976776918,-0.00678541136556,0.0272052761748,-0.0651151275068,-0.0435790449699,-0.048418972332,-0.0646087580761,-0.0503531556163,-0.0390532544379,-0.0567743567048,-0.0105374077977,0.00882352941176,-0.0786056049214,-0.0268957788569,-0.0176488284253,-0.0185299567634,-0.0167243367935,-0.017955801105,-0.015723452527,-0.0196411068386,-0.045382585752,0,-0.0273081924577,0.035542633359,-0.0197486535009,-0.0155737704918,0.0140280561122,-0.0438108484006,-0.0193963340031,0.0644444444444,-0.0465393794749,-0.0816743236345,-0.0196896527235,0,-0.0378167641326,-0.0292343387471,-0.0116009280742,-0.0417910447761,-0.00123915737299,-0.0587917093725,0.030262273033,0.00870064059662,0.0144123682019
-0.00367084735393,-0.0325456053068,-0.0184368737475,-0.0409421992481,-0.0248387096774,-0.00638051044084,-0.0302886890677,-0.029582806574,-0.0104746317512,-0.0530267480056,-0.0449242223117,-0.0287162162162,0.0349050826699,-0.0421558164354,-0.0529735132434,-0.0240963855422,-0.0532889258951,-0.0261015997755,-0.0339307048984,-0.0331325301205,-0.00744186046512,-0.0071754729289,0.019487709456,-0.0279672578445,-0.000592627711272,-0.0860488798371,-0.00690607734807,-0.0232778635981,-0.0346921075455,-0.0905599593738,-0.0204363760434,0.0187646598905,-0.0084388185654,-0.0364145658263,-0.0394173093402,0.0296355474397,-0.0561456752656,0.0291461766313,-0.0193803311591,0.0126780784097,-0.0190058479532,0.00170794192997,-0.0469502407705,-0.000529661016949,-0.0232670867668,-0.0235375562478,-0.0268610897928,-0.024072296865,-0.0145730706076,-0.0132493241281,-0.00798722044728,-0.0320699708455,-0.0222551928783,-0.0138195777351,-0.0168090101739,0.0258023914412,-0.00469208211144,0.0056258790436,-0.0340831301074,-0.00692174581811,-0.00497512437811,-0.0494417862839,-0.0501336898396,0.0342654137062,-0.0014652014652,0.00582847626978,-0.0399209486166,-0.0552727272727,-0.0220578976889,-0.017745302714,-0.0120150187735,0.0105614230128,-0.0329620574119,-0.0143934201508,-0.0141815235008,-0.039913957935,-0.0340375586854,0.0241433021807,0.0117866004963,0.105568831483,0.088772845953,-0.0254976303318,-0.0180523996233
0.0234878722751,0.0098564388258,0.0102082482646,0.0357689716421,0.0568971220642,0.0507880910683,0.0468521229868,0.0450755601876,0.00363876943434,0.0918401057152,0.010225248383,-0.00695652173913,0.0497041420118,0.0323119777159,0.00263852242744,-0.0255731922399,0.0703605980651,0.000205846027172,0.102275537967,0.067497403946,0.0402999062793,-0.0223390275953,0.0655093765839,0.0526315789474,-0.00379506641366,0.0596100278552,0.0146036161335,0.0768014167941,-0.0251572327044,0.0815956165913,0.0503011704511,0.0194423126119,0.0367021276596,0,-0.000892060660125,0.0534454092001,0.0173633440514,0.0122252804829,0.0639474372765,0.0519095291064,0.0208643815201,0.0161977834612,0.0698947368421,0.019342872284,0.0233250620347,0.0854306983339,0.0212933753943,-0.0213881832336,0.0560299937513,-0.0109138664976,0.0504562533548,0.113453815261,0.01593323217,0.0459322693655,0.108980792525,0.0723926380368,0.0512669416618,0.0181818181818,0.0722215147472,0.0817424975799,-0.00694444444444,-0.010067114094,0.109078114004,0.0616620498615,-0.00843727072634,-0.0256622516556,0.121037463977,0.121632024634,0.0435189737107,0.0967056323061,0.0592855333164,0.0940594059406,0.0216125105347,-0.00347705146036,0.109741060419,0.0189195917351,0.101458080194,0.140684410646,0.0778663396689,0.0284823114175,-0.0329736211031,0.0104399701715,0.0306618136845
-0.0017999100045,0.00869934224485,0.0129345189976,0.0215244515404,-0.0118935837246,0.0185555555556,0.0160839160839,0.0236848666168,0.00576796308504,0.0411497730711,0.0332588724352,0.0271453590193,0.0349492671928,0.0356179168915,-0.00263157894737,0.0027149321267,0.076417419885,0.0391438567607,0.00504880511612,0.0170233463035,-0.00540540540541,-0.000672043010753,-0.0205052409833,0.0333333333333,0.0285714285714,0.038643533123,0.00753941055517,0.0346394019349,0.0153609831029,0.0354532694448,-0.0397328652376,-0.00401505646173,0.0133401744484,0.0164728682171,0.0142857142857,-0.016396892482,0.0303413400759,0.0241552561837,0.0273249427542,0.00273694250347,0.0832116788321,0.0830536912752,-0.00275482093664,-0.0127371978165,-0.0189136760427,-0.0027759634226,0.0239382239382,0.00669904538603,0.0069033530572,-0.00943180257314,0.0383239652529,0.00901713255185,0.0141896938013,0.0197245999256,0.0632255648483,0.0245995423341,0.00336322869955,-0.0281593406593,0.00770958663603,0.0128865979381,0.0517482517483,0.0127118644068,0.108502538071,0.0118979282993,-0.00406955234924,-0.0220900594732,0.040763863386,0.0590253946465,0.041614321608,0.0125968992248,-0.0119588615164,-0.0447461035696,0.0374342334415,-0.00209351011863,0.0296296296296,-0.0141705350599,0.0722559293988,0.066,0.00682593856655,-0.0437350359138,0.0409175449473,0.00648163003369,0.0103292014944
-0.0130728775357,0.0361800588978,0.00798084596967,0.0100723589001,0.0478302185619,0.023453692593,0.0328056893783,0.00608865075499,-0.037358676061,-0.0283347863993,0.00727609055454,0.0196078431373,0.0190631808279,0.0260552371027,0.0316622691293,0.0162454873646,0.0251908396947,-0.0449972272835,-0.012726054923,-0.0803443328551,0.0217391304348,0.0195023537323,0.0156965450257,0.0148387096774,-0.00439814814815,-0.0129081245254,-0.00204081632653,-0.00475609600598,-0.00907715582451,0.0163834809638,-0.00679988567618,-0.0120937263794,0.00253164556962,0.00667302192564,0.056338028169,0.011107545286,0.028527607362,0.0409714547562,0.0468074240756,0.0209673083683,-0.0363881401617,0.0170410534469,0.0142067876875,-0.0181674565561,-0.0271873455264,0.028819387588,-0.0120663650075,0.00249542505407,0.0284035259549,-0.00744164548186,0,0.011617515639,0.0346097201767,0.0222627737226,0.00490167302612,0.0223338916806,0.00614525139665,0.0289752650177,0.0448992559493,-0.0279191405146,-0.00744680851064,-0.0192468619247,-0.0269032627361,-0.0049507503481,-0.017087667162,-0.0269331016507,0.0391672547636,0.00259235255995,0.0321929314467,0.0392344497608,0.0203340595497,-0.0110526315789,-0.02196462335,0.0153846153846,-0.0341726618705,0.0247831474597,0.0421810699588,0.0281425891182,0.00112994350282,0.0671006509765,0.0244192972007,0.0672362674148,-8.06951060769e-05
0.0159866017052,0.022736500203,0.0110847189232,0.0108888761534,0.00967351874244,0.0116179918994,0.0195468680586,0.0246913580247,0.0171914893617,0.0291610587707,0.0122240005458,0.0158862876254,-0.00587920897916,0.0126968004063,0.0373401534527,0.00621669626998,0.0126582278481,0.0227706345915,0.0341474445952,0.0577223088924,0.0460992907801,0.0112137203166,0.0197401000666,0.00953591862683,0.0206928621251,0.0230769230769,0.0177232447171,0.0390163906422,0.0268702290076,0.0330512631837,0.00941835229793,0.0966590155573,0.00606060606061,0.0189393939394,0.0308333333333,0.0149177408263,0.0208768267223,0.00178668531034,0.0360805358214,-0.00534683544304,0.00839160839161,0.044935262757,0.0389105058366,0.0083132207026,0.0401422764228,0.0526818398854,0.0282442748092,0.0424825755061,0.0228571428571,-0.00514575766043,0.0177165354331,0.0185512367491,0.0142348754448,0.0739021777936,0.00295002482694,0.0376843255052,0.0133259300389,0.0116758241758,0.0253886518562,-0.003635570421,0.0257234726688,0.0264505119454,0.0258823529412,-0.0136304742161,0.0166288737717,-0.0598214285714,0.034974533107,0.0374919198449,0.0284293933846,0.0036832412523,-0.00379596678529,-0.02714209686,0.0248608802486,0.0227272727273,0.0186219739292,0.0103990326481,-0.0108588351431,0.0237226277372,0.015237020316,0.000234631628344,0.00406976744186,0.0226132154379,0.0203638389368
-0.0242769369099,-0.0220325526002,-0.0289741581832,-0.0366233913487,-0.0164670658683,-0.0189653355811,-0.0167755991285,-0.000708717221828,-0.0220883534137,-0.0453356582389,-0.0323899715503,-0.0246913580247,-0.0279569892473,-0.0155466399198,-0.0295857988166,-0.0238305383936,-0.0176470588235,-0.0198304878543,-0.0189153728406,-0.0395771878073,0.000847457627119,0.00652315720809,-0.0218865649648,-0.00566750629723,-0.0318906605923,-0.015037593985,-0.0140656396517,-0.0226063939102,-0.0187332738626,-0.00503798895946,-0.024594204534,-0.0155813953488,-0.0286144578313,0.00650557620818,-0.00970088924818,-0.0363465781747,-0.0312591294186,-0.00237799834574,0.0034333585113,0.0251267536804,-0.0284327323162,-0.0138483965015,-0.0134831460674,-0.0186170212766,-0.0351734245237,0.00861808285455,0.000742390497402,-0.0159184972939,-0.0232774674115,0.035059798254,-0.0251450676983,-0.0251517779705,-0.0224561403509,-0.00864361702128,0.0163375851826,-0.0236842105263,-0.0191780821918,-0.0237610319077,-0.0295235954411,-0.00218930161279,-0.0169801462905,-0.0157938487116,0.016628440367,-0.00567465321564,-0.00520446096654,0.00189933523267,0.0337926509186,0.00436137071651,0.0178592260833,0.0192660550459,-0.00643010240533,-0.0289934354486,-0.0203441224173,-0.0047138047138,-0.0285191956124,-0.0246529439923,0.0558882235529,0.0273321449792,-0.0105614230128,-0.00570803033857,0.0121598147076,-0.0194549119271,0.00960687155081
0.0327138688374,-0.0182666937284,-0.00483870967742,0.0663214264697,-0.00821917808219,0.0446783374503,-0.0177265676933,0.0106382978723,0.0150581793292,-0.00776255707763,-0.0104953357288,0.0185654008439,0.0359513274336,-0.0336220071319,-0.00508130081301,0.0216998191682,0.0059880239521,0.0575093090608,-0.0217318622534,0.0110058868697,-0.0338696020322,0.0356448476993,-0.0240883410375,-0.0151994933502,0.0109411764706,0.0330788804071,0.00815217391304,-0.0301857910629,0.0315151515152,-0.103186499325,-0.00608285839544,0.0985116938342,0.0594315245478,-0.00738688827331,-0.00489795918367,0.048156495087,0.00663449939686,0.0292387812209,0.00537681711979,-0.000873969609693,0.0278372591006,0.0524759793052,-0.00455580865604,0.0406504065041,0.0455696202532,-0.0326787588068,0.0140949554896,0.00161759948237,0.00190657769304,0.0504465799887,-0.0248015873016,-0.00444839857651,-0.0301507537688,0.0385647216633,0.0496575833118,0.0172506738544,0.0435754189944,0.0528511821975,-0.0147205219945,0.0120675784393,0.0345469040659,0,0.0428652002256,0.0575459733672,0.0127055306428,-0.0255924170616,0.0431609013012,-0.0663771712159,-0.0544863808964,0.02700270027,0.0280441035475,0.0501408450704,0.0383300341911,-0.01150202977,0.0511855476101,0.0373006134969,-0.0198487712665,-0.0375939849624,0.0561797752809,-0.0601080004194,-0.00171624713959,0.0519855810767,-0.0480610096683
0.046252230815,-0.0270829026256,-0.0235008103728,-0.0101545253863,0.00460405156538,0.0295055001542,-0.0200766974961,-0.0184795321637,0.00421443020904,0.0446387482743,-0.0146222845376,0.023198011599,-0.0218900160171,-0.00843437005799,-0.0194075587334,-0.058407079646,0.0267857142857,0.108059467919,-0.00102529049897,0.0703797468354,-0.0254163014899,0.0181476846058,0,0.00064308681672,-0.0445711625742,0.0559113300493,0.00134770889488,-0.00282721060117,0.0264394829612,0.0547813071678,-0.00874823105622,0.106451612903,0.0546341463415,0.0297674418605,-0.0147662018048,0.0015308930783,-0.0149790293589,0.0208687334013,0.0597913283613,0.0131408918312,0.0798611111111,-0.00421348314607,0.00724637681159,-0.0078125,0.0169491525424,0.0195258019526,0.0138990490124,0.0291505167959,-0.00951474785918,-0.0326760805924,0.0183112919634,-0.0536193029491,0.0621761658031,0.00710364869228,-0.00412207905656,-0.024377318495,-0.0267665952891,0.0125495376486,-0.0139450899578,0.0231247290071,-0.0226046750578,-0.0489864864865,0.0443482963764,-0.0789486833558,-0.0125461254613,-0.0184824902724,0.0693641618497,-0.0106312292359,0.0222831242753,0.00744960560911,0.0151550477967,-0.0112660944206,0.0376949740035,-0.0308008213552,-0.015395631937,0.0522829429856,0.0491803278689,-0.0432692307692,0.00159574468085,-0.0540231487938,0.101432664756,-0.00141594925238,0.00211166834583
-0.0089552238806,0.00849978750531,-0.0211618257261,0.0165588760036,-0.0302474793767,-0.00738965448372,-0.0343001841621,0.0345567206864,0.0179620614403,-0.0447870778267,0.00378349254167,-0.0113360323887,-0.0562227074236,0.0207336523126,-0.0447916666667,0.0366541353383,-0.0514492753623,-0.0198785396512,-0.0084388185654,0.042573320719,-0.0179856115108,0.0165949600492,0.000877146816834,0.0192802056555,-0.0121802679659,0.0132960111966,0.00942126514132,-0.0139847976205,0.0103033772181,0.0512818491423,-0.0273477333828,0.00777453838678,0.0212765957447,0.0243902439024,0.0174854288093,-0.0374581365393,-0.0051703163017,-0.0124896741342,-0.00550509221029,-0.0129704485695,-0.00900321543408,-0.0183356840621,0.00416508898145,-0.0304461942257,0.02,-0.0497036023712,-0.0108225108225,-0.0125539427226,-0.00384245917387,-0.13912501669,0.0529470529471,-0.0273843248347,-0.0334494773519,-0.0570695735813,-0.0273018831721,-0.00706137968495,-0.0247524752475,-0.0254403131115,-0.0247439623819,-0.0113010312191,-0.0186596583443,-0.0186500888099,0.0253754531331,0.0298920414474,0,-0.001982160555,0.0594594594595,-0.0543989254533,-0.0197506805246,-0.0956937799043,0.0103353238401,-0.0634834508953,0.000734864300626,0,0.0694545454545,-0.017535971223,-0.0395220588235,0.0138190954774,-0.0180562931492,0.0226133616369,0.00364203954214,-0.037774374681,0.0025521024349
-0.0238095238095,-0.0286557100716,-0.0432386604493,-0.0143147041079,-0.0233144297417,-0.0244466800805,-0.0364719904648,0.000230361667818,-0.000494722955145,-0.0287471176018,-0.0159428713776,-0.015561015561,0.015037593985,-0.0541666666667,-0.0272628135224,0.00181323662738,0.0328495034377,-0.0224791959365,-0.0155261644623,-0.05444646098,-0.0274725274725,-0.00423216444982,-0.0211382398822,-0.0258511979823,-0.00690505548705,0.0193370165746,0.00666666666667,-0.0215834318274,-0.0311614730878,0.00773135962446,-0.0148176388359,-0.00482160077146,0.0054347826087,-0.0255731922399,-0.0515548281506,0.0134894011848,-0.0220116172424,-0.0270307388818,0.00415167450872,0.0113914236297,0.00843608046723,-0.00287356321839,-0.0497737556561,-0.0349214943151,-0.0770308123249,-0.0203134996801,-0.0160466812546,0.00238379022646,0,-0.0153285426252,-0.0284629981025,0.0427184466019,-0.0209084354722,-0.0309418565114,-0.03587431309,-0.0136761487965,-0.0214326001128,0.0180722891566,-0.00311035519424,0.0542934704958,0.0216925549009,-0.0162895927602,-0.0691919191919,0.0163822166035,-0.00411061285501,-0.0605759682224,-0.0687432867884,-0.00142045454545,-0.0118651288282,-0.02886002886,-0.0243237099341,0.0063731170336,0.00667567883309,-0.0338983050847,0.0302618157089,-0.0139588100686,-0.0315789473684,0.0285006195787,-0.0432666306111,-0.0318581519389,-0.0222913426646,0.0154435602711,-0.0174144565915
0.0373200117543,0.0603036876356,0.0536109880372,0.0125194747385,0.0303225806452,-0.00701247808601,0.0331519049975,-0.000921234454169,-0.0242534235275,0.0220006331117,0.0129585206794,0.0382695507488,0.0524216524217,0.00936123348018,0.104260089686,-0.000904977375566,0.0591715976331,0.0646766169154,0.0806074766355,0.0609404990403,0.000941619585687,0.00850030358227,0.000895303239207,0.0504854368932,-0.00148994288552,0.0390695573622,0.0119205298013,0.0678554364582,-0.00233918128655,0.0351157875938,0.0398973221196,0.184108527132,0.0648648648649,0.0298642533937,0.00862812769629,0.0117605633803,0.0334479524852,0.0449126769239,0.0280227857405,-0.00780359319102,0.0643500643501,0.0266570605187,0.00674603174603,0.00925666199158,0.01062215478,0.113795918367,0.0177909562639,0.0493063812921,0.0154291224687,0.0422387315255,0.0283203125,0.0884543761639,-0.0103092783505,0.0270175438596,0.053343855957,0.0343871325568,0.0219020172911,0.0243261012492,0.0254561391609,0.0142295704025,0.0225425950197,0.0579576816927,0.0417797069995,-0.00684115055714,0.0412757973734,0.0803382663848,0.083044982699,0.0633001422475,0.00655734214742,-0.012877662209,0.0135135135135,0.0287852619459,0.0191316169035,0.0614035087719,0.0260726072607,0.0457182640984,0.0494071146245,0.122891566265,0.0616167326173,0.0225729600953,0.0307529162248,0.0802519301097,0.0220709101843
0.00269121813031,-0.0167757774141,-0.0121951219512,0.013243941309,-0.0209768315592,-0.0030117353827,0.0181992337165,-0.0348086675888,0.0158944876564,0.0175003871767,-0.0468154988576,-0.0432692307692,-0.00487276664862,-0.0147299509002,0.00456852791878,0.0371376811594,0.00209497206704,-0.00640359986154,0.0123243243243,0.00113071008593,-0.0169332079022,0.0258880192655,-0.0143835984042,0.0308071472582,-0.0193981596618,-0.013257987394,-0.0183246073298,0.00531429922164,0.0322391559203,-0.00419832785777,0,0.0654664484452,0.0279187817259,0.0263620386643,0.0119760479042,0.0139381916893,0.0293405928615,0.0520453401122,0.004021807132,0.00437823166987,0.055622732769,0.0301754385965,-0.00315333070556,0.0102834908282,0.001001001001,0.00762239812372,0.0211216314639,0.000755458185389,0.0379867046534,-0.0387386025893,0.000949667616334,0.01625320787,0.0260416666667,0.00854116843184,0.0144296140078,-0.0391420911528,0.0355329949239,0.00513478818999,0.0162102756663,-0.0106894708712,-0.00281978979749,0.00434782608696,0.021875,0.0506183791682,-0.00900900900901,-0.0440313111546,-0.0178381256656,-0.00602006688963,-0.00987769217346,0.0536879076769,-0.00551724137931,0.0156687185227,0.0151611276495,-0.00413223140496,-0.0164039884207,0.0213049267643,-0.0197740112994,-0.00697424892704,0.0335463258786,0.00958122196983,0.0267489711934,0.0141056987023,-0.0247312985961
-0.00494420115836,0.0195588847274,0.0178799489144,-0.00222366851068,0.00127918132395,0.0240625,-0.0211665098777,0.0346310007165,0.00749001331558,0.0129375951294,0.00396701540613,0.00502512562814,-0.00924918389554,0.0143964562569,-0.00859019706923,-0.010480349345,-0.001393728223,0.0370318759798,-0.0791328492097,0.0535351253671,0.00478468899522,0.0111502347418,0.0337610948759,0.00537955768081,0.0486938879026,0.0180616740088,0.004,-0.0706479067209,-0.0303804656445,0.0207119600921,-0.0371881861146,-0.0829493087558,-0.0189300411523,-0.0333904109589,0.0194420963652,-0.0465942439376,0.00470173376433,-0.0274201267699,-0.0654219334164,-0.0365300406328,-0.03264604811,-0.00681198910082,0.0253064452353,-0.023658872077,-0.009,-0.0733197556008,0.0492154065621,0.00988903147883,0.0146386093321,-0.00712713552039,-0.0208728652751,-0.00925925925926,-0.027556200145,-0.0487804878049,0.00388434499549,-0.03125,-0.00108932461874,-0.0185185185185,-0.0583243210767,-0.0344408427877,-0.0154241645244,0.0199134199134,0.0152905198777,-0.041027169324,0.0410909090909,0.07164790174,0.0178910273787,-0.063930013459,0.0015434324014,0.00285714285714,0.0522422561258,-0.0137741046832,0.00854098229309,0.0124481327801,0.0431654676259,-0.0243372446762,-0.0201729106628,-0.0297136682874,0.00309119010819,0.00923068047423,-0.00100200400802,-0.0082927087749,-0.015900841303
-0.0374787052811,0.00489795918367,-0.0121288163948,-0.0289721150188,-0.0025550942191,0.00640830027464,-0.00408457472369,0.0150046168052,-0.0100776474475,-0.0689706987228,-0.0367682947681,0.00166666666667,0.00054914881933,-0.00436681222707,0.00611620795107,0.00794351279788,-0.00697836706211,-0.00745767266864,-0.000463875681317,-0.0317324185249,-0.0795238095238,0.0104468949507,-0.0229487472126,0.00653983353151,-0.0224909310762,0.00908697533535,0.0451527224436,0.024848536873,-0.0368960468521,0.00362831357682,-0.00245429598423,0.0335008375209,-0.00335570469799,-0.0265721877768,0.0273631840796,-0.0112143140008,-0.00526469727991,-0.00498091648863,0.0195255761236,0.0126315358474,0.0325636471285,-0.0240054869684,-0.0188970304666,-0.0239504085658,-0.00302724520686,0.0466248037677,0.0421481985044,-0.012782179698,0.0522993688007,-0.0517259579859,0.0174418604651,0.018691588785,0.0820283370619,-0.0192307692308,0.073244502575,0.0316820276498,-0.0283533260632,-0.0110605074821,-0.017997756262,-0.0055951881382,-0.00783289817232,0.00509337860781,0.078313253012,0.00932304345574,-0.0331819769473,-0.0477554918816,0.0529960053262,0.0115025161754,0.0550833448868,-0.00332383665717,0.0239455184534,0.00782122905028,-0.0112809431504,0.0157103825137,-0.0438871473354,-0.0318485523385,-0.0245098039216,-0.0456570155902,0.0631741140216,0.0321262183097,0.0361083249749,-0.0161897892122,0.0394028801552
-0.0302359882006,0.00264012997563,-0.00677392040644,0.0252463054187,-0.0268972142171,0.00565999595715,0.00386007237636,-0.00500341141688,-0.00534045393858,-0.0153324725629,-0.0129326482397,-0.00582362728785,0.00878155872667,0.00603070175439,-0.0354609929078,0.00437828371278,-0.0154602951511,-0.0371962363772,-0.023088525351,-0.0307794508415,0.00879461976203,0.00919012062033,-0.0225892247421,-0.0277613703485,-0.0126175160811,0.00750428816467,0.059085133418,0.0152044824348,-0.0115536637276,-0.0346368242648,0.0338053817393,-0.0437601296596,0.023569023569,0.00272975432211,-0.0193704600484,-0.0275618503213,-0.0114672155248,-0.0216638722362,-0.0098093712193,0.0365525746518,0.0510321100917,-0.00140548137737,-0.0357704402516,-0.030311778291,-0.0177125506073,-0.0142492875356,0.00260926288324,0.0137048534868,-0.00599828620394,-0.00976845151954,0.047619047619,0.000834028356964,0.0778773259821,-0.0675381263617,-0.0278518292838,0.00167504187605,-0.0673400673401,-0.0381578947368,0.0129349085514,-0.0316500211,-0.0326315789474,-0.0118243243243,-0.0493482309125,-0.0565505208601,0.010838150289,-0.0210631895687,0.0257966616085,0.0092395167022,0.00674200460923,-0.0195331110052,0.0227419008796,0.105321507761,-0.0242656039082,0.014122394082,0.0403278688525,-0.0165631469979,0.00402010050251,0.0880980163361,-0.00869565217391,0.00252000775387,-0.055179090029,0.00961303462322,0.0160957313806
-0.0114068441065,-0.041523192222,0.0115089514066,-0.0206934206934,-0.0365251727542,-0.076783919598,-0.0211487623168,-0.0466285714286,-0.0246644295302,-0.00622848713326,-0.0191773834398,-0.0217573221757,0.0076169749728,0,0.0178571428571,-0.0313862249346,0.0249821556031,-0.0435195275424,-0.0558194774347,-0.0438656614119,-0.0323076923077,0.022766078543,-0.021254297744,-0.0619684082625,-0.032448008018,-0.0636305596936,-0.0113977204559,-0.0734682357028,-0.0159950784374,-0.0507205115851,-0.0529133248382,-0.109322033898,-0.0559210526316,-0.0471869328494,-0.0255144032922,-0.0225021996743,-0.0327186198691,-0.0437323535576,-0.0268844849303,-0.0404127089388,-0.0616475722859,-0.00562983814215,-0.0358744394619,-0.00863352188151,-0.0376094796497,-0.0597991479002,-0.0422901756669,-0.00149387511204,-0.0422413793103,-0.0163851493775,-0.0163636363636,-0.0641666666667,-0.0358056265985,-0.00739875389408,-0.0369548184905,-0.0128205128205,-0.0276774969916,-0.0266757865937,-0.0654575776527,-0.0403108657757,-0.0174102285092,-0.0239316239316,-0.000979431929481,-0.0338319282023,-0.00464617583989,-0.0768442622951,-0.0231755424063,-0.062676056338,-0.0308738039539,-0.0563654033042,-0.065869519614,-0.0346038114343,-0.0358048684081,-0.0437665782493,0.0450677592184,-0.0563742690058,-0.036036036036,0.0219839142091,-0.0194931773879,-0.0524832882161,-0.0322745901639,-0.0141208746873,-0.00437443166371
-0.0249230769231,-0.0118343195266,-0.0273914875685,0.0056868867083,0.0245901639344,0.0115392989332,-0.013994598576,0.0443538719731,-0.0178909341132,0.00197921820881,-0.0013034897521,-0.01625320787,-0.0205183585313,0.00217983651226,-0.0113519091847,0.040504050405,0.00696378830084,-0.0171634385681,0.0207547169811,-0.0109916367981,0.027027027027,0.0172509738453,0.0245524392764,-0.00129533678756,-0.00466140100997,0.0245454545455,0.00546116504854,0.00677224177606,0.0162550797124,0.045555914425,0.0182032831864,-0.0180780209324,-0.0121951219512,-0.012380952381,0.0430743243243,0.0204730441444,0.0079950799508,0.00772305312017,0.0247185891159,0.0376430415252,0.00697674418605,-0.0290162774239,0.0317124735729,0.027027027027,0.0406852248394,-0.00906295517074,-0.0149456521739,-0.0210203470975,0.002700270027,-0.014657980456,-0.000924214417745,0.013357079252,-0.0026525198939,-0.00745390349157,0.0365559322034,-0.0197628458498,0.0216584158416,0.0231904427266,0.0728907496697,0.0128661167032,-0.0102436323367,0.0148861646235,0.0411764705882,-0.0101334234082,-0.00179533213645,-0.00332963374029,0.0416456335184,0.0270473328325,0.024605279516,0.0118434603502,0.00426678643611,0.0275324675325,0.00227179557256,-0.00346740638003,-0.0301568154403,0.0195835399108,0.0332294911734,0.00104931794334,0.0477137176938,-0.00772549705557,0.0222339862361,0.0043924264746,0.0107399059596
0.031082360366,0.0297262617622,0.0229636048527,0.0102561259563,-0.004,0.0269048643995,0.0649900398406,0.0275482093664,0.00630583289543,-0.00246913580247,0.0398066581434,0.0130434782609,0.00110253583241,0.0288200108755,-0.0187891440501,0.0242214532872,0.00207468879668,0.0100216887293,0.0545902649415,0.024643633728,0.0247678018576,-0.00875273522976,0.0193436010268,-0.0136186770428,0.0104071809549,-0.0357142857143,0.012070006035,0.0256033070162,0.0104583205168,0.0931363175005,0.000926279788316,0.0823643410853,0.0246913580247,0.00385728061716,0.0121457489879,0.0133623601832,-0.0146430750458,0.00235417546284,-0.011826985396,-0.00174335468453,-0.0692840646651,0.0138483965015,0.0372950819672,0.0330409356725,0.0411522633745,0.0400130654908,0.0103448275862,0.0330098571101,0.0134649910233,-0.0218645788024,0,0.0079086115993,-0.00465425531915,-0.0296442687747,0.0199356408445,0.0103686635945,0.00726832222895,0.00480769230769,-0.0106140813835,0.0276470148696,-0.0425174825175,0.0155306298533,0.0612052730697,0.0129670704658,-0.0280575539568,0.0329621380846,0.0157499394233,0.0277980980249,-0.00362996592483,0.0106870229008,0.0178890876565,0.0242669362993,0.00679993864717,-0.000695894224078,0.029539800995,0.00705081449064,0.0391959798995,0.0214884696017,-0.0189753320683,0.0230631371743,0.0072501294666,0.00301507537688,0.0498121322217
-0.00902830910482,0.051298026999,0.0313426514189,0.00587170059815,-0.0528781793842,-0.0164535736743,0.0460603226561,0.0234584450402,0.00783289817232,-0.0046204620462,0.0323180245138,0.0214592274678,0.0446035242291,-0.000528541226216,0.0425531914894,0.0135135135135,0.0048309178744,-0.0139948167345,0.0465061930358,-0.0134402263617,0.00100704934542,0.00441501103753,0.0189945138951,0.0381328073636,0.0139049826188,0.0190936277893,-0.010137149672,0.0712930517983,0.0112633181126,-0.020992430614,0.0200227796329,0.0268576544315,0.0111876075731,0.0528338136407,0.044,0.0379287354619,0.0266253869969,0.00823302656268,0.0225008497661,0.0761351595306,-0.00992555831266,0.0222861250899,0.0213354405373,-0.0311350127371,0.0108695652174,0.0315640703518,0.019795221843,0.0378726237148,-0.00708591674048,-0.0268002727461,0.0629047178538,0.0444638186574,-0.0173680694723,0.0081466395112,-0.0047197640118,0.0245153933865,0.00481058328322,0.0184552289815,0.0289670779676,0.0101795971788,-0.0312591294186,0.0203908241291,0.0248447204969,0.0564258042783,0.0333086602517,0.100689952566,-0.0081106870229,0.0135231316726,0.032732900345,0.0528700906344,-0.0079086115993,0.0345508390918,-0.005264405173,0.0264623955432,0.0356387798248,0.0393529695799,0.0106382978723,0.0497691123653,0.0261121856867,0.0144448911608,-0.0169665809769,-0.00436007149434,0.0387749065484
0.0191476219889,-0.0179770841565,0.00616016427105,-0.0105837424986,-0.0554770318021,0.0118273841236,-0.00469378632097,-0.00873171796551,0.0246977547496,0.0338196286472,-0.0127656927837,0.00168067226891,0.00579862941487,0.00687466948704,-0.000510204081633,-0.0166666666667,0.0233516483516,0.0591393811956,0.0111656989728,0.0619024856597,0.0171026156942,0.0104395604396,-0.0248362782652,-0.0544648511716,0.00368253968254,0.0218961625282,0.00180722891566,0.0392970176635,0.0204695966285,-0.018830968008,0.0135834739687,0.0156931124673,0.023829787234,-0.0200729927007,0.00996168582375,0,-0.0205066344994,0.0262444928344,0.0117051610396,-0.0136756500492,-0.0413533834586,-0.0175808720113,0.000773694390716,0.050248320187,0.0200391006843,0.0167453189222,-0.0147255689424,0.0343525051671,-0.0249776984835,-0.0131903615926,-0.0391644908616,-0.0325542570952,-0.0108769544528,-0.0440404040404,-0.0431689904899,0.014468558709,-0.014961101137,-0.0194630872483,0.0104311762303,-0.0100770172029,0.0159831121834,0.00249791840133,-0.104761904762,-0.0534119897959,0.00680515759312,0.0430950048972,-0.122414622415,0.0428370786517,-0.0346826773317,-0.0215208034433,-0.0115146147033,-0.0310114503817,0.0158767974134,-0.0230664857531,0.0180810731992,-0.0178861788618,-0.0191387559809,-0.0376344086022,-0.0292177191329,0.00645435244161,0.0203974895397,0.0208622331021,-0.02852946861
-0.0245454545455,0.0154898410783,0.0130612244898,-0.0132884869872,-0.020202020202,-0.0487573715249,-0.0161688749158,-0.0530720105704,-0.00471936625653,-0.0566067992303,-0.0147798147798,-0.0109060402685,-0.00681341719078,0.00945378151261,0.0280755487494,-0.00169491525424,-0.0395973154362,-0.0480022689403,-0.0721068904594,-0.0589691649786,0.0108803165183,-0.00326264274062,0.0200021721816,-0.032819825854,0.0121457489879,-0.0839407996466,-0.000601322910403,-0.0672651224225,-0.0294985250737,-0.0482541239099,-0.0372373387415,-0.012017167382,-0.0307564422278,-0.00279329608939,-0.00834597875569,-0.00556705445721,-0.0141625615764,-0.0250058597846,-0.0550673127207,0.00164534496783,-0.0398692810458,-0.032927702219,0.020873598763,0.0314325452017,0.0445615716339,-0.10675250786,0.00951086956522,-0.0830290084752,0.0329368709973,0.0117923072174,-0.0117753623188,-0.0112165660052,-0.00756013745704,0.0156382079459,-0.00495609545871,-0.0224904004388,0.00182260024301,-0.0239561943874,-0.0547010230206,-0.0014542281684,0.00593647966756,0.00415282392027,-0.0280464216634,0.070574364157,0.0120953397367,-0.0215962441315,-0.0115100027405,-0.121885521886,-0.024782157254,-0.044477028348,-0.00089605734767,-0.00935499753816,-0.0364333813528,-0.00833333333333,-0.0403895731882,-0.026963103122,-0.0136585365854,-0.00660233621127,0.00582524271845,-0.0159198942424,0.00615069195284,0.00482255142279,0.0197345280597
0.0245417831625,0.0275356576862,0.00644641418211,-0.0317965912266,0.0309278350515,0.0198162293812,0.0111846610363,0.0483720930233,0.025232853514,0.0181879993201,0.0281262789032,0.0203562340967,-0.00263852242744,0.0218522372529,0.0148957298908,0.0220713073005,0.0510132774284,0.0280415596023,0.0478400571225,-0.000239177230328,0.0176125244618,0.0180032733224,0.0231947328258,0.0339335180055,-0.01175,0.0448517000241,0.00481347773767,0.038706632051,-0.0136778115502,0.0622700108923,0.00402444574475,0.0512597741095,-0.00514579759863,-0.0186741363212,0.0107115531752,0.0236309481088,0.0212367270456,0.0151580332515,0.0548481256918,0.0309148963659,0.0142954390742,-0.0177646188009,0.0367285119273,0.0264293419633,0.0270642201835,0.0600067046597,0.0262449528937,0.0286293958521,0.0265721877768,0.0211740297779,0.0366636113657,0.10907504363,0.01108033241,-0.0116521015397,0.0650479129446,0.0387205387205,0.0266828380837,0.0259467040673,0.0502239546499,0.0378649967232,0.000590144585424,0.0198511166253,0.0835820895522,0.00314663310258,0.0066783831283,0.0182341650672,0.0568339340172,0.066717791411,0.0325673397598,0.0808184143223,0.02533632287,0.0457256461233,0.0447473184639,0.0259103641457,0.0319402985075,-0.0106951871658,0.0464886251236,0.038854805726,0.0250965250965,0.0328979335182,0.0198675496689,0.0152467318962,0.0153701328332
-0.00636749545179,0.00674763832659,0.0452361889512,0.0150640655662,0.0374074074074,0.00423360833695,0.00880361173815,0.0323868677906,-0.0122233234225,-0.0108514190317,0.0103338360829,0.0124688279302,0.0359788359788,-0.0112016293279,0.0308219178082,0.0199335548173,0.0279255319149,-0.0553865101789,-0.00965360590574,-0.00789473684211,-0.0317307692308,-0.0085744908896,0.0191827390037,0.0468854655057,0.0208702251455,0.0311562427879,0.00838323353293,-0.00980416908615,0.0104776579353,0.0185399447127,0.0224957747573,0.0256198347107,0.0586206896552,0.00856327307326,0.0280090840273,0.0166523514873,-0.0186544342508,0.000573337321767,0.0064954661739,0.0110462618161,0.0208053691275,-0.00904295403165,0.00255661066472,0.0194429847609,-0.00089325591782,-0.0131246046806,0.0295081967213,0.0197969172328,0.0362381363244,0.0450552733791,0.0176834659593,0.0188827694729,0.00821917808219,0.0168421052632,0.028084890075,0.0253916801729,-0.0076786769049,0.0170881749829,0.0410567747593,0,0.0271306399292,0.0243309002433,0.0266299357208,-0.00439146800502,0.0293296089385,-0.0160226201697,0.0207240293809,-0.0172537742631,0.0243779158221,0.0553715097018,0.0279903783075,0.00998098859316,0.0162570511007,0.0245733788396,0.026612669945,0.0238329238329,0.0160680529301,-0.00492125984252,-0.00188323917137,0.0260390724445,0.00699300699301,0.0292519849561,0.0388245726774
-0.0109856576137,0.0225967062428,-0.00153198008426,-0.00869960766475,-0.0396287040343,-0.0174035239434,-0.00514656522712,-0.0517834121186,0.0369565217391,-0.0956962025316,0.0367049567851,0.0385878489327,0.00612870275792,0.0128733264676,0.0237304224015,0.000814332247557,-0.0310478654592,-0.0295662844652,-0.0514908256881,0.00554617795997,0.025819265144,0.0135135135135,-0.000850890030972,-0.0287907869482,0.001362904225,-0.0188003581021,-0.00356294536817,-0.0469437881389,-0.0128087831656,-0.0237257929571,-0.0524435887855,-0.0556003223207,-0.049674267101,0.00377358490566,-0.0368188512518,-0.0155864756289,-0.0542224992209,-0.0522060838586,-0.0221376510748,-0.0132629752271,-0.0269559500329,0.0403041825095,0.00364298724954,0.010824742268,0.0286097451945,-0.0331677615767,-0.0242038216561,-0.0352435530086,-0.0183180682764,-0.00345931728515,-0.01303214596,0.00540540540541,-0.000679347826087,0.0583850931677,0.00454882571075,-0.126975763962,-0.0208333333333,0.00604838709677,-0.00898565404229,0.00280642671718,0.00258397932817,-0.0292953285827,0.00268336314848,-0.0119722747322,0.027815468114,-0.0632183908046,-0.00719609354922,-0.119970738844,-0.0253865966664,-0.0304932735426,-0.00361625186131,-0.0169411764706,-0.00219405966532,-0.0233177881412,-0.0171879402649,-0.0151187904968,0,-0.0336300692384,0.0245283018868,-0.0214407076782,0.00396825396825,-0.00203004466098,-0.0100303676995
-0.00848503548288,0.00692883895131,0.0341388569237,-0.010898244809,0.0646840148699,-0.0353135313531,0.012595591543,-0.0287786086562,0.0299951620706,0.0190369540873,-0.0133486534071,0.0284584980237,-0.0152284263959,0.00254194204372,0.0241075567918,0.00244100895037,-0.0253671562083,-0.000908875365526,0.00858420988998,0.0119904076739,0.0242013552759,0.032,0.00514375255484,0.0105401844532,0.0336550358822,-0.0100364963504,0.00119189511323,-0.00581869741436,0.047265987025,-0.0312489113395,0.00223229204261,-0.00682593856655,-0.0119965724079,0.0488721804511,0.019877675841,0.0261143707855,0.035255354201,0.0702091027377,-0.0240587599832,0.0308484674467,-0.0797297297297,0.00438596491228,0.00689655172414,0.0140234574197,-0.00999565406345,-0.0127610208817,-0.0156657963446,-0.0357885357885,-0.0118744698897,0.0224918954586,0.0167253521127,0.042242703533,-0.0210740992522,0.0183881064163,0.00885957572476,0.00784550392275,0.000607902735562,-0.0133600534402,0.00856620976841,0.0244875113692,0.020332187858,0.0154975530179,0.0463871543265,-0.00759991496599,-0.0023102310231,-0.0337423312883,0.0238156872897,-0.0149625935162,-0.0301284420391,-0.0300647548566,0.00512382578992,-0.0387745332695,-0.00364292746964,0.0197817189632,-0.00401376146789,0.0660331384016,-0.0353488372093,-0.0317297850563,0.0340699815838,-0.0151030757359,-0.0454545454545,-0.00539056143206,0.028601570621
-0.0248949743271,0.0137623209968,-0.0248516320475,0.0193110647182,-0.00174581005587,0.0309043220436,-0.0182141270546,-0.0205319645357,-0.0217629560044,-0.068315018315,-0.00352976224509,-0.0269023827825,0.00463917525773,-0.0121703853955,-0.0199185151652,0.0113636363636,-0.0116438356164,-0.0199343432346,-0.0330855909854,-0.0312796208531,0.0189035916824,-0.0273901808786,-0.0204527739181,-0.0273794002608,-0.00682307876466,-0.0246543778802,0,-0.0367893726567,-0.0259587020649,-0.0559551208285,-0.00571500973619,-0.0524054982818,-0.0112749349523,-0.0143369175627,-0.00524737631184,-0.0432014474448,0.00318268618714,0.00566137371207,-0.0579995262977,0.0314572706857,0.0132158590308,-0.0232896652111,-0.00144196106705,-0.00176012069399,-0.0127304653205,-0.0496894409938,0.0331564986737,-0.0293392884645,-0.0111587982833,-0.0267949833057,-0.0147186147186,-0.0191599115696,0.00277777777778,-0.0453323088744,-0.0408352441821,-0.0365269461078,0.0182260024301,0.00473933649289,-0.00749510861386,-0.0307314074985,-0.0527645242773,-0.0152610441767,-0.0537084398977,-0.0897552616077,-0.0132318888521,-0.0010582010582,-0.0743362831858,-0.0210970464135,-0.0464634337318,-0.0166905102527,-0.00424808836024,-0.0453187250996,-0.00803715537402,-0.0120401337793,-0.0097869890616,-0.0256,-0.0347155255545,-0.0813953488372,-0.0169189670525,-0.0102137900157,-0.000517598343685,-0.0268432355047,0.0122648244007
0.00606350726025,-0.0020179783526,0.00190186382655,-0.0122318939523,0.00454704442113,0.0169247787611,0.00701357466063,0.0223916150548,0.00816261203585,0.0371535286023,0.00118075520015,0.0126382306477,0.0128270908158,-0.0041067761807,0.00230946882217,-0.00561797752809,0.016632016632,0.0261108196457,0.0580213240764,0.0332681017613,-0.0120593692022,0.00318809776833,0.0191326309962,0.00201072386059,0.00277208629625,0.0177179305457,-0.00654761904762,0.0373284785048,0.0015142337977,-0.00722230687186,0.0245742761521,0.038077969175,0.0149122807018,-0.00181818181818,0.0293896006029,0.0161270181072,0.00539340101523,0.113603614605,0.0215515029608,0.0312573839662,0.00869565217391,0.00894187779434,0.0245487364621,-0.00277078085642,0.00177856825256,0.0570570570571,0.0590500641849,0.0310194367315,0.0260416666667,0.0460704607046,-0.0114235500879,-0.030803906837,0.00207756232687,-0.0185110663984,0.0208545269583,0.0142945929149,-0.0310262529833,0.0195417789757,0.0191269536384,0.0102163038117,0.0168888888889,0.0179445350734,0.0135135135135,0.0880155321527,0.0254777070064,0.0442796610169,-0.00518983884185,0.131034482759,-0.0146877685869,0.0484966052376,0.0087457337884,0.0417318727178,0.00295533787149,0.0270819228165,-0.00843023255814,0.00328407224959,0.0759240759241,0.0402761795167,0.0190217391304,0.0364140114783,0.00517866390471,0.0405611306678,0.0197823812485
-0.00745440126883,0.00661764705882,-0.0121488230828,-0.0339246630573,-0.0257660167131,-0.0190362232133,0.00494270950348,-0.00116495806151,0.00127004286395,-0.11106899166,0.0106112476812,0.00702028081123,-0.00101317122594,0.0185567010309,0.0036866359447,-0.0484261501211,-0.0238582140423,-0.0408636828443,-0.0278884462151,-0.0179924242424,0.00845070422535,0.00317796610169,0.00597491215861,-0.0173913043478,0.00360576923077,-0.0111420612813,0.000599161174356,-0.0267790615209,-0.0196552766858,-0.0163530603475,-0.0146370521658,0.0157205240175,-0.0181503889369,0.0127504553734,0.00366032210835,-0.00396776628803,-0.00757336699274,-0.0217121928218,-0.0386725068062,0.00649733232955,-0.00862068965517,-0.01329394387,-0.0186751233263,-0.0396564789088,0.00976475810031,-0.00267379679144,0.0242424242424,-0.00923361034164,0.00169204737733,0.00137801785911,0.016,0.0131782945736,0.0234968901175,-0.0352603526035,-0.0335824613852,-0.0232843137255,-0.0264778325123,0.0337078651685,0.00888800714215,0.0108104338122,-0.0113636363636,-0.0352564102564,-0.0275555555556,0.0213594332991,-0.0160183066362,0.00770947453845,-0.0203185063152,-0.0167682926829,0.0744669029813,-0.0106382978723,0.0169168957496,0.00851276915373,0.00513177062641,-0.0355965721819,-0.000879507475814,-0.000935234977788,-0.0102135561746,-0.0586283185841,-0.00977777777778,-0.0354074033662,0.00721277691911,-0.00330724564504,0.0851090512682
-0.0153403643337,-0.0173484295106,-0.0138355111453,-0.0211053478805,-0.0396711937098,-0.0296074517631,-0.0140845070423,-0.00163284348029,-0.0199778024417,0.0155650319829,-0.000874488513758,-0.0154918667699,-0.00963488843813,-0.0197368421053,-0.0560146923783,0.00848176420696,-0.000698324022346,-0.0138188379054,-0.0102459016393,-0.0219382835101,-0.00558659217877,-0.0279831045407,0.00423521471357,0.00272294077604,-0.0246706586826,-0.00586854460094,-0.00179640718563,-0.0197767733604,-0.033004318322,-0.0164767009151,-0.0180233446491,-0.0111779879622,0.00616197183099,-0.0305755395683,0.00948212983224,-0.042232915587,0.0308426073132,-0.0201315951711,-0.000522512448859,-0.00573993073058,-0.0528985507246,-0.0261976047904,-0.0355475763016,-0.0497106785902,-0.0246153846154,-0.0279825737265,-0.0118343195266,-0.0117272444859,-0.0109797297297,-0.0182473716079,0.0244969378828,-0.00612088752869,0,-0.0420739481513,-0.00603217158177,-0.0426599749059,-0.0442757748261,-0.0345268542199,-0.0249641122451,-0.0196646657007,-0.0374300029472,0.00415282392027,-0.0146252285192,0.010165184244,-0.0172757475083,-0.0436883430642,0.012331838565,-0.0581395348837,-0.0766382782888,-0.0327255726975,-0.0110210022874,-0.0223435948361,-0.00729602424322,-0.00546821599453,-0.00704225352113,-0.00982915984086,-0.0403377110694,0.0716803760282,0.0188509874327,-0.0012725884449,-0.00306905370844,-0.0156032320981,-0.0788391903898
-0.0206101914963,-0.0154246422598,-0.00584567420109,0.0130945855411,-0.00669892072944,-0.0180550794195,-0.0104308390023,-0.00911214953271,-0.0195761203689,-0.0100776821331,-0.0154737722547,-0.014948859166,0.00204813108039,0.00567888487352,-0.0160505836576,-0.0159798149706,-0.0195667365479,-0.0299792099792,-0.00255754475703,-0.05077643579,-0.00468164794007,-0.00271591526344,-0.016046105249,0.00475220638153,-0.00810412573674,-0.016292798111,-0.00419916016797,-0.00942916831348,-0.0191387559809,0.00410092885642,0.00611579417376,-0.0417391304348,-0.0244969378828,-0.00742115027829,-0.0137283236994,-0.00997478697757,-0.0219000616903,-0.00948328128396,-0.0151607827146,-0.00505347855951,-0.00153022188217,-0.00999231360492,-0.0148920327625,-0.00332133960697,0.00270392068499,-0.0291329081193,0.00898203592814,-0.0134381139489,-0.0247651579846,-0.0126713576855,-0.0179333902647,0.0215550423403,0.00135043889264,-0.0275066548358,-0.00674308833446,-0.0281782437746,-0.0172071475844,-0.0112582781457,-0.0306200651426,-0.0214667792793,-0.00918554807103,-0.00744416873449,0.00278293135436,-0.031394129979,-0.00338066260987,-0.0237894736842,-0.00221483942414,-0.00411522633745,-0.00364006988934,-0.0135331077815,-0.0224978973928,-0.0243778567801,-0.0287183741186,-0.013058419244,-0.0351654846336,-0.0198534625384,-0.0268817204301,-0.078399122807,0.0229074889868,-0.0313172499717,0.00307850179579,-0.0477575071405,-0.00270154610265
0.00447390223695,0.0118912797282,0.0094080752646,0.00925814596609,0.00412139378044,0.0240893750727,-0.0107699358387,0.00282952133931,-0.0013201320132,-0.0795334040297,-0.00415377146672,0.0143769968051,0.0112416964742,0.0195071868583,0.0108749382106,0.0179487179487,-0.0199572344975,-0.0593681683741,0.0422466422466,-0.0888081017917,0.0206961429915,0.0294117647059,0.0248971158279,0.0027027027027,-0.0183213666749,0.00792126740278,0.016265060241,0.0241298069615,-0.00682926829268,-0.0021092379884,-0.0143963743461,0.0553539019964,-0.0170403587444,0.00560747663551,0.0190476190476,0.0193140626452,0.0208136234626,-0.00319905760613,0.0244183392344,-0.00723244078439,0.0344827586207,-0.00621118012422,0.0200302343159,0.0219383504582,0.0211235955056,0.0236150568182,-0.0183976261128,0.0015931177314,0.00788091068301,-0.000283937647293,-0.0165217391304,0.024868123587,-0.0391099123399,0.0871350364964,0.0273382422059,-0.0364126770061,0.0592592592593,0.0207635632954,-0.0258970878129,0.012227576782,0.0108158220025,-0.0208333333333,0.0222016651249,0.0673664844976,-0.00983717774763,0.0782833728704,0.0174805771365,0.0603305785124,-0.0189132072078,0.0573248407643,-0.00322650032265,0.0150963040083,-0.0106244875649,-0.0146239554318,-0.0226646248086,-0.00578731613214,-0.0316423907584,-0.0606781677573,0.118863049096,0.0253726980415,-0.0521739130435,0.0144567244035,0.0364521517965
0.0343121082151,0.0397313933968,0.0434951456311,0.00732666190136,0.0731343283582,0.0519318181818,0.06092193653,0.0606630613684,0.0409781890284,0.14930875576,0.0387159479725,0.0212598425197,0.0131379484588,0.0256797583082,0.0479217603912,0.031905961377,0.0712727272727,0.105860371856,0.0629100281162,0.114562553434,0.000921658986175,0.0375661375661,0.0159116279845,0.0498652291105,0.0197982345523,0.0588235294118,0.0077059869591,0.0691764684056,0.0445317616241,0.0905801977533,0.0779180908328,0.0481513327601,0.0939781021898,0.0650557620818,0.0079079798706,0.0684247000036,0.0160642570281,0.130203566173,0.0761621489976,0.0700697054489,0.0911111111111,0.05,-0.0129677658392,-0.00326086956522,0.0136443661972,0.0806591500434,0.0646916565901,0.0791315412756,0.0938314509123,0.0453861228663,0.0627763041556,0.0911764705882,-0.00491228070175,0.0344104070499,0.0463845469564,0.116864940518,0.0438652256834,0.0413385826772,0.0675185015111,0.0298443828608,0.00947722409049,0.04,0.0552036199095,0.0400486667343,0.0191846522782,0.032,0.0594491409872,0.115354637568,0.0567793163108,0.0861909175162,0.0593439792836,0.00666666666667,0.0490487206933,0.0572438162544,0.134440614228,0.0647586708707,0.048755186722,0.100063331222,-0.00769822940724,0.0460972689435,0.0555855369671,0.0529273879921,0.073448145754
-0.018341307815,0.018837459634,0.0104205433569,-0.00609071018863,-0.00730180806676,-0.00810197688236,0.0150655021834,0.000665041010862,-0.0115873015873,-0.10084202085,0.00200634756745,-0.00462606013878,-0.0194513715711,-0.00392734413353,-0.00186654223052,-0.00488201790073,-0.0353021045485,-0.10944904603,-0.0190675630993,-0.0866785988238,-0.00828729281768,0.020907700153,-0.00247646537869,-0.0513478818999,0.0154569061457,-0.057354925776,-0.158235294118,-0.0145582002664,-0.0520376175549,-0.110568303076,-0.0195761971671,0.0295324036095,-0.00750625521268,-0.021815008726,0.00356633380884,-0.00616188167822,-0.0148981453329,-0.0434345815949,-0.0495904777038,-0.0463878444661,-0.0543109300747,0.0014880952381,-0.0334084084084,0.00517993456925,0.0369083803734,-0.024077046549,-0.0414537194776,-0.0118652811556,-0.066719618745,-0.0893036650637,-0.0216306156406,-0.0471698113208,-0.0119887165021,-0.0555780933063,-0.0364100072869,-0.0175438596491,-0.0292326431181,-0.0119722747322,-0.00547699910467,-0.0051749120265,-0.0166565717747,-0.0180032733224,-0.090051457976,0.0128192630142,0.00100840336134,0.015503875969,-0.0460746460746,-0.01607267645,-0.057219836933,0.00341296928328,-0.0692605418619,-0.0188487009679,-0.00949591034017,-0.00802139037433,-0.0441988950276,-0.0391799544419,-0.0697329376855,-0.00921128382268,-0.0318076027929,-0.0515329063905,0.00511247443763,-0.0352146525336,-0.0342412640087
-0.0394800974817,-0.0227152667723,-0.0165745856354,-0.0411113755355,-0.0448336252189,-0.00675234153779,-0.00817380081738,-0.0170580416482,-0.0316364220331,-0.0780379041249,-0.0111591852507,-0.0441518202943,-0.0457782299084,-0.0349926071957,0.00420757363254,-0.0212591986917,-0.0675580577058,-0.112396464763,-0.0319101123596,-0.0769876819709,0.00185701021356,0.0364635364635,-0.0462818341746,-0.0663058186739,-0.0379931807112,-0.064662371749,-0.00279524807827,-0.061342536548,-0.0181878306878,-0.030996743628,-0.0190503857203,-0.0932270916335,-0.0596638655462,-0.042818911686,0.00213219616205,-0.021743237441,-0.016975308642,-0.0488683127572,-0.0769979025443,-0.0300498125943,-0.0861450107681,-0.0289747399703,-0.0252427184466,-0.0447518307567,-0.00376884422111,-0.0452302631579,0.0260663507109,-0.0598896181384,0.0289361702128,-0.0974343675418,-0.0331632653061,0.0876944837341,-0.0164168451106,-0.0614261168385,-0.0299715157168,0.0121173469388,-0.0451693851945,-0.015943877551,-0.0295425283657,-0.0454293244555,-0.0323375423468,-0.0316666666667,-0.0499528746466,-0.0570287309303,-0.0144392209537,0.0610687022901,-0.0501888828926,-0.0191761363636,-0.0559718013444,-0.031037414966,0.00809805209017,-0.0379023883697,-0.0258199581298,-0.038409703504,0.0280346820809,-0.0305832147937,-0.0228601807549,-0.09529343405,-0.00320512820513,-0.0432996207332,0.0167853509664,-0.0214227652935,-0.112870868361
0.0277401894452,0.0264864864865,0.0213483146067,0.0301544952535,0.029702970297,0.0425438596491,0.0149642160052,0.0333558710841,0.0132669983416,0.0906892382104,0.0202551881346,0.0259319286872,0.0490405117271,0.0209397344229,0.00186219739292,0.0167084377611,0.0415094339623,0.102544051715,0.0259981429898,0.100394297847,0.0120481927711,-0.000481927710843,0.0129982071438,0.0536231884058,0.00379746835443,0.0525510204082,0.0357393132446,0.0312523448638,0.02357696194,0.0612224271673,0.0128459928663,0.0826010544815,0.0312779267203,0.0456663560112,0,0.0357098965923,0.0310832025118,0.0835586803678,0.0510418038906,0.016226434032,0.0746268656716,0.00535577658761,0.0537848605578,0.011073253833,0.0197562000841,0.042721791559,0.00981524249423,0.0341927806426,-0.000827129859388,0.226218020758,0.0114335971856,0.0403120936281,0.0210449927431,0.0366132723112,0.0052232212463,0.0346565847511,0.0315374507227,0.0233311730395,0.0815255133241,0.0156215941292,-0.00732017823043,0.0292598967298,0.00396825396825,-0.012810043891,0.000340715502555,0.011690647482,0.0426136363636,0.0275162925416,0.0291944571342,0.0451952610794,0.0358228397742,0.041014570966,0.0265042979943,0.0238262088297,0.0345797019961,0.0271460014674,0.0560391730141,0.0879897238279,-0.0008038585209,0.0592545875004,0.0395197598799,0.0327170418006,0.0485212173752
-0.000164581961817,-0.00719677022995,-0.00733406674001,0.0469192314642,-0.0651709401709,-0.036600757257,-0.0262820512821,-0.0279171210469,-0.0342062193126,-0.0866962305987,-0.0224065089719,-0.022906793049,0.0162601626016,-0.0345172586293,-0.0343866171004,-0.0295809367297,-0.0144927536232,-0.052201049695,-0.031334841629,-0.0587100330761,-0.0192307692308,0.0120540019286,-0.0247949355025,-0.0557083906465,-0.0393442622951,-0.0404750363548,-0.0588633288227,-0.042815694692,-0.0292859493254,-0.111301587302,-0.0408171221395,-0.0600649350649,-0.0363951473137,-0.0401069518717,-0.086524822695,-0.00996728425406,-0.076431181486,-0.049808668164,-0.0887755048751,-0.0246753032972,0.00511695906433,-0.0418569254186,-0.0620037807183,-0.0477393990452,-0.0370981038747,-0.0515446885842,-0.0234419668382,-0.0192543725069,-0.0364238410596,-0.013801283088,0.0260869565217,-0.08125,0.0262970859986,-0.0754966887417,-0.0350541581573,-0.00426309378806,-0.00573248407643,-0.0322989233692,-0.0348269434422,-0.0339819716698,-0.0323821737736,-0.0225752508361,-0.0810276679842,0.0247634803288,-0.0194141689373,-0.016,-0.0634877384196,-0.0274841437632,-0.0529804460016,-0.044080604534,-0.00964158457346,0.0316226023847,-0.0317183398132,-0.0308008213552,0.0217391304348,-0.052380952381,-0.137557959815,-0.101534828808,-0.0193081255028,-0.0331443152821,0.0625601539942,-0.0487013829428,-0.0312946512934
-0.114732510288,-0.0834512022631,-0.0949390469154,-0.041537222414,-0.161523809524,-0.119978165939,-0.131446126838,-0.149876598609,-0.120488052872,-0.203447438699,-0.091674334392,-0.0582053354891,-0.151,-0.000518134715026,-0.0375360923965,-0.0254022015241,-0.121323529412,-0.191718633076,-0.208805325236,-0.201756954612,-0.0798319327731,-0.133873272987,-0.084216036995,-0.128914785142,-0.0498818587556,-0.158625915635,-0.0510424155284,-0.182463025166,-0.132203389831,-0.0729174108738,-0.0825272313445,-0.198618307427,-0.151978417266,-0.114206128134,-0.0395962732919,-0.133122164198,-0.0280250576986,-0.159272472586,-0.162175328397,-0.133181434599,-0.162909090909,-0.157267672756,-0.125352680371,-0.0395163668534,-0.0573630136986,-0.176101724438,-0.136416861827,-0.153148220571,-0.134020618557,-0.106051495107,-0.0991525423729,-0.167346938776,-0.0671745152355,-0.129417382999,-0.135049695931,-0.105198776758,-0.0973734785394,-0.114528795812,-0.174991684085,-0.123342960824,-0.0709078860172,-0.0419161676647,-0.148387096774,-0.154575723943,-0.0246613407433,0.110207768744,-0.0968868199011,-0.176811594203,-0.0922345265473,-0.219587176109,-0.180529100529,-0.111055276382,-0.131750090087,-0.000706214689266,-0.197872340426,-0.132412060302,-0.13082437276,-0.296977660972,-0.118129614438,-0.159936658749,-0.0489130434783,-0.0437486362645,-0.0987683254524
0.0174786165861,0.0532407407407,0.0424489795918,0.0322929171669,0.0454338936847,0.0338667659099,0.0636685194543,0.070467141726,0.0892100192678,0.0128009753124,0.0530187174862,0.0206008583691,0.0512367491166,0.0533955417315,0.019,0.0408340573414,0.0535564853556,0.0453647697815,0.090479704797,-0.0392516507704,0.037037037037,0.0731573157316,0.0392728519979,0.0710702341137,0.0493230174081,0.0681477033924,0.0356060606061,0.104825774658,0.03125,0.03113350223,-0.00141020813491,0.121767241379,0.0911983032874,0.0276729559748,0.0250606305578,0.0749950622161,0.0522388059701,0.0371628657711,0.0909725214964,0.0669600264803,0.0573414422242,0.052780395853,0.0658986175115,0.0435984034387,0.0326975476839,0.0350951374207,0.0969491525424,0.0566177149718,0.119047619048,0.0666850119244,0.032925682032,0.132352941176,0.0512249443207,0.0422380691168,0.0853311032646,0.041011619959,0.0631653655075,0.0776053215078,0.0838879728477,0.0646251319958,0.0691868758916,0.0696428571429,0.0151515151515,0.111409476071,0.0106837606838,0.00569568755085,0.0605670103093,0.112676056338,0.0894690100993,0.137872819358,0.111828512397,0.106840022612,0.0315816518113,0.0558303886926,0.180039787798,0.028091514625,0.114776632302,0.152336448598,0.0623255813953,0.0746325967815,-0.00952380952381,0.0425841414718,0.0446157634789
-0.0661549707602,-0.010989010989,0.000391542678152,-0.0286079776718,-0.116036505867,-0.063594912407,-0.0287410926366,-0.0453648915187,-0.00159207500442,-0.170628949744,-0.0133437186772,-0.0571909167368,-0.0879551820728,0.00295275590551,0.00490677134446,0.0025041736227,-0.0730738681493,-0.202338076401,-0.0739036275041,-0.248949980909,0.0185909980431,0.00153767298821,-0.00922258892556,-0.0967993754879,-0.0053982883476,-0.106239460371,-0.0892465252377,-0.0789421084192,-0.0223484848485,-0.0786693198061,-0.0647393715342,-0.0547550432277,-0.0568513119534,-0.0214198286414,-0.0276025236593,-0.0249141051316,-0.030303030303,-0.0867104255827,-0.104705115183,-0.0651666119201,-0.103533278554,0.0053715308863,-0.0268050151319,-0.0305972344807,-0.0263852242744,-0.0810866013072,-0.0877626699629,-0.0333916083916,-0.0567375886525,-0.0760455183879,-0.0227686703097,-0.140692640693,-0.0303672316384,-0.0789473684211,-0.084586627094,-0.0709126723572,-0.0293724966622,-0.0356652949246,-0.0917641049558,-0.0428486411426,0.00633755837225,-0.0308848080134,-0.146766169154,-0.109906040268,0.00352360817477,0.111650485437,-0.122114216282,-0.0411392405063,-0.0180912842095,-0.1137487636,-0.079674796748,-0.0561797752809,-0.039121022281,-0.0394912985274,-0.112110143299,-0.0732394366197,-0.0807644882861,-0.184103811841,-0.0901926444834,-0.0578528504142,0.00769230769231,-0.0585177687194,0.0493770097036
-0.0140900195695,-0.000925925925926,0.00900195694716,-0.00676403687298,0.0152409046214,-0.00999487442337,0.0393739300562,0.0111053719008,-0.0037207654146,0.0780116110305,-0.0141406326172,0.0633363068689,-0.0110565110565,-0.0117762512267,-0.02099609375,0.00249791840133,-0.0179948586118,0.059807549963,0.0298158433207,0.112353838332,0.00864553314121,-0.0168884339816,-0.00557025741621,0.0630942091616,-0.0320360074133,-0.0201257861635,0,0.0428540426941,0.00813638124758,0.022996897244,-0.0169336094993,0.0833333333333,0.0118495620814,0.0125078173859,0.00324412003244,0.0281132822069,-0.0166223404255,0.074055242545,0.021710659934,0.0326976008745,0.0604949587534,0.0222617987533,-0.00621945801866,-0.0597875569044,0.00722673893406,0.0382307179373,-0.0447154471545,0.0263157894737,-0.015037593985,0.0111993547186,-0.00838769804287,0.0554156171285,0.00145666423889,0.0497142857143,0.123733516227,0.0106007067138,-0.00687757909216,0.027027027027,-0.0219150783074,0.00787564766839,-0.0321511435201,0.000861326442722,0.0619533527697,-0.062070213536,-0.0161516853933,-0.0771470160116,0.0539792387543,-0.003300330033,0.00124203616706,0.0452008928571,-0.0196870267542,0.0384199134199,-0.0150533346625,-0.00418118466899,0.00443037974684,-0.0118541033435,0.018779342723,-0.00298210735586,0.0519730510106,0.00093090608192,0.0162213740458,0,0.00876885911369
0.00138944025407,0.000741427247451,-0.0190069821567,-0.027180136202,-0.0421307506053,-0.0597980843904,0.0150588235294,0.00102171136654,-0.0256091054597,0.0316391787277,-0.00748437564802,0.0151006711409,0.0149068322981,-0.0104270109235,0.0174563591022,0.0116279069767,-0.0148342059337,-0.00544768822461,-0.00979279023559,-0.00457038391225,-0.0114285714286,-0.00416449765747,0.000930474914396,-0.0333333333333,-0.011898249453,-0.0144415917843,0.029718875502,-0.00255188653414,-0.00999231360492,-0.0270889087125,-0.00535576428204,0.00093808630394,-0.0371690427699,0.00700020588841,0.00889248181083,0.00663453255869,-0.0321162947938,0.0318197520439,0.038379019378,0.0183357907073,-0.0535868625756,0.0339721254355,0.0147518998659,-0.0238863783086,0.0331838565022,0.0141297366731,0.022695035461,-0.00352453960701,-0.0482824427481,0.000951066114435,0,0.00159108989658,0.016,-0.00381056069679,0.00882206070022,0.0104895104895,0.0090027700831,0.0692520775623,-0.0255123405479,0.0189183631503,-0.0167808219178,0.00430292598967,0.0768702814001,0.0407743263232,0.0174875089222,0.0623028391167,0.0292186474064,0.0206953642384,0.0477365779038,-0.0325680726108,-0.000772399588053,0.000521104742053,-0.017955465587,-0.00629811056683,0.0749842470069,0.0455244540141,0.00526662277814,0.11665004985,0.130832570906,0.00189452654059,0.0169014084507,-0.00586970419016,0.0434119626905
-0.0236868186323,-0.00574180403778,0.0102807433768,0.00315945979433,-0.0475227502528,0.0338656387665,0.00602688919796,0.0290890533299,-0.000365030114984,-0.00293637846656,0.0116230107326,-0.0181818181818,-0.00673194614443,-0.0260913196187,-0.00343137254902,0.0114942528736,0.00620017714792,-0.0811095505618,0.00616310735273,-0.0463728191001,0.0134874759152,0.0151594354417,0.00466664187707,-0.00756938603869,0.00678200692042,-0.0582872028655,0.0507020280811,-0.0104916988756,0.0520186335404,-0.0743197122976,0.0265511052181,0.105904404873,-0.0386039132734,-0.0374156614189,0.00480769230769,-0.00247610377788,0.00977995110024,-0.0445403367805,0.02112406427,-0.0204558954559,-0.0566210045662,-0.0143218197136,0.025550660793,0.0416666666667,0.0151909722222,-0.00422208148617,-0.0423023578363,-0.0195419577328,0.012632845398,-0.0520750321829,-0.00375939849624,-0.000794281175536,0.0100214745884,0.0551912568306,-0.00505994940051,-0.0809688581315,0.0617707618394,-0.0123056994819,-0.020433686722,0.00282542885974,-0.0400557297109,-0.0025706940874,-0.0458891013384,-0.0532657727245,0.0312171168011,0.0259836674091,-0.0417862838915,0.0129764801298,-0.00936138887185,-0.0292494481236,-0.0157175985571,0.0104166666667,-0.0128213056294,0,-0.0621336459555,-0.0364813180347,-0.0543549443353,0.229464285714,-0.0186084142395,-0.00220037131266,-0.0230840258541,-0.0577867414942,-0.0147843169418
0.0378641762258,0.0296199701937,0.0215264187867,0.0199468906318,0.0525477707006,0.0849533954727,0.00921658986175,0.0322340689313,0.0215446412269,0.0932591623037,0.0155279404429,0.016835016835,0.052988293284,0.00360638845956,0.00245941957698,0.0162337662338,0.0325704225352,0.0780282766527,-0.0014245014245,0.101588830043,0.0446768060837,0.0221421215242,0.0288320965265,0.0440677966102,0.0111355512785,0.045643153527,0.00816629547142,0.000776772289203,0.0332103321033,0.0937795778213,0.0022446247145,0.0110169491525,0.0665566556656,0.0397196261682,0.0263157894737,0.0024822500867,0.0138360428917,0.00956472084512,-0.0258523719018,0.0701724464658,0.0968054211036,0.0119658119658,0.0850515463918,0.0434920634921,0.118854211201,0.0205639177443,-0.0448950036206,0.0208333333333,-0.00891089108911,0.0373783425486,0.0716981132075,0.152623211447,0.0276399716513,0.0424650440186,0.0187396351575,-0.0301204819277,0.0400775694893,0.0249180327869,0.057368086792,0.0354196015295,0.0181422351234,0.03264604811,0.0387441549766,0.124991841264,-0.00408163265306,0.0224312590449,0.102529960053,-0.0440352281825,-0.0396695647866,0.076179647527,0.0102094240838,0.020618556701,0.0426384915746,0.0387323943662,-0.0109375,0.0357251908397,0.0387811634349,-0.0290486564996,0.00906842539159,0.00975122320998,0,0.00970994260897,0.0720346773789
-0.0221048513302,-0.0197213678306,0.0187739463602,0.00841608137564,-0.0302571860817,-0.0557191948945,-0.0447488584475,-0.0393946673072,-0.00500446827525,0.0544747081712,-0.00336347423422,0.0223509933775,0.000585137507314,0.0169404517454,0.0441609421001,-0.00399361022364,-0.0434782608696,0.0215511130016,-0.154208273894,0.0301573426573,0.0345768880801,-0.0100755667506,-0.0479179782355,-0.0113636363636,0.00992522093814,-0.0244708994709,0.00662739322533,-0.0971597744674,-0.03,-0.0409325538573,-0.0459942634867,-0.0544844928751,0.00515729757607,0.0159346271706,-0.004662004662,-0.0131816112881,-0.00170590242238,-0.0207221915132,-0.0464539077691,0.021072016716,0.0511915269197,-0.0185810810811,-0.0435471100554,-0.00517188926072,-0.0267481849446,-0.0594100540091,-0.0394238059136,-0.0541567276261,-0.046953046953,0.105881619549,0.000880281690141,-0.0972413793103,-0.031724137931,0.0213611525087,0.0363557436649,-0.0465838509317,-0.00559353635799,-0.0147152911068,-0.0561070002167,0.00272108843537,-0.0345687811832,0.000831946755408,0.0340836012862,-0.0243095845904,-0.0194672131148,-0.126680820948,0.0416666666667,-0.204355108878,0.0303331226866,-0.11146328579,-0.0489764187613,0.0116161616162,-0.0231109686981,0.0128813559322,-0.0385466034755,-0.0392099056604,-0.046,0.00299177262528,-0.0196078431373,-0.0514246715578,-0.0425330812854,-0.0486665847364,0.00310546853504
-0.0246049209842,0.0188261351052,-0.000376081233546,0.0372260582408,-0.0176807072283,0.0055887704705,-0.0129063097514,-0.0105026256564,0.0296389437758,-0.0502412716435,0.0217841053573,-0.000404858299595,-0.00233918128655,0.0111055022716,0.0234962406015,0.0264635124298,-0.0329768270945,0.00166551006246,-0.0489121268342,-0.0470937632584,-0.0299032541777,0.00356234096692,-0.0170788384878,-0.0238095238095,-0.00242326332795,-0.0216949152542,-0.0387710314557,-0.0211792591865,-0.0427098674521,0.0694224413786,-0.0360702459597,-0.0425531914894,-0.0200102616727,0.00160868690931,0.024199843872,-0.00249072895334,0.0256322624744,-0.0169338006537,0.0688928017148,0.0198914381839,-0.0142737195634,-0.0361445783133,0.0293874172185,-0.0275229357798,-0.00274833137024,-0.0220848056537,-0.008681925809,-0.0299831869979,-0.0171907756813,-0.0251972942503,0,-0.16577540107,0.0128205128205,-0.0432879377432,-0.014686632808,0.0382736156352,-0.01,0.00324675324675,0.0326633165829,-0.0031013762357,0.0376522702104,0.0399002493766,-0.0466417910448,-0.0319914372361,-0.000696621386277,0.0567260940032,0,-0.0305263157895,0.019852048416,-0.00118906064209,-0.00190735694823,-0.0908637044433,-0.00727772197052,0.0327978580991,0.0446927374302,0.00859159251304,0.0342417889588,-0.0268456375839,-0.01,0.0469817972516,-0.0162882527147,0.00290660121431,0.0206195244246
0.0646021328958,0.0246376811594,0.04589917231,0.0281910274964,0.0428798305982,0.0473051570376,0.102179176755,0.0864291129644,0.0502442428472,0.0669456066946,0.0189200980723,0.0299716484407,0.0656506447831,0.00798801797304,-0.0114784205693,0.009375,0.12534562212,0.101427185811,0.151799964533,0.0957257346394,-0.00725294650952,0.0212981744422,0.0212389720722,0.0555088309504,0.106747638327,0.141025641026,0.0304414003044,0.123099893977,0.04,0.12667268375,0.126479410031,0.0944444444444,0.100523560209,0.0399518169042,0.0282012195122,0.031775977509,0.032322559147,0.0473634312115,0.133462685401,0.031474239075,0.0792163543441,0.0428571428571,0.0377965420185,0.0380503144654,0.00708661417323,0.0916892502258,0.0963375796178,0.0957149735195,0.0836177474403,0.0502515468687,0.0193491644679,0.154761904762,0.0112517580872,0.0782918149466,0.0985466429312,0.0745098039216,0.0239898989899,0.0187702265372,0.107526062015,0.0638148940307,0.0615439345429,-0.00559552358114,0.184605348989,0.0448430493274,0.0526315789474,-0.00460122699387,0.0715942028986,0.187839305103,0.00206806828921,0.105357142857,0.0939120939121,0.0241625480505,0.0403312407071,0.0181464679196,0.0471846492608,0.0651049589291,0.102702702703,0.114942528736,0.013468013468,0.0577583837273,0.0296036126443,0.0545823404392,0.00661009347179
0.0075130032749,-0.00937057991513,-0.0104316546763,0.0005629996622,0.0380710659898,0.0503517215846,-0.00681019332162,0.0425680390789,-0.012292358804,-0.0918767507003,-0.0132616876538,0.00668501769564,-0.0038503850385,0.0321941555225,0.0106827682304,-0.0123839009288,0.018018018018,0.0246571895836,0.0167821401078,-0.0219422998781,-0.0100456621005,0.00496524329692,0.0482571708198,0.0199203187251,-0.00963297158883,0.0324931673246,-0.0177252584934,-0.00546863217164,0.0451183431953,-0.0345512173035,0.0317696322369,0.010152284264,-0.00570884871551,0.011583011583,0,0.116682202782,-0.0145255003228,0.0528456321077,-0.0470979527125,-0.0188918745158,-0.0149960536701,-0.00599315068493,0.00697404106935,0.0145410481672,0.00625488663018,-0.0467521721142,0.0254175744372,-0.0397222954565,0.0314960629921,-0.0201794956503,-0.00172562553926,0.000793021411578,-0.0208623087622,0.011786892975,-0.0210661248972,-0.0306569343066,0.00308261405672,0.00635324015248,0.00799591600273,0.0127942681679,0.0063672922252,-0.0273311897106,-0.0143171806167,-0.0457404903286,0.00860927152318,-0.00616332819723,-0.00189342710306,-0.0146252285192,0.034270106742,0.0247711362412,0.0419266284003,0.0332439678284,0.00704686662564,-0.0299172501591,0.0366476419345,-0.0282776349614,0.0232843137255,0.0584192439863,-0.0282392026578,0.000877050511613,0.0253411306043,-0.00338941647073,0.00890875402038
0.0133843212237,0.0182045332857,0.0116321337695,0.0141233400855,0.0190709046455,0.029491246622,0.0203494802035,0.0276662204373,0.0245543222334,0.0672424429365,0.0292726305946,0.05,0.0138045278851,0.00815738963532,0.0266544117647,-0.0133228840125,0.059533386967,0.05868631062,0.0216535433071,0.0369754881595,0.00922509225092,-0.020256916996,0.0207555300201,0.01171875,-0.00221620290569,0.0197058823529,0.105263157895,0.045028701093,0.00743099787686,0.114407085393,-0.00140428785695,-0.036013400335,0.0172248803828,0.0343511450382,0,0.0232289342302,0.011464133639,0.00612731742168,0.10910570576,0.0311014030076,-0.00160256410256,0.00344530577089,0.0338591766064,0.000597193191998,0.029526029526,0.00499131944444,-0.0191218130312,0.016564473323,-0.00667938931298,0.0189092748167,0.0146931719965,-0.0126782884311,0.0142045454545,0.0778191985089,0.0405435453984,0.0165662650602,0.0424093423479,0.0246212121212,0.0277580192679,0.00577492239948,0.020646020646,0.0181818181818,0.0290502793296,-0.0369046885589,-0.00919238345371,-0.00232558139535,0.0111111111111,0.0927643784787,0.029937176929,0.0194429847609,-0.0196407185629,0.0254281266217,-0.013127808878,0.000656167979003,0.0388293248334,0.0402704291593,0.0532934131737,0.0681818181818,0.0495726495726,0.00652343242892,0.0389733840304,0.0466940376249,0.0230542034146
0.0281132075472,0.00420683610868,0.00610851598994,-0.0170892748155,-0.0134357005758,0.0522711709655,-0.0151745068285,-0.0293095961789,-0.0196979645437,-0.0609826589595,-0.0719687185471,-0.0409226190476,0.0245098039216,-0.00713945740124,0.0179051029543,-0.0190627482129,-0.0167046317388,0.0460976458309,0.00340892248407,-0.0292467948718,0.0109689213894,-0.0161371659102,0.000879476535566,-0.0023166023166,-0.00851431391905,-0.0170175944621,-0.0421768707483,-0.014280416427,-0.0284510010537,-0.0880213012196,0.0224265761554,0.015638575152,0.0395108184384,-0.0138376383764,-0.00370644922165,0.00604016316285,-0.0391839378238,-0.00221454619856,-0.0228280720063,0.0122217514585,0.0280898876404,-0.0206008583691,-0.0364719017492,-0.0393912264996,-0.0354716981132,-0.00950118764846,-0.012274368231,-0.00540151242348,-0.0192122958694,-0.0132914184867,-0.0247018739353,0.0762439807384,0.0175070028011,-0.0129701686122,-0.0105423117105,0.0585185185185,-0.0229952830189,-0.0067775723968,0.0358339193072,-0.00179430129907,-0.0241435562806,-0.0154220779221,-0.0358306188925,0.0750383828045,0.00132538104705,0.0559440559441,-0.00964888769767,-0.00933786078098,0.00850278539522,-0.0190721649485,-0.00537503053995,0.039979757085,-0.00974713378341,-0.00590163934426,-0.0125523012552,0.0240180842046,-0.0216031836271,-0.0571428571429,0.0187296416938,-0.0300519137136,0.0146386093321,0.0221591241731,-0.0142194383387
-0.0181684712791,0.0139640425903,-0.02,0,-0.0432879377432,-0.0177874186551,-0.0242130750605,-0.00134198165958,-0.00653047555258,-0.147737765466,0.0225131409303,0.0155159038014,0.0148856990962,-0.00431447746884,0.014072119613,0.0080971659919,-0.0455598455598,-0.0817027880938,0.0243722304284,-0.0817168799009,0.00542495479204,0.0189646335213,0.00618607430319,0.0332817337461,0.00721841941506,-0.0542840375587,0.0532670454545,0.00813513484041,-0.0144613159798,-0.0473709899277,-0.0442077671441,0.0615911035073,-0.0524886877828,0.0233863423761,-0.00446428571429,0.0206471734893,0.0195483653522,-0.00332919194722,0.0239120277667,-0.0120741837852,-0.00780640124902,-0.0525854513585,0.0119737350328,0.0127368748058,0.0782472613459,0.0331371266623,-0.00584795321637,-0.0236241853729,-0.0287952987267,-0.0101168185121,0.00873362445415,0.0089485458613,-0.036476256022,-0.0341655716163,-0.002807640622,-0.0342897130861,-0.00663850331925,-0.00868486352357,-0.0399127659916,0.00215703192407,-0.0016716817118,0.0288540807914,-0.0146396396396,-0.00850937221065,0.0268034414295,0.0971302428256,-0.00460081190798,0.0334190231362,-0.0677908130109,-0.0204939569101,-0.0297224269221,-0.0681265206813,-0.0286619064908,0.0343007915567,-0.0677966101695,0.0253863134658,-0.013364323068,0.0322372662798,-0.013589128697,-0.0418869053555,-0.058611361587,-0.0268908044331,-0.0137807999436
-0.0566355140187,-0.00378722671716,0.0160349854227,0.0570138300875,0.025927808846,0.0132508833922,-0.00203022783668,0.0286674132139,-0.0227540873083,0.0249187432286,-0.0146772629142,0.00878533231474,0.00523834468308,-0.00722195474242,-0.00390286209887,0.00321285140562,0.00970873786408,-0.0295165087222,-0.0128334534968,-0.0139325842697,0.00809352517986,0.0135814889336,-0.0158067558599,-0.00823970037453,-0.00469541579142,-0.0226497052436,0.00202292650034,-0.00655510725064,0.048422597212,0.0796761902988,-0.0272512205413,0.0185334407736,0.00955109837631,-0.0118829981718,-0.0156950672646,0.0139345138963,0.00396694214876,-0.0373485664492,0.0206428621872,-0.000717009418896,0.0346184107002,0.059204440333,-0.0351145038168,0.0150306748466,0.016328011611,0.033129352184,0.00955882352941,0.022341707611,0.015530455829,0.038594014681,-0.04329004329,0.050258684405,-0.0542857142857,-0.00907029478458,-0.00945734568644,-0.0130434782609,-0.0109356014581,0.00876095118899,0.0310384375557,-0.00573970440522,0.0180843938379,0.00801282051282,0.06,-0.111331172728,0.0241701579117,-0.00737759892689,0.041870581838,-0.0257048092869,-0.0825169693634,0.0348712446352,-0.00329113924051,0.00365535248042,0.0147642087339,0.00956632653061,0.0233333333333,-0.00861141011841,-0.0106007067138,0.0393504059963,0.015397082658,-0.0101315013358,-0.0229885057471,-0.0136550912301,0.00308101636291
-0.0707350901526,-0.0160705028512,-0.0261836441894,-0.0761014686248,-0.103567888999,-0.0409764603313,-0.0605786618445,-0.030916612236,-0.0319075543291,-0.174770965469,-0.0378668800549,-0.0253691783415,-0.0568004168838,-0.0203685741998,-0.0217675228559,0.00720576461169,-0.0849358974359,-0.0950988928971,-0.0993280747882,-0.108477666363,-0.0454950936664,-0.00347394540943,-0.00445438250901,-0.0506042296073,-0.0288019863439,-0.104444444444,-0.0444145356662,-0.0966779542906,-0.0825752274318,-0.0681622088007,-0.0659742392205,-0.101265822785,-0.0553453169347,-0.0555041628122,-0.044039483675,-0.0680821566884,-0.057951926243,-0.0862825461083,-0.0420421219589,-0.0424154463325,-0.0730038022814,0.00349344978166,-0.0284810126582,-0.0583257781807,-0.0392716886826,-0.0845588235294,-0.0611798980335,-0.044613710555,-0.0981132075472,-0.0371598662571,-0.00995475113122,-0.168191414497,-0.0400302114804,-0.0503432494279,-0.0307322287547,-0.0888399412628,-0.044226044226,-0.0341191066998,-0.0408605169798,-0.0331938230625,-0.0401315789474,-0.0357710651828,0.0199460916442,0.0128993043831,-0.0264317180617,-0.0878378378378,-0.0310542797495,-0.141276595745,-0.00445892985683,-0.10057024365,-0.100838201676,-0.031737773153,-0.04450765327,-0.0202147820594,-0.093870299082,-0.0678610206298,-0.0482142857143,-0.0841346153846,-0.0502793296089,-0.0493182375828,0.00686274509804,-0.00963718820862,0.0593933756784
0.0421108742004,0.00439058658237,0.00147329650092,-0.0014450867052,0.0193477059149,-0.005,0.0526948989413,-0.0128061109863,0.00516657758774,0.0111016225448,0.035485851205,0.0306915306915,0.0132596685083,0.0222772277228,0.00845571873609,0.0158982511924,0.0472854640981,0.0657089834353,0.0262731106066,0.00920245398773,0.0280373831776,0.00996015936255,0.00358301543727,0.0230708035004,0.0130384762879,0.0581354129741,0.05,0.0317434488079,-0.00495804729214,0.0444444444444,0.0576152844692,0.0105633802817,0.014521782674,0.000979431929481,0.022239872915,0.0309978493928,0.023068857043,0.0583120063843,0.00111120988532,0.0285417482672,0.01394585726,-0.0165361183638,0.0301302931596,0.0198973042362,-0.0104050538833,0.0336903168228,0.0256012412723,0.0438496583144,0.0389781986347,0.0414172783738,0.0091407678245,0.0126903553299,0.000786782061369,-0.00433734939759,0.00167932425997,0.0346494762288,0.0147814910026,0.0353243416827,0.0140183758951,0.0264964920137,0.00616860863605,0.00577081615829,0.0211416490486,-0.00480064008534,0.019069166128,-0.0755555555556,-0.00350121195799,0.0842418235877,-0.0156125516346,0.0207492795389,0.0553672316384,0.00967221923697,0.00854517807808,-0.0141843971631,0.0454248366013,0.0055329062318,-0.0100062539087,0.13845144357,0.0529411764706,0.0249244156036,-0.0433300876339,0.0285903654385,-0.060145251291
0.0598465473146,0.0257037943696,0.0294225818316,0.0266859623734,0.0347071583514,0.0650982183646,0.0205714285714,0.059399180701,0.031017369727,0.140202702703,0.00280162934348,0.0211081794195,0.0283533260632,0.0227602905569,0.0167696381289,-0.0532081377152,0.0852842809365,0.141825217672,0.0695322376738,0.153495440729,0.0154545454545,0.0414201183432,0.0464306648431,0.0443234836703,0.0264984227129,0.0941373534338,0.0174379610999,0.0955599301365,0.0571100038329,0.0868794326241,0.0854470327189,0.0270034843206,0.0750246791708,0.0283757338552,-0.00777000777001,0.0221925972396,0.00136658694909,0.0227520931926,0.0560482617769,0.0540093050979,0.0566343042071,0.0504424778761,0.0391304347826,0.0352422907489,-0.00112654900488,0.0798618605655,0.0242057488654,0.0940170940171,0.0508690122933,0.0523219562447,0.0317028985507,0.062656641604,0,0.0929332042594,0.0295515964368,0.0973520249221,0.0398986700443,0.0279156327543,0.0602507300932,0.0450810732204,0.016348773842,0.00901639344262,0.0274327122153,0.0553396757336,0.00792895654932,0.0761217948718,0.0294594594595,0.099634369287,0.0452545312341,0.0993788819876,0.0313169164882,0.0415114422565,0.0254608001359,-0.0202746893394,0.0700218818381,0.0558934260064,0.0732785849653,0.0697406340058,0.0502793296089,0.051586445068,0.00865139949109,0.0301388319372,0.0381434998816
-0.0564671814672,0.0228435049437,0.0207216863165,0.000563824988723,-0.0545073375262,-0.0466437915505,-0.0232922732363,-0.00107411385607,0.00412583806086,-0.0951851851852,-0.00465951529599,0.0143964562569,0.00530222693531,0.00189393939394,0.0256076388889,-0.000826446280992,-0.0385208012327,-0.0532647989155,-0.0783096926714,-0.0970575318401,-0.0286481647269,-0.00284090909091,-0.00341181063602,-0.0320178704393,-0.0374923171481,-0.0783833435395,-0.0395517468688,-0.0571527592642,-0.00181290790428,-0.0815660685155,-0.0240611388409,-0.0415606446141,-0.0569329660239,-0.0294957183635,-0.0133124510572,0.00699654775604,-0.0272944387581,-0.0866575140467,0.00630639626241,-0.014546254261,-0.0558958652374,-0.0117944397641,-0.0562951692659,-0.0507598784195,-0.0225563909774,-0.0617629422347,-0.0709010339734,-0.0526097074468,-0.0794675272287,-0.0264059561532,-0.00965759438104,-0.0432389937107,-0.0283018867925,-0.0367581930912,-0.0455948474906,-0.0759403832505,-0.0401948842875,0.0138805069403,-0.0547427290722,-0.00904473665901,-0.0191018766756,-0.0268074735987,-0.0659949622166,-0.0547232097511,-0.0116425424795,-0.00893521965748,-0.0514570753479,-0.0390689941812,0.0195784994372,-0.0821777092964,-0.0677394238256,-0.0183955033214,-0.0542337081444,-0.0166889185581,-0.0575518550979,-0.0540318156884,-0.0412007062978,0.0775862068966,-0.0425531914894,-0.0446770662288,-0.0423814328961,-0.0166330215234,-0.0327135339684
-0.0214833759591,-0.00916666666667,0.0150507525376,0.00783275104249,-0.0748337028825,-0.015521313688,-0.00206374684705,0.00344086021505,0.00975860297894,-0.039705280393,-0.00623964184328,-0.0145560407569,-0.0137130801688,-0.00945179584121,-0.00338552687262,0.00496277915633,-0.025641025641,-0.085376767496,-0.0294966335364,-0.056420233463,0.0138248847926,0.0208926875594,0.00427510560022,-0.0169230769231,-0.0195402298851,-0.053488372093,-0.0267673301304,-0.042435998213,-0.0207046857973,0.0239786856128,-0.0479098202919,-0.016814159292,-0.0433300876339,-0.02,-0.0119047619048,-0.00556139629139,-0.00771659066994,-0.00384138958093,0.0104447914436,-0.0154623563356,-0.0113544201135,-0.0179028132992,-0.0354695687223,-0.0150496317643,0.00538461538462,-0.0308904985087,-0.027027027027,0.108430564085,-0.0133654688869,0.0148973327688,0.0150709219858,-0.0542317173377,0.00242718446602,-0.0179310344828,-0.048613410069,-0.0399385560676,-0.0298223350254,0.00357142857143,-0.0286850735685,-0.000702099276838,-0.0153741031773,-0.0150250417362,-0.0399137001079,-0.035325721961,0.00764087870105,-0.0240420736289,-0.0235261555494,-0.00519031141869,-0.0211042897803,-0.0475657526581,-0.0389755011136,-0.0109318063509,-0.0296461727098,-0.00543109300747,-0.0402975821451,-0.0345027544216,-0.0497237569061,0.0675,0.00714285714286,-0.0451550526391,-0.0121180189673,-0.0125484300006,0.00943425981031
0.0246732880293,0.00874684608915,0.00413793103448,0.0102879507968,0.0491312162972,0.0503827259225,0.0284926470588,0.04029147021,0.00186503899627,0.0950554134697,-0.00125640654874,0.0177252584934,0.0294117647059,0.0152671755725,0.0182590233546,0.0172839506173,0.0271381578947,0.0786040443575,0.0431119920714,0.0587628865979,0.00363636363636,0.0176744186047,0.0102437121585,0.0328638497653,0.0186270678651,0.0530010530011,0.0141043723554,0.031648821511,0.0326409495549,0.0867302688638,0.0273797955455,0.043204320432,0.0432569974555,0.0324129651861,0.0104417670683,0.0146783930377,0.0261576528809,0.0115825800232,0.0754484890145,0.0107183912699,0.0574241181296,0.0520833333333,0.027998328458,-0.00195058517555,0.0298393267024,0.0369311936689,0.0228758169935,0.0755045508508,0.00821674439263,0.0112631990614,0.0602620087336,0.0390964378801,0.0121065375303,-0.00983146067416,0.0338597430407,0.04,0.0058862001308,0.0219454329775,0.0329371371212,0.0179161104476,0.0242886884108,0.0127118644068,0.023595505618,0.0332776385408,0.0132701421801,0.0238645111624,0.0422335600907,0.0678260869565,0.0135927140445,0.0804935370153,0.0220162224797,0.0210526315789,0.045579674173,0.0109215017065,0.0364987080103,0.06996996997,0.0297157622739,0.03981264637,0.00788022064618,0.0359647477967,-0.0138666666667,0.0336729913329,0.062344522687
0.00204060810121,0.0190095047524,0.0106456043956,0.0147766893575,0.0336950314106,0.00174026539047,0.0127345844504,0.0111248454883,0.00693856828567,0.00817438692098,0,0.0206821480406,-0.00831168831169,0.0164473684211,0.0154295246038,0.0113268608414,0.0224179343475,-0.0164499546417,-0.0102929532858,-0.0175267770204,0.00271739130435,0.0251371115174,0.0312085550724,0.0234848484848,0.0318414322251,0.00266666666667,0.018776077886,0.0018719302062,0.024066091954,0.0215482841181,0.0147627443117,0.0215703192407,0.00292682926829,0.00581395348837,0.0262321144674,0.0289472094709,-0.00344471236652,0.0114499599459,0.0245096861318,0.0388305967161,0.0574088440652,0.0321782178218,0.0191056910569,0.0130293159609,0.0167161961367,0.00869196523214,0.0151757188498,0.00147177864449,0.0187224669604,0.0178668110449,-0.00329489291598,-0.00919732441472,0.00239234449761,0.00520094562648,0.0188478964401,0.0107692307692,0.0169050715215,0.0261172373767,0.00934796172471,0.0155300938708,0.0260840108401,0.0142259414226,0.019758507135,-0.00316668912545,0.0171499844091,-0.00977443609023,0.0198531411477,-0.0105863192182,-0.0141436620443,-0.00489396411093,0.0204081632653,0.0489690721649,0.00766109888213,0.0101282916948,0.0112184481147,0.0140331181589,-0.00188205771644,0.018018018018,-0.00234558248632,0.0327613669273,0.0178474851271,0.00829981304175,0.0282594784659
0.000712758374911,-0.0148911798396,-0.0248046211349,-0.0100894415358,-0.0298342541436,0.028447339848,0.0330906684315,0.00672371638142,0.0114285714286,0.0111969111969,0.0399370684718,0.00675435478137,0.0288108957569,-0.0129449838188,-0.0123203285421,-0.0016,-0.00391542678152,0.0116214720531,0.05952,-0.00545094152626,0.00813008130081,-0.0325456977263,-0.00981669000098,0.0377498149519,-0.032222084521,-0.00598404255319,-0.0348122866894,0.0372829446955,0.0143809189758,-0.0578125,-0.00815760431891,0.035472972973,0.00291828793774,-0.0202312138728,0.000774593338497,0.0133986880146,-0.0110611821638,-0.0194999385506,-0.0243924177108,0.00408641613595,0.0322817314747,-0.0399680255795,0.00358994814519,-0.008038585209,-0.0599196200219,0.0250105086171,-0.0275373721479,0.0125652141965,-0.0155675675676,0.0267477203647,0.0132231404959,0.0784810126582,0.0206841686555,0.0126999059266,0.0776560872106,-0.0441400304414,0.0210997442455,0.00904977375566,0.0468375619523,0.0186909535785,-0.00957411687025,0.00990099009901,0.0220667384284,0.0549509969584,-0.0450643776824,0.0478359908884,0.016,0.0156378600823,0.0359414654514,0.0404371584699,-0.0152777777778,0.0260442260442,0.0180540980447,0.0213903743316,0.028967642527,-0.00719623581511,0.00817096165933,-0.00442477876106,0.0101880877743,-0.0358933015528,-0.00850159404888,0.0323079084141,-0.019360599009
0.0331705331705,-0.00664451827243,0.00731707317073,-0.00705195306044,0.0136674259681,0.00929054054054,-0.00619261157378,-0.0536328678405,0.0204386839482,0.124856815578,0.00362593471461,-0.00706214689266,0.0570264765784,-0.0271662763466,-0.0182952182952,0.00721153846154,0.0534591194969,0.117918794068,0.0839625490788,0.216741405082,0.0134408602151,0.0073732718894,0.00826989790047,0.0527817403709,-0.200025611474,0.0852842809365,-0.0332390381895,0.0680353424627,0.0542876901798,0.030679933665,0.0504458177335,-0.0522022838499,0.0931134820563,0.031465093412,-0.0356037151703,0.00991977293133,-0.00838867528836,0.0795370666964,0.00961626302403,0.0067727370458,0.0511727078891,-0.007493755204,-0.0202702702703,0.0259319286872,0.0132141469102,0.0641787984417,0.0258899676375,0.0378809869376,0.0256973424116,-0.00569863824748,0.0195758564437,0.0172143974961,0.00935307872175,-0.127728750581,0.0256785116367,0.0732484076433,0.0118973074515,-0.0134529147982,0.0535941974457,0.00667200427008,-0.056,-0.00245098039216,0.137440758294,-0.0153126601743,-0.0747993579454,0.045652173913,0.0695538057743,0.0542949756888,-0.0549859559407,0.0646008403361,0.0425952045134,-0.0014367816092,0.0261486031639,0.0137434554974,0.0212638514525,0.0409813214385,0.0667082294264,-0.0173333333333,0.00543056633049,0.0342119614616,0.0584137191854,0.0260715743639,-0.0454410890792
0.0732716170967,-0.0138795986622,-0.00242130750605,0.017033790157,0.0516853932584,-0.00271966527197,0.0268586162441,0.0260906757913,-0.000325679856701,0.105906313646,0.0135604610372,-0.0131578947368,-0.00674373795761,-0.00818488204141,-0.0512494705633,-0.0230708035004,0.0694029850746,0.118257938234,0.0409584842575,0.152334152334,0.025641025641,-0.0301921317475,0.00901738251313,0.0264227642276,0.0725148071074,0.101386748844,-0.00512070226774,0.037980493994,0.0577238438832,0.0699919549477,0.076293263863,0.0163511187608,0.0434782608696,0.0247855100095,-0.00802568218299,-0.0143965356544,-0.00458230525203,0.0689294837062,0.0666679366228,0.00201357638624,0.0324543610548,0.0293624161074,0.0470588235294,0.0502369668246,0.00268507863445,0.0348747591522,0.0906940063091,0.0442595441197,0.0633832976445,0.0333953603771,-0.0112,0.0315384615385,0.0046332046332,0.0537806176784,0.0096096372247,0.103115727003,0.0408415841584,-0.01875,0.0227160003968,0.0278698303287,0.0257768361582,-0.027027027027,0.0222222222222,-0.0225779165853,0.029840388619,-0.01386001386,0.0446625766871,0.0445810914681,0.0107960414515,0.0577207696103,0.0524891774892,0.0263788968825,-0.00910227761947,-0.020658489348,0.0381231671554,0.046598821639,0.0286382232613,0.0402532790592,-0.0177469135802,0.0690430992055,-0.00759493670886,0.0155160066838,-0.0031316012146
-0.0319324646724,0.00474817703917,-0.0100554785021,-0.0393889798145,-0.0331196581197,-0.0382840360814,0.0112994350282,-0.0425177157149,-0.00472389640007,-0.0457335788828,0.000295013959939,0.021981981982,-0.0179437439379,0.00339805825243,0.0133928571429,-0.000814332247557,-0.0293091416609,-0.0408421257354,0.0167291220557,-0.0490405117271,0,-0.00283018867925,-0.0422437337384,-0.026402640264,-0.044776119403,-0.041130386122,-0.0213235294118,-0.00370677704183,-0.0362790697674,-0.0578947368421,-0.0234200446856,0.0118543607113,-0.030612244898,-0.026976744186,-0.0218446601942,-0.0265657961737,0.032223796034,-0.0444742146107,-0.0156263952139,-0.0328832189018,-0.0176817288802,-0.00162999185004,-0.0244091437427,-0.0279783393502,0.00420811017598,-0.0188046918637,-0.0144613159798,-0.0174757281553,-0.0140958517922,0.079397853593,-0.0655339805825,-0.0111856823266,-0.0399692544197,-0.0348660939869,-0.0181027415976,-0.0114324142569,-0.0225921521998,-0.0138969310944,-0.0241464597478,-0.063868201309,-0.00413080895009,0.0126262626263,-0.0253623188406,0.113367061643,-0.0269541778976,0.0182712579058,-0.0187925769321,-0.0389992641648,0.00185264545904,-0.03125,-0.018766066838,-0.0289719626168,-0.0330609289335,0.00593276203032,-0.0194915254237,-0.0171443193449,-0.01875,-0.00869565217391,-0.0235663786332,-0.0144031568563,-0.0234693877551,-0.00446615127455,-0.0101777350873
0.0568720379147,0.0359493670886,-0.00560420315236,0.0352112676056,0.12817679558,0.0678372777838,0.0320711773226,-0.00195907705703,-0.0189852700491,0.135413316179,0.0136730567506,0.0394922425952,0.0666666666667,-0.0222544750847,0.0607929515419,0.038304808476,0.0460100647017,0.0835403254423,0.0388311175464,0.0758594917788,0.0129310344828,0.00709555345317,0.0670041339745,0.0522033898305,0.015,0.091917128684,0.0353117956424,0.0227822470038,0.0228442728443,0.0343176376696,0.0294902697771,-0.034309623431,0.0570175438596,0.00956022944551,0.0314309346567,0.0716196625267,0.0305317324185,0.0988986005153,0.0376406023222,0.0277519794733,0.036,0.0489795918367,0.0798252581414,0.0702568864129,0.0544761904762,0.0956356736243,0.00880410858401,0.0588115033392,0.0324754901961,0.0552293251479,0.0441558441558,0.0904977375566,0.0160128102482,0.0429319371728,0.0679715219962,0.0945578231293,0.0377128953771,0.0252495596007,0.115788113567,0.0444276071084,0.020048392672,-0.000831255195345,0.111524163569,0.034379671151,0.0214681440443,0.0441683919945,0.0713430691884,0.0436447166922,0.0553976150991,0.0813673567646,-0.00104794341106,0.0620789220404,0.0636326679077,-0.00786369593709,0.054163065399,0.0757615204374,0.0880138969311,0.0868421052632,0.0450522928399,0.0371680234886,0.0292580982236,0.00873625941181,0.0384020856505
0.0123766816143,0.0197132616487,0.00951039098274,-0.0194206714944,-0.0230166503428,0.0131753651312,0.0174418604651,0.014612868048,0.00517183850517,-0.00028328611898,0.036059653501,0.0196743554953,-0.00138888888889,0.0267194458189,0.0191029900332,0.00313971742543,-0.0151202749141,0.024,-0.0254688291941,-0.0239666550886,0.0204255319149,0.0549553781118,0.00953570750838,0.0225515463918,-0.0166256157635,-0.0165686798503,0.0159651669086,-0.0534097281482,0.00660585089651,-0.0131172839506,0.0151065194817,-0.00259965337955,-0.00995850622407,0.0113636363636,0.0104250200481,-0.00762890336258,-0.0296271637816,-0.00475851129859,0.0131130916736,0.00202174911931,0.02574002574,-0.0108949416342,0.000367782272895,0.00867553499132,-0.00975433526012,-0.0242466227918,0.00363636363636,0.0232992212139,-0.0203758654797,-0.0269176450749,-0.00746268656716,-0.036652835408,0,-0.0396586345382,0.0163510813863,-0.00435052827843,0.00468933177022,0.0057273768614,0.00664974167112,-0.0138495020774,-0.0135547272111,-0.00582362728785,0.0183946488294,-0.0028901734104,-0.0135593220339,-0.0555188367482,-0.00603351955307,-0.01100513573,0.0253594722337,-0.0235975066785,0.0262260687123,-0.00543724512913,0.00179034821267,0.00792602377807,0.0248701831101,-0.00387221684414,0.0164981373071,0.0189669087974,-0.00307929176289,-0.0093932960175,0.00456852791878,-0.00340702210663,0.0177445576361
0.0306520198441,-0.00511263780157,-0.0181437543615,0.00576256014322,-0.00601503759398,0.00655241935484,0.000591133004926,-0.0036543422184,-0.0560995850622,0.0300368376311,0.0135808044839,-0.00332667997339,-0.000463606861382,-0.00289156626506,0.0187449062755,0.00860719874804,0.0104675505932,0.0588907163743,-0.0362761669484,0.0135231316726,0.0166805671393,0.0026714158504,0.00394743025423,0.0289855072464,0.00673137132123,0.0396739130435,-0.0171428571429,-0.00240055223004,0.016875,0.0742767787334,0.0195338715247,0.018245004344,0.0301760268231,0.0440074906367,0.0269841269841,0.0173145571577,0.0205831903945,0.0106365778168,0.0634181698946,-0.0026902265293,-0.0207026348808,-0.00786782061369,0.03125,0.0240825688073,0.0142283838015,-0.0450834220802,0.00217391304348,0.00691867413045,-0.0228190630048,0.0220084914652,0.0242272347536,0.0308686288586,0.0346729708432,0.0355462624151,0.0894562546736,-0.0043695380774,0.00700116686114,0.0529612756264,0.0356837881007,0.0307964956865,0.0450017176228,0.0117154811715,0.0673234811166,-0.00869565217391,0.0216494845361,-0.00139958012596,0.0959982014388,-0.0111275964392,0.00686568434879,0.03146374829,0.0265780730897,0.0300683371298,0.0205020080321,0.00917431192661,0,0.0325558794947,0.055497382199,-0.0257425742574,0.0532818532819,0.0172111450283,0.0601313794846,0.0150056107936,-0.0378624832025
-0.0484785972151,0.0146137787056,-0.00319829424307,-0.0194136952773,-0.0226928895613,0.00490736104156,0.013981882631,0.0122977346278,-0.000879198171268,-0.0398899587345,-0.0413161765756,0.00200267022697,0.0102040816327,-0.00773320444659,0.008,0.00310318076028,-0.00621546961326,-0.0283039219916,-0.00107933081489,-0.0189606741573,-0.0155865463495,-0.0111012433393,-0.00157588428953,-0.0257195345989,-0.0110402736744,-0.0269210663879,-0.00508720930233,0.00553558887925,-0.0288875230486,-0.00436681222707,-0.0191596101614,-0.0179180887372,-0.0105777054516,-0.00986547085202,-0.00850077279753,0.0182770148924,-0.000336134453782,-0.0315853226525,-0.00446287295418,0.000674370842657,0.014734144779,-0.00793021411578,0.0139037433155,0.00811870100784,-0.00611510791367,-0.00557620817844,-0.0187997107737,0.00318570803923,-0.0225253151478,-0.0364349300551,-0.0179445350734,-0.0313370473538,0.126428027418,-0.0706713780919,0.0295536554754,-0.0169278996865,-0.00347624565469,0.0297458085452,-0.00382778390109,-0.00356830051578,-0.017422748192,0.00248138957816,0.0876923076923,-0.00584795321637,-0.0349815001682,0.0280308339173,0.0188717948718,0.00525131282821,-0.00920456604457,0.0278514588859,-0.00721931789893,0.00574966828837,-0.0471655418036,0,-0.0213333333333,0.0338823529412,0.0545634920635,0.00121951219512,0.00953079178886,-0.0198250542715,0.0228789323165,0.0791124595053,0.0711519714231
0.00921409214092,0.0145615701171,0.00106951871658,-0.00550260948491,0.0108359133127,0.00578034682081,0.00582637405321,-0.0168371696505,0,0.0186246418338,0.0267906089858,0.0176548967355,-0.00872359963269,-0.0034096444228,0.00555555555556,0.00386697602475,0.000694927032662,0.0373429243817,-0.0756347920043,-0.0200429491768,-0.0025,-0.00449034575662,0.0055008595093,0.0207416719045,-0.00408805031447,-0.0131614289551,-0.00219138056976,-0.0564890513948,-0.0253164556962,-0.0204678362573,-0.000306234810428,-0.0556038227628,0.000822368421053,-0.0244565217391,0.024941543258,0.0136346986121,0.0433759246806,-0.0162959466635,-0.0130411039294,0.0189002910093,0.0839646464646,-0.0143884892086,-0.00738396624473,-0.00222160510969,-0.0061527325371,-0.0396261682243,0.0191599115696,0.00435865504359,0.00380549682875,-0.0290578737819,0.00166112956811,0.0323508267434,0.0236646382691,0.0152091254753,0.025505247719,-0.000637755102041,-0.031976744186,0.00892857142857,-0.0290374042593,-0.00035810788814,-0.0160588825694,0.0247524752475,0.011315417256,0.0235294117647,0.00104566050889,-0.0415814587594,-0.0459029595329,-0.0358208955224,-0.0128744376577,-0.0795698924731,0.00651955867603,0.0430958663149,0.0165000826037,0.0285714285714,-0.0261580381471,-0.0279927173418,-0.00846660395108,0.043442955745,-0.0123456790123,0,0.049394221808,-0.00962569393152,0.0215438291608
-0.00447547440029,0.00624024960998,0.0160256410256,-0.00319434145228,0.00255232261358,-0.0176377328577,0.0183433095192,-0.00433557337958,0.0124956001408,-0.0528832630098,0.0119112560644,0.0166939443535,0.0032422417786,0.0298142717498,0.0165745856354,0.00847457627119,0.0111111111111,-0.0674171731872,0.0083284628872,-0.0734112490869,0.0125313283208,0.0121786197564,0.0304622175251,0.0116995073892,0.00726239343227,-0.0296679368536,0.0168374816984,0.0215644866324,0.0165584415584,-0.00149253731343,-0.0300918985857,0.0533578656854,-0.00410846343468,0.0148560817084,-0.00760456273764,0.00610327381749,-0.00128907508862,0.0646322153448,0.00701963018936,0.00662918645902,0.0133954571928,0.0251419302514,0.0159404888417,-0.00389646534929,0.00400582665696,0.00233553912028,0.0527838033261,0.0124612523249,0.0452822240944,-0.0126869053013,0.0107794361526,0.0828690807799,-0.0145310435931,0.0417335473515,0.0419963594487,0.00191448627951,0.0156156156156,0.0406038521603,0.0444192199142,-0.0296359017782,0.019721183271,-0.00805152979066,-0.00839160839161,-0.0244252873563,0.050139275766,0.0192034139403,0.0542308503904,-0.0170278637771,0.0224844689812,-0.0140186915888,0.0560538116592,0.0349915682968,-0.0144241513114,0.00820707070707,-0.0218242865137,0.0292671505502,0.0151802656546,0.0295719844358,0.0397058823529,0.0276520209751,0.00710479573712,0.0114273341834,0.0153616407947
0.0390217586765,0.00077519379845,0.0024535576586,-0.0184835479256,0.107433808554,-0.008977203954,-0.00777398558969,-0.00478989767037,-0.00643142708152,0.108405108405,-0.00308255218116,-0.0231809401159,0.00369344413666,-0.00854295206455,-0.0178571428571,-0.0343773873186,0.0879120879121,0.0654977739019,0.0475293435734,0.149783208514,-0.016501650165,-0.0365418894831,0.00834062320895,0.0529519172246,0.0376175548589,0.0575035063114,-0.00719942404608,0.0171346369013,0.00415202810604,0.0306427503737,0.052448374806,0.0131004366812,0.112211221122,-0.00731930466606,0.00536398467433,0.0170014633497,0.00935785737335,0.0482693347756,0.0348493919091,-0.0210557754051,0.0252873563218,0.00474683544304,0.0554393305439,0.0617490919251,0.0540442509975,0.0145631067961,0.0144230769231,0.0123078807177,0.0245819061052,0.0401560348784,0.00492206726825,-0.00128617363344,0.000670241286863,0.0513610683102,0.00224602934099,0.0203821656051,0.0177409816677,-0.00350175087544,-0.00547642810021,0.00302053966975,0.0156718906302,-0.0154220779221,0.0331452750353,0.0132547864507,-0.0122679045093,-0.0844382414515,0.0408326661329,-0.0188976377953,-0.0231979465499,0.0208530805687,0.0143901863647,0.0158859470468,0.0521509698431,-0.0187852222918,0.0649313501144,0.00181983621474,0.0289719626168,0.0109599395314,-0.0346534653465,0.0254817444219,0.0229276895944,0.0177441606013,-0.00687522304062
-0.0290758047767,0.00154918667699,-0.00559440559441,0.0415111940299,-0.048275862069,-0.0190330788804,-0.0091725587617,-0.00765696784074,-0.00139958012596,-0.0476956055734,0.0118074451623,0.0148319050758,0.0584176632935,-0.0100526567736,0.00553359683794,0.0150316455696,0.00378787878788,-0.0145171017489,-0.0691658597316,-0.0486801508399,0.0276845637584,-0.00925069380204,0.00451723880039,0.0173410404624,0.0243202416918,-0.0854111405836,0.00725163161711,-0.0585942820027,-0.030534351145,-0.0420594633793,-0.0300795566282,0.0301724137931,-0.00222551928783,0.0331797235023,0.0274390243902,-0.00835862285475,0.0210997442455,0.0128659873597,-0.00198116310123,0.0423613759439,-0.00560538116592,0.00472440944882,0.0330360092501,0.0178947368421,0.0371644872677,-0.0572248803828,-0.0189573459716,-0.0212920396806,-0.0186823992134,0.0937568938893,0.00244897959184,-0.00386349001932,-0.0113864701942,-0.00488519785051,-0.0134104046243,0.0143570536829,0.0337013364323,0.0170682730924,-0.012701287988,-0.0143880077628,0.048260013132,0.0131904369332,0.0286689419795,-0.0392441860465,0.0211480362538,-0.118902439024,-0.00192307692308,-0.0465489566613,-0.00933013466556,-0.00742804085422,-0.0258139534884,0.0124298315958,0.0017240365966,0,0.00268600590921,0.0236148955495,0.000908265213442,0.0134579439252,-0.00952380952381,-0.0378291506985,0.0112068965517,0.0280686173694,0.023547180519
-0.00409982174688,-0.00077339520495,0.00492264416315,0.0077250335871,0.0492753623188,-0.0216849968873,0.00385728061716,-0.0114638447972,-0.010161177295,-0.0551491277434,-0.00361318713808,0.00487171159467,-0.00651890482399,0.0145067698259,0.0184748427673,0.00311769290725,-0.0389937106918,-0.0452419460594,0.056917818398,0,0.0065306122449,-0.0480859010271,0.00449692511577,-0.00738636363636,-0.0148945583247,-0.0339327146172,-0.0194384449244,0.0191909637213,-0.00590551181102,-0.0166540499621,-0.0134753500497,0.0167364016736,-0.0193308550186,0.007136485281,0.00519287833828,0.0144441952802,0.0112711333751,0.0273683316885,-0.0301694874879,0.0683867002283,0.0124013528749,0.00313479623824,0.00255836264791,-0.00723888314374,0.00895819508958,-0.0383678440926,0.00828157349896,0.0105686032138,-0.0376753507014,-0.0175473981444,-0.0057003257329,-0.0122818358112,0.0121951219512,-0.0152184585174,-0.0271673487047,-0.0387692307692,0.0489038785835,0.0148075024679,0.0325902509195,0.0173139598045,-0.0165988098966,-0.000813669650122,-0.0776376907764,-0.0922844175492,-0.00591715976331,-0.0622837370242,0.00385356454721,-0.0294612794613,-0.0259946949602,-0.0149672591207,-0.00358080687515,0.0178217821782,-0.081594336117,0.00191448627951,-0.04634342352,0.000443655723159,0.00998185117967,-0.0236075248986,-0.00665680473373,-0.0225812668637,-0.00682011935209,-0.00825206301575,0.00123970389248
-0.00751745122606,-0.0165634674923,-0.00909727081875,-0.0210532163093,-0.0501841620626,-0.0325591261003,-0.0222862632085,-0.0202943800178,-0.0169911504425,-0.0655151876117,-0.0192413037524,-0.0151906916613,-0.0275590551181,-0.0262154432793,-0.0351215746816,-0.013986013986,-0.0366492146597,-0.0725208314257,-0.0269966254218,-0.0695495495495,-0.0227088402271,-0.00882785679255,-0.0387494626366,-0.0337721808815,-0.0284431137725,-0.0483338336836,-0.0668135095448,-0.0295137277596,-0.0386138613861,-0.0600461893764,-0.0317563058855,-0.0123456790123,-0.0310841546626,-0.0380868024801,-0.0243542435424,-0.0314548007906,-0.0325077399381,0.00761269264141,-0.041342241217,-0.015697554962,-0.0478841870824,-0.0390625,-0.0236044657097,-0.0395833333333,-0.0243341006248,-0.0295545704032,-0.00889801505818,-0.0350437282123,-0.0156184922949,-0.000615889960994,-0.0704340704341,0.0065445026178,-0.0321285140562,-0.043369890329,-0.0256096657031,-0.0550576184379,-0.0091103965702,-0.022373540856,-0.0323916697601,-0.0150170192885,-0.0343949044586,-0.0285016286645,-0.0467625899281,-0.133333333333,-0.0294312169312,-0.0488929889299,-0.0694817658349,-0.0208152645273,-0.0112584903242,-0.0512820512821,-0.0143747005271,-0.0280155642023,-0.014182584808,-0.040127388535,-0.0370786516854,-0.0365853658537,-0.0422282120395,-0.0426898375519,-0.01191362621,-0.0336521081863,-0.0206008583691,-0.0291569247696,-0.0137681163068
-0.0238052299369,-0.0130646938454,0.00812146892655,-0.0113488055382,-0.0688317983519,-0.0288313966235,-0.000786009039104,-0.0116093785568,0.00864241987757,-0.05321861058,0.0122268379529,0.0131276665573,-0.029689608637,-0.00244738130201,-0.0088,0.0173364854216,-0.0190217391304,-0.038750123408,-0.00578034682081,-0.0600309837335,-0.00165975103734,-0.0202869866403,-0.00388619014573,-0.000592417061611,-0.011093990755,-0.0589905362776,0.0188827694729,-0.00760563221818,0.0133882595263,0.00982800982801,-0.0167262803151,-0.00166666666667,-0.0547730829421,-0.0294659300184,0.0272314674735,0.00673961200242,0.02016,-0.0122707562353,0.00555130904137,0,-0.00818713450292,-0.0154471544715,-0.015354459327,-0.00298264642082,-0.01044826424,-0.0308897106809,-0.0227900552486,-0.0311826593992,-0.005500317326,-0.0137633525062,-0.00969162995595,0.0312093628088,0.0172890733057,0.0119854090672,-0.00317599178426,-0.0230352303523,-0.00432666306111,0.00199004975124,0.00472009207412,-0.0294755386909,0.0065963060686,0.00251466890193,0.00603773584906,-0.05,0.00170357751278,0.0766246362755,0.0270214521452,-0.00797165633304,-0.043537714756,0.0195195195195,-0.0167719980554,-0.00080064051241,-0.0220335687901,0.0471134704711,-0.0215869311552,-0.0223245109321,-0.015947467167,-0.0501183898974,-0.0293896006029,-0.0158136371365,-0.0105170902717,0.0152523964679,-0.0188790292448
0.00812857934602,0.0250398724083,0.0213660245184,0.00826493715204,-0.0484122852681,-0.0299130827407,0.0188790560472,0.00391524643022,0.00374866119243,-0.0111073712555,0.0115158569355,0.00874635568513,-0.0222531293463,0.0147203140334,0.0161420500404,0.0116189000775,0.00484764542936,-0.0296821239665,-0.0186046511628,-0.0469715698393,0.00997506234414,0.0106060606061,0.00467542922608,-0.0231179608773,-0.00498597693986,0.00268186389541,0.0486486486486,0.00316873664341,-0.0237127371274,-0.0275750202758,0.00166813855363,-0.0542570951586,-0.0372516556291,-0.0218216318786,-0.0213549337261,-0.00729459773027,-0.000627352572146,0.0152980737297,-0.0305759749277,0.0257587776061,-0.0106132075472,-0.0074318744839,-0.0242203052422,-0.0304596138156,0.0214577656676,0.0298540965208,0.0141342756184,-0.049457019495,0.0182939800043,0.00791501770464,-0.0115658362989,-0.100882723834,-0.00883752549286,0.0010298661174,-0.0127826004006,-0.0305131761442,-0.0222705051602,0.00893743793446,-0.0281917951622,-0.0146617328772,0.00851900393185,0.0275919732441,-0.0645161290323,-0.0263157894737,-0.0132653061224,-0.0486486486486,-0.0305282185178,0.0178571428571,-0.0148998882,-0.00834560628375,0.00865265760198,0.00841346153846,0,0.0703422053232,-0.00715563506261,-0.0275423728814,-0.0295519542421,0.0137100124636,-0.0551242236025,0.00787836903939,0.0044286979628,-0.00609302325581,0.0262818621827
0.0172255818215,-0.0169597012603,-0.022633744856,-0.00523709227529,0.0454048140044,0.0356062369095,-0.000772051727466,0.0307409956412,-0.0398363862707,0.0554799183118,-0.00388678323228,-0.00385356454721,-0.000474158368895,0.0169245647969,-0.0214455917395,0.0191424196018,0.039972432805,0.0670018523419,0.0167357819905,0.0492866407263,0.00329218106996,0.00449775112444,-0.0023268356576,0.0115291262136,-0.0061071093016,0.0300902708124,-0.00147275405007,0.0400350341866,0.0242886884108,0.0383653044204,0.00300184729064,-0.0750220653133,0.0111779879622,-0.0106692531523,-0.00601956358164,0.0230386888769,-0.0367231638418,0.0244822439842,0.0262836266148,-0.00598290598291,-0.00238379022646,0.00915141430948,-0.0122407344441,0.00140252454418,-0.0233411137046,0.0322580645161,0.01393728223,0.0172057811425,0.0223522038855,0.0247985120893,0.044104410441,0.0413744740533,-0.0905349794239,0.0303497942387,0.0169871485168,0.0143061516452,0.0705555555556,0.00688976377953,0.0171426553236,0.0138170481117,0.000324886289798,0.00650935720098,0.0721732157177,0.0893970893971,-0.0327473285074,0.0274621212121,0.0410192666252,0.0359649122807,0.0652263629235,0.00841584158416,0.0235294117647,-0.000794596742153,0.0293994212886,0.000592066311427,-0.00750750750751,0.00363108206245,0.0314341846758,0.0184426229508,0.0525883319638,0.0178620405924,0.0194003527337,0.0150919556367,0.0192531871291
0,0.00791389680279,0.00140350877193,0.00761087267525,-0.0094191522763,-0.0513483146067,-0.0162256132895,-0.0131315379479,0.00426004815707,0.0519187358916,-0.00446100047348,0.0309477756286,0.01944971537,-0.000475511174513,0.0462662337662,0.00300525920361,-0.0364479787939,-0.0451366499678,-0.0635105608157,0.0082406262876,0.00984413453651,0.00696517412935,-0.00464907945138,-0.0101979604079,0.0058295257602,-0.0188250567997,0.0361356932153,-0.028616446171,-0.034891598916,-0.0570281124498,-0.0554481969569,-0.0324427480916,-0.0263605442177,0.00196078431373,0.00378501135503,0.0364257107216,-0.000651678071033,-0.0579120144481,-0.0183541845407,-0.0132252385047,-0.0203106332139,0.0214344600165,-0.0199655765921,-0.0350140056022,0.0133151246159,-0.0443412162162,0.0020618556701,0.00270635994587,0.0071516142215,0.0375075620085,-0.00775862068966,-0.0013468013468,-0.0128205128205,-0.0099850224663,-0.0620439343265,-0.0218617771509,0.0192008303062,0.0166177908113,0.00821201941023,-0.0062901873078,-0.00941864241637,0.0145513338723,-0.0703066566941,0.0152671755725,-0.0192444761226,-0.0562211981567,-0.0509452736318,-0.0922946655377,-0.0114290141991,-0.0284732449681,-0.0158045977011,-0.0266401590457,-0.00856149686722,-0.0213017751479,-0.0154311649017,-0.0192957067053,-0.0609523809524,-0.0422535211268,-0.0312256049961,-0.0215568055509,0.0371972318339,-0.017426180762,-0.0303810727454
-0.0167537380652,-0.0252826633166,-0.0052557813595,-0.0125511131304,-0.0316957210777,-0.0432310790004,-0.0196347928529,-0.0570590888588,-0.0188122464035,-0.0993255671367,-0.0394837120018,-0.0337711069418,-0.046533271289,-0.0137963843958,-0.0306439100078,0.00823970037453,-0.015818431912,-0.0892421172926,-0.0533519987556,-0.107069881488,-0.0146222583266,-0.00296442687747,-0.0179538506898,-0.0272727272727,-0.00140977443609,-0.0383724776712,-0.0128113879004,-0.0625657202944,-0.036153036153,-0.0553662691652,-0.038665219029,-0.030966469428,-0.0349344978166,-0.0195694716243,0.00452488687783,-0.0286966767601,0.023475709162,-0.0195091985553,-0.0265198126785,-0.0256154910097,0.00609756097561,-0.0363196125908,-0.00561995082543,0.0197387518142,0.00572776280323,-0.0636323464428,0.0123456790123,-0.00202429149798,0.0144045445324,0.00777453838678,0.00695047784535,-0.0256237356709,-0.0152788388083,-0.00806858295512,-0.0254462205474,-0.0778658976208,-0.0392057026477,-0.0240384615385,-0.0651524413869,-0.0661133774089,0.0291803278689,0.0231075697211,-0.00241351568785,0.00187969924812,0.0134447674419,-0.0814453125,-0.0631159572237,-0.0522388059701,0.0310060810325,-0.0399191510864,0.0304136253041,0.0122549019608,-0.0307542473758,0.0302297460701,-0.0248924400738,-0.0359075258239,-0.0304259634888,-0.0340336134454,-0.00483481063658,-0.0188646769252,-0.0308590492077,-0.0582260069909,-0.0561083531079
-0.0593624038109,-0.0267439987111,-0.0133849947164,-0.027376775752,-0.0714675395526,-0.0205496410002,-0.0174243941518,-0.0217651279598,-0.00206766917293,-0.100748808713,-0.00816408102634,-0.0239482200647,-0.00829673011225,-0.0226724553787,-0.0356142456983,-0.00594353640416,-0.0635918937806,-0.0516739861975,-0.0722970752547,-0.0480549199085,-0.0239076669415,-0.0540138751239,-0.00237019245963,-0.0336448598131,-0.0238431372549,-0.0770553835569,0.0028839221341,-0.0450471951409,-0.010560815732,0.00541027953111,-0.0285191843759,-0.0270710360269,-0.014479638009,-0.0185628742515,-0.00525525525526,-0.0337837837838,-0.0105129021982,-0.00597353497164,-0.0370689655172,0.0387945718828,-0.0363636363636,-0.0259631490787,-0.0346167432003,-0.0372900654711,-0.0184254606365,-0.0448324681454,-0.0230352303523,-0.0561189993239,-0.0088,-0.0459016393443,-0.0155306298533,-0.0352941176471,-0.0434445306439,0.0127097102186,-0.0452570525747,-0.0766223612197,-0.0492845786963,-0.0211822660099,-0.0270547819039,-0.044472059045,-0.068174577891,-0.0381619937695,-0.0467741935484,-0.0168855534709,-0.0304768734313,0.0489049542845,-0.0745299910474,0.0137795275591,0.00171052798297,-0.0189473684211,-0.014639905549,0.0088781275222,-0.0217934976777,-0.0352112676056,-0.0438071225969,-0.0571428571429,-0.0360878661088,-0.0687255328404,-0.0421052631579,-0.00192975685064,-0.07917383821,0.0125544899738,0.0975394762012
-0.00584339696143,0.00976659493461,0.0221349518029,0.0460646916208,0.0129259694477,0.0103640040445,-0.0273134936812,0.018826405868,-0.013938594839,-0.0143830431491,0.00470358964489,0.00364721485411,0.0103346456693,-0.00296150049358,-0.00746887966805,0.0142002989537,0.0208955223881,0.00559331208276,0.0122210414453,0.00769230769231,-0.00675675675676,-0.006809848088,0.01512607704,0.0251450676983,-0.0213723284589,0.00596347372344,-0.00575125808771,-0.000293654562267,0.0121457489879,0.0143497757848,0.000379608686712,0.0491631799163,0.0174471992654,0.000610128126907,0.017358490566,0.0181035181035,0.00225370251127,-0.0290256677751,0.0667869617452,0.0192809609052,-0.00691823899371,0.0498710232158,0.00585437248445,0.0206978119456,0.0194539249147,-0.00345849802372,-0.00485436893204,0.0272206303725,0.0044390637611,0.000606428138266,0.011393514461,0.00502152080344,0.0202757502028,0.0491967871486,0.0355572007142,0.0143945808637,0.0367892976589,0.0236537493709,0.0221510150182,0.00788177339901,0.00376068376068,0.0477732793522,0.00338409475465,-0.00954198473282,0.0103550295858,0.0348672207582,0.00532043530834,0.00776699029126,-0.0430696450707,-0.00751072961373,0.0115025161754,0.0436,0.0192430606282,0.021897810219,0.020105471325,-0.0243506493506,0.0157352143245,0.0808033629145,0.0228233305156,0.0211980594811,0.0233644859813,-0.00546138896406,0.0121522912212
-0.0141065830721,-0.00655737704918,-0.0115263709396,0.00604861503674,0.0104408352668,0.0057543157368,-0.015716680637,-0.00743940484761,-0.00974212034384,-0.0122887864823,-0.0108268777164,0.001982160555,-0.0102289332684,-0.00346534653465,-0.0163043478261,-0.0420044215181,-0.0350877192982,-0.0414473684211,-0.0300962379703,-0.0462786259542,-0.00765306122449,-0.0590717299578,-0.0243247881918,-0.0647798742138,-0.0172413793103,-0.0540941089292,-0.0216919739696,-0.0128183494266,-0.0149090909091,-0.0698496905393,-0.0282147769855,-0.00717846460618,-0.043321299639,-0.0459349593496,-0.0118694362018,-0.0239077106676,-0.0160616768391,-0.00514823561012,-0.0782593193292,-0.00650203775204,-0.120329322356,-0.03276003276,-0.0145507457257,-0.0466396292005,0.00133913625711,-0.0304908279623,-0.0160278745645,-0.0327754532775,-0.0449979911611,-0.020404040404,-0.0277296360485,-0.0663811563169,-0.0373608903021,-0.0133971291866,-0.0633949410206,-0.0150250417362,-0.010752688172,-0.0172074729597,-0.0318118884778,-0.0269794721408,-0.0238419618529,0.0239567233385,-0.0387858347386,0.00578034682081,0.0113469985359,0.0881488736533,-0.0310319942266,-0.0452793834297,0.00431575747161,-0.0513513513514,-0.0180052120351,0.00191644308164,-0.0293162527155,0.047619047619,-0.0064620355412,-0.057127010538,-0.0315170940171,-0.0829732065687,-0.00413223140496,-0.0408619918069,-0.013698630137,-0.0169688574468,0.0185148086916
0.0608108108108,0.0267326732673,0.0173144876325,-0.0149463392707,0.0499425947187,0.0320895522388,0.0312965722802,0.0253868471954,0.0281635802469,0.107698289269,0.0224808523902,0.0474777448071,0.0201771653543,0.0124192747144,0.0106247343816,0.0146153846154,0.0606060606061,0.0982716665627,0.0286848277106,0.107553776888,0.0231362467866,0.0599775784753,0.0257308258172,0.0268997982515,0.0118629908104,0.0532706619663,0.0162601626016,0.0416070501538,0.0354374307863,0.0636882129278,0.0433597722188,0.0152641092589,0.102830188679,0.0389859394972,0.00900900900901,0.0320328207357,0.0287300032648,-0.00208120057149,0.0570758700072,0.0428299620819,0.040316774658,0.0211685012701,0.0291620524179,0.00729261622607,0.0217318622534,0.0582971107134,0.00212464589235,0.0728190338861,0.012200252419,0.0309342132398,0.0401069518717,0.052752293578,0.0734929810074,0.0286129970902,0.111844468391,0.0559322033898,0.0255434782609,0.0435217608804,0.0942861105664,0.0397830018083,0.00732728541521,0.0188679245283,0.133333333333,0.0229885057471,0.0195439739414,0.00810081008101,0.128848063555,0.0635721493441,0.00321139254667,0.0450142450142,-0.011097708082,0.0317521040551,0.0353237044899,0.0164772727273,0.0627642276423,0.0608823529412,0.0413678985108,0.117342130066,0.0439834024896,0.0163663771445,0.0361111111111,0.0469791902569,0.00307497669271
0.0241663544399,0.00867888138862,0.00972559916638,0.0225315156009,-0.0338983050847,0.0139792721138,0.0233278282411,0.0341900495166,0.00675422138837,0.0586170586171,-0.0196721990719,0.00849858356941,-0.0260492040521,0.0240431795878,0.00925147182506,-0.00909780136467,0.00714285714286,0.0288603567776,0.0391090845317,0.0627822944896,0.0293132328308,0.0137493389741,-0.010975818899,-0.0137524557957,0.00313738441215,-0.0312383785794,-0.0269090909091,0.0362617458639,0.00677361853832,0.0035746201966,0.0155783400257,-0.0294757665678,0.0213857998289,-0.0129177773221,0.0215773809524,0.021916546005,-0.0174547762615,0.0109124523708,-0.0035701535166,-0.0131209482279,0,0.00414593698176,-0.0197274031564,-0.0165912518854,0.0202879581152,0.0285093017637,0.034628975265,0.0241935483871,0.0332502078138,0.0222044408882,0.0179948586118,-0.0225127087872,-0.00692307692308,0.045261669024,-0.00252392682631,0.00722311396469,-0.0201377848437,-0.0134228187919,-0.0213242074991,-0.0351690821256,-0.00242466227918,-0.0207407407407,0.0565015479876,0.0449438202247,-0.00993965211218,0.0678571428571,0.0184737189356,0.0180265654649,0.000557570827894,-0.030534351145,0.0190290314711,-0.0378197997775,0.00891404630847,-0.0240357741755,-0.0116279069767,-0.000831716107569,-0.00529661016949,-0.0164487557992,0.0119236883943,0.0287096546366,0.0277033065237,-0.0128581042107,0.00162926187853
0.0212182184013,0.0133843212237,0.0171998624011,0.0211424746179,0.0282965478212,-0.0443308771096,-0.00645551745007,-0.016187870497,0.0231084606783,0.00828912466844,-0.00590204714996,-0.00936329588015,-0.00445765230312,-0.00766650694777,-0.00166666666667,0.0114766641163,0.00992907801418,-0.00916620651574,-0.0303797468354,0.00637484062898,0.00488201790073,-0.0907668231612,0.0340810567965,-0.0132802124834,0.0179423868313,0.0103646833013,-0.0194319880419,-0.0563134927152,-0.00991501416431,-0.040071237756,-0.0102262519865,0.0185487158581,0.00837520938023,0.00976319069381,-0.00291332847779,0,-0.00322997416021,0.00256484599773,-0.000447868147617,-0.0167569197687,0.0186851211073,0.0198183319571,0.02634467618,-0.00950920245399,0.0198845413727,-0.055907916373,-0.00614754098361,0.00853018372703,-0.000201126307321,0.0283757338552,0.013468013468,-0.0118870728083,0.00232378001549,-0.0284167794317,-0.00170037043785,0.0326693227092,0.0740941049216,-0.00680272108844,-0.0404605175016,0.0645303424795,0.0201388888889,-0.0211800302572,-0.0205128205128,0.0179211469534,-0.0505557547508,-0.0501672240803,-0.0114446123947,-0.0354147250699,-0.0342616631264,-0.0185601799775,0.0162796265262,-0.0131021194605,0.023523954675,-0.077892325315,-0.0105263157895,0.00443951165372,-0.024494142705,0.0720411663808,0.0408483896308,-0.013799732244,0.035652173913,-0.0112969590729,0.00219526846025
0.0211355901845,0.037106918239,-0.00439634764964,0.00447965036875,0.0869565217391,0.0757368486507,0.0454822335025,0.0380069524913,0.0499089253188,0.0355146333443,0.0228585484958,0.0447385003151,0.071144278607,0.040560115886,0.0450751252087,0.0302571860817,0.0554775280899,-0.133080695497,0.0654482158399,-0.0751689189189,0.0429149797571,0.0562248995984,0.0268144331468,0.07133243607,0.017787839586,0.0740881458967,0.0480182926829,0.0602519718319,0.0396995708155,0.15120593692,0.0476183088868,0.0226135681409,0.0672757475083,0.0615099773709,0.0233747260774,0.035138790494,0.0356448476993,0.0491746752091,0.0721301191863,0.0164557468429,0.0570652173913,0.0348178137652,0.030303030303,0.0154846701765,0.00471698113208,0.0495148046778,0.0316151202749,0.00195185426155,0.0440555220278,0.0123691722169,0.0481727574751,0.00451127819549,0.0177743431221,0.0143918291551,0.0781069408115,0.0570987654321,0.0508559919436,0.03228962818,0.0227075983655,0.0549367850692,0.0364193328795,0.0502318392581,0.0815258040389,0,0.0083081570997,0.0211267605634,0.0921799912626,0.0599033816425,0.00320421435651,0.0412607449857,0.0600706713781,0.0519328387349,0.0402261642712,0.032298136646,0.0456821026283,0.0729281767956,0.114628820961,0.088,0.0762264150943,0.0213373246545,0.0361041141898,0.0524268019405,-0.00274022134043
-0.015786704087,0.0142510612492,0.0163043478261,0.0105509327242,-0.00962025316456,-0.0197687861272,0.0215575839969,-0.000223264121456,0.0130117973629,-0.0412829469673,0.0182801732712,-0.00572979493366,0.00371574547144,-0.00232018561485,0.0231629392971,0.00293685756241,-0.0292747837658,-0.0296991514528,-0.00882208789413,-0.0607305936073,-0.00776397515528,-0.00814774579033,-0.000742302324891,-0.00125628140704,0.00857959961868,-0.000707463742483,-0.00363636363636,-0.00382800363455,0.0213278293774,-0.0572119258662,0.00316896194284,-0.0295499021526,-0.0194552529183,-0.000968992248062,0.0121341898644,0.0184039918868,-0.00219023779725,-0.0312430426716,-0.00793637526225,0.00115450716975,-0.0636246786632,0.00547730829421,-0.0702422145329,-0.0210430009149,-0.00782472613459,-0.0315315315315,0.00999333777482,-0.00194805194805,-0.0105973025048,0.0046992481203,-0.0142630744849,-0.060628742515,0.0356871678056,-0.0109839816934,-0.00630066392071,-0.0401459854015,-0.0234786775276,0.00663507109005,-0.00589330165968,0.00963047510344,0.0114942528736,-0.00441501103753,-0.0497925311203,-0.0404929577465,-0.000749063670412,0.00258620689655,-0.0584,-0.00182315405652,-0.00968344408505,0.148596587782,-0.002,-0.0129918337045,-0.00369279283017,0.017448856799,-0.0125673249551,-0.0239443872297,-0.0288932419197,-0.0503676470588,-0.0322580645161,0.00122691023107,-0.0421393841167,0.00779166081707,0.0159426466515
-0.00766351808947,0.00986547085202,-0.0294117647059,0.0110327754157,0.0316973415133,0.0413963910839,0.0125475285171,0.0272443054935,0.00702175029971,-0.00960582974495,0.0114004140304,0.0142553836821,0.0268394261916,-0.00279069767442,-0.00897736143638,-0.000732064421669,0.0445510623715,-0.0349145355771,-0.0156584803033,-0.00583373845406,0.00547730829421,0.0230010952903,-0.0186753431984,-0.011320754717,-0.00126023944549,0.0488495575221,0.00510948905109,-0.0153590848104,0.0373863253621,0.0358974358974,0.0326670996693,-0.0165355918532,0.0309523809524,0.0358874878758,0.00846262341326,-0.0169472886782,0.0225776105362,0.026209809801,-0.0193782937834,0.0104047909214,0.0295126973233,0.0186770428016,0.0107927056197,-0.000934579439252,0.00820189274448,-0.0100367197062,0.032981530343,0.0299284320104,0.0389483933788,0.0411599625819,0.016077170418,-0.0382470119522,0.016862170088,-0.0222119389172,0.0269334140894,0.015969581749,0.0245338567223,0.0197740112994,-0.032360400282,-0.0247297392779,0.0175324675325,0.030303030303,0.00582241630277,-0.0348623853211,0.0164917541229,-0.00171969045572,-0.00467289719626,-0.0237442922374,-0.00669641331903,0.0177287973167,0.0340681362725,0.024069198947,0.0120148259204,0.02010644589,0.00030303030303,0.0305987865998,0.00605143721634,0.01393728223,0.0101449275362,0.0258016202601,0.0262267343486,0.0159271899886,-0.0107956923636
-0.0757902298851,-0.0201302545885,0.0068870523416,-0.0223570744171,-0.0436075322101,-0.0248018120045,0.00544498685693,-0.0158695652174,0.00255102040816,-0.0204013377926,-0.0135262915129,-0.00598086124402,-0.0103650292925,0.00513059701493,-0.0354470263883,-0.0549450549451,-0.0387139107612,-0.0326079494748,-0.0544206296048,-0.0322738386308,-0.0256809338521,0,-0.00380009386686,0.00763358778626,0.00473186119874,-0.0712116098549,-0.00871459694989,-0.0164293996008,-0.013961038961,-0.0528052805281,-0.00850522463799,-0.0131228214066,-0.0354118552733,-0.0393258426966,-0.0377622377622,-0.0396494935057,-0.031892057651,-0.0491186162328,-0.0395181695943,-0.0314506192854,-0.04,-0.00152788388083,-0.050441826215,0.00436545057686,0,-0.0365974282888,-0.0261813537676,-0.0303221730891,-0.0178069353327,-0.0287511230907,0.00474683544304,0.0356255178128,-0.0173035328046,-0.00615238996687,-0.0462981735076,-0.0419161676647,-0.0181992337165,-0.00369344413666,-0.00706794022055,0.0144896037093,0.00350989151244,-0.00860832137733,-0.0267727930535,-0.041825095057,0.0103244837758,-0.068044788975,-0.0631668800683,-0.0392890551918,0.0344920098784,-0.0489642184557,-0.0152885443583,-0.00697759823724,-0.013682846032,-0.0104347826087,-0.0239321417752,-0.053493729204,-0.0200501253133,-0.0786559755632,-0.012912482066,-0.0160605256172,-0.0329760923331,0.00898142011564,-0.0139051541406
0.055382821609,0.0256797583082,0.00205198358413,0.0184035718175,0.0886010362694,0.0322842875392,0.040522875817,-0.00662690523526,0.0159457167091,0.0614544213042,0.00999742831426,0.0421179302046,-0.00318761384335,0.0552204176334,0.0130665577787,0.0364341085271,0.0621160409556,0.117939256316,0.0401983353993,0.122789287519,0.00399361022364,0.029443254818,0.0710486322188,0.0416666666667,-0.000470957613815,0.0864825581395,0.047619047619,0.0648526793581,0.0299637800461,0.0722996515679,0.0329359015023,0.151049241637,0.0311252992817,0.0623781676413,-0.0479651162791,0.0502685562674,0.0161545771302,0.0139401348032,0.0599293317828,0.0224290305303,0.0666666666667,0.0160673297628,0.0383869716945,0.0465693883887,0.0112640801001,-0.0156570841889,0.047868852459,0.0442996742671,0.0267175572519,0.0582793709528,-0.0629921259843,0.0368,0.061628760088,0.0361904761905,0.0105130930525,0.03125,0.0560975609756,0.0417052826691,0.0550306599391,0.0674855388131,0.0190779014308,0.00144717800289,0.0171003717472,0.0238095238095,0.0127737226277,0.0730129390018,0.0243735763098,0.0584225900682,0.0349046754577,0.0445544554455,0.0253662803411,0.0510355029586,0.0286840787717,0.0210896309315,0.0785226567349,0.00540832882639,0.0434782608696,0.0803978450062,0,-0.00215837043033,0.0997442455243,0.00548131370328,0.034914491208
0.0316700423495,0.0240058910162,0.0273037542662,0.0430389221557,0.0376011423132,-0.00776240296996,0.0253050969131,0.0338003113187,0.0317248288529,0.00868446445803,0.0164029293219,-0.0190531177829,0.00411146642302,0.0180299032542,0.0137041515518,0.0157068062827,0.0134961439589,0.0390377047099,0.0582226762002,0.029702970297,0.0167064439141,0.0161206448258,0.00427101809152,0.0254545454545,0.0124077273441,0.0357859531773,0.0342657342657,0.0308480650058,-0.00511508951407,-0.00243704305443,-0.0235810542036,0.0342960288809,0.0178018575851,0.0275229357798,0.00381679389313,-0.0245104683976,-0.000623441396509,0.014268333149,0.0253144793421,0.0259838910353,0.037109375,0.0218373493976,0.0429424943988,0.0314446751706,0.0860148514851,0.00443285528031,0.0125156445557,0.0349344978166,0.0176579925651,-0.0034965034965,0.0411764705882,0.0262345679012,0.0297166551486,0.00827205882353,0.0328367343036,0.0333333333333,-0.0101616628176,0.020462633452,-0.00639471081546,-0.0123762376238,0.0109204368175,-0.0166184971098,0.0343567251462,0.0697674418605,0.00792792792793,0.0267011197244,0.072715143429,0.0183992640294,0.030720298143,0.0255924170616,0.0085306035402,-0.0281491907108,0.00360974224818,-0.0143430866322,0.0532374100719,0.0330823023131,0.0450980392157,0.0199462984273,0.0566860465116,0.0222387454373,0.0124031007752,-0.00817714903586,0.0284223445245
0.00963769409245,-0.00906083704876,-0.0152823920266,-0.000768875903429,-0.0188073394495,0.0132653061224,-0.0131279537896,0.00365670036567,-0.0310729891568,0.00860969387755,-0.00250513838043,-0.00058858151854,-0.00636942675159,-0.0120950323974,0.00596421471173,0.019882179676,0.0209258084971,0.0329891868776,0.0307271557272,-0.027972027972,0,0.0158648925281,-0.00141290833051,0.00827423167849,0.0210983555693,0.0426218921537,0.0141987829615,0.02141686779,0.0157455012853,-0.00732899022801,-0.0928570407536,-0.0043630017452,0.000760456273764,0.00625,0.00608365019011,-0.00699848408287,-0.004054897068,0.0115485278081,0.00740807809761,0.00675270299595,0.0426867545512,-0.0176860722181,0.0343716433942,0.00661489790049,0.0145299145299,0.0485462097612,-0.0105067985167,0.00723327305606,-0.013698630137,-0.0298245614035,-0.00564971751412,0.0127819548872,-0.0288590604027,-0.0109389243391,0.0170536607044,0.0403225806452,-0.0153989734018,-0.0322580645161,0.018103146575,0.0138860665176,0.00524691358025,0.0124908155768,-0.00424028268551,0.0452898550725,0.0160886664283,0.0536912751678,0.0342039800995,0.00903342366757,0.00567292766706,-0.00554528650647,-0.0315077183337,0,0.020630847259,-0.0058207217695,-0.0166666666667,0.0171830252538,0.0140712945591,0.00526513726965,-0.0178817056396,-0.0132910136878,-0.00459418070444,-0.0080174430489,-0.0167449555164
-0.00459607565848,-0.0348330914369,-0.00742240215924,-0.0181594336719,0.00140252454418,0.0115251202864,-0.00744945015963,0.00278611230176,-0.00233839986638,0.0885235535884,-0.00167238397479,-0.00647820965842,0,-0.0056843025798,-0.0256916996047,0.0115523465704,0.00372670807453,0.0428765746052,-0.0635242703293,0.0418165467626,0.027386541471,-0.0166246851385,0.0234591657706,0.00410316529894,0.0299301124278,0.00650356147414,0.0266666666667,-0.0146487391679,0.00695982284087,-0.0680885972108,0.0494949654118,0.0236634531113,0.00303951367781,0.0257320319432,0.0143613000756,-0.00118311579269,0.0306921390542,0.00596168565853,0.0142986706322,-0.000557894202972,0.0198675496689,-0.00225056264066,0.0128071997231,0.0374285714286,0.0224655995507,-0.051993067591,0.0124921923798,0.0245362058648,0.00648148148148,-0.0144665461121,-0.00487012987013,0.0207869339272,0.0214236351071,0.00414746543779,0.0746991461394,0.0112755461593,0.00331753554502,-0.0018018018018,0.0422410714286,0.0110235168359,0.0190359226282,0.0435413642961,0.0801987224982,0.0571923743501,0.00281491907108,-0.0183121019108,0.0392864301463,-0.0107430617726,-0.00112818541913,0.0408921933086,0.00218340611354,0.0137581462708,-0.00526628390418,0.021662763466,0.0136148930258,0.0353212183261,-0.0268270120259,-0.000748222970445,0.0238095238095,0.0168208015011,0.0192307692308,0.0087691180511,-0.0454554050028
-0.0108328893625,-0.0105263157895,-0.00679809653297,-0.010710553814,-0.0172735760971,-0.016482300885,-0.00839885632595,-0.0128232528318,-0.00167420056923,-0.0130699970956,0.0100596892045,0.015708358032,-0.014652014652,-0.000439753737907,-0.00486815415822,-0.0142755174875,-0.0259900990099,-0.0193376431893,-0.03,-0.0379801467415,0.012185833968,-0.0046106557377,-0.00833632869743,-0.015761821366,0.000147514382652,0.00707692307692,-0.00454545454545,-0.00897600897601,-0.00125667609174,-0.0044014084507,0.00964685745173,-0.00856164383562,-0.0106060606061,-0.00259515570934,0.00819672131148,-0.0212066791487,-0.00516560316013,-0.0306069958848,0.0161069446346,0.00336192022734,-0.0135773317592,0.00451127819549,-0.0235816814764,0.0236849352795,-0.0115352925021,-0.0154087229042,-0.0339296730413,-0.017523364486,-0.0101195952162,-0.0119266055046,-0.00734094616639,-0.0109090909091,-0.0209742895805,-0.0399265718219,-0.0141961714383,-0.0146341463415,-0.00566839867737,0.00270758122744,0.0115222177485,-0.018833013943,-0.00723109370292,-0.0111265646732,-0.0144546649146,-0.0196721311475,-0.0259649122807,0.0332522303325,-0.016393442623,0.027149321267,0.0142423621842,-0.0174107142857,-0.0174291938998,-0.0153571428571,0.00264708223868,-0.00515759312321,-0.0671600877193,0.00123609394314,-0.00475285171103,0.0438038187945,-0.00889192886457,-0.00991893495024,-0.011320754717,-0.0325018724892,0.00674380382523
-0.0107719928187,0.0132218844985,-0.0164271047228,-0.00839714813837,-0.0209026128266,-0.0019120458891,0.0154982879798,-0.00541242693224,-0.0117390575214,-0.0170688640377,-0.00414908400338,0.021885030639,0.0339219330855,0.00483941926969,0.013860578883,-0.00434467776973,-0.0012706480305,-0.015497600185,-0.0393470790378,0.0161507402423,0.00376222723853,-0.0108080288214,-0.00630132021023,-0.0249110320285,0.00132743362832,0.000916590284143,0.00130463144162,-0.0403527466063,0.0204466813463,-0.0132625994695,-0.0162764240942,-0.0336787564767,-0.0130168453292,0.0390286209887,0.0177383592018,0.00542629606496,0.00458155161881,0.00357079685151,0.0313147849388,0.056291013921,0.00418910831837,0.000748502994012,-0.0406020301015,-0.0382028517622,0.012503473187,-0.0594164456233,0.0134099616858,-0.00535077288942,0.00650557620818,-0.00928505106778,-0.00821692686935,-0.00367647058824,0,0.0305927342256,0.0561245532032,0.012729844413,0.00997624703088,0.016201620162,0.0168704901928,0.0222252155172,-0.00242792109256,0,0.0573333333333,-0.0200668896321,0.0021613832853,0.00863422291994,0.0441176470588,-0.00616740088106,0.0157555955309,-0.0245343025897,0.0208425720621,0.0206746463547,0.00351350814856,-0.00576036866359,0.0267411107846,0.00469135802469,-0.0162368672397,0.0132711621234,0.0255348516218,0.0300882010318,0.00839694656489,0.0106505266615,0.0610236659795
0.0230490018149,-0.0626968651567,-0.0149617258177,-0.0360034086067,0.0805434255216,-0.0132972729322,-0.0417036379769,-0.000217675228559,-0.0128966570507,0.108383233533,0.00166541145041,-0.0316961736151,0.0283146067416,-0.0170753064799,-0.0952955367913,-0.00945454545455,0.0349872773537,0.127224669604,0.0978358075478,0.116997792494,-0.0404797601199,0.00520291363163,-0.00563980976164,0.0255474452555,0.0120783620563,0.0735653235653,0.00586319218241,0.029650406269,0.0101726263872,0.0806451612903,0.0251776266062,-0.0187667560322,0.0434445306439,0.00417362270451,-0.0101670297749,-0.00898207467806,0.010945576163,0.0309432798334,0.0526526172567,-0.0290156928933,0.057210965435,0.0149588631264,0.0277271068953,0.038041958042,-0.0222283205269,0.128877608573,0.00567107750473,0.0316796174537,-0.00738688827331,0.0506091846298,-0.0082850041425,0.0147601476015,0.0366275051831,0.0505565862709,0.0354225650037,0.0565642458101,0.0818438381938,-0.0194862710363,0.00870756571276,0.00296481749901,0.00578034682081,-0.0337552742616,0.0926860025221,0.0836177474403,0.0463695183321,0.0933852140078,0.0892018779343,0.107269503546,0.0497322434326,0.0433162552399,0.00673327541268,0.0135039090263,0.0158048819085,-0.0208574739282,0.044647967945,0.0304743180143,0.0582524271845,0.177699115044,0.00942126514132,0.00798087175676,0.0363361090083,-0.0086813212321,0.0447750425543
0.0345928685471,0.0094415106417,0.0120098904981,-0.0167403314917,0.0233497979344,0.0312928277752,0.0062962962963,0.0100152405835,-0.00687639676809,0.0764451647758,-0.00720951281171,-0.00707755824241,-0.00262237762238,0.0102449888641,0.0302222222222,-0.00293685756241,0.0338045482483,0.0974415090407,0.0478983382209,0.0845849802372,0.003125,-0.0160455486542,0.00780224896652,0.0154211150652,0.00611264735846,0.0213249928917,-0.0608808290155,0.0604744947821,0.0436374732987,0.0373134328358,0.0624562231348,0.0646630236794,0.0260223048327,-0.00249376558603,0.0139398385913,0.0555562810986,0,0.0797324443305,0.0182527859323,0.00162727911535,-0.0135287485908,0.0110537951363,-0.0181043663472,0.00134734572891,-0.0454673028347,0.0174868848364,-0.00187969924812,0.0139049826188,0.0148837209302,0.0151650312221,-0.0116959064327,-0.218181818182,0.004,0.000883002207506,0.0269662921348,0.0462656972902,-0.00217391304348,-0.0171635049684,0.0402969115747,0.03517703475,0.0332728372656,0.00218340611354,-0.00519330640508,0.0488188976378,0.00755754036414,0.0612099644128,-0.0310344827586,0.0472377902322,0.0218058703698,0.0575892857143,0.00776699029126,-0.0382187938289,0.0414970887777,0,0.00575342465753,-0.00190794180777,0.0128440366972,0.00180342651037,0.022,0.0187524041544,0.0073046018992,0.0137214039853,-0.0384867416276
0.00308641975309,0.0155358275206,0.00663176265271,0.0250604034388,-0.00745941202282,-0.0188261351052,-0.00386455649614,-0.0271610260832,0.0256188333045,0.00577164366374,0.016201308908,0.024057024057,0.0232252410167,0.00925925925926,0.0146678170837,0.0125184094256,-0.0214030915577,-0.0339964863967,-0.0733830845771,-0.0105685131195,0.0109034267913,-0.0294581799053,0.00139997200056,0.0122663551402,-0.0231447996528,-0.0837973273942,0.0186206896552,-0.0380172555334,-0.0216374269006,-0.0167865707434,-0.0221232182759,-0.0205303678358,-0.0239130434783,0,0.00506512301013,-0.0257469842252,0.0174436090226,-0.0209698169223,-0.0380062752129,0.00108309025342,0.00685714285714,0.0102040816327,-0.0209689081706,-0.0056512378902,0.0138194648633,-0.0731647434324,-0.0408035153798,-0.0108571428571,-0.038496791934,0.0351493848858,0.028740490279,-0.0427906976744,0.0298804780876,-0.000441111601235,-0.0128077611666,-0.0189513581807,-0.00697167755991,0.00919117647059,-0.0169968411194,0.00634578164165,0.018149882904,0.0559186637618,0.00348027842227,-0.0105105105105,0.00272758267985,0.00402414486922,-0.017793594306,-0.0366972477064,-0.0102715300592,-0.0759814267623,-0.0383215585528,0.00765585125775,-0.0124523221898,0.0289940828402,0.00408608008717,-0.00669056152927,-0.044384057971,0.012301230123,-0.0143509458578,-0.0388282307039,0.00942712110225,0.0191023953064,0.0499520668012
0.0042735042735,0.00437090227911,0.00104022191401,-0.0092638272214,-0.0119363395225,-0.0100451467269,0.016257158692,-0.0150675825393,-0.0126582278481,-0.00249500998004,-0.00385005863676,0.0278422273782,-0.00599571734475,-0.00655307994758,-0.015306122449,0.0123636363636,-0.00303766707169,0.00953551241091,-0.0140939597315,-0.0187845303867,0.00770416024653,-0.0070460704607,-0.0224800782888,-0.0230813618003,-0.0196949503924,-0.0118505013674,0.0176032498307,0.0133457394388,-0.0221159593545,-0.0349593495935,-0.0304015214954,0.0235807860262,-0.00371195248701,-0.00333333333333,0.00791936645068,0.0129152697348,-0.0266036062666,-0.131283419757,0,0,0.0209988649262,-0.001443001443,-0.0251107828656,-0.0313937753721,0.00290023201856,0.00185430463576,0.00392670157068,0.00866551126516,0.00667302192564,0.00424448217317,0.00739523418242,-0.0145772594752,0.00773694390716,0.0123565754634,-0.0123229066559,0.0122343850612,0.00877577885037,0.0182149362477,-0.0112553238732,0,-0.00575043128235,-0.00275103163686,0.0104046242775,-0.00455235204856,-0.0346820809249,0.0240480961924,0.00905797101449,0.0214285714286,0.0287568941646,-0.00867976244861,0.0155832591273,-0.00651230101302,-0.0621947063501,-0.01955146636,0.00759631036354,-0.0165985085398,0.0123222748815,-0.00859513930053,-0.043017868961,-0.00147313975186,-0.0265804597701,0.00913417951043,-0.00861333793649
0.0141276595745,0.021914827479,0.00865950813994,0.0226845191988,-0.0246085011186,-0.00353437464371,-0.00636247954917,0,-0.00769230769231,-0.0735367683842,0.00634651760255,0.0124153498871,-0.0224041361482,0.0233069481091,-0.000863557858377,0.00215517241379,0.0237659963437,0,0.0158270932607,-0.0315315315315,0.0114678899083,-0.00655021834061,-0.00647864763594,0.0253987005316,-0.0412386706949,0.00153751537515,0.0159680638723,-0.0260845942789,-0.00275061124694,-0.0033698399326,-0.0202005416087,0.0153583617747,0.000745156482862,0.0100334448161,0.0257142857143,0.01913215732,0.0127543273611,0.0466239251597,0.00186375225514,0.0504075635934,0.0205669816565,-0.021676300578,0.0238636363636,0.0324112880693,0.024002313476,-0.0468006345849,0.00847457627119,-0.0292096219931,-0.0227272727273,0.0473372781065,0.0195758564437,0.00295857988166,-0.0166346769034,0.0357454228422,-0.0124923492208,-0.0254452926209,0.0443671161375,0.00894454382826,-0.0675085845409,-0.0135573982407,0.0266049739734,0.00137931034483,0.0320366132723,0.00914634146341,0,0.013698630137,0.0224416517056,0.021756021756,-0.0224926090985,-0.000460829493088,0.0252082419991,0.00109249817917,0.0134455817334,-0.0140762463343,0.0145395799677,-0.0100293542074,0.0299625468165,0.0403587443946,-0.0103734439834,0.00898301750705,0.0405904059041,0.0321856119309,0.0236134516126
0.00755287009063,-0.0185551330798,-0.0130494505495,-0.0390608093486,-0.00321100917431,-0.0170480549199,-0.0272594218807,-0.0128233970754,-0.00723514211886,0.0885529157667,-0.00246592866481,-0.0122630992196,-0.0436315557514,-0.000429737859905,-0.0151253241141,-0.00430107526882,0.0077380952381,0.0652417352354,-0.00368570949908,0.0391472868217,0.0128495842782,-0.0142857142857,-0.00506700830586,-0.0138248847926,-0.0231605482905,0.0147374884863,-0.0176817288802,0.00181864839836,-0.000612932883849,-0.0532544378698,0.0391051019646,-0.0294117647059,-0.00223380491437,0.00662251655629,-0.00208913649025,-0.00455177334629,-0.0023988005997,-0.0199666481379,-0.00744114057803,-0.002059997425,-0.00980392156863,-0.0280649926145,0.0203477617462,0.0422192151556,0.0152499293985,-0.00776699029126,0.0297349709114,0.0100294985251,0.031007751938,-0.0322841000807,-0.0128,0.115044247788,-0.0383864671438,-0.000841750841751,-0.00665893234588,0.00065274151436,-0.0129112869638,-0.0195035460993,-0.0143924898088,-0.0339118483715,0.00788732394366,-0.0034435261708,-0.000554323725055,0.00906344410876,-0.0577668193026,-0.029601029601,0,-0.0441064638783,-0.022045298094,-0.0230520977409,0.0111182381869,0.0200072753729,0.00796828622084,-0.00773349196907,0.0233545647558,-0.0111193476649,0.0181818181818,-0.0114942528736,-0.0020964360587,0.000292435664154,-0.00992907801418,-0.0111846113674,-0.0180379417171
0.0294852573713,-0.00325430032543,-0.0153096729297,0.0216191870285,0.0161067648412,0.0323594459318,-0.00771111529058,0.0038742023701,0.0196078431373,0.0124007936508,0.011268944454,0,0.0110599078341,-0.0073086844368,0.0136024572181,0.0158387329014,0.0141760189014,-0.00612459435989,0.0741550361527,0.0499813502424,0.0246268656716,0.015607580825,-0.00363152335894,-0.0210280373832,0.0162903225806,0.0335854765507,-0.0346666666667,0.0534692059249,-0.0392517632628,0.0107142857143,0.0126595018152,0.0294372294372,0.0119402985075,-0.000822368421053,0.0062805303559,-0.0068465217445,-0.0201382626991,0.0308210631395,-0.00262392419108,-0.0093125813678,-0.0203520352035,-0.0121580547112,0.0348078317621,0.0132433134251,0.00166898470097,0.0670953312832,0.0169491525424,0.0332943925234,0.00657894736842,0.0141784820684,-0.0178282009724,0.0335097001764,-0.00676589986468,0.0395956192081,0.0636439267887,0.0143509458578,-0.0198312236287,-0.0623869801085,0.00884955752212,0.0162442929928,0,-0.000691085003455,0.0648918469218,-0.0194610778443,0.00859813084112,0.00994694960212,0.0614574187884,0.0413683373111,0.0488751954489,-0.00896649362907,0.0139564389934,0.0114122681883,0.0131425522244,-0.00299760191847,0.0018153526971,0.00499750124938,-0.0178571428571,0.0276162790698,0.0546218487395,-0.00207893454605,0.019340974212,0.0244047357071,0.00656752967708
-0.0114886731392,-0.0279850746269,-0.00282685512367,-0.0423784856167,-0.00951086956522,-0.0416055925132,0.0043593631539,-0.010896708286,-0.0102110279101,-0.00881920627144,0.0184823658318,0.00451467268623,-0.0250683682771,0.00129926375054,0.00952380952381,0.00354358610914,-0.0279557367501,-0.0184870085077,-0.0356919223544,-0.0188277087034,0.00655498907502,-0.0455543358946,-0.00583742340197,-0.0596658711217,0.00634819869862,-0.0386416861827,-0.0110497237569,-0.0268577348796,-0.00670284072774,-0.0106007067138,0.0118268425312,0.119428090833,-0.0228613569322,-0.00740740740741,-0.00138696255201,-0.00205318367906,-0.00889570552147,-0.019258069131,0.0161607961635,-0.00260456746422,-0.0381807973049,0.00153846153846,-0.00560616678346,0.0123013839057,-0.00111080255485,0.00445375949699,0.00123456790123,-0.0361786319955,0,0.015625,0.0107260726073,-0.00767918088737,-0.0197547683924,0.00607779578606,0.00503895791342,-0.0180064308682,-0.00904003443823,-0.00867888138862,-0.0114008666244,0.00878992089071,-0.0117384013415,-0.0124481327801,-0.0130208333333,0.0412213740458,-0.00148257968866,-0.0367695338148,-0.00248138957816,-0.0458365164248,-0.0335717036141,-0.0261904761905,-0.00750782064651,-0.00211565585331,-0.0372191011236,-0.00781719783524,-0.0230390887911,-0.0233714569866,-0.0172727272727,0.0138613861386,0.00597609561753,-0.00445949025097,-0.00632466619817,-0.0318575325987,-0.0205166083215
0.0116221967589,0.000639795265515,-0.0191353649894,-0.0123726765264,0.0050297210791,0.0381176470588,0.00283072277788,0.0259352765664,-0.00550206327373,0.0590706870984,0.00747340483628,0.0064606741573,0.0579710144928,0.00994809688581,0.028730703259,-0.00353107344633,0.0257639304973,0.0279248465539,0.0211038961039,0.00108616944243,-0.0115774240232,0.017251293847,0.0146792474877,0.0310913705584,0.0296483204542,0.0158343483557,0.0495810055866,0.00835410997224,0.0199228791774,0.0696428571429,-0.009689052283,0.0443275732532,0.0588679245283,0.0149253731343,0.00208333333333,0.0156986458515,0.00928505106778,-0.00309691318544,0.0110919608249,0.0350516932354,0.019848219498,-0.0161290322581,0.0112755461593,-0.0179746835443,0.00222407561857,0.00834637454356,0.0055487053021,0.00645161290323,-0.00280112044818,0.0380566801619,0.0122448979592,0.0662080825451,0.0215427380125,0.00644381796214,0.00375652902704,0.0261951538965,0.0560382276281,-0.0068093385214,0.0079822181836,0.0122632071514,0.00339366515837,-0.0742296918768,0.021635883905,0.0263929618768,-0.0137342242019,-0.0013633265167,0.0190713101161,0.0400320256205,0.0676885597682,0.0440097799511,-0.00462281992015,0.00777385159011,0.00899586676392,-0.0587878787879,0.0463698993111,0.0178207739308,0.0175763182239,0.072265625,0.000660066006601,0.00477373790217,-0.0360678925035,-0.00401615336824,-0.000395490189573
-0.0229773462783,0.0257352941176,-0.0184248554913,-0.00506933923785,-0.0232029117379,-0.0315049864007,0.00733910425292,-0.0129753914989,-0.0138312586445,0.0532088681447,0.000528499684255,0.0047446274072,-0.00618647812638,-0.00642398286938,0.0116715298041,-0.0262225372077,-0.00817757009346,-0.0107570992297,-0.0203497615262,-0.00723327305606,0.0139092240117,-0.0107405313737,-0.000719745497992,-0.00184615384615,-0.00520753561035,-0.0158872901679,0.00266134397871,-0.0205829593997,-0.0349716446125,-0.0525876460768,-0.0266310546861,0.0294964028777,0.00855310049893,-0.00245098039216,-0.033264033264,-0.00228341333464,-0.0199325360319,0.00465980077663,-0.00914128943759,-0.0293233944954,-0.00629650829994,0.0296643247463,-0.00383275261324,-0.00850734725445,-0.00138696255201,-0.054578375582,-0.0288166768853,-0.018648018648,-0.0234082397004,0.0140405616225,-0.0120967741935,0.00564516129032,-0.0108843537415,0.0180072028812,-0.0424494542852,-0.00191448627951,-0.0156314273961,-0.00587659157689,0.00176321638952,-0.0287244556381,-0.0163472378805,-0.0204236006051,-0.0309917355372,0.00857142857143,-0.00451637184795,-0.0511945392491,-0.0439381611066,-0.0323325635104,-0.0295342229141,-0.0365339578454,-0.00527760185772,0.00525946704067,0.0044578313253,-0.0225370251127,-0.00481134464421,-0.0322661330665,-0.00909090909091,-0.00806661462399,-0.0191292875989,-0.0107061503417,-0.0102714600147,-0.00675028404661,-0.0154363336393
0.0240145743624,0.0021817048465,-0.0158262789842,-0.0366032210835,-0.0284117373079,0.0100631874561,-0.0160657575191,-0.0319582955576,-0.0119214586255,0.000443164192333,0,0.0180555555556,-0.00444642063139,0.00603448275862,0.0135970333745,0.0174672489083,0.0253239104829,0.0630327604479,-0.0181759169101,0.0466302367942,0.0353790613718,-0.0131428571429,0.0166525014765,0.0055487053021,-0.0207852193995,0.00883338409991,0,-0.0043615043615,-0.00555011426706,-0.0132158590308,0.0079626179108,0.0440251572327,0.0120141342756,-0.00900900900901,-0.0078853046595,-0.00458958300009,-0.00625782227785,0.0185751576872,-0.00221503566207,0.00572994813511,0.0829493087558,-0.027293404094,-0.0234347674012,-0.0312012480499,0,-0.0640218878249,-0.0214646464646,0.0154394299287,-0.0124640460211,0.00384615384615,-0.0277551020408,-0.0264635124298,-0.0116918844567,-0.0180817610063,-0.0175954905716,-0.00575447570332,-0.0162975344756,0.0226600985222,0.00527151616745,-0.0078776340839,-0.0383954154728,0.00849420849421,-0.0127931769723,0.0878186968839,-0.0264650283554,-0.0424460431655,-0.0204255319149,-0.024661893397,-0.0117886826449,0.00972289742343,-0.0207979626486,-0.0108126961981,-0.00443804725921,0.0164690382082,0.012213740458,0.0131817006979,0.0146788990826,0.00839454354669,0.0188298587761,0.0096378408605,-0.0303928836175,-0.0203660506011,-0.00921637524428
0.00274947436519,0.011351267299,-0.00523560209424,-0.0177507598784,0.0124640460211,-0.000579240037071,0.0689196886273,0.00913135097167,0.0220014194464,-0.00110741971207,0.0267415024217,0.0223738062756,0.0133988387673,0.0214224507284,0.0142276422764,0.0214592274678,0.0137851809305,-0.0370595119414,-0.0102479338843,-0.00765750087017,0.0111576011158,0.0254777070064,0.0206588735388,0.0374003678725,-0.00157232704403,0.032306763285,0.0311877903119,0.00232012153018,0.0242941562705,-0.00803571428571,-0.0120228759586,-0.00870147255689,-0.00488826815642,0.0314049586777,0.00867052023121,0.00690993596875,0.00818639798489,-0.0116479866252,0.0292256804156,0.0113946057701,0.0297872340426,0.0218238503507,-0.0107449856734,0.00966183574879,0.00166666666667,0.00555393159895,0.0270967741935,-0.0146198830409,0.0427184466019,0.0827586206897,-0.00587741393787,0.0189456342669,0.0132219902575,0.00760608486789,0.00795676086922,0.0167202572347,-0.00339847068819,0.02408477842,0.0034973780635,0.0215377489579,-0.0113230035757,0.0252679938744,0.00863930885529,0,0.0128155339806,-0.0172802404207,-0.0139009556907,0.0163132137031,0.0344649319318,0.045739046702,0.0047680970958,0.0451339915374,0.0240562248996,0.00842514581983,0.000502765208648,0.0344387755102,0.0289330922242,-0.00130072840791,0.0442244224422,0.0202319671597,-0.00382262996942,0.00254144152395,0.0427995854588
0.0256451612903,0.010147601476,0.0112781954887,0.0206089862607,0,-0.00278196360264,0.00390763765542,-0.000232018561485,0.034375,0.0141906873614,0.0226917759791,-0.00720576461169,0.0242397531952,0.00503355704698,0.0104208416834,-0.0182072829132,0.0169971671388,0.0162045372704,0.0420841683367,0.0263065591021,0.0220689655172,0.0225861095426,0.0104674246526,0.0118203309693,0.0155905511811,0.0260310032173,-0.00643500643501,0.009760533495,0.0535256410256,0.021602160216,0.0198215186265,0.0405131667792,0.0224561403509,0.0424679487179,0.0236389684814,0.0372343690536,0.025921299188,0,0.0294742518199,0.0133104137146,0.0371900826446,0.0106788710908,-0.0032585083273,0.0358851674641,0.00915141430948,0.0130813953488,0.0232412060302,0.0189910979228,0.0316573556797,0.0297239915074,0.00929054054054,0.0396119644301,0.0549450549451,0.00198649185538,0.0447690783577,0.0253004427577,0.0247229326513,-0.0244590780809,0.0439868463631,0.0187842083104,0.0147679324895,0.0231516056759,0.0551391862955,0.015625,0.0207055214724,0.0191131498471,0.0837004405286,0.0329052969502,0.0146163477401,0.0193370165746,0.0245901639344,0.0509446693657,0.0382956194361,0.0385604113111,-0.00175879396985,0.05869297164,-0.0263620386643,0.00286532951289,0.039190897598,0.00290595561233,-0.0023023791251,0.00874688834586,0.0150336964382
0.00833464381192,-0.00471841704718,0.0167286245353,0.00400218300891,0.0108901515152,-0.00941532023713,-0.0123849964614,0.00881875145045,0.010909701242,0.0214254481854,0.00529619205597,0.014247311828,0.0150602409639,0.00542570951586,-0.0146767155891,0.00784593437946,0.0155988857939,0.0210843373494,0.0504807692308,0.0177717019822,0.0161943319838,0.0590833793484,0.0151950210889,0.00467289719626,0.0418669561172,0.0253705815279,-0.0110103626943,0.0287420312636,0.0307271067843,0.0193832599119,0.0214931234905,-0.0149253731343,0.00480439258751,-0.00461183704842,0.00209937018894,-0.0154574505859,0.020700152207,0.00922566716375,-0.0051575911221,0.00758791435514,0.0109561752988,0.0241509433962,-0.0108972030512,0.0064151911727,0.0181368507832,0.0413199426112,0,0.0163075131043,0.00361010830325,0.0144329896907,-0.0108786610879,0.0233281493002,-0.0182291666667,-0.0309278350515,-0.00567429259482,0.00801974090068,0.00998336106489,0.00482160077146,0.0292031950943,-0.0712401055409,0.015444015444,0.000729927007299,-0.00152207001522,0.0179487179487,0.00676183320811,-0.0420105026257,0.00813008130081,0.0551670551671,0.025135981103,0.0171635049684,0.0189473684211,0.00353130016051,0.0217937338294,-0.0377475247525,0.00151019380821,0.00559049615653,-0.00631768953069,0.0142857142857,0.0285888077859,0.0186270139464,0.0261538461538,0.0258093728775,0.0199598633069
0.000467872738615,-0.0230922159352,-0.00146252285192,-0.0207163133418,0.0126463700234,0.00211218023938,-0.00161232533142,0.0126524039568,-0.0272289556699,0.00256849315069,-0.0168056660422,-0.0267691492181,0.00339126748622,0.00498132004981,-0.0233494363929,-0.00495399858457,-0.0345584201865,0.0294551448898,0.0587337909992,0.0130960376091,0.0159362549801,0.00260688216893,0,0.0116279069767,0.0171156422087,0.0269669168752,0.00327439423707,0.0506944960261,-0.000885478158205,0.009507346586,0.00166980046586,-0.0184453227931,-0.0150273224044,-0.0301158301158,0.00768156424581,-0.0358963262166,-0.00178944229049,0.0868481700795,-0.0147316398558,-0.0155507018861,-0.00197044334975,-0.0110537951363,0.00991553433713,-0.00127485976543,0.00161943319838,0.0231468724166,-0.00675260896255,0.00114613180516,0.00539568345324,-0.00135501355014,-0.00592216582064,-0.0440729483283,0.00132625994695,0.0110474631751,0.0101418343097,0.0146878824969,-0.00370675453048,0.00959692898273,-0.0226972117877,-0.00410733844469,0.0195963732085,0.0277169948942,0.0182926829268,0,-0.00746268656716,-0.025841816758,0.0241935483871,0.000736377025037,-0.00136909159481,0.00177619893428,-0.000826446280992,-0.0159948816379,0.0229738471491,0.00707395498392,0.0434782608696,0.0296502200602,-0.0372388737511,0.0550576184379,0.0177409816677,0.0168484886374,0.0254872563718,-0.0142352681527,0.023854983396
0.0208885424786,-0.0291170945523,-0.00915415598682,-0.0120266436413,0.0212765957447,0.00866510538642,0.0154315449489,0.00136301681054,0.00170677590032,0.0269000853971,0.00663202319773,-0.00462962962963,0.00211237853823,-0.000413052457662,-0.020197856554,0.0099573257468,-0.00568181818182,0.0241456322953,0.0112391930836,0.0507126284388,0.0254901960784,-0.00260010400416,-0.0163344295129,0.0281609195402,-0.00936494000585,0.0351922035734,0.0124020887728,0.00658967768649,0.0254062038405,0.0539383561644,0.0533305316243,0.0342281879195,0.0256588072122,0.0286624203822,0.003465003465,0.0296640813985,0.0152375261428,0.0242991792052,0.0277662985394,-0.00509596829175,0.0582428430405,0.0260804769001,0.0287272727273,-0.00280827163646,0.00485044462409,0.0131968758416,0.0142150803461,0.028048082427,0.0178890876565,0.0576662143826,0.028085106383,-0.0151033386328,0.0145695364238,-0.0259004451639,0.0144306415117,0.0295536791315,0.0223232740802,-0.0351711026616,-0.00705433587634,0.0161534231509,0.00487664945496,-0.0319375443577,0.0269461077844,0.036523929471,-0.0093984962406,-0.016077170418,0.048031496063,-0.0176600441501,0.054321396422,0.0190602836879,0.0227460711332,0.02633289987,0.0256558502566,0.0306513409962,0.0115606936416,0.0211473565804,0.0160377358491,0.0533980582524,0.0249854735619,0.0143252382416,0.0138888888889,-0.00340311205642,0.0354888387365
-0.0122156054359,0.0064495324089,-0.0133037694013,-0.011798489294,-0.0163043478261,-0.013698630137,-0.00159038699417,-0.0131578947368,-0.0085193388993,-0.0037422037422,-0.0169777173941,-0.0221614227086,-0.0257166947723,-0.0223140495868,-0.00168279343711,-0.00985915492958,-0.0108571428571,-0.00267445687953,0.00071245369051,0.0236593059937,-0.0031867431485,-0.0161626694473,0.00276531931871,-0.0072666294019,-0.00738552437223,-0.0245815899582,-0.0109606705351,-0.00420884710698,-0.0293863439931,0.0138099106418,-0.00411612937547,-0.00324464633355,-0.0155510480054,-0.0061919504644,-0.0207182320442,-0.0129939329353,-0.0182460270747,-0.00730006537372,0.00450269329691,-0.0112662315036,-0.0186567164179,-0.0130718954248,0.00424178154825,-0.021249359959,-0.00536336819523,0.00691121743753,-0.00853138330286,-0.00779510022272,-0.01230228471,-0.0179602309173,-0.0165562913907,-0.0104923325262,-0.0143603133159,-0.0203572912339,-0.0105176081305,-0.01230228471,-0.0105135463,-0.00591133004926,-0.00751545449208,-0.00439694243388,-0.0148444190694,-0.0124633431085,0.00874635568513,0.00364520048603,-0.00189753320683,-0.0277777777778,-0.0112697220135,-0.00823970037453,-0.0151476490966,-0.00478468899522,-0.0127375657097,-0.0183718720304,-0.0171927846674,-0.0247831474597,0.00357142857143,-0.0107953293677,0.0102135561746,-0.0177419354839,-0.00396825396825,-0.0304582373621,-0.0209084354722,-0.0117718419338,-0.0145302499893
0.0298345957644,0.0233899391221,0.0277153558052,0.0336702463677,0.0557090239411,0.056379472693,0.0230088495575,0.0151724137931,0.025949475855,0.0538397328881,0.0113442740561,0.0145495243425,0.0514928602337,0.0135249366019,0.0341340075853,-0.0128022759602,0.052570768342,0.0945171005405,0.017941050833,0.028967642527,-0.00895140664962,0.0143084260731,0.0241469672232,0.0332207207207,0.0395833333333,0.0412868632708,0.0234680573664,0.0185488380528,0.0397744137726,0.00400641025641,0.0311421226588,0.041015625,0.0391483516484,0.0155763239875,0.0331452750353,0.0354951904201,0.000899280575539,0.0588200077828,0.0331029389944,0.0331500798797,0.041825095057,0.0132450331126,0.00774375219993,-0.0269421919958,0.0488002156916,0.0562302006336,0.0227412415489,0.0230078563412,0.0258007117438,0.0979751796212,0.0185185185185,0.0448613376835,0.012582781457,0.0178117048346,0.0462498507106,0.0593119810202,0.0269718022068,0.0148662041625,-0.0176758926685,0.0397472482674,-0.0388293248334,0.00371195248701,0.021676300578,0.0193704600484,-0.0262357414449,-0.0126050420168,0.0759878419453,-0.00151057401813,0.00960604263927,0.0257867132867,0.00757730903133,0.0164569215876,0.00795813019788,0.00825921219822,0.038196915777,0.0347438752784,0.0404411764706,0.0260380014075,0.00796812749004,0.0296958519584,0.0272459499264,0.0307349564664,0.0388669874294
0.0144100870609,-0.0162805259862,0.00036443148688,0.0262787997311,0.0532054077628,0.0235097493036,0.00882352941176,0.00203804347826,0.0150753768844,0.0875247524752,0.00688252246143,-0.0137892995036,0.00123456790123,-0.00834028356964,0.00651996740016,-0.00936599423631,0.0164654226125,0.0407463249152,-0.0282557000979,0.0916442048518,-0.0322580645161,0.0668756530825,0.0040323120822,0.0299727520436,0.00543945032923,-0.0298661174047,-0.0127388535032,-0.0435690085812,-0.00485298315729,-0.0135674381484,0.0372857429628,0.0919324577861,-0.00991407799075,0.010736196319,-0.019795221843,-0.00719219877484,-0.00299490865529,-0.00781220551095,0.0123519469848,-0.00651506537806,0.0191605839416,0.00435729847495,0.0020957038072,-0.0129032258065,0.0179948586118,0.0179955011247,-0.00600961538462,0.016456390565,-0.0164787510841,0.00535395597858,-0.0231404958678,0.0343481654957,0.0196206671027,0.0183333333333,0.0310636111983,0.0459126539754,-0.0397930760048,0.0390625,-0.0389904803693,0.0131020061426,-0.0183901115466,0.0133136094675,0.0612918434701,0.0451306413302,-0.0160093713393,0.00170212765957,0.0317796610169,-0.0189107413011,0.0110198139512,0.027268853856,-0.0121951219512,-0.0307936507937,-0.00158261611779,-0.0233144297417,0.0127970749543,0.0163581575549,0.0697879858657,0.0217192501143,0.00734048560136,0.011626848001,0.00645161290323,0.017357358682,-0.0412645570341
0.0291506362829,0.0259388924252,0.023679417122,-0.0097659739177,0.0335403726708,-0.000653167864141,0.0154347453267,0.0232768361582,0.013696369637,-0.0313182811362,0.0453151468371,0.0176174496644,0.0221948212084,0.0260723296888,-0.0307692307692,0.0109090909091,0.00755939524838,-0.00503422548984,0.0234633654815,0.00658436213992,0.086,0.0142017629775,0.0174387575386,0.0301587301587,-0.00156605922551,-0.00504246284501,0.021935483871,0.00313379116333,-0.00889271371199,0.0258899676375,-0.0112868085425,-0.020618556701,0.0133511348465,0.0440060698027,-0.000696378830084,0.0306241794964,0.0297386602583,0.0332424705804,-0.0296749416003,0.0131155796148,0.0420769919427,0.0267534345625,-0.0627396305333,-0.00190631808279,0.00252525252525,-0.067272280874,-0.0175332527207,0.00701565029682,-0.000881834215168,0.0147928994083,0.0169204737733,0.0316981132075,0.023091725465,0.0691489361702,0.0260728767351,0.0133832976445,0.033153750518,0.0385338345865,0.0419063307118,0.022575547457,0.00890663390663,0.0518248175182,0.0217681030653,-0.0193181818182,0.0134920634921,0.00424808836024,0.0130047912389,-0.0254433307633,0.00568658843743,0.0290335960182,0.0102880658436,-0.00786112020963,0.00632268865656,0.0238709677419,0.0182761732852,0.0226598898772,0.0132122213047,0.00693667487134,0.0325112107623,-0.0139839154963,0.014245014245,0.00546305931322,0.0325920677798
0.0310567936736,0.0100822087793,0.00996441281139,0.0545432677852,0.0372596153846,0.0205882352941,0.0391825705117,0.0289310954064,0.023929676054,-0.00112781954887,0.0263994508994,0.0219840615554,0.0136710896663,0.044262295082,0.0121136173768,0.00791366906475,0.0230439442658,0.0284289458358,-0.0137834036568,0.00245298446443,0.0527931246163,0.0188314823757,-0.000655694708544,-0.00256805341551,0.0151147868245,-0.0093358228861,0.0157828282828,0.0146559990102,0.0040520984081,0.0670347003155,0,0.0157894736842,-0.00527009222661,0.00436046511628,-0.0278745644599,0.0178331557738,0.00816802800467,0.0575804094239,0.00883403039886,0.0149339719621,-0.0197594501718,0.0211267605634,0.0297508367423,0.0412005457026,0.0244332493703,-0.0142142669123,-0.00615384615385,0.0096463022508,-0.00529567519859,0.0909620991254,-0.018302828619,0.00512070226774,-0.0131661442006,-0.000382701875239,-0.0237109369731,0.0258848388801,0.0300842358604,0.00633484162896,0.0192554722574,0.0274387359258,0.00669710806697,0.0312283136711,-0.0278260869565,0.0521436848204,0.00743931088489,0.0160744500846,-0.0202702702703,-0.00395569620253,0.00479049472657,-0.0266021765417,-0.0081466395112,0.0316936282602,0.0290609181976,0.0321361058601,0.031907821848,-0.00973286394699,-0.0105949470253,0.0113333333333,0.00108577633008,-0.00833891289792,0.0301966292135,0.0164726175075,0.0169963045975
-0.0153395621252,0.00752457002457,0.0158562367865,-0.00347855839416,0.0274237157204,-0.0136620770627,0.024703396717,-0.0345567718395,-0.0332273449921,-0.0466691757621,-0.0120345804072,0.0115622479161,0.0432368107894,0.00392464678179,-0.0321914981428,-0.01142041399,-0.0209533787323,-0.0469330690546,0.031089560753,-0.10657966286,0.0204081632653,0.0203791469194,0.0191326028476,0.024201853759,0.00435454417755,-0.0525040387722,0.0142945929149,0.0267598120158,-0.0461228019602,-0.0317812269032,-0.00991924434426,0.0270581462291,-0.017880794702,0.0101302460203,0.0143369175627,0.0323791753891,0.00983796296296,-0.0320205821766,-0.0161651296985,0.0255217318716,0.0280455740578,-0.0048275862069,-0.0104730949801,-0.0149371069182,0.00885173346447,0.0277703604806,-0.00743034055728,-0.0222929936306,-0.00443655723159,0.018172100481,0.00932203389831,0.0167394468705,-0.00317662007624,-0.0122511485452,-0.0266077225945,-0.0149330587024,0.0241433021807,0.0179856115108,-0.0583526872837,-0.000613930073365,0.000604777744179,-0.0181695827725,-0.0272808586762,-0.0550660792952,-0.0279828993393,0.044962531224,-0.00896551724138,-0.104845115171,0.0230895565646,0.024016563147,-0.0166324435318,0.01056,-0.00304416620804,-0.010989010989,-0.0141722138716,0.0108741112505,0.00988467874794,0.0230718523401,-0.00759219088937,-0.0019641541861,-0.00886162235855,-0.017245036484,0.00159711858406
0.0172780059482,0.00320073159579,0.00797780090184,0.018426323319,0.0605263157895,-0.0157991559355,0.00935765265662,-0.0211204979991,-0.00723565203092,0.0412554283458,0.011465210953,-0.00212652844232,0.0155893536122,-0.0148553557467,-0.0170575692964,-0.00216606498195,0.00481540930979,0.0343149998143,0.0113416320885,0.0356055995131,0.00228571428571,-0.0227589410125,0.00582001725403,0.0165912518854,0.0290909090909,0.029269678886,0.0269607843137,-0.00391900718485,0.0169235418555,0.0213740458015,0.0342967195551,0.0128923766816,0.0101146325017,-0.00644699140401,-0.00706713780919,-0.00514645919199,-0.0200573065903,0.0363931864915,0.0058172200677,-0.0172241637544,-0.0144927536232,-0.018711018711,0.0178832116788,0.0183559457302,-0.00292468925177,0.0244219277734,0.0193387398628,0.0494028230185,0.0169340463458,0.0183727034121,0.0151133501259,-0.0372226198998,0.0325047801147,0.00193798449612,0.0148455129934,0.0313643491898,0.00570342205323,0.0185512367491,0.0138225538601,0.0273366710692,0.00815956482321,-0.00205620287868,0.0206896551724,-0.016317016317,0.0239904038385,-0.0685258964143,0.0243562978427,0.00532386867791,0.0844239848914,0.0428629195309,-0.00626435581541,0.017099430019,0.00612417409906,-0.0154320987654,0.00196035722065,0.00206868018204,0.031810766721,0.009235395189,-0.0180327868852,-0.010393603936,0.015818431912,-0.0136625585461,-0.00367899438547
0.010719754977,0.0148890914616,0.0141087405368,-0.0394448502557,0.0652250974832,-0.0214403518417,0.00172847265871,-0.0183965478083,-0.0352824250456,0.0356398104265,0.0606841736525,0.0239744272776,0.0265818045676,0.0174603174603,0.022125813449,0.00217076700434,0.013844515442,0.0620085454741,0.0150437636761,-0.0029385836027,0.0347776510832,-0.0256653992395,0.00771938808167,0.0276953511375,-0.00258222343028,-0.00607399226946,-0.013723150358,0.027784401391,-0.0270430906389,0.0388639760837,0.0149643002479,0.0215827338129,0.0106809078772,0.00144196106705,0.00284697508897,0.0377291608973,0.0207602339181,0.0375064980073,0.0456112265404,0.0184978630827,0.0406574394464,-0.0197740112994,-0.0258157045536,0.00208986415883,0.0173551698851,0.00583312198833,0.0287637698898,0.0186239006725,0.0201577563541,0.0211340206186,-0.0157154673284,0.00743494423792,0.0246913580247,-0.047582205029,0.00936997412768,-0.0091231626964,0.000756143667297,0.0477016478751,0.0052761478381,-0.00568062905492,-0.00239808153477,-0.00618131868132,0.0396396396396,-0.0367298578199,0.0304568527919,-0.0513259195894,0.0346467391304,-0.0308914386584,0.0101532124991,-0.002326483133,0.059046018071,0.0143212951432,0.00759576146223,0.00626959247649,0.014347826087,0.0115606936416,0.0181818181818,0.0361779101937,0.0194769059544,0.0227145609347,0.00203114421124,0.0384699549214,0.0671493523061
0.00537190082645,0.0261976047904,0.00135731252121,-0.0161450716584,0.0432612312812,0.0138202247191,0.0161568627451,0.0217491901897,0.0226648351648,0.0054914881933,-0.0247102259657,0.0234131113424,-0.009117432531,0.0245709828393,-0.00127334465195,0.0361010830325,0.0131302521008,-0.026675231591,-0.0489086499596,0.0456822870616,0,0.0380487804878,0.0229934703626,0.00288739172281,0.0190761684153,-0.00305555555556,-0.000604960677556,-0.0432542425312,0.0623091020159,0.0223021582734,0.0234185635399,0.0173347778982,0.053500660502,0,0.0184528034067,0.0248929879058,0.000286450873675,0.0330775204803,-0.0091145706086,0.0191160844014,-0.00415627597672,0.0165706051873,0.0312845049687,-0.0409280500521,0.00336376741951,-0.000756429652042,-0.0113027959548,0.0192991366176,-0.0257731958763,-0.000504795557799,-0.0159663865546,0.0177121771218,0.0180722891566,-0.017059301381,0.042341531001,0.0455242966752,-0.0317340385342,0.0140728476821,0.00306123345309,0.024656463301,0.0414663461538,0.0165860400829,0.0311958405546,0.0479704797048,-0.00454717696097,-0.0126239855726,0.0453053184504,0.0173041894353,0.010197704439,-0.0194325689856,-0.0119047619048,0.0251688152241,-0.0883689270824,0.00373831775701,0.0353621945992,0.00775510204082,-0.0186335403727,0.0310125282399,0.0294759825328,-0.0360647768359,0.0297297297297,0.0687795010115,-0.0187374642032
-0.0272640087683,0.0398249452954,-0.0101660454083,0.0219394732148,0.0204146730463,-0.0160700432229,0.0339610991047,0.0158514492754,0.0100738750839,-0.0660841070453,0.0310439047174,0.00406710726995,-0.0231873389768,0.0140845070423,0.0310242243944,0.0209059233449,0.0248833592535,-0.0361249088193,-0.0604901544128,-0.135005636979,0.0192837465565,-0.0169172932331,0.0268353864494,0.0278310940499,-0.0169808797968,-0.0295346893285,0.0332929782082,-0.0407337428768,0.0284646348476,0.0281491907108,0.00565092480471,0.0255591054313,0.000626959247649,0.0352771778258,0.0236933797909,0,0.0349369988545,0.000743674723143,0.0367936406703,0.0122035557352,0.0208681135225,0.0120481927711,-0.0107066381156,-0.0138624626257,-0.00838122605364,-0.0668685339389,0.0138387484958,0.0303936223219,0.00970017636684,0.0323232323232,-0.00256191289496,0.0108774474257,0.0461538461538,0.0392561983471,0.0406348446784,-0.0269080234834,-0.00624268435427,0.069387755102,-0.0139546288472,-0.00352143674619,-0.00548182342758,0.0129163834126,-0.0113445378151,-0.0305164319249,-0.0057099352874,-0.0164383561644,0.0232412060302,-0.0528200537153,-0.00588363291933,0.093539437178,0.0291164658635,0.0248502994012,-0.00744792055551,0.0105524518932,0.0300144897537,0.0032401782098,0.0221518987342,0.0448207171315,0.0111346765642,-0.0236083968984,-0.0236220472441,0.0296924290221,0.00425527356523
0.0347887323944,0.0179573512907,0.0215679561794,0.107633232488,-0.00937793060331,0.0194863708042,0.0307554493879,0.0127061970575,0.0103058510638,-0.0253411306043,0.0367480345102,0.0118987341772,0.0192162773173,0.0322822822823,-0.0259686727123,0.0061433447099,0.0389479008599,0.0369743053804,0.0367913148372,-0.0182469859889,0.0113513513514,-0.0267686424474,0.0176323332003,0.00560224089636,0.0265233949946,-0.0749354005168,0.0193321616872,0.0436905219585,0.0321498462399,0.025325119781,0.023592255932,-0.015057113188,0.046992481203,0.0208623087622,-0.0115724982982,0.0213825211169,-0.0254565578307,0.0357183244213,0.034853745541,0.011120921628,0.0457890433361,0.0203081232493,0.0533910533911,-0.00110253583241,0.00434677614103,0.00648999459167,-0.0118694362018,0.0154738878143,0.0139737991266,0.041095890411,0.0162671232877,0.0279770444763,0.0079185520362,-0.0051689860835,0.0015966687104,0.0668677727501,0.0145268943856,-0.00458015267176,0.0336107213272,0.0070677621698,0.00638236147375,-0.0288590604027,0.00977475563111,-0.0193704600484,0.0279479326187,0.0129990714949,0.0380601596071,0.0349716446125,0.0236051502146,0.0112359550562,0.0117073170732,0.00496640373941,-0.00667632068907,0.0036855036855,0.0781752411576,0.0547032700848,0.030959752322,0.113441372736,0.0204509701101,-0.033637860348,0.105510752688,0.0105885957186,0.0292390915447
-0.0197359466449,-0.0401047409041,-0.000670241286863,-0.00430717512344,0.0242978857684,-0.00894928737156,0.00144843568946,-0.0233325996038,0.00345508390918,-0.003,0.00661981093121,0.00725544158119,0.00110905730129,-0.00545454545455,-0.0131189166314,-0.00271370420624,0.0856864654333,-0.0178279756733,-0.0468295520652,-0.0132758048457,0.0106894708712,-0.0103143418468,0.00179447870988,0.00278551532033,0.0140453160196,0.00341402855369,0.0241379310345,-0.0338687133219,0.0398158179848,0.0126835781041,-0.0524112399592,-0.029520295203,0.0317175344105,0.0340599455041,0.00482093663912,0.0409112230539,-0.00624645088018,-0.0143732842526,0.0113277384049,-0.000914817972015,0.0304925723221,0.0144131777625,-0.0157534246575,0.0985099337748,-0.00601106035105,0.00671681891456,-0.0198198198198,-0.0133333333333,-0.0534022394488,0.00187969924812,0.0143218197136,0.00418702023726,0.00280583613917,-0.0715427657874,0.0314998788466,0.0014137606032,-0.00735294117647,0.00383435582822,-0.02096535132,0.00467877299178,0.052752954742,-0.054595715273,0.010101010101,0.00493827160494,0.0104283054004,0.0119156736939,0.0106445890006,-0.0264840182648,-0.0482180293501,-0.0150537634409,-0.0308582449373,-0.0133720930233,-0.0252186754516,0.00673194614443,-0.0363466915191,-0.0162679425837,0.0277777777778,0.0171232876712,0.0462487153135,0.00915316519125,-0.0528875379939,-0.00380833285966,0.0173021989777
-0.0349902804776,0.00760947595118,0.0214621059691,0.0121333614687,-0.0323475046211,0.0255295429208,-0.00621926525889,-0.0130718954248,0.0678799803246,-0.0407221664995,0.0103939906283,0.0106805762543,0.0369276218612,0.0102376599634,-0.0218696397942,0.0272108843537,-0.0367713004484,-0.0779491897247,-0.0633201098566,-0.0339724184326,-0.00951877313591,-0.0158808933002,-0.00417566253055,-0.0277777777778,-0.0297922383379,-0.0689761831117,0.00561167227834,-0.063290940903,0.00364678301641,-0.0355965721819,-0.0104242734044,-0.0048886474742,-0.0272621809745,0.0098814229249,0.0164496230295,0.0137150022532,0.0345714285714,-0.058307815257,-0.0278521741238,-0.00917736665765,-0.0144157814871,0.0128552097429,-0.0142658315936,-0.0143180105501,0.044992743106,-0.0832666132906,0.00245098039216,-0.0236486486486,-0.00454959053685,-0.0253283302064,-0.015780730897,-0.0847810979847,0.0100727476217,-0.029702970297,0.0631529493219,-0.0164705882353,-0.012865497076,-0.0145148968678,-0.0380235645172,-0.0186279360829,0.026834611172,0.0285087719298,0.102083333333,-0.019656019656,-0.0169553999263,0.00724637681159,0.0105324751317,-0.0544090056285,0.020704845815,-0.0349344978166,-0.0298507462687,-0.0123747790218,0.00604047702288,0.0145896656535,-0.0193423597679,0.0107003891051,0.0394448502557,-0.020202020202,-0.0230844793713,-0.00907014465888,0.00962772785623,-0.00382289170375,0.0105678781949
0.0107913669065,0.00512966657167,0.0101772816809,-0.00317940164703,0.00604902897167,-0.000108707468203,0.00829573570077,-0.00205526375885,0.0132043605097,0.0181932245922,-0.0094471748694,0.0199066109609,-0.00997150997151,0.00760043431053,0.00789127575625,0.0132450331126,-0.00837988826816,0.0320810468552,0.00504968235869,-0.0407381615599,0.0149492792312,0.0105900151286,0.0065875681986,-0.000952380952381,0.0277441077441,-0.0159468438538,-0.0145089285714,-0.00467808215359,0.0233584220088,-0.00751879699248,-0.00292715924115,0.00545851528384,0.0298151460942,0.0189171559035,0.000674308833446,0.0189315603317,0.015465341066,0.0108392431015,0.019309940755,0.00740359573217,-0.00384911470362,0.0153640614562,0.0158842216731,-0.00611620795107,0.0106481481481,-0.0148471615721,0.0134474327628,0.00197726149283,-0.00639853747715,0.0394610202117,-0.00084388185654,0.00911161731207,-0.00387811634349,0.0221827861579,0.040887999907,0.00861244019139,0.0142180094787,0.00387596899225,0.0449776480248,0.0166088323398,0.00933333333333,0.00710732054016,0.0362948960302,0.0100250626566,0.0356205474316,0.0215827338129,0.0526925303995,-0.0238095238095,-0.0202848511006,-0.0026395173454,0.00902564102564,0.01223150358,-0.002567716277,0.0257639304973,0.00197238658777,0.0134744947064,0.0217849613493,0.00773195876289,0.0261437908497,0.0201436445632,-0.0057215511761,0.0114935945167,0.0142624988018
-0.0324555160142,0.00481996030621,-0.00552486187845,-0.00967320261438,-0.0379746835443,-0.025766470972,-0.0170323325635,-0.0219679633867,0.000909228671011,-0.0490860546313,-0.0243744822591,-0.0279518072289,-0.0442446043165,-0.0140086206897,-0.00869943453676,0.0261437908497,-0.0338028169014,-0.0479271240007,-0.0303079416532,-0.0341197822142,-0.0147290899527,-0.0294411177645,-0.0196333684422,-0.0142993326978,-0.0193945747608,0.0016880486158,-0.0101925254813,-0.0193212629126,-0.0149632259701,-0.0544077134986,-0.0343409050259,-0.0385450597177,-0.0283729009844,-0.033290653009,0.0222371967655,-0.0353955442587,0.00571117759043,-0.036757493641,-0.0562178391583,-0.0183781755256,-0.0633693972179,-0.0105263157895,0.00764419735928,-0.0376923076923,-0.0437471369675,-0.028073286052,-0.0108564535585,-0.0345337937839,0.0110395584177,-0.0527777777778,-0.0363175675676,-0.0549285176825,-0.0328142380423,-0.0308159722222,-0.0607997139889,-0.0118595825427,-0.0502336448598,-0.003861003861,-0.0091321808975,-0.0364676021822,-0.0129458388375,-0.00352858151023,-0.0353885443269,-0.0645161290323,-0.00470673425054,-0.0677816901408,-0.0566556655666,0.00660569105691,0.0114537444934,-0.0275992438563,-0.0144338280138,-0.00589448865311,-0.0661582533292,-0.027453271028,-0.0529527559055,-0.048433048433,-0.050894085282,-0.00426257459506,-0.0489955903969,-0.021841639924,-0.0102301790281,-0.017044489326,-0.0475238431197
0.00250110342798,0.0142494356659,0.0656862745098,0.0335797254488,0.0684210526316,-0.00345943533088,-0.00910425844347,0.0128685072532,0.0113550340651,0.048596112311,0.00738611863133,-0.010411502231,0.0447873541588,0.0218579234973,0.00921456779289,0.0229299363057,0.0320699708455,0.0705303444505,-0.00618418853418,0.0533633972191,-0.00480512546716,0.00925449871465,-0.00545630130372,0.00580270793037,0.0292663370306,0.0124705089316,-0.0343249427918,-0.028487538487,0.0200823892894,-0.00218499635834,-0.0194544328132,0.0124223602484,0.00715137067938,0.00993377483444,0.00659195781147,0.0348655425004,0.032179556517,0.0286158094581,0.0375502138137,-0.00749739821167,0.0313531353135,0.0152925531915,0.00862068965517,0.0591526778577,0.0471856287425,-0.0422620857403,0.0414634146341,0.0168625447113,0.0527752502275,0.112414467253,-0.00262927256792,0.0222929936306,0.00517538815411,0.0116435288849,0.12748468447,0.0537686029765,0.00246002460025,-0.0046511627907,0.0267679348688,0.03300330033,0.0364025695931,0.0467422096317,0.0915279878971,0.0490716180371,0.0210985813023,-0.14164305949,0.065889212828,-0.0540131246845,0.0409407665505,-0.00505443234837,0.0643564356436,0.00919063148532,0.0156489657174,0.0408408408408,0.012887133652,0.00199600798403,0.0434782608696,0.0530821917808,0.0484286450283,0.0275518060996,0.0264857881137,0.00963975727782,-0.00734755715789
-0.00322864690343,-0.0254555571011,0.0144127568231,0.019871270944,-0.00554187192118,0.0003359462486,-0.00400118553646,-0.00646800646801,0.00299401197605,0.0119464469619,0.00193945117283,-0.0155310621242,-0.0036023054755,-0.0146167557932,-0.0191304347826,-0.00684931506849,-0.0282485875706,-0.0244418502845,-0.0284224688866,0.0210488762041,-0.00751072961373,0.0096790626592,-0.00366558236636,-0.00576923076923,-0.0441443780836,-0.0169773635153,-0.00947867298578,-0.0339797262336,-0.057799091368,-0.0401459854015,-0.00310047223579,-0.0306748466258,0.00355029585799,-0.00131147540984,0.00261951538965,-0.0133015363274,0.00890751899397,0.00077183798114,-0.0371279322823,-0.0132035095228,-0.0056,-0.0582842174198,-0.0034188034188,0.00654088050314,-0.0166971637694,0.0111111111111,0.0187353629977,-0.00150753768844,0.00432152117545,-0.01230228471,-0.01230228471,-0.00389408099688,-0.0257437070938,0.000885347498893,-0.0017619379207,-0.0232346241458,-0.00449897750511,-0.0288161993769,0.000429066694127,-0.0131899053258,-0.0185950413223,0.00405953991881,0.0523215523216,-0.0164348925411,0.00890630566441,0.0715071507151,-0.00382932166302,-0.0474919957311,-0.0246861924686,-0.00547088706526,-0.00581395348837,-0.0205640423032,-0.00906103957062,0.0317368724755,0.0260619741432,-0.045219123506,-0.00277777777778,-0.0487804878049,0.0152334152334,0.0211116179058,-0.0163624921334,-0.0210163946898,-0.0636524723182
0.0359246171967,0.0251213245789,0.020253929867,0.0105184072126,0.0473684210526,0.0226127840591,0.0374944204731,0.0430132527319,0.00373134328358,0.0889476898026,0.0182977317771,-0.00407124681934,0.0155459146782,0.0148335745297,0.0190602836879,0.0244514106583,0.0746124031008,0.00138359135442,0.0289077375801,0.0272536687631,0.047027027027,0.0176589303734,0.047157858831,0.0251450676983,-0.00325998370008,0.0443616661023,0.011961722488,0.0394295557327,0.0152692204661,0.0768060836502,0.0174127240296,0.126582278481,-0.00766509433962,0,0.0202482037884,0.0258928657403,-0.0142820046741,0.0370699483603,0.0482813412024,0.0258170147247,0.02252614642,0.0431154381085,0.0799313893654,0.0327418145464,0.0281460804838,0.0103610675039,0.0183908045977,0.0332159033719,0.0344234079174,0.00978647686833,0.0231316725979,0.0508209538702,0.0651790957134,0.0406899601946,0.0398139829837,0.0904850746269,0.0727198027938,0.0216519647153,0.0516846511468,0.0115840437223,0.00552631578947,-0.00134770889488,0.0566348370102,0.047557840617,0.0183615819209,0.0831622176591,0.0538165842943,0.0196078431373,-0.027885027885,0.0793713163065,0.0253411306043,-0.00839832033593,0.0265049323476,0.0167785234899,0.099,-0.00187773836845,0.0160167130919,0.0196581196581,0.0329138431752,-0.00379682215557,0.0473448496481,0.00194276611039,0.0293891820272
0.0146389994315,0.0104427736007,-0.0234074074074,-0.0154646840149,-0.0115282293822,0.031855500821,0.0180696974043,0.0236290682122,-0.00684014869888,0.0102803738318,-0.0200817890655,0.00868676545733,-0.0210039159843,-0.00463458110517,0.0256633318834,0.00979192166463,0.0414788097385,0.0213973636058,0.0169919246299,-0.0142857142857,-0.00154878678369,-0.0728805156173,0.00175669229964,0.0198113207547,0.00231670754974,0.0259403372244,0.016548463357,0.00846162404624,-0.0108179419525,-0.00988700564972,0.0128376382342,0.0541368743616,0.0617944147356,-0.0249507550886,0.00320102432778,0.00885113572367,-0.00922023182297,-0.00298278231347,0.00680238439195,-0.000940733772343,-0.0275373721479,-0.002,0.047331639136,0.00387221684414,0.00113122171946,0.0164698570541,-0.00451467268623,0.0136385776912,-0.00499168053245,-0.00176211453744,0.0182608695652,0.0252976190476,0.00165380374862,0.00637484062898,0.00181943851518,0.0196749358426,0.0172347759479,0.0133437990581,0.0434638990274,-0.00557888246176,0.0230306202565,-0.000674763832659,-0.0146463072608,0.21963190184,0.0159500693481,-0.0322274881517,-0.0239708181344,0.0802197802198,0.0776699029126,0.0185657080451,0.0161596958175,-0.00846944948578,-0.013361688468,-0.0016501650165,0.0427661510464,0.0315635451505,-0.000685400959561,-0.0159262363789,-0.0173383317713,0.00147327290779,0.0189370800244,-0.0107032749695,0.0119614133645
0.0359994396974,0.0307289513573,0.0227548543689,-0.00156069073151,0.0427631578947,-0.0122002970507,0.0094379490069,0.0154616724739,-0.000449169037281,0.0747456059204,0.0157462763974,0.031914893617,0.112,-0.000716332378223,-0.018235793045,0.0115151515152,0.00606060606061,0.0555718046212,-0.00711331679074,0.0262249827467,0.0305067218201,0.0839572192513,0.00407627630418,0.040703052729,0.0212100611829,0.0110619469027,-0.0523255813953,0.0346425419241,0.0389437183249,-0.0142653352354,-0.0630702605365,0.0348837209302,0.0134303301623,0.00673400673401,0.0159540523293,0.0385921494562,0.0124966764158,0,0.0264019811471,0.0158594130219,0.0550161812298,0.0273881095524,0.00272975432211,0.0212150433944,0.0377401129944,-0.035768878019,0.0487528344671,0.0394041326285,0.0384615384615,0.00794351279788,0.0222032450897,0.021770682148,0.0374243258118,-0.00168918918919,-0.0172887856251,0.0234899328859,0.0173192771084,0.0100697134005,0.0198496910577,0.0366138128562,-0.00281401893067,-0.00135043889264,-0.00664136622391,-0.0010060362173,-0.00409556313993,-0.00881488736533,-0.00213561131874,-0.0432349949135,0.036036036036,0.0285918513224,0.0233863423761,0.0320317266626,0.0153523933466,0.00550964187328,0.0235602094241,0.0233029381966,-0.00137174211248,0.0178875638842,0.00619933237959,0.00585244171544,-0.0653477218225,0.0393759432391,0.0460505645234
0.0409680908599,0.00855614973262,0.0213586472857,0.0211778943122,0.023802695727,0.0150359789496,0.000837287189506,-0.0115805275574,0.0157279808268,0.0707522809434,0.0129557769773,0.00392734413353,0.053629823414,0.0225806451613,0.00820734341253,0.0155781905333,0.0154905335628,0.0436755333888,-0.0324891702766,0.183254875588,-0.0336176618164,0.0291070547607,0.0441943580194,0.0355555555556,0.0201038476901,0.0609565489215,-0.0104294478528,0.00706580911652,0.0603337612323,0.0535455861071,0.0473451267545,0.0262172284644,0.0248481501933,0.0267558528428,0.0339195979899,0.0109826123568,0.0323004201681,0.064974339433,0.0388881072618,0.0514283928888,0.00230061349693,0.0253576072822,-0.000302480338778,0.039896128423,0.018074912892,-0.0152187698161,0.0745945945946,0.00231160425335,0.0595813204509,0.0814360770578,0.0192147034252,0.0390625,0.00689655172414,0.0194585448393,0.152781936257,0.0377049180328,0.0499629903775,0.0245398773006,0.0114503816794,0.0487367191728,-0.0323242688558,0.0608519269777,0.0904170646291,-0.0151057401813,-0.00856751199452,-0.0719367588933,0.102193686463,-0.0154173312068,0.0513833992095,0.0747046560111,0.0127970749543,-0.0165533550103,0.0302204954639,0.123835616438,0.0826939471441,0.0465346534653,0.0590659340659,0.102092050209,0.0440758293839,0.0394887447539,0.0333547145606,0.0160852347728,-0.0788890287856
-0.0570203922587,-0.0174973488865,0.0162648852745,-0.0154552636777,-0.00672268907563,0.00814728600148,-0.042805354155,-0.00759383814276,0.0110603155877,-0.0340836012862,0.0167710163206,-0.0124694376528,-0.0450031036623,0.00315457413249,0.0312767780634,-0.0135693215339,-0.0305084745763,-0.0282082766402,-0.0125710349578,-0.0707587382779,0.00311526479751,0.039309683605,-0.0122507753655,-0.0163090128755,-0.00809188201514,-0.0309369475545,-0.0322380657161,-0.0010421252668,0.00266343825666,-0.0453296703297,-0.0544255049689,-0.100821167883,-0.0301724137931,-0.0214983713355,-0.0243013365735,-0.00584810866849,-0.00864919867718,-0.0315557078147,-0.0414606456669,0.0183349016889,-0.00459066564652,-0.00760938490805,-0.0105900151286,0.0783200908059,-0.020320855615,0.00225370251127,-0.033199195171,-0.0129151291513,-0.040273556231,0.0121457489879,0.00245901639344,0.0375939849624,0.0484720758693,-0.0717842323651,-0.0200797098204,-0.0394944707741,-0.000704970038773,-0.0209580838323,-0.0203758429946,-0.0160247704927,0.00212089077413,0.0031867431485,-0.0510948905109,-0.0368098159509,-0.0321465606637,0.0621805792164,-0.0519417475728,0.0377969762419,-0.031954887218,-0.0417070805044,-0.0595667870036,-0.0474902314397,-0.0215776991563,0.00975134080936,-0.0803149606299,-0.0132450331126,0.0155642023346,-0.0379650721336,-0.036314117113,-0.0463693644094,-0.0521415270019,-0.0242191414732,0.0469613882888
-0.0106060606061,-0.0276578521317,-0.0262932266362,-0.0305431566277,-0.0555555555556,-0.0155331654072,-0.0356882738529,-0.0142107564495,-0.0217327887981,0.0256324900133,-0.0348451607459,-0.0393661797475,-0.0435489112772,-0.037037037037,-0.0141254673868,-0.063995215311,-0.0358391608392,0.000307345558857,0.00453435647018,0.017125382263,-0.0491718426501,-0.00876383763838,-0.0377688563931,-0.0296684118674,-0.0567105263158,0.0121617512922,-0.00448430493274,-0.0103986521919,-0.0202849553248,0.00791366906475,-0.00227553830489,-0.0674784373415,-0.00888888888889,-0.0166444740346,-0.0485678704857,-0.00252234908242,-0.047472414678,0,0.00841091434876,-0.0137151528121,-0.010760953113,-0.0357827476038,0.0648318042813,-0.0172631578947,0.00960698689956,-0.0106007067138,-0.0343392299688,-0.0551401869159,-0.0348376880443,-0.0232,-0.0163532297629,-0.0586297760211,-0.0311557788945,-0.0330800178811,-0.0377103269264,-0.0390625,0.0112874779541,-0.0191131498471,0.00654775256998,-0.0187700121453,-0.0171957671958,-0.0400254129606,-0.0276923076923,0.0233545647558,-0.0346428571429,0.0445068163593,-0.0174091141833,0.0098855359001,0.00582524271845,0.00641025641026,-0.0326295585413,0.0145156200694,0.00530477628546,-0.0140028971511,0.00856164383562,-0.0354745925216,0.00255427841635,0.0110497237569,-0.012246820537,-0.000288665084354,-0.00654878847413,0.00572482787478,0.00871740231877
-0.0251983850759,-0.0231719161926,-0.0199589081303,0.0167097775479,0.0298596595999,-0.0152452025586,-0.0270392749245,-0.0270569971169,-0.0135679141196,-0.000973709834469,-0.022431708202,0.00412371134021,0.0465511382943,-0.0293904208999,-0.00758533501896,-0.0498402555911,-0.00634632819583,-0.026662569985,-0.0486111111111,0.00420926037282,-0.00217746325531,-0.0214053047929,0.00234249353192,-0.00179856115108,-0.0235737201841,0.0108140582758,0.00707850707851,-0.05044816506,-0.00369731328568,-0.0378301213419,-0.035204032711,-0.0544069640914,-0.012331838565,0.00609343263372,-0.00916230366492,-0.00505745483139,-0.00915948275862,0.00507035610408,-0.0780478207601,-0.0191329046511,0.042735042735,-0.012591119947,0.0134979896611,-0.0329905741217,0.0090830449827,-0.0769480519481,-0.00862068965517,-0.0499505440158,-0.0328137817884,0.004095004095,-0.00831255195345,-0.00139958012596,-0.00881742738589,-0.00739713361073,0.0417430452003,-0.0380830124091,0.02023020579,-0.0101325019486,0.0367408887437,-0.0249803083155,-0.0209959623149,-0.0277961614825,0.0155063291139,0.00622406639004,-0.0251572327044,-0.0355086372361,0.00364773319437,-0.0613086038125,0,0.0351994636272,-0.0109126984127,-0.0323483670295,0.0166604083085,-0.0470127326151,-0.0466893039049,0,-0.0229299363057,-0.0210772833724,0.0333810205055,-0.0342968975585,-0.0243902439024,-0.0284990260784,0.0126565758491
-0.0267066552414,-0.0149147727273,0.00988319856244,-0.0472192540579,-0.0376920846622,-0.00790299880914,0.000465766185375,-0.0107134716207,-0.0185912938331,-0.00422352176738,0.022508211126,-0.0246406570842,0.012987012987,-0.00747663551402,0.00467091295117,0.00134498991258,-0.0191605839416,-0.0388621935393,0.0202554744526,-0.0538922155689,-0.0551009274414,-0.0038040893961,-0.019870475659,0.0135135135135,-0.0385714285714,0.00475482912333,0.00191693290735,0.00470194311361,-0.0418109846611,-0.0103857566766,-0.0243280848466,-0.0448791714614,-0.0317820658343,0.00336473755047,-0.00132100396301,-0.0118547257248,0.0111473626971,-0.0122482499707,0.0138936041568,-0.00620374839125,0.0245901639344,0.0174496644295,0.00226693114197,-0.00443066016837,-0.0173596228033,-0.0102004924376,-0.0217391304348,-0.0343571056741,0.0127226463104,0.021207177814,0.00586756077117,-0.0196215837421,0.00313971742543,0.0381928272007,-0.00409365255922,-0.0302491103203,0,0.000787401574803,-0.0369139083156,-0.0251009809579,0.0324443222436,-0.0136147038802,-0.0236833904643,0.00103092783505,0.0174573055028,-0.0569154228856,-0.00830737279335,-0.0159165751921,-0.0127413127413,-0.0181347150259,0.00902708124373,-0.0032144005143,0.0163873877376,-0.0981500513875,0.00623330365093,-0.0532803180915,-0.0110821382008,-0.018341307815,-0.0295339178588,-0.00730897009967,-0.0121621621622,-0.0367515378027,-0.0207353351248
-0.0380044020543,-0.0503244412401,-0.0607947805457,-0.0372229639519,-0.0581500451943,-0.0289175032737,-0.0654872749845,-0.0228110599078,-0.0597566610196,-0.0146818923328,-0.0211577736669,-0.0407894736842,-0.0378205128205,-0.0523540489642,-0.0371935756551,-0.0362659503022,-0.053023255814,-0.0593365689888,-0.0763727419066,-0.111075949367,-0.0300230946882,-0.0477326968974,-0.0321953071247,-0.0613333333333,-0.0312035661218,-0.0535344572612,-0.0248724489796,-0.0779398817016,-0.013942680093,-0.0562218890555,-0.0339277788692,-0.0861445783133,-0.0445486518171,-0.0409121395037,-0.0277777777778,-0.0462700403534,-0.0505512234472,-0.0576218039576,-0.0637357450825,-0.0428171066077,-0.0407272727273,-0.0382585751979,-0.0599378003958,-0.070315976858,-0.0348964013086,-0.0778251599147,-0.0527777777778,-0.0792452830189,-0.070351758794,-0.0343450479233,-0.04,-0.0850607576841,-0.0135628586333,-0.0242261103634,-0.106735144141,-0.056880733945,-0.00547008547009,-0.021243115657,-0.0475299876471,-0.0216040248594,-0.0695073235686,-0.0952380952381,-0.0995850622407,-0.0525231719876,-0.0455054084297,-0.137581768306,-0.0848167539267,-0.0931399888455,0.00469299960892,-0.0695910290237,-0.0634194831014,-0.0577233150597,-0.000841541551114,-0.0723646723647,-0.0982300884956,-0.0163796724066,-0.0705339485827,-0.0284321689683,-0.0418449833571,-0.0809906291834,-0.0335157318741,-0.0560181068628,-0.0135019816882
0.0596400244051,0.0467658669906,0.0473634354278,0.0722209895718,0.113563659629,0.0292167659288,0.0597808037197,0.0304173543975,0.0322686322686,0.0600993377483,0.0281648609405,0.0609053497942,0.0576282478348,0.0631955484897,0.00438981562774,0.0369337979094,0.0805500982318,0.0195523140784,0.0590627420604,0.00355998576006,0.0422619047619,0.0466165413534,0.0634560698176,0.0909090909091,0.021472392638,0.0853125,0.0477436232832,0.0241984581173,0.0405865409793,0.0786338363781,0.0523287341086,0.0619644034278,0.0815950920245,0.0636363636364,0.0394557823129,0.0458179669707,0.0198244123478,0.0650186535812,0.0643312101911,0.0475229105669,0.0947687642153,0.0185185185185,0.0577443609023,0.0581617999043,0.050395480226,-0.00423892100193,0.0463343108504,0.0866510538642,0.0324324324324,0.114143920596,0.00868055555556,0.06640625,0.0375462718139,0.0703448275862,0.139709348802,0.0987354085603,0.0862839463733,0.0546623794212,0.0808869279937,0.0632183908046,0.0269032627361,0.0450038138825,0.159517901453,0.0858695652174,0.0168034388433,0.023489111818,0.146453089245,0.0239852398524,0.0058388478007,0.0818858560794,0.0509445977499,0.0219028062971,0.0220899293658,0.031941031941,0.0765456329735,0.0659692570453,0.0858156028369,0.111204013378,0.0843672456576,0.0512381646031,0.0608634111819,0.0664497345436,0.0476585707438
0.0326759752411,0.0261096605744,0.0428097678625,0.0174857734092,0.0459638035047,0.00545911125669,0.019429645879,0.0160183066362,0.0288797207236,0.0479462751835,0.029944074845,0.0274114300491,0.0557480314961,0.0254205607477,0.013548951049,0.0147849462366,0.0145454545455,0.0495414938549,-0.0237703419272,0.0244767648102,0.0405482581382,0.0354406130268,0.0208619080001,0.0234375,0.03003003003,0.0305211632594,0.0224719101124,-0.0148730751663,0.0410166079517,-0.00736377025037,0.0115799719447,0.0676598386096,0.0493477027794,0.0407626561473,0.0320680628272,0.03351405531,0.0410996945293,0.0690414201183,0.0287829184228,0.0409271162326,0.0581717451524,0.0175084175084,0.0591413136196,0.0398099977381,0.026678141136,-0.0363777089783,0.067264573991,0.0247844827586,0.043630017452,0.00519673348181,0.0447504302926,0.0446886446886,0.0570846075433,0.036941580756,0.0217794003921,0.0296591412129,0.00348101265823,0.047256097561,0.0513781838027,0.0256045519203,0.0451505016722,0.0284671532847,0.0483032711709,-0.00900900900901,0.0491929285165,-0.00956251494143,0.060878243513,-0.0366366366366,0.0119969040248,0.0570117955439,0.0492829731367,0.0224380442063,0.032418765802,0.0345238095238,0.0346399270738,0.036451031444,0.0398432397126,0.0406320541761,0.0343249427918,0.0196071638896,0.0100066711141,-0.0324594507789,-0.000645273502958
0.0183997769724,-0.00805767599661,0.00867302688638,0.0187614399024,0.0521834660807,0.0117276577261,0.0021518598217,0.0382882882883,0.00616903146206,0.0348733233979,-0.0298983208168,0.0153536370501,0.0262529832936,0.0280714546117,-0.025873221216,0.0112582781457,0.00806451612903,0.037341840989,0.0513204719985,0.108033240997,0.0411635565313,0.0393154486586,0.0181549265561,0.0178117048346,0.0295918367347,0.024308466052,0.0262515262515,0.070159169726,0.0350495528161,0.00296735905045,0.0414101965446,0.0558139534884,0.0254054054054,0.0202147820594,0.0177552314521,0.00415259691597,-0.00106695118698,0.00271584711552,0.0164742698408,0.0111090646478,0.0556282722513,0.030443414957,0.0174496644295,0.0202305851642,0.00586756077117,0.044578313253,0.015756302521,0.0420609884332,0.0342809364548,0.00295420974889,0.0337726523888,0.077840112202,0.0115718418515,0.0256835128418,0.0299926074559,0.0696474634566,0.0170293282876,0.00655021834061,0.0042485716622,-0.0122052704577,0.0192,0.00993612491128,0.026538349373,-0.0171717171717,0.0417582417582,0.0311368573497,0.0150517403575,0.0261845386534,0.0057361376673,0.0402975821451,0.0307988450433,0.00360301342941,0.0209338606102,0.00805523590334,0.057268722467,-0.0270531400966,0.0402010050251,0.0310918293565,0.0265486725664,0.0273162776475,0.0317040951123,0.00290462457727,-0.0490463363306
0.00424308787298,-0.00555793073963,-0.0289481226713,-0.00768578130459,0.00443748368572,0.00558119566384,-0.00122699386503,0.00780911062907,0.00429184549356,-0.00331221198157,-0.00148738657046,0.0114030738721,-0.00232558139535,-0.0304964539007,-0.0225763612218,0.0130975769483,0.0293333333333,0.0459930800685,0.0342063067878,0.0465625,-0.00632577754349,-0.00623052959502,-0.0167222967653,-0.0133333333333,0.0421917032422,0.00654664484452,0.0113027959548,0.0378958738901,0.00934142923867,-0.00221893491124,-0.0171337341622,-0.00220264317181,0.00527148128624,-0.00247678018576,0,-0.0157251479446,0.0178905206943,0.0583061625536,-0.00397530962429,0.0126839557068,-0.0179789212647,0.0115606936416,0.0266490765172,0.0287846481876,0.0135416666667,0.0803537101115,-0.00206825232678,-0.00554994954591,0.0016168148747,0.0213549337261,-0.000796812749004,-0.021470396877,0.00762631077216,0.00605815831987,-0.0360145596227,0.0196945337621,-0.0151937984496,0.00216919739696,-0.0229195726211,-0.00926705981466,0.0426478283621,0.00702740688686,-0.0213068181818,-0.00205549845838,0.00668073136428,0.118211610487,0,0.0279465370595,0.0254752851711,0.0110250297974,0.0093370681606,-0.0097911227154,0.0149786780384,0.00513698630137,-0.01,-0.0178748758689,0.0193236714976,0.0182328190743,-0.0181034482759,0.00876409696729,0.0166453265045,0.0164256604398,-0.00245517250531
-0.00722366089682,-0.0117512181141,-0.0112160566706,0.00206206306895,-0.00233887733888,-0.00224143451809,-0.0374692874693,-0.0118381403358,-0.000915750915751,-0.00736887732987,-0.0234133232284,-0.0213235294118,-0.0192307692308,-0.0340160936357,-0.0172101449275,-0.0135746606335,-0.00777202072539,-0.0461425373384,0.0127476313523,-0.0277694834279,0.00583554376658,0.0667263770712,0.00226680650946,-0.00168918918919,-0.0191550061133,0.00813008130081,-0.0188235294118,0.00879495405237,0.0275335492827,0.00593031875463,-0.022699467074,-0.0524282560706,0.000524383848978,0.0366232153942,-0.00249221183801,0.00672595737848,-0.00891920251836,-0.0102509892831,-0.0383785809972,-0.0183663422577,-0.00820707070707,-0.0139682539683,-0.00488306347983,-0.020518134715,0.00760534429599,0.0120996441281,-0.0305699481865,-0.027397260274,-0.0347054075868,-0.013698630137,0.0462519936204,0.00598404255319,-0.0312204351939,0.0168606985147,-0.0262362503435,-0.0362633031139,-0.0066120906801,-0.002886002886,0.00252543551987,-0.00368480725624,-0.0288582183187,-0.00348918353105,-0.0397677793904,0.0113285272915,-0.00803353126092,0.0129788570232,-0.0213160333642,0.0354609929078,-0.00074156470152,-0.035956380784,-0.0370027752081,-0.0187870797627,-0.0233005969574,-0.00283929585463,0,0.0131445904954,0.00592417061611,-0.0358126721763,-0.0166812993854,-0.00750770441283,0.02959697733,-0.0161602181833,-0.0160244122396
-0.00919824272378,0.0236368909513,0.0179104477612,0.0185203774343,-0.00286532951289,-0.0249251176722,0.0394065092534,-0.050533652799,0.00779101741522,0.101746724891,0.0169992328826,0.0545955421988,0.0068330362448,0.0212040893601,0.0175115207373,0.0222804718218,0.035683202785,-0.0761874737285,0.0360605545161,-0.0251842751843,0.0348101265823,0.00965575146935,0.0169682239626,0.0093062605753,0.0198060941828,0.00376344086021,-0.00539568345324,0.00475593925549,0.0254447196577,0.0552689756817,0.0259213941679,0.015725101922,0.0345911949686,0.0203592814371,-0.0181136789507,-0.0100303924435,0.0304393859185,0.0485465545227,0.0335232301415,0.0136081320886,0.0566518141311,0.0257566001288,0.0415805785124,0.0228523063902,0.0240718074255,0.0376230661041,0.0171031533939,0.0156494522692,-0.00334448160535,0.0533625730994,0.0167682926829,0.0277594183741,0.009765625,0.0157915515199,0.0391858803397,0.0347648261759,0.0393026941363,-0.0159189580318,0.039235387023,0.00625889046942,0.0160206718346,0.0175070028011,0.0646916565901,0.0081466395112,0.012323943662,-0.031204794379,0.0776515151515,0.0199771689498,-0.0100185528757,0.082237847753,0.0211335254563,0.036278132348,-0.0222791798107,0.0199316628702,0.0673400673401,0.0698602794411,0.00117785630153,0.0235714285714,0.0446428571429,-0.00148647309484,0.0605504587156,0.0700262727818,-0.0110587709977
-0.013301926008,-0.0225244368891,-0.0231671554252,-0.00906716601784,-0.0033960292581,-0.0281952825014,-0.0283960092095,-0.00321174581326,-0.00833712293467,-0.00264235698243,-0.0257161965114,-0.00878651151745,-0.0292121569785,-0.0404152762329,-0.0303442028986,-0.0282051282051,0.0352941176471,-0.00174420809161,0.0481037596454,0.0381222432262,-0.0208970438328,-0.0133056133056,-0.0266873202036,-0.0125733445096,0.0112725791118,0.0674879485806,0.0198915009042,0.043125528914,-0.0329380764163,0.0244413407821,0.0580680298372,0.016628440367,-0.00607902735562,-0.0446009389671,-0.00763358778626,-0.0236294473036,-0.0105317236065,-0.0302494203423,-0.00586764110317,-0.013425436969,-0.00301204819277,-0.0144381669805,-0.0411604264815,-0.026272238312,-0.0328685258964,0.0623517451711,-0.044140830268,0.0338983050847,-0.0234899328859,-0.0784177654407,0.00524737631184,0.00064308681672,-0.0251450676983,-0.0470268169452,-0.0337841388855,-0.0462450592885,-0.0414760597743,-0.00808823529412,-0.0384461562538,0.00932994062765,-0.00330620549339,-0.0254645560908,-0.0559341283362,-0.0161616161616,-0.00104347826087,0.0326365187713,-0.0131810193322,0.0721880246223,-0.0104947526237,-0.0223163841808,-0.0423330197554,0.0262560777958,-0.00487634970394,-0.0156337241764,-0.01261829653,-0.00652985074627,-0.0376470588235,-0.062805303559,-0.0423076923077,-0.0480680164086,-0.00461361014994,-0.0165107106952,-0.0221939863392
-0.0148855497823,-0.0163768115942,-0.0123086160312,-0.0323735640758,-0.0359108781127,-0.00767667645067,-0.0270142180095,-0.0218642117376,-0.0258330785692,-0.00649092595046,-0.0120991972129,-0.0239578342118,-0.0206686930091,-0.0096599690881,0.0270901447922,-0.0323218997361,-0.0373376623377,0.0129904660615,-0.0429197994987,0.0315629742033,-0.0182196772514,0.0151706700379,-0.0200072753729,-0.00679117147708,-0.0161160354553,0.0080280983442,-0.0177304964539,-0.0138674051078,0,-0.0279481935924,-0.0567446588088,0.00282007896221,0.0158002038736,-0.014742014742,-0.00128205128205,-0.02592473759,0.000778816199377,-0.0101857482448,-0.0313865367213,-0.0272066198596,-0.0392749244713,-0.000636942675159,0.0051719679338,-0.0237943488421,-0.0113285272915,-0.0478468899522,-0.0170423309511,-0.0362642821659,-0.0240549828179,-0.0459337349398,-0.0156599552573,0.0218508997429,-0.0183531746032,-0.0118270799347,-0.0512197554143,-0.0107749689184,-0.0120903595291,0,0.00180115013201,-0.00140056022409,-0.00893084970656,-0.0338983050847,-0.0733834586466,-0.0513347022587,-0.00348189415042,0.0421400537079,-0.0685663401603,-0.0375782881002,-0.00378787878788,-0.0184917653857,-0.0222003929273,0.00915982312066,-0.00981891199823,-0.0363017583664,-0.0191693290735,-0.0394366197183,-0.0360635696822,-0.0439314966493,-0.0272199910754,-0.00920938314509,-0.00347624565469,-0.00689994102615,-0.00775206743805
-0.00969351389879,-0.0184175629881,0.0170212765957,0.0100215849522,0.0130505709625,0.00784982935154,0.00795583698652,0.0108235294118,0.018829436686,-0.0028,0.00178152003299,-0.0157093765341,0.0313469894475,-0.00546234880999,-0.0204638472033,0.0122699386503,-0.0370994940978,-0.00641193895534,0.00458265139116,0.0129449838188,0.000530222693531,0.00664176006642,0.0198241462509,0.0435897435897,0.016926016926,-0.000746640119462,0.00481347773767,-0.0237700872045,0.0165758401453,-0.0147265077139,-0.0187334217507,0.00112485939258,-0.00501756146513,0.00872817955112,-0.00192554557125,0.0097593570306,0.011673151751,0.0302224270096,0.0760342624519,0.0157335897766,0.0408805031447,0.0019120458891,0.0120915873424,0.0263329706202,0.0241666666667,0.0214405360134,0.0089485458613,-0.0252577319588,0.00528169014085,-0.00157853196527,0.00757575757576,-0.00377358490566,-0.000505305709955,0.0363186132893,-0.0291327071728,0.00754084625052,0.0161030595813,0.00370644922165,0.0262466244025,-0.00364656381487,0.0252317198764,0.00950292397661,0.0217461863031,0.017316017316,0.0230607966457,0.01585728444,0.0143403441683,-0.00759219088937,-0.0114068441065,0.0188401530762,-0.0108499095841,0.0162754303599,0.0198139534884,0.0111830488523,-0.00244299674267,0.0127077223851,0.0228281547242,0.0552959501558,0.0256880733945,0.00256050508593,-0.00290697674419,-0.00894712880302,0.0383467092504
-0.0109399740895,-0.0168117682378,-0.000597728631201,0.111840431486,-0.0185185185185,0.00586973699063,0.00273840206186,0.00791433891993,-0.0197135376559,-0.0196550340955,-0.0168920685962,-0.00548628428928,0.0177550406259,-0.0251078854453,-0.00974930362117,0.0121212121212,-0.0227670753065,-0.00403804060684,-0.0110785272076,-0.0275922160906,-0.00476947535771,-0.0111340206186,-0.00742745999067,0.013104013104,-0.00630872483221,-0.0241594022416,0.0209580838323,0.0060226072496,-0.0145186508823,-0.0149466192171,-0.0201047474236,0.00393258426966,-0.0433686333838,-0.00556242274413,0.0128617363344,-0.00878893507559,-0.00282051282051,-0.00935846090251,0.00178720077813,-0.00172760458352,0.0199395770393,-0.0260814249364,0.0045754956787,0.023112807464,0.0152563059398,0.00754345687111,0.00720620842572,-0.0274986779482,-0.00700525394046,0.0150197628458,-0.0233082706767,-0.00378787878788,-0.0278058645096,-0.0350457984867,0.0105895089066,-0.0162162162162,-0.00633914421553,0.0214180206795,0.0213749481105,-0.0157657657658,-0.028126569563,-0.011585807386,0.00698856416773,0.0202127659574,-0.00478142076503,-0.0117073170732,-0.0207351555137,-0.0322404371585,-0.00269230769231,-0.028604449581,0.000609384521633,0.00246381275023,-0.0275289610508,0,-0.0114285714286,-0.00868725868726,-0.00681959082455,-0.00664206642066,-0.0241502683363,-0.00223909316727,-0.00583090379009,-0.00341542333273,-0.0240337180701
0.0203754911949,0.0100763358779,-0.0191387559809,-0.0131344103245,0.00710965272081,-0.00325440466839,-0.00883534136546,-0.0094688221709,-0.0207384131972,0.0471903982542,-0.0133401186662,-0.0110330992979,0.0141927853341,-0.0193158953722,0.0534458509142,-0.0192947438456,0.0188172043011,0.0485013830473,0.0314662273476,0.015531660693,-0.0319488817891,0.0183486238532,-0.0236179867987,0.0121261115602,-0.00783466162367,0.0204185809086,-0.0105571847507,-0.00728773426855,0.00861287398005,0.0469653179191,-0.00478448275862,0.0268606603246,0.0216130732736,0.0136730888751,-0.0101587301587,0.00532199979314,0.0177423502186,0.0157539025625,0.00297831784608,-0.00344163399396,0.0509478672986,-0.00130633572828,0.0455465587045,0.0373056994819,0.0168302945302,0.0380859375,-0.0165107319758,0.021207177814,-0.0167548500882,-0.0132398753894,-0.0130869899923,0.0361216730038,0.0275611024441,-0.0301279405695,0.0244629258127,0.0236686390533,0.0258373205742,-0.0187997107737,0.0133811403418,-0.0148741418764,0.0149870801034,-0.0139194139194,0.0353312302839,-0.0208550573514,0.00102951269732,-0.0298124383021,0.0192492781521,0.00677583286279,-0.0204396451986,0.0342058298632,-0.0129922858303,0.0288786482335,0.00249502870221,-0.0168800931315,0.0074318744839,0.0301850048685,0.00249687890137,-0.0289747399703,-0.00412465627864,-0.016655562958,0.0346041055718,0.00845759179093,-0.00405302143015
0.00299529311083,0.0133010882709,-0.0158536585366,0.0166481172324,0.0073309801792,-0.00191398333709,0.0340356564019,0.0102588015855,0.0360981870688,0.00755405053399,0.0421627146936,0.020537525355,0.0107871720117,0.0225687320476,0.028927458834,0.0122116689281,0.0457343887423,0.0195150157204,0.0166107650535,0.0779411764706,0.0137513751375,0.0372645372645,0.0135675973851,0.0351437699681,0.0132062627638,0.0500250125063,0.0302311796088,-0.000787565466379,0.00337078651685,0.0331262939959,0.0374420719823,0.0594005449591,0.0397316821465,0.00429184549356,-0.000641436818473,-0.0246920508432,0.00707427993936,0.00744162867283,0.00326345171636,0.0389207750797,0.0264937993236,0.0313930673643,-0.0183930300097,0.025974025974,0.0246305418719,-0.00721229225463,0.0397313933968,0.024494142705,0.0511210762332,0.0505130228887,-0.00390015600624,-0.0201834862385,0.0263157894737,0.0421276595745,-0.0170535561513,0.0330305532618,-0.0264303482587,0.00589535740604,-0.00575421709679,0.0464576074332,0.010183299389,0.0215453194651,0.0164533820841,-0.00319488817891,0.0161124442921,-0.0870980870981,0,-0.00953449242849,-0.0110236220472,0.0313488639632,0.0417523652818,0.012242460436,0.0315687045042,0.0408525754885,0.0237704918033,0.0274102079395,0.0124533001245,0.0229533282326,-0.00552231937414,0.0417201540436,-0.0192743764172,-0.000993680193966,-0.0206667311698
-0.023606370876,-0.00119331742243,-0.0151796778191,-0.0224421840077,-0.0199460916442,-0.00688099266779,0.0191222570533,-0.00553888760674,-0.00572932796531,-0.0445966907963,0.000220461529463,0.0188819875776,-0.0118257859821,0.029695024077,-0.00994809688581,0.00134048257373,-0.00925147182506,-0.0558647336145,-0.0259230164965,-0.0150068212824,0.00434074877916,-0.00513225424398,-0.023286513276,-0.0200617283951,0.0106154259608,-0.0359695092901,0.00575373993096,-0.0157468345879,-0.00559910414334,-0.00334001336005,0.0119258841784,0.0210905349794,-0.00496277915633,0.023199023199,0.00320924261874,0.00814177623062,-0.0040140491721,-0.0400216586227,-0.008281561243,-0.0108223472972,-0.0175727622186,-0.0158528852251,-0.0332840236686,-0.0262901655307,-0.0173076923077,-0.00600126342388,-0.00861141011841,0.0031185031185,-0.00341296928328,-0.0323065364388,0.00548159749413,0.018102372035,-0.0207100591716,-0.0232748060433,-0.0329581060694,0.033173461231,-0.0405621207282,-0.0153846153846,-0.0200905218681,-0.0363485016648,-0.00403225806452,0.0196363636364,-0.0524580335731,-0.034188034188,-0.0239541160594,0.0300936246099,-0.0500472143532,-0.035107587769,-0.00437898089172,-0.0184049079755,-0.00296150049358,-0.0115044247788,-0.00241265464572,0.0295790671217,-0.00480384307446,-0.0128794848206,-0.0116851168512,-0.0359012715034,-0.0675613142064,0.0037310878346,-0.0346820809249,-0.0247871409246,-0.00147323633851
-0.0250509758229,-0.0213560334528,-0.0201321170179,0.0329895945126,0.000550055005501,-0.0161290322581,-0.0330667486927,-0.00928289626363,0.00155738981467,-0.00446488973075,-0.006373982277,-0.0416971470373,-0.000583771161705,-0.0491036632892,-0.00087374399301,-0.0220883534137,-0.0229202037351,-0.00319128965647,-0.0248387096774,-0.00304709141274,0.0135062128579,-0.0166666666667,0.0131123440983,0,-0.0453397154634,-0.0195206325673,-0.0045766590389,-0.0295894203379,0.0234234234234,-0.00938337801609,-0.0307628837625,-0.00654911838791,-0.0214463840399,-0.00596658711217,-0.0569417786308,-0.00269200768601,-0.068765743073,-0.014114910833,-0.0465258564858,0.00674011418097,-0.0201229737283,-0.00644329896907,-0.0158122927825,-0.0068,0.00978473581213,-0.0352716873213,-0.00217155266015,-0.0279792746114,-0.0111301369863,-0.00776397515528,-0.0210280373832,0.00183936235438,0.00302114803625,-0.124581939799,-0.0260110404416,-0.00348162475822,-0.0133155792277,-0.00446428571429,-0.024322429173,-0.0503887129283,-0.00936234817814,-0.0142653352354,-0.0237266687757,0.0453539823009,-0.0321465606637,-0.0367885739018,-0.00198807157058,-0.0393192488263,0.0103958416633,-0.0284090909091,-0.00792079207921,-0.0137272455983,-0.0242212645246,-0.0259668508287,-0.0104585679807,-0.0214352283318,0.0267579340386,-0.044996121024,0.0282878411911,0.000306926303584,-0.00479041916168,-0.0133205499572,-0.0224545460314
0.00448162533612,-0.0233480848466,0.00545746388443,0.0129641340681,-0.040681693238,0.0126991456938,-0.0335613170033,-0.0121808386039,-0.0139947131084,0.0101929872248,-0.033185750567,-0.00534351145038,0.0134345794393,-0.027868852459,-0.0301705290774,0.0136892539357,0.0217202432667,0.0265536723164,-0.00760833608998,0.0380661294804,0.0154584221748,-0.0112994350282,-0.00528939546423,-0.00708661417323,0.008356545961,0.0650201612903,0.00862068965517,-0.0098907770567,-0.00968309859155,0.00744248985115,-0.0253190598818,-0.0162271805274,-0.00407747196738,0.00240096038415,-0.0176390773406,0.00629512699942,-0.0110900730322,0,-0.0137633345019,-0.00669498918939,0.0370792926412,-0.0129701686122,-0.0463850738533,-0.0328231977447,-0.0251937984496,-0.0214097496706,-0.00489662676823,0.00159914712154,-0.004329004329,-0.0140845070423,-0.0135242641209,-0.015911872705,0.0070281124498,-0.0176695319962,-0.0174957646696,-0.00465838509317,0.00337381916329,-0.0119581464873,-0.00213818083003,-0.0166767738023,-0.00970625798212,0.00651230101302,0.00453661697991,0.0349206349206,-0.0121428571429,-0.0159514715794,-0.0189243027888,0.0024434941967,-0.000791452314998,0.0236842105263,-0.00998003992016,-0.0266263237519,-0.0140511731052,0.0045377197958,0.00487804878049,-0.0104761904762,-0.00606060606061,-0.0243704305443,0.0111003861004,0.00531842356471,-0.00962695547533,0.00686390043209,0.0182473046175
0.0258774538965,0.01,0.00159642401022,0.0125752508361,0.0209169054441,0.0109439124487,-0.0223831468071,0.00758833293811,0.0050465226305,0.0178931790663,-0.00595141937372,-0.000511639805577,0.0187319884726,0.00463743676223,-0.00315599639315,0.0135043889264,0.00595238095238,0.0157769216657,0.028,-0.00508565310493,0.0304461942257,0.00244897959184,0.0195171878309,-0.01506740682,-0.00124309392265,0.0068622811169,-0.000569800569801,0.00804881678821,-0.0137777777778,0.0342511752854,0.0180141492954,0.0170103092784,0.0163766632549,0.00658682634731,-0.00414364640884,0.00535529795361,-0.0188730853392,0.0331826529171,0.0183956200905,-0.00252038263991,0.0170517051705,0.0328515111695,0.0157608695652,-0.00978555069748,-0.000994035785288,0.0255806125884,0.0415527610716,0.0164981373071,0.0373913043478,0.00238095238095,0.0532258064516,-0.0143034825871,0.00398803589232,-0.000972289742343,0.119969485114,0.0335413416537,0.0847343644923,0.0052950075643,0.0660243156956,-0.00185013876041,0.00593242197575,0.00575125808771,0.0861290322581,0.0460122699387,0.0101229211858,-0.00981735159817,0.11269035533,0.0566727605119,0.0170297029703,0.0299914310197,0.0201612903226,0.0152315822195,0.000831647986089,0.0208921513269,0.0129449838188,0.0105871029836,0.075,0.0474604496253,0.0749403341289,0.0139378730331,0.0224787363305,-0.0142296872754,-0.0376987601142
-0.00594375181212,0.0321782178218,0.0108383806184,0.0286695732593,0.0398540555711,0.0138700947226,0.0570707070707,0.0254177453518,-0.00360897536482,0.0163891091726,0.0359128839355,0.0284105451753,0.0393210749646,0.0348300461603,0.0312075983718,0.020652898068,0.0540997464074,-0.00758533501896,0.0512321660182,-0.0500403551251,0.0560366785532,0.0240228013029,0.035956197136,0.0523349436393,0.0294565067072,0.0359576968273,0.0695553021665,0.0313771578071,0.0227579990987,-0.00194805194805,0.0176882323922,0.0532184490623,0.0422960725076,0.0285544318858,0.00693481276006,-0.00177244786363,0.011987733482,0.037155279673,0.0289617946153,0.0480944086063,0.0502974580855,0.014631043257,0.00989834135902,0.0241799831791,0.0328358208955,0.00853298326223,0.0272965879265,0.0492146596859,0.0117351215423,0.0752177355503,0.031393568147,-0.0220820189274,-0.025819265144,0.0194647201946,0.0460199121031,-0.0147169811321,0.0452572845629,0.0240782543266,0.0033478428934,0.0271856657399,0.0187179487179,0.0114367405289,0.030591030591,0.0019550342131,0.00930565497495,0.0345861194374,0.0310218978102,0.0276816608997,0.065031152648,0.00526899611758,0.0385375494071,0.00275566442131,0.0234745330589,0.0221238938053,0.0519169329073,0.0552380952381,0.0175836642087,0.0580286168521,0.0541740674956,0.0204689120037,-0.0267379679144,0.0543867688719,0.00528979721616
-0.00408341840455,0.0322242206235,0.0245979186377,-0.0105317236065,-0.0148448043185,0.00567233900567,0.0436375218984,0.0282304337847,0.0396850393701,0.0353706111834,0.0739988768413,0.0102040816327,-0.0155144256941,0.021897810219,0.0280701754386,0.0228459530026,0.0128307939054,-0.041856232939,-0.0152683528686,0.0436137071651,0.0385914134105,0.11888667992,0.0117624781403,0.0206579954093,-0.00214938205266,-0.0113430127042,-0.0133262260128,0.0378950984883,-0.0136593963428,-0.00975927130774,0.0257480276238,-0.0644850818094,0.024154589372,0.00983227299017,-0.00826446280992,0.0399225538345,-0.0146005509642,0.0151733865918,-0.0124089846258,0.00483074141379,-0.0118434603502,-0.0012539184953,-0.0164238410596,-0.0248408950934,0.00481695568401,-0.0136674259681,0.0148185998978,0.0219560878244,0.0339685169843,-0.0427098674521,0.011135857461,-0.0161290322581,-0.0112130479103,0.0587112171838,-0.0208022978868,0.0279586365377,0.014827995255,-0.00367376928729,-0.00433499385262,0.00571428571429,0.00377548452051,0.00777385159011,-0.0423631123919,0.0146341463415,0.00886524822695,0.0811232449298,-0.0345132743363,-0.023569023569,-0.00109689213894,0.00441379310345,0.0247383444339,0.00396946564885,0.041757390117,0.00974025974026,0.0205011389522,0.00361010830325,-0.00222965440357,-0.00300525920361,0.00842459983151,0.0371341483399,-0.017094017094,0.0228175191134,-0.00608418275158
0.0294332991653,-0.00261361986351,0.0200061557402,0.0199463482174,0.0279452054795,0.0820614908206,-0.00259423164963,-0.0227678571429,-0.00393820054529,-0.0324039186134,-0.0128287092117,-0.0192165558019,0.0428531932541,0.00396825396825,-0.0145051194539,-0.00382897255903,0.021377672209,-0.0307692307692,0.0303837118246,-0.0998643147897,0.0473757547608,0.00213219616205,-0.00387524357888,0.00824587706147,-0.0239633817986,0.0254703992657,0.0194489465154,0.00257092100762,0.0163055617601,0.0203679369251,-0.00978041998274,-0.00514403292181,0.0278301886792,0.00343642611684,-0.0201388888889,-0.0198443332395,-0.00726866088901,-0.0275103074376,0.0140983294844,0.0232378494311,0.00625325690464,0.00564971751412,0.0140048478319,0.0254736842105,0.0575263662512,-0.013856812933,-0.00805639476334,-0.01025390625,-0.0120192307692,-0.0538461538462,-0.0477239353891,0,0.0154639175258,0.0139765554554,0.035136784761,-0.0197466467958,0.00701344243133,0.0125368731563,0.0140743656778,0.0113636363636,-0.00902708124373,-0.0294530154278,0.0102317183268,-0.0153846153846,-0.01230228471,-0.0486497629355,0.0155820348304,-0.00747126436782,0.0333089311859,0.00769019500137,-0.0194986072423,0.00334549878345,0.0149494305401,-0.024115755627,0.0104166666667,0.00989208633094,0.0379888268156,0.000753579502638,-0.0263157894737,-0.00173808620908,-0.0316770186335,0.0155290300151,0.0529044405256
-0.00853485064011,0.00349395836366,-0.00392275196138,-0.0115386246977,0.0215884861407,-0.0164554374489,-0.015911872705,-0.0153037916857,0.00121654501217,-0.0035046728972,0.0142520769089,0.0158251695554,-0.00821845174973,-0.0205533596838,0.0311688311688,-0.00320307495195,-0.0271317829457,0.00979815794631,-0.0047119623043,0.0244196563159,0.00620842572062,0.000709219858156,0.00277406306296,0.0111524163569,0.0151724137931,-0.012754531215,-0.121356650768,0.00333472738879,-0.00725274725275,0.00386349001932,-0.00690976497116,-0.0180972078594,-0.0302891234511,0.0108447488584,-0.0113394755493,0.0651396378866,0.00056322162771,-0.00553485825689,0.00483572448165,0.0109687103106,-0.0295183842569,0.00561797752809,0.0254980079681,0.0250461917471,-0.00634632819583,-0.0137169621947,-0.00507614213198,-0.0157868771584,-0.00162206001622,-0.0105691056911,0.00693909020817,-0.00852459016393,-0.0131979695431,0.0231213872832,-0.0513077762523,-0.0338274420372,-0.00464306442252,0.0254916241806,0.0109061349083,0.0319337670018,-0.00303643724696,-0.00867052023121,-0.0318736967531,0.0390625,-0.0188612099644,0.0158179848321,-0.0370036101083,-0.0521134916039,0.0109812256465,-0.0043608612701,-0.0113636363636,-0.0321309487724,-0.162667318197,-0.0126304228446,-0.0331369661267,0.0124666073019,-0.0608180839612,0.0323795180723,-0.028314028314,-0.0266231916173,0.0295060936498,0.00859675149302,0.020698810903
-0.00286944045911,-0.0195850863195,-0.0224174492578,0.030814128149,-0.097051917558,0.0153798191832,0.00404228855721,0.0192530735328,0.00759416767922,-0.00781555295037,0.00330891991779,0.00395647873393,0.0211173483026,0.00524616626312,0.0184718723762,-0.00449871465296,0.0151394422311,-0.024257713953,-0.00290164935858,-0.0191288993526,0.0361392684002,-0.00425230333097,-0.00775911475554,-0.00588235294118,-0.0271739130435,-0.0185856754306,-0.00844390832328,-0.00792519058849,-0.0123976090325,0.0096215522771,-0.0175722076348,0.0105318588731,0.000946521533365,0.00338791643139,-0.00430107526882,0.0190079337463,-0.0337742752603,-0.0197852956381,-0.0198487342858,0.030985346312,-0.00320170757737,0.00310366232154,0.00828800828801,0.00841177648708,0.00182481751825,-0.0240841248304,-0.0107142857143,0.00501253132832,-0.00243704305443,0.0320460147905,0.0168453292496,-0.0112433862434,0.00514403292181,-0.0217296827466,-0.0307797918329,-0.0236034618411,-0.00466472303207,-0.00639204545455,-0.00327231789731,-0.00945558739255,0.0444162436548,0.00801749271137,-0.0129230769231,0.0328947368421,-0.0246644903881,-0.0332764505119,-0.000937207122774,-0.0073304825901,0.0052557813595,0.0205310703531,-0.00095785440613,-0.00375822110868,-0.0295956648604,0.0166852057842,-0.028179741051,-0.0105540897098,-0.0154727793696,-0.0240700218818,-0.00573951434879,0.00328476648888,-0.00934579439252,-0.0416745238544,0.0109995988334
-0.00863309352518,-0.0233796981355,0.0173535791757,-0.0196511095383,0.0447847442936,0.00317265377136,0.00789718179003,0.00136549840692,0.0363280072355,-0.0101089667848,0.0173013661968,-0.0147783251232,-0.0196335078534,0.00642312324368,-0.0234954657873,0.0129115558425,0.00313971742543,0.0306284805091,-0.0307857252259,-0.00540054005401,-0.0259464057848,0.00925266903915,0.0351779446394,0.00221893491124,-0.0104748603352,-0.0103926096998,0.014598540146,-0.0337507255991,-0.0309347679892,0.0012706480305,-0.0141645871143,0.0474205315268,0.00472813238771,0.000562746201463,-0.0143988480922,0.00405508080282,-0.000291290416545,0.0220818892892,-0.00460284707125,-0.0353116611989,-0.00856531049251,0.00618811881188,0.0041099409196,-0.00913604766634,-0.000910746812386,-0.0465762947515,-0.0190820010315,-0.00648379052369,-0.00407166123779,0.141719745223,0.00978915662651,0.00200668896321,0.000511770726714,0.00932918702799,0.0429173047473,0.00120870265915,0.0231400117165,0.0035739814153,0.067238540569,0.0109921897599,-0.00631834750911,-0.0375994215474,0.0439526184539,0.0127388535032,-0.00855336556341,-0.069947043248,0.0375234521576,-0.0283076923077,0.0142906936215,0.00938841201717,-0.0239693192713,-0.0264067903175,0.0114261168385,-0.02352297593,-0.0203761755486,-0.00977777777778,0.0500582072177,-0.00896860986547,0.0608348134991,-0.0278453110312,0.011320754717,-0.0246950019677,-0.106406797307
-0.0169811320755,-0.0231818181818,-0.0134023758757,-0.0163078099121,0.0196349557522,-0.0301979187921,-0.0422491934245,-0.0325,0.0210909090909,0.042175066313,-0.0119464141078,-0.037,-0.0194926568758,-0.0303151176705,-0.0236386661038,-0.0165710643722,0.010172143975,0.0430335777692,0.0211757269279,-0.000301659125189,0.00393013100437,-0.0447813822285,-0.00107301893878,-0.0118081180812,-0.0376852505293,-0.00536756126021,-0.0347721822542,-0.0282698249228,-0.0191996298867,-0.0234771573604,-0.0157488242316,0.00597014925373,-0.00894117647059,-0.0044994375703,-0.0357925493061,-0.0193857769615,-0.0154428904429,-0.00493881763232,0.0152112015646,0.0109000008833,0.0226781857451,0,-0.0544896392939,-0.0376829023852,-0.0154968094804,-0.0572366022603,-0.00841219768665,-0.0150602409639,-0.017170891251,-0.013249651325,0.00149142431022,0.0180240320427,0.0240409207161,-0.0272887323944,-0.0469145772916,-0.0189134808853,0.023761809333,-0.00925925925926,-0.0298118784692,-0.0065808297568,-0.0295915871851,-0.022539444027,-0.0152284263959,0.0188679245283,-0.0266316579145,-0.0137603795967,-0.0406871609403,-0.0113996200127,-0.0226804123711,-0.00212596332713,-0.0137524557957,-0.0200193735873,-0.0188354709929,-0.0229691876751,0.0232,-0.00538599640934,-0.0127494456763,0.0369532428356,-0.0179991628296,-0.0347115705235,-0.00808457711443,0.0111368909513,-0.00255484662278
-0.0289384320094,-0.0130293159609,-0.0123494905835,0.0329404653974,0.00406834825061,0.00315590153587,-0.0104266923324,0.0178529480855,-0.010113960114,-0.00483583609061,-0.0202863061144,-0.000519210799585,0.0108932461874,0.0180995475113,-0.0164288802421,-0.0272197018795,-0.0193648334624,-0.0162812210916,0.0184153512844,0.0162945081473,-0.0147890387125,0.00812107788852,-0.00486599709974,-0.0156833457804,-0.0212672337929,0.00633505396527,-0.00621118012422,0.0120761426999,-0.0181603773585,-0.0448343079922,-0.0862290674226,0,-0.0194681861349,-0.0180790960452,-0.0151515151515,-0.0065896715569,-0.030778336786,0.00371744708362,-0.0404132482528,-0.0123290663638,-0.0306230200634,0.0455104551046,-0.0113636363636,-0.0397833784628,0.00925925925926,0.0243619489559,0.00477200424178,-0.0453618756371,0.00582362728785,0.0148409893993,-0.042442293373,-0.0190163934426,0.003996003996,-0.0276018099548,0.0215884142819,0.00123051681706,-0.0142617449664,-0.0179726815241,-0.0025315086965,0.0708525345622,-0.0269657258065,-0.00614911606457,0.0263796240146,-0.0238095238095,0.00308285163776,-0.0433004570604,0.0197926484449,-0.0243433696348,0.0158227848101,-0.0306258322237,0.00298804780876,-0.0257001647446,-0.0345850016232,-0.0452981651376,0.00625488663018,-0.0162454873646,-0.0224592925323,0.0378181818182,0.0924978687127,-0.00348889426232,0.00940438871473,-0.0334616996229,0.0415410359459
-0.00638589022351,-0.002986012887,-0.00656455142232,-0.0246175708434,-0.00621285791464,-0.00755033557047,-0.0196142000324,0.00369259173783,0.0210102172975,-0.0200767263427,-0.0328399986304,0.00701298701299,0.00215517241379,-0.0250505050505,-0.00351648351648,0.0266489007328,0.0102685624013,-0.0406244122626,-0.021881173074,-0.0480997624703,0.0163355408389,0.0197729769315,-0.00433928455776,0.000758725341426,-0.00794245466807,-0.0198181394264,0.003125,-0.0276572226424,0.0494835455201,0.0115646258503,-0.00608478723234,-0.015331355094,0.0125907990315,-0.0115074798619,0.0369230769231,0.0248751876549,-0.00580152671756,-0.00308639904456,0.0151994933502,0.00234442734045,-0.00217864923747,-0.01,0.0142309797482,-0.00650759219089,-0.000917431192661,-0.0234050585126,-0.0168865435356,-0.0133475707421,-0.010752688172,0.0487465181058,0.00155520995334,-0.0173796791444,-0.00746268656716,0.0190786412285,-0.0329613361736,0.00368701351905,0.00397163120567,0.00512445095168,0.0149247069101,0.00860677783755,0.024346024346,0.0255220417633,-0.0274741506647,0.0063233965673,0.0157510564733,-0.00326879557455,-0.0240295748614,0.00853578463559,-0.000692281066113,-0.010989010989,-0.0123138033764,0.00304362529591,-0.103481516354,0.0156156156156,0.033411033411,-0.0183486238532,-0.00746697300402,0.0574632095305,-0.00858369098712,-0.0202440377149,0,0.012014863749,0.0048235691865
0.0111706197399,0.0132408575032,-0.00409062303335,0.0371084543857,0.048110899701,0.0246196111581,0.00363756613757,0.0404690733502,0.0142353770261,0.0230980033929,0.0253036840358,0.0131545009028,0.0120967741935,0.0107749689184,0.0216144684605,0.0233614536016,0.0375293197811,0.0364634385415,0.031070374398,0.0286961946351,0.0629887054735,0.0150807899461,0.0354293148309,0.0371493555724,0.0132930513595,0.0604186489058,0.01246105919,0.0223111717404,-0.0144197756924,0.0221923335575,0.0344555729858,0.115017579106,0.0588235294118,0.0296856810244,0.00964391691395,0.0105176202075,0.0515970515971,0.0607547398389,0.0533374922021,0.0287910749433,0.0393013100437,0.0291146761735,0.0358877495953,-0.0237991266376,0,-0.0220332431388,0.0273752012882,0.0324675324675,0.0418060200669,0.0066401062417,0.0232919254658,-0.00748299319728,0.0295739348371,0.125114155251,0.0506934900631,0.0428571428571,0.0466233399265,0.0364166059723,0.00750812070796,0.0765333333333,-0.0579013906448,-0.00226244343891,0.0282503037667,-0.0247755834829,-0.00416036308623,-0.0537336024218,0.032196969697,0.0475260416667,0.00450294423277,0.0302777777778,0.00844560627388,0.0286581254214,0.0260808681953,-0.0112359550562,0.0714285714286,0.0327102803738,0.0491898148148,0.0132538104705,-0.0145611963794,0.00353806962921,0.0217391304348,0.0530782097834,0.0548255771883
-0.00257263922518,0.00202240199129,0.0154818325434,0.00231376275668,0.00363070539419,0.00185624419924,0.0112026359143,0.00154696132597,0.000555864369094,0.000255102040816,0.00970249424886,0.0114562118126,0.00212483399734,0.0135301353014,0.00949913644214,-0.00253646163602,0.00979653353429,0.0255343294874,0.0272713575411,0.0300181928441,0.00939926440539,0.00353731871242,0.00841814298279,0.00657894736842,0.00283243887895,0.00291610587707,0.0338461538462,0.0177274456442,0.0078959591268,0.00394736842105,0.00370174510841,-0.0126126126126,0.00542005420054,0.0107405313737,0.00734753857458,0.00960752420843,0.012558411215,0.00701106542815,0.0127331951436,0.0121052496118,0.0063025210084,-0.00923787528868,0.00312581401407,-0.00984119883695,0.00183654729109,0.0581027667984,-0.0114942528736,-0.00157232704403,-0.00401284109149,0.00065963060686,0.0166919575114,0.0315284441398,0.00194741966894,0.0036525974026,0.0133119352864,0.0133072407045,0.00701943844492,0.00843288826423,0.0121136720796,-0.00520188258608,-0.00402576489533,0.0151171579743,0.0115214180207,-0.00699558173785,0.00151917964299,0.0133297787257,0.00917431192661,0.0366687383468,0.0193103448276,-0.00296575896468,-0.0115653040877,0.0245821042281,-0.00594628844373,0.0245215311005,0.00561403508772,0.0217194570136,0.019305019305,-0.00327011118378,0.0127795527157,-0.000317303624312,-0.009726443769,0.0155547807221,0.0201645683023
0.00136549840692,-0.00465766185375,0.00622277535781,-0.00399851601467,0.00516795865633,0.00658775090067,-0.0138481590094,-0.00397175639894,-0.000416666666667,0.0215506248406,-0.00668544633048,-0.00478228039265,0.0212032865094,-0.0125404530744,0.0038494439692,-0.00127145581691,-0.00149253731343,0.0236075248986,-0.0419477852743,0.0135413600236,0.0267206477733,0.00422982023264,0.00469308082067,-0.0116194625999,-0.0123383380407,-0.00917020800716,-0.0047619047619,-0.0198339218144,-0.00552995391705,0.0347313237221,-0.0165964172813,-0.0164233576642,0.0148247978437,0.0106263982103,-0.00802334062728,0.0222042288204,-0.0121142197866,0.0127714805971,0.00643274853801,0.0321347438375,0.0318371607516,0.0110722610723,0.0166190599844,-0.00542127851818,0.131072410632,-0.0474411654838,0.0163847780127,-0.00367454068241,0,0.0527356624918,-0.0164179104478,0,0.0126336248785,0.00363930448848,0.0591121730613,0.0135187331016,0.01581769437,0.00696864111498,0.00337341380235,-0.0151892430279,-0.00889248181083,0.00148920327625,0.0832359813084,0.0252131998517,-0.0280621918847,-0.00394632991318,0.0545454545455,-0.0563549160671,0.020297699594,0.0248783126014,0.00867460157353,-0.00383877159309,0.0652856092179,-0.00525394045534,0.0104675505932,-0.0088573959256,0.025974025974,0.0367454068241,0.0678233438486,-0.000634808675719,0.0153468385513,-0.012455414195,-0.0241304519613
0.0257575757576,-0.0508501013882,-0.0160791589363,-0.008484396987,0.012853470437,0.0140096124348,-0.00198248802247,0.0203810367745,0.0180630818397,0.0489327175134,-0.0222913627424,0.0096105209914,-0.00155722813392,-0.0159770585825,-0.0524073285045,-0.0108211330363,0.0239162929746,0.0511711711712,-0.0272504592774,0.0688353180366,0.0488958990536,0.021762021762,-0.00415443760076,-0.00146950771492,-0.0170078266105,0.0749435665914,0.00418660287081,-0.0172254979612,-0.00440222428174,0.0417986067131,-0.0311214761822,-0.0927643784787,0.00973882248783,0.00387382401771,-0.0117647058824,-0.0341344308614,-0.0475912408759,0.0315167351002,0.00697269029634,0.00796629517998,0.0257966616085,0.00806916426513,-0.0166028097063,0.0774471950943,0.00405186385737,-0.00156862745098,0.0353614144566,0.0300316122234,0.0402900886382,0.058860363181,0,-0.0292358803987,-0.00479846449136,0.0471394037067,0.0434177543435,-0.0129573170732,0.0269200316706,-0.0193771626298,0.0324171302949,0.0156763590392,-0.0451332245786,-0.0193308550186,0.0272310595848,-0.0148282097649,-0.0195083886071,0.01294241944,0.0301724137931,-0.00381194409149,-0.0417771883289,0.0282321899736,0.014,-0.014450867052,0.00816974662279,-0.0287558685446,0.0407458563536,-0.00983020554066,-0.0084388185654,0.0170886075949,-0.0107090103397,0.01062215478,0.0338573155985,-0.0232742303086,0.0247430904054
-0.00590841949778,0.0258011503698,0.0452545568825,0.0265475643862,0.0109137055838,-0.00302541347317,0.0243337195829,-0.00976986539297,0.0700150129657,-0.0101154349637,0.00731303670383,-0.0245490981964,-0.0135170262542,0.0145711906744,0.00179856115108,0.020592020592,-0.0182481751825,-0.0305107987659,0.0500472143532,-0.0244565217391,0.012030075188,0.0281690140845,0.0119964301281,-0.00441501103753,0.00934007043332,0.00188996220076,0.0172721858249,0.0498062790656,0.0335117523854,-0.0048632218845,0.027868132583,0.021472392638,0.00569925471285,0.0192943770673,-0.0111607142857,0.00321279707805,-0.0137952176579,0.0155603536663,0.00577034045009,0.00718633130454,0.0147928994083,0.00571755288736,0.00337662337662,0.0170741989882,0.00968523002421,0.0942655145326,0.0386740331492,-0.0148337595908,0.0247869868319,-0.0106445890006,-0.00910470409712,0.0266940451745,0.0183220829315,-0.00692574066949,-0.00297399617274,-0.00501930501931,0.00745309689026,0.00564573041637,-0.00148104089219,0.0248941996515,0.0421412300683,0.0462471569371,0.0288713910761,0.0271659324523,0.0143255073617,0.0912646675359,0.000836820083682,0.077806122449,-0.0221453287197,0.0408006158584,0.0246548323471,-0.0524600847181,0.0374817384953,-0.002416918429,0.0258792302588,-0.00902527075812,-0.00851063829787,0.00124455507156,-0.0164240388205,0.00799636846148,-0.0187134502924,0.0178765646938,-0.0294258101453
-0.0563150074294,-0.0309195770586,-0.0315694527962,-0.0683527833123,-0.0579964850615,-0.0374266639692,-0.0694893341952,-0.0177592633194,-0.0164540816327,-0.0334214955518,-0.00341477375758,-0.0190035952748,-0.00764163372859,-0.00123102174805,0.0107719928187,-0.0113493064313,-0.0788104089219,-0.0475601131542,-0.0587529976019,-0.074651810585,0.0018573551263,-0.015703307718,-0.0453557291987,-0.059866962306,-0.0151699029126,-0.0672814923496,0.00468384074941,-0.0564565657485,-0.026570592209,-0.0458155161881,-0.0184495130499,-0.0415415415415,-0.064952048823,-0.0335316387236,-0.0150489089541,-0.052040756129,-0.0136773391358,-0.00383048471963,-0.0533562822719,-0.0142701128504,-0.0646258503401,0.0062535531552,-0.0365001294331,-0.020725388601,-0.0127897681855,-0.0527638190955,0.0203094777563,-0.0706126687435,0.000755857898715,-0.0514046622833,-0.137825421133,-0.0406666666667,-0.0388257575758,-0.0399070127857,-0.0685560928594,-0.0454016298021,-0.0410714285714,-0.0168421052632,-0.0376766184565,0.00923002186058,-0.0234972677596,0.0340579710145,-0.0663265306122,-0.0285918513224,-0.0360925853276,-0.00669056152927,-0.0702341137124,-0.0514792899408,-0.0307855626327,-0.0542406311637,-0.000962463907603,-0.0137551581843,-0.0165896589659,0.0296789824349,-0.0304010349288,-0.0446265938069,-0.0777896995708,-0.0553138595401,-0.0474383301708,-0.00412235424533,-0.0280095351609,-0.0300545917277,-0.0444682040334
-0.021413950559,-0.0357083815507,-0.0242160819621,-0.0065031424581,-0.01039445629,-0.00462379150904,-0.0614796804446,-0.0142857142857,0.00427960057061,-0.00509950248756,-0.000429679450361,-0.0615183246073,0.0217737652682,-0.0390304026294,-0.00577264653641,0.0102040816327,-0.0282485875706,-0.0135511416373,0.0251592356688,0.00331125827815,-0.00407860585836,0.0244399185336,-0.0205166765132,-0.00550314465409,-0.0174060382009,-0.0186516853933,0.025641025641,-0.00308575010246,-0.0196622715707,0.00192061459667,-0.058307204978,-0.0287206266319,-0.000932400932401,-0.00503637381086,0.0175706646295,-0.0160470119664,-0.0110305704381,-0.00384521375215,-0.00848484848485,-0.0159210839468,0.0145454545455,0.00112994350282,-0.0204191295003,-0.00973544973545,0.00242914979757,0.0587343690792,-0.0255924170616,-0.0441340782123,-0.00453172205438,0.0302457466919,-0.0168738898757,-0.0222376650452,-0.0226600985222,-0.0092816787732,0.0399989295559,-0.0170731707317,-0.0119712689545,-0.00713775874375,-0.00493033159807,-0.014440433213,-0.0332960268607,0.0126138752628,0.0275956284153,0.079838116262,-0.028897028897,0.0716863122444,0.00089928057554,0.0580162195883,0.0124132895217,0.0247653806048,0.00867052023121,-0.0122036262204,-0.0442097726866,0.0364705882353,0.0146764509673,-0.0305052430887,0.0238510762071,0.0342105263158,0.0147410358566,-0.00827883678865,-0.00367872470877,0.00582862636702,-0.0109636739204
0.00418342719228,0.0171438367907,0.0229080496341,-0.000439309405614,0.0527875033665,0.0178420608108,0.0136935603257,0.013134057971,0.0111053719008,0.0360045005626,0.0237938582062,0.0203626220363,0.018711018711,0.0153911928174,0.00133988387673,0.0107323232323,0.0614617940199,0.0350018818216,0.0506368437403,0.012901290129,0.0461653015637,0.0420808482439,-0.0176454460712,0.0332015810277,0.0148926163976,0.0439661094573,0.0107954545455,0.0228218025294,0.0165172251062,0.0434504792332,0.0114094476732,-0.0150537634409,0.0419972001867,-0.00337457817773,0.0142642642643,0.0206004860992,-0.0156150414277,0.0523710920668,0.0171149144254,-0.0132348158217,0.0296979006656,0.0349887133183,0.00137136588042,0.00512930113272,0.00726978998384,0.0744452397996,0.0194552529183,0.0403272939801,0.0197268588771,0.0452599388379,0.0063233965673,0.0618336886994,0.0221774193548,0.0334012219959,0.0715431394581,0.0475599669148,0.0689283791061,-0.00287562904385,-0.0154894575269,0.025641025641,0.0309696092619,0.0221453287197,0.0723211911726,0.00681431005111,0.00712489522213,0.016835016835,0.0655884995508,0.0583726415094,0.0061305445366,0.0312897481557,0.0276981852913,0.0183551006001,0.0649344569288,0.00283768444949,0.0164365548981,0.0353982300885,0.0494318181818,0.0286259541985,0.024342363565,0.0195370045598,0.0264615384615,0.0120078857757,0.0104339048997
0.0374939913475,0.0478678577448,0.0472783825816,0.00224146266426,0.0373497058071,0.0117207758531,0.0261044176707,0.0259275815825,0.0403575989783,-0.0133944732714,0.0387354945406,0.0199562602515,0.0313775510204,0.00505263157895,0.0512934879572,0.0243597751405,0.0406885758998,-0.0689090909091,0.0523358959196,0.0420616113744,0.0149466192171,0.033386327504,0.0325533625078,0.0405508798776,0.0114303367315,0.0107479710463,0.0101180438449,0.0534438225159,0.0141597028784,0.00796080832823,0.053560245756,0.0251091703057,0.0832960143305,0.0332957110609,0.0236861584012,-0.15390812433,0.030754289414,0.0251411738614,0.00510817307692,0.0581285284473,0.0333167578319,0.0348964013086,0.0594357710216,0.0512438868807,0.0328789093825,0.0339773484344,0.0152671755725,0.0337078651685,0.0119047619048,0.0105324751317,0.00269299820467,0.0187416331995,0.0473372781065,-0.00670082774931,0.0157930968238,0.0284247927359,0.0387909319899,0.0569574621485,0.0383882677417,0.00214285714286,-0.0308815272319,0.0250507786053,0.0347136126953,0.0253807106599,-0.0162297128589,0.0721854304636,0.0446880269815,0.0573816155989,0.0458781362007,0.0209669462259,0.0418215613383,0.0239168110919,-0.0419395964303,0.014714204867,0.025873221216,0.00569800569801,0.0303194369247,0.038961038961,0.024530471445,-0.00216740633708,0.0497601918465,0.0326052735144,-0.012260307102
-0.0182239382239,0.0238056940647,-0.000297000297,0.106384844764,0.0276202219482,0.037318023375,0.025974025974,0.0342047930283,0.0066290203781,-0.00195694716243,0.0128998595555,0.0238541945859,0.023744744002,0.0364474235442,0.017394993636,0.0243902439024,0.0315789473684,0.0115211872681,-0.00632200056196,0.0284252416146,0.0238429172511,0.0492307692308,0.0200990355923,-0.00808823529412,0.0183262064753,0.0314670138889,0.0473010573178,0.0251025366242,-0.0444037537194,0.0230862697448,-0.0022972810153,0.0532481363152,0.00537412153783,0.00709994538504,0.0390455531453,-0.0159042397355,0.00251256281407,0.0373055672665,0.0101644245142,0.0267567610741,-0.0192492781521,0.0115911485774,0.0253360910031,0.0224514563107,0.0217391304348,-0.0119201030928,0.0216165413534,0.016847826087,0.0279411764706,0.026056745802,-0.0161145926589,0.0124835742444,0.0254237288136,-0.0126984126984,0.039574156232,0.0291746641075,0.0130940834142,0.081173260573,-0.000605452111476,0.0201948206225,0.00753186558517,0.0317040951123,0.0400191708603,0.0990099009901,0.0148054145516,0.00370599135269,0.0573042776433,-0.0168598524763,0.0846470185058,0.00241604252235,0.0365744870651,0.0260663507109,-0.00713531868031,0.0206358059119,0.00189155107188,-0.0056657223796,0.0415133998949,0.0333333333333,0.0400299289188,0.0327541028824,0.0639634494575,-0.0181793928769,0.0202334759531
-0.0206072046563,0.00879811468971,-0.0112893642305,-0.0346809353944,-0.0307175425966,-0.0256967780194,0.00329460724814,-0.0284390141142,-0.0258536585366,-0.00404411764706,-0.0298507158797,-0.0356020942408,-0.0280260932592,-0.0319320937753,0.00959132610509,-0.0160714285714,-0.0233236151603,-0.0430501930502,-0.0525943729676,-0.111111111111,0.0171232876712,-0.033137829912,-0.000529936089708,-0.0704225352113,-0.0322435512897,-0.0324005891016,-0.010095642933,-0.0280619365856,-0.0191616766467,0.0166270783848,-0.0406089735848,-0.00303336703741,-0.0254934210526,-0.0265726681128,-0.0285316631872,0.0101007953047,-0.0184837092732,-0.0167492900804,0.0189405149453,-0.0192062356089,-0.0377821393523,-0.0265625,-0.0158850226929,-0.011078140455,0.0106382978723,-0.0358656667754,-0.015639374425,0.0406199893105,-0.0150214592275,-0.0547404063205,-0.0691537761601,-0.0194678780013,0.0229568411387,-0.0426045016077,-0.0271901033178,-0.0343155538978,0.0478697941599,-0.0264984227129,-0.0336579589078,-0.0153702841174,-0.0304772857964,-0.00128040973111,0.0101382488479,0.0570570570571,-0.0391829929137,0.016,-0.0778625954198,-0.0541264737406,-0.0116903633491,-0.0527838033261,-0.0180722891566,-0.0201253711646,-0.0405083766609,-0.00218579234973,0.0843297671492,-0.037037037037,-0.0393541876892,-0.0253456221198,-0.0402877697842,-0.0146558055685,-0.0123456790123,-0.0499000446403,0.0149333353943
-0.011082557019,0.0404921351814,0.00510817307692,-0.0552247998358,0.0307006684823,-0.0180564008927,0.0107155202212,0.0158282740676,-0.00112669003505,0.00283007259751,-0.00717968951673,0.00705754614549,-0.0129256773552,0.00793319415449,0.0272614622057,-0.00241984271022,0.0134328358209,-0.0236029856768,-0.0629756752723,-0.00559701492537,0.0020202020202,-0.0118289353958,0.000530217070869,-0.0263157894737,-0.00743840074384,0.107849532507,-0.0144927536232,-0.0435700770374,-0.0166056166056,-0.00584112149533,-0.0035916586246,0.00608519269777,-0.0113924050633,0.0261838440111,0.0200573065903,0.0429990947559,0.0450047877434,0.0010007560059,-0.00406622131862,0.00490153311707,0.00356960734319,-0.0123060460139,0.032282859339,-0.0368073614723,-0.00827067669173,-0.0307744335475,0.00280373831776,0.00462249614792,0,-0.0202985074627,-0.000977517106549,-0.0271343481138,0.0107719928187,0.00377833753149,-0.0712816357063,0.0227887215141,-0.00753768844221,0.0349967595593,0.000315035047649,-0.0125354777673,0.0011862396204,0.0198717948718,-0.0184762773723,-0.0667613636364,0.0138828633406,-0.0115081768625,-0.0298013245033,-0.0271954674221,0.0179028132992,-0.0236641221374,0,0.0255892255892,0.019772650643,0.0147864184009,0.00638421358096,-0.0181459566075,-0.015231092437,0.106382978723,-0.0104947526237,-0.0250719972895,0.0141304347826,0.00390178133682,0.0264069509568
-0.0303719343836,-0.0419098937285,-0.0209267563528,-0.0178183398522,-0.0307470574105,-0.0147727272727,-0.0389876880985,-0.0241195304162,-0.00476250156661,-0.0245398773006,-0.00475201981981,-0.0404312668464,-0.00755477209771,-0.0182270091135,-0.0273421793325,0.0018192844148,-0.00147275405007,-0.0452479338843,0.0127408823061,-0.0525328330206,-0.0456989247312,-0.0377532228361,-0.0250341808778,0.001638001638,-0.064168618267,0.0117762512267,0.0196078431373,-0.0074070148788,-0.0153960764837,-0.0258519388954,-0.0444932918972,-0.0282258064516,-0.0209133589415,-0.00380021715527,0.00210674157303,0.00383501367485,0.015577275504,-0.0240267325926,-0.0131233595801,-0.0306232784272,0.00508130081301,0.00595882990249,0.0277984611566,-0.0315680166147,0.0181956027293,0.019888346127,-0.022367194781,-0.0291411042945,-0.0261437908497,-0.00304692260817,0.000978473581213,-0.0163265306122,-0.0186500888099,-0.00418235048097,0.0240796053294,-0.0185045317221,-0.00529344073648,-0.00814026299311,-0.0279159121329,-0.0153293413174,-0.0776066350711,-0.00377121307354,-0.0127817801534,0.0359208523592,-0.112537441164,0.014910130719,0.00853242320819,-0.0128130460105,0.016959798995,-0.00495178524889,-0.0368098159509,-0.0334865397242,0.0115249273788,-0.0118726389638,-0.0444059976932,0.00843712334271,0.0016,-0.0144230769231,0.00454545454545,0.00604691572546,0.0364415862808,-0.0108255499257,-0.0218586094839
0.0154103852596,0.00406186533354,-0.0229007633588,-0.0170353982301,-0.0287484510533,-0.0175107476146,0.00889679715302,0.000656167979003,-0.0263191033875,-0.0125786163522,0.00166095315772,0.022191011236,-0.0279116975387,0.0236286919831,0.00248036378669,-0.0145278450363,-0.0283923303835,0.0129842025536,0.00298789117786,0.0019801980198,-0.025,-0.044019138756,-0.0153061779126,-0.0204415372036,-0.0211878545212,-0.0758486905917,0.00587606837607,-0.00359471114776,0.0176544766709,-0.0259348612786,0.00796798702558,0.0150414937759,-0.0945945945946,-0.00708446866485,0.0336370007008,0.0324730815245,-0.00300751879699,0.00923601097855,-0.0236406619385,-0.0193777936998,-0.0242669362993,-0.0188476036618,-0.0183530548177,-0.0263778683251,0,-0.0147109134451,-0.02192564347,0.013691416535,-0.0186428038777,-0.00244498777506,-0.0185728250244,-0.0477178423237,-0.00814479638009,0.0314993700126,-0.0315997312753,-0.00961908426318,-0.0384081443776,-0.0164141414141,0.00709840245447,0.0301629773778,-0.00321130378934,0.00504731861199,-0.0732109227872,-0.051131354687,0.023143683703,-0.0688267256993,-0.0380710659898,-0.059587020649,-0.00401482396541,-0.00654793085385,-0.0100090991811,0.0129076086957,-0.0326399103453,0.0218459858001,0.0199155099578,0.0149402390438,-0.0404685835996,0.00542005420054,-0.0312971342383,-0.0331272237383,0.000517063081696,0.0119725987945,-0.040984460571
0.00214450676344,0.0379648358488,-0.0053125,-0.00832770650461,0.0153100280684,0.0245464247599,0.0564373897707,0.0231693989071,0.00271598551474,-0.0490445859873,0.0128499817641,0.0228084638637,-0.00939702427565,0.055647155812,-0.000824742268041,0.00982800982801,-0.0371916508539,-0.00277718436232,0.046566321731,0.0243741765481,0.00433369447454,-0.0173506840174,0.015544098652,0.0325542570952,0.00698823930458,0.00125944584383,-0.0302708443972,0.0233070397381,0.0265179677819,0.0371517027864,0.0432851221602,0.0199284619315,-0.0144439094848,0.00548847420417,-0.00406779661017,-0.00647535955286,-0.00542986425339,0.00101499321499,0.0323849878935,-0.0139155271046,-0.00777202072539,-0.00219538968167,0.0366543665437,-0.00550660792952,-0.0171258376768,0.0600694444444,-0.00487329434698,0.0446753246753,-0.00607902735562,0.0508578431373,0.058764940239,0.0130718954248,0,-0.0700325732899,0.0212519352628,0.00932400932401,0.00144369586141,0.0243902439024,0.0480614568991,-0.0127508854782,0.0183634020619,-0.0106716886378,0.0477520955042,0.00619386807061,0.00377002827521,-0.0270153447158,0.0360598065084,0.0483061480552,0.0108527131783,0.0290007909307,0.0183823529412,0.0301810865191,0.0806603432047,-0.0256547300909,-0.0236686390533,0.0372914622179,0.0460599334073,0.0253369272237,0.0198520825224,0.0075026795284,0.0248062015504,-0.00611875673368,-0.00584628820015
-0.00213991769547,-0.00209863588667,-0.0235626767201,-0.0122560145256,-0.0150791656195,0.0101041666667,0.0325542570952,0.00491348002564,-0.00232168192958,0.00977896851976,-0.0188252633695,-0.00295540032241,-0.0118577075099,-0.00937133932058,-0.00949236483698,-0.00608272506083,0.0394166338195,0.0362039417309,0.00179775280899,0.0032154340836,-0.0100683207479,-0.0132427843803,-0.0016415006142,0.00242522231205,-0.04096140826,0.0299790356394,-0.0180722891566,0.0455523881552,-0.0207629164655,0.0507462686567,0.00119857846917,-0.0255511022044,0.057156814851,-0.00163755458515,0.00884955752212,-0.0037243217814,0.0154686078253,-0.0182733955672,-0.00146584579302,0.0527091314781,0.00626631853786,0.0016501650165,0.0199335548173,0.0031007751938,0.00227272727273,0.0180150671471,0.00293829578844,0.00745897563401,0.0183486238532,0.0472303206997,-0.035747883349,0.0078853046595,0.0036496350365,0.0288966725044,-0.0401199539403,0.0277136258661,0.000720807304181,0.0169172932331,-0.0189538110205,-0.0356374073188,-0.0192976906042,0,-0.056,-0.0024622960911,-0.0380281690141,0.0384273656153,-0.0356536502547,0.0191502094554,0.0312883435583,-0.00153727901614,0.0126353790614,-0.0432942708333,0.0491345616974,-0.00383982446517,-0.0115151515152,-0.0198675496689,-0.0254641909814,0.00157728706625,-0.0519083969466,0.0351063829787,-0.0423600605144,0.0219667839319,-0.0131244206212
0.0250742329264,0.0368033648791,-0.00707850707851,-0.0213694852941,-0.057157438122,-0.0212436836135,0.0101859337106,0.00914115646259,-0.0340012928248,-0.0371451313346,0.00792465390984,0.0331447049313,-0.0501333333333,0.0496649586125,0.0308333333333,-0.00428396572827,-0.0144103147516,-0.0188133140376,0.019291161956,-0.025,-0.0308754086451,-0.0144528561597,-0.00164419956881,-0.0177419354839,0.0213554535828,0.0278852025239,-0.0217512548801,0.00518584464723,-0.0246548323471,-0.0261363636364,0.0721048798252,-0.0185089974293,-0.0231053604436,-0.0453799890651,-0.00877192982456,-0.0476626136229,0.0134408602151,-0.0822172326691,-0.0428655314151,-0.0366646670666,-0.0793980280228,-0.0395387149918,-0.00977198697068,-0.0578494148819,-0.0461073318216,-0.00675675675676,0.00390625,-0.0182625863771,-0.00900900900901,-0.086859688196,0.0253658536585,0.0177809388336,-0.0236363636364,-0.0617021276596,-0.0100630016398,-0.0659176029963,-0.0660264105642,-0.0191004313001,-0.0311622973747,-0.0334821428571,0.0532258064516,-0.0437817258883,-0.0459681561376,-0.0620178957112,-0.00488042947779,0.0363636363636,-0.0492957746479,-0.0111567821491,-0.069006543724,-0.0402874005645,-0.000891265597148,-0.00952705001701,-0.0111761575306,-0.0313876651982,-0.0729613733906,-0.0637065637066,-0.0604246053348,-0.116010498688,-0.0519323671498,-0.00376841384036,-0.0226434965771,-0.00802545731097,-0.0617571956758
-0.00643707756678,-0.0127499275572,0.0103694102398,0.00563512561634,0.0265223274696,0.0158044463176,-0.0177656850192,0.00821571518854,0.0121788008565,0.0234224304216,0.0169673439491,-0.0459050599896,0.0373385738349,-0.0172737514082,0.0149555375909,0.0129071911494,0.0188534051558,0.0387694900969,-0.0350645539906,-0.0042735042735,0.0161169415292,0.0212988826816,0.00822363039471,0.0361247947455,0.00120960774149,0.00792079207921,0.0148232611174,-0.0128977260147,-0.0164307381193,0.00175029171529,-0.0148597576212,0.0230487166056,-0.00331125827815,0.0131729667812,0.0224642614023,0.0264960178499,0.0167992926614,0.036060500419,0.010736196319,0.00962296892254,0.0496054114994,-0.00971983990852,-0.0202067669173,0.0182798218889,0.0285261489699,0.00226757369615,0.0184824902724,0.0115635997989,0.019696969697,0.0262195121951,0.0104662226451,0.0062893081761,0.00372439478585,0.0136054421769,0.0101652950202,0.0260625501203,0.0424164524422,0.0100502512563,0.0263743432249,0.0341288170387,-0.0382848392037,0.0212342402123,0.00888290713324,-0.00296052631579,-0.0122609122119,-0.0262125902993,0.0194444444444,-0.0160332541568,-0.000319488817891,0.0454545454545,0.014272970562,0.00412229474407,0.0193756727664,0.0130756111427,0.0330687830688,0.02,0.0446118192352,0.0777909738717,0.0267515923567,-0.0182255845942,0.0414870689655,0.0172097246041,0.00590161784639
-0.0267249757046,0.0152626944526,0.0602950609365,0.0219472332477,0.00316372264698,0.0130691836946,0.0389441094998,0.00668616798997,0.234034113447,-0.00403877221325,-0.0142425056152,-0.00410060142154,0.00460081190798,-0.00076423385556,0.015531660693,0.00667475728155,0.00453172205438,0.0101419878296,-0.0313212710962,-0.0244305051172,0.0693471043895,0.123418803419,0.010330913772,-0.0213946117274,0.0436658612358,0,-0.00898876404494,-0.00549006852772,0.0305833975842,-0.00524170064065,-0.0324426724582,-0.062980030722,-0.0208827717133,-0.00621820237422,-0.00133155792277,-0.00752727126354,-0.035652173913,-0.0103306394961,0.036722306525,-0.0106907894737,-0.0204081632653,0.0675519630485,-0.0167865707434,-0.00253164556962,-0.0123266563945,-0.0180995475113,0.0114613180516,-0.0298210735586,0.0237741456166,-0.0326797385621,0.0386064030132,0.0159722222222,-0.0148423005566,0.02774049217,0.00464313454734,-0.00742477530285,0.00147965474723,0.0273631840796,0.0300826872735,0.0379652605459,0.0525477707006,0.0155945419103,-0.0560298826041,0.0118772682283,-0.012909632572,0.000847816871556,-0.0799273387829,-0.0494870247435,-0.0230105465005,-0.0324808184143,0.00791556728232,-0.000342114266165,0.0227032734952,0.00673400673401,-0.0224071702945,-0.0234485546796,-0.032723239046,-0.0633608815427,-0.0678246484698,0.0255691768827,0.0160372478013,-0.0123368638185,0.0264545150695
0.00798801797304,-0.0180688060133,-0.0154264972777,0.0185058259082,-0.00183968462549,0.0273369509573,0.0200752823087,0.0514736405147,0.0303225115183,0.0762368207624,-0.00103262373007,0.00219599231403,0.0169719827586,-0.00344168260038,-0.0141176470588,0.0108499095841,0.0289473684211,0.0381526104418,0.0193062313609,0.122504230118,0.000344946533287,0.0550821667681,0.017763073365,0.0412955465587,-0.0557301141062,0.0275049115914,0.00793650793651,0.0149822660043,0.000249376558604,0.0105386416862,0.00389946587148,-0.031693989071,0.0387784779447,-0.0028441410694,0.02,0.000973393900065,-0.0117222723174,0.00329259345418,0.0172716627635,0.00415627597672,0.0115131578947,-0.00757166035695,0.04,0.0170742962621,0.0312012480499,0.0302830809743,0,0.0379098360656,-0.00362844702467,0.00798525798526,-0.00815956482321,0.0198222829802,0.030131826742,0.0348280365694,0.0223438251667,0.0287401574803,0.00221620290569,0,0.0063900300869,0.0100406406885,-0.0278366111952,0.0159948816379,0.0599208592425,0.0577111183567,-0.0130784708249,0.00360016941974,0.0720631786772,0.00380952380952,0.00228982662741,0.0121596616442,-0.00174520069808,0.00205338809035,0.00877645844089,0.0217391304348,0.0281597904388,0.00558890498862,0.00802752293578,0.0270588235294,0.0700976042591,0.00785519125683,0.0208757637475,0.0165274319222,0.0647947336473
0.000990589400693,0.0182540850876,-0.00399385560676,0.00695379093764,-0.00473933649289,-0.000797289216663,-0.0153751537515,0.0148045795499,-0.0411813643927,-0.0329063049485,-0.00309895954441,0.0199945220488,-0.00847682119205,0.0153491941673,0.0505171042164,0.015503875969,0.0168067226891,-0.00715667311412,0.0286418232214,-0.0165812481158,0.028275862069,-0.0524949524084,0.037546683499,-0.0147744945568,0.0295971978984,0.0152963671128,-0.0230596175478,0.00880555555556,0.0167040638245,-0.0196987253766,0.00349262305784,0.0265237020316,0.0601959869342,0.00456360524815,-0.0143790849673,-0.0214444894652,-0.0328467153285,0.0158798104649,-0.0215827338129,0.0140728476821,0.0124661246612,0.00980926430518,-0.0253283302064,0.0401542649728,-0.0158850226929,0.0488817891374,0.0245514636449,0.0217176702863,0.0386016023307,0.0542352224254,0.036563071298,0.0227882037534,0.0210237659963,0.0218763146824,0.0248636657732,0.000765403750478,0.0238329238329,0.00605326876513,-0.00241898524024,-0.0461538461538,0.0457516339869,0.0573047858942,-0.00186666666667,0.00184956843403,0.00509683995923,-0.0286980375607,-0.0211786372007,0.00695762175838,0.0186031331593,-0.0151475581092,0.0174825174825,0.0416666666667,-0.014329580348,0.0283687943262,0.00828025477707,0.0199670646357,-0.0102389078498,-0.00801832760596,-0.0215588723051,0.0281260589631,0.0568578553616,-0.00296331417057,-0.010591157268
0.0438726702952,0.0200954170883,-0.000616903146206,-0.032523947427,0.00820105820106,0.0155595451825,0.0162398500937,0.00836413149193,-0.0699566160521,-0.0390909090909,0.0569958184548,0.030612244898,-0.00854929201176,0.0302343159486,0.00908746686861,0.0446271285966,0.00251527128997,-0.0689655172414,-0.0344311377246,-0.00766400980993,0.0298457411133,0.020700152207,0.0203905743024,-0.0355169692186,0.0614050008505,-0.0357815442561,-0.0109383995394,-0.00308395517251,0.0132417851888,-0.039598108747,0.0321211332661,-0.04562946674,-0.0110035211268,0.03066439523,0.0397877984085,0.0169352918646,0.0320754716981,-0.04905426284,-0.0247058823529,-0.0383673469388,-0.0749464668094,-0.00863464651916,-0.0190086621752,-0.0163576881134,-0.00384319754035,-0.0462991166616,-0.0202764976959,-0.0304347826087,-0.0140252454418,-0.0826589595376,0.0361552028219,0.00262123197903,-0.041181736795,-0.0522848909016,-0.0257362586908,-0.0474187380497,-0.0539956803456,-0.00601684717208,-0.00606060606061,-0.0131513647643,0.0267857142857,0.0101250744491,-0.08362276249,-0.106153846154,0.0851926977688,-0.0158592222464,0.00564440263405,0.00502512562814,-0.0281960909965,-0.0167064439141,0.00085910652921,-0.0216393442623,0.0172377985462,0.0175066312997,-0.0587492103601,-0.038950554995,-0.0712643678161,-0.0565819861432,-0.0707627118644,0.000988793671721,-0.0486078338839,0.0189026927421,-0.109266860207
-0.0285985147733,-0.00354308390023,0.00462962962963,-0.0504259728298,0.104172133298,-0.0041249263406,0.0225875845114,-0.0569058641975,0.00944606413994,0.0266252196243,-0.0196078038016,-0.0088587806149,0.0441929399084,-0.0227439471753,-0.00225140712946,-0.0101180438449,-0.00752688172043,0.0320150659134,0.0100775193798,0.0336731541551,-0.0338651904917,0.00835073068894,-0.00599195111045,0.0466448445172,-0.0251602564103,0.013671875,0.00989522700815,0.00283386272614,0.0053242981607,0.00492307692308,0.00562550227699,0.0161290322581,0.00178015131286,0.0275482093664,-0.0146683673469,-0.0225266951007,0.000304692260817,0.0498861468398,0.00844390832328,0.0237691001698,0.0329861111111,0.0321175830158,0.0122639195487,-0.0172949002217,0.0108024691358,0.0051101884382,-0.0150517403575,0.00697558545092,0.00782361308677,-0.00945179584121,-0.0323404255319,-0.0176470588235,0.0186741363212,0.0421372719374,-0.00301273258211,0.0321156162184,0.0461694571284,0.0108958837772,0.00823415613674,0.00980638672366,-0.00376811594203,-0.00235849056604,0.0446064139942,0.0450946643718,-0.0528037383178,-0.00551876379691,0.0252572497661,-0.00125,0.122650840752,0.0471952535059,0.0137339055794,-0.0378686327078,-0.0273581053491,0.00312825860271,0.0335570469799,0.0478790424192,0.0334158415842,0.0593635250918,0.0300957592339,0.0266710569641,-0.00248015873016,0.0322229352624,-0.0181877410971
0.0195185426155,0.0196273645285,-0.02089093702,0.0133365664403,0.0156844106464,-0.00414201183432,-0.0156273478588,0.00163632644713,0.00981977818854,0.0188256977357,0.0240003601384,0.00262881177708,0.0312258064516,0.00563063063063,0.00376081233546,0.0176036342987,0.0032502708559,-0.00202757502028,-0.0422102839601,0.0307830245069,0.020559487698,0.0298728186927,0.0045185540627,0.0140734949179,-0.0118362650008,0.0154142581888,0.0138328530259,-0.0310678755963,0.0303322099182,0.00673606858543,-0.000376069447491,0.0379818594104,0.0364282541093,0.0214477211796,0.0161812297735,0.0651281944473,0.0258909533963,0.0529144880302,-0.0101674641148,0.0149253731343,0.0196078431373,0.0833333333333,-0.063484371214,0.0160198555957,0.0190839694656,-0.0521131236098,0.025787965616,-0.00247402276101,0.015525758645,-0.00826972010178,0.0325417766051,0.0246174318031,0.0155820348304,0.00875364735306,0.0204353808105,0.00427849085959,0.0179437439379,0.00479041916168,-0.0163307810479,0.0293824701195,-0.0133837649113,0.0366430260047,0.00921015908457,0.054347826087,-0.0202269363592,-0.0235294117647,0.0036496350365,-0.00187734668335,0.0552129221733,0.010043780582,0.0152413209145,0.0181121560432,0.00902602854744,0.0275467775468,0.0298701298701,0.0430861723447,0.0191616766467,0.0398613518198,0.0181496237273,0.0157152020526,0.0447538538041,0.0220422004521,0.011053810199
0.00239310784939,-0.0147858836658,0.00313774709758,-0.00478583393156,0.00140383715489,0.00138641315112,0.000610593802473,0.00857667959975,-0.0099530946116,0.0184778395141,0,-0.00812794965915,0.0162662662663,-0.00858529301978,-0.0247283626827,-0.0636160714286,-0.00647948164147,-0.00548557496952,0.0168269230769,-0.00492896491737,0.00957727873184,0.0298678920161,0.00650849886549,0.00231303006939,-0.021460655465,0.0123339658444,-0.00397953382604,0.00901090404666,0.00607476635514,0.0425790754258,-0.00148916826034,-0.00655379574003,0.00900128589799,-0.00367454068241,0,0.0075283535393,-0.00861045130641,0.0133334817924,0.0223564954683,0.0016339869281,-0.0120879120879,0.0467380720545,-0.000776196636481,0.0084388185654,-0.00749063670412,-0.013409319477,0.0195530726257,0.0143849206349,0.0132036136206,0.0314304041052,-0.0212947189097,-0.0363636363636,0.0315884476534,0.0243801652893,0.0264947225623,0.0321456235476,0.0273939971415,-0.000595947556615,0.0156790607378,-0.00290275761974,-0.0309643173105,0.0188141391106,0.039546460177,0.00749765698219,-0.0201409869084,-0.00431916344624,0.0318181818182,-0.0206896551724,0.000556637907041,-0.00050994390617,0.0166805671393,-0.0058159425248,0.0235073850634,0.00859888720283,0.0296343001261,-0.0105667627281,0.00470035252644,0.025,0.0347826086957,0.0262077676034,0.0304616849119,-0.0221198156682,-0.00636729458858
-0.0259430208499,-0.00481381849073,-0.001876759462,-0.0666025486896,-0.0217289719626,0,0.0405797101449,0.00992103664709,0.00716431707881,-0.0274042121289,0.0136702435905,-0.00396510705789,-0.0522038906673,0.000376506024096,0.00845178640031,0.000595947556615,-0.0242753623188,-0.0337078651685,-0.0464933018125,-0.0104895104895,-0.0196270853778,-0.0139431121026,-0.00945243133145,-0.00307692307692,-0.0178510710643,-0.0402999062793,-0.0154109589041,-0.0204808347842,-0.0283325592197,-0.0443407234539,-0.0227868569365,-0.0269378779549,-0.0454545454545,0.00210748155954,-0.00382165605096,-0.0616302765648,-0.031746031746,-0.0283378566955,-0.0458037825059,-0.026101141925,-0.0289210233593,-0.0046511627907,-0.0422061108234,-0.0356749614622,-0.0460377358491,-0.0336391437309,-0.0593607305936,-0.0542787286064,-0.0562414266118,-0.107587064677,-0.0435161009574,-0.0235849056604,-0.0113735783027,-0.0693828156515,-0.0945807647367,-0.0367729831144,-0.033619290517,-0.0399522957662,-0.0460071897629,-0.0524017467249,-0.0331710286062,-0.00559597090095,-0.0853950518755,-0.031007751938,-0.0323741007194,0.0536529680365,-0.0898678414097,-0.0416133162612,-0.0394993045897,-0.056887755102,-0.0566037735849,-0.0371644872677,-0.0164634146341,-0.0110330992979,-0.059399877526,-0.0281553398058,-0.0584795321637,-0.0384823848238,-0.0466386554622,-0.0415384615385,0.0235565819861,-0.00942507068803,-0.0750768895913
-0.00915032679739,0.00853606487409,-0.015042306487,-0.0133951571355,-0.0394076904705,0.0284810126582,-0.00894297023897,0.0232558139535,0.00355667737494,-0.0157839812158,0.00385395577512,-0.0241507430998,0,0.0101618366579,0.0228571428571,0.00595592614652,-0.00631266245823,-0.0093023255814,0.0337190082645,-0.0282685512367,0.0226893560227,0.216911764706,0.00351360523847,-0.0300925925926,0.0109053141769,-0.00390625,0.0324637681159,0.0391376374764,0.0124282982792,-0.0360195360195,-0.0237037632033,0.025988700565,0.00845571873609,0.00157728706625,0.0121483375959,0.0477667814559,-0.0133003402413,-0.00364695239172,-0.0142458965624,-0.0309882747069,-0.0183276059565,-0.0102803738318,-0.0127061367937,-0.0121032199132,0.00158227848101,0.0341068917018,-0.0165048543689,0.00775594622544,-0.0174418604651,-0.00836236933798,0.0181983621474,0.00690131124914,0.0203539823009,0.00260078023407,0.0244308371456,-0.00895987534086,0.0568618042226,0.00621118012422,-0.0434638576284,-0.0089605734767,-0.00755429650614,-0.00562746201463,0.0203606748109,-0.0112,-0.00902814657462,0.0617551462622,0.0319457889642,0.0407481629927,-0.0269331016507,-0.00649175006762,-0.0234782608696,-0.0125089349535,0.0254184748915,-0.0147058823529,-0.025390625,-0.0347652347652,-0.00683229813665,-0.0372040586246,0.0136624063464,-0.0205457463884,0.00541516245487,0.00190294957184,0.00123263781423
-0.0222625329815,-0.0187614614191,-0.00477251034044,0.0182767624021,-0.000745897563401,-0.00980769230769,0.00236686390533,-0.00372257053292,-0.00754544415228,-0.0159045725646,-0.0211124333793,0.0149578460702,0,-0.0122950819672,-0.0204841713222,-0.00532859680284,0.00224215246637,-0.0917626973965,-0.00591621362328,-0.00484848484848,-0.00522022838499,0.0620497327446,0.0169992241431,0.0135242641209,-0.0267123287671,0.000980392156863,0.0151600224593,-0.0250260168722,0.021954674221,-0.0493983533882,-0.0649888106365,-0.0297356828194,-0.00529567519859,-0.0131233595801,-0.0101073910297,0.0151897984563,-0.0200626959248,0.0491388360809,0.00628338045869,0.00432152117545,0.0396732788798,-0.0188857412653,-0.0169769989047,-0.0171058714748,0.022906793049,-0.0275416524991,0.0227048371175,0.0143663417137,0.039201183432,-0.0407589599438,0.0312779267203,0.0164496230295,-0.00693842150911,-0.0453955901427,0.0468710633085,-0.0149371069182,0.000908059023837,0.00123456790123,0.028192371476,-0.0077499354172,0.000634316523945,-0.00169779286927,0.0652793614595,0.0440129449838,-0.0171489817792,-0.00551020408163,0.0694183864916,-0.0205391527599,0.066369047619,-0.011434794446,0.0329474621549,-0.00506695620702,-0.0431277710601,-0.00566134843026,0.0180360721443,-0.00848685572345,0.0243902439024,0.0245901639344,0.0513043478261,0.021304490331,0.0251346499102,0.0161443494777,-0.0184691035814
0.0175409006578,0.0278895917194,0.00831202046036,0.00948717948718,0.00248818113959,-0.00233054962129,-0.00974025974026,0,0.0254578965557,0.0114478114478,0.00195997793269,0.0152733118971,0.00415692387633,0.00264051301396,0.0197718631179,0.0113095238095,0.027591349739,0.015272556391,0.04954157954,0.00456760048721,0.0249262053132,0.0177242888403,0.0236006376965,-0.00313971742543,0.0175932441942,0.0166503428012,-0.0033185840708,0.0558391197461,-0.015015015015,0.0153231179214,0.0112983413261,0.0244040862656,0.00842945874002,0.0063829787234,0.0153158902361,-0.011219460027,0.0022392834293,-0.00199054491167,0.0152981579769,-0.012908777969,0.020202020202,-0.00577478344562,-0.0222841225627,0.0188146754468,0.015444015444,0.0559440559441,-0.0164092664093,0.0136570561457,-0.0227758007117,-0.029304029304,-0.00433275563258,-0.0364126770061,0.0139737991266,0.00226449275362,0.00628226194626,0.00877893056664,-0.00861873440689,0.017879161529,0.0229045213111,-0.00286383754231,0.00507131537242,0.0113378684807,-0.004549103559,-0.00309981401116,-0.0223555070883,0.0238046378001,0,0.0688073394495,-0.000837287189506,0.00688515560452,-0.0120689655172,-0.002546380502,0.00947767481045,0.0186335403727,0.0282152230971,0.0148225469729,0.00976800976801,0.0588571428571,0.000827129859388,-0.00577663671374,-0.0131348511384,0.0158878504673,0.0344073584074
-0.00646444554948,0.00573426573427,-0.0133164235891,-0.0241300482601,-0.0441796971953,-0.0200506131984,-0.0172876304024,-0.0015732546706,-0.0183104920243,-0.025965379494,-0.00782657792941,-0.0145157033518,-0.00103492884864,-0.00489089541008,0.0212527964206,0.00412007062978,-0.0021770682148,-0.0298542004166,-0.00628352490421,-0.0315247044559,-0.056,0.0541818963664,-0.0368445191867,-0.0370078740157,-0.0164246196404,-0.0460500963391,-0.0177580466149,-0.00100556015616,-0.0196998123827,-0.011811023622,0.00414168747662,-0.0581717451524,0.010558732952,-0.0174418604651,-0.0295411690761,-0.00662713980905,-0.0217044366422,-0.023468071499,-0.00738007380074,-0.0278988666085,-0.015401540154,-0.0145208131655,-0.0319088319088,0.0050784856879,-0.00988593155894,-0.00562913907285,0.000981354268891,-0.00548902195609,0.0145666423889,-0.0611320754717,-0.0348128807659,0.00629811056683,-0.0284237726098,-0.0347943967465,-0.0249804131788,0.00197784810127,-0.0318005033173,-0.00908540278619,-0.036266116163,-0.0138381201044,0.00914538000631,-0.0173766816143,-0.00994623655914,-0.0469527363184,-0.0172894590073,0.0192423331329,-0.00789473684211,-0.00122624156959,-0.0192737430168,-0.0243435448578,0.0261780104712,-0.0233406272794,-0.0235760484039,-0.0299796747967,-0.0255264837269,-0.010491668381,-0.0386940749698,-0.0329195898543,-0.00826446280992,0.0132343447385,-0.0394853593611,-0.017479300828,0.00266643450377
-0.00383717050384,-0.0265609790015,0.000642673521851,0.0119729307652,0.00285640093482,-0.0225466825586,0.0279041552927,-0.00807563521765,0.00469161231262,-0.00765550239234,-0.0108487053596,-0.0294590251741,-0.00958300958301,-0.00113421550095,-0.0335889010588,0.0158264947245,-0.00945454545455,0.00286259541985,0.0146514497224,-0.00156494522692,-0.0481355932203,0.0138690597593,-0.00793650793651,0.000817661488144,0.0147653366145,-0.0145425166633,0.0214689265537,0.0100388095533,0.00478468899522,-0.0285524568393,-0.00617824184394,-0.0194117647059,0.0217675228559,-0.00215169445939,-0.00971502590674,-0.0171435924339,0.0205546492659,-0.0224946718764,-0.0272614622057,-0.00627802690583,0.141340782123,0.016699410609,-0.0155974102413,0.00849793293523,-0.00768049155146,0.029304029304,0.00980392156863,-0.00551931761164,0.0236898779612,0.0811897106109,-0.00270513976555,0.00417246175243,0.0159574468085,-0.0177902621723,-0.00240217887774,-0.0327674694039,0.0144139886578,-0.0171149144254,-0.0107990722063,0.00397140587768,-0.0053125,0.0159726183685,-0.0382840076025,0.0440456769984,-0.0141884222474,0.0039331366765,-0.00884173297966,0.0012277470841,-0.0182284249502,-0.031398934679,0.0238095238095,-0.0291262135922,-0.0284188034188,0.0178103719225,-0.0170268500327,0.022869022869,0.00125786163522,0.0234375,0,0.00318572793883,-0.0484988452656,-0.0205992509363,0.056610866544
0.056606933512,0.0135714285714,-0.0915221579961,0.0393518518519,0.00466079751424,0.0097551061884,-0.01740926527,-0.000397140587768,-0.00660592255125,0.0309960049594,0.037887087462,-0.012417218543,0.0015690376569,-0.00454201362604,-0.0071779372875,0.0144258511252,0.0256975036711,0.0378211227402,0.0404316765466,0.103448275862,0.0149572649573,-0.00583383625025,0.008,-0.0106209150327,-0.0698077256193,0.0411969665915,0.000553097345133,0.0310428257765,0.0169047619048,-0.0191387559809,0.0145171415617,0.0149970005999,0.0012782275245,0.0420485175202,-0.0379332897319,0.0213198787476,0.0076726342711,0.0135984510825,-0.00764331210191,0.0108303249097,0.00734214390602,-0.00193236714976,-0.115695067265,-0.00455477112275,0.00928792569659,0.0566159818829,0.0155339805825,0.0095862764884,0.00771388499299,-0.000743494423792,0.0424954792043,-0.0159279778393,0.0602094240838,0.0142993326978,0.0184667039731,0.0179591836735,0.00885161891451,-0.000621890547264,0.00165398500785,-0.0239978902954,0.00471253534402,0.00561482313307,0.0248447204969,0.0565625,-0.00805987334485,0.0127326150833,0.0107047279215,0.0367872470877,-0.0092834348709,-0.00694645441389,-0.0107973421927,-0.000769230769231,0.00901693424236,-0.0113226968605,0.0526315789474,-0.00284552845528,0.0175879396985,0.0185387131952,0.0316666666667,0.0152429342648,0.0184466019417,-0.0143403441683,-0.0167228687427
0.00649865271834,-0.0366455250176,0.0109579356663,-0.0279633754021,-0.0407216494845,-0.0247559625642,-0.0421921921922,0.00834326579261,0.000343957807842,-0.0200427578835,-0.0105673254209,-0.0162056440346,-0.0140992167102,-0.0334600760456,-0.0365296803653,-0.0392491467577,-0.0347172512527,0.0265872106349,-0.01811541271,0.00142045454545,-0.0319298245614,-0.00930797248078,-0.0580357142857,-0.0280759702725,-0.0662942271881,-0.0283464566929,-0.0514096185738,-0.0298704185167,-0.00351205806603,-0.0404181184669,-0.00286188196671,-0.00354609929078,-0.00851063829787,-0.0243145369891,-0.0210740992522,-0.0142288047015,-0.0253807106599,-0.0216728845271,-0.0112323491656,-0.0482142857143,-0.00777453838678,0.0242013552759,0.0158891142664,-0.0329444063143,0.0283742331288,-0.0293937538273,-0.0105162523901,-0.0289855072464,-0.0299234516354,-0.0513392857143,-0.0338248048569,-0.00774102744546,-0.037037037037,-0.00610902255639,-0.0181318681319,-0.0761828388132,-0.0242438235973,-0.0174237710019,-0.0485462002925,-0.0110780870035,-0.0375234521576,-0.0413176996092,-0.0498622589532,-0.00354924578527,-0.0232153221126,-0.0241779497099,-0.0300088261253,-0.0408042578356,-0.011420204978,0.00495482366657,0.000839630562552,0.0415704387991,-0.0180906713165,-0.0234252993233,-0.0943037974684,0.00896860986547,0.0512345679012,-0.0492505353319,-0.0201938610662,0.00907100406631,-0.00190657769304,-0.0184287099903,0.0107903590152
-0.0143307086614,0.00907095830285,-0.0367132867133,-0.0147657841141,-0.00994089199355,-0.0320916314106,-0.00517322464336,-0.00531914893617,-0.050888252149,-0.00313607853831,-0.012621135485,-0.0184606645839,-0.00847457627119,0.00826121164437,-0.0138230647709,0.0112492599171,-0.00704486466444,-0.0343826747042,0.0421068293409,-0.0365957446809,-0.0159478071765,-0.0269607843137,0.00895208004213,0.0382327952421,-0.0175508575987,0.00465964343598,-0.0104895104895,0.015147317385,0.00704887218045,-0.0123456790123,-0.00123250361994,0.064650059312,0.0171673819742,0.0132555673383,0.0152777777778,0.00673195226616,0.001953125,0.00369312163253,-0.0042194092827,0.015947467167,0.011263467189,-0.0463137996219,-0.00499168053245,0.000473148805299,0.0141685309471,0.0110410094637,0.0154589371981,-0.0144107050952,0.000717360114778,-0.0133333333333,0.00538599640934,0.0290780141844,0.00769230769231,0.0359338061466,0.0208746672093,-0.00390625,-0.00875532418363,0.017099430019,0.0413036508357,0.0601092896175,-0.0159194282001,-0.0163075131043,-0.0127573209626,-0.0204808548531,-0.00891265597148,0.00594648166501,0.00727934485896,0.0147965474723,-0.00622037914692,0,-0.00335570469799,0.0229120473023,-0.0552719200888,0.00533049040512,0.0118798043326,0.0161616161616,0,0.0208333333333,0.0164880461665,0.00309981401116,-0.0214899713467,0,0.00148422908028
0.0321137561911,0.029578077425,0.0232304900181,0.0335917312661,0.0328358208955,0.0106609808102,0.039237314844,-0.00415923945336,0.014732520227,0.0128573382574,0.0334319901652,0.013599537037,-0.00614316239316,0.0179477175185,0.0116139367241,0.0269320843091,0.0571321882001,0.0154913294798,-0.0256996002284,0.0341578327444,0.0515653775322,0.0193115029387,0.00104384133612,0.00409165302782,0.00669914738124,0.0264166162533,0.00706713780919,0.011252643899,0.0237984134391,0.0705882352941,-0.002873637611,0.0367688022284,0.00506329113924,0.0156985871272,0.0212038303694,0.00765072930329,0.0217673814165,0.0241708215912,0.0185788787484,0.0258541089566,0.00484261501211,0.01585728444,0.00133779264214,0.0196263892173,0.0161764705882,-0.00218408736349,0.0390104662226,0.0219321148825,0.0387096774194,0.0341812400636,0.0107142857143,0.013783597519,0.027989821883,0.0401643085349,0.0495249327265,0.00261437908497,0.0336595846264,0.0224159402242,0.0376673360107,0.0226804123711,0.0313634862991,0.0349319123742,0.0519823788546,0.0251515151515,0.0491606714628,-0.00886699507389,0.0469738030714,-0.0145808019441,0.0119225037258,-0.00319025522042,0.0311447811448,0.0350433526012,0.0286654135338,0.0328738069989,0.0200276243094,0.00695825049702,0.00293599530241,0.0121345835632,0.029602595296,0.046044499382,0.0126891166423,-0.0136363636364,-0.0102241178751
-0.00278637770898,-0.0146458245318,0.0141894288755,0.02925,0.0191802417236,0.023417721519,-0.00242608036391,-0.00596658711217,0.0515292157563,0.0297096556381,0.00190216597712,0.00199828718242,0.0209621069605,0.00574932924492,0.0190023752969,0.00912200684151,0.0233133168492,0.0145719489982,-0.00571512309496,0.0202164009112,-0.015061295972,0.00350082372323,0.0187695516163,0,0.000201653559185,0.0216110019646,0.00818713450292,-0.0595037290388,0.000683682771194,-0.0528846153846,0.00165299269568,0.0231058570661,0.0125944584383,0.0118495620814,0.00267916945747,-0.0303606997062,0.00667726550079,0.0410458360952,0.02944,0.013501350135,0.00771084337349,0.0321951219512,0.0173680694723,0.0120593692022,0.020984081042,-0.026579111945,-0.00457875457875,0.00357690342361,-0.00621118012422,0.0138355111453,-0.00353356890459,-0.0285520054385,-0.000825082508251,0.00526546731022,0.00974146731346,0.0456323337679,0.00993071593533,-0.00730816077954,0.00963699988712,0.00403225806452,-0.0188860435339,0.025171624714,0.0312674483529,0.00945906000591,0.0154285714286,-0.0254473161034,0.0155306298533,-0.00369913686806,0.019440353461,0.0276403840559,-0.0171428571429,-0.0087260034904,-0.00159890360895,-0.00770020533881,0.00880162491537,0.0128331688055,0.0187353629977,0.0354223433243,-0.0244190626231,0.00177252584934,0.0197590361446,-0.0200360649169,-0.0216635523346
0.00512263272276,0.0152922681149,0.0213361315145,0.00412922030605,0.00902294405775,-0.00494743351886,0.0117039063687,0.0220088035214,0.036102308737,-0.00524590163934,0.00949665955437,0.011396011396,0.0150039484075,0.0137195121951,0.0236985236985,0.0197740112994,0.0003451846738,0.00583482944345,-0.0476050110538,0.00558191459671,0.0199146514936,-0.00184691155346,0.00870010235415,0.0334148329258,-0.0905241935484,-0.00769230769231,0.0232018561485,-0.0200648963645,0.0384878159872,0.00435097897027,-0.00165026481998,0.0252100840336,0,0.0081466395112,0.0146960587842,0.00783037575634,0.0170562223626,0.0142964151953,0.0105688529686,-0.00177619893428,0.0459110473458,-0.0047258979206,0.0131319763624,0.0105407882676,0.0184266477675,-0.0212014134276,-0.00735970561178,0.0127291242363,0.0131944444444,0.0174374526156,-0.020390070922,0.00349895031491,0.0107349298101,-0.013531209079,-0.0111287010768,0.00831255195345,0.00434484335696,0.020245398773,0.0117715457621,-0.00577309236948,-0.0554649265905,-0.0256696428571,-0.00162425554954,0.0787701317716,-0.0236353404615,0.0373317013464,-0.0212404418012,-0.0340346534653,0.030338052586,0.00226500566251,0.0174418604651,-0.00985915492958,0.0503317318691,0.00465597516813,-0.0308724832215,0.0165692007797,0.00459770114943,0.0347368421053,-0.0310859911183,0.0126806251843,0.0047258979206,0.0304641177673,-0.0450225545234
0.0225482625483,0.015625,-0.0188356164384,-0.00604741170779,-0.0411343893715,-0.0290035218562,0.029296875,-0.00528582615505,-0.00120152921901,-0.0481212920237,0.00846601179236,0.0250704225352,0.00440871369295,0.0255639097744,0.0140417457306,0.013296398892,-0.00621118012422,0.00356983489514,-0.00464252553389,-0.0494032750486,-0.0387029288703,0.0557154605263,-0.00304414003044,0.0181388012618,0.0325870095323,0.0184108527132,0.000566893424036,-0.0073489660765,-0.0116228070175,0.0664259927798,0.0173001696265,0.00512295081967,-0.00829187396352,-0.0020202020202,-0.0276497695853,-0.0145603148176,0.00652173913043,-0.00340240119849,-0.00123039064903,-0.038256227758,-0.00137174211248,0.0104463437797,-0.0129617627997,-0.0292517006803,-0.00904662491301,0.0131276665573,-0.00741427247451,0.0095525389643,-0.00205620287868,0.0260804769001,0.0108597285068,0.0564853556485,-0.0261437908497,0.0566371681416,-0.0165084246065,0.00577081615829,0.00136612021858,-0.0108238123873,0.00377611073224,-0.016662458975,0.00725388601036,-0.00801832760596,-0.0216919739696,0.00244299674267,-0.0201729106628,-0.0749262536873,-0.0416666666667,0.0134529147982,-0.00532809871004,0.000847457627119,-0.0138775510204,-0.0074679943101,0.0182966673927,0.0175077239959,-0.0221606648199,-0.0182166826462,-0.0360411899314,0.0396744659207,-0.0304166666667,0.00611531741409,-0.0202257761054,-0.0136904761905,0.0705258760451
-0.0058903488899,0.00720720720721,-0.000349040139616,-0.0192260890728,0.00346389555023,-0.000853424365266,0.0918114143921,-0.0238142098012,-0.00590551181102,0.0185595567867,0.0186566950507,0.0184116515526,0,-0.0131964809384,0.0344311377246,-0.0207763805358,-0.0149305555556,0.0200088928413,0.005907960199,0.0122627737226,-0.0453391367428,0.0282375851996,-0.0157760814249,-0.0240123934934,-0.0188922284242,0.00190294957184,-0.00849858356941,-0.0259089697114,0.0164189039272,-0.0189573459716,0.00121653466273,-0.0438328236493,-0.00877926421405,0.00759109311741,0.0054163845633,-0.00197620364113,-0.0129589632829,-0.0160220614311,0.00215583615645,-0.0379278445883,-0.0155677655678,0.015037593985,0.0370978332239,-0.00490539593553,-0.0210674157303,-0.0356333009394,-0.0112044817927,-0.0463147410359,-0.0199175824176,-0.0123456790123,0.0796777081468,0.0158415841584,-0.0167785234899,-0.00251256281407,0.029751400137,-0.00409836065574,-0.0443383356071,-0.0121580547112,-0.0169191379072,-0.0166880616175,-0.0253772290809,-0.00981524249423,0.0670731707317,0.0287029515299,0.0358823529412,-0.015306122449,0.00724637681159,-0.0372945638432,-0.0276289822385,-0.038950042337,-0.00165562913907,-0.018989609459,0.00534759358289,-0.00506072874494,-0.0162889518414,0.001953125,-0.0100890207715,0.00489236790607,0.0124623979373,-0.0127351664255,0.0225636101776,0.0036210018105,-0.0129240496657
-0.000759647523549,-0.00440346773084,0.00803072625698,0,0.0422198619225,0.00352338244715,-0.0622994652406,0.00806451612903,0.00715071507151,0.0367147130813,-0.0210620599969,-0.0194279546681,0.011360702298,-0.0338038632987,-0.00470332850941,-0.00390843104411,-0.00317236517448,0.00980819529207,-0.0545595054096,0.037207960773,0.023556231003,-0.0094696969697,0.0217166494312,0.018253968254,-0.111597374179,0.014245014245,0.0148571428571,-0.0605344080511,0.0371098013534,-0.00276052449965,-0.0133486277509,-0.00319829424307,0.00548291859975,0.00552486187845,0.030303030303,-0.00986980475844,0.000312597686777,0.0204410973642,0.0273509526736,0.0394230769231,-0.0125581395349,-0.0111111111111,-0.002849002849,0.0178403755869,-0.006456241033,-0.0416526704736,0.0151085930123,0.00365535248042,-0.000700770847933,-0.0411764705882,0.0124378109453,-0.0181936322287,-0.000853242320819,0.0230898404702,0.0125912651522,0.0119341563786,0.0107066381156,0.0110769230769,-0.00541681997792,-0.0156657963446,-0.0190007037298,-0.0186588921283,0.0303896103896,-0.0142142669123,0.0164679159568,-0.079231433506,0.0341726618705,-0.0354563361786,0.00695853870687,0.00469897209985,-0.00663349917081,-0.0339663988313,0.0221276595745,-0.0157680569685,0.0395968322534,0.00584795321637,0.0275779376499,0.0233690360273,0.00594227504244,0.00439753737907,0.0169014084507,0.0262577670876,0.0736240213442
-0.034514216208,-0.0319281271596,-0.0159334949775,0.0260545905707,-0.0221656050955,-0.0289392488563,-0.0242372398061,-0.0204,-0.0287274713271,0.00341028331584,0.00374219259946,-0.0299944964227,-0.0247638498851,-0.0153787004998,-0.0403489640131,-0.00616591928251,0.00035360678925,-0.0243902439024,-0.00245218244237,0.00500556173526,-0.0486265775798,0.0258126195029,-0.00404858299595,-0.0187061574435,-0.0748768472906,-0.00187265917603,-0.0045045045045,-0.0057776951212,-0.0103136181856,-0.0359861591696,-0.0528681783343,-0.0112299465241,-0.0188758389262,-0.00649350649351,0.00588235294118,-0.0353963961163,-0.04125,-0.00263574064312,-0.0257253963506,0,-0.00565237870937,-0.0327715355805,0.0180952380952,-0.0419741697417,-0.0086642599278,-0.0297932001402,-0.0260465116279,-0.0504682622268,-0.015427769986,0.0590490797546,0.003276003276,0.00132362673726,-0.00170794192997,0.0164136233073,-0.0175585025812,-0.0227734851566,-0.0162429378531,-0.0200852099817,-0.0599159728746,-0.0190981432361,-0.112984218077,-0.0362448009507,0.00428535417192,-0.022696929239,-0.0519553072626,-0.00375146541618,-0.0113043478261,-0.0217835262083,-0.0233227756982,-0.0467699503069,-0.0409015025042,-0.0294896030246,0.00895087427144,-0.0299741602067,0.0304709141274,-0.0418604651163,-0.0157526254376,-0.00761179828735,-0.0459915611814,-0.0367775831874,-0.0152354570637,-0.0302734375,-0.000489462455591
-0.00157480314961,-0.00613934894346,0.00950369588173,-0.00314389359129,-0.0341323606045,-0.0224608305029,-0.0137346580947,-0.031441404655,-0.0182186234818,0.00915032679739,-0.0214350008391,-0.000283687943262,-0.0157068062827,-0.00507614213198,0.0147727272727,-0.00620417371686,-0.0187345351714,0.0278761061947,-0.0176991150442,0.0290536801328,0.0308232539992,0.0121155638397,-0.0010162601626,-0.0389197776013,-0.0588391906283,-0.0300187617261,0.012443438914,-0.0261569541957,-0.0182900893237,0.00430725053841,-0.0229314420804,-0.0448891292591,-0.0303548525011,0.00251382604324,-0.0162443144899,-0.00619823613454,0.000977835723598,-0.0184989429175,0.00644765121277,-0.0120259019426,-0.019422074846,-0.000968054211036,-0.0137199875273,-0.022869523351,-0.0364166059723,-0.0260115606936,-0.0143266475645,-0.00712328767123,-0.019943019943,0.0622737146995,-0.0130612244898,-0.0270984798414,-0.00769888793841,0.00726685506661,0.00223403920581,-0.0216396171452,-0.00933237616655,-0.000621118012422,-0.0081819955035,-0.0313683071931,-0.0655074807926,-0.00739827373613,-0.000251004016064,0.0172131147541,-0.0548025928108,-0.0225935514239,0.00879507475814,-0.0167014613779,-0.0129716981132,-0.0398650720638,-0.00957354221062,0.00934943513829,-0.0299154115948,-0.00159829515184,-0.0376344086022,-0.0355987055016,-0.0219324244221,-0.0287631831256,-0.00973020787262,-0.0384848484848,0.0168776371308,-0.0283987915408,0.032511261784
-0.0018927444795,-0.0186754776613,-0.044630404463,-0.0596797671033,-0.0383059077421,-0.0317193454382,-0.037037037037,-0.0432124789207,-0.00217640320733,-0.0301813471503,-0.0247614667457,-0.0215664018161,-0.0202127659574,-0.0145211930926,-0.0339678984696,-0.0102156640182,-0.0165706051873,-0.0383125269049,0.031031031031,-0.030653401452,-0.0552611657835,-0.0534069981584,-0.0422177009156,-0.0586776859504,0.0217821782178,-0.0386847195358,-0.0167597765363,-0.00895103820518,-0.0357452339688,-0.0836311651179,-0.026131139608,-0.0690826727067,-0.0171957671958,-0.0386158475426,-0.00990752972259,-0.0254772250686,-0.0439596222729,-0.0220786214324,-0.0396583282489,-0.0271535580524,-0.0473429951691,-0.0537790697674,-0.0822004426178,-0.0542005420054,-0.0340136054422,0.0296735905045,-0.00968992248062,-0.0435982339956,-0.0145348837209,-0.0865712338105,-0.0512820512821,0.00475543478261,-0.0224137931034,-0.13627254509,-0.042344279794,-0.0761378136963,-0.0425120772947,-0.0391547545059,-0.053264604811,-0.0159128978224,-0.010385114669,0.00372670807453,-0.0534772784333,-0.04082728982,-0.0280548628429,0.0549000722369,-0.0584132519616,-0.0417551309271,-0.0468936678614,-0.0737783455765,-0.0202108963093,-0.039367039753,-0.0097830710336,0.00907150480256,-0.052374301676,-0.0442533557047,-0.0181818181818,-0.0967423494571,-0.079499776686,-0.00315159155373,-0.0746887966805,-0.042495854063,-0.0509243331888
-0.0244943109987,0.00600204948031,-0.0226277372263,-0.0219298245614,0.0269284712482,-0.0232665817803,0.0135384615385,-0.0354703679224,-0.0427046263345,-0.00240416722319,-0.000977159642707,0.0145011600928,-0.014115092291,-0.00876144962166,-0.0158423493045,0.000573394495413,-0.0161172161172,-0.0226051924799,-0.00355987055016,-0.0238557558946,0.0556891025641,-0.270428015564,0.00955921402018,-0.0114135206321,-0.00719822812846,-0.0136820925553,-0.0289772727273,-0.000904480408308,-0.00966075039317,0.0163806552262,-0.0213760152891,0.0358880778589,-0.00807537012113,-0.00782472613459,0.00867244829887,-0.127000676597,-0.00374659400545,0.0220264317181,-0.0123888182973,-0.000962463907603,0.0116632860041,-0.031746031746,-0.00103341370996,0.0606928887731,0.0125195618153,-0.0169308357349,0.0225048923679,-0.00346220427005,0.0191740412979,0.0679104477612,-0.00871839581517,-0.0324543610548,-0.00881834215168,0.0422273781903,0.0535270831797,0.0257826887661,0.066599394551,0.0595084087969,0.0290381125227,0.0102127659574,0.061215566244,0.0204207920792,0.0742705570292,-0.0112013441613,0.0250160359205,-0.0413147683177,0.0675925925926,0.00516986706056,0.0272641805077,0.0413793103448,0.0179372197309,-0.0128565689032,-0.0161082474227,0.0132205182443,-0.0140014738394,-0.0177748518762,-0.0222222222222,0.0234972677596,0.0713245997089,0.0120139108441,0.0433482810164,-0.00887638016887,0.00347698589699
0.00761380204115,-0.0139697322468,0.0448095593727,0.0429965708256,0.0368751707184,0.0197914197677,0.0299028536733,0.040886249429,0.0473677899029,0.00870263756862,-0.0156418457378,0.0154373927959,0.016795154185,-0.0249096022499,0.0184530820573,0.0246418338109,0.0201042442293,0.0160293107396,-0.029879831114,0.0207445296959,0.0375711574953,0.0786666666667,0.0257759074171,0.050621669627,-0.0568878973787,0.0322317421461,0.0152135751902,-0.0289307769407,0.00362976406534,0.0460475825019,0.0176637731538,-0.0493247210804,0.00768882858435,0.0462670872766,0.0205026455026,-0.0362356588359,0.00307692307692,0.036099137931,0.0273399807012,0.0327552986513,-0.00250626566416,0.0343733474352,0.0124137931034,0.00171905697446,-0.00927357032457,-0.0498351044339,0.0296650717703,0.0660104226983,0.0217076700434,0.00698812019567,-0.000879507475814,0.0475192173305,0.0258007117438,0.0520926090828,0.0324013567339,0.024236983842,0.025307473983,0.00671550671551,0.0116409199408,0.031451839371,-0.00947672023074,0.0187992722862,0.0158024691358,0.0736335315775,-0.0506883604506,-0.0609523809524,0.00433651344319,-0.00293901542983,0.0341671751068,0.00794701986755,0.0378854625551,0.044363044363,0.0192097795241,0.0396659707724,0.00822122571001,0.0487042001787,-0.00126262626263,0.0597971169247,0.0126811594203,0.0334270540456,0.023400191022,0.0150720838794,0.0161366203464
0.00948553054662,0.0357142857143,0.0107219442459,0.0419828022256,0.0266069546891,0.0312608948286,0.0272660280029,0.00153609831029,0.0351499885505,0.019378816034,0.0287998276847,0.0211148648649,-0.00541565123206,0.0197775030902,0.0281418658443,0.0229306487696,0.0397810218978,0.0682893847194,-0.00602611315701,0.0584632516704,-0.0230431602048,0.019283065513,0.0328205128205,0.0422654268808,0.0274985215849,0.0227272727273,0.0219020172911,-0.000312976540078,0.0345840867993,0.0146735143067,-0.1402774846,0.0877084620136,0.0350089766607,0.0331658291457,0.0155541153597,0.0712016346978,0.00715746421268,0.0452418096724,0.0328741390106,0.0223880597015,0.0281407035176,0.0715746421268,0.00647138964578,-0.00980632507968,0.00390015600624,0.0150404936367,0.025092936803,0.0412819120043,0.0198300283286,0.0687022900763,0.0211267605634,0.00667111407605,-0.0641803989592,0.0647482014388,0.03994454031,0.0473269062226,0.0113033448674,0.0169799878714,0.0383542269817,0.0209637898176,0.0174708818636,-0.00357142857143,0.00826446280992,0.025850699024,0.022412656559,-0.0618661257606,0.0215889464594,0.0257921886514,0.0368731563422,0.0384362680683,0.028013582343,0.0639127045986,0.0186335403727,-0.0140562248996,0.103780578206,0.0330208777162,0.027180783818,0.0408060453401,0.00894454382826,0.0217654171705,-0.0205319645357,0.0159242522057,0.0637282453735
0.0124223602484,0.027928184668,0.00671852899576,0.00898058252427,0.0443931229151,-0.00924047780032,0.0206599713056,0.0236634531113,0.0200199093021,-0.00182291666667,0.0164094379945,0.0250896057348,0.0212360468282,0.0282828282828,0.0547431571054,0.0164024056862,0.012636012636,-0.00949367088608,0.01852475581,-0.00447133087848,0.111943092475,0.0271646859083,0.0168818272095,0.0194647201946,0.110215827338,0.0135265700483,0.00169204737733,0.0381884308971,0.00939480008739,0.00144613159798,0.000959800004464,-0.0022714366837,0.0333911535126,0.0136186770428,-0.00319081046586,0.0431106625972,0.0172588832487,0.0218905472637,0.0300090936647,-0.014598540146,0.00488758553275,0.00190839694656,-0.00744500846024,0.18123297846,0.013209013209,0.0338145896657,0.00725294650952,0.0219092331768,0.0118055555556,0.00779220779221,0.0198275862069,0.00728959575878,0.0296570898981,0.00158982511924,-0.00686182160713,0.0677824267782,-0.0095802919708,0.0262373285629,0.0302216048738,0.0138666666667,0.0412919051513,0.031660692951,0.0127772420444,0.0313705322705,0.0999355254674,0.104324324324,-0.00845308537616,0.0280172413793,-0.0142247510669,0.0262575134451,0.00165152766309,0.00769230769231,-0.0395290159798,0.0040733197556,0.0100738750839,0.0228913177975,0.0332307692308,0.0300096805421,0.0124113475177,0.0127218934911,0.00857551214864,0.0271128998094,-0.0177924712665
0.00676419694825,0.0277238702523,0.0280997541272,0.101996632187,0.0216216216216,-0.0162647861692,-0.0113859994377,-0.0139126712329,-0.00314465408805,0.00795721367075,0.0104469084846,0.015868746638,0.00186616902159,0.0208251473477,0.0223960184856,0.0112963959118,0.0225303292894,-0.00234291799787,0.0112433862434,0.00396301188904,0.0356902356902,0.0290436835891,0.029296875,0.0159108989658,-0.00103680663556,0.0142993326978,-0.027027027027,-0.00209166094561,-0.0012987012987,-0.0223826714801,-0.00636651502988,0.0130904951622,0.0272765421737,0.0143953934741,0.00256081946223,-0.0252598544107,-0.00665335994677,0.00827653359299,0.0100058858152,0.0203703703704,-0.000486381322957,0.0152380952381,0.0167064439141,-0.00859358625026,0.0145705521472,0.00882028665932,0.042304230423,0.0132720775906,0.0116678105697,-0.00515463917526,0.0380388841927,0.0197368421053,-0.048604860486,0.0444444444444,0.0338384538497,0.0172413793103,0.0320128972824,0.00464846019756,0.0224888979066,0.0273540241978,0.0431880643895,0.0266357845976,0.0468935967627,0.039640987285,0.0638921453693,0.0570239843368,0.074168797954,0.00139762403913,-0.002886002886,-0.00955610357583,0.0173124484749,-0.0330788804071,0.00569176882662,0.012677484787,-0.0093085106383,0.0171370967742,0.0244192972007,0.00093984962406,0.0354640980736,0.000292141396436,0.0212564950402,-0.0903279026603,0.0594049888551
-0.0178125,-0.00134879956838,0.00444140758456,-0.017463435931,0.0343915343915,0.0341079893629,-0.00767808900896,0.032776210115,0.0249102578049,0.0199301151805,-0.0263164980057,0.0166799046863,0.0486961149548,0.0227097767513,0.00243393602225,0.000531914893617,0.0277966101695,0.0125960717336,-0.0266514061478,-0.00289473684211,-0.00747724317295,0.0314364387334,0.00948766603416,0.0274079874706,0.00363258951738,-0.0413533834586,0.0358796296296,-0.0284702085115,0.00823580407456,0.0923190546529,-0.00224424071726,0.00730337078652,-0.00531045751634,0.0160832544939,0.00766283524904,0.0011861821879,-0.0428667113195,0.0487687107677,0.025641025641,0.073502722323,-0.00243309002433,0.0675422138837,0.018779342723,0.00655391120507,0.021164021164,-0.0134790528233,0.00604490500864,0.0130982367758,0.0142469470828,0.00129533678756,-0.00732899022801,0.0438709677419,0.00378429517502,0.0121580547112,0,0.00731895223421,-0.00981923677751,0.0133024869867,0.055785818304,0.0273937532002,-0.0504328189688,0.0265087422448,0.0259208731241,0.0227817745803,0.030303030303,0.0252373234545,0.0325396825397,0.0125610607118,0.0353111432706,0.0429505135387,-0.00405186385737,-0.0838345864662,0.00936003482804,0.0325488232349,0.038255033557,-0.0804757185332,0.0226744186047,-0.0056338028169,0.0397463002114,0.0148948598131,0.0259019426457,0.00702788483337,-0.000963524536956
-0.00572701240853,0.00661804430038,0.0139455782313,0.00955343257054,0.0160427807487,-0.0731216457961,-0.00988680326694,-0.0718789407314,-0.000212269157291,0.0110392082223,0.0115822032258,0.021875,0.0449124587668,0.0112909296199,0.00901838362817,-0.0111642743222,0.0164907651715,0.0170777988615,-0.00688728372249,0.0176827659013,0.049787094661,0.00845383759733,0.031954887218,0.0182926829268,-0.0496380558428,-0.0207843137255,0.036312849162,-0.0845185072434,0.0214961306965,0.025693035835,-0.0185228921354,0.021193530396,0.00780287474333,0.0325884543762,0.0449936628644,0.00529522704193,-0.0146955913226,0.0230202578269,0.028125,-0.0448013524937,0.0360975609756,-0.0369068541301,0.0263331138907,0.0285654274312,0,-0.0369276218612,0.0223175965665,-0.0313276976629,0.0321070234114,0.0562742561449,0.00656275635767,0.00927070457355,-0.00565504241282,0.0105105105105,0.0287295079075,0.0225621414914,0.036060401172,0.0159817351598,0.0102675255779,0.00199352105657,-0.0812524772097,-0.0021978021978,0.020390070922,0.00468933177022,-0.0550802139037,-0.0365853658537,0.0299769408148,0.013094417643,-0.0212468549063,0.0250671441361,0.0146460537022,-0.0640131308986,-0.0222126374811,-0.0101842870999,0.00646412411118,0.0375080836387,0.0210346787948,-0.0302171860246,0.0296868645791,0.0175539568345,0.0211902614968,0.0164340387213,0.0284994762746
0.02288,-0.0107339326446,-0.020462931902,0.0121038732394,0.0471395881007,0.00675512665862,-0.0303907380608,-0.0165307971014,-0.00307855626327,0.00916164658635,0.00286435045435,-0.00942915392457,0.0114133074308,0.00967621883141,-0.0285321416294,-0.00322580645161,-0.00551589876703,0.0246683250415,-0.0246955345061,0.0373443983402,0.00655226209048,0.00904478270461,-0.00182149362477,0.00898203592814,0.019042437432,0.0152182619143,0.0134770889488,-0.0316701847729,0.00968013468013,0.017798286091,0.0522401741721,0.0518842162753,0.00040749796251,-0.00360685302074,0.0139478471801,0.0444717031051,0.00710227272727,0.00945094509451,0.0176844432164,0.0070796460177,0.00706214689266,0.00547445255474,0.0323925593329,-0.0126608127425,-0.0133234641007,-0.0460122699387,-0.00923593618808,0.00154004106776,0,0.044090630741,-0.0138549307253,0.0287813839559,0.00189573459716,0.0412332838039,0.0331133551025,0.0254300673149,0.00630846204046,0.0224719101124,0.00239151178352,0.110420293459,0.0172562553926,-0.011013215859,0.0134665508254,0.0212368728121,0.0464063384267,-0.0187529301453,0.0164179104478,-0.0115646258503,0.000571265352756,0.0302765647744,-0.00882117080994,0.0149057430951,-0.00551389501544,-0.0269475747183,0.0558766859345,-0.00394764180345,0.0155902004454,0.0749756572541,0.0189573459716,-0.0214932126697,0.0807947019868,0.00708748615725,0.0285728016532
-0.0736743312999,-0.0952122609521,-0.091095890411,-0.072841922157,-0.0957167832168,-0.105559549485,-0.0482089552239,-0.0840432880497,-0.0521776168672,-0.074741947519,-0.0527135556096,-0.0712631849756,-0.0444177671068,-0.0630298562477,-0.0516631280962,-0.071736785329,-0.0688417618271,-0.0888124620676,-0.0924384321887,-0.09075,-0.0619962802232,-0.028421512899,-0.0520072992701,-0.0511869436202,-0.120128136679,-0.0850098619329,-0.081914893617,-0.112033504789,-0.0933722384327,-0.0796632124352,-0.0744209345632,-0.0508826583593,-0.0480651731161,-0.0570135746606,-0.0508373205742,-0.0929972827338,-0.0758110014104,-0.0833704859563,-0.0453434699973,-0.0799648506151,-0.0579710144928,-0.0753176043557,-0.00714507611059,-0.0490175801448,-0.0510127531883,-0.116961414791,-0.0559322033898,-0.0958482829318,-0.0531432274789,-0.0651026392962,-0.0760330578512,-0.0511904761905,-0.0520340586566,-0.030681412772,-0.0615940344889,-0.0864332603939,-0.041504539559,-0.067032967033,-0.0533708117428,-0.0376259798432,-0.0275657336726,-0.0022271714922,-0.0683669095585,-0.0274223034735,-0.0897782585181,-0.021978021978,-0.0638766519824,-0.0557467309016,-0.0402512132458,-0.0870302345295,-0.0566343042071,-0.0717062634989,-0.0652029274784,-0.0367573011078,-0.0790754257908,-0.0573633708803,-0.0378289473684,0.00996376811594,-0.0492248062016,-0.0682080924855,-0.0612745098039,-0.0371673630965,-0.0417067704537
0.0334346504559,0.0589117073902,0.0474755086662,0.0562851782364,0.0886901884969,0.108238446082,0.0605300297946,0.128959276018,0.03426581283,0.0291666666667,0.0666940704964,0.0246537396122,0.0326633165829,0.0428796223446,0.0723880597015,0.0650784427658,0.0697266993693,0.0672735346359,0.0940187273075,0.0665383557877,0.0631196298744,0.049504950495,0.065447545717,0.0492572322127,0.0983009708738,0.0612200905368,0.0382387022016,0.0720927495292,0.0834482758621,0.064039408867,0.0559915289135,0.0672866520788,0.0487804878049,0.0518234165067,0.0201638311279,0.0790606156776,0.0579931323922,0.0928988326848,0.0466439135381,0.0210124164279,0.0545905707196,0.0873405299313,0.0328535669587,0.045672031318,0.0292490118577,0.0682749203459,0.0529622980251,0.0765306122449,0.066392881588,0.0401505646173,0.0563506261181,0.0288582183187,0.0898203592814,0.039013617961,0.0669742363239,0.0830339321357,0.0676589986468,0.0471142520612,0.0740157480315,0.0728415173377,0.0449193196686,0.0385044642857,0.071773636991,0.0829417293233,0.0457516339869,0.0136785539814,0.0705882352941,0.0765306122449,0.0520523497918,0.0708758898174,0.0531732418525,0.0930665425779,0.0562277580071,0.0653423941453,0.0693527080581,0.0179243195397,0.0524216524217,0.0538116591928,0.0146759070526,0.0496277915633,0.079634464752,0.0475102786661,0.0338626916174
0.012908496732,0.00622876557191,0.00575539568345,-0.00177619893428,0.00266370699223,0.0105161368307,0.00887180245453,0.0173680694723,-0.00999348251141,-0.00417918244743,0.00481695568401,0.0110840767775,-0.0133819951338,0.00603545831762,-0.0080027835769,0.0063284233497,-0.00229282672781,0.00873725816518,0.0361572052402,0.0149523072957,-0.00186509170034,-0.0265866209262,0.00993676603433,0.0171385991058,0.0411602209945,0.00101564086939,0.01171875,0.0285133980034,0.00912370040314,0.0251322751323,0.0265169240368,0.0210148641722,0.0122399020808,0.00638686131387,0.00802964793082,0.00571744526664,0.0320952037505,-0.00267022696929,0.00951086956522,0.00280636108513,0.0169411764706,0.076714801444,0.0118146016359,0.00499168053245,0.000768049155146,0.034938219003,-0.0136402387042,0.015271195366,0.00320924261874,-0.00965018094089,0.00592718035563,0.00792682926829,-0.003663003663,0.0379029401346,-0.0100405867841,0.000737191301143,-0.00168990283059,0.00787401574803,0.000588865726837,0.0173535791757,0.0267111853088,0.00322407307899,0.00279029834728,0.00282056845303,0.0397727272727,0.0226506024096,-0.000732600732601,0.0223425863236,0.00141362736783,0.0135838150289,-0.00814332247557,0.0110685398042,-0.00516621743037,0.00147203140334,0.00679431747993,0.0139130434783,-0.00378992961559,0.000851063829787,0.0108477300121,0.00856973995272,-0.00483675937122,-0.00196249454863,0.0356534767765
-0.0258106146153,-0.0396736072032,-0.0203862660944,-0.0371441281139,-0.020588886429,-0.0677033492823,-0.0556939762568,-0.0682862770847,0.00581522931753,-0.0213770491803,-0.00671140939597,-0.0262032085561,-0.0323057953144,-0.0352455943007,-0.0161346895826,-0.0136614984278,-0.0390676296783,-0.0319653536812,-0.0278152393796,-0.0398780797562,-0.0358143880411,-0.0116740088106,-0.0375670840787,-0.029304029304,-0.0363491642345,-0.0446428571429,-0.042471042471,-0.0643208417521,-0.0285954583684,-0.0303225806452,-0.0214904378405,-0.00903614457831,-0.0221684804514,-0.0199456029012,-0.0294117647059,-0.0284598018459,-0.062893081761,-0.01651048639,-0.0209959623149,-0.0261194029851,-0.0310041647385,-0.0150880134116,-0.0176646706587,-0.0546357615894,0.0345356868764,-0.0724578015644,0.00432152117545,-0.0461618257261,-0.0191938579655,0.037149817296,-0.023569023569,-0.0278281911676,-0.0183823529412,0.0170648464164,-0.0152203330788,-0.0298342541436,-0.00804062632247,-0.0223214285714,-0.0076213232265,-0.00255863539446,-0.0508130081301,-0.0230316014997,-0.0218321917808,-0.0177412375595,-0.0355191256831,0.0688030160226,-0.0190615835777,-0.0437086092715,-0.0112930547713,-0.047619047619,-0.00656814449918,-0.0416842105263,-0.0261910137729,-0.0259676629103,-0.0331288343558,-0.0137221269297,-0.0152173913043,0.00510204081633,-0.0202702702703,-0.0336946967477,0.0048602673147,-0.0391085864103,-0.00460690209977
-0.0019870839543,0.0319367125696,0.0313983205549,0.047817047817,-0.0284810126582,0.0175776238132,0.0406642868229,-0.000939628846606,0.0194174757282,-0.0140712945591,0.0289575289575,0.0123558484349,0.0140163098879,0.0408083948698,0.0577540106952,0.0119819720787,0.0102494021182,-0.0140605027695,0.0142188312814,-0.0251322751323,0.00355297157623,0.0476933363049,0.0306691449814,0.0415094339623,0.126376651982,0.0282497875956,0.0253456221198,0.0262062109372,0.0177489177489,0.0159680638723,-0.0274419326929,0.0111448834853,0.00865622423743,0.0175763182239,-0.0511363636364,0.0175785012522,-0.0268456375839,-0.00499092558984,0.00742370085235,-0.0229885057471,0.0148042024833,0.00425531914894,-0.01127704968,-0.0186077057793,0.0304154302671,0.0119840213049,0.026678141136,0.0375203915171,0.0228310502283,-0.0422783323547,0.0215517241379,0.0348475420037,0.00374531835206,0.0278523489933,-0.054733949198,-0.00493545937737,0.0183447098976,0.0439497716895,0.0310100045664,-0.00598546387345,0.0291220556745,0.0416666666667,-0.0730853391685,-0.00881057268722,0.00226628895184,0.106701940035,-0.0717488789238,0.00761772853186,-0.00913763563678,0.0434131736527,0.0314049586777,0.0514059753954,0.010897287271,0.0417505030181,0,0.0326086956522,-0.00827814569536,-0.0549915397631,-0.0612576064909,0.018192844148,0.00725513905683,0.0100045475216,-0.0857897839787
-0.010618881699,0.0215786484952,0.0187610619469,0.011684303351,0.0214053047929,0.0311436136679,0.00939597315436,0.019045379732,0.0112359550562,0.014679896697,0.00750469043152,0.0309194467046,0.0349334003518,0.0190440627334,-0.00741489720256,0.000868998479253,0.0216435576598,-0.00605012964564,-0.0234228073175,0.00135685210312,0.00193112327004,0.0125505211657,-0.000901713255185,0.0144927536232,0.0823759472012,0.055567031605,0.0426966292135,0.0125779171795,0.0393449595917,0.0196463654224,-0.0105383211679,0.0190380761523,0.0371883939518,0.0127272727273,-0.00931470392548,0.0011477116759,0.0145593869732,0.0414956680347,0.0114628820961,0.0127450980392,0.0578823529412,0.0101694915254,0.0104808877928,0.0334597367834,-0.00647948164147,-0.044298245614,0.0385582564962,0.0146750524109,0.0223214285714,-0.0116492949111,0.0362869198312,0.00420926037282,0.0186567164179,-0.0140385243226,0.0129465442298,0.0129721480351,0.00670297444491,0.0224166211044,0.00601661183075,0.00860215053763,0.0715771951727,0.0126315789474,0.0233711048159,-0.00777777777778,0.0825325042397,0.0806772908367,0.0305958132045,-0.046735395189,-0.00461095100865,0.0487804878049,0.0464743589744,-0.000417885499373,0.027752293578,0.0270400772574,0.0190355329949,0.0258947368421,0.0306065664997,-0.0680393912265,0.0129645635264,0.0268016676593,-0.00800320128051,0.0004502476362,0.0611714121835
0.0516518530941,0.0504446914953,0.0413481584434,0.0400958814557,0.0514806378132,0.0736121301052,0.0268912529551,0.0632210429165,-0.00529100529101,0.0180843938379,0.024208566108,0.0349907918969,0.0344827586207,0.0597288384023,0.0495755517827,0.0112871716952,0.0728235683548,0.0467391304348,0.0110294117647,0.0382113821138,-0.000321233536781,0.0226890756303,0.0270758122744,0.0507142857143,0.0388437217706,0.0577299412916,0.010775862069,0.046424454395,0.0476775117659,0.068079640334,0.0381875605145,0.0324483775811,0.0488573680063,0.0394973070018,0.0181329751511,0.0385283585265,0.0249244712991,0.0529772329247,0.0685375067458,0.000968054211036,0.0306939501779,-0.00503355704698,0.0570469798658,0.0274120440319,0.0391304347826,0.0256998623222,0.0379338175948,0.0640495867769,0.0393013100437,0.0893300248139,0.0960912052117,0.0622754491018,0.00457875457875,0.0298013245033,0.0504351532805,0.0994350282486,0.0538909696213,0.027807486631,0.0162294594564,0.0234541577825,0.0423300970874,0.037422037422,0.0535178777393,-0.0371780515118,0.0281984334204,0.00460829493088,0.05625,0.00504686373468,0.0552982049797,0.033926128591,0.0643185298622,-0.0255016722408,0.0365989734434,0.00564174894217,0.0734744707347,0.0619741432383,0.0448164146868,0.073967339097,0.0217576791809,0.0672853828306,0.0709963695038,-0.0022502250225,0.0337827987336
-0.0234412374422,-0.00330731578251,-0.0253586920254,-0.0201131363922,0.00758232235702,-0.00296127562642,0.043309352518,-0.0579427083333,-0.00382978723404,-0.0306578947368,0.0236363636364,-0.00864260294865,-0.0302816901408,0.0076071922545,0.0126172759625,0.00236102167847,-0.00617093489664,-0.0203530633437,0.0254545454545,-0.0459410075698,0.000642673521851,0.00657354149548,0.018453427065,-0.00883752549286,-0.00717391304348,-0.0212765957447,-0.0127931769723,0.0366684402611,-0.009765625,0.0330727600722,-0.0690137561203,-0.00952380952381,0.00450788880541,-0.000863557858377,0.0666226912929,-0.0210417306795,0.0806927044952,-0.0261954261954,-0.0479797979798,-0.0241779497099,-0.0435908502374,-0.00168634064081,-0.0329004329004,0.00420168067227,-0.000697350069735,0.00581655480984,0.00622083981337,0.0184466019417,0.00720288115246,-0.00797266514806,0.0126300148588,-0.0174746335964,0.0164083865087,-0.0607717041801,0.0064049670621,-0.00239808153477,-0.0161895360316,-0.0176899063476,-0.083497199506,-0.00625,-0.00409836065574,0.00300601202405,0.0032844317933,-0.00325657129565,-0.0711020822753,0.0266055045872,-0.0133136094675,-0.0358680057389,-0.0288065843621,-0.0169356972744,0.00503597122302,-0.021879021879,-0.0275565123789,-0.015427769986,0.00754060324826,-0.00869565217391,-0.0103359173127,-0.0491949910555,0.00918580375783,0.00380434782609,-0.0139359698682,-0.0311231393775,-0.0123114075092
-0.00293925538863,-0.0430050438014,0.0448476549127,-0.0215950395553,0.0133304665663,0.044322595385,-0.0318576748035,0.0467634185672,-0.0460273387441,0.016967558029,-0.0168738898757,-0.0276923076923,0.0568869523118,-0.0377487989019,-0.026517571885,-0.0470021413276,-0.0058987891959,0.0754716981132,0.0452549814252,0.0424076607387,-0.0333975594091,-0.0324489795918,-0.0284728213978,-0.0130315500686,0.0221151740749,0.00567107750473,0.0280777537797,0.0394268860423,0.0147928994083,0.0221187427241,0.0662945869557,0.0144230769231,-0.00037397157816,-0.00172860847018,-0.00494743351886,0.0203664093741,-0.000681895669962,-0.00341588385995,0.00954907161804,0.0188305252725,0.0203068592058,0.00844594594595,0.00238734706058,-0.00523012552301,-0.0118632240056,0.0533807829181,-0.0170015455951,0.0166825548141,-0.0172824791418,-0.0384615384615,0.002201027146,0.0183591508893,0.0358744394619,-0.0133515919206,0.00954294661998,0.00446428571429,-0.0258880192655,-0.00264830508475,0.00244634613496,-0.00188679245283,0.00187055742611,-0.0384615384615,-0.00567437800087,-0.0338389731622,-0.0267905959541,-0.0321715817694,0.00824587706147,0.0662202380952,0.059604519774,-0.00107671601615,-0.0193271295634,0.0736842105263,-0.0281160061988,-0.0265906932574,-0.00402993667242,0.00194931773879,0.0130548302872,0.0235183443086,0.0285477865122,-0.00757985923119,-0.012987012987,0.206936685289,-0.0150408927398
-0.0155584670816,-0.00291262135922,0.0104849279161,0.00524475524476,-0.001485253554,-0.0113760665062,0.00384615384615,-0.0193661971831,0.000447777902161,0.0108115323011,0.0135501355014,-0.0297995780591,0.00320659642694,-0.0196148359486,-0.0164095831966,-0.0117964273677,-0.000624609618988,0.0203035679085,0.0221324717286,0.00839895013123,-0.0279069767442,0.0736131617802,-0.00976909413854,0.00416956219597,0.0385604113111,0.0178571428571,-0.0194327731092,0.030142016608,0.0126336248785,0.0398633257403,0.0120229946763,0.00568720379147,0.0082304526749,0.0025974025974,-0.0447482908639,0.0382450783813,-0.0487888092801,0.0248500428449,0.0176037834997,0.0350194552529,0.015037593985,-0.0326633165829,0.0211372432272,0.0378548895899,0.021186440678,0.0308277027027,-0.0227987421384,0.0150023441163,0.00667070952092,0.0364179104478,0.00219619326501,0.0428169014085,-0.017316017316,-0.00346981263012,0.0522962834757,0.00888888888889,0.0321384425216,-0.00371747211896,0.0487952747949,-0.0119722747322,-0.00224047796863,-0.0228571428571,0.0636523266023,0.0217391304348,0.0337078651685,-0.0600184672207,0.057249070632,0.0467550593161,0.00773127166089,0.0118566424144,0,0.0245098039216,0.00933940774487,-0.0136585365854,0.0398843930636,0.0359922178988,0.019587628866,-0.00183823529412,0.0217216411907,0.0220949263502,0.0290247678019,0.0588235294118,-0.0378744039877
-0.0397604391948,0.0370009737098,-0.00453955901427,0.0117391304348,0.0412239694008,-0.0161540163753,0.0387398893146,-0.0157091561939,0.00324493677968,0.0434438135481,0.024064171123,0.0402283229138,0.0109589041096,0.0338304838123,0.047047047047,0.0203501591633,0.01375,0.0156491499227,-0.00410937253043,0.0380010411244,0.0451127819549,0.0196463654224,0.0304932735426,0.0602076124567,-0.00825082508251,0.0120036934441,0.0380289234065,-0.0264312719417,0.0249520153551,0.00164293537788,-0.0237713704731,0.0650329877474,0.0230055658627,0.0259067357513,-0.00130123617437,0.0144184872659,-0.103658536585,0.0476588628763,0.0345985024529,-0.0413533834586,0.00217864923747,0.0225108225108,0.00116618075802,0.0119554204661,0.0221300138313,-0.0184350675952,-0.0048270313757,0.0166281755196,-0.0114457831325,0.0357142857143,0.0321402483565,0.0378173960022,0.0405286343612,0.00905292479109,0.0239503533088,0.0416807861742,0.0149700598802,0.0394456289979,0.0119202977885,0.0184948979592,0.0116017964072,0.010101010101,0.0379694593479,0.0496453900709,0.0369565217391,-0.0332023575639,0.021800281294,-0.0233333333333,0.0214285714286,0.0279627163782,-0.0233576642336,-0.0187400318979,0.0157977883096,0.0173095944609,0.00444691495275,0.0075117370892,0.0273003033367,0.0524861878453,0.0311023622047,-0.0232185748599,0.0203083866115,0.00546448087432,0.01998522561
0.00987525987526,0.00778001341382,0.0123778501629,-0.0343790287924,0.0142857142857,0.00461088618983,-0.00177595628415,-0.015275877793,-0.00167298683917,0.0122753733232,0.00870322019147,0.00182910896263,0.0300361336947,0.0116115411682,0.0188017845762,-0.0129247910864,-0.000308261405672,-0.000380445120791,0.00111093477226,-0.0514042126379,0.00882930019621,-0.00578034682081,0.00435161009574,0.00391644908616,0.0262063227953,-0.021897810219,0.0371517027864,0.0313512014147,-0.00561797752809,-0.00874794969929,0.0559228400652,0.046017699115,0.0163220892274,-0.0488215488215,0.0169381107492,-0.016312049066,-0.0136054421769,-0.0223463687151,-0.00424257549289,-0.0254901960784,-0.0095652173913,0.0152413209145,0.0765870704718,0.0212254705647,0.0162381596752,0.0025041736227,0.0331447049313,0.020899591095,0.02985984156,-0.0417130144605,0.00778485491861,-0.0150963040083,0.0220152413209,0.0269151138716,0.0345044883636,-0.00130123617437,0.0511307767945,-0.025641025641,-0.0218373493976,0.0106449592987,0.0062893081761,-0.00526315789474,0.0387673956262,-0.0204954954955,0.041928721174,0.0363747205852,-0.00275292498279,0.0443686006826,0,-0.0588082901554,0.0254110612855,0.0410402275498,-0.0351033103755,-0.0150704910063,0.054786939679,0.0382106244175,-0.00344488188976,0.0332458442695,0.0137457044674,-0.0237704918033,0.0158496129746,0.0018115942029,-0.0341822677358
-0.0281351861383,-0.000133102622122,0.001287001287,-0.0249221183801,-0.0167002012072,-0.00212694503526,0.0161488983167,-0.00856679786988,-0.025583733661,0.00475059382423,0.0060396893874,-0.00678142931664,-0.00460425345319,-0.016347826087,-0.00719424460432,-0.0191895247771,0.0259019426457,-0.000190294957184,-0.0772035510463,-0.0277557494052,-0.00518638573744,0.00968992248062,0.00346620450607,0.0136540962289,-0.0259424402108,0.0475746268657,-0.0129353233831,-0.0325901321894,0.00376647834275,-0.0474351902923,0.0653115485227,-0.00253807106599,0.0132048536759,0.00176991150442,-0.0275464445868,0.0652745246814,-0.0105476673428,0.00163265306122,0.0137844611529,-0.0196177062374,0.0851624231782,-0.0608840700584,-0.0267784690289,-0.0107843137255,0,-0.052456286428,-0.0305164319249,0.00445037828215,-0.0236686390533,-0.0121880441091,0.0189606741573,-0.0184989429175,-0.0124275062138,0.0198252688172,-0.0158258086092,0.00651465798046,-0.0159027128157,-0.0215789473684,-0.0132197180855,0.00371747211896,0.0128676470588,-0.0238095238095,-0.022009569378,0.000459875833525,0.0472837022133,-0.105490196078,0.0200138026225,-0.016339869281,0.03885003885,-0.0123864574732,-0.0357142857143,0.00312256049961,-0.0504259728298,-0.000987166831194,-0.0099685204617,0.00359066427289,-0.0276543209877,-0.0702794242168,-0.00828625235405,-0.0397425132942,-0.0195936139332,0.0117540687161,0.0895607237166
-0.00794351279788,-0.0126464323749,0.0134961439589,0.0159744408946,-0.00798035604665,-0.0630468925286,-0.0020202020202,-0.0539467538533,0.0627149736299,-0.0126913027249,0.0120068610635,-0.00577731092437,-0.00528634361233,0.0205091937765,-0.00157529930687,-0.0203705834964,0.0228434024647,-0.0413018652455,-0.0214739735441,-0.0443175638934,-0.00684261974585,0.0614203454894,0.0164075993092,-0.000641436818473,0.0043695380774,-0.0231522707035,0.0100806451613,-0.0826041326392,0.0093808630394,0.0023161551824,-0.0840109491989,0.0220525869381,0.0246565692145,0.0114840989399,-0.032279314888,-0.0251148387097,-0.0188601886019,0.0350448247759,0.0271940667491,-0.0420728578758,0.0327669902913,0.0177619893428,0.0200111172874,0.00297324083251,0.00599201065246,-0.0724956063269,-0.00484261501211,0.00575985821887,0.0133333333333,0.0188014101058,0.0206753962784,0.0177705977383,-0.0167785234899,0.0523887973641,0.00114685857838,0.0576051779935,0.0237642585551,-0.00215169445939,-0.0154801722875,-0.0242798353909,-0.0250453720508,-0.0281842818428,0.0195694716243,-0.0103424500115,-0.0115273775216,0.0144673388865,0.0182679296346,-0.0604651162791,0.0423834455248,0.0429208472687,0.00377928949358,-0.00544747081712,0.0172162948594,-0.0306324110672,-0.00158982511924,0.0313059033989,-0.01218892839,-0.000910746812386,-0.0155715913407,0.00961818711746,0.0236861584012,0,0.0518184313645
0.0297153024911,-0.00134825401106,0.0244134432467,0.0226864330638,0.0416666666667,0.0725574712644,-0.00175438596491,0.0935571463836,0.0443413528968,0.0142407057341,0.0166101694915,0.0245641838352,0.0305580159433,0.00658350658351,-0.00126222783212,0.0476973684211,0.0235086688216,0.0210442723844,0.0331811797753,0.00739687055477,-0.0121391076115,0.00632911392405,0.0135938827528,0.00962772785623,0.0217526413922,0.0291704649043,0.0259481037924,0.123588951013,0.00371747211896,0.0699017908723,0.193144363876,-0.00165975103734,0.00653145410794,0.0218340611354,0.0673927842069,0.0170051460155,0.0814876723778,0.00984251968504,0.0132370637786,0.0632029994644,0.00940070505288,0.0148342059337,0.0155313351499,0.0592885375494,-0.0443414956982,0.0554239696826,0.0340632603406,0.0185022026432,0.0388755980861,0.0772779700115,0.0067521944632,-0.0328042328042,0.0153583617747,-0.0134627426425,0.0152315030881,0.014993880049,-0.00649953574745,0.00700808625337,0.0305393802865,0.00927878532265,0.0160089352197,0.0686001115449,0.0239923224568,-0.013469577334,0.000971817298348,0.0663353500432,0.0272425249169,0.02828854314,-0.00837120306147,-0.0184393372528,0.0263554216867,0.00899843505477,0.0436233611442,0.0611620795107,0.0345010615711,0.00346921075455,0.0226221079692,0.0200546946217,0.0293209876543,0.0334872979215,0.0122921185828,0.0330652368186,0.0129985123745
0.00794885087265,-0.029431618739,-0.0191891055401,-0.014495936745,-0.0291089108911,-0.0040187541862,-0.0251453291875,-0.0293453724605,-0.0234504132231,-0.0135437375746,-0.0160053351117,-0.0193348801237,-0.0368500214869,-0.00619621342513,-0.0306477093207,-0.00829782462436,-0.0255526844674,-0.0363601011083,-0.0428207306712,-0.019768426998,-0.0518100298904,-0.0242587601078,-0.00586756077117,-0.00953591862683,-0.0229115977291,-0.0265721877768,-0.022373540856,-0.0496605015272,-0.025,-0.0350971922246,-0.0184069981584,-0.0806317539485,-0.0334699453552,0.00940170940171,-0.0229591836735,-0.0258412460436,-0.00695517774343,-0.0346978557505,-0.0465558194774,-0.0297229219144,-0.00970120294917,-0.0154772141015,-0.0211966729273,0.00373134328358,-0.016620498615,-0.048473967684,-0.00862745098039,-0.0181660899654,-0.0270581462291,-0.000535331905782,-0.00737759892689,-0.0306345733042,-0.0563025210084,0.0390352269121,-0.0167164179104,-0.0277359059391,-0.0205607476636,-0.0176659528908,0.000294605479073,-0.0200585039699,-0.0406742396482,-0.0140918580376,-0.0140581068416,-0.0322504708098,-0.0466019417476,-0.0245187436677,0.000646830530401,0.0171939477304,-0.027496382055,-0.00789545330792,-0.0146735143067,-0.0383869716945,-0.0166742804934,0.0014409221902,-0.0415597742432,-0.0311149524633,-0.0246354952237,-0.0160857908847,-0.00712143928036,-0.0145251396648,-0.035,0.00865051903114,0.0288799793045
-0.00171438367907,-0.00486854917235,-0.00946670874093,-0.00958324047248,-0.0124413624312,-0.00728536202645,0.00291221744557,-0.0109302325581,-0.0172432032159,-0.003904773901,-0.0118603863097,-0.00604626708728,-0.0119353039598,-0.0107377900935,0.0205345501956,-0.0084803256445,-0.0103123158515,0.0280468119451,-0.0232558139535,0.00720253529242,0.00385288966725,-0.0497237569061,-0.00252951096121,-0.0121951219512,0.0139032994397,0.00636942675159,-0.00796019900498,-0.0532346639043,-0.00379867046534,-0.0139899272524,-0.0388364086641,-0.00632911392405,-0.00636042402827,-0.0211685012701,-0.0156657963446,-0.0187247504435,-0.0147859922179,0.0032310177706,0.00124564025909,0.0228452751817,-0.0164576802508,0.00174672489083,-0.00548245614035,0.0297397769517,-0.00633802816901,-0.0594339622642,-0.00395569620253,0.00176211453744,-0.00769230769231,-0.0123192287092,-0.0297297297297,-0.0321670428894,-0.00712377560107,0.0109957238852,0.00182149362477,-0.00062015503876,0.00286259541985,0.0108991825613,-0.00410853603584,0.00191897654584,-0.00534759358289,-0.0068819481207,-0.00570342205323,0.0121624908781,-0.00356415478615,-0.00498545907769,-0.00969618616677,-0.0290736984449,0.0357142857143,-0.0101536772777,-0.00595681310499,0.0197580645161,-0.00534262485482,0.00575539568345,0.0235546038544,0.049955396967,0.0123711340206,-0.0172570390554,-0.00188750471876,-0.00878684807256,0.0240562546262,0.00171526586621,0.0086560469028
0.0613086038125,0.0237629298295,0.041095890411,0.031503150315,0.0563816604709,0.0635655413797,0.00539269911504,-0.0286856336704,0.0158234660926,0.00404653515427,0.0428669410151,0.0264480296218,0.0295777827952,0.0199579831933,0.0325774512935,0.0294218268902,0.0101220601369,0.0184494602552,0.0229007633588,0.0102974828375,0.0432658757851,0.100775193798,0.0245139475909,0.0383365821962,0,0.0153707052441,0.0531594784353,-0.0108289180824,0.0228789323165,0.0158910329171,0.0274055494286,0.0582347588717,0.0138691322902,0.0190311418685,0.0358090185676,0.0270329143704,0.0351500789889,0.0358293075684,0.0154267230654,0.0233502538071,0.0776892430279,0.0374891020052,-0.00220507166483,0.0234657039711,-0.00212615166549,0.00170511534604,0.0262112787927,0.0347405452946,0.025641025641,0.0260303687636,0.00487465181058,0.0367346938776,0.0286995515695,0.0132930513595,0.0672727272727,0.0518150791188,0.0256898192198,0.0274932614555,0.0379988288944,0.0163864652054,0.0556835637481,0.043710021322,0.0564053537285,0.0334054313867,0.0229943791518,0.0156576200418,0.072454308094,0.00557103064067,0.0110153256705,-0.0133074577211,0.0239700374532,0.0375642546461,0.0158804297057,0.0333810205055,0.0397489539749,0.0118946474087,0.0198574338086,0.0101663585952,0.0344175491679,0.0360308836145,0.0643295988435,0.0102739726027,0.0424605638403
-0.00760517799353,0.0281267067176,-0.0324357405141,-0.00087260034904,-0.0312805474096,0.0263269639066,-0.00426351258424,0.0387315419995,0.0179082335488,-0.010201511335,-0.0233475830319,-0.0360731770162,-0.00657894736842,0.0332990044628,0.00773275595422,-0.00864074443337,-0.0215148835838,-0.00847947581422,0.0213219616205,-0.0039637599094,-0.042474916388,-0.0343309859155,-0.0288778877888,-0.0337922403004,-0.0380679492427,-0.0347284060552,0.00190476190476,0.0462521023683,-0.0503261882572,0.0391061452514,-0.041142216607,-0.0111779879622,-0.021396001403,-0.0382003395586,0.00512163892446,0.01341520319,-0.0137352155666,-0.0291488534784,-0.0105366331781,0.0357142857143,-0.0125693160813,-0.0268907563025,-0.028729281768,-0.00617283950617,0.0255681818182,0.0393511565035,-0.0077399380805,0.00594985125372,-0.00988372093023,-0.0412262156448,-0.047817047817,0.0146231721035,-0.0348735832607,-0.0491949910555,-0.0255536626917,-0.030383480826,-0.0213358070501,-0.0293809024134,-0.0224193782747,-0.0100502512563,-0.00109130592943,-0.0188968335036,-0.0343891402715,0.0258139534884,-0.010989010989,0.032887975334,-0.0146074254413,0.0346260387812,0.0229748934154,0.0283787580781,-0.0102414045355,-0.000381097560976,-0.0294252873563,-0.0106137517305,-0.0714285714286,-0.0352644836272,-0.00848726909636,0.0466605672461,-0.0255941499086,-0.0281534639801,-0.00747028862479,-0.0110169491525,-0.024708306876
0.0586988423284,-0.0115537848606,-0.0120177103099,0.0157205240175,0.0312815338042,-0.0134464211833,-0.017955801105,-0.0200419482638,-0.0202998126171,0.000763455910421,0.0121212121212,-0.0021384656509,0.025055187638,-0.0102990033223,0.0193370165746,0.00681640406749,0.00512048192771,0.025267249757,0.0487125956855,0.011654349062,-0.0188613342648,0.0154968094804,0.00339847068819,0.0265544041451,-0.0604255319149,-0.0119926199262,0.0446768060837,0.0590663219864,0.00883218842002,0.0258064516129,0.0518635201807,0.0347826086957,-0.0551971326165,-0.017652250662,0.0114649681529,0.0879542909764,0.0410058027079,0.0388310648519,-0.0158494304111,-0.0191570881226,0.00561587420442,0.00863557858377,0.00910125142207,-0.0283939662822,-0.000692520775623,0.0631021194605,-0.00858034321373,-0.0266159695817,-0.0093951849677,0.0165380374862,-0.0145560407569,-0.00110864745011,0.026196928636,-0.00972091564754,0.025641025641,0.0149072102221,0.0312796208531,-0.000540540540541,-0.00870827285922,0.0401861252115,-0.0313182811362,0.0301926080167,0.00656044985942,-0.00861482656994,-0.0237373737374,-0.00796019900498,0.0401482396541,0.0809906291834,-0.00902986802501,0.00382513661202,-0.00221729490022,0.0205871139916,0.00923732828044,0.0121268656716,-0.0178764897075,0.00348128807659,0.0488418932528,0.0201048951049,-0.015009380863,-0.00312411246805,0.0441327403353,0.00171379605827,-0.0153828756591
-0.00462036038811,-0.0218997715975,-0.0323303457106,-0.0111779879622,-0.0256360078278,-0.0174040679388,-0.0210970464135,-0.00214030915577,-0.0518542131548,0.0536554354736,-0.0352628077179,-0.0275917492633,-0.00979864326478,-0.0349110439745,-0.0277024992472,-0.0163152053274,-0.0338627509739,-0.0356398104265,-0.0056403450564,-0.0452374262433,0.0231399074404,-0.0385996409336,-0.0228619813717,-0.0302839116719,0.0190217391304,-0.0233426704015,-0.0181983621474,0.0245391642052,-0.0204280155642,-0.0366876310273,-0.0425814472606,-0.0605042016807,-0.0238998482549,-0.00449236298293,-0.0239294710327,-0.010436104111,-0.0538833147529,-0.0277456647399,-0.0294413688978,-0.021484375,-0.0532390171258,-0.021404109589,-0.0011273957159,0.00182648401826,0.016632016632,0.0557317625736,-0.0330448465775,0.0112847222222,-0.0260818020154,-0.0233188720174,-0.0125553914328,-0.0432852386238,0.0255281690141,-0.0474984167194,-0.0392045454545,-0.0287769784173,-0.0404411764706,-0.00811249323959,-0.0284035115572,-0.00569337128914,0.0214285714286,-0.0318342597271,-0.0437616387337,-0.0439057855019,-0.0274185204346,0.00300902708124,-0.0172209026128,-0.0185758513932,-0.0196261682243,-0.0511703864997,-0.0148148148148,-0.0190511766903,-0.00234686693264,-0.0396313364055,-0.0226144511859,-0.0355594102342,-0.0134421507441,-0.0171379605827,-0.0354285714286,-0.0344729344729,-0.019003931848,-0.0136869118905,-0.000271056992382
-0.0216617669813,-0.00521978021978,-0.0224942110486,0.020652173913,0.0353484635469,-0.0232607767819,0.0334770114943,-0.00619637750238,0.0149053009078,0.0450102570291,-0.000172413793103,-0.0168044077135,0.0221835580687,-0.00695652173913,0.00867141529885,0.0216630937606,0.0220223325062,0.0253587576175,0.011011011011,0.0526780459094,0.00173973556019,-0.0205415499533,0.0207972270364,0.00195185426155,0.0333333333333,0.0344168260038,0,-0.0220894924756,0.012909632572,-0.000544069640914,-0.0187305709676,0.0232558139535,0.0435289545278,-0.0207581227437,0.0561290322581,-0.022044886811,0.102120974077,0.0055489496631,0.0303344568317,0.0838323353293,0.041683051514,-0.00699912510936,0.0457110609481,0.028258887876,0.00749829584185,-0.0317596566524,0.0252237591538,-0.00128755364807,0.0279975654291,0.0177679067185,-0.0142109199701,0.030162412993,0.0695278969957,0.0279255319149,0.0455351862803,0.0422839506173,0.00191570881226,0.0327153762268,0.0180831716963,0.137014314928,0.0360691939639,0.0433194154489,0.0847127555988,0.0935182970581,-0.0271276595745,-0.0598,0.0900302114804,-0.01261829653,0.0390848427073,0.0183591508893,0.00827067669173,0.011424219345,0.0174076687838,0.024472168906,0.0615124153499,0.0287769784173,0.036496350365,0.0261551874455,0.0860979462875,0.0050162289761,0.0424181696727,-0.0130095403296,-0.0405104159579
-0.0216669302546,-0.00704225352113,-0.0307952622673,-0.00276890308839,0.0455868089234,-0.01179812104,0.00987070763242,-0.0354916067146,-0.0304770318021,0.0177829099307,-0.0060355233661,0.00504342953208,-0.0184042553191,0,-0.0113601473749,-0.0115958034235,-0.00637329286798,0.00134202453988,-0.0346534653465,-0.0178920883422,0.0114623133032,0.0247855100095,-0.0271646859083,0.012987012987,-0.0447311827957,-0.0110905730129,-0.00463392029657,-0.00160371242365,-0.0156862745098,-0.0114316820904,0.00430083811204,-0.0288461538462,-0.00931098696462,0.0147465437788,0.0183262064753,-0.00980986552434,0.000356379187455,-0.0299566417028,-0.00855561147458,0.0230202578269,0.000377500943752,0,-0.0420939017809,0.0301418439716,-0.00473612990528,-0.0452127659574,0.0404761904762,-0.0124623979373,0.0367081113085,-0.0845608292417,0.00531107738998,0,0.0136436597111,0.0255498059508,0.0599547511312,0.000296120817293,0.0114722753346,-0.00105596620908,-0.00532918807903,0.00989208633094,-0.054351687389,-0.00100050025013,0.0466786355476,0.0341207349081,-0.0224166211044,0.0440331844288,0.0376940133038,0.0134185303514,0.00688073394495,0.00676056338028,0.0268456375839,0.00414156626506,0.00647398843931,0.0182669789227,-0.00478468899522,-0.0148601398601,0.0183098591549,0.00509770603229,0.0625454545455,0.00822078684674,-0.00833066324896,-0.00351493848858,0.0585645224426
0.00323310701584,0.00709219858156,0.0226955307263,0.0839384878257,0.0380333951763,0.0120495246518,0.000412995594714,-0.00522128294381,0.019020501139,-0.00181529385069,0.0183900069396,0.0111513799833,-0.0223257830281,0.00910683012259,0.0242236024845,0.0262569832402,0.010384850336,0.0344629523262,-0.00769230769231,0.0108169655565,0.00755494505495,0.0306976744186,0.00174520069808,0,-0.0121566861774,0.00560747663551,0.00465549348231,-0.0372522214627,0.0268924302789,0.00936123348018,0.00664823262825,0.010801080108,0.0124060150376,0.00272479564033,-0.000599880023995,0.00891333587618,-0.000712504453153,-0.000812677773263,0.0304568527919,0.00810081008101,0.00943396226415,-0.000881057268722,0.0292957746479,0.0223752151463,0.0129163834126,-0.0134633240483,0.00686498855835,0.0239338555265,-0.00742432895488,-0.0518474374255,0.0105660377358,-0.0377252252252,0.0102929532858,-0.00914538000631,0.0330843116329,0.0133214920071,-0.0151228733459,-0.00528541226216,0.0342261904762,0.0186999109528,-0.0184072126221,0.00350525788683,0.0214408233276,-0.010152284264,0.0106263982103,-0.0262836185819,-0.0149572649573,-0.0239596469105,0.175398633257,0.0330162283156,-0.0152505446623,-0.0149981252343,0.00114863312658,0,-0.00373931623932,0.00709849157054,0.0179806362379,0.00676246830093,0.0383299110198,-0.00698893418754,-0.0129240710824,0,-0.0245481091469
0.00580083789881,-0.00787075393538,-0.00580402867873,0.00216748768473,0.0017873100983,-0.0226105953031,-0.0477501032063,-0.0294926268433,-0.0239186319437,0.00772902932485,0.0015332197615,0.00248138957816,-0.0166278683073,-0.00242971190559,0.00242571255306,0.0121937942297,-0.0256952841596,-0.0138811771238,-0.023428079242,-0.0385806814982,0.0228357191547,0.0126353790614,0.00783972125436,-0.00512820512821,-0.0437556973564,-0.0325278810409,-0.0250231696015,-0.0347887823926,0.00193986420951,-0.0158210583742,-0.0292633102942,0.0311665182547,-0.0256219829187,-0.018115942029,-0.00360144057623,-0.0211015380942,-0.0131907308378,0.00284668564457,-0.0100985221675,0.00535714285714,0.0138317757009,0.0238095238095,0.00164203612479,-0.020202020202,0.00872483221477,-0.056,0.00227272727273,-0.0713982150446,0.00345224395857,0.0138277812696,-0.0224047796863,-0.00936220011703,-0.0203761755486,0.00763844684914,0.0196280991736,-0.016067776804,-0.0153550863724,0.00850159404888,0.00633035740083,0.00262237762238,-0.0508993494068,-0.00399201596806,0.000839630562552,0.0356837606838,-0.0625345877144,-0.00481272232685,0.00488069414317,-0.0400516795866,0.0164728682171,-0.00595882990249,-0.00737463126844,-0.0392082223068,-0.0201927489674,0.0160993560258,-0.0128686327078,0.0202643171806,0.000452898550725,-0.0335852225021,0.0329597890574,-0.0208211143695,-0.0124386252046,-0.0167548500882,-0.00167838128606
-0.00752963793656,-0.0449547668754,-0.0480769230769,-0.0405033425088,-0.0196253345227,-0.0122932498882,-0.0274566473988,-0.0146793716199,-0.00767204855147,-0.0251522670878,-0.0299370641266,0.034103410341,-0.0107090519671,-0.0233124565066,-0.0332728372656,-0.0758309131978,-0.0232702451132,-0.0165165165165,-0.00564473452108,0.030755711775,-0.0203265578141,-0.054367201426,-0.038029386344,-0.041881443299,-0.0300285986654,-0.0172910662824,-0.0247148288973,-0.0378815741081,-0.043949661181,0.009977827051,-0.00583295877089,-0.0284974093264,0.000762195121951,-0.020295202952,-0.039156626506,-0.032075452522,-0.0451589595376,-0.0433901054339,0.00671808907688,0.0168738898757,-0.0269174041298,-0.0430663221361,0.0377049180328,-0.0429553264605,-0.0352628077179,0.0024925224327,-0.0582010582011,-0.0453089244851,-0.0625,-0.0254184748915,-0.00381970970206,-0.0218546958063,-0.02,0.00631711939356,-0.0385005065856,-0.0368171021378,-0.0309941520468,-0.0184404636459,-0.064053792553,-0.050566695728,-0.00282258064516,-0.0355711422846,-0.00838926174497,-0.0408500103157,0.0200708382527,-0.0344827586207,-0.00539665407447,-0.0174966352624,-0.0123927550048,-0.025068119891,-0.0497771173848,0.0118858954041,0.0145199063232,-0.0248981439565,-0.0396523628463,-0.0405872193437,-0.0258035310095,-0.0121633362294,-0.0197830248883,-0.0563042827194,-0.0712628438847,-0.000896860986547,-0.0122627398614
-0.0314769975787,-0.00568347420577,-0.0252525252525,-0.0524590163934,-0.0291173794359,-0.0155012446255,-0.0194650817236,-0.0169890224778,-0.042464804985,-0.000578502834664,-0.0192880939856,-0.00292553191489,0.0313354603464,-0.0106875667973,-0.00657071339174,-0.0123370577281,0,0.0112595419847,-0.00425758382118,-0.00397840295538,0.0248299319728,-0.0179076343073,0.00179694519317,-0.0154673839946,0.0515970515971,-0.0117302052786,0.00584795321637,0.00955657492355,-0.0238963142973,0.00439077936334,0.0151663053195,-0.0195555555556,-0.00685453160701,0.00376647834275,-0.00501567398119,-0.0212312441593,-0.00870223231177,-0.0118694362018,0.0177953534355,-0.0393013100437,0.0121258052293,-0.021602160216,-0.0157977883096,-0.0107719928187,0.00413793103448,-0.0110392839383,0.0192616372392,-0.0225311601151,0.0189602446483,-0.0139949109415,-0.0268404907975,-0.0048309178744,-0.0155102040816,-0.0244821092279,0.0152792413066,-0.0123304562269,0.0138805069403,-0.00858829844337,-0.0614127383885,0.00183654729109,0.048119692681,-0.0145454545455,0.00846023688663,-0.0178533017853,0.0248842592593,0.00740418118467,-0.00488334237656,-0.0027397260274,-0.027027027027,-0.0041922861934,0.0140734949179,-0.0364134690681,-0.0258541089566,-0.0176415970288,-0.00848416289593,-0.023402340234,-0.00789962825279,-0.00879507475814,0.013671875,0.0180894953983,0.0206995003569,0.0125673249551,-0.0125967905377
0.00333333333333,0.0533489667302,0.019245003701,0.0350346020761,0.0121836925961,0.00999885070682,0.0307622367025,0.0116990162191,0.0224150397686,0.00810372771475,0.0205614160558,0.0173379567885,0.0275107722904,0.0280878646021,0.0226771653543,0.0146123026161,0.0206480304956,0.0283072277788,-0.0130055228933,0.0122681883024,0.0268835048125,0.0220729366603,0.000896860986547,0.0177595628415,0,0.0257171117705,0.0406976744186,0.0196895115487,-0.00622406639004,0.0459016393443,0.0231181108738,0.0271985494107,-0.00920245398773,0.0046904315197,0.0340264650284,-0.0328058788822,0.068320610687,0.0531960531961,0.0235551238465,0.0181818181818,0.0104829651816,0,-0.0112359550562,-0.00362976406534,0.0233516483516,0.000703942075624,-0.0110236220472,0.0245218244237,-0.0102040816327,0.0225806451613,-0.00315208825847,0.00970873786408,0.0464344941957,0.0579150579151,0.0643487285937,0.0280898876404,0.0426587301587,0.0238224147266,0.0263685120485,-0.00916590284143,0.0250771604938,0.0405904059041,0.0738255033557,0.0140166447657,0.00677583286279,-0.0460440985733,0.0648854961832,-0.0171703296703,0.00992063492063,0.000841987089531,-0.011565150347,0.00243803331979,0.00118483412322,0.0283553875236,0.0359383913292,0.0267281105991,0.0341920374707,0.0150842945874,0.108220937701,-0.0105985037406,0.0304195804196,0.00443262411348,0.00870985880948
-0.0413621262458,-0.0328370669264,-0.0228758169935,-0.0271625574593,-0.037962962963,-0.0269685935366,-0.022787415466,-0.0323258869908,-0.0342998585573,-0.0138952687184,-0.0245269796776,-0.0270057682223,-0.0113978494624,-0.0346760070053,-0.0381890976286,-0.0331010452962,-0.0392156862745,-0.0300972655533,-0.0283393501805,0.00789177001127,-0.0539754363284,-0.0347417840376,-0.0385304659498,-0.0328859060403,0.0221962616822,-0.0362584378014,-0.0251396648045,-0.03341997772,-0.0340292275574,-0.0548589341693,-0.0348433434572,-0.0732568402471,-0.0270897832817,-0.0233426704015,-0.0499695307739,-0.0240691238617,-0.0360843158271,-0.0224032586558,-0.0232502965599,-0.0267857142857,-0.00296406076325,-0.00275988960442,-0.0441017316017,0.00364298724954,0.00268456375839,-0.0468294643754,-0.0302547770701,-0.0253709909047,-0.0260764099454,-0.0258675078864,-0.0284584980237,-0.0462740384615,-0.0118858954041,0.00182481751825,-0.0414431984398,-0.0261080752884,-0.0456707897241,-0.06980433633,-0.0250542130118,-0.0259019426457,0.0319909672563,-0.0623100303951,-0.0359375,-0.0138228941685,0.0241166573191,-0.00294584183095,-0.0404505888377,-0.0146750524109,-0.0117878192534,-0.0546831183399,-0.0327613104524,0.00202675314147,-0.0520710059172,-0.0248161764706,0.00660792951542,-0.0251346499102,-0.0353260869565,-0.034965034965,-0.0399884091568,-0.0214240705734,-0.00542925008483,-0.00970873786408,-0.0426342541017
-0.0155952174666,0.00273341965185,-0.00260126347083,-0.00730240549828,-0.0134744947064,0.00456087007368,-0.0103806228374,-0.0219989136339,0.0128158183815,-0.0200302783277,0.00377155172414,0.0121261115602,-0.0280617794214,-0.0119738751814,-0.00960614793468,-0.0102102102102,-0.00453514739229,-0.0206244087039,-0.0421697937953,-0.0310402684564,-0.0051247010591,0.0175097276265,-0.00838769804287,-0.00832755031228,-0.0617142857143,-0.0254152491495,-0.0114613180516,-0.0599308490204,-0.018154311649,-0.0160309563295,-0.000481759755635,-0.0133333333333,-0.0103420843278,-0.0038240917782,0.0096215522771,-0.100344369055,-0.00889547813195,0.00416666666667,-0.0296332280787,-0.0220183486239,-0.0234113712375,-0.00184501845018,-0.0101896405321,-0.00725952813067,0.00803212851406,-0.0688455455983,0.00985221674877,0.00049115913556,-0.00498132004981,0.020725388601,-0.00569568755085,-0.0327662255829,0.00721732157177,0.00546448087432,0.0218718209563,-0.0458229426434,0.00199401794616,-0.0125071063104,-0.0260246724869,-0.034188034188,-0.0404814004376,-0.052944354403,0.0470016207455,0.00525624178712,-0.0432639649507,-0.0279545454545,0.0202774813234,-0.0510638297872,0,-0.0338178582023,0.00645161290323,-0.0473300970874,0.00749063670412,-0.0197926484449,-0.00382932166302,-0.000920810313076,-0.0093896713615,-0.0480072463768,0.024750980984,-0.000965872504829,-0.00409416581372,-0.00356506238859,0.0262858724194
0.0124977996832,0.0378766140603,0.0331594634873,0.0235828645608,0.0663414634146,-0.00162980209546,0.0527515962299,0.0219383504582,0.0438659918053,0.0136660724896,0.0427625693326,0.0271565495208,0.0298791405551,0.0580242379728,0.0533462657614,0.0328883495146,0.0618288317605,0.0575734157651,0.00872769588829,0.0147186147186,0.0765796703297,0.0564053537285,0.046992481203,0.0510846745976,0.0353227771011,0.088295687885,0.0415458937198,0.0241111565182,0.066035659256,0.0477528089888,-0.00878866190828,-0.0173745173745,0.0739549839228,0.0412667946257,0.0216010165184,-0.030521236009,0.0314136125654,0.0726141078838,0.0620775969962,0.0365853658537,0.0509893455099,0.050831792976,0.0380325993709,0.00091407678245,0.00332005312085,-0.00566123188406,0.0593495934959,0.0711831124202,0.0488110137672,0.0647208121827,0.0229132569558,0.0508143322476,0.0238853503185,0.0486111111111,0.00248880039821,0.0388761842535,0.0417910447761,0.0218767990789,0.0187020251305,0.0481809242871,0,0.0136908157444,-0.00696594427245,-0.00348583877996,0.0188895248998,-0.024082300678,0.00366108786611,-0.00298953662182,0.0437375745527,-0.00368437212158,0.0608974358974,0.0144373673036,0.0299876084263,0.0326923076923,0.0576606260297,0.0396313364055,0.024644549763,0.00285442435775,-0.0129602356406,0.0625201417983,0.00787941075711,0.0143112701252,0.0234847785862
0.0199930458971,0.00940005529444,-0.00468806346917,0.0103572183471,0.0311070448307,-0.0284514925373,0.00938628158845,-0.00108695652174,0.00380974370815,0.0268464243845,0.0279684282773,0.00129600829445,0.0412908834076,0.00381811870878,0.0214855739718,0.00975208553636,-0.00827459393196,0.0261234928754,-0.00365314362623,0.0247440273038,0.0213716108453,-0.0027149321267,0.00987432675045,0.00732356857523,0.0287058823529,0.00471698113208,0.0584415584416,-0.0103750997606,-0.00557505678299,-0.00160857908847,0.0108323418344,0.0117878192534,0.0198353293413,0.0221198156682,0.00621890547264,0.00642412238409,0.0261058738216,0.0386847195358,0.0226255008249,-0.0108597285068,-0.00253439536568,0.0167106420405,0.00909090909091,-0.0246575342466,0.0112508272667,-0.0124117513095,0.0130468150422,0.00458295142071,0.0107398568019,0.0256257449344,0.004,-0.00743955362678,0.0311041990669,0.00316729052692,-0.0148957298908,0.0062893081761,0.00764087870105,0.0197183098592,-0.0206563960761,0.00562851782364,0.0349676928924,-0.0140686550366,0,0.0188019239178,0.0325842696629,-0.0855294681361,-0.00521104742053,-0.0389805097451,-0.02,-0.0493066255778,0.00453172205438,0.00795311845961,0.0368142444658,0.000465549348231,0.021287642783,0.00886524822695,0.0425531914894,0.0132827324478,-0.0185019397195,0.0181983621474,0.0441876274643,0.000881834215168,-0.0016916920502
-0.0385205386058,-0.0380717611613,-0.0340579710145,-0.0138075313808,-0.0408163265306,-0.0703312530005,-0.0525035765379,-0.0427094668118,-0.0361127084531,-0.031624614682,0.00033383408446,-0.057986021227,-0.0362099551289,-0.0134854771784,-0.0252403846154,-0.0275773795671,-0.0735475896168,-0.0144205091686,-0.0760324199151,-0.0366361365529,-0.025921299188,0.002722323049,-0.0391111111111,-0.0555188367482,-0.01967063129,-0.0338028169014,-0.0192813321648,-0.0883064516129,-0.047549833887,-0.0118152524168,-0.0543591738143,-0.0334951456311,-0.0550458715596,-0.0351668169522,-0.0710754017305,-0.0830193565094,-0.0328621908127,-0.0551210428305,-0.0424060843512,-0.0301921317475,-0.042831215971,-0.0294117647059,-0.015015015015,-0.0290262172285,-0.0183246073298,-0.109189438487,-0.0287878787879,-0.0474452554745,-0.0283353010626,-0.0278907611854,-0.0749003984064,-0.053091817614,-0.0377073906486,-0.0384615384615,-0.0357862903226,-0.05125,-0.0398104265403,-0.0104972375691,-0.0810171257626,-0.0289179104478,-0.0451707675358,-0.00399543378995,-0.0530007794232,-0.0324034334764,-0.0130576713819,-0.00602567461357,-0.0424305919329,-0.10608424337,-0.0437317784257,-0.0437601296596,-0.0375939849624,-0.0211794019934,0.0160129960548,0.00372266170312,-0.0315200813421,-0.0465729349736,-0.0337178349601,-0.122191011236,-0.0136819702037,-0.0199582960977,-0.0380859375,-0.0352422907489,-0.00548320911586
0.0304910476866,0.0777334851936,0.0502625656414,0.0241832838354,0.0166512488437,0.0107152078492,0.0430318586743,0.0511508951407,0.036153203675,-0.0206319264324,0.0362089103955,-0.0123660346249,0.0160242529233,0.0304942166141,0.0422318125771,0.0198635874118,-0.00366911274183,0.0411849710983,0.016081871345,-0.0273696341112,0.0400769477397,0.0371040723982,-0.0573543015726,0.0300909727082,-0.012599160056,0.00874635568513,0.00983020554066,0.00574966828837,0.0379332897319,0.0445652173913,0.00350683508134,-0.00200904068307,0.00893203883495,0.0504672897196,0.0106453759148,0.171314403513,-0.029959810011,0.0173433188806,0.0202166064982,-0.0603773584906,0.0606750094805,0.0588235294118,0.00609756097561,0.0491803278689,0.0613333333333,0.00828371731815,0.0140405616225,0.0210727969349,0.0255164034022,-0.00298864315601,0.0241171403962,0.0560686015831,0.0172413793103,0.0423880597015,0.06116048092,0.0332674571805,0.0227048371175,0.0273590173088,0.0491803278689,-0.00864553314121,0.0130769230769,0.014899713467,0.0395061728395,0.0166333998669,0.00220507166483,-0.0021085925145,0.0612691466083,-0.0087260034904,0.0264227642276,0.0722033898305,0.034375,0.154433602036,0.19460941069,0.0213259156236,0.0194225721785,0.105069124424,0.0376492194674,0.0293333333333,0.0299013563502,-0.0106382978723,-0.00270727580372,0.0155251141553,0.00937928922863
0.00481678995355,0.00990752972259,0.0410714285714,0.0118061309031,-0.0209281164695,-0.0151998978158,-0.0176606832658,0.0235198702352,0.00368493781667,-0.0213073311665,0.00676328502415,0.0180856983862,0.00511508951407,0.00442176870748,0,0.00926903672416,0.00870438567124,-0.0194309507287,0.0832476875642,0.0186611374408,-0.00524044389642,-0.0610820244328,0.0304219823356,-0.0190217391304,0.0054347826087,0.00481695568401,-0.0336283185841,0.0633245382586,-0.00630119722747,0.0202913631634,-0.0586205036941,-0.0417715148465,0.0635103926097,-0.0258007117438,0.0217248189598,-0.0398283427359,0.0256120527307,0.00503680743898,0.00802075961312,-0.00903614457831,-0.0586342509832,0.0016835016835,0.0278236914601,0.0110294117647,-0.00251256281407,0.0377406931964,0.0269230769231,0.0736397748593,0.0355450236967,0.0203836930456,0.00252312867956,0.00374765771393,0.00154083204931,0.00916380297824,0.0374384236453,-0.00286898310488,0.00965250965251,0.00815217391304,0.0270840305667,0.0184108527132,0.00379650721336,0.0016939582157,0.0356294536817,-0.00152705061082,0.00660066006601,0.0382989963022,0.040206185567,0.0457746478873,-0.00792079207921,0.0158077774265,0.0347432024169,-0.00404263138552,-0.0344168260038,-0.0036314117113,0.0133882595263,-0.0166805671393,-0.0610619469027,0.00414507772021,0.0571685124214,0.0387096774194,0.0169664065151,0.011690647482,-0.00896665545704
-0.045368943674,-0.0251144538914,-0.0322469982847,-0.0210849539406,-0.0195167286245,-0.0190661478599,-0.0282935455349,-0.0427892234548,-0.0183570445158,-0.0159901599016,-0.0415866922585,-0.031429352282,-0.0342451229856,-0.0518117168981,-0.0316474415853,0.022087886538,0.0162628609359,-0.0306086341118,-0.0721062618596,-0.0116312881652,0.0154942671212,-0.0408921933086,-0.0133333333333,-0.0145429362881,-0.0495887191539,-0.0220517737296,-0.00732600732601,-0.0624483043838,-0.00908898752906,0.00407955124936,-0.0703368469294,-0.0341386554622,-0.0351067680058,-0.0100456621005,-0.0103092783505,-0.0136217546327,-0.0124862284245,0.00925212027756,0.00631874561198,0.0182370820669,-0.0144322066084,0.000840336134454,-0.00830876440633,-0.0290909090909,0.00629722921914,-0.0658090054428,-0.00973782771536,-0.0559196155526,0.00343249427918,0.0135135135135,-0.0251677852349,-0.0715619166148,0,-0.00425652667423,0.00712250712251,-0.0409207161125,-0.0162523900574,0,-0.0507099047238,0.000951474785918,-0.0416036308623,0.0124013528749,-0.00152905198777,-0.0216298885733,-0.0398907103825,0.0132281862122,0.01585728444,-0.0345117845118,0.00199600798403,-0.0666044195456,-0.0029197080292,-0.0177121771218,0.00594059405941,-0.00501138952164,-0.0193089430894,-0.00424088210348,-0.0014137606032,-0.0175438596491,-0.0215175537939,0.00798580301686,0.001001001001,-0.00888888888889,0.0102701863086
-0.125269010043,-0.0995572252784,-0.0911024459412,-0.102676704308,-0.107298578199,-0.124553748512,-0.127236882014,-0.12472406181,-0.0875409069659,-0.08175,-0.0804405874499,-0.0744920993228,-0.0905697661653,-0.0985714285714,-0.0864386072083,-0.0688125568699,-0.111691704768,-0.106771308633,-0.11881390593,-0.0935569285084,-0.0747635032042,-0.0881782945736,-0.0434362934363,-0.0836261419536,-0.104352126607,-0.0994117647059,-0.0682656826568,-0.14644905161,-0.0784982935154,-0.118334179787,-0.126101477675,-0.0772158781947,-0.0832708177044,-0.0627306273063,-0.0885416666667,-0.0966818129749,-0.105615470435,-0.0943468296409,-0.0793023255814,-0.0786069651741,-0.0820809248555,-0.100755667506,-0.0786486486486,-0.0775280898876,-0.0650813516896,-0.125794491525,-0.0794251134644,-0.147616844054,-0.0883694412771,-0.0684057971014,-0.0757314974182,-0.101206434316,-0.0930769230769,-0.118837275577,-0.0726072607261,-0.125333333333,-0.0814382896016,-0.0991913746631,-0.0911694561941,-0.0690114068441,-0.0848460931334,-0.0734966592428,-0.0964777947933,-0.0911121036177,-0.0677290836653,0.0414260607582,-0.0931707317073,-0.0706190061029,-0.0796812749004,-0.0736912304101,-0.0980966325037,-0.0897821187077,-0.0255905511811,-0.0663919413919,-0.109844559585,-0.0749574105622,-0.0906087777253,-0.0724789915966,-0.0914351851852,-0.0933098591549,-0.101,-0.0457399103139,-0.0316820735876
0.0634546386468,0.03680524512,0.045631825273,0.0566301561408,0.0443830961988,0.0889593716961,0.0613379669852,0.0759773013871,0.0554630459844,0.0533623740811,0.0448275862069,0.0548780487805,0.0558908739739,0.0392234548336,0.0561685055165,0.0505679736167,0.0426470588235,0.0684511646915,0.108377813878,0.0931515741642,0.0560686015831,0.0680127523911,0.0443995963673,0.0360429447853,0.0565985643291,0.0533420422382,0.0326732673267,0.170025839793,0.0467592592593,0.107142857143,0.0268372138939,0.100176782557,0.0339607201309,0.0285433070866,0.0507142857143,0.0333657409364,0.0112266112266,0.0628426824125,0.0626420813337,0.0464362850972,0.0503778337531,0.0859010270775,0.0448811968319,0.0586682907024,0.0635876840696,0.122387155407,0.0287592440427,0.0868621064061,0.025641025641,0.0472930927194,0.0549348230912,0.0521998508576,0.0483460559796,0.0737386804657,0.0691408235892,0.0815548780488,0.0150232754972,0.0406941950928,0.0599538120773,0.0526853175414,0.0465717981889,0.0276442307692,0.0838983050847,0.0599508599509,0.0286935286935,-0.0455641272903,0.0828402366864,0.142589118199,0.0517316017316,0.0500359971202,0.0194805194805,0.0466364011556,0.0383838383838,0.018636586562,0.0657741559953,0.0662983425414,0.0627919045148,0.0707814269536,0.0738853503185,0.0453074433657,0.0938079347423,0.0122180451128,0.277499187666
-0.047619047619,-0.0227076746191,-0.0197687430063,-0.00463167181297,-0.0376169174461,-0.0679611650485,-0.0311067452521,-0.0565484910636,0.0240291262136,-0.0220987335229,-0.00694806322738,-0.0179190751445,-0.0262947296216,-0.012581014106,0.00189933523267,-0.0108126961981,-0.0398448519041,-0.0323197552113,-0.0573701842546,-0.0362232779097,-0.027795128045,-0.0308457711443,-0.0222222222222,-0.00962250185048,-0.0282205382806,-0.0427862753204,-0.0210930009588,-0.0587455830389,-0.0258735072977,-0.0244536940687,-0.0831319013349,0.0208891269416,-0.00831024930748,0.00478468899522,-0.00883752549286,-0.032956544267,-0.0402960526316,-0.0253968253968,-0.00522937960542,-0.00877192982456,-0.0179856115108,-0.00515907136715,-0.0148792813026,-0.0316395014382,-0.0415355569541,-0.0854251012146,-0.0231629392971,-0.0734265734266,-0.0213414634146,0.0475341651812,-0.00794351279788,-0.0361445783133,-0.0226537216828,0.00180722891566,-0.0137898240609,-0.0250176180409,-0.0179278715864,-0.00402530189764,-0.026987803339,-0.0232783705141,-0.0300782859497,-0.00350877192982,-0.0086004691165,-0.0414928140936,-0.00415430267062,-0.0588532457691,-0.0158966716344,-0.00328407224959,-0.00185223296975,-0.0761055879328,-0.0262738853503,-0.035094637224,-0.0204280155642,-0.00625902744343,-0.0600764609503,-0.0146804835924,-0.03076171875,0.0375462718139,0.00237247924081,-0.0210526315789,0.00237288135593,-0.0111420612813,0.0187275454412
0.0137651821862,0.00676470588235,-0.0220700152207,-0.0194992244627,-0.00802873441792,-0.0119047619048,-0.00861777627577,0.00217391304348,0.0155250059256,-0.0155940266949,-0.00857092880882,0.0147145379635,-0.00551837501468,-0.0158301158301,0.0281200631912,-0.00646450399624,0.0168931325744,0.00592885375494,0.0650821856952,0.00246457178065,-0.0202377128172,-0.0260780287474,-0.00098814229249,-0.00149476831091,-0.0403334229632,-0.00194342474628,-0.00979431929481,0.00281557954012,0.0227014755959,0.00533333333333,0.00271124492578,-0.00524658971668,0.00438946528332,0.00380952380952,-0.0082304526749,-0.00277769944446,-0.0235646958012,0.00977198697068,-0.00692951015532,-0.0208224882874,-0.001221001221,-0.00691443388073,0.0267882587632,-0.0241584158416,0.00393959290873,0.057842703261,-0.00981193785773,0.0215633423181,0.0018691588785,-0.00283607487238,0.00444839857651,0.0102941176471,-0.00827814569536,0.0282621767889,0.0125361620058,0.0390314419949,-0.0176183400552,0.00346420323326,-0.0106352542657,0.00496524329692,-0.0246389124894,0.00469483568075,0.0354889589905,0.0169286577993,-0.0595947556615,-0.0271068169619,0.0131246845028,-0.0238879736409,-0.00927835051546,0.0189239332096,-0.00163532297629,0.0106252554148,0.0119165839126,0.00193798449612,0.00987797791981,0.00350569675723,0.0216624685139,0.0122324159021,0.0340236686391,-0.00442757748261,0.0294217111938,0.0206572769953,-0.00587020606171
-0.0113817891374,0.0395851592171,0.00350194552529,-0.0174011299435,0.0038338658147,0.0046686746988,0.218851201636,-0.0108459869848,0.0220562492706,-0.00349040139616,0.0301693719125,0.0258120649652,-0.0236127508855,0.0309925460965,0.0307314074985,0.0115935170945,-0.0032502708559,0.00157170923379,-0.0513034410845,-0.0181315304241,0.0409836065574,0.010963525195,0.0178041543027,0.0224550898204,-0.0109274306528,-0.0134141064474,0.00890207715134,0.00701918577445,-0.0275249722531,-0.0122015915119,-0.0159247086944,0.0042194092827,-0.0147000397298,0.0132827324478,0,-0.0285896076352,-0.00745941202282,-0.0145161290323,0.0161212704524,-0.0345560871877,0.0142624286879,0.0139251523064,-0.0352484041077,0.000202922077922,-0.00523217789405,-0.0306876830799,0.0214698596201,0.0158311345646,0.0130597014925,-0.00511945392491,0.00088573959256,-0.00946142649199,-0.00667779632721,0.0251461988304,-0.00714285714286,0,0.00496974935177,0.00460299194476,-0.0314930270397,0.0148221343874,0.00871080139373,0.0397196261682,-0.00761614623001,-0.00285374554102,0.00950570342205,0.0537931034483,0.00498256103637,-0.0455696202532,0.00582726326743,-0.00837581937363,-0.004095004095,-0.0161746866154,-0.208439646712,0.0183752417795,0.0103567318757,0.00436681222707,0.00493096646943,-0.0287009063444,-0.0217453505007,0.00540025412961,0.0272667542707,-0.0101195952162,0.0490749710559
-0.0124217329832,-0.000843051847689,-0.030244280729,-0.0469181232751,-0.000212179079143,-0.0314795383001,0.0165011886449,-0.0510651629073,-0.0454441653346,-0.00188602990705,0.0107895187532,-0.0189426067289,0.00713422007255,-0.0076103500761,0.025641025641,0.0501695708104,-0.0170289855072,-0.038054138878,-0.0718839305342,-0.030985915493,0.023937007874,-0.0458811261731,-0.00583090379009,-0.0219619326501,-0.0583569405099,-0.0399122807018,0.0205882352941,-0.103996282528,0.0146085368637,-0.0553168635875,-0.0929046361235,-0.0126050420168,-0.0391129032258,0.0355805243446,-0.00622406639004,-0.0524140139441,-0.026525198939,-0.0155482815057,-0.0104191333175,-0.0148678414097,0.00642828445159,-0.0188841201717,0.00891829689298,-0.00202880908906,-0.00525969756739,-0.204633760253,0.0137429264349,-0.0436363636364,0.0214855739718,0.0125786163522,-0.0159292035398,-0.0191036002939,0.0176470588235,-0.0385054192812,0.0115107913669,-0.0368695652174,0.00430015050527,0.0171821305842,-0.0424258830929,0,-0.0237478411054,0.0280898876404,0.0130468150422,-0.00453136179347,-0.0238543628374,0.00785340314136,0.00892414476946,-0.149425287356,0.00268984067867,-0.0565552699229,0.00904605263158,-0.0431565967941,-0.0101661294322,0.0194681861349,-0.0370159453303,-0.0330434782609,-0.0107948969578,-0.0352514256091,0.0119918104709,0.0176935229068,0.00575631595779,-0.0260223048327,-0.00124417064123
0.0661621842724,0.0348755449304,0.0495801679328,0.0255791505792,0.0331069609508,0.139142547593,0.0356307607649,0.12644437108,0.0161483253589,0.042920772034,0.0338868180278,0.0435158501441,0.0332572937928,0.0651840490798,-0.0183139534884,0.0405345211581,0.0936232952451,0.0448613376835,0.0968735196589,0.062015503876,0.0550599815441,0.00633879781421,0.0527859237537,0.060628742515,0.122442839952,0.0867976244861,0.0345821325648,0.104657193237,0.0335208098988,0.00511654349062,0.129330254042,0.0244680851064,0.0511959714645,0.0325497287523,0.080027835769,0.103790974164,0.0445049954587,0.0590191188695,-0.103613304618,0.0743432084964,0.00678642714571,0.0227471566054,0.0410607356715,0.046960764383,0.0317250495704,0.0484892346662,0.0414673046252,0.0901683867463,0.0306490384615,0.0208921513269,0.068345323741,0.0531835205993,0.0305532617671,0.0204687036488,-0.0275011853959,0.044420368364,0.0166987797046,0.0394144144144,0.0393374741201,0.00778967867575,0.179124281291,0.0595628415301,-0.0227272727273,0.0713943459511,0.0816720257235,0.0976623376623,-0.0191646191646,0.117463617464,0.0503508047875,0.0942000778513,0.0358598207009,0.105240549828,0.0300601202405,0.0498369818351,0.0638675340035,0.0242805755396,-0.0178571428571,0.0386888769479,-0.0248554913295,0.046879850978,0.0174880763116,0.0181297709924,0.0190845552542
0.0197582965663,0.0228291887485,-0.00495238095238,-0.008,-0.0234182415777,0.045652173913,-0.0378586609989,0.063305978898,-0.0167157151265,-0.0177300375307,-0.0021304490331,0.0093896713615,0.0117359981408,0.0140388768898,0.0189517323068,-0.027290239726,0.0212335692619,0.00136612021858,0.0956596847333,-0.00152068126521,-0.0148688046647,-0.0480017376195,-0.00185701021356,-0.00635144671842,0.0820155454302,-0.00987810004203,-0.00464252553389,0.105633802817,0.00761863299956,-0.00113122171946,0.0757535342758,-0.00623052959502,0.00239520958084,-0.00875656742557,-0.00386597938144,-0.00343728690909,0.0386956521739,-0.0521978021978,-0.00587293112653,0.022372528616,-0.0285487708168,-0.0393498716852,-0.0309504245412,-0.041359223301,-0.0204996796925,0.193615185505,-0.0199081163859,0.0503238664674,-0.0180758017493,-0.0569690265487,0.0151515151515,0.0490753911807,0.00560897435897,-0.0308139534884,-0.0560702096538,-0.0190179806362,-0.0141082333123,-0.00487540628386,0.0334685354966,0.0125603864734,0.0172543135784,-0.00825167612171,-0.0294573643411,-0.0313059033989,0.064209274673,0.0430667297681,-0.0445891783567,0.0725581395349,-0.0438113948919,0.0377090003557,-0.0330448465775,-0.0031092110377,-0.00948443579767,-0.0146406388642,-0.0289049471929,0.0131694468832,-0.00555555555556,0.0460424211071,-0.0486069946651,0.00237247924081,-0.0403125,0.00187441424555,-0.0545029729983
-0.0268999247555,0.0162083167265,0.0298621745789,-0.011385199241,0.00946571308372,-0.0196205821206,0.102719867458,-0.00799338478501,-0.00478869867114,-0.00566534914361,0.00985383478404,0.0106703146375,-0.0165384173653,0.0369187078452,0.0136588201104,0.0184838816151,0.0039603960396,-0.00740596374976,-0.0382341348049,-0.0146207736826,-0.0281148268719,0.0554414784394,-0.00279069767442,0.0220170454545,-0.0408719346049,-0.00891530460624,-0.000932835820896,-0.0692144373673,-0.0259235255995,-0.0226500566251,-0.0372482574317,0.0193312434692,-0.00677021107129,0.0220848056537,0.00517464424321,-0.0778221527118,-0.01004604437,0.0194616977226,0.00402792696026,-0.0167938931298,0.0183673469388,0.0249332146037,0.0245901639344,-0.00567146040105,0.00327011118378,-0.095706231025,0.02421875,-0.00474383301708,0.021377672209,0.024633431085,-0.0149253731343,-0.143728813559,0.00478087649402,0.0344931013797,0.0175619834711,-0.00810715544589,0.00918410935498,0.000544365813827,-0.0578256174452,0.00286259541985,-0.0280235988201,0.0192407696308,0.00958466453674,-0.00761772853186,-0.0340782122905,0.0179219600726,0,-0.0294882914137,0.0591740291761,-0.0709633184779,0.0146460537022,0.0109161793372,0.00491038546526,0.0117064385412,0.00915855752719,0.00953206239168,-0.0208227526663,-0.0722057368942,0.00311526479751,0.0218934911243,0.122761315532,-0.00841908325538,-0.00829941840055
-0.00811907983762,0.0014380964832,0.017843866171,0.0393474088292,0.0410502187956,0.0189529489728,-0.0122699386503,-0.0275076410114,-0.0156381571033,0.0268981052074,0.0221174174663,0.0170546832702,0.055354431858,0.00718931872646,0.00200688073394,0.0143675056714,0.0069033530572,-0.0145297467112,0.0194672131148,0.0123647604328,0.0338002436054,-0.00367488110679,0.0261194029851,0.00625434329395,-0.0157541322314,0.0205611479974,0.0298786181139,0.0319343065693,0.00643158128188,0.0382387022016,0.00505079410502,0.0773962070733,0.0292702485966,0.009507346586,0.015444015444,0.0342373445994,-0.0198731501057,0.0276198212835,0.00989569403584,0.0144927536232,0.0184368737475,0.00347523892268,-0.0115862068966,0.0501120391118,0.0378096479791,-0.0553157474021,0.0183066361556,0.0195424213537,0.0116279069767,0.0160274756726,-0.238215488215,0.0482977038797,0.00475812846947,0.0342128153088,0.0314720812183,0.0486851457001,0.0455026455026,-0.0168661588683,0.0511455367817,0.0313986679353,0.0284522003035,0.0188775510204,0.0221518987342,0.0611770179111,0.0179294389821,0.0113661689325,0.0298898793917,0.0142984807864,0.0164888457808,0.0712177121771,0.037690457097,0.00732741997686,0.00757390666992,0.00934579439252,0.0555870674986,-0.0068669527897,-0.00829875518672,0.0639658848614,0.0248447204969,0.0199768384482,0.0145011600928,0.0122641509434,0.0318411511552
-0.0187098031573,-0.00261096605744,0.0204528853178,-0.0078485687904,0.00580464371497,0.0100156087409,0.0128026365826,-0.0205714285714,0.0157643895882,-0.0322580645161,0.000477326968974,-0.00505722651051,0.0260042049353,-0.0227736233855,0.000572246065808,-0.0168264110756,-0.00195886385896,-0.059374377366,-0.0667336683417,-0.0134351145038,0.0114874815906,0.0598828379258,-0.0154545454545,0.0193370165746,-0.0346365783259,0.0190975865687,-0.00725294650952,-0.0928381962865,-0.0218157778757,0.00948660714286,-0.0330709109805,-0.0180780209324,0.0229840280483,-0.00856164383562,-0.0373891001267,0.0124450951684,-0.0198446937015,0.0110671936759,0.0172139830508,-0.0142857142857,0.00196772924046,-0.04329004329,-0.00781468043539,0.00872938894277,0.00125628140704,-0.0788627517346,0.00149812734082,-0.00607760635811,0.00229885057471,-0.0349295774648,-0.0480662983425,0.0083081570997,0.0134175217048,0.00784973366975,-0.0314960629921,0.0105049135886,-0.0123481781377,0.0348644161594,0.0136239462546,0.000922509225092,-0.0147547030616,-0.0150225338007,-0.0557275541796,0.0149057430951,-0.0323863636364,-0.0515645658881,0.0091649694501,-0.0801762114537,0.00190839694656,0.00688942473303,-0.0247295208655,0.00153139356815,0.0179437439379,-0.0127865961199,0.0360021493821,-0.0103716508211,0.0219665271967,0.0240480961924,0.00151515151515,-0.0212886744252,-0.00600343053173,0.0214352283318,0.00815784644478
0.0478649453823,-0.0123036649215,-0.021116678597,-0.002093997208,-0.0167164179104,-0.0145524790728,-0.00750938673342,-0.00408401400233,0.000601539942252,-0.0266666666667,-0.0162213740458,-0.00187265917603,-0.00668679896462,-0.0201739130435,-0.0122962539319,-0.0294627383016,0.0140660778541,-0.00847278119043,-0.0131380572905,-0.0108325595791,-0.00728013977868,-0.0399181166837,-0.0230840258541,0.00948509485095,-0.0293558032074,0.00123558484349,-0.0191780821918,-0.0717348927875,-0.00608245100248,0.00608070757324,-0.142800353357,0.0251937984496,0.0163747143945,-0.00259067357513,-0.0329163923634,0.0101229211858,-0.0470950704225,0.00977326035966,-0.00937255922937,-0.00258799171843,0.00864100549882,-0.0117647058824,-0.0042194092827,0.0326923076923,-0.0125470514429,-0.0519933860004,-0.0441286462229,-0.0517403574788,-0.0567660550459,0.041447752481,-0.0464306442252,0.0292134831461,-0.0147975077882,-0.0183588317107,-0.0553861788618,0.0114017437961,-0.0411969665915,-0.00374331550802,-0.00998615818229,-0.000921658986175,0.0232122800449,-0.0482968988307,-0.0639344262295,0.00215982721382,-0.0381679389313,-0.0861988847584,-0.0988900100908,-0.0239463601533,0.02,-0.00273691412932,-0.0578446909667,-0.0210244648318,0.0245354930919,-0.049575703439,-0.0103734439834,0.0296943231441,0.0189355168884,-0.00587084148728,-0.0632375189107,-0.0585846867749,0.0284728213978,0,0.00800656036981
-0.0308946171342,-0.00848131460376,-0.0391224862888,0.0317090230823,-0.0289415098158,-0.0364610559331,0.0129886506936,-0.0697129466901,0.0239268967176,-0.00438356164384,0.00484966052376,-0.00991691235594,0.0412595005429,-0.0209442669507,0.039085118703,0.01796875,-0.0516129032258,-0.0412305063021,-0.0305543430816,-0.0350438047559,-0.00117336462306,-0.0415778251599,-0.0264650283554,-0.010067114094,-0.069168300196,-0.0034965034965,-0.00837988826816,-0.0784334313314,0.0532638259293,-0.0208791208791,-0.0586901633431,-0.0160680529301,-0.0161109029599,-0.00692640692641,-0.0211027910143,-0.244094488189,-0.0364896073903,-0.0332946186605,-0.057555847569,-0.0140114167099,0.0315420560748,-0.0201465201465,-0.0437853107345,-0.0521415270019,-0.0184243964422,-0.12015503876,-0.037558685446,-0.0496031746032,-0.00303951367781,-0.000560538116592,-0.0687766281193,-0.0880640465793,-0.0513833992095,-0.0413714933409,-0.0177514792899,-0.0431034482759,-0.0596408721676,-0.00590445517982,-0.0744755013261,-0.00645756457565,-0.110135382364,0.0042735042735,-0.015761821366,-0.0144396551724,-0.0616605616606,0.024154589372,0.0128779395297,-0.0671246319921,0.0709617180205,-0.0277873070326,-0.0168208578638,0.000780944943381,0.0151127644734,0.0093984962406,-0.0083857442348,0.00169635284139,-0.0457056755399,-0.0250984251969,-0.00872093023256,-0.0234134319162,0.000838926174497,0.0036496350365,0.0524959564979
0.0461568550753,0.0342154504143,0.0232115677321,0.00429378531073,0.0327219674865,0.0328224603282,0.000871405452508,0.0333753148615,0.0535462658525,-0.0123830489818,0.0170527670528,0.0357336220899,0.0233576642336,0.0337200870196,-0.00891613262747,0.0321236706501,0.0316326530612,-0.0171568627451,0.0265646105358,-0.0129701686122,0.0190895741557,0.045383759733,0.0456310679612,0.0223728813559,-0.00661853188929,0.0443756449948,0.0441314553991,-0.00729178534807,0.069507208952,0.0757575757576,0.0218232245821,0.0413064361191,0.020563594821,0.0191804707934,0.00695410292072,0.0776515151515,0.0177372962608,0.0412494993993,0.0513106525376,0.0578947368421,-0.00906002265006,0.0429906542056,0.0194977843427,-0.00098231827112,0.00517799352751,-0.0283039647577,-0.00487804878049,0.0824634655532,0.0109756097561,-0.0768367919237,0.0673202614379,0.00399042298484,0.0366666666667,0.0283771800177,-0.00547645125958,0.022176022176,0.0109115708115,0.0215982721382,0.154233607972,0.0492107706592,0.0263157894737,0.036170212766,0.0195729537367,0.0185873605948,-0.00910865322056,-0.0178748758689,0.00995024875622,0.0439722280665,0.0278988666085,0.061044460127,0.0359281437126,0.00702301989856,-0.0196976637655,0.0270018621974,0.0348837209302,0.034716342083,0.0410526315789,0.0681474003029,-0.000325839035516,0.018927444795,0.0153674210673,0.0309090909091,0.050342867752
-0.0100953449243,-0.000258464719566,0.00818148010413,0.00922592259226,0.0141271442987,0.0118187787262,0.00286069651741,0.00670322973796,0.00367810967454,0.0164391195319,-0.0145523568491,-0.00156821745949,0.0117179539433,-0.00596282006314,0.00871520944616,-0.0165710643722,0.0151665018134,0.0120154160054,-0.0313596491228,-0.0065703022339,0.0219020172911,-0.011278995531,0.0714948932219,0.0179045092838,0.0127195639007,0.0108695652174,-0.00539568345324,-0.0853896476529,0.0392354124748,0.0198226395409,-0.005,0.0369003690037,0.0130597014925,0.0248075278015,-0.00966850828729,0.0659050966608,0.0273198304286,0.0192307692308,0.0222811671088,0.065671641791,0.032380952381,0.00806451612903,0.0240509997102,-0.0117994100295,0.0199613650998,-0.0736710869319,0.00571895424837,0.00771456123433,0.00603136308806,0.00425273390036,0.0116350275566,-0.010333863275,0.0225080385852,-0.00402414486922,0.0545154185022,0.015593220339,0.0227119406341,0.014799154334,0.0275939759168,0.0380530973451,0.0168269230769,-0.00770020533881,0.0488656195462,0.0405753542293,0.00131319763624,0.0217391304348,0.0651340996169,0.0227730753728,0.0127226463104,-0.000665114732291,0.00825763831544,0.0953118946145,0.0278037383178,0.0208522212149,0.0377936670072,0.0204582651391,0.0278058645096,0.0349716446125,0.0466101694915,0.0015479876161,-0.0170610897083,0.0220458553792,0.00825953297095
-0.0149197355996,-0.00840227507756,-0.0236075248986,-0.0278706800446,-0.0286567164179,-0.0977287475665,-0.00037206994915,-0.0759685230024,-0.00421987784564,-0.00657894736842,0.0112359550562,-0.00497382198953,-0.032128109578,0.00635144671842,-0.00836120401338,-0.0139338950097,-0.0100682039623,0.0215053763441,-0.0645234321938,-0.00958994708995,0.00112803158488,-0.0303486870426,0.00953206239168,0.000651465798046,-0.061004784689,-0.0019550342131,-0.00271247739602,-0.0397791441837,-0.0154888673766,0.00920716112532,-0.0592246949031,-0.0195729537367,-0.0114180478821,-0.00417362270451,0.00906555090656,0.00659521846661,-0.050894085282,-0.00150943396226,0.015308770109,-0.0373482726424,-0.00258302583026,-0.008,-0.0234861346916,-0.0153233830846,-0.0107323232323,-0.0970267955463,-0.0105605199025,-0.0401913875598,-0.0251798561151,0.0314579552329,-0.0575060532688,-0.0232931726908,-0.0330188679245,0.00894660894661,0.0292428198433,-0.0287049399199,0.00549692172383,-0.0015625,-0.0462876239942,0.0468883205456,-0.0476753349094,-0.0160372478013,0.0257903494176,-0.00082525273365,-0.0445901639344,0.0432953983177,0.0256937307297,-0.0583251231527,-0.0142378559464,-0.0116472545757,0,0.0141492748497,-0.00159127074335,-0.0297513321492,-0.011811023622,-0.0168404170008,-0.00344318740777,-0.0383561643836,0.121146060417,-0.0318392581144,0.0103583426652,0.000862812769629,0.0401523945449
-0.0526265337423,-0.0640073002216,-0.0328673970533,-0.0653669724771,-0.0751895103462,-0.0526467203682,-0.00620347394541,-0.064526695054,-0.0441619270659,-0.0524282560706,-0.0336507936508,-0.0549855301237,-0.0492195629553,-0.0462833099579,-0.044406970208,-0.0204841713222,-0.0554461942257,-0.0828947368421,-0.105517909003,-0.0564273789649,-0.0569014084507,-0.0923418423973,-0.0480686695279,-0.044921875,-0.0888535031847,-0.0558276199804,-0.0308250226655,-0.125326711971,-0.0493608652901,-0.0496705524582,-0.0915681037772,-0.0553539019964,-0.0566318926975,-0.0469404861693,-0.0276434001382,-0.119574119574,0.00531400966184,-0.0604686318972,-0.0664451827243,-0.0538312318138,-0.0329263780984,-0.0501792114695,-0.0733120834541,-0.0790218270008,-0.0650925335035,-0.239024390244,-0.064039408867,-0.213359920239,-0.0627306273063,-0.0328445747801,-0.107257546564,-0.0797697368421,-0.0691056910569,-0.0174485125858,-0.0345002536783,-0.0797250859107,-0.0461403892412,-0.0584246218049,-0.0659509487726,-0.0561889250814,-0.0198593297476,-0.0289169295478,-0.0348742903487,-0.0408837497419,-0.0377487989019,-0.0414986957553,-0.0310621242485,-0.137267210714,-0.0373831775701,-0.0558922558923,-0.045864045864,-0.0718521102197,-0.0607923497268,-0.0347826086957,-0.0766932270916,-0.047308319739,-0.0493583415597,0.022792022792,-0.0219444444444,-0.0373563218391,-0.0928234968135,0.0215517241379,-0.0294599331982
0.0666801578468,0.0188022284123,0.040234375,0.0301840490798,0.0323438192291,0.0179167931977,0.00624219725343,0.015756302521,0.0182009100455,0.0330518345952,0.00295663600526,0.00501113585746,-0.00394002407792,0.0277573529412,0.0220588235294,0.0240438380675,0.0298714831539,0.0349115255858,0.00811688311688,0.0428167020524,-0.0334528076464,0.0706774272438,0.0279531109107,0.0299931833674,0.0157287661657,0.0466804979253,0.0177736202058,0.0708202599731,0.0206868018204,0.0186666666667,0.152876942461,-0.016330451489,0.0394944707741,0.0228671943712,0.0525941719972,0.0595348837209,0.0100913022585,0.076427996782,-0.00520120448946,0.00871348026653,0.0386381025249,0.0783018867925,0.0196998123827,-0.0177748518762,-0.0143344709898,-0.00106837606838,0.0184210526316,0.0937896070976,0.0190288713911,0.0351728320194,0.0776978417266,0.065236818588,0.0270742358079,0.0835516739447,0.0215449290594,0.0821508588499,0.00733608436497,0.01108033241,0.0321276663534,0.0172562553926,0.0958210215281,-0.00108283703303,0.0168067226891,0.0419806243272,0.0527817403709,0.00643245917862,0.0103412616339,0.0312878971623,-0.0220653133274,0.0542082738944,0.018025751073,0.0169109357384,0.038303030303,0.0128022759602,0.0415318230852,0.0265410958904,0.00934579439252,0.016713091922,0.010792388526,0.0364842454395,-0.00366524129505,0.0042194092827,0.0444219745197
0.0269398596092,0.0337662337662,0.0334209538115,0.0321581705574,0.0296137339056,0.0917362768496,0.0111662531017,0.0830748017925,0.0404491807036,0.0359408033827,0.0196528005241,0.0285318559557,0.0263707284914,0.0341620461456,0.0197122302158,0.0210767718685,0.0387858347386,0.0244916820702,0.077026301664,0.0342721411605,0.0318294190358,0.0527638190955,0.0175438596491,0.017868960953,0.0385409497591,0.0287413280476,0.0101102941176,0.0834379796289,0.00790433725172,0.0188481675393,0.0728597449909,0.013671875,0.0231762917933,0.0146173688736,0.0351114112086,0.044776119403,0.0380589914367,0.00971599402093,0.0132085855806,0.0396341463415,0.0128913443831,0.0262467191601,0.0110395584177,0.0129579982127,-0.00554016620499,0.169518716578,0.021533161068,0.0527230590962,0.0218931101095,0.00820152314001,0.0253671562083,0.0142617449664,0.0399659863946,0.0209564750134,0.0149176954733,0.0217391304348,0.0104688211197,0.0246575342466,0.0388178685672,0.011026293469,0.0261941448382,0.0151761517615,0.0181818181818,0.028305785124,0.050135501355,0.041052114061,0.00921187308086,0.087958607714,0.014440433213,0.0324763193505,0.0202360876897,0.0310421286031,0.00607051132384,0.0182584269663,0.0315898498187,0.0158465387823,0.0159465020576,0.0155251141553,0.0151728013487,0.03136,0.0113427345187,0.0126050420168,0.000165036652782
-0.0386107518936,-0.0252578682888,-0.00835755813953,-0.00300023078698,-0.0295956648604,-0.0502800929089,-0.00490797546012,-0.0210057288351,-0.0136563876652,-0.0289795918367,-0.0183103115965,-0.0212765957447,-0.0153088534418,-0.0242130750605,-0.00310427543389,-0.00973262032086,-0.0535714285714,-0.0336039693279,-0.0518315474707,-0.0370734908136,-0.0188679245283,-0.0338468214363,-0.0206896551724,-0.0130039011704,-0.057322730285,-0.0412331406551,-0.0109190172884,-0.0521571152608,-0.00764126281922,-0.0149023638232,-0.0803056027165,-0.0327552986513,-0.0378759747494,-0.00847457627119,-0.0182648401826,-0.0588235294118,-0.0279560036664,-0.0210954848261,-0.0258011950027,-0.0322580645161,-0.0189090909091,-0.00341005967604,-0.0236578707916,-0.0399205999118,0.00139275766017,-0.153025453437,-0.0168634064081,-0.0787011557512,-0.0289855072464,0.00929692039512,-0.0618489583333,-0.0570719602978,-0.0327064595258,0.00157894736842,0.0091231626964,-0.03242147923,-0.0326576576577,-0.0155080213904,-0.0381065229423,-0.00922818791946,-0.0416666666667,-0.00373731980779,-0.00162337662338,-0.0100462125779,-0.0548387096774,0.00188902007084,0.0106490872211,-0.036532641591,-0.0231316725979,-0.0347313237221,-0.0190082644628,-0.0150537634409,-0.0485031329775,-0.0110344827586,-0.0190763052209,-0.00903119868637,-0.019746835443,-0.0287769784173,-0.000553556601162,-0.0344399627676,-0.0266747499242,-0.00746887966805,0.0231758828088
-0.043428132206,-0.0100393433727,-0.0124587761085,0.0222222222222,-0.0412371134021,-0.056107034959,-0.00123304562269,-0.118985695709,-0.0496873604288,-0.034188034188,-0.0220876963351,-0.00632911392405,0.00674059578169,-0.0205600850762,-0.00594479830149,0.0163084566368,-0.0644939965695,-0.0679113185531,-0.108015768725,-0.0446337308348,-0.0732600732601,-0.118571749382,-0.00264084507042,-0.0428194993412,0.0224956063269,-0.0480305466238,-0.000919963201472,-0.135733695652,0.0668693009119,-0.0359937402191,-0.0647960125531,-0.050796812749,-0.0551910459282,-0.00854700854701,-0.0199335548173,-0.0142857142857,-0.027817067421,-0.041965973535,-0.0454418734318,-0.0484848484848,-0.0137138621201,-0.0265183917879,0.027027027027,-0.0287158281645,-0.0563282336579,-0.170595645132,-0.041166380789,-0.0704898446834,-0.0382868267359,-0.0109383995394,-0.0527411519778,-0.0491228070175,-0.0228233305156,0.00814503415659,0,-0.0760907504363,-0.0223515715949,-0.00597501357958,-0.0423231387087,-0.00423370025402,-0.0470035252644,0.0037513397642,-0.0333333333333,-0.058453419931,0.039590443686,0.025453688428,-0.0220772704466,-0.130132376038,-0.0264116575592,-0.0539714867617,-0.0269587194608,-0.0214701601164,-0.00878048780488,-0.00976290097629,-0.07164790174,0.003314001657,-0.00309917355372,-0.0555555555556,-0.0202160066464,-0.0449871465296,-0.0034257240735,0.00167224080268,0.0195419594557
-0.0363599839293,-0.0100041112786,0.0133580705009,-0.0332880434783,-0.0454749103943,0.0379515317787,0.018024691358,-0.0129151291513,-0.0105745505816,-0.0721021325983,0.00468462439351,-0.0144004430906,-0.00777537796976,0.0289540354687,0.0160899900327,-0.0159404888417,-0.012467913458,-0.0603405107661,-0.0380082498527,-0.0720399429387,-0.0111989459816,0.0828025477707,0.00882612533098,-0.0227116311081,0.110690959092,-0.0223770318767,-0.0497237569061,-0.0429177802232,-0.0332383665717,-0.0514069264069,-0.0345440189499,-0.00419727177335,-0.0236928104575,-0.0137931034483,-0.0420338983051,-0.0244565217391,-0.00484966052376,-0.0386740331492,-0.0376752336449,-0.01008492569,-0.032318677189,-0.030755711775,-0.00937689050212,-0.0132450331126,-0.0206337509211,0.00954653937948,-0.0447227191413,-0.0244215938303,-0.0391363022942,-0.0681024447031,0.0139194139194,0.0341328413284,-0.0173010380623,-0.0471722700026,-0.0537418382722,-0.0468454854552,-0.0712074303406,-0.0382513661202,-0.0346774193548,-0.0561224489796,-0.0156185778874,-0.0331019754405,-0.0470984020185,-0.0469928863979,0.048588312541,0.00482647667203,-0.0774756285274,-0.0972401341243,-0.0636108512629,0.0100466451381,-0.0155844155844,-0.0126441056155,-0.0182086614173,-0.0276995305164,-0.00826901874311,-0.0189925681255,-0.0652849740933,-0.0686274509804,-0.0305257207462,-0.0309555854643,-0.0928125,0.0100166944908,-0.0238646543785
-0.0130289764436,0.0124584717608,0.0252654705236,0.0236589365191,0.0222952358601,0.0283406754772,0.0161290322581,0.0482242990654,0.0546253414084,-0.0128205128205,0.0231473771857,0.0348412475414,0.0252503265128,0.0378121702427,0.00504484304933,0.0219222462203,-0.0341626438916,-0.0309086064482,-0.0143950995406,-0.0342044581091,0.00632911392405,-0.000705882352941,-0.0183727034121,0.0302816901408,-0.0362116991643,0.00194342474628,0.0174418604651,0.0509198423127,-0.0259332023576,0.0547632629778,-0.0223880597015,0.0642781875659,-0.0179916317992,0.0393356643357,-0.0198159943383,0.0102135561746,0.00487329434698,0.00903119868637,0.0397572078907,-0.0134048257373,0.0209708737864,0.0253853127833,-0.0109923664122,0.00143815915628,0.0233258088789,-0.0260047281324,0.0243445692884,0.0191040843215,0.0323033707865,0.0187382885696,0.0932080924855,0.0508474576271,0.0255281690141,-0.0153172866521,0.0339702760085,0.046769718589,0.0074358974359,0.0244318181818,0.0187969924812,0.0234234234234,-0.0329853862213,0.0198785201546,0.0211827007944,0.0565482922416,0.00187852222918,0.0512351326624,0.0216907675195,0.0377142857143,0.015984015984,0.01243339254,0.00791556728232,0.0470809792844,0.00501253132832,0.0280057943023,0.0105614230128,0.0294612794613,-0.00831485587583,0.0210526315789,0.034110787172,0.021875,0.00482259731312,0.00495867768595,0.0776545513492
0.0231281022283,0.0566037735849,0.0246428571429,0.0318077803204,0.00987144168962,0.047979437384,0.00119345984008,0.0699001426534,0.0143001914199,0.0166297117517,0.0206705729167,0.0374694542493,0.0492569002123,0.0410099983054,0.0605131065254,0.0458628341963,0.0199923106498,0.00522408578499,0.0540708514605,-0.00875447672105,0.0427010923535,-0.076524605604,0.0686274509804,0.0362269309638,0.103082851638,0.0247844827586,0.0447619047619,0.0598624570178,0.0266236385639,0,-0.0379587995399,0.000990099009901,0.023008095441,0.0328006728343,0.0339350180505,0.0202205882353,-0.00533462657614,0.00122050447518,0.00729713952131,-0.0125,0.0289083301636,0.0194518125553,0.00185242358753,0.016754427956,0.0117647058824,0.209399823477,0.0100548446069,0.0795087265676,0.0183673469388,-0.0183936235438,0.0429610046266,0.00933786078098,-0.00515021459227,-0.0236111111111,0.0610882956879,0.0223400227187,0.0310511580555,0.0360510260677,0.00984009840098,0.101232394366,0.0561312607945,0.0471034109367,0.0561797752809,0.0201241704132,0.090625,0.0976936466493,0.0626020685901,0.0297356828194,0.055063913471,-0.0242105263158,0.0261780104712,0.00575539568345,0.0384039900249,0.0385157350869,0.040704070407,0.0482420278005,0.0173281162661,-0.0788659793814,-0.00592049619397,0.0115528372409,0.0167980802194,-0.0139802631579,0.110635193272
-0.0948596201486,-0.0344202898551,-0.0501917044266,-0.111998225771,-0.0795635371675,-0.0628150974247,-0.0153772797711,0.0143333333333,-0.132770870337,-0.0752453653217,-0.0448094402807,-0.0672598796127,-0.0797248077701,-0.0429757447501,-0.0719169077044,-0.0405173284834,-0.124387485865,-0.103391684902,0.0852004716981,-0.0738659173023,-0.0333333333333,-0.108108108108,-0.00667222685571,-0.117414248021,0.00494905385735,-0.129758149317,-0.108477666363,0.0433564371037,-0.0815324165029,-0.11465657112,-0.0717391304348,-0.0900098911968,-0.154518950437,-0.0830618892508,-0.0488826815642,-0.0720720720721,-0.0643588493418,-0.107273466071,-0.064039408867,-0.0511832691249,-0.123844731978,-0.0841283607979,-0.0302003081664,-0.0416666666667,-0.0654069767442,0.372377303412,-0.0778280542986,-0.0652694610778,-0.0928523714095,-0.0824484697064,-0.0266159695817,0.00925147182506,-0.0888697152718,-0.158748221906,-0.100628930818,-0.109259259259,-0.0982473463342,-0.0487152034261,-0.0755176613886,-0.0815347721823,-0.00695012264922,-0.0615305067218,-0.0998363338789,-0.109968520462,-0.00458452722063,0.189296333003,-0.12756147541,0.212299465241,-0.109226467847,-0.0776699029126,-0.0663265306122,-0.0278969957082,-0.0847742555235,-0.0597014925373,-0.12156448203,-0.0826833073323,-0.0725274725275,-0.0733072188025,-0.112592172433,-0.0564326503191,-0.0714767363452,-0.0208507089241,-0.134971281231
0.0181320561067,0.0117930849638,0.0355963302752,0.0462037962038,0.0182761175599,-0.0322768246583,0.00193704600484,0.0124876766349,0.0627240143369,0.00808625336927,0.0636060100167,0.0151515151515,0.0014291996482,0.0246640585134,0.0291826037682,0.00315922493682,0.0279810589755,-0.0192190359976,0.00570497147514,0.0676202860858,0.024302134647,0.0854774156661,0.0117548278757,0.0702541106129,0.0359212050985,0.0345577573707,0.0173824130879,-0.0196466431095,0.0303743315508,0.0531459987783,0.0610070257611,-0.029347826087,0.0448275862069,0.0319715808171,0.00367107195301,0.194174757282,0.00260552371027,0.0614474283113,0.0851393188854,0.0406032482599,0.0274261603376,0.0369318181818,0.0524308865586,0.0434782608696,0.0668740279938,0.0450678011167,0.00490677134446,0.0621396540679,-0.000736377025037,0.0265486725664,0.0130208333333,0.0075,0.0340909090909,0.0649306729794,0.0371167294244,0.00748440748441,0.0372296742404,0.0326392796849,0.0171277997365,-0.0139251523064,0.0177027583368,0.0132231404959,0.00454545454545,0.0306531478425,0.027633851468,0.005,0.00763358778626,-0.0233789148655,0.126804770873,0.0350877192982,0.0191256830601,0.00331125827815,0.0432957229074,0.015392015392,0.028880866426,0.0960884353741,0.042654028436,-0.00785024154589,0.0102269095558,0.00818796724813,0.128177196805,0.015332197615,-0.0400641025641
-0.00112007168459,0.0234437086093,-0.0138199858257,0.0296013368346,0.0274072277468,0.0716646634615,0.00906234896085,0.0480363518338,-0.00192724644664,0.0548128342246,0.0331188196515,0.0276395798784,0.026347568339,0.0232403718459,0.024638678596,0.0235145916439,0.0498324958124,0.0273716951788,0.108049702863,-0.00446609825416,0.0564283424174,0.0218593626547,0.0331950207469,0.0391061452514,0.0327181208054,0.0142490072413,0.0281407035176,0.146193771626,0.0587502594976,0.0539443155452,-0.0369716366847,0.0576707726764,0.0617633191891,0.0593803786575,0.0387710314557,0.0707317073171,0.123700623701,-0.00814751286449,0.0402282453638,0.0289855072464,0.0373716632444,0.0602739726027,-0.00211352657005,0.00470809792844,-0.0036443148688,0.230759445363,-0.0107421875,0.0687575392039,-0.0110537951363,0.0245358090186,0.0526992287918,0.066170388751,0.0173992673993,0.0851063829787,0.0233402489627,0.0330169211721,0.0274478754289,0.0397820163488,0.0902417962003,0.0247131509267,0.0323624595469,0.0337139749864,0.0135746606335,0.00709219858156,0.0358543417367,0.0563847429519,0.0198135198135,0.168699186992,0.0492107706592,0.0881355932203,0.0017873100983,0.0693069306931,0.0384808853119,0.0331596399811,0.0514619883041,0.0434445306439,0.00738636363636,0.0699939135727,0.0132869345144,0.0194209039548,0.0296105568072,0.0167785234899,0.14858096828
0.0308365104283,0.0160476252103,0.00574919151994,0.0187804312543,0.0342304060434,-0.0145801205664,0.000598730690935,0.0188912976154,-0.00868935553946,0.147021546261,-0.00334244910362,0,0.0407530217136,0.00324464633355,0.000134336378291,-0.0117948717949,0.00319106501795,0.0417801998183,-0.0716723549488,-0.086867862969,0.0336874051593,-0.0237113402062,0.0168674698795,0.0235215053763,-0.0230165177363,0.00921234454169,0.019550342131,-0.0842767295597,0.00588235294118,0.0148596587782,-0.0134082053633,0.0545262043409,0.00799289520426,0.0089358245329,-0.0246478873239,0.0311313591496,-0.0379278445883,0.157803718115,0.016456390565,-0.00866738894908,-0.0158353127474,0.0103359173127,0.011497730711,-0.0037488284911,-0.0102414045355,-0.00723514211886,-0.00394866732478,-0.0389390519187,-0.0178837555887,-0.0252427184466,0.04884004884,0.0240496508922,-0.0981098109811,0.0471173544044,0.106943740497,0.04514582501,0.0071923966093,0.0131027253669,0.0126732673267,0.0275624461671,-0.00313479623824,-0.026301946344,0.0535714285714,-0.0102226260791,0.0762574364521,0.0180533751962,0.064,-0.0454106280193,-0.00176991150442,-0.0481135340948,-0.0196253345227,0.00205761316872,0.0542504238314,-0.0206327372765,-0.0456062291435,0.02156133829,0.0107163000564,0.0511945392491,0.0143615360599,0.0398337374437,0.0156298843389,0.00825082508251,0.046511627907
-0.0202327858153,0.0211438033372,-0.0175062522329,-0.00637232589895,-0.00205432549646,0.0401195049082,0.00897558640498,0.0197568389058,-0.0220355490626,0.00483425414365,-0.0189024390244,0,-0.0427543679342,-0.001617076326,-0.0166554734721,-0.0238713025428,0.0548707753479,0.00959023539669,0.174894957983,0.0285841893703,-0.0184967704052,-0.00580781414995,-0.0363349131122,0.0164149704531,0.0631929046563,0.054084892743,-0.0278044103547,0.233241758242,-0.0243664717349,0.0309110629067,0.119177604832,0.0100401606426,0.0458149779736,-0.0144927536232,0.0324909747292,0.0625920471281,0.0846153846154,0.058999253174,0.0366972477064,0.0382513661202,-0.0591311343524,-0.0298380221654,0.031408914149,-0.00399811853246,-0.0310421286031,0.307860489328,0.0317145688801,0.128009395185,0.0227617602428,0.0179282868526,0.0093131548312,0.0386363636364,0.0169660678643,-0.0441587479039,-0.0869963369963,0.013379204893,-0.0507523590921,0.0098292809105,0.0211184982401,0.000838222967309,0.063286163522,-0.0183684494868,-0.0661016949153,-0.010557723204,0.0522613065327,-0.0107941403238,-0.0553168635875,0.199392712551,0.00177304964539,0.0570909090909,-0.00181983621474,0.0650239561944,0.00987824488858,-0.0224719101124,0.034965034965,0.00363901018923,0.00167410714286,-0.030303030303,-0.0680209295168,-0.00499666888741,-0.0156971375808,0.00818330605565,-0.109259259259
0.00488508937493,0.0230759635774,0.0254545454545,0.00595510765002,0.00594693504117,-0.0549856380796,0.00343968686988,-0.00119225037258,0.0088385410183,-0.0335395189003,0.0312305779988,0.0161377084454,-0.00794502898862,0.00761256883706,0.024996585166,0.0287081339713,0.0147003392386,-0.0601611974669,-0.10527492177,0.00390794615719,0.00807657792402,0.0169941582581,-0.00409836065574,0.0174418604651,0.0070385818561,0.0450313920762,0.00295857988166,-0.0908888393852,-0.00599400599401,0.0284061020516,0.00373637778931,-0.0168986083499,0.0261162594777,0.0253267973856,0.027972027972,-0.0554400554401,0.0084219858156,0.0225669957687,-0.00832899531494,0.00526315789474,0.0226592560923,-0.0105448154657,0.0165313225058,-0.0347107438017,0.0205949656751,-0.129915618532,0.0336215177714,-0.0161374284227,0.0370919881306,0.0071754729289,0.0121107266436,0.019693654267,0.0245338567223,0.0166666666667,0.0200601805416,0.0196152395323,0.0564212788823,0.0194672131148,-0.0126388356951,-0.00167504187605,0.0373382624769,-0.00495321959274,0.00998185117967,-0.000231964741359,-0.0472779369628,-0.0335151987529,0.0403638430927,-0.0928270042194,0.0371681415929,-0.0230478156175,0.0519598906108,-0.00482005141388,0.027525022748,-0.0114942528736,0.017454954955,0.00145032632342,-0.0033426183844,-0.0904017857143,0.0237780713342,0.0398393036491,-0.06191369606,0.00324675324675,-0.0483367983368
-0.00784443707878,-0.0304803706413,-0.018085106383,-0.0120673952641,0.0193269668031,0.0311188305109,0.00106382978723,0.0176066845718,-0.0371421520237,-0.00739581851799,0.00135603435287,-0.0113816834304,-0.0275974025974,-0.00337566307668,0.011460554371,0.0125064599483,0.0182020802377,-0.0168453292496,0.00624531601299,0.018598615917,0.0121661721068,0.00313315926893,0.0082304526749,0.00571428571429,0.0222624902925,-0.0155376009944,-0.000983284169125,0.00404312668464,0.000201005025126,-0.013810741688,0.0103401923276,0.0202224469161,-0.0119047619048,0.00557768924303,-0.00136054421769,0.030814380044,-0.00307692307692,-0.0265517241379,0.0141732283465,-0.0151832460733,0.00710702341137,-0.00976909413854,0,0.00831702544031,-0.00747384155456,0.00548947849954,0.0204460966543,0.0216931216931,0.0100143061516,-0.0278497409326,0.0324786324786,-0.0386266094421,0.00287356321839,0.010066148979,0.0221238938053,0.00813910469848,0.00406917599186,-0.0070351758794,0.00814584949573,0.0268456375839,-0.0146115466857,0.0193584070796,0.0215633423181,0.0162412993039,0.00350877192982,0.0379032258065,0.0218579234973,-0.0777674418605,0.0042662116041,0.0179577464789,-0.00346620450607,0.00516628995802,0.0371928270976,0.047480620155,0.0409518539015,-0.00724112961622,0.00558971492454,0.0705521472393,0.0293548387097,0.0283322601417,-0.013,0.00970873786408,-0.0141998907701
-0.0238307349666,0.00490442655936,0.00361141206212,0.00645309979258,0.0107071157707,-0.00800112296463,0.00389656393907,-0.00967741935484,0.00140971421248,-0.0249319386732,0.00737285585314,0.000803212851406,-0.0362826933779,0.0132258064516,-0.00658761528327,0.00122498979175,-0.0693177672382,-0.0492211838006,-0.0379841112214,-0.0505307855626,-0.0428026971563,0.0111920874545,-0.010612244898,0.00757575757576,-0.0387439858192,-0.0412457912458,0,-0.0501525320317,0.00180868167203,0.0103734439834,-0.0982499232422,-0.00693756194252,-0.0398836726215,0.0118858954041,-0.00544959128065,-0.0341637010676,-0.0119047619048,0.00318809776833,0.00491718426501,-0.00637958532695,-0.0132835201328,0.00358744394619,0.0633380884451,-0.0477923338185,-0.148343373494,-0.0886260236579,-0.0327868852459,-0.00621439668566,-0.0254957507082,0,-0.0253863134658,-0.0178571428571,-0.0124164278892,0.00142369020501,-0.000962000962001,-0.0242201834862,-0.0126646403242,-0.000506072874494,0.0346287033474,0.00735294117647,-0.00325497287523,-0.00271296798698,-0.0123131046614,-0.046803652968,-0.000999000999001,-0.011655011655,-0.00106951871658,-0.0530562840428,0.0263381478335,-0.0204081632653,-0.024347826087,0.00289110183103,-0.00277481323372,-0.0101757631822,-0.0324295587453,0.0036469730124,-0.0188993885492,-0.054441260745,0.000313381385146,-0.0281778334377,-0.00101317122594,0.00560897435897,0.0304709141274
-0.0173397216518,0.0256538605932,0.0273479668946,0.00618273414243,0.00904877510483,-0.0244799773596,-0.00223476828981,0.00177672490376,0.0163808548759,0.00396767083027,0.00582524271845,0.0125735687533,0.0131654925511,0.0117796879975,0.0192307692308,0.00509787928222,0.0117600940808,-0.0153997378768,0.0196129032258,-0.033542039356,0.0392036753446,0.0810810810811,0.0280528052805,0.0350877192982,0.00579557428872,-0.0250219490781,-0.00393700787402,-0.0111767728674,0.00601805416249,0.0143737166324,0.0261037339689,0.0259481037924,0.00259627866724,0.0195771339076,0.0212328767123,-0.0280029476787,0.0116019634092,-0.0148305084746,0.0195724954932,0.024077046549,0.0252419015566,0.0428954423592,0.0091226187282,0.0456050955414,-0.0610079575597,0.093250798722,0.0329566854991,0,0.0109011627907,0.0179880079947,-0.0237825594564,-0.00757575757576,0.0164410058027,0.0753483082172,0.0144439094848,-0.00676946220384,0.00692662904053,0.020253164557,0.00669393826701,0.0210867802109,0.00435413642961,-0.00652883569097,0.00979519145147,0.0134131736527,0.0055,-0.0243710691824,0.021948608137,-0.053685556029,0.0298013245033,0.00635593220339,0.0294117647059,0.0224215246637,0.0113441780822,0.0102803738318,-0.00384615384615,0.0196220930233,0.0220963172805,0.0242424242424,0.00281954887218,0.00837628865979,0.00338066260987,0.00717131474104,0.0494623655914
-0.0294868818203,0.0224499755979,0.030823117338,0.0355029585799,-0.0109361329834,0.0163910646939,-0.00577625839915,0.0289683712681,0.0441954167716,-0.0354215456674,0.00653400653401,0.0103038309115,-0.00273566624872,0.0190371302706,0.00195185426155,0.0149117468046,0.015497869043,0.00299500831947,0.00607441154138,-0.0212864414623,-0.00736811081639,0.0119047619048,0.0144462279294,-0.00786924939467,-0.00183342063908,-0.0348941918055,0.00592885375494,-0.0119527088476,-0.00677966101695,0.0237854251012,-0.0188032297312,0.0175097276265,0.00906344410876,0.00153609831029,0.010060362173,0.0113722517058,0.0247022496692,0.0136200716846,-0.00227330133872,0.0109717868339,-0.0217480508822,0.00685518423308,0.00452007444829,0.0823586744639,0.0395480225989,-0.000547945205479,0.0218778486782,-0.0369984366858,0.0179726815241,-0.0484293193717,-0.0324825986079,-0.0106870229008,-0.0133206470029,-0.00475938656795,-0.0204081632653,-0.0533888678531,-0.0323566878981,0.0178660049628,0.00480236424086,0.000794281175536,0.0422687861272,0.0487404162103,-0.0352733686067,-0.00259985818955,0.0014917951268,0.0692989524577,-0.0246202200105,-0.0236380009005,0.008038585209,-0.00982456140351,0.021645021645,0.0119047619048,-0.00507936507937,0.0356151711378,-0.0237175951462,0.0121168923735,0.0121951219512,-0.00591715976331,-0.0240549828179,0.00926517571885,-0.00741239892183,-0.0229430379747,-0.0179303278689
